# Blender 4.3.2
# www.blender.org
mtllib impeller.mtl
o impeller
v -0.004197 -0.008981 0.009333
v -0.005006 -0.008555 0.007000
v -0.003379 -0.009318 0.006920
v -0.004200 -0.008978 0.004606
v -0.005774 -0.008056 0.004667
v -0.002482 -0.009597 0.004546
v -0.004944 -0.008592 0.002334
v -0.003285 -0.009352 0.002274
v -0.004062 -0.009042 0.000002
v -0.006493 -0.007490 0.002334
v -0.005715 -0.008099 0.000002
v -0.007157 -0.006858 0.000002
v -0.001488 -0.009800 0.002229
v -0.002261 -0.009651 0.000002
v -0.000376 -0.009906 0.000002
v -0.009912 0.000046 0.000002
v -0.009861 -0.001003 0.004802
v -0.009912 0.000000 0.004802
v -0.009861 -0.001003 0.009600
v -0.009709 -0.001997 0.009600
v -0.009912 0.000000 0.009600
v -0.009709 -0.001997 0.014400
v -0.009861 -0.001003 0.014400
v -0.009709 -0.001997 0.019200
v -0.009458 -0.002970 0.014400
v -0.009458 -0.002970 0.019200
v -0.009107 -0.003912 0.019200
v -0.009912 0.000000 0.014400
v -0.009861 -0.001003 0.019200
v -0.009912 0.000000 0.019200
v -0.004942 -0.008592 0.011774
v -0.005752 -0.008072 0.011800
v -0.006403 -0.007566 0.014251
v -0.005626 -0.008162 0.014235
v -0.007118 -0.006898 0.014266
v -0.006992 -0.007026 0.016717
v -0.007651 -0.006302 0.016733
v -0.008133 -0.005666 0.019200
v -0.006251 -0.007691 0.016712
v -0.007518 -0.006459 0.019200
v -0.006826 -0.007187 0.019200
v -0.008250 -0.005496 0.016733
v -0.008666 -0.004813 0.019200
v -0.007742 -0.006190 0.004802
v -0.008334 -0.005365 0.000002
v -0.008781 -0.004597 0.004802
v -0.008264 -0.005472 0.009600
v -0.009206 -0.003674 0.000002
v -0.009154 -0.003803 0.009600
v -0.009494 -0.002846 0.004802
v -0.008722 -0.004710 0.014400
v -0.009738 -0.001848 0.000002
v -0.007138 -0.006878 0.007134
v -0.006472 -0.007507 0.009467
v -0.007725 -0.006211 0.011933
v -0.004629 -0.006749 0.023349
v -0.005822 -0.006349 0.022312
v -0.005150 -0.006906 0.022312
v -0.006374 -0.006421 0.021275
v -0.006992 -0.005742 0.021275
v -0.005691 -0.007034 0.021275
v -0.007558 -0.005722 0.020237
v -0.006939 -0.006458 0.020237
v -0.008098 -0.004928 0.020237
v -0.006250 -0.007128 0.020237
v 0.003504 -0.009272 0.019200
v 0.005600 -0.008179 0.019200
v 0.003549 -0.008314 0.021293
v 0.005416 -0.007238 0.021293
v 0.007376 -0.006621 0.019200
v 0.003520 -0.007371 0.023386
v 0.006976 -0.005750 0.021293
v 0.005165 -0.006328 0.023386
v 0.006515 -0.004925 0.023386
v 0.008734 -0.004686 0.019200
v 0.008139 -0.003934 0.021293
v 0.009595 -0.002485 0.019200
v 0.003418 -0.006445 0.025478
v 0.004846 -0.005453 0.025478
v 0.003246 -0.005544 0.027571
v 0.001142 -0.009411 0.020237
v 0.001210 -0.009838 0.019200
v -0.001118 -0.009413 0.020237
v -0.001082 -0.008982 0.021275
v -0.001154 -0.009845 0.019200
v -0.003178 -0.008470 0.021275
v -0.003315 -0.008882 0.020237
v -0.005093 -0.007478 0.021275
v -0.003038 -0.008061 0.022312
v -0.004861 -0.007112 0.022312
v -0.003451 -0.009291 0.019200
v -0.005323 -0.007843 0.020237
v -0.005552 -0.008211 0.019200
v 0.001395 -0.008494 0.022330
v 0.001574 -0.007574 0.024422
v -0.000635 -0.008150 0.023366
v -0.000261 -0.007299 0.025459
v 0.001678 -0.006656 0.026515
v -0.002424 -0.007354 0.024405
v -0.005006 -0.007011 0.022312
v -0.005246 -0.007371 0.021275
v -0.005397 -0.007262 0.021275
v -0.005642 -0.007618 0.020237
v -0.005483 -0.007733 0.020237
v -0.005886 -0.007974 0.019200
v -0.005798 -0.007499 0.020237
v -0.006050 -0.007851 0.019200
v -0.006210 -0.007725 0.019200
v -0.005722 -0.008094 0.019200
v -0.006368 -0.007595 0.019200
v -0.005952 -0.007379 0.020237
v -0.006523 -0.007462 0.019200
v -0.005546 -0.007149 0.021275
v -0.006102 -0.007254 0.020237
v -0.006675 -0.007326 0.019200
v 0.000000 -0.002056 0.038051
v 0.000416 -0.003120 0.035430
v 0.000787 -0.001899 0.038051
v 0.001578 -0.002723 0.035430
v 0.001110 -0.004091 0.032811
v 0.001454 -0.001454 0.038051
v 0.002592 -0.003355 0.032811
v 0.002501 -0.001912 0.035430
v 0.003678 -0.002109 0.032811
v 0.002062 -0.004917 0.030190
v 0.003787 -0.003754 0.030190
v 0.001899 -0.000787 0.038051
v 0.003042 -0.000810 0.035430
v 0.002056 0.000000 0.038051
v 0.005176 -0.003421 0.028098
v 0.006552 -0.002670 0.026005
v 0.004846 -0.001626 0.030718
v 0.005936 -0.000757 0.028626
v 0.007805 -0.001501 0.023914
v 0.004011 -0.000254 0.033339
v -0.007582 -0.002381 0.023914
v -0.007786 -0.001602 0.023914
v -0.005861 -0.001205 0.028626
v -0.005954 -0.000606 0.028626
v -0.007907 -0.000805 0.023914
v -0.005984 0.000000 0.028626
v -0.004000 -0.000406 0.033339
v -0.004019 0.000000 0.033339
v -0.002056 0.000000 0.038051
v -0.007947 0.000000 0.023914
v -0.003483 -0.000861 0.034376
v -0.005227 -0.001872 0.029662
v -0.004530 -0.002386 0.030701
v -0.006782 -0.003237 0.024950
v -0.005901 -0.003918 0.025987
v -0.004968 -0.004422 0.027024
v 0.004019 -0.000093 0.033339
v 0.004019 0.000000 0.033339
v 0.005982 -0.000138 0.028626
v 0.005978 -0.000274 0.028626
v 0.005984 0.000000 0.028626
v 0.007939 -0.000363 0.023914
v 0.007946 -0.000182 0.023914
v 0.009902 -0.000454 0.019200
v 0.007930 -0.000546 0.023914
v 0.009888 -0.000680 0.019200
v 0.009870 -0.000907 0.019200
v 0.007947 0.000000 0.023914
v 0.009909 -0.000227 0.019200
v 0.009912 0.000000 0.019200
v 0.009846 -0.001133 0.019200
v 0.007915 -0.000726 0.023914
v 0.009819 -0.001358 0.019200
v 0.005970 -0.000411 0.028626
v 0.007896 -0.000909 0.023914
v 0.005958 -0.000547 0.028626
v 0.004016 -0.000184 0.033339
v 0.009786 -0.001582 0.019200
v 0.007874 -0.001088 0.023914
v 0.009746 -0.001806 0.019200
v 0.009677 -0.002147 0.019200
v 0.007842 -0.001296 0.023914
v 0.009658 -0.002232 0.019200
v 0.007830 -0.001365 0.023914
v 0.005949 -0.000651 0.028626
v 0.009637 -0.002317 0.019200
v 0.005942 -0.000704 0.028626
v 0.007818 -0.001434 0.023914
v 0.004014 -0.000219 0.033339
v 0.009618 -0.002400 0.019200
v 0.005954 -0.000600 0.028626
v 0.007853 -0.001227 0.023914
v 0.007862 -0.001158 0.023914
v 0.009714 -0.001976 0.019200
v 0.009694 -0.002062 0.019200
v 0.009730 -0.001891 0.019200
v -0.002898 -0.005987 0.027024
v -0.003272 -0.003938 0.030701
v -0.001515 -0.004890 0.030701
v -0.001854 -0.003072 0.034376
v -0.002888 -0.002128 0.034376
v -0.001454 -0.001454 0.038051
v -0.000538 -0.003547 0.034376
v -0.000787 -0.001899 0.038051
v -0.001899 -0.000787 0.038051
v 0.000659 -0.005734 0.029136
v -0.000083 -0.004678 0.031755
v -0.001040 -0.006123 0.028080
v 0.009870 -0.000910 0.018598
v 0.009846 -0.001136 0.018598
v 0.009870 -0.000914 0.017997
v 0.009818 -0.001363 0.018598
v 0.009846 -0.001142 0.017997
v 0.009818 -0.001368 0.017995
v 0.009784 -0.001589 0.018597
v 0.009869 -0.000918 0.017397
v 0.009845 -0.001146 0.017395
v 0.009869 -0.000922 0.016795
v 0.009909 -0.000230 0.018598
v 0.009912 0.000000 0.018003
v 0.009909 -0.000230 0.017402
v 0.009901 -0.000461 0.017997
v 0.009912 0.000000 0.016805
v 0.009901 -0.000464 0.016798
v 0.009909 -0.000234 0.016203
v 0.009901 -0.000466 0.015600
v 0.009888 -0.000691 0.017397
v 0.009888 -0.000694 0.016197
v 0.009912 0.000000 0.015608
v 0.009909 -0.000234 0.015005
v 0.009912 0.000000 0.014411
v 0.009901 -0.000458 0.018598
v 0.009888 -0.000685 0.018598
v 0.009888 -0.000688 0.017997
v 0.001190 0.000000 0.039243
v 0.001448 0.000000 0.039006
v 0.001339 0.000554 0.039006
v 0.001554 0.000643 0.038725
v 0.001682 0.000000 0.038725
v 0.001189 0.001189 0.038725
v 0.001742 0.000722 0.038405
v 0.001333 0.001333 0.038405
v 0.001454 0.001454 0.038051
v 0.001885 0.000000 0.038405
v 0.001899 0.000787 0.038051
v 0.000722 0.001742 0.038405
v 0.000787 0.001899 0.038051
v 0.000000 0.002056 0.038051
v -0.000787 0.001899 0.038051
v -0.000722 0.001742 0.038405
v -0.001333 0.001333 0.038405
v -0.001454 0.001454 0.038051
v -0.001189 0.001189 0.038725
v -0.001742 0.000722 0.038405
v -0.001554 0.000643 0.038725
v -0.001682 0.000000 0.038725
v -0.001899 0.000787 0.038051
v -0.001885 0.000000 0.038405
v -0.001339 0.000554 0.039006
v -0.001448 0.000000 0.039006
v -0.001190 0.000000 0.039243
v 0.000000 0.000000 0.039680
v -0.000570 0.000235 0.039568
v -0.000310 0.000000 0.039653
v -0.000842 0.000349 0.039432
v -0.000842 0.000842 0.039243
v -0.000616 0.000000 0.039568
v -0.001024 0.001024 0.039006
v -0.001099 0.000456 0.039243
v -0.000643 0.001554 0.038725
v -0.000912 0.000000 0.039432
v 0.000310 0.000000 0.039653
v 0.000349 0.000842 0.039432
v 0.000616 0.000000 0.039568
v 0.001099 0.000456 0.039243
v 0.000000 0.001448 0.039006
v 0.000912 0.000000 0.039432
v -0.001694 -0.009766 0.007923
v -0.000382 -0.009904 0.010742
v -0.002826 -0.009501 0.010661
v -0.001493 -0.009798 0.013515
v 0.000938 -0.009867 0.013562
v -0.003834 -0.009141 0.013467
v -0.000109 -0.009912 0.016381
v -0.002518 -0.009587 0.016334
v 0.002242 -0.009656 0.016381
v -0.004738 -0.008707 0.016318
v 0.004882 -0.008627 0.000002
v 0.005974 -0.007909 0.000002
v 0.005934 -0.007939 0.002584
v 0.006928 -0.007090 0.002584
v 0.006963 -0.007054 0.000002
v 0.006891 -0.007125 0.005166
v 0.007800 -0.006117 0.002584
v 0.007770 -0.006155 0.005166
v 0.008512 -0.005080 0.005166
v 0.007830 -0.006077 0.000002
v 0.008538 -0.005037 0.002584
v 0.008563 -0.004994 0.000002
v 0.007738 -0.006195 0.007750
v 0.008485 -0.005123 0.007750
v 0.008459 -0.005166 0.010333
v 0.005523 -0.008230 0.019134
v 0.007315 -0.006690 0.019134
v 0.007251 -0.006757 0.019069
v 0.008645 -0.004848 0.019069
v 0.008690 -0.004766 0.019134
v 0.009547 -0.002664 0.019069
v 0.008600 -0.004928 0.019005
v 0.009522 -0.002752 0.019005
v 0.009496 -0.002842 0.018939
v 0.009571 -0.002574 0.019134
v 0.009469 -0.002930 0.018874
v 0.008554 -0.005008 0.018939
v 0.009442 -0.003018 0.018810
v 0.007189 -0.006824 0.019005
v 0.008506 -0.005088 0.018875
v 0.007125 -0.006891 0.018941
v 0.005446 -0.008282 0.019070
v 0.009413 -0.003106 0.018746
v 0.008458 -0.005168 0.018811
v 0.009382 -0.003194 0.018680
v 0.009194 -0.003706 0.016594
v 0.009502 -0.002821 0.017570
v 0.009333 -0.003338 0.015483
v 0.008976 -0.004205 0.014507
v 0.009606 -0.002442 0.016459
v 0.009136 -0.003843 0.013398
v 0.009459 -0.002962 0.014374
v 0.009283 -0.003475 0.012290
v 0.008731 -0.004693 0.012419
v 0.008912 -0.004339 0.011312
v 0.009698 -0.002053 0.015352
v 0.009571 -0.002578 0.013269
v 0.009773 -0.001658 0.014246
v 0.007494 -0.006488 0.012550
v 0.007840 -0.006066 0.014637
v 0.006325 -0.007632 0.014766
v 0.008162 -0.005626 0.016723
v 0.006734 -0.007272 0.016853
v 0.004982 -0.008568 0.016984
v 0.009086 -0.003962 0.010216
v 0.009421 -0.003082 0.011195
v 0.009542 -0.002683 0.010101
v 0.009752 -0.001771 0.011075
v 0.009669 -0.002181 0.012170
v 0.009875 -0.000845 0.012048
v 0.009819 -0.001354 0.009984
v 0.009902 -0.000427 0.010955
v 0.009912 0.000000 0.009867
v 0.009832 -0.001256 0.013146
v 0.009826 -0.001304 0.007402
v 0.009912 0.000000 0.007402
v 0.009826 -0.001304 0.004934
v 0.009568 -0.002586 0.004934
v 0.009912 0.000000 0.004934
v 0.009568 -0.002586 0.002467
v 0.009826 -0.001304 0.002467
v 0.009568 -0.002586 0.000002
v 0.009146 -0.003822 0.002467
v 0.009146 -0.003822 0.000002
v 0.009912 0.000000 0.002467
v 0.009826 -0.001304 0.000002
v 0.009912 0.000000 0.000002
v 0.009555 -0.002635 0.007517
v 0.009106 -0.003915 0.007634
v 0.009126 -0.003869 0.005051
v 0.004547 -0.008808 0.004802
v 0.002858 -0.009491 0.000907
v 0.002682 -0.009542 0.006240
v 0.004205 -0.008976 0.009600
v 0.001085 -0.009853 0.002880
v 0.002610 -0.009562 0.011581
v 0.001011 -0.009861 0.008221
v 0.003858 -0.009131 0.014400
v -0.000408 -0.009904 0.005299
v 0.005626 -0.008162 0.007384
v 0.006613 -0.007384 0.009966
v 0.005307 -0.008371 0.012184
v 0.023642 -0.019485 0.011482
v 0.023949 -0.019662 0.011482
v 0.023888 -0.019414 0.011482
v 0.024194 -0.019592 0.011482
v 0.024256 -0.019838 0.011482
v 0.024133 -0.019344 0.011482
v 0.024501 -0.019768 0.011482
v 0.024438 -0.019522 0.011482
v 0.024746 -0.019698 0.011482
v 0.024562 -0.020016 0.011482
v 0.024806 -0.019946 0.011482
v 0.024869 -0.020194 0.011482
v 0.024378 -0.019274 0.011482
v 0.024683 -0.019451 0.011482
v 0.024622 -0.019203 0.011482
v 0.028370 -0.011298 0.011482
v 0.028432 -0.011544 0.011482
v 0.028677 -0.011474 0.011482
v 0.028738 -0.011722 0.011482
v 0.028493 -0.011792 0.011482
v 0.028982 -0.011651 0.011482
v 0.028800 -0.011970 0.011482
v 0.029045 -0.011899 0.011482
v 0.029106 -0.012146 0.011482
v 0.028554 -0.012040 0.011482
v 0.028861 -0.012216 0.011482
v 0.028616 -0.012286 0.011482
v 0.029290 -0.011829 0.011482
v 0.029350 -0.012075 0.011482
v 0.029597 -0.012005 0.011482
v 0.028307 -0.011760 0.011482
v 0.028368 -0.012008 0.011482
v 0.028243 -0.012224 0.011482
v 0.028304 -0.012472 0.011482
v 0.028429 -0.012256 0.011482
v 0.028366 -0.012718 0.011482
v 0.028179 -0.012688 0.011482
v 0.028242 -0.012936 0.011482
v 0.028117 -0.013152 0.011482
v 0.028491 -0.012502 0.011482
v 0.029226 -0.012291 0.011482
v 0.028981 -0.012362 0.011482
v 0.028856 -0.012578 0.011482
v 0.028736 -0.012432 0.011482
v 0.028611 -0.012648 0.011482
v 0.028486 -0.012866 0.011482
v 0.024013 -0.019198 0.011482
v 0.024258 -0.019128 0.011482
v 0.024382 -0.018912 0.011482
v 0.024502 -0.019058 0.011482
v 0.024627 -0.018842 0.011482
v 0.024872 -0.018771 0.011482
v 0.024747 -0.018987 0.011482
v 0.024752 -0.018626 0.011482
v 0.024997 -0.018555 0.011482
v 0.025122 -0.018339 0.011482
v 0.027187 -0.013344 0.011482
v 0.027933 -0.012410 0.011482
v 0.026750 -0.014456 0.011482
v 0.026006 -0.015390 0.011482
v 0.027494 -0.013522 0.011482
v 0.025568 -0.016502 0.011482
v 0.026312 -0.015568 0.011482
v 0.025131 -0.017614 0.011482
v 0.024824 -0.017438 0.011482
v 0.024387 -0.018550 0.011482
v 0.027056 -0.014634 0.011482
v 0.025875 -0.016680 0.011482
v 0.026619 -0.015746 0.011482
v 0.028851 -0.012941 0.011482
v 0.028482 -0.013227 0.011482
v 0.028107 -0.013875 0.011482
v 0.028112 -0.013514 0.011482
v 0.027738 -0.014162 0.011482
v 0.027368 -0.014448 0.011482
v 0.027742 -0.013800 0.011482
v 0.027363 -0.014810 0.011482
v 0.026994 -0.015096 0.011482
v 0.028414 -0.014053 0.011482
v 0.027670 -0.014987 0.011482
v 0.027232 -0.016099 0.011482
v 0.026926 -0.015922 0.011482
v 0.026488 -0.017034 0.011482
v 0.025744 -0.017970 0.011482
v 0.026181 -0.016858 0.011482
v 0.026051 -0.018146 0.011482
v 0.025306 -0.019082 0.011482
v 0.027869 -0.012872 0.011482
v 0.027430 -0.013984 0.011482
v 0.027805 -0.013336 0.011482
v 0.024931 -0.019730 0.011482
v 0.025370 -0.018618 0.011482
v 0.024995 -0.019266 0.011482
v 0.025806 -0.017506 0.011482
v 0.025432 -0.018154 0.011482
v 0.025870 -0.017042 0.011482
v 0.026245 -0.016394 0.011482
v 0.025059 -0.018802 0.011482
v 0.025496 -0.017690 0.011482
v 0.024870 -0.019482 0.011482
v 0.024933 -0.019019 0.011482
v 0.024808 -0.019235 0.011482
v 0.024757 -0.018264 0.011482
v 0.025126 -0.017978 0.011482
v 0.025501 -0.017328 0.011482
v 0.028794 -0.010563 0.009018
v 0.027611 -0.012611 0.009018
v 0.029216 -0.009830 0.006555
v 0.028035 -0.011877 0.006555
v 0.026429 -0.014658 0.009018
v 0.026853 -0.013923 0.006555
v 0.029640 -0.009096 0.004091
v 0.028459 -0.011144 0.004091
v 0.030064 -0.008363 0.001629
v 0.025248 -0.016704 0.009018
v 0.023851 -0.019478 0.011397
v 0.024157 -0.019656 0.011397
v 0.024059 -0.019472 0.011312
v 0.024365 -0.019650 0.011312
v 0.024464 -0.019832 0.011397
v 0.024672 -0.019826 0.011312
v 0.024267 -0.019466 0.011229
v 0.024573 -0.019642 0.011229
v 0.024475 -0.019459 0.011144
v 0.024770 -0.020010 0.011397
v 0.030371 -0.008539 0.001629
v 0.030162 -0.008546 0.001712
v 0.030469 -0.008723 0.001712
v 0.030677 -0.008717 0.001629
v 0.030261 -0.008730 0.001797
v 0.030776 -0.008901 0.001712
v 0.030566 -0.008907 0.001797
v 0.030874 -0.009083 0.001797
v 0.030984 -0.008894 0.001629
v 0.031082 -0.009077 0.001712
v 0.031290 -0.009070 0.001629
v 0.030358 -0.008914 0.001882
v 0.030666 -0.009091 0.001882
v 0.030458 -0.009098 0.001965
v 0.031010 -0.009202 0.001822
v 0.030802 -0.009208 0.001907
v 0.030730 -0.009333 0.002018
v 0.030522 -0.009339 0.002102
v 0.030594 -0.009214 0.001992
v 0.030314 -0.009346 0.002186
v 0.030450 -0.009464 0.002213
v 0.030242 -0.009470 0.002296
v 0.030170 -0.009595 0.002406
v 0.030386 -0.009222 0.002075
v 0.024842 -0.019885 0.011286
v 0.024744 -0.019701 0.011202
v 0.024816 -0.019576 0.011091
v 0.024645 -0.019518 0.011118
v 0.024717 -0.019394 0.011008
v 0.024619 -0.019210 0.010923
v 0.024547 -0.019334 0.011034
v 0.024789 -0.019269 0.010898
v 0.024691 -0.019085 0.010813
v 0.024763 -0.018960 0.010702
v 0.029918 -0.008968 0.002086
v 0.029414 -0.009842 0.002859
v 0.029269 -0.010446 0.003317
v 0.029774 -0.009573 0.002544
v 0.028765 -0.011320 0.004091
v 0.029125 -0.011051 0.003774
v 0.028621 -0.011925 0.004549
v 0.028475 -0.012530 0.005006
v 0.029629 -0.010178 0.003002
v 0.028979 -0.011656 0.004232
v 0.029485 -0.010782 0.003459
v 0.028115 -0.012798 0.005323
v 0.027971 -0.013405 0.005781
v 0.027466 -0.014278 0.006555
v 0.030090 -0.008670 0.001822
v 0.029946 -0.009275 0.002280
v 0.030117 -0.008979 0.002018
v 0.029971 -0.009584 0.002475
v 0.029800 -0.009882 0.002738
v 0.029827 -0.010189 0.002933
v 0.030142 -0.009288 0.002213
v 0.029998 -0.009893 0.002670
v 0.029656 -0.010486 0.003195
v 0.024598 -0.018184 0.010250
v 0.026203 -0.015403 0.007786
v 0.025554 -0.016882 0.009018
v 0.027810 -0.012622 0.005323
v 0.027160 -0.014101 0.006555
v 0.026510 -0.015579 0.007786
v 0.025013 -0.019589 0.011024
v 0.024987 -0.019280 0.010829
v 0.025158 -0.018982 0.010566
v 0.024960 -0.018971 0.010634
v 0.025133 -0.018675 0.010371
v 0.025106 -0.018366 0.010176
v 0.024934 -0.018664 0.010440
v 0.025304 -0.018378 0.010109
v 0.025277 -0.018070 0.009914
v 0.025448 -0.017773 0.009651
v 0.024094 -0.019058 0.011024
v 0.023922 -0.019354 0.011286
v 0.024374 -0.018926 0.010829
v 0.024546 -0.018629 0.010566
v 0.024203 -0.019222 0.011091
v 0.024826 -0.018498 0.010371
v 0.024654 -0.018795 0.010634
v 0.024997 -0.018202 0.010109
v 0.024483 -0.019091 0.010898
v 0.025518 -0.018715 0.010250
v 0.026474 -0.017413 0.009018
v 0.027123 -0.015934 0.007786
v 0.026168 -0.017235 0.009018
v 0.028080 -0.014632 0.006555
v 0.027773 -0.014454 0.006555
v 0.028728 -0.013154 0.005323
v 0.029378 -0.011674 0.004091
v 0.026816 -0.015757 0.007786
v 0.028422 -0.012976 0.005323
v 0.029685 -0.011851 0.004091
v 0.030334 -0.010373 0.002859
v 0.030838 -0.009499 0.002086
v 0.029883 -0.010800 0.003317
v 0.030387 -0.009926 0.002544
v 0.028926 -0.012102 0.004549
v 0.029430 -0.011229 0.003774
v 0.029936 -0.010355 0.003002
v 0.030189 -0.008854 0.001907
v 0.030286 -0.009038 0.001992
v 0.030214 -0.009163 0.002102
v 0.030558 -0.009630 0.002280
v 0.030107 -0.010058 0.002738
v 0.030278 -0.009762 0.002475
v 0.025050 -0.017755 0.009792
v 0.026006 -0.016453 0.008560
v 0.025501 -0.017328 0.009334
v 0.026458 -0.016026 0.008102
v 0.026962 -0.015152 0.007328
v 0.025954 -0.016899 0.008877
v 0.024131 -0.019347 0.011202
v 0.024411 -0.019216 0.011008
v 0.024339 -0.019341 0.011118
v 0.025662 -0.018109 0.009792
v 0.025808 -0.017504 0.009334
v 0.026312 -0.016630 0.008560
v 0.035272 -0.018107 0.003899
v 0.035272 -0.018107 0.004450
v 0.034782 -0.018954 0.004648
v 0.034782 -0.018954 0.005200
v 0.035272 -0.018107 0.005002
v 0.034294 -0.019800 0.005398
v 0.034782 -0.018954 0.005752
v 0.034294 -0.019800 0.005949
v 0.034294 -0.019800 0.006501
v 0.035272 -0.018107 0.005554
v 0.034782 -0.018954 0.006302
v 0.035272 -0.018107 0.006106
v 0.033806 -0.020646 0.006147
v 0.033806 -0.020646 0.006699
v 0.033317 -0.021493 0.006898
v 0.034782 -0.018954 0.006854
v 0.034294 -0.019800 0.007053
v 0.034294 -0.019800 0.007603
v 0.033806 -0.020646 0.007802
v 0.033806 -0.020646 0.007251
v 0.033317 -0.021493 0.008000
v 0.033806 -0.020646 0.008354
v 0.033317 -0.021493 0.008552
v 0.033317 -0.021493 0.009102
v 0.033317 -0.021493 0.007448
v 0.032954 -0.022046 0.009058
v 0.032954 -0.022046 0.008506
v 0.032581 -0.022594 0.009013
v 0.032581 -0.022594 0.008462
v 0.032954 -0.022045 0.007955
v 0.032581 -0.022592 0.007910
v 0.032198 -0.023134 0.008968
v 0.032198 -0.023134 0.008416
v 0.031808 -0.023669 0.008922
v 0.032954 -0.022045 0.007405
v 0.033003 -0.021973 0.009542
v 0.032632 -0.022520 0.009498
v 0.032682 -0.022448 0.009982
v 0.032302 -0.022990 0.009936
v 0.032251 -0.023062 0.009451
v 0.031914 -0.023526 0.009890
v 0.032354 -0.022918 0.010421
v 0.031965 -0.023456 0.010374
v 0.032018 -0.023384 0.010859
v 0.031861 -0.023598 0.009406
v 0.030382 -0.025474 0.011770
v 0.030805 -0.024962 0.011542
v 0.030438 -0.025405 0.011979
v 0.030859 -0.024893 0.011752
v 0.031218 -0.024442 0.011315
v 0.030496 -0.025338 0.012189
v 0.031272 -0.024373 0.011525
v 0.030915 -0.024824 0.011962
v 0.031326 -0.024302 0.011734
v 0.031622 -0.023917 0.011086
v 0.031675 -0.023846 0.011296
v 0.030552 -0.025269 0.012397
v 0.030971 -0.024754 0.012170
v 0.030608 -0.025202 0.012606
v 0.031461 -0.024128 0.009634
v 0.031408 -0.024197 0.009427
v 0.031053 -0.024650 0.010138
v 0.031109 -0.024581 0.010346
v 0.030998 -0.024720 0.009931
v 0.030693 -0.025098 0.010850
v 0.030637 -0.025166 0.010642
v 0.030269 -0.025608 0.011352
v 0.030749 -0.025030 0.011058
v 0.030325 -0.025541 0.011562
v 0.030581 -0.025235 0.010434
v 0.030211 -0.025675 0.011144
v 0.030154 -0.025744 0.010934
v 0.031568 -0.023987 0.010603
v 0.031163 -0.024512 0.010830
v 0.031515 -0.024058 0.010118
v 0.030397 -0.025080 0.012603
v 0.030445 -0.025181 0.012453
v 0.030234 -0.025059 0.012450
v 0.030186 -0.024958 0.012602
v 0.030282 -0.025160 0.012298
v 0.030022 -0.024938 0.012448
v 0.030070 -0.025038 0.012296
v 0.029858 -0.024918 0.012294
v 0.029974 -0.024837 0.012600
v 0.029810 -0.024818 0.012445
v 0.029762 -0.024717 0.012597
v 0.030118 -0.025139 0.012144
v 0.029906 -0.025019 0.012142
v 0.029954 -0.025120 0.011990
v 0.029218 -0.024842 0.011683
v 0.029402 -0.024912 0.011760
v 0.029354 -0.024811 0.011912
v 0.029538 -0.024880 0.011989
v 0.029586 -0.024981 0.011837
v 0.029490 -0.024779 0.012141
v 0.029722 -0.024949 0.012066
v 0.029674 -0.024848 0.012218
v 0.029770 -0.025050 0.011914
v 0.029626 -0.024747 0.012370
v 0.030389 -0.025248 0.012243
v 0.030226 -0.025229 0.012090
v 0.030333 -0.025317 0.012034
v 0.030168 -0.025296 0.011880
v 0.030061 -0.025208 0.011936
v 0.030275 -0.025384 0.011826
v 0.024134 -0.021464 0.012606
v 0.024048 -0.021614 0.012189
v 0.024208 -0.021606 0.012397
v 0.024122 -0.021757 0.011979
v 0.023962 -0.021765 0.011771
v 0.024282 -0.021749 0.012187
v 0.024034 -0.021909 0.011562
v 0.024194 -0.021901 0.011770
v 0.024107 -0.022051 0.011352
v 0.023874 -0.021917 0.011352
v 0.023947 -0.022059 0.011142
v 0.023787 -0.022067 0.010934
v 0.024354 -0.021893 0.011978
v 0.024267 -0.022043 0.011560
v 0.024427 -0.022035 0.011768
v 0.030099 -0.025640 0.011083
v 0.030157 -0.025573 0.011291
v 0.030045 -0.025538 0.011230
v 0.030214 -0.025506 0.011501
v 0.030102 -0.025470 0.011440
v 0.030158 -0.025403 0.011648
v 0.030270 -0.025438 0.011709
v 0.029990 -0.025435 0.011379
v 0.030048 -0.025368 0.011587
v 0.029936 -0.025333 0.011526
v 0.029397 -0.024965 0.011645
v 0.029581 -0.025034 0.011722
v 0.029576 -0.025086 0.011605
v 0.029760 -0.025157 0.011682
v 0.029765 -0.025104 0.011798
v 0.029946 -0.025226 0.011758
v 0.029757 -0.025210 0.011566
v 0.029941 -0.025278 0.011643
v 0.029950 -0.025173 0.011875
v 0.030163 -0.025349 0.011765
v 0.030056 -0.025261 0.011819
v 0.030051 -0.025314 0.011704
v 0.025106 -0.022074 0.012501
v 0.025542 -0.022277 0.012603
v 0.026512 -0.022886 0.012499
v 0.026075 -0.022685 0.012397
v 0.026949 -0.023090 0.012602
v 0.027482 -0.023498 0.012394
v 0.027918 -0.023701 0.012498
v 0.028888 -0.024310 0.012392
v 0.027045 -0.023294 0.012291
v 0.028451 -0.024107 0.012290
v 0.028014 -0.023904 0.012187
v 0.028355 -0.023902 0.012600
v 0.029325 -0.024514 0.012494
v 0.028990 -0.024267 0.012606
v 0.028779 -0.024146 0.012603
v 0.027371 -0.023333 0.012606
v 0.027160 -0.023211 0.012603
v 0.028566 -0.024024 0.012602
v 0.025754 -0.022398 0.012606
v 0.024859 -0.021990 0.012379
v 0.025829 -0.022600 0.012275
v 0.025582 -0.022517 0.012154
v 0.026552 -0.023126 0.012050
v 0.026798 -0.023211 0.012170
v 0.027522 -0.023738 0.011944
v 0.026306 -0.023043 0.011928
v 0.027275 -0.023653 0.011822
v 0.027029 -0.023570 0.011701
v 0.027768 -0.023821 0.012066
v 0.027576 -0.023888 0.011698
v 0.027822 -0.023971 0.011818
v 0.028123 -0.024206 0.011693
v 0.028370 -0.024290 0.011814
v 0.028069 -0.024056 0.011939
v 0.028616 -0.024373 0.011936
v 0.028670 -0.024523 0.011688
v 0.028917 -0.024608 0.011810
v 0.028315 -0.024139 0.012061
v 0.024374 -0.021704 0.012394
v 0.025098 -0.022230 0.012168
v 0.024613 -0.021944 0.012182
v 0.025336 -0.022470 0.011957
v 0.025821 -0.022757 0.011942
v 0.026059 -0.022997 0.011730
v 0.024851 -0.022182 0.011971
v 0.025574 -0.022710 0.011744
v 0.025090 -0.022422 0.011758
v 0.026544 -0.023283 0.011715
v 0.024112 -0.022157 0.011141
v 0.024272 -0.022149 0.011349
v 0.024438 -0.022245 0.011347
v 0.024598 -0.022237 0.011555
v 0.024432 -0.022141 0.011557
v 0.024758 -0.022229 0.011763
v 0.024765 -0.022334 0.011554
v 0.024925 -0.022326 0.011762
v 0.024592 -0.022133 0.011766
v 0.024597 -0.022443 0.011126
v 0.024923 -0.022531 0.011333
v 0.025408 -0.022819 0.011318
v 0.025733 -0.022907 0.011525
v 0.025250 -0.022621 0.011539
v 0.026218 -0.023194 0.011510
v 0.029373 -0.025200 0.011126
v 0.028562 -0.024824 0.010934
v 0.027781 -0.024282 0.011126
v 0.028590 -0.024656 0.011318
v 0.026970 -0.023906 0.010934
v 0.027000 -0.023738 0.011318
v 0.026189 -0.023362 0.011126
v 0.027810 -0.024114 0.011510
v 0.025378 -0.022986 0.010934
v 0.024446 -0.021846 0.012184
v 0.024520 -0.021989 0.011976
v 0.024685 -0.022086 0.011973
v 0.029920 -0.025518 0.011122
v 0.029138 -0.024974 0.011314
v 0.029685 -0.025293 0.011309
v 0.028904 -0.024749 0.011501
v 0.028357 -0.024432 0.011506
v 0.029451 -0.025067 0.011496
v 0.029866 -0.025416 0.011270
v 0.029811 -0.025312 0.011418
v 0.029630 -0.025190 0.011458
v 0.028752 -0.024342 0.012163
v 0.029053 -0.024576 0.012038
v 0.029189 -0.024546 0.012266
v 0.031006 -0.009562 0.004411
v 0.030867 -0.009805 0.004091
v 0.030584 -0.010294 0.006875
v 0.030723 -0.010051 0.007195
v 0.030443 -0.010538 0.006555
v 0.030301 -0.010786 0.009658
v 0.030160 -0.011029 0.009338
v 0.029877 -0.011518 0.012122
v 0.030440 -0.010542 0.009978
v 0.030018 -0.011277 0.012442
v 0.030157 -0.011034 0.012762
v 0.030019 -0.011272 0.009018
v 0.029736 -0.011762 0.011802
v 0.032350 -0.007234 0.000002
v 0.031803 -0.008182 0.003192
v 0.032086 -0.007693 0.000408
v 0.031538 -0.008643 0.003598
v 0.031254 -0.009133 0.006381
v 0.031821 -0.008152 0.000814
v 0.030989 -0.009592 0.006787
v 0.031272 -0.009102 0.004005
v 0.030706 -0.010083 0.009571
v 0.031555 -0.008611 0.001221
v 0.029261 -0.012586 0.006555
v 0.028838 -0.013318 0.009018
v 0.027656 -0.015365 0.009018
v 0.029576 -0.012040 0.011598
v 0.029717 -0.011797 0.011918
v 0.029555 -0.012075 0.011715
v 0.029856 -0.011554 0.012238
v 0.029696 -0.011832 0.012035
v 0.029837 -0.011589 0.012355
v 0.029997 -0.011310 0.012558
v 0.029536 -0.012110 0.011832
v 0.029675 -0.011867 0.012152
v 0.029515 -0.012144 0.011949
v 0.009720 -0.002573 0.019134
v 0.009696 -0.002662 0.019069
v 0.009843 -0.002662 0.019069
v 0.009670 -0.002752 0.019003
v 0.009819 -0.002750 0.019003
v 0.009794 -0.002840 0.018938
v 0.009645 -0.002840 0.018939
v 0.009968 -0.002750 0.019003
v 0.009942 -0.002838 0.018938
v 0.010093 -0.002838 0.018936
v 0.010899 -0.002472 0.019200
v 0.010698 -0.002563 0.019134
v 0.010939 -0.002688 0.019040
v 0.010736 -0.002781 0.018974
v 0.010496 -0.002654 0.019069
v 0.010978 -0.002906 0.018880
v 0.010536 -0.002872 0.018909
v 0.010776 -0.002997 0.018814
v 0.010574 -0.003090 0.018749
v 0.010294 -0.002747 0.019003
v 0.010333 -0.002963 0.018843
v 0.011018 -0.003123 0.018720
v 0.010816 -0.003214 0.018654
v 0.011058 -0.003339 0.018560
v 0.019450 -0.007669 0.015315
v 0.020824 -0.008106 0.014984
v 0.019718 -0.007440 0.015482
v 0.021094 -0.007877 0.015150
v 0.022198 -0.008542 0.014653
v 0.019989 -0.007211 0.015648
v 0.022469 -0.008314 0.014819
v 0.021363 -0.007648 0.015317
v 0.022738 -0.008085 0.014986
v 0.023574 -0.008979 0.014320
v 0.023843 -0.008750 0.014486
v 0.024949 -0.009416 0.013989
v 0.020258 -0.006981 0.015814
v 0.021634 -0.007418 0.015483
v 0.020528 -0.006752 0.015981
v 0.018227 -0.006957 0.015848
v 0.018498 -0.006728 0.016014
v 0.017006 -0.006243 0.016381
v 0.018766 -0.006498 0.016181
v 0.017275 -0.006014 0.016547
v 0.017546 -0.005786 0.016714
v 0.019037 -0.006269 0.016347
v 0.015784 -0.005531 0.016914
v 0.016054 -0.005302 0.017080
v 0.014563 -0.004819 0.017448
v 0.010678 -0.003600 0.018373
v 0.009802 -0.003230 0.018651
v 0.011098 -0.003637 0.018342
v 0.011973 -0.004006 0.018064
v 0.010221 -0.003267 0.018621
v 0.012392 -0.004043 0.018034
v 0.011515 -0.003674 0.018312
v 0.012811 -0.004078 0.018005
v 0.013269 -0.004413 0.017755
v 0.013686 -0.004450 0.017726
v 0.010638 -0.003304 0.018590
v 0.011934 -0.003709 0.018282
v 0.009922 -0.002482 0.019200
v 0.010045 -0.002570 0.019134
v 0.010246 -0.002478 0.019200
v 0.010170 -0.002658 0.019069
v 0.010371 -0.002566 0.019134
v 0.010573 -0.002475 0.019200
v 0.028374 -0.011462 0.012459
v 0.026998 -0.011026 0.012790
v 0.025858 -0.010344 0.013301
v 0.027232 -0.010781 0.012970
v 0.024482 -0.009907 0.013632
v 0.024715 -0.009661 0.013811
v 0.023341 -0.009226 0.014142
v 0.026091 -0.010098 0.013480
v 0.021966 -0.008789 0.014474
v 0.011814 -0.003058 0.018762
v 0.013306 -0.003541 0.018395
v 0.014222 -0.004128 0.017957
v 0.012731 -0.003645 0.018323
v 0.015714 -0.004611 0.017590
v 0.015138 -0.004715 0.017518
v 0.016629 -0.005198 0.017152
v 0.013646 -0.004232 0.017885
v 0.018120 -0.005682 0.016786
v 0.027750 -0.009963 0.013566
v 0.028854 -0.010629 0.013067
v 0.026448 -0.009558 0.013872
v 0.025342 -0.008893 0.014371
v 0.027554 -0.010224 0.013374
v 0.024040 -0.008488 0.014678
v 0.025146 -0.009154 0.014179
v 0.022934 -0.007822 0.015176
v 0.026251 -0.009821 0.013682
v 0.011899 -0.004314 0.017840
v 0.013195 -0.004718 0.017531
v 0.014416 -0.005432 0.016998
v 0.015710 -0.005838 0.016690
v 0.014490 -0.005125 0.017222
v 0.016933 -0.006550 0.016157
v 0.028694 -0.010907 0.012866
v 0.027392 -0.010502 0.013173
v 0.028534 -0.011184 0.012662
v 0.009560 -0.003106 0.018744
v 0.009589 -0.003018 0.018810
v 0.009738 -0.003016 0.018808
v 0.009766 -0.002928 0.018874
v 0.009618 -0.002930 0.018874
v 0.009915 -0.002928 0.018872
v 0.011854 -0.003275 0.018602
v 0.011894 -0.003493 0.018442
v 0.012771 -0.003862 0.018163
v 0.009979 -0.003142 0.018715
v 0.010398 -0.003178 0.018685
v 0.010157 -0.003053 0.018779
v 0.001954 0.039600 0.012571
v 0.001954 0.039600 0.011962
v 0.000978 0.039600 0.011536
v 0.000978 0.039600 0.010926
v 0.001954 0.039600 0.011352
v 0.000000 0.039600 0.010501
v 0.000978 0.039600 0.010317
v 0.000000 0.039600 0.009891
v 0.000000 0.039600 0.009282
v 0.001954 0.039600 0.010744
v 0.000978 0.039600 0.009709
v 0.001954 0.039600 0.010134
v -0.000978 0.039600 0.009466
v -0.000978 0.039600 0.008856
v -0.001954 0.039600 0.008430
v 0.000978 0.039600 0.009099
v 0.000000 0.039600 0.008674
v 0.000000 0.039600 0.008064
v -0.000978 0.039600 0.007638
v -0.000978 0.039600 0.008246
v -0.001954 0.039600 0.007213
v -0.000978 0.039600 0.007029
v -0.001954 0.039600 0.006603
v -0.001954 0.039600 0.005994
v -0.001954 0.039600 0.007821
v 0.002442 0.039573 0.012477
v 0.002442 0.039573 0.011867
v 0.002928 0.039539 0.012382
v 0.002926 0.039539 0.011773
v 0.002440 0.039573 0.011259
v 0.002926 0.039539 0.011165
v 0.003413 0.039501 0.012288
v 0.003413 0.039501 0.011680
v 0.003899 0.039456 0.012194
v 0.002440 0.039573 0.010650
v 0.002331 0.039579 0.012970
v 0.002818 0.039547 0.012875
v 0.002709 0.039555 0.013370
v 0.003194 0.039518 0.013275
v 0.003304 0.039510 0.012782
v 0.003680 0.039477 0.013181
v 0.003085 0.039528 0.013768
v 0.003571 0.039486 0.013674
v 0.003461 0.039496 0.014168
v 0.003789 0.039467 0.012688
v 0.005402 0.039278 0.015005
v 0.004918 0.039342 0.014795
v 0.005293 0.039293 0.015194
v 0.004808 0.039355 0.014984
v 0.004434 0.039400 0.014586
v 0.005184 0.039307 0.015382
v 0.004323 0.039411 0.014776
v 0.004699 0.039368 0.015174
v 0.004214 0.039424 0.014965
v 0.003947 0.039451 0.014376
v 0.003838 0.039462 0.014566
v 0.005075 0.039322 0.015571
v 0.004590 0.039381 0.015363
v 0.004966 0.039336 0.015762
v 0.004275 0.039418 0.012896
v 0.004384 0.039405 0.012709
v 0.004760 0.039362 0.013411
v 0.004651 0.039374 0.013600
v 0.004869 0.039347 0.013222
v 0.005136 0.039314 0.014112
v 0.005245 0.039299 0.013923
v 0.005619 0.039248 0.014626
v 0.005027 0.039328 0.014302
v 0.005510 0.039262 0.014814
v 0.005354 0.039285 0.013736
v 0.005728 0.039232 0.014437
v 0.005837 0.039216 0.014248
v 0.004056 0.039440 0.013883
v 0.004542 0.039387 0.014093
v 0.004166 0.039429 0.013390
v 0.005037 0.039122 0.015638
v 0.005146 0.039107 0.015450
v 0.005107 0.038907 0.015515
v 0.005216 0.038893 0.015326
v 0.005254 0.039093 0.015259
v 0.005325 0.038878 0.015138
v 0.005178 0.038693 0.015394
v 0.005286 0.038678 0.015203
v 0.005248 0.038478 0.015270
v 0.005363 0.039078 0.015070
v 0.005750 0.039091 0.014400
v 0.005642 0.039107 0.014589
v 0.005662 0.038968 0.014552
v 0.005533 0.039123 0.014778
v 0.005554 0.038984 0.014741
v 0.005445 0.038998 0.014930
v 0.005424 0.039139 0.014966
v 0.005576 0.038843 0.014702
v 0.005466 0.038859 0.014893
v 0.005488 0.038720 0.014854
v 0.005386 0.038939 0.015034
v 0.005347 0.038739 0.015099
v 0.005406 0.038798 0.014995
v 0.005368 0.038598 0.015062
v 0.005309 0.038539 0.015166
v 0.005427 0.038659 0.014958
v 0.004966 0.031634 0.015762
v 0.005184 0.031634 0.015382
v 0.005075 0.031773 0.015571
v 0.005293 0.031773 0.015194
v 0.005402 0.031634 0.015005
v 0.005184 0.031914 0.015381
v 0.005510 0.031773 0.014814
v 0.005402 0.031914 0.015003
v 0.005621 0.031914 0.014626
v 0.005619 0.031634 0.014626
v 0.005728 0.031773 0.014437
v 0.005837 0.031634 0.014248
v 0.005293 0.032053 0.015192
v 0.005512 0.032053 0.014814
v 0.005403 0.032194 0.015002
v 0.005464 0.037886 0.014894
v 0.005470 0.038094 0.014885
v 0.005411 0.038034 0.014989
v 0.005416 0.038243 0.014979
v 0.005477 0.038302 0.014875
v 0.005357 0.038182 0.015083
v 0.005422 0.038451 0.014968
v 0.005362 0.038390 0.015072
v 0.005482 0.038512 0.014864
v 0.005302 0.038330 0.015176
v 0.005077 0.031971 0.015570
v 0.005083 0.032552 0.015557
v 0.005194 0.032890 0.015365
v 0.005187 0.032309 0.015378
v 0.005202 0.033469 0.015352
v 0.005304 0.033227 0.015173
v 0.005312 0.033806 0.015162
v 0.005422 0.034146 0.014970
v 0.005298 0.032646 0.015186
v 0.005414 0.033565 0.014982
v 0.005408 0.032986 0.014995
v 0.005318 0.034387 0.015149
v 0.005429 0.034725 0.014957
v 0.005437 0.035306 0.014944
v 0.005744 0.038883 0.014410
v 0.005658 0.038760 0.014562
v 0.005651 0.038550 0.014571
v 0.005570 0.038635 0.014714
v 0.005563 0.038427 0.014723
v 0.005558 0.038219 0.014733
v 0.005186 0.032110 0.015379
v 0.005294 0.032251 0.015190
v 0.005296 0.032450 0.015187
v 0.005405 0.032589 0.014998
v 0.005403 0.032390 0.015000
v 0.005406 0.032787 0.014997
v 0.005738 0.038238 0.014422
v 0.005643 0.037906 0.014584
v 0.005637 0.037261 0.014597
v 0.005550 0.037573 0.014746
v 0.005544 0.036928 0.014758
v 0.005451 0.036595 0.014920
v 0.005458 0.037242 0.014907
v 0.005536 0.036283 0.014770
v 0.005443 0.035950 0.014931
v 0.005370 0.035693 0.015059
v 0.005378 0.036338 0.015046
v 0.005304 0.036080 0.015173
v 0.005384 0.036984 0.015034
v 0.005312 0.036726 0.015162
v 0.005318 0.037371 0.015149
v 0.005392 0.037629 0.015022
v 0.005238 0.036469 0.015288
v 0.005245 0.037114 0.015275
v 0.005173 0.036856 0.015402
v 0.005730 0.031971 0.014435
v 0.005621 0.032110 0.014622
v 0.005622 0.032309 0.014621
v 0.005514 0.032450 0.014810
v 0.005512 0.032251 0.014811
v 0.005515 0.032646 0.014808
v 0.005018 0.038715 0.015672
v 0.005088 0.038501 0.015549
v 0.005069 0.038096 0.015582
v 0.005139 0.037882 0.015459
v 0.005158 0.038286 0.015426
v 0.005210 0.037667 0.015336
v 0.005120 0.037477 0.015491
v 0.005192 0.037262 0.015370
v 0.005229 0.038072 0.015304
v 0.005738 0.032552 0.014422
v 0.005629 0.032890 0.014608
v 0.005637 0.033469 0.014597
v 0.005530 0.033806 0.014782
v 0.005522 0.033227 0.014795
v 0.005536 0.034387 0.014770
v 0.005837 0.037320 0.014248
v 0.005738 0.036342 0.014422
v 0.005837 0.035424 0.014248
v 0.005637 0.035365 0.014597
v 0.005738 0.034446 0.014422
v 0.005837 0.033530 0.014248
v 0.004966 0.037410 0.015762
v 0.005018 0.036790 0.015672
v 0.004966 0.035485 0.015762
v 0.005018 0.034864 0.015672
v 0.005069 0.036171 0.015582
v 0.005069 0.034245 0.015582
v 0.004966 0.033558 0.015762
v 0.005018 0.032939 0.015672
v 0.005120 0.035550 0.015491
v 0.005134 0.033858 0.015467
v 0.005253 0.034774 0.015262
v 0.005187 0.035163 0.015378
v 0.005264 0.037520 0.015243
v 0.005338 0.037778 0.015115
v 0.005283 0.037925 0.015210
v 0.004688 0.031634 0.015163
v 0.004907 0.031634 0.014784
v 0.004411 0.031634 0.014565
v 0.004629 0.031634 0.014187
v 0.005125 0.031634 0.014406
v 0.004848 0.031634 0.013808
v 0.004134 0.031634 0.013966
v 0.004352 0.031634 0.013589
v 0.003858 0.031634 0.013368
v 0.005342 0.031634 0.014029
v 0.003955 0.031634 0.014691
v 0.003678 0.031634 0.014093
v 0.002946 0.031634 0.013621
v 0.002669 0.031634 0.013022
v 0.003402 0.031634 0.013494
v 0.002392 0.031634 0.012424
v 0.001936 0.031634 0.012550
v 0.001659 0.031634 0.011952
v 0.000925 0.031634 0.011482
v 0.003125 0.031634 0.012896
v 0.003226 0.031634 0.011482
v 0.003384 0.031634 0.011952
v 0.002650 0.031634 0.011482
v 0.002808 0.031634 0.011952
v 0.003541 0.031634 0.012424
v 0.002075 0.031634 0.011482
v 0.002966 0.031634 0.012424
v 0.002234 0.031634 0.011952
v 0.003699 0.031634 0.012896
v 0.001501 0.031634 0.011482
v 0.005184 0.031634 0.013557
v 0.004690 0.031634 0.013336
v 0.004531 0.031634 0.012864
v 0.004195 0.031634 0.013117
v 0.004037 0.031634 0.012645
v 0.003878 0.031634 0.012173
v -0.029643 -0.011923 0.011821
v -0.029856 -0.011555 0.012238
v -0.029664 -0.011886 0.012158
v -0.029877 -0.011518 0.012578
v -0.030067 -0.011187 0.012658
v -0.029686 -0.011850 0.012498
v -0.030090 -0.011150 0.012995
v -0.029898 -0.011482 0.012915
v -0.030110 -0.011114 0.013334
v -0.030280 -0.010819 0.013075
v -0.030301 -0.010782 0.013414
v -0.030493 -0.010453 0.013494
v -0.029707 -0.011813 0.012837
v -0.029920 -0.011445 0.013254
v -0.029728 -0.011776 0.013174
v -0.030389 -0.010632 0.013882
v -0.030197 -0.010963 0.013803
v -0.030285 -0.010813 0.014270
v -0.030093 -0.011144 0.014190
v -0.030006 -0.011294 0.013723
v -0.029902 -0.011474 0.014110
v -0.030181 -0.010992 0.014659
v -0.029989 -0.011323 0.014579
v -0.030077 -0.011173 0.015048
v -0.029816 -0.011626 0.013643
v -0.028438 -0.014010 0.011821
v -0.028762 -0.013451 0.012158
v -0.028848 -0.013301 0.012627
v -0.029171 -0.012742 0.012966
v -0.029083 -0.012893 0.012498
v -0.029258 -0.012592 0.013434
v -0.029493 -0.012184 0.013304
v -0.029579 -0.012032 0.013773
v -0.029406 -0.012334 0.012837
v -0.029667 -0.011882 0.014240
v -0.028739 -0.013488 0.011821
v -0.029062 -0.012930 0.012158
v -0.029042 -0.012966 0.011821
v -0.029363 -0.012408 0.012158
v -0.029384 -0.012371 0.012498
v -0.029342 -0.012445 0.011821
v -0.036859 -0.014608 0.014270
v -0.036819 -0.014706 0.014464
v -0.036669 -0.014541 0.014339
v -0.036629 -0.014638 0.014533
v -0.036781 -0.014803 0.014659
v -0.036477 -0.014474 0.014408
v -0.036590 -0.014736 0.014728
v -0.036438 -0.014570 0.014602
v -0.036398 -0.014667 0.014797
v -0.036741 -0.014901 0.014853
v -0.036550 -0.014834 0.014922
v -0.036702 -0.014998 0.015048
v -0.036286 -0.014405 0.014477
v -0.036248 -0.014502 0.014670
v -0.036096 -0.014338 0.014546
v -0.036749 -0.014522 0.014232
v -0.036898 -0.014510 0.014077
v -0.036787 -0.014422 0.014038
v -0.036638 -0.014434 0.014195
v -0.036936 -0.014413 0.013882
v -0.036677 -0.014336 0.014000
v -0.036826 -0.014325 0.013845
v -0.036715 -0.014238 0.013806
v -0.036528 -0.014347 0.014157
v -0.036566 -0.014248 0.013963
v -0.036418 -0.014259 0.014118
v -0.036974 -0.014314 0.013688
v -0.036862 -0.014227 0.013650
v -0.037011 -0.014216 0.013494
v -0.036558 -0.014453 0.014301
v -0.036366 -0.014386 0.014370
v -0.036448 -0.014366 0.014264
v -0.036258 -0.014299 0.014333
v -0.036176 -0.014318 0.014438
v -0.036338 -0.014278 0.014226
v -0.030560 -0.010611 0.013688
v -0.030456 -0.010792 0.014075
v -0.030629 -0.010770 0.013882
v -0.030525 -0.010950 0.014269
v -0.030352 -0.010971 0.014464
v -0.030421 -0.011131 0.014658
v -0.030698 -0.010930 0.014075
v -0.030594 -0.011110 0.014462
v -0.030765 -0.011088 0.014269
v -0.030248 -0.011152 0.014853
v -0.035690 -0.013864 0.014160
v -0.035872 -0.013963 0.014150
v -0.035792 -0.013982 0.014256
v -0.035973 -0.014082 0.014246
v -0.036054 -0.014062 0.014139
v -0.035893 -0.014101 0.014352
v -0.036155 -0.014181 0.014235
v -0.036075 -0.014200 0.014342
v -0.036235 -0.014160 0.014130
v -0.035995 -0.014219 0.014450
v -0.033458 -0.012608 0.014211
v -0.033760 -0.012854 0.014328
v -0.032611 -0.012248 0.014419
v -0.032914 -0.012496 0.014538
v -0.034061 -0.013101 0.014446
v -0.031766 -0.011890 0.014629
v -0.033216 -0.012742 0.014654
v -0.032069 -0.012138 0.014747
v -0.032371 -0.012384 0.014864
v -0.034363 -0.013349 0.014563
v -0.033518 -0.012990 0.014773
v -0.034666 -0.013595 0.014682
v -0.030922 -0.011531 0.014838
v -0.031224 -0.011779 0.014955
v -0.031733 -0.012130 0.015048
v -0.032880 -0.012734 0.014955
v -0.033389 -0.013085 0.015048
v -0.034027 -0.013341 0.014864
v -0.034536 -0.013691 0.014955
v -0.035683 -0.014298 0.014864
v -0.035174 -0.013946 0.014773
v -0.035045 -0.014042 0.015048
v -0.036192 -0.014648 0.014955
v -0.032955 -0.012325 0.014224
v -0.032110 -0.011966 0.014432
v -0.032453 -0.012043 0.014235
v -0.031264 -0.011608 0.014642
v -0.031608 -0.011685 0.014445
v -0.030763 -0.011325 0.014654
v -0.030419 -0.011250 0.014851
v -0.031950 -0.011760 0.014248
v -0.031106 -0.011402 0.014458
v -0.031448 -0.011478 0.014261
v -0.036021 -0.013952 0.013994
v -0.036202 -0.014051 0.013982
v -0.036350 -0.014040 0.013827
v -0.036533 -0.014139 0.013816
v -0.036384 -0.014150 0.013973
v -0.036682 -0.014128 0.013661
v -0.031278 -0.011381 0.014262
v -0.031210 -0.011222 0.014069
v -0.031038 -0.011125 0.014070
v -0.031107 -0.011283 0.014264
v -0.030971 -0.010965 0.013877
v -0.030867 -0.011027 0.014074
v -0.030800 -0.010867 0.013880
v -0.030936 -0.011186 0.014267
v -0.030731 -0.010709 0.013686
v -0.034346 -0.013010 0.014032
v -0.034016 -0.012922 0.014198
v -0.034904 -0.013323 0.014019
v -0.035235 -0.013411 0.013853
v -0.034573 -0.013235 0.014186
v -0.035792 -0.013726 0.013840
v -0.035462 -0.013638 0.014006
v -0.036123 -0.013814 0.013674
v -0.035131 -0.013550 0.014173
v -0.035024 -0.013781 0.014646
v -0.035533 -0.014131 0.014739
v -0.035381 -0.013966 0.014613
v -0.035890 -0.014317 0.014704
v -0.036042 -0.014482 0.014830
v -0.035739 -0.014152 0.014579
v -0.030934 -0.011304 0.014459
v -0.030592 -0.011229 0.014656
v -0.030763 -0.011206 0.014461
v -0.034317 -0.013168 0.014315
v -0.034875 -0.013483 0.014302
v -0.034619 -0.013416 0.014434
v -0.035178 -0.013730 0.014421
v -0.035434 -0.013797 0.014290
v -0.034922 -0.013662 0.014550
v -0.032717 -0.012069 0.014032
v -0.032214 -0.011786 0.014045
v -0.031974 -0.011530 0.013853
v -0.031712 -0.011504 0.014056
v -0.031472 -0.011248 0.013866
v -0.031234 -0.010990 0.013674
v -0.032123 -0.011394 0.013494
v -0.032864 -0.011931 0.013674
v -0.033752 -0.012334 0.013494
v -0.034493 -0.012872 0.013674
v -0.033605 -0.012470 0.013853
v -0.035382 -0.013275 0.013494
v -0.035280 -0.013848 0.014517
v -0.035536 -0.013915 0.014387
v -0.035637 -0.014034 0.014483
v -0.036194 -0.016187 0.011410
v -0.035973 -0.016672 0.011480
v -0.036150 -0.016283 0.011899
v -0.035928 -0.016766 0.011970
v -0.035746 -0.017154 0.011549
v -0.036107 -0.016378 0.012390
v -0.035699 -0.017248 0.012040
v -0.035883 -0.016862 0.012461
v -0.035654 -0.017342 0.012531
v -0.035512 -0.017632 0.011619
v -0.035464 -0.017726 0.012110
v -0.035272 -0.018107 0.011690
v -0.036064 -0.016474 0.012880
v -0.035838 -0.016957 0.012950
v -0.036019 -0.016570 0.013371
v -0.035272 -0.018107 0.009317
v -0.035272 -0.018107 0.009910
v -0.035512 -0.017632 0.009840
v -0.035512 -0.017632 0.010434
v -0.035272 -0.018107 0.010504
v -0.035746 -0.017154 0.010363
v -0.035512 -0.017632 0.011026
v -0.035746 -0.017154 0.010957
v -0.035272 -0.018107 0.011096
v -0.035973 -0.016672 0.010886
v -0.036659 -0.015102 0.014045
v -0.036619 -0.015200 0.014240
v -0.036453 -0.015594 0.013821
v -0.036411 -0.015691 0.014014
v -0.036578 -0.015298 0.014434
v -0.036370 -0.015787 0.014210
v -0.036240 -0.016083 0.013595
v -0.036197 -0.016179 0.013790
v -0.036538 -0.015394 0.014629
v -0.036699 -0.015005 0.013555
v -0.036494 -0.015498 0.013330
v -0.036534 -0.015402 0.012840
v -0.036323 -0.015891 0.012614
v -0.036282 -0.015987 0.013106
v -0.036366 -0.015795 0.012125
v -0.036739 -0.014909 0.013362
v -0.036778 -0.014811 0.013168
v -0.036574 -0.015304 0.012646
v -0.036616 -0.015208 0.012453
v -0.036818 -0.014714 0.012974
v -0.036408 -0.015699 0.011931
v -0.034782 -0.018954 0.010728
v -0.034782 -0.018954 0.010134
v -0.034294 -0.019800 0.009765
v -0.034782 -0.018954 0.009541
v -0.034294 -0.019800 0.009171
v -0.034294 -0.019800 0.008578
v -0.034782 -0.018954 0.008947
v -0.033806 -0.020646 0.008802
v -0.033806 -0.020646 0.008210
v -0.033317 -0.021493 0.007840
v -0.034782 -0.018954 0.008354
v -0.034294 -0.019800 0.007984
v -0.034294 -0.019800 0.007392
v -0.033806 -0.020646 0.007022
v -0.033806 -0.020646 0.007616
v -0.033317 -0.021493 0.006653
v -0.033806 -0.020646 0.006429
v -0.033317 -0.021493 0.006059
v -0.033317 -0.021493 0.005466
v -0.033317 -0.021493 0.007246
v 0.002861 0.031486 0.011482
v 0.002286 0.031486 0.011482
v 0.002496 0.031339 0.011482
v 0.001710 0.031486 0.011482
v 0.001922 0.031339 0.011482
v 0.001346 0.031339 0.011482
v 0.001136 0.031486 0.011482
v 0.002131 0.031190 0.011482
v 0.001557 0.031190 0.011482
v 0.001768 0.031043 0.011482
v 0.003226 0.031280 0.011482
v 0.002861 0.031131 0.011482
v 0.003226 0.030925 0.011482
v 0.002496 0.030984 0.011482
v 0.002861 0.030778 0.011482
v 0.002496 0.030630 0.011482
v 0.002131 0.030837 0.011482
v 0.003226 0.030571 0.011482
v 0.002861 0.030424 0.011482
v 0.003226 0.030218 0.011482
v -0.004402 0.030218 0.011482
v -0.002494 0.030218 0.011482
v -0.003531 0.030395 0.011482
v -0.001626 0.030395 0.011482
v -0.000587 0.030218 0.011482
v -0.002662 0.030571 0.011482
v 0.000282 0.030395 0.011482
v -0.000755 0.030571 0.011482
v 0.001152 0.030571 0.011482
v 0.001318 0.030218 0.011482
v 0.002189 0.030395 0.011482
v -0.001792 0.030749 0.011482
v 0.000114 0.030749 0.011482
v -0.000923 0.030925 0.011482
v 0.000464 0.031456 0.011482
v 0.000674 0.031309 0.011482
v 0.000002 0.031280 0.011482
v 0.000211 0.031131 0.011482
v 0.000885 0.031162 0.011482
v 0.000422 0.030984 0.011482
v -0.000461 0.031102 0.011482
v -0.000250 0.030955 0.011482
v 0.001094 0.031014 0.011482
v 0.000787 0.030778 0.011482
v 0.001824 0.030602 0.011482
v 0.001459 0.030808 0.011482
v -0.000406 0.031634 0.011482
v -0.000869 0.031456 0.011482
v -0.001738 0.031634 0.011482
v -0.002200 0.031456 0.011482
v -0.001331 0.031280 0.011482
v -0.002662 0.031280 0.011482
v -0.003070 0.031634 0.011482
v -0.003531 0.031456 0.011482
v -0.004402 0.031634 0.011482
v -0.001792 0.031102 0.011482
v -0.004402 0.030571 0.011482
v -0.003531 0.030749 0.011482
v -0.004402 0.030925 0.011482
v -0.002662 0.030925 0.011482
v -0.003531 0.031102 0.011482
v -0.004402 0.031280 0.011482
v 0.010034 -0.001973 0.019200
v 0.010018 -0.002058 0.019200
v 0.010322 -0.002139 0.019200
v 0.010000 -0.002142 0.019200
v 0.010306 -0.002224 0.019200
v 0.010288 -0.002309 0.019200
v 0.009982 -0.002227 0.019200
v 0.010611 -0.002306 0.019200
v 0.010594 -0.002390 0.019200
v 0.009963 -0.002312 0.019200
v 0.009942 -0.002397 0.019200
v 0.010267 -0.002394 0.019200
v -0.006800 -0.007334 0.019200
v -0.006650 -0.007472 0.019200
v -0.006776 -0.007480 0.019200
v -0.006622 -0.007614 0.019200
v -0.006496 -0.007606 0.019200
v -0.006469 -0.007749 0.019200
v -0.006752 -0.007627 0.019200
v -0.006598 -0.007762 0.019200
v -0.006728 -0.007773 0.019200
v -0.006339 -0.007738 0.019200
v -0.005842 -0.008251 0.019200
v -0.006008 -0.008133 0.019200
v -0.006131 -0.008293 0.019200
v -0.006173 -0.008013 0.019200
v -0.006294 -0.008171 0.019200
v -0.006459 -0.008050 0.019200
v -0.006334 -0.007888 0.019200
v -0.006419 -0.008333 0.019200
v -0.006584 -0.008211 0.019200
v -0.006709 -0.008374 0.019200
v -0.006946 -0.007258 0.019200
v -0.006922 -0.007403 0.019200
v -0.007067 -0.007328 0.019200
v -0.007042 -0.007474 0.019200
v -0.006898 -0.007550 0.019200
v -0.007018 -0.007619 0.019200
v -0.007187 -0.007397 0.019200
v -0.007163 -0.007544 0.019200
v -0.007309 -0.007467 0.019200
v -0.006872 -0.007696 0.019200
v -0.006464 -0.007899 0.019200
v -0.006594 -0.007912 0.019200
v -0.006589 -0.008061 0.019200
v -0.006718 -0.008074 0.019200
v -0.006723 -0.007923 0.019200
v -0.006714 -0.008224 0.019200
v -0.006285 -0.008634 0.019200
v -0.006573 -0.008674 0.019200
v -0.007016 -0.009056 0.019200
v -0.006862 -0.008715 0.019200
v -0.007306 -0.009096 0.019200
v -0.007594 -0.009138 0.019200
v -0.007152 -0.008755 0.019200
v -0.007747 -0.009478 0.019200
v -0.008037 -0.009518 0.019200
v -0.008480 -0.009901 0.019200
v -0.007602 -0.008075 0.019200
v -0.007158 -0.007693 0.019200
v -0.007451 -0.008302 0.019200
v -0.007894 -0.008683 0.019200
v -0.007008 -0.007920 0.019200
v -0.007744 -0.008910 0.019200
v -0.007301 -0.008528 0.019200
v -0.008187 -0.009291 0.019200
v -0.006859 -0.008147 0.019200
v -0.006867 -0.007846 0.019200
v -0.007013 -0.007770 0.019200
v -0.006864 -0.007997 0.019200
v -0.016155 -0.013715 0.015798
v -0.018202 -0.015563 0.015123
v -0.014235 -0.012762 0.016648
v -0.016283 -0.014610 0.015974
v -0.020248 -0.017410 0.014450
v -0.012317 -0.011808 0.017499
v -0.018330 -0.016456 0.015299
v -0.014363 -0.013656 0.016824
v -0.016411 -0.015502 0.016150
v -0.022296 -0.019258 0.013774
v -0.020376 -0.018304 0.014626
v -0.024342 -0.021106 0.013101
v -0.010398 -0.010854 0.018349
v -0.012445 -0.012701 0.017675
v -0.013942 -0.012154 0.016648
v -0.012024 -0.011200 0.017499
v -0.011731 -0.010590 0.017499
v -0.010106 -0.010246 0.018349
v -0.009813 -0.009637 0.018349
v -0.009520 -0.009029 0.018349
v -0.024507 -0.020819 0.012925
v -0.022461 -0.018973 0.013598
v -0.024672 -0.020534 0.012749
v -0.020413 -0.017125 0.014274
v -0.022624 -0.018686 0.013422
v -0.020578 -0.016840 0.014098
v -0.018366 -0.015277 0.014947
v -0.024837 -0.020250 0.012573
v -0.022789 -0.018402 0.013246
v -0.025002 -0.019963 0.012397
v -0.026939 -0.016608 0.008866
v -0.027558 -0.015534 0.011821
v -0.026059 -0.018133 0.008866
v -0.025438 -0.019205 0.005910
v -0.026678 -0.017059 0.011821
v -0.024558 -0.020730 0.005910
v -0.025178 -0.019658 0.008866
v -0.023678 -0.022254 0.005910
v -0.023939 -0.021802 0.002955
v -0.023059 -0.023328 0.002957
v -0.022440 -0.024400 0.000002
v -0.025797 -0.018584 0.011821
v -0.024298 -0.021182 0.008866
v -0.024917 -0.020109 0.011821
v -0.024486 -0.020856 0.012781
v -0.023867 -0.021928 0.009826
v -0.024010 -0.021680 0.009506
v -0.024630 -0.020606 0.012461
v -0.023390 -0.022752 0.006550
v -0.024154 -0.021430 0.009186
v -0.023534 -0.022504 0.006230
v -0.024773 -0.020358 0.012141
v -0.022915 -0.023576 0.003277
v -0.024651 -0.020571 0.012605
v -0.024816 -0.020285 0.012429
v -0.024795 -0.020322 0.012285
v -0.024958 -0.020037 0.012109
v -0.024981 -0.020000 0.012253
v -0.024938 -0.020072 0.011965
v -0.029312 -0.012203 0.011821
v -0.029336 -0.011746 0.011821
v -0.029005 -0.012026 0.011821
v -0.028979 -0.012483 0.011821
v -0.029030 -0.011570 0.011821
v -0.028674 -0.012306 0.011821
v -0.028698 -0.011850 0.011821
v -0.028366 -0.012130 0.011821
v -0.028648 -0.012763 0.011821
v -0.028341 -0.012586 0.011821
v -0.028315 -0.013043 0.011821
v -0.028723 -0.011392 0.011821
v -0.028392 -0.011672 0.011821
v -0.028418 -0.011216 0.011821
v -0.026541 -0.015882 0.011821
v -0.027010 -0.014715 0.011821
v -0.026984 -0.015171 0.011821
v -0.027453 -0.014005 0.011821
v -0.027478 -0.013549 0.011821
v -0.027429 -0.014462 0.011821
v -0.027923 -0.012838 0.011821
v -0.027898 -0.013296 0.011821
v -0.027947 -0.012382 0.011821
v -0.027872 -0.013752 0.011821
v -0.023691 -0.019402 0.011821
v -0.024872 -0.017355 0.011821
v -0.024403 -0.018522 0.011821
v -0.025584 -0.016475 0.011821
v -0.026054 -0.015309 0.011821
v -0.025115 -0.017642 0.011821
v -0.026766 -0.014429 0.011821
v -0.026298 -0.015595 0.011821
v -0.027235 -0.013262 0.011821
v -0.025829 -0.016762 0.011821
v -0.027965 -0.014478 0.011821
v -0.028408 -0.013768 0.011821
v -0.027933 -0.014235 0.011821
v -0.027490 -0.014946 0.011821
v -0.028378 -0.013526 0.011821
v -0.027459 -0.014704 0.011821
v -0.027902 -0.013994 0.011821
v -0.027014 -0.015413 0.011821
v -0.028347 -0.013285 0.011821
v -0.028709 -0.013246 0.011821
v -0.028678 -0.013005 0.011821
v -0.029010 -0.012725 0.011821
v -0.027083 -0.016003 0.011821
v -0.026203 -0.017528 0.011821
v -0.026610 -0.016470 0.011821
v -0.025730 -0.017995 0.011821
v -0.025323 -0.019051 0.011821
v -0.026134 -0.016938 0.011821
v -0.024611 -0.019931 0.011821
v -0.025016 -0.018875 0.011821
v -0.024304 -0.019755 0.011821
v -0.024710 -0.018698 0.011821
v -0.025422 -0.017818 0.011821
v -0.023997 -0.019578 0.011821
v -0.030725 -0.016968 0.010422
v -0.031202 -0.017451 0.010245
v -0.030253 -0.017938 0.009363
v -0.030730 -0.018421 0.009186
v -0.031678 -0.017933 0.010069
v -0.029781 -0.018907 0.008302
v -0.031206 -0.018902 0.009010
v -0.030258 -0.019390 0.008126
v -0.030734 -0.019872 0.007949
v -0.032155 -0.018416 0.009891
v -0.031683 -0.019386 0.008832
v -0.032632 -0.018899 0.009715
v -0.029309 -0.019877 0.007243
v -0.029786 -0.020360 0.007066
v -0.028837 -0.020846 0.006184
v -0.029397 -0.014133 0.012187
v -0.029010 -0.014749 0.011470
v -0.029968 -0.014874 0.011837
v -0.030354 -0.014256 0.012554
v -0.029582 -0.015490 0.011122
v -0.030926 -0.014997 0.012203
v -0.030539 -0.015613 0.011488
v -0.031498 -0.015736 0.011854
v -0.031312 -0.014381 0.012920
v -0.031883 -0.015120 0.012570
v -0.032270 -0.014504 0.013286
v -0.030154 -0.016229 0.010771
v -0.031112 -0.016352 0.011138
v -0.032669 -0.015018 0.013043
v -0.032283 -0.015634 0.012328
v -0.033067 -0.015533 0.012802
v -0.032682 -0.016149 0.012085
v -0.031896 -0.016250 0.011611
v -0.032296 -0.016765 0.011370
v -0.033467 -0.016046 0.012558
v -0.033080 -0.016662 0.011843
v -0.033866 -0.016562 0.012317
v -0.031510 -0.016867 0.010896
v -0.029806 -0.013424 0.012994
v -0.030216 -0.012715 0.013800
v -0.030763 -0.013547 0.013360
v -0.031173 -0.012838 0.014166
v -0.030626 -0.012005 0.014606
v -0.031722 -0.013670 0.013726
v -0.029957 -0.021008 0.006597
v -0.030906 -0.020522 0.007480
v -0.031077 -0.021170 0.007011
v -0.031854 -0.020034 0.008363
v -0.032026 -0.020682 0.007894
v -0.032974 -0.020195 0.008778
v -0.032803 -0.019547 0.009246
v -0.032197 -0.021331 0.007426
v -0.033146 -0.020843 0.008309
v -0.030971 -0.024755 0.003901
v -0.030437 -0.023778 0.004470
v -0.031589 -0.023960 0.004883
v -0.031045 -0.022976 0.005454
v -0.029904 -0.022800 0.005042
v -0.032186 -0.023152 0.005867
v -0.030490 -0.021986 0.006027
v -0.031632 -0.022160 0.006438
v -0.029370 -0.021824 0.005613
v -0.032763 -0.022330 0.006853
v -0.029939 -0.017323 0.009733
v -0.029467 -0.018293 0.008674
v -0.029155 -0.017677 0.009045
v -0.028995 -0.019262 0.007614
v -0.028683 -0.018646 0.007984
v -0.028211 -0.019616 0.006925
v -0.028523 -0.020232 0.006554
v -0.028370 -0.018030 0.008355
v -0.027898 -0.019000 0.007296
v -0.027586 -0.018386 0.007667
v -0.034218 -0.016947 0.012160
v -0.033557 -0.017146 0.011667
v -0.033909 -0.017531 0.011510
v -0.034568 -0.017334 0.012003
v -0.033250 -0.017730 0.011016
v -0.034261 -0.017918 0.011354
v -0.033600 -0.018117 0.010859
v -0.033952 -0.018502 0.010702
v -0.034920 -0.017722 0.011846
v -0.034611 -0.018306 0.011197
v -0.032941 -0.018314 0.010365
v -0.033293 -0.018701 0.010210
v -0.035482 -0.016568 0.013107
v -0.035298 -0.016954 0.012688
v -0.034942 -0.016565 0.012843
v -0.035112 -0.017339 0.012267
v -0.034755 -0.016950 0.012424
v -0.034405 -0.016563 0.012581
v -0.023651 -0.024358 0.000634
v -0.023902 -0.025245 0.000002
v -0.025114 -0.025203 0.000634
v -0.024862 -0.024317 0.001266
v -0.025365 -0.026088 0.000002
v -0.026326 -0.025162 0.001266
v -0.026578 -0.026046 0.000634
v -0.027789 -0.026005 0.001266
v -0.026074 -0.024275 0.001898
v -0.027538 -0.025118 0.001898
v -0.027286 -0.024234 0.002530
v -0.026829 -0.026933 0.000002
v -0.028040 -0.026891 0.000634
v -0.028291 -0.027778 0.000002
v -0.028226 -0.015104 0.010782
v -0.028797 -0.015843 0.010432
v -0.028011 -0.016197 0.009744
v -0.029368 -0.016582 0.010083
v -0.028584 -0.016938 0.009394
v -0.027798 -0.017291 0.008706
v -0.030050 -0.024624 0.003558
v -0.029515 -0.023646 0.004128
v -0.029128 -0.024494 0.003216
v -0.028595 -0.023517 0.003786
v -0.028982 -0.022670 0.004699
v -0.028061 -0.022539 0.004357
v -0.028206 -0.024363 0.002874
v -0.027674 -0.023387 0.003443
v -0.028450 -0.021693 0.005270
v -0.030331 -0.025534 0.002920
v -0.029400 -0.025395 0.002579
v -0.029672 -0.026298 0.001944
v -0.028730 -0.026152 0.001605
v -0.028458 -0.025250 0.002240
v -0.028992 -0.027045 0.000971
v -0.031987 -0.017349 0.010718
v -0.032773 -0.017246 0.011192
v -0.032464 -0.017832 0.010542
v -0.034123 -0.019152 0.010234
v -0.033635 -0.019998 0.009270
v -0.033464 -0.019349 0.009739
v -0.026725 -0.017701 0.007827
v -0.026512 -0.018795 0.006789
v -0.025226 -0.020299 0.004872
v -0.025013 -0.021392 0.003834
v -0.026299 -0.019890 0.005750
v -0.023726 -0.022896 0.001917
v -0.027237 -0.021734 0.004638
v -0.026925 -0.021120 0.005008
v -0.025638 -0.022624 0.003093
v -0.025325 -0.022008 0.003462
v -0.026611 -0.020504 0.005379
v -0.024038 -0.023512 0.001547
v -0.032282 -0.012962 0.014606
v -0.033938 -0.013918 0.014606
v -0.032829 -0.013795 0.014166
v -0.034486 -0.014750 0.014166
v -0.035594 -0.014874 0.014606
v -0.033378 -0.014627 0.013726
v -0.026850 -0.022581 0.003725
v -0.026462 -0.023429 0.002811
v -0.025251 -0.023470 0.002179
v -0.033778 -0.015141 0.013485
v -0.034885 -0.015266 0.013925
v -0.034176 -0.015656 0.013242
v -0.035283 -0.015779 0.013682
v -0.035992 -0.015389 0.014365
v -0.034574 -0.016170 0.013000
v -0.035656 -0.016176 0.013526
v -0.035114 -0.016173 0.013262
v -0.035827 -0.015784 0.013946
v -0.013464 -0.014541 0.013946
v -0.012472 -0.013939 0.014030
v -0.012218 -0.013381 0.015259
v -0.011227 -0.012779 0.015344
v -0.011482 -0.013339 0.014115
v -0.010971 -0.012221 0.016573
v -0.010235 -0.012179 0.015429
v -0.009981 -0.011619 0.016658
v -0.008989 -0.011019 0.016742
v -0.010490 -0.012739 0.014200
v -0.009245 -0.011579 0.015514
v -0.009499 -0.012138 0.014285
v -0.009725 -0.011061 0.017886
v -0.008734 -0.010459 0.017971
v -0.013333 -0.019142 0.000002
v -0.011056 -0.017829 0.000002
v -0.012291 -0.017786 0.002254
v -0.010014 -0.016472 0.002254
v -0.008779 -0.016514 0.000002
v -0.011250 -0.016429 0.004506
v -0.007738 -0.015157 0.002254
v -0.008973 -0.015115 0.004506
v -0.006696 -0.013800 0.004506
v -0.006502 -0.015198 0.000002
v -0.005461 -0.013842 0.002254
v -0.004226 -0.013885 0.000002
v -0.010210 -0.015072 0.006758
v -0.007933 -0.013758 0.006758
v -0.009168 -0.013715 0.009011
v 0.002605 -0.009941 0.000002
v 0.000707 -0.010554 0.001442
v 0.000328 -0.011256 0.000002
v -0.000938 -0.010838 0.003421
v -0.001317 -0.011541 0.001982
v -0.002960 -0.011826 0.003963
v -0.002328 -0.010795 0.005944
v -0.001949 -0.012570 0.000002
v -0.003594 -0.012854 0.001982
v -0.005827 -0.008826 0.017838
v -0.006558 -0.009248 0.017838
v -0.006101 -0.009440 0.016477
v -0.007290 -0.009670 0.017838
v -0.006832 -0.009862 0.016477
v -0.007563 -0.010285 0.016477
v -0.008021 -0.010093 0.017838
v -0.006374 -0.010056 0.015114
v -0.007106 -0.010478 0.015114
v -0.006648 -0.010670 0.013752
v -0.003563 -0.010754 0.008195
v -0.004195 -0.011782 0.006214
v -0.005432 -0.011741 0.008467
v -0.006064 -0.012771 0.006486
v -0.004829 -0.012813 0.004234
v -0.007299 -0.012728 0.008739
v -0.002933 -0.009992 0.009381
v -0.004802 -0.010979 0.009653
v -0.004171 -0.010218 0.010838
v -0.006040 -0.011206 0.011110
v -0.006670 -0.011966 0.009925
v -0.007907 -0.012194 0.011381
v -0.005410 -0.010445 0.012294
v -0.007278 -0.011432 0.012566
v -0.008538 -0.012955 0.010197
v -0.022392 -0.020355 0.011979
v -0.021917 -0.021179 0.008706
v -0.020442 -0.019605 0.010859
v -0.021440 -0.022003 0.005430
v -0.019966 -0.020429 0.007584
v -0.019490 -0.021253 0.004310
v -0.020965 -0.022826 0.002155
v -0.018491 -0.018854 0.009739
v -0.018016 -0.019678 0.006464
v -0.016541 -0.018104 0.008618
v -0.010242 -0.013922 0.010245
v -0.011011 -0.014813 0.008912
v -0.012085 -0.015019 0.010147
v -0.011315 -0.014128 0.011478
v -0.012854 -0.015910 0.008814
v -0.013158 -0.015226 0.011381
v -0.013928 -0.016117 0.010048
v -0.015002 -0.016322 0.011282
v -0.012390 -0.014334 0.012712
v -0.014234 -0.015432 0.012614
v -0.014698 -0.017006 0.008717
v -0.015771 -0.017213 0.009950
v -0.014134 -0.018883 0.002155
v -0.015610 -0.020458 0.000002
v -0.016411 -0.020197 0.002155
v -0.014936 -0.018624 0.004310
v -0.017886 -0.021771 0.000002
v -0.017213 -0.019938 0.004310
v -0.018688 -0.021512 0.002155
v -0.015739 -0.018363 0.006464
v -0.020163 -0.023086 0.000002
v -0.013093 -0.017526 0.004408
v -0.012053 -0.016170 0.006661
v -0.013896 -0.017267 0.006562
v -0.009251 -0.013322 0.010330
v -0.010325 -0.013528 0.011563
v -0.009333 -0.012926 0.011648
v -0.010408 -0.013133 0.012882
v -0.011398 -0.013734 0.012797
v -0.009416 -0.012533 0.012966
v -0.007360 -0.011037 0.013885
v -0.007819 -0.010845 0.015246
v -0.008074 -0.011405 0.014018
v -0.008277 -0.010653 0.016610
v -0.008531 -0.011211 0.015381
v -0.008786 -0.011771 0.014150
v -0.008621 -0.012560 0.011515
v -0.007990 -0.011798 0.012699
v -0.008704 -0.012165 0.012834
v -0.013691 -0.013861 0.016362
v -0.017658 -0.016662 0.014837
v -0.014938 -0.015021 0.015048
v -0.018902 -0.017822 0.013523
v -0.021622 -0.019464 0.013312
v -0.016184 -0.016181 0.013734
v -0.017722 -0.017963 0.011070
v -0.016952 -0.017072 0.012403
v -0.019672 -0.018714 0.012192
v -0.004966 -0.009291 0.014971
v -0.005136 -0.009829 0.013658
v -0.004002 -0.009680 0.012152
v 0.009674 0.002163 0.004766
v 0.009781 0.001603 0.006021
v 0.009778 0.001629 0.003576
v 0.009854 0.001072 0.004838
v 0.009856 0.001056 0.007291
v 0.009853 0.001088 0.002384
v 0.009898 0.000528 0.006114
v 0.009898 0.000546 0.003659
v 0.009898 0.000522 0.008574
v 0.009898 0.000546 0.001192
v 0.009630 0.002347 0.000002
v 0.009642 0.002301 0.001192
v 0.009754 0.001768 0.000002
v 0.009762 0.001722 0.001192
v 0.009653 0.002256 0.002384
v 0.009842 0.001182 0.000002
v 0.009770 0.001675 0.002384
v 0.009846 0.001134 0.001192
v 0.009662 0.002210 0.003576
v 0.009894 0.000592 0.000002
v 0.009474 0.002917 0.000002
v 0.009486 0.002872 0.001192
v 0.009282 0.003478 0.000002
v 0.009309 0.003403 0.001162
v 0.009509 0.002797 0.002352
v 0.009336 0.003330 0.002320
v 0.009058 0.004026 0.000002
v 0.009098 0.003936 0.001141
v 0.008802 0.004560 0.000002
v 0.009526 0.002739 0.003531
v 0.011331 -0.000832 0.009901
v 0.011314 -0.001256 0.010992
v 0.012750 -0.001666 0.009934
v 0.012717 -0.002080 0.011029
v 0.011278 -0.001670 0.012086
v 0.012682 -0.002494 0.012125
v 0.014171 -0.002498 0.009968
v 0.014136 -0.002914 0.011062
v 0.015590 -0.003331 0.010002
v 0.011227 -0.002077 0.013186
v 0.020744 -0.007936 0.014102
v 0.021069 -0.008280 0.014498
v 0.022365 -0.008547 0.013285
v 0.022040 -0.008203 0.012891
v 0.022688 -0.008890 0.013680
v 0.023659 -0.008813 0.012074
v 0.023984 -0.009157 0.012467
v 0.025280 -0.009424 0.011256
v 0.023336 -0.008469 0.011678
v 0.024955 -0.009080 0.010861
v 0.024630 -0.008736 0.010467
v 0.024309 -0.009501 0.012862
v 0.025603 -0.009768 0.011650
v 0.025928 -0.010110 0.012045
v 0.027037 -0.008597 0.006619
v 0.026688 -0.008050 0.005749
v 0.027243 -0.008376 0.005760
v 0.026894 -0.007827 0.004890
v 0.026338 -0.007502 0.004878
v 0.027451 -0.008154 0.004901
v 0.026544 -0.007280 0.004019
v 0.027101 -0.007606 0.004030
v 0.026752 -0.007058 0.003158
v 0.025989 -0.006955 0.004008
v 0.026195 -0.006733 0.003149
v 0.025638 -0.006406 0.003138
v 0.027658 -0.007931 0.004042
v 0.027309 -0.007384 0.003170
v 0.027866 -0.007710 0.003181
v 0.026960 -0.008891 0.007472
v 0.026435 -0.008632 0.007581
v 0.026358 -0.008926 0.008435
v 0.026883 -0.009186 0.008326
v 0.025834 -0.008667 0.008542
v 0.026282 -0.009221 0.009288
v 0.025757 -0.008960 0.009397
v 0.025680 -0.009254 0.010250
v 0.026806 -0.009480 0.009179
v 0.026205 -0.009515 0.010141
v 0.026730 -0.009774 0.010032
v 0.025232 -0.008701 0.009504
v 0.025155 -0.008995 0.010358
v 0.010698 -0.002266 0.014432
v 0.012152 -0.002685 0.013371
v 0.011622 -0.002874 0.014618
v 0.013606 -0.003102 0.012310
v 0.013077 -0.003293 0.013557
v 0.014531 -0.003710 0.012496
v 0.015061 -0.003522 0.011248
v 0.012547 -0.003482 0.014805
v 0.014002 -0.003901 0.013742
v 0.013474 -0.004090 0.014990
v 0.020186 -0.002013 0.000002
v 0.020834 -0.003106 0.001811
v 0.019037 -0.002342 0.002501
v 0.019685 -0.003435 0.004310
v 0.021482 -0.004198 0.003621
v 0.017888 -0.002672 0.005002
v 0.020333 -0.004528 0.006120
v 0.018536 -0.003765 0.006811
v 0.019184 -0.004858 0.008621
v 0.022130 -0.005293 0.005430
v 0.020981 -0.005621 0.007930
v 0.022779 -0.006386 0.007240
v 0.016739 -0.003002 0.007501
v 0.017387 -0.004094 0.009310
v 0.018485 -0.006586 0.013987
v 0.020282 -0.007349 0.013296
v 0.019317 -0.006264 0.011968
v 0.017520 -0.005501 0.012658
v 0.021114 -0.007027 0.011277
v 0.018352 -0.005179 0.010640
v 0.020149 -0.005942 0.009949
v 0.016555 -0.004416 0.011330
v 0.021946 -0.006706 0.009259
v 0.010406 -0.003418 0.017758
v 0.010517 -0.003042 0.016646
v 0.011429 -0.003642 0.016835
v 0.010614 -0.002658 0.015539
v 0.011525 -0.003258 0.015726
v 0.012451 -0.003866 0.015912
v 0.010720 -0.000002 0.008696
v 0.010691 0.000526 0.007408
v 0.011528 -0.000003 0.007525
v 0.010632 0.001067 0.006133
v 0.011469 0.000538 0.006250
v 0.011408 0.001080 0.004974
v 0.010541 0.001621 0.004870
v 0.012336 -0.000003 0.006354
v 0.012277 0.000538 0.005078
v 0.013144 -0.000005 0.005181
v 0.012139 -0.000834 0.008730
v 0.012947 -0.000835 0.007558
v 0.013558 -0.001667 0.008763
v 0.014366 -0.001669 0.007592
v 0.013755 -0.000837 0.006387
v 0.014979 -0.002499 0.008797
v 0.021578 -0.007614 0.012085
v 0.022410 -0.007294 0.010066
v 0.022872 -0.007882 0.010872
v 0.023706 -0.007560 0.008853
v 0.023242 -0.006973 0.008046
v 0.024168 -0.008149 0.009659
v 0.018426 -0.001512 0.001296
v 0.017277 -0.001840 0.003797
v 0.016666 -0.001010 0.002592
v 0.016128 -0.002170 0.006296
v 0.015515 -0.001339 0.005091
v 0.014904 -0.000507 0.003886
v 0.030150 -0.008352 0.001475
v 0.030458 -0.008528 0.001475
v 0.030237 -0.008341 0.001322
v 0.030544 -0.008518 0.001322
v 0.030763 -0.008706 0.001475
v 0.030850 -0.008694 0.001322
v 0.030323 -0.008330 0.001168
v 0.030630 -0.008507 0.001168
v 0.030410 -0.008318 0.001014
v 0.031070 -0.008883 0.001475
v 0.027760 -0.011000 0.011622
v 0.027960 -0.010917 0.011118
v 0.027349 -0.010619 0.011259
v 0.027149 -0.010704 0.011763
v 0.027549 -0.010536 0.010757
v 0.026739 -0.010323 0.011400
v 0.026939 -0.010238 0.010898
v 0.026328 -0.009942 0.011038
v 0.026538 -0.010408 0.011904
v 0.026128 -0.010027 0.011541
v 0.027139 -0.010155 0.010394
v 0.026528 -0.009859 0.010534
v 0.021549 -0.003112 0.000786
v 0.022197 -0.004205 0.002595
v 0.022912 -0.004210 0.001570
v 0.023560 -0.005302 0.003379
v 0.022845 -0.005298 0.004405
v 0.024208 -0.006395 0.005189
v 0.024275 -0.005309 0.002354
v 0.024923 -0.006402 0.004163
v 0.023494 -0.006390 0.006214
v 0.031360 -0.008949 0.001221
v 0.031141 -0.008762 0.001067
v 0.031430 -0.008829 0.000814
v 0.030920 -0.008573 0.000915
v 0.031210 -0.008640 0.000661
v 0.030990 -0.008453 0.000507
v 0.030701 -0.008386 0.000762
v 0.031499 -0.008707 0.000408
v 0.031280 -0.008520 0.000254
v 0.031570 -0.008586 0.000002
v 0.023843 -0.006938 0.007085
v 0.024558 -0.006944 0.006059
v 0.024907 -0.007491 0.006930
v 0.025274 -0.006949 0.005034
v 0.025622 -0.007496 0.005904
v 0.025973 -0.008045 0.006774
v 0.024306 -0.007526 0.007891
v 0.025371 -0.008078 0.007736
v 0.024770 -0.008114 0.008698
v 0.029514 -0.008200 0.002016
v 0.029523 -0.008008 0.001520
v 0.028974 -0.007845 0.001909
v 0.028965 -0.008037 0.002405
v 0.028984 -0.007653 0.001413
v 0.028424 -0.007682 0.002298
v 0.028434 -0.007490 0.001802
v 0.027883 -0.007326 0.002189
v 0.028414 -0.007874 0.002794
v 0.027874 -0.007518 0.002685
v 0.028443 -0.007299 0.001306
v 0.027893 -0.007136 0.001693
v 0.027902 -0.006944 0.001198
v 0.017955 -0.006774 0.015234
v 0.016990 -0.005690 0.013906
v 0.016461 -0.005880 0.015152
v 0.015496 -0.004795 0.013824
v 0.016026 -0.004605 0.012578
v 0.014966 -0.004984 0.015070
v 0.025480 -0.009339 0.010752
v 0.026005 -0.009598 0.010643
v 0.025803 -0.009683 0.011147
v 0.026205 -0.006541 0.002653
v 0.026762 -0.006867 0.002664
v 0.026771 -0.006675 0.002168
v 0.027326 -0.007002 0.002178
v 0.027318 -0.007192 0.002674
v 0.027336 -0.006810 0.001683
v 0.029610 -0.007997 0.001366
v 0.029070 -0.007642 0.001259
v 0.029696 -0.007986 0.001213
v 0.029157 -0.007632 0.001106
v 0.028530 -0.007288 0.001152
v 0.029784 -0.007974 0.001061
v 0.017339 -0.000370 0.000002
v 0.015579 0.000131 0.001296
v 0.014493 0.001274 0.000002
v 0.013819 0.000634 0.002592
v 0.012733 0.001774 0.001296
v 0.010973 0.002277 0.002592
v 0.012059 0.001136 0.003886
v 0.011646 0.002917 0.000002
v 0.009886 0.003418 0.001296
v 0.028037 -0.010622 0.010266
v 0.028461 -0.009888 0.007802
v 0.027704 -0.009947 0.009050
v 0.028126 -0.009213 0.006587
v 0.028883 -0.009155 0.005339
v 0.028550 -0.008480 0.004123
v 0.027370 -0.009272 0.007835
v 0.027794 -0.008539 0.005371
v 0.029307 -0.008421 0.002877
v 0.010373 0.002205 0.003648
v 0.010154 0.002803 0.002456
v 0.011190 0.001678 0.003782
v 0.027626 -0.010242 0.009904
v 0.027216 -0.009861 0.009541
v 0.027293 -0.009566 0.008688
v 0.028757 -0.008258 0.003264
v 0.028000 -0.008317 0.004512
v 0.028208 -0.008094 0.003653
v 0.012922 -0.004538 0.016917
v 0.013944 -0.004762 0.015994
v 0.015438 -0.005656 0.016075
v 0.028619 -0.011637 0.011973
v 0.026102 -0.010517 0.012814
v 0.027722 -0.011128 0.011997
v 0.023586 -0.009398 0.013656
v 0.025205 -0.010010 0.012838
v 0.026824 -0.010619 0.012021
v 0.023032 -0.003656 0.000002
v 0.022115 -0.003246 0.000301
v 0.024962 -0.004890 0.000301
v 0.025878 -0.005299 0.000002
v 0.024045 -0.004478 0.000600
v 0.027806 -0.006533 0.000301
v 0.026890 -0.006122 0.000600
v 0.029736 -0.007765 0.000600
v 0.028723 -0.006942 0.000002
v 0.030653 -0.008176 0.000301
v 0.025973 -0.005712 0.000899
v 0.028819 -0.007355 0.000899
v 0.028656 -0.011509 0.011598
v 0.028046 -0.011213 0.011739
v 0.028942 -0.011720 0.011715
v 0.028333 -0.011424 0.011856
v 0.027435 -0.010915 0.011880
v 0.029229 -0.011933 0.011832
v 0.023478 -0.004344 0.001085
v 0.025408 -0.005578 0.001384
v 0.024842 -0.005443 0.001869
v 0.029446 -0.007698 0.000853
v 0.030363 -0.008109 0.000554
v 0.030074 -0.008042 0.000806
v 0.028963 -0.011686 0.011598
v 0.029269 -0.011862 0.011598
v 0.029250 -0.011898 0.011715
v 0.031195 -0.009234 0.001221
v 0.031266 -0.009114 0.000814
v 0.031101 -0.009397 0.000814
v 0.031336 -0.008992 0.000408
v 0.031171 -0.009277 0.000408
v 0.031242 -0.009155 0.000002
v 0.031406 -0.008870 0.000002
v 0.031006 -0.009562 0.000408
v 0.031077 -0.009440 0.000002
v 0.030912 -0.009725 0.000002
v 0.025000 -0.019966 0.011003
v 0.024685 -0.020510 0.011762
v 0.024816 -0.020283 0.011285
v 0.025131 -0.019739 0.010526
v 0.024502 -0.020829 0.012043
v 0.024947 -0.020056 0.010808
v 0.024634 -0.020602 0.011566
v 0.024765 -0.020374 0.011090
v 0.025262 -0.019512 0.010050
v 0.025078 -0.019829 0.010331
v 0.025394 -0.019285 0.009573
v 0.024318 -0.021146 0.012325
v 0.024450 -0.020918 0.011848
v 0.024363 -0.021070 0.011430
v 0.024677 -0.020525 0.010672
v 0.024275 -0.021221 0.011013
v 0.024590 -0.020677 0.010254
v 0.024992 -0.019981 0.009914
v 0.024189 -0.021371 0.010595
v 0.025568 -0.018981 0.008202
v 0.025970 -0.018286 0.007861
v 0.027350 -0.015896 0.005469
v 0.026371 -0.017590 0.007520
v 0.027752 -0.015200 0.005128
v 0.028154 -0.014504 0.004787
v 0.026773 -0.016894 0.007181
v 0.029131 -0.012810 0.002734
v 0.029533 -0.012115 0.002394
v 0.026379 -0.017576 0.008611
v 0.026510 -0.017349 0.008134
v 0.027891 -0.014958 0.005741
v 0.028022 -0.014731 0.005264
v 0.026642 -0.017122 0.007658
v 0.029402 -0.012342 0.002870
v 0.027986 -0.014795 0.006147
v 0.029590 -0.012014 0.003685
v 0.029496 -0.012178 0.003278
v 0.032982 -0.020699 0.006498
v 0.033472 -0.019853 0.005749
v 0.032648 -0.019904 0.006099
v 0.033136 -0.019059 0.005349
v 0.033960 -0.019006 0.004998
v 0.033626 -0.018213 0.004600
v 0.032314 -0.019110 0.005699
v 0.032802 -0.018264 0.004950
v 0.031979 -0.018317 0.005301
v 0.034448 -0.018160 0.004250
v 0.028965 -0.018618 0.006656
v 0.029619 -0.017707 0.005802
v 0.029718 -0.018542 0.006318
v 0.030373 -0.017632 0.005462
v 0.030275 -0.016797 0.004946
v 0.030472 -0.018467 0.005979
v 0.031027 -0.016722 0.004606
v 0.031126 -0.017557 0.005123
v 0.031781 -0.016646 0.004267
v 0.030930 -0.015888 0.004090
v 0.031683 -0.015811 0.003750
v 0.031584 -0.014978 0.003234
v 0.031226 -0.018392 0.005640
v 0.031880 -0.017482 0.004784
v 0.036365 -0.015797 0.001944
v 0.035768 -0.015288 0.001835
v 0.036614 -0.015208 0.001458
v 0.036013 -0.014698 0.001349
v 0.035171 -0.014779 0.001726
v 0.036856 -0.014616 0.000971
v 0.035406 -0.014184 0.001240
v 0.036250 -0.014102 0.000862
v 0.035643 -0.013589 0.000755
v 0.034574 -0.014270 0.001618
v 0.034810 -0.013675 0.001131
v 0.033978 -0.013762 0.001507
v 0.037086 -0.014019 0.000486
v 0.036475 -0.013502 0.000378
v 0.037309 -0.013418 0.000002
v 0.029826 -0.024920 0.010514
v 0.030248 -0.024408 0.010011
v 0.029499 -0.024098 0.010093
v 0.029912 -0.023578 0.009589
v 0.030662 -0.023890 0.009509
v 0.030326 -0.023059 0.009086
v 0.029171 -0.023274 0.009670
v 0.029584 -0.022755 0.009168
v 0.028843 -0.022450 0.009250
v 0.031067 -0.023365 0.009003
v 0.034898 -0.017603 0.003707
v 0.034075 -0.017654 0.004058
v 0.034525 -0.017098 0.003515
v 0.033251 -0.017707 0.004408
v 0.033701 -0.017150 0.003866
v 0.032878 -0.017202 0.004216
v 0.032429 -0.017760 0.004758
v 0.034150 -0.016592 0.003322
v 0.033328 -0.016645 0.003672
v 0.033778 -0.016088 0.003130
v 0.032696 -0.021373 0.007056
v 0.032362 -0.020579 0.006658
v 0.032074 -0.021254 0.007216
v 0.031739 -0.020461 0.006816
v 0.032027 -0.019786 0.006258
v 0.031405 -0.019666 0.006418
v 0.031453 -0.021134 0.007374
v 0.031118 -0.020341 0.006976
v 0.030830 -0.021016 0.007534
v 0.031691 -0.018992 0.005859
v 0.035558 -0.017538 0.003410
v 0.035181 -0.017030 0.003218
v 0.035837 -0.016962 0.002920
v 0.034798 -0.016520 0.003026
v 0.035454 -0.016453 0.002730
v 0.035072 -0.015942 0.002538
v 0.034424 -0.016014 0.002834
v 0.036106 -0.016382 0.002432
v 0.035718 -0.015870 0.002242
v 0.032328 -0.021923 0.007563
v 0.031950 -0.022467 0.008069
v 0.031698 -0.021798 0.007722
v 0.031320 -0.022342 0.008229
v 0.031563 -0.023005 0.008574
v 0.031075 -0.021678 0.007882
v 0.025082 -0.021205 0.009866
v 0.025051 -0.022163 0.010514
v 0.026346 -0.021301 0.009445
v 0.026376 -0.020342 0.008795
v 0.026315 -0.022259 0.010093
v 0.027640 -0.020438 0.008374
v 0.027610 -0.021397 0.009022
v 0.028904 -0.020534 0.007954
v 0.027670 -0.019480 0.007726
v 0.028934 -0.019576 0.007306
v 0.027579 -0.022355 0.009670
v 0.028874 -0.021493 0.008602
v 0.031678 -0.010733 0.000378
v 0.031080 -0.011038 0.000810
v 0.031846 -0.012046 0.001186
v 0.032445 -0.011742 0.000755
v 0.031248 -0.012350 0.001618
v 0.032613 -0.013056 0.001563
v 0.032014 -0.013360 0.001994
v 0.032781 -0.014370 0.002371
v 0.033211 -0.012752 0.001131
v 0.033379 -0.014066 0.001939
v 0.031416 -0.013664 0.002426
v 0.032182 -0.014674 0.002802
v 0.030822 -0.022701 0.008658
v 0.030082 -0.022397 0.008739
v 0.030579 -0.022037 0.008310
v 0.029837 -0.021733 0.008392
v 0.029341 -0.022091 0.008821
v 0.030334 -0.021374 0.007963
v 0.035122 -0.015362 0.002131
v 0.034474 -0.015434 0.002429
v 0.034525 -0.014851 0.002022
v 0.033877 -0.014925 0.002318
v 0.033827 -0.015506 0.002725
v 0.033926 -0.014342 0.001914
v 0.029432 -0.019218 0.006877
v 0.030186 -0.019142 0.006538
v 0.029898 -0.019816 0.007096
v 0.030939 -0.019067 0.006198
v 0.030651 -0.019741 0.006757
v 0.030365 -0.020416 0.007315
v 0.032133 -0.015254 0.003208
v 0.032230 -0.016090 0.003725
v 0.032680 -0.015533 0.003182
v 0.032779 -0.016368 0.003699
v 0.032330 -0.016925 0.004242
v 0.033229 -0.015810 0.003155
v 0.029402 -0.020176 0.007525
v 0.029867 -0.020774 0.007744
v 0.029371 -0.021133 0.008173
v 0.032731 -0.014950 0.002776
v 0.033328 -0.014646 0.002344
v 0.033278 -0.015229 0.002750
v 0.026862 -0.018120 0.007131
v 0.028645 -0.015034 0.004398
v 0.028157 -0.017256 0.006062
v 0.029939 -0.014171 0.003330
v 0.030426 -0.011947 0.001666
v 0.029453 -0.016394 0.004994
v 0.030594 -0.013261 0.002474
v 0.030762 -0.014574 0.003282
v 0.030107 -0.015485 0.004138
v 0.028234 -0.024002 0.010514
v 0.026643 -0.023082 0.010514
v 0.027907 -0.023178 0.010093
v 0.032512 -0.010648 0.000002
v 0.033278 -0.011656 0.000378
v 0.034110 -0.011571 0.000002
v 0.034877 -0.012579 0.000378
v 0.034043 -0.012666 0.000755
v 0.035710 -0.012494 0.000002
v 0.036106 -0.016381 0.002984
v 0.035837 -0.016962 0.003472
v 0.035837 -0.016962 0.004024
v 0.035558 -0.017536 0.004514
v 0.035558 -0.017538 0.003962
v 0.035558 -0.017536 0.005064
v 0.036509 -0.015461 0.002218
v 0.036256 -0.016046 0.003258
v 0.036651 -0.015122 0.002490
v 0.036402 -0.015710 0.003528
v 0.035992 -0.016629 0.004296
v 0.036144 -0.016296 0.004566
v 0.036789 -0.014782 0.002763
v 0.036546 -0.015374 0.003800
v 0.036925 -0.014442 0.003035
v 0.035718 -0.017208 0.005336
v 0.037216 -0.013674 0.000760
v 0.036989 -0.014274 0.001245
v 0.037120 -0.013931 0.001518
v 0.036890 -0.014528 0.002005
v 0.036754 -0.014869 0.001731
v 0.037022 -0.014186 0.002277
v 0.037781 -0.012022 0.000002
v 0.037581 -0.012632 0.000760
v 0.037667 -0.012373 0.000002
v 0.037462 -0.012981 0.000760
v 0.037373 -0.013238 0.001518
v 0.037552 -0.012722 0.000002
v 0.037248 -0.013586 0.001518
v 0.037341 -0.013328 0.000760
v 0.037154 -0.013842 0.002277
v 0.037432 -0.013070 0.000002
v 0.037891 -0.011672 0.000002
v 0.037698 -0.012283 0.000760
v 0.037998 -0.011320 0.000002
v 0.037810 -0.011934 0.000757
v 0.037493 -0.012893 0.001515
v 0.037611 -0.012546 0.001512
v 0.038101 -0.010966 0.000002
v 0.037918 -0.011582 0.000755
v 0.038202 -0.010613 0.000002
v 0.037280 -0.013498 0.002272
v 0.026437 -0.017600 0.009157
v 0.026770 -0.017802 0.009163
v 0.026946 -0.017122 0.008643
v 0.027280 -0.017323 0.008650
v 0.027104 -0.018003 0.009168
v 0.027454 -0.016643 0.008130
v 0.027613 -0.017525 0.008656
v 0.027789 -0.016845 0.008136
v 0.028122 -0.017046 0.008142
v 0.027437 -0.018205 0.009174
v 0.027946 -0.017726 0.008661
v 0.027771 -0.018406 0.009181
v 0.027963 -0.016165 0.007616
v 0.028298 -0.016366 0.007622
v 0.028474 -0.015685 0.007104
v 0.032819 -0.021123 0.009048
v 0.032597 -0.021518 0.009397
v 0.032099 -0.021149 0.009342
v 0.032322 -0.020754 0.008994
v 0.031877 -0.021544 0.009690
v 0.031602 -0.020779 0.009288
v 0.031379 -0.021174 0.009635
v 0.030882 -0.020805 0.009581
v 0.031824 -0.020384 0.008939
v 0.031104 -0.020410 0.009232
v 0.031326 -0.020014 0.008885
v 0.031155 -0.021570 0.009984
v 0.030658 -0.021200 0.009928
v 0.030435 -0.021595 0.010277
v 0.032278 -0.021995 0.009835
v 0.031552 -0.022016 0.010128
v 0.031954 -0.022469 0.010275
v 0.031227 -0.022490 0.010568
v 0.030830 -0.022042 0.010422
v 0.031622 -0.022938 0.010714
v 0.029579 -0.017056 0.007589
v 0.029302 -0.016714 0.007467
v 0.029126 -0.017394 0.007987
v 0.028851 -0.017051 0.007866
v 0.029026 -0.016371 0.007346
v 0.028675 -0.017731 0.008386
v 0.028574 -0.016709 0.007744
v 0.028398 -0.017389 0.008264
v 0.028749 -0.016027 0.007226
v 0.028222 -0.018069 0.008782
v 0.032016 -0.009310 0.001509
v 0.032282 -0.008851 0.001102
v 0.032741 -0.009550 0.001390
v 0.033006 -0.009091 0.000982
v 0.032546 -0.008392 0.000696
v 0.033272 -0.008632 0.000576
v 0.033467 -0.009789 0.001270
v 0.033731 -0.009330 0.000864
v 0.034192 -0.010029 0.001152
v 0.032811 -0.007933 0.000288
v 0.025238 -0.020485 0.011533
v 0.025434 -0.020203 0.011270
v 0.025803 -0.020496 0.011323
v 0.025608 -0.020776 0.011584
v 0.025998 -0.020214 0.011061
v 0.026173 -0.020787 0.011374
v 0.026368 -0.020506 0.011114
v 0.026738 -0.020797 0.011165
v 0.025978 -0.021067 0.011637
v 0.026542 -0.021078 0.011427
v 0.026346 -0.021358 0.011688
v 0.026565 -0.020226 0.010851
v 0.026934 -0.020517 0.010904
v 0.027130 -0.020235 0.010642
v 0.025242 -0.019941 0.011171
v 0.025806 -0.019952 0.010960
v 0.025613 -0.019688 0.010861
v 0.026371 -0.019962 0.010750
v 0.026179 -0.019699 0.010650
v 0.026744 -0.019710 0.010440
v 0.026936 -0.019973 0.010541
v 0.025986 -0.019437 0.010550
v 0.026550 -0.019446 0.010339
v 0.026358 -0.019184 0.010240
v 0.033147 -0.020861 0.008749
v 0.033635 -0.020014 0.008000
v 0.032978 -0.020230 0.008395
v 0.034125 -0.019168 0.007250
v 0.033466 -0.019384 0.007645
v 0.033954 -0.018538 0.006896
v 0.034613 -0.018323 0.006501
v 0.032806 -0.019598 0.008042
v 0.033296 -0.018752 0.007291
v 0.032637 -0.018968 0.007686
v 0.029222 -0.019539 0.009376
v 0.028699 -0.019714 0.009693
v 0.029029 -0.020016 0.009768
v 0.028506 -0.020190 0.010083
v 0.028176 -0.019888 0.010010
v 0.028834 -0.020491 0.010158
v 0.027981 -0.020363 0.010400
v 0.028310 -0.020666 0.010475
v 0.027787 -0.020840 0.010790
v 0.027653 -0.020062 0.010325
v 0.027458 -0.020538 0.010717
v 0.028638 -0.020968 0.010549
v 0.028115 -0.021142 0.010866
v 0.028443 -0.021443 0.010941
v 0.029312 -0.018918 0.008930
v 0.028859 -0.019256 0.009328
v 0.028949 -0.018635 0.008880
v 0.029402 -0.018298 0.008483
v 0.028498 -0.018973 0.009278
v 0.029038 -0.018014 0.008434
v 0.028586 -0.018352 0.008832
v 0.029490 -0.017677 0.008037
v 0.028134 -0.018690 0.009230
v 0.029755 -0.014378 0.005742
v 0.029712 -0.015046 0.006203
v 0.030138 -0.014589 0.005738
v 0.030093 -0.015259 0.006198
v 0.029667 -0.015717 0.006666
v 0.030518 -0.014802 0.005731
v 0.030050 -0.015928 0.006661
v 0.030474 -0.015472 0.006194
v 0.030430 -0.016141 0.006656
v 0.029624 -0.016386 0.007128
v 0.030005 -0.016598 0.007122
v 0.030899 -0.015014 0.005726
v 0.030856 -0.015683 0.006189
v 0.031282 -0.015227 0.005722
v 0.029526 -0.020053 0.009602
v 0.029331 -0.020530 0.009992
v 0.029829 -0.020568 0.009827
v 0.029136 -0.021005 0.010384
v 0.029635 -0.021043 0.010218
v 0.029440 -0.021520 0.010608
v 0.028942 -0.021482 0.010774
v 0.030133 -0.021082 0.010051
v 0.029938 -0.021557 0.010443
v 0.025054 -0.020802 0.011814
v 0.024872 -0.021120 0.012096
v 0.025424 -0.021094 0.011866
v 0.025240 -0.021411 0.012147
v 0.024688 -0.021437 0.012376
v 0.025794 -0.021386 0.011918
v 0.029749 -0.019658 0.009253
v 0.030051 -0.020171 0.009478
v 0.030275 -0.019776 0.009131
v 0.030355 -0.020686 0.009704
v 0.030578 -0.020291 0.009355
v 0.030800 -0.019894 0.009008
v 0.028336 -0.019430 0.009643
v 0.027973 -0.019147 0.009595
v 0.027813 -0.019605 0.009960
v 0.027450 -0.019322 0.009912
v 0.027611 -0.018864 0.009546
v 0.027290 -0.019779 0.010277
v 0.027262 -0.020819 0.010978
v 0.027067 -0.021099 0.011240
v 0.027590 -0.021120 0.011053
v 0.027395 -0.021402 0.011315
v 0.026870 -0.021381 0.011501
v 0.027920 -0.021422 0.011128
v 0.031731 -0.009589 0.001803
v 0.032458 -0.009827 0.001683
v 0.032173 -0.010106 0.001978
v 0.032898 -0.010346 0.001858
v 0.033182 -0.010067 0.001565
v 0.033624 -0.010584 0.001739
v 0.032614 -0.010624 0.002152
v 0.033339 -0.010862 0.002032
v 0.033056 -0.011141 0.002326
v 0.033907 -0.010307 0.001445
v 0.027773 -0.022667 0.012011
v 0.027941 -0.022362 0.011744
v 0.027416 -0.022341 0.011931
v 0.027584 -0.022035 0.011662
v 0.028109 -0.022056 0.011475
v 0.027059 -0.022013 0.011850
v 0.027752 -0.021728 0.011395
v 0.027227 -0.021707 0.011582
v 0.028275 -0.021750 0.011208
v 0.026702 -0.021686 0.011770
v 0.031461 -0.023304 0.011019
v 0.031066 -0.022856 0.010874
v 0.030906 -0.023224 0.011179
v 0.030670 -0.022410 0.010728
v 0.030509 -0.022776 0.011034
v 0.030114 -0.022328 0.010888
v 0.030275 -0.021962 0.010582
v 0.030349 -0.023142 0.011339
v 0.029954 -0.022696 0.011194
v 0.029792 -0.023062 0.011499
v 0.031974 -0.017106 0.006704
v 0.031800 -0.016637 0.006459
v 0.031374 -0.017093 0.006926
v 0.031202 -0.016624 0.006680
v 0.031627 -0.016166 0.006213
v 0.030776 -0.017080 0.007147
v 0.031029 -0.016154 0.006434
v 0.030603 -0.016611 0.006901
v 0.031454 -0.015696 0.005966
v 0.030178 -0.017069 0.007368
v 0.029435 -0.014704 0.006082
v 0.029390 -0.015374 0.006544
v 0.029114 -0.015030 0.006422
v 0.029070 -0.015701 0.006885
v 0.029347 -0.016043 0.007006
v 0.028794 -0.015358 0.006763
v 0.037198 -0.010466 0.000290
v 0.037349 -0.011085 0.000642
v 0.036347 -0.010939 0.000930
v 0.036197 -0.010320 0.000576
v 0.036498 -0.011557 0.001283
v 0.035346 -0.010794 0.001218
v 0.035496 -0.011411 0.001570
v 0.034493 -0.011266 0.001858
v 0.035194 -0.010174 0.000864
v 0.034342 -0.010646 0.001504
v 0.035646 -0.012030 0.001923
v 0.034643 -0.011883 0.002211
v 0.034794 -0.012502 0.002565
v 0.034878 -0.017394 0.005781
v 0.035315 -0.016488 0.005013
v 0.034486 -0.016678 0.005458
v 0.035728 -0.015571 0.004245
v 0.034899 -0.015762 0.004690
v 0.035312 -0.014846 0.003922
v 0.036118 -0.014643 0.003478
v 0.034093 -0.015965 0.005133
v 0.034507 -0.015048 0.004366
v 0.033701 -0.015251 0.004810
v 0.030405 -0.024666 0.012330
v 0.030763 -0.024218 0.011893
v 0.030200 -0.024131 0.012053
v 0.031115 -0.023763 0.011456
v 0.030552 -0.023677 0.011616
v 0.029997 -0.023597 0.011776
v 0.036392 -0.013957 0.002917
v 0.036734 -0.013008 0.002155
v 0.035859 -0.013472 0.002800
v 0.037054 -0.012051 0.001397
v 0.036178 -0.012515 0.002042
v 0.035326 -0.012987 0.002682
v 0.028278 -0.022766 0.011883
v 0.028445 -0.022461 0.011616
v 0.028782 -0.022866 0.011755
v 0.028950 -0.022560 0.011486
v 0.028613 -0.022155 0.011347
v 0.029118 -0.022253 0.011219
v 0.029288 -0.022963 0.011627
v 0.029454 -0.022658 0.011358
v 0.028781 -0.021848 0.011080
v 0.027098 -0.019515 0.010176
v 0.027258 -0.019059 0.009811
v 0.026904 -0.019253 0.010075
v 0.027064 -0.018795 0.009710
v 0.027418 -0.018602 0.009445
v 0.026710 -0.018990 0.009974
v 0.032650 -0.020491 0.008694
v 0.032480 -0.019861 0.008341
v 0.032152 -0.020122 0.008640
v 0.031981 -0.019491 0.008286
v 0.032309 -0.019229 0.007986
v 0.031654 -0.019752 0.008586
v 0.026418 -0.017997 0.009427
v 0.026750 -0.018198 0.009434
v 0.026397 -0.018392 0.009698
v 0.026731 -0.018594 0.009704
v 0.027083 -0.018400 0.009440
v 0.026378 -0.018789 0.009968
v 0.029776 -0.021925 0.010749
v 0.029278 -0.021886 0.010914
v 0.029616 -0.022291 0.011053
v 0.034446 -0.017858 0.006254
v 0.033789 -0.018072 0.006650
v 0.033622 -0.017606 0.006405
v 0.032963 -0.017822 0.006800
v 0.033130 -0.018286 0.007046
v 0.032306 -0.018037 0.007195
v 0.032798 -0.017357 0.006555
v 0.032139 -0.017571 0.006950
v 0.032470 -0.018502 0.007442
v 0.029640 -0.019274 0.009040
v 0.029730 -0.018653 0.008594
v 0.030058 -0.019008 0.008702
v 0.030146 -0.018387 0.008256
v 0.029818 -0.018032 0.008146
v 0.030235 -0.017766 0.007810
v 0.030474 -0.018742 0.008366
v 0.030563 -0.018120 0.007920
v 0.030891 -0.018475 0.008029
v 0.029907 -0.017411 0.007699
v 0.032304 -0.013027 0.003867
v 0.032653 -0.013582 0.004102
v 0.032926 -0.012896 0.003541
v 0.033275 -0.013451 0.003778
v 0.033002 -0.014139 0.004338
v 0.033549 -0.012765 0.003216
v 0.033624 -0.014008 0.004013
v 0.033898 -0.013320 0.003451
v 0.034246 -0.013877 0.003686
v 0.033352 -0.014694 0.004574
v 0.033974 -0.014563 0.004248
v 0.034171 -0.012634 0.002890
v 0.034520 -0.013189 0.003125
v 0.030166 -0.019392 0.008917
v 0.030691 -0.019510 0.008794
v 0.030582 -0.019126 0.008581
v 0.031109 -0.019245 0.008458
v 0.031218 -0.019629 0.008670
v 0.031000 -0.018861 0.008243
v 0.034054 -0.017142 0.005931
v 0.033661 -0.016429 0.005606
v 0.033230 -0.016893 0.006080
v 0.032837 -0.016178 0.005757
v 0.033269 -0.015714 0.005283
v 0.032405 -0.016642 0.006230
v 0.035586 -0.014158 0.003362
v 0.035053 -0.013674 0.003243
v 0.034779 -0.014362 0.003805
v 0.034058 -0.010925 0.001798
v 0.033774 -0.011203 0.002093
v 0.034208 -0.011544 0.002152
v 0.033925 -0.011821 0.002445
v 0.033490 -0.011482 0.002386
v 0.034360 -0.012162 0.002504
v 0.032048 -0.013576 0.004331
v 0.032398 -0.014133 0.004566
v 0.031792 -0.014126 0.004794
v 0.032142 -0.014683 0.005030
v 0.032747 -0.014688 0.004802
v 0.032491 -0.015238 0.005266
v 0.031538 -0.014677 0.005258
v 0.031886 -0.015232 0.005493
v 0.033096 -0.015245 0.005037
v 0.032232 -0.016173 0.005986
v 0.032664 -0.015709 0.005510
v 0.032059 -0.015702 0.005739
v 0.032493 -0.012555 0.003482
v 0.033115 -0.012424 0.003157
v 0.032680 -0.012083 0.003098
v 0.033738 -0.012293 0.002830
v 0.033302 -0.011952 0.002771
v 0.032867 -0.011613 0.002712
v 0.031702 -0.017448 0.007035
v 0.031104 -0.017435 0.007258
v 0.031432 -0.017790 0.007366
v 0.030506 -0.017422 0.007478
v 0.030834 -0.017778 0.007589
v 0.031162 -0.018133 0.007698
v 0.031546 -0.019368 0.008371
v 0.031872 -0.019106 0.008072
v 0.031437 -0.018982 0.008158
v 0.031763 -0.018722 0.007858
v 0.032200 -0.018845 0.007773
v 0.031328 -0.018598 0.007944
v 0.031869 -0.017914 0.007282
v 0.031598 -0.018256 0.007613
v 0.032035 -0.018379 0.007526
v 0.030077 -0.011203 0.003510
v 0.030586 -0.010725 0.002997
v 0.029373 -0.012856 0.004878
v 0.028864 -0.013336 0.005392
v 0.029882 -0.012378 0.004366
v 0.028160 -0.014989 0.006762
v 0.028669 -0.014510 0.006248
v 0.027650 -0.015469 0.007275
v 0.029178 -0.014032 0.005734
v 0.033813 -0.008078 0.000002
v 0.034274 -0.008778 0.000288
v 0.035275 -0.008923 0.000002
v 0.034734 -0.009475 0.000576
v 0.035736 -0.009622 0.000290
v 0.036739 -0.009768 0.000002
v 0.030907 -0.010397 0.002656
v 0.031544 -0.010059 0.002187
v 0.031160 -0.011386 0.003216
v 0.030523 -0.011723 0.003685
v 0.031797 -0.011048 0.002747
v 0.030776 -0.012712 0.004245
v 0.031413 -0.012374 0.003776
v 0.031030 -0.013702 0.004805
v 0.030139 -0.013050 0.004714
v 0.030394 -0.014040 0.005274
v 0.032051 -0.012038 0.003307
v 0.031667 -0.013365 0.004336
v 0.025045 -0.021765 0.012458
v 0.025597 -0.021739 0.012227
v 0.025954 -0.022066 0.012309
v 0.026507 -0.022040 0.012078
v 0.026150 -0.021712 0.011998
v 0.026864 -0.022366 0.012160
v 0.029899 -0.024568 0.012458
v 0.028282 -0.023634 0.012458
v 0.029190 -0.023934 0.012309
v 0.027573 -0.023000 0.012309
v 0.026662 -0.022699 0.012458
v 0.028482 -0.023301 0.012160
v 0.031986 -0.010578 0.002363
v 0.032238 -0.011566 0.002922
v 0.032426 -0.011094 0.002538
v 0.029696 -0.024034 0.012181
v 0.029491 -0.023499 0.011904
v 0.028987 -0.023400 0.012032
v 0.030774 -0.014251 0.005269
v 0.031155 -0.014464 0.005262
v 0.031411 -0.013914 0.004800
v 0.025261 -0.019546 0.010899
v 0.025634 -0.019293 0.010589
v 0.025653 -0.018898 0.010318
v 0.026005 -0.019040 0.010278
v 0.026026 -0.018645 0.010008
v 0.026045 -0.018248 0.009738
v 0.030202 -0.012051 0.004026
v 0.029498 -0.013704 0.005394
v 0.029819 -0.013378 0.005054
v 0.026866 -0.016765 0.008437
v 0.027258 -0.016117 0.007856
v 0.028472 -0.013984 0.005973
v 0.019122 -0.005683 0.015334
v 0.018747 -0.005779 0.016117
v 0.017341 -0.004710 0.015470
v 0.017715 -0.004616 0.014688
v 0.016968 -0.004805 0.016251
v 0.015934 -0.003642 0.014824
v 0.015562 -0.003736 0.015606
v 0.014155 -0.002667 0.014960
v 0.016309 -0.003547 0.014043
v 0.014530 -0.002573 0.014179
v 0.014902 -0.002478 0.013397
v 0.015187 -0.003830 0.016387
v 0.013781 -0.002762 0.015742
v 0.013408 -0.002858 0.016523
v 0.010827 0.000003 0.013070
v 0.009869 0.000930 0.012133
v 0.010736 0.000954 0.010810
v 0.011744 0.000008 0.011730
v 0.009728 0.001901 0.009891
v 0.011534 0.001003 0.009526
v 0.010528 0.001949 0.008608
v 0.011326 0.001997 0.007325
v 0.012659 0.000011 0.010387
v 0.012451 0.001006 0.008186
v 0.013574 0.000016 0.009046
v 0.009474 0.002915 0.007707
v 0.010203 0.002987 0.006466
v 0.009078 0.003979 0.005605
v 0.010422 -0.000331 0.014502
v 0.011338 -0.000326 0.013162
v 0.010931 -0.000661 0.014594
v 0.011846 -0.000658 0.013253
v 0.012253 -0.000323 0.011821
v 0.012763 -0.000653 0.011912
v 0.011442 -0.000992 0.014685
v 0.012357 -0.000987 0.013344
v 0.011950 -0.001322 0.014776
v 0.013168 -0.000318 0.010478
v 0.018694 0.000651 0.000002
v 0.016290 0.001483 0.001402
v 0.017414 0.000493 0.002262
v 0.015010 0.001325 0.003664
v 0.013886 0.002315 0.002803
v 0.016134 0.000334 0.004523
v 0.012606 0.002157 0.005064
v 0.013731 0.001165 0.005925
v 0.011482 0.003147 0.004203
v 0.014854 0.000174 0.006786
v 0.010019 -0.001803 0.018797
v 0.010054 -0.001584 0.018194
v 0.010291 -0.001800 0.018394
v 0.010323 -0.001579 0.017792
v 0.010085 -0.001363 0.017594
v 0.010354 -0.001358 0.017190
v 0.010565 -0.001798 0.017990
v 0.010595 -0.001578 0.017389
v 0.010837 -0.001795 0.017587
v 0.010110 -0.001141 0.016994
v 0.011526 -0.002568 0.018531
v 0.010883 -0.002302 0.018797
v 0.011510 -0.002398 0.018128
v 0.012154 -0.002664 0.017862
v 0.010867 -0.002133 0.018394
v 0.012138 -0.002494 0.017458
v 0.011494 -0.002230 0.017725
v 0.012123 -0.002326 0.017054
v 0.012781 -0.002760 0.017192
v 0.012765 -0.002592 0.016789
v 0.010853 -0.001965 0.017990
v 0.011480 -0.002061 0.017320
v 0.014571 -0.001854 0.012309
v 0.014165 -0.002189 0.013742
v 0.013832 -0.001566 0.012654
v 0.014238 -0.001232 0.011222
v 0.013427 -0.001901 0.014086
v 0.013501 -0.000942 0.011566
v 0.013094 -0.001277 0.012998
v 0.013907 -0.000608 0.010134
v 0.012690 -0.001611 0.014432
v 0.018722 -0.000224 0.002166
v 0.020206 -0.000928 0.001779
v 0.020235 -0.001803 0.003944
v 0.018750 -0.001099 0.004331
v 0.021720 -0.002507 0.003558
v 0.020262 -0.002680 0.006109
v 0.021747 -0.003382 0.005723
v 0.021776 -0.004259 0.007888
v 0.018779 -0.001976 0.006496
v 0.020291 -0.003555 0.008274
v 0.018806 -0.002851 0.008661
v 0.023232 -0.004086 0.005336
v 0.023261 -0.004963 0.007501
v 0.024744 -0.005666 0.007114
v 0.028803 -0.009691 0.011349
v 0.026397 -0.008621 0.012154
v 0.027451 -0.008350 0.009938
v 0.025043 -0.007280 0.010742
v 0.023989 -0.007550 0.012958
v 0.022637 -0.006210 0.011547
v 0.026098 -0.007008 0.008526
v 0.023691 -0.005938 0.009331
v 0.021582 -0.006480 0.013763
v 0.010416 -0.000563 0.015096
v 0.010405 -0.000794 0.015693
v 0.010922 -0.000891 0.015189
v 0.010910 -0.001122 0.015786
v 0.010389 -0.001022 0.016290
v 0.011430 -0.001222 0.015280
v 0.010632 -0.001240 0.016488
v 0.010874 -0.001459 0.016686
v 0.011152 -0.001341 0.015984
v 0.011394 -0.001558 0.016181
v 0.011115 -0.001677 0.016883
v 0.011672 -0.001440 0.015478
v 0.029352 -0.008741 0.008160
v 0.029901 -0.007792 0.004970
v 0.028000 -0.007400 0.006747
v 0.028547 -0.006450 0.003558
v 0.030450 -0.006842 0.001779
v 0.026646 -0.006058 0.005336
v 0.010307 -0.001970 0.018797
v 0.010595 -0.002136 0.018797
v 0.010579 -0.001966 0.018394
v 0.015878 -0.002571 0.012213
v 0.015547 -0.001949 0.011125
v 0.016854 -0.002666 0.011029
v 0.016523 -0.002042 0.009941
v 0.015214 -0.001325 0.010038
v 0.016190 -0.001418 0.008853
v 0.017830 -0.002758 0.009845
v 0.017499 -0.002134 0.008757
v 0.014883 -0.000701 0.008950
v 0.020098 -0.005778 0.014150
v 0.018691 -0.004709 0.013504
v 0.019667 -0.004802 0.012320
v 0.018261 -0.003733 0.011675
v 0.017285 -0.003640 0.012859
v 0.019237 -0.003827 0.010491
v 0.011758 -0.001942 0.016618
v 0.012402 -0.002208 0.016352
v 0.012037 -0.001824 0.015915
v 0.012680 -0.002090 0.015650
v 0.013043 -0.002474 0.016086
v 0.012315 -0.001706 0.015213
v 0.017442 -0.000382 0.004427
v 0.016163 -0.000542 0.006688
v 0.017470 -0.001259 0.006592
v 0.021152 -0.005506 0.011934
v 0.022206 -0.005234 0.009717
v 0.020722 -0.004531 0.010104
v 0.013790 -0.002285 0.014523
v 0.013053 -0.001995 0.014869
v 0.013418 -0.002379 0.015306
v 0.028938 -0.005262 0.000002
v 0.027035 -0.004870 0.001779
v 0.025523 -0.003291 0.000002
v 0.023621 -0.002899 0.001779
v 0.025133 -0.004478 0.003558
v 0.022109 -0.001320 0.000002
v 0.013933 -0.003638 0.017726
v 0.016341 -0.004709 0.016922
v 0.014560 -0.003734 0.017056
v 0.015280 0.002624 0.000002
v 0.012875 0.003454 0.001402
v 0.011866 0.004595 0.000002
v 0.009776 0.005426 0.000944
v 0.010786 0.004286 0.002346
v 0.007686 0.006258 0.001886
v 0.008451 0.006566 0.000002
v 0.006544 0.007445 0.000560
v 0.005037 0.008538 0.000002
v 0.008504 0.005093 0.003634
v -0.003083 0.020678 0.015315
v -0.002794 0.017939 0.016157
v -0.003458 0.019358 0.014226
v -0.003168 0.016619 0.015067
v -0.002504 0.015200 0.016998
v -0.003832 0.018038 0.013136
v -0.002878 0.013882 0.015909
v -0.003542 0.015299 0.013978
v -0.003253 0.012562 0.014819
v -0.002214 0.012462 0.017840
v -0.002589 0.011142 0.016750
v -0.001925 0.009723 0.018680
v -0.004206 0.016718 0.012048
v -0.003917 0.013981 0.012888
v -0.004581 0.015398 0.010958
v -0.008349 0.017779 0.000002
v -0.008349 0.020890 0.000002
v -0.007725 0.019099 0.001816
v -0.007725 0.022208 0.001816
v -0.008349 0.023998 0.000002
v -0.007101 0.020418 0.003632
v -0.007725 0.025317 0.001816
v -0.007101 0.023526 0.003632
v -0.007101 0.026637 0.003632
v -0.008349 0.027107 0.000002
v -0.007725 0.028427 0.001816
v -0.008349 0.030218 0.000002
v -0.006477 0.021736 0.005446
v -0.006477 0.024846 0.005446
v -0.005853 0.023054 0.007262
v -0.008349 0.005342 0.000002
v -0.008349 0.008451 0.000002
v -0.007619 0.006341 0.002125
v -0.007600 0.009362 0.002179
v -0.008349 0.011562 0.000002
v -0.006851 0.007163 0.004358
v -0.007574 0.012328 0.002254
v -0.006826 0.010128 0.004434
v -0.006798 0.013094 0.004509
v -0.008349 0.014670 0.000002
v -0.007574 0.015437 0.002254
v -0.006058 0.007845 0.006662
v -0.006024 0.010750 0.006762
v -0.005250 0.008408 0.009016
v -0.004426 0.029186 0.011411
v -0.004726 0.029514 0.010533
v -0.004752 0.028482 0.010462
v -0.004450 0.028154 0.011341
v -0.005053 0.028810 0.009586
v -0.004776 0.027450 0.010392
v -0.005077 0.027778 0.009515
v -0.005101 0.026746 0.009445
v -0.004474 0.027120 0.011270
v -0.004800 0.026418 0.010322
v -0.004498 0.026088 0.011200
v -0.005379 0.028107 0.008638
v -0.005403 0.027074 0.008568
v -0.005704 0.027403 0.007691
v -0.003774 0.021272 0.013302
v -0.004150 0.019952 0.012213
v -0.004467 0.021867 0.011288
v -0.004525 0.018634 0.011123
v -0.004842 0.020547 0.010200
v -0.005216 0.019227 0.009110
v -0.004899 0.017314 0.010034
v -0.005160 0.022461 0.009275
v -0.005534 0.021141 0.008186
v -0.007406 0.017184 0.002741
v -0.006782 0.018504 0.004555
v -0.006466 0.016589 0.005480
v -0.006158 0.019822 0.006371
v -0.005842 0.017909 0.007294
v -0.005523 0.015994 0.008219
v -0.006632 0.014842 0.004994
v -0.005690 0.014246 0.007733
v -0.005858 0.012499 0.007248
v -0.004915 0.011904 0.009987
v -0.004749 0.013651 0.010472
v -0.005082 0.010155 0.009501
v -0.003437 0.022030 0.014286
v -0.004130 0.022626 0.012274
v -0.003790 0.023384 0.013258
v -0.004821 0.023219 0.010259
v -0.004483 0.023978 0.011245
v -0.005174 0.024571 0.009230
v -0.005514 0.023813 0.008246
v -0.004144 0.024736 0.012229
v -0.004837 0.025330 0.010216
v -0.007688 0.029514 0.001923
v -0.007064 0.027723 0.003739
v -0.007027 0.028810 0.003846
v -0.006403 0.027019 0.005661
v -0.006440 0.025933 0.005554
v -0.005779 0.025229 0.007477
v -0.006366 0.028107 0.005768
v -0.005741 0.026317 0.007584
v -0.005816 0.024142 0.007370
v -0.004429 0.008867 0.011402
v -0.004258 0.010570 0.011899
v -0.003600 0.009235 0.013813
v -0.004085 0.012232 0.012403
v -0.003426 0.010898 0.014317
v -0.002765 0.009518 0.016242
v -0.005477 0.024901 0.008354
v -0.005440 0.025987 0.008461
v -0.005138 0.025659 0.009338
v -0.004362 0.030571 0.011598
v -0.004386 0.029539 0.011528
v -0.004320 0.030925 0.011715
v -0.004346 0.029893 0.011645
v -0.004410 0.028507 0.011458
v -0.004370 0.028861 0.011574
v -0.004280 0.031280 0.011832
v -0.004304 0.030246 0.011762
v -0.004240 0.031634 0.011949
v -0.004434 0.027475 0.011387
v -0.003373 0.023418 0.014474
v -0.003726 0.024770 0.013445
v -0.003661 0.026155 0.013632
v -0.004080 0.026122 0.012416
v -0.004016 0.027509 0.012603
v -0.003950 0.028894 0.012790
v -0.005389 0.030218 0.008611
v -0.005714 0.029514 0.007664
v -0.006376 0.030218 0.005741
v -0.006040 0.028810 0.006715
v -0.006701 0.029514 0.004794
v -0.007362 0.030218 0.002870
v -0.004362 0.030925 0.011598
v -0.004362 0.031280 0.011598
v -0.004320 0.031280 0.011715
v -0.004320 0.031634 0.011715
v -0.004362 0.031634 0.011598
v -0.004280 0.031634 0.011832
v -0.007611 0.030218 0.000002
v -0.004902 0.030218 0.002870
v -0.006808 0.030218 0.002870
v -0.004099 0.030218 0.005741
v -0.002192 0.030218 0.005741
v -0.006006 0.030218 0.005741
v -0.001390 0.030218 0.008611
v -0.003298 0.030218 0.008611
v 0.000517 0.030218 0.008611
v -0.005203 0.030218 0.008611
v -0.008165 0.030218 0.000002
v -0.007178 0.030218 0.002870
v -0.007979 0.030218 0.000002
v -0.006994 0.030218 0.002870
v -0.006190 0.030218 0.005741
v -0.007795 0.030218 0.000002
v -0.000099 0.034786 0.007958
v 0.000360 0.034459 0.008445
v -0.000254 0.034048 0.007795
v 0.000205 0.033722 0.008282
v 0.000819 0.034133 0.008931
v -0.000408 0.033310 0.007630
v 0.000664 0.033395 0.008766
v 0.000050 0.032984 0.008117
v 0.000509 0.032658 0.008603
v 0.001277 0.033806 0.009418
v 0.001123 0.033069 0.009253
v 0.001736 0.033480 0.009902
v -0.000563 0.032573 0.007467
v -0.000104 0.032246 0.007954
v -0.000718 0.031835 0.007304
v 0.002866 0.031651 0.011101
v 0.002866 0.031298 0.011101
v 0.002507 0.031669 0.010720
v 0.002866 0.030942 0.011101
v 0.002507 0.031314 0.010720
v 0.002507 0.030960 0.010720
v 0.002866 0.030589 0.011101
v 0.002147 0.031686 0.010339
v 0.002147 0.031331 0.010339
v 0.001787 0.031702 0.009958
v 0.005443 0.032157 0.013830
v 0.004790 0.032157 0.013138
v 0.005048 0.032678 0.013411
v 0.004136 0.032157 0.012446
v 0.004395 0.032678 0.012720
v 0.003742 0.032678 0.012029
v 0.003483 0.032157 0.011755
v 0.004653 0.033202 0.012994
v 0.004000 0.033202 0.012302
v 0.004259 0.033725 0.012576
v -0.000091 0.031802 0.007966
v 0.000522 0.032213 0.008618
v 0.000534 0.031770 0.008630
v 0.001136 0.032624 0.009267
v 0.001149 0.032181 0.009280
v 0.001762 0.032592 0.009930
v 0.001749 0.033035 0.009917
v 0.001162 0.031736 0.009294
v 0.001774 0.032147 0.009944
v 0.002853 0.032094 0.011086
v 0.003197 0.032110 0.011450
v 0.002824 0.032571 0.011056
v 0.002480 0.032557 0.010691
v 0.003168 0.032587 0.011419
v 0.002451 0.033034 0.010661
v 0.002795 0.033048 0.011024
v 0.002422 0.033510 0.010630
v 0.002109 0.033018 0.010298
v 0.002080 0.033494 0.010267
v 0.003138 0.033064 0.011389
v 0.002766 0.033525 0.010994
v 0.003109 0.033541 0.011358
v 0.002493 0.032112 0.010706
v 0.002134 0.032130 0.010325
v 0.002122 0.032574 0.010310
v 0.003114 0.035613 0.011362
v 0.003554 0.035675 0.011827
v 0.003400 0.035141 0.011666
v 0.003840 0.035203 0.012131
v 0.003994 0.035739 0.012294
v 0.003686 0.034669 0.011968
v 0.004280 0.035267 0.012598
v 0.004126 0.034731 0.012435
v 0.004566 0.034795 0.012901
v 0.004434 0.035802 0.012760
v 0.004720 0.035330 0.013064
v 0.004874 0.035864 0.013227
v 0.003973 0.034197 0.012272
v 0.004413 0.034259 0.012738
v 0.003454 0.032634 0.011723
v 0.003426 0.033110 0.011693
v 0.003714 0.033155 0.011997
v 0.003683 0.033632 0.011966
v 0.003397 0.033587 0.011662
v 0.003971 0.033678 0.012270
v 0.003382 0.036122 0.011648
v 0.003822 0.036184 0.012114
v 0.003653 0.036629 0.011933
v 0.004093 0.036693 0.012400
v 0.004262 0.036246 0.012579
v 0.004533 0.036755 0.012866
v 0.003922 0.037138 0.012219
v 0.004362 0.037200 0.012685
v 0.004192 0.037646 0.012504
v 0.004702 0.036310 0.013046
v 0.003112 0.035094 0.011360
v 0.002768 0.035080 0.010997
v 0.002768 0.034562 0.010995
v 0.003110 0.034576 0.011360
v 0.002424 0.034546 0.010632
v 0.002766 0.034043 0.010995
v 0.002424 0.034029 0.010632
v 0.003110 0.034059 0.011358
v 0.002080 0.034013 0.010267
v -0.002214 0.038707 0.005718
v -0.002664 0.039558 0.005242
v -0.002923 0.038659 0.004966
v -0.002474 0.037816 0.005443
v -0.003373 0.039504 0.004490
v -0.003182 0.037755 0.004691
v -0.003634 0.038600 0.004216
v -0.003893 0.037694 0.003941
v -0.002734 0.036923 0.005168
v -0.003443 0.036862 0.004416
v -0.002994 0.036030 0.004893
v -0.004082 0.039437 0.003739
v -0.004341 0.038526 0.003466
v -0.004790 0.039357 0.002989
v 0.002730 0.035526 0.010955
v 0.002386 0.034992 0.010590
v 0.002346 0.035438 0.010549
v 0.002042 0.034459 0.010226
v 0.002002 0.034906 0.010184
v 0.001658 0.034371 0.009819
v 0.001696 0.033926 0.009861
v 0.001963 0.035350 0.010142
v 0.001618 0.034818 0.009778
v 0.001579 0.035264 0.009738
v -0.000822 0.035098 0.007192
v -0.000246 0.035416 0.007803
v -0.000970 0.035728 0.007037
v -0.001547 0.035408 0.006426
v -0.000394 0.036048 0.007646
v -0.001694 0.036040 0.006269
v -0.001118 0.036358 0.006880
v -0.001842 0.036670 0.006114
v -0.002270 0.035720 0.005659
v -0.002418 0.036350 0.005502
v -0.000541 0.036678 0.007491
v -0.001266 0.036990 0.006723
v -0.000688 0.037310 0.007334
v -0.000600 0.034474 0.007429
v -0.000755 0.033736 0.007264
v -0.001101 0.034163 0.006898
v -0.000910 0.032998 0.007101
v -0.001256 0.033426 0.006733
v -0.001411 0.032688 0.006570
v -0.001064 0.032261 0.006936
v -0.001603 0.033851 0.006366
v -0.001757 0.033114 0.006203
v -0.002104 0.033541 0.005835
v 0.002666 0.035971 0.010886
v 0.003064 0.036170 0.011310
v 0.002616 0.036526 0.010835
v 0.002218 0.036328 0.010413
v 0.003014 0.036725 0.011258
v 0.002168 0.036885 0.010360
v 0.002566 0.037083 0.010782
v 0.002118 0.037440 0.010309
v 0.001770 0.036686 0.009938
v 0.001720 0.037242 0.009886
v 0.001322 0.037043 0.009462
v 0.002965 0.037282 0.011205
v 0.002517 0.037640 0.010731
v 0.002917 0.037838 0.011154
v 0.005597 0.038378 0.013992
v 0.005426 0.038824 0.013813
v 0.005186 0.037986 0.013557
v 0.005355 0.037541 0.013738
v 0.005014 0.038430 0.013376
v 0.004944 0.037147 0.013301
v 0.004774 0.037594 0.013122
v 0.005115 0.036702 0.013482
v 0.004603 0.038038 0.012941
v 0.002282 0.035883 0.010482
v 0.001898 0.035797 0.010075
v 0.001834 0.036242 0.010006
v 0.001450 0.036154 0.009600
v 0.001515 0.035709 0.009669
v 0.001386 0.036598 0.009531
v 0.003333 0.036677 0.011595
v 0.003285 0.037234 0.011544
v 0.003603 0.037186 0.011882
v 0.003554 0.037742 0.011829
v 0.003235 0.037790 0.011491
v 0.003874 0.037694 0.012166
v -0.001638 0.039027 0.006330
v -0.001898 0.038134 0.006053
v -0.001322 0.038454 0.006664
v -0.001581 0.037563 0.006389
v -0.002158 0.037243 0.005778
v -0.001005 0.037882 0.007000
v 0.003398 0.034622 0.011664
v 0.003685 0.034150 0.011968
v 0.003397 0.034104 0.011662
v 0.002195 0.039160 0.010389
v 0.001795 0.038960 0.009966
v 0.002037 0.038520 0.010221
v 0.002435 0.038718 0.010643
v 0.001637 0.038322 0.009798
v 0.002277 0.038080 0.010477
v 0.001878 0.037882 0.010053
v 0.002675 0.038278 0.010899
v 0.001478 0.037683 0.009630
v -0.001323 0.034786 0.006661
v -0.001826 0.034475 0.006131
v -0.002048 0.035098 0.005894
v -0.002549 0.034786 0.005363
v -0.002326 0.034163 0.005600
v -0.002771 0.035408 0.005128
v 0.002682 0.039130 0.010904
v 0.003168 0.039093 0.011419
v 0.002922 0.038683 0.011158
v 0.003408 0.038646 0.011674
v 0.003653 0.039051 0.011934
v 0.003162 0.038242 0.011414
v 0.004942 0.038890 0.013299
v 0.004530 0.038491 0.012862
v 0.004458 0.038949 0.012786
v 0.004045 0.038550 0.012349
v 0.004118 0.038099 0.012427
v 0.003971 0.039003 0.012272
v 0.000320 0.034906 0.008403
v 0.000779 0.034579 0.008890
v 0.000741 0.035024 0.008848
v 0.001198 0.034698 0.009334
v 0.001238 0.034253 0.009376
v 0.001160 0.035144 0.009293
v 0.000256 0.035350 0.008334
v 0.000109 0.035981 0.008179
v 0.000611 0.035915 0.008710
v -0.000038 0.036613 0.008022
v 0.000464 0.036546 0.008555
v 0.000317 0.037176 0.008398
v -0.000186 0.037243 0.007867
v 0.000966 0.036478 0.009086
v 0.000819 0.037110 0.008931
v -0.005013 0.038446 0.002754
v -0.004563 0.037614 0.003230
v -0.005235 0.037534 0.002518
v -0.004114 0.036782 0.003706
v -0.004786 0.036702 0.002994
v -0.004336 0.035870 0.003470
v -0.003666 0.035950 0.004181
v -0.005456 0.036622 0.002283
v -0.005008 0.035790 0.002758
v -0.005678 0.035710 0.002048
v -0.005498 0.039266 0.002240
v -0.005718 0.038347 0.002006
v -0.006203 0.039160 0.001493
v -0.005939 0.037422 0.001771
v -0.006424 0.038235 0.001259
v -0.006645 0.037310 0.001024
v -0.006162 0.036510 0.001536
v -0.006907 0.039042 0.000746
v -0.007128 0.038110 0.000514
v -0.007611 0.038910 0.000002
v -0.007128 0.031590 0.000514
v -0.006746 0.030981 0.000917
v -0.006262 0.032354 0.001429
v -0.006645 0.032963 0.001024
v -0.005882 0.031744 0.001834
v -0.005781 0.033728 0.001941
v -0.005398 0.033118 0.002346
v -0.004915 0.034491 0.002858
v -0.006162 0.034336 0.001536
v -0.005298 0.035101 0.002453
v -0.005016 0.032509 0.002750
v -0.004533 0.033882 0.003261
v -0.004152 0.033272 0.003666
v 0.001530 0.039331 0.009685
v 0.001371 0.038693 0.009517
v 0.001106 0.039062 0.009235
v 0.001213 0.038053 0.009349
v 0.000947 0.038424 0.009067
v 0.000789 0.037784 0.008899
v 0.001054 0.037414 0.009181
v 0.000682 0.038794 0.008786
v 0.000523 0.038155 0.008618
v 0.000258 0.038526 0.008336
v 0.000675 0.035469 0.008779
v 0.001030 0.036034 0.009155
v 0.001094 0.035589 0.009224
v -0.001402 0.039331 0.006579
v -0.001085 0.038758 0.006915
v -0.000848 0.039062 0.007165
v -0.000533 0.038490 0.007501
v -0.000768 0.038186 0.007250
v -0.000216 0.037918 0.007835
v -0.000296 0.038794 0.007750
v 0.000021 0.038222 0.008086
v -0.000453 0.037614 0.007586
v 0.000552 0.037480 0.008650
v 0.000050 0.037547 0.008117
v 0.000286 0.037851 0.008368
v 0.003726 0.038598 0.012011
v 0.003800 0.038147 0.012090
v 0.003482 0.038195 0.011752
v -0.003283 0.035341 0.004586
v -0.003061 0.034718 0.004821
v -0.003573 0.034651 0.004278
v -0.002838 0.034096 0.005058
v -0.003350 0.034029 0.004515
v -0.003128 0.033406 0.004750
v -0.002616 0.033474 0.005293
v -0.003862 0.033962 0.003973
v -0.003640 0.033339 0.004208
v -0.003955 0.035261 0.003875
v -0.004245 0.034571 0.003568
v -0.004626 0.035181 0.003163
v 0.000552 0.039331 0.008650
v 0.000128 0.039062 0.008200
v -0.000424 0.039331 0.007614
v 0.002240 0.030622 0.010437
v -0.000469 0.030622 0.007566
v 0.001254 0.031026 0.009392
v -0.003179 0.030622 0.004696
v -0.001456 0.031026 0.006522
v -0.004165 0.031026 0.003653
v -0.005888 0.030622 0.001827
v 0.000267 0.031430 0.008347
v -0.002442 0.031430 0.005478
v 0.005597 0.036482 0.013992
v 0.005597 0.034587 0.013992
v 0.005355 0.035645 0.013738
v 0.005355 0.033749 0.013738
v 0.005597 0.032691 0.013992
v 0.005115 0.034806 0.013482
v 0.005202 0.033214 0.013574
v 0.004806 0.033738 0.013157
v 0.004960 0.034272 0.013318
v -0.005022 0.031386 0.002742
v -0.004158 0.032149 0.003659
v -0.003299 0.031790 0.004568
v -0.002435 0.032554 0.005485
v -0.003293 0.032912 0.004574
v -0.001576 0.032194 0.006394
v 0.001880 0.030994 0.010056
v 0.000894 0.031398 0.009011
v 0.001520 0.031365 0.009675
v -0.001923 0.032621 0.006027
v -0.002781 0.032979 0.005117
v -0.002269 0.033046 0.005661
v -0.007611 0.032390 0.000002
v -0.007128 0.033763 0.000514
v -0.007611 0.034563 0.000002
v -0.007128 0.035938 0.000514
v -0.006645 0.035138 0.001024
v -0.007611 0.036738 0.000002
v -0.007197 0.038989 0.001050
v -0.006493 0.039112 0.001795
v -0.006782 0.039064 0.002098
v -0.006078 0.039179 0.002845
v -0.005787 0.039224 0.002542
v -0.005371 0.039282 0.003592
v -0.006368 0.039133 0.003147
v -0.005662 0.039242 0.003894
v -0.005952 0.039198 0.004195
v -0.005082 0.039322 0.003291
v -0.002957 0.039538 0.005544
v -0.002957 0.039538 0.006154
v -0.003958 0.039450 0.005094
v -0.003957 0.039450 0.005702
v -0.002957 0.039538 0.006760
v -0.003957 0.039450 0.006309
v -0.004957 0.039338 0.004645
v -0.004955 0.039338 0.005251
v -0.002955 0.039538 0.007370
v -0.003666 0.039478 0.004792
v -0.004374 0.039406 0.004042
v -0.004666 0.039373 0.004344
v -0.008765 0.038667 0.000002
v -0.008066 0.038819 0.001050
v -0.008477 0.038731 0.000002
v -0.007776 0.038878 0.001050
v -0.007363 0.038958 0.002098
v -0.008189 0.038794 0.000002
v -0.007074 0.039011 0.002098
v -0.007486 0.038934 0.001050
v -0.006659 0.039085 0.003147
v -0.007899 0.038853 0.000002
v -0.009051 0.038602 0.000002
v -0.008354 0.038758 0.001050
v -0.009339 0.038533 0.000002
v -0.008640 0.038696 0.001046
v -0.007651 0.038902 0.002094
v -0.007938 0.038845 0.002091
v -0.009626 0.038462 0.000002
v -0.008926 0.038630 0.001045
v -0.009910 0.038389 0.000002
v -0.006946 0.039035 0.003142
v 0.000754 0.032898 0.011298
v -0.000283 0.032490 0.010202
v -0.000454 0.033755 0.010019
v 0.000581 0.034163 0.011115
v -0.001491 0.033346 0.008922
v -0.000627 0.035019 0.009835
v -0.001662 0.034611 0.008739
v -0.001835 0.035877 0.008557
v 0.000408 0.035429 0.010933
v -0.000800 0.036285 0.009653
v 0.000235 0.036693 0.010750
v -0.002699 0.034203 0.007642
v -0.002870 0.035467 0.007459
v -0.003907 0.035059 0.006362
v 0.001525 0.038874 0.012115
v 0.000547 0.038874 0.011080
v 0.001094 0.038147 0.011661
v -0.000430 0.038874 0.010045
v 0.000118 0.038147 0.010626
v -0.000859 0.038147 0.009590
v -0.001406 0.038874 0.009010
v 0.000666 0.037419 0.011205
v -0.000312 0.037419 0.010170
v -0.002442 0.038464 0.007914
v -0.003443 0.038390 0.006853
v -0.002930 0.037330 0.007397
v -0.004443 0.038290 0.005794
v -0.003930 0.037229 0.006338
v -0.004930 0.037128 0.005278
v -0.005440 0.038163 0.004738
v -0.003418 0.036194 0.006878
v -0.004418 0.036094 0.005821
v 0.001643 0.032434 0.012242
v 0.001310 0.032603 0.011890
v 0.002029 0.033403 0.012650
v 0.002362 0.033232 0.013002
v 0.001696 0.033574 0.012298
v 0.002747 0.034203 0.013411
v 0.002414 0.034373 0.013058
v 0.003133 0.035173 0.013819
v 0.003080 0.034032 0.013763
v 0.003466 0.035002 0.014171
v 0.003798 0.034832 0.014525
v 0.002082 0.034544 0.012706
v 0.002800 0.035344 0.013467
v 0.002467 0.035514 0.013114
v 0.001139 0.033869 0.011707
v 0.001523 0.034838 0.012115
v 0.000966 0.035133 0.011523
v 0.001352 0.036104 0.011933
v 0.001909 0.035810 0.012523
v 0.000794 0.036398 0.011341
v -0.001894 0.037738 0.008493
v -0.002382 0.036603 0.007976
v -0.001347 0.037011 0.009074
v 0.002082 0.039138 0.012706
v 0.001651 0.038410 0.012250
v 0.002208 0.038674 0.012840
v 0.001222 0.037683 0.011795
v 0.001779 0.037947 0.012386
v 0.001349 0.037221 0.011930
v 0.000792 0.036957 0.011339
v 0.002336 0.038211 0.012974
v 0.001906 0.037485 0.012520
v 0.002462 0.037749 0.013109
v 0.004666 0.038808 0.015443
v 0.004290 0.038851 0.015045
v 0.004365 0.038280 0.015125
v 0.003914 0.038891 0.014646
v 0.003989 0.038320 0.014726
v 0.003613 0.038360 0.014328
v 0.003538 0.038928 0.014248
v 0.004064 0.037752 0.014806
v 0.003688 0.037792 0.014408
v 0.003765 0.037224 0.014488
v 0.004674 0.032434 0.015451
v 0.003664 0.032434 0.014382
v 0.004382 0.033232 0.015142
v 0.003371 0.033232 0.014072
v 0.002654 0.032434 0.013312
v 0.004090 0.034032 0.014834
v -0.009910 0.036701 0.000002
v -0.009291 0.037722 0.000658
v -0.009291 0.036032 0.000658
v -0.009910 0.035011 0.000002
v -0.008670 0.037053 0.001315
v -0.009291 0.034344 0.000658
v -0.008670 0.035365 0.001315
v -0.008670 0.033675 0.001315
v -0.009910 0.033322 0.000002
v -0.009291 0.032654 0.000658
v -0.009910 0.031634 0.000002
v -0.008051 0.036386 0.001973
v -0.008051 0.034696 0.001973
v -0.007430 0.035717 0.002629
v -0.006322 0.038328 0.003803
v -0.005810 0.037293 0.004346
v -0.006691 0.037458 0.003413
v -0.006179 0.036422 0.003954
v -0.005299 0.036258 0.004886
v -0.005669 0.035387 0.004496
v -0.007061 0.036587 0.003021
v -0.006549 0.035552 0.003562
v -0.004787 0.035224 0.005429
v 0.002466 0.036072 0.013114
v 0.001909 0.036368 0.012522
v 0.002466 0.036632 0.013112
v 0.001907 0.036926 0.012520
v 0.001350 0.036662 0.011931
v 0.002464 0.037190 0.013110
v 0.002458 0.039115 0.013104
v 0.002586 0.038648 0.013238
v 0.002835 0.039090 0.013504
v 0.002962 0.038622 0.013638
v 0.002712 0.038186 0.013374
v 0.003211 0.039059 0.013902
v 0.003288 0.038491 0.013982
v 0.003038 0.038054 0.013718
v 0.003363 0.037923 0.014064
v 0.003114 0.037486 0.013798
v 0.002787 0.037618 0.013454
v 0.003438 0.037355 0.014144
v -0.007315 0.038152 0.002752
v -0.008304 0.037949 0.001704
v -0.007680 0.037256 0.002363
v 0.002792 0.035941 0.013458
v 0.002790 0.036501 0.013456
v 0.003115 0.036370 0.013802
v 0.003115 0.036928 0.013800
v 0.002789 0.037059 0.013456
v 0.003440 0.036797 0.014144
v 0.003125 0.035771 0.013810
v 0.003458 0.035600 0.014163
v 0.003448 0.036198 0.014154
v 0.003781 0.036027 0.014506
v 0.003789 0.035429 0.014515
v 0.003773 0.036626 0.014498
v 0.004674 0.038210 0.015451
v 0.004373 0.037682 0.015133
v 0.004382 0.037083 0.015142
v 0.004074 0.037154 0.014816
v 0.004082 0.036555 0.014824
v 0.004090 0.035957 0.014834
v -0.008410 0.032490 0.001592
v -0.007789 0.033510 0.002248
v -0.006909 0.033346 0.003182
v -0.006288 0.034366 0.003838
v -0.007170 0.034531 0.002906
v -0.005408 0.034203 0.004771
v -0.001784 0.031634 0.008611
v -0.002992 0.032490 0.007331
v -0.004493 0.031634 0.005741
v -0.004200 0.033346 0.006051
v -0.005701 0.032490 0.004461
v -0.007202 0.031634 0.002870
v 0.004674 0.036285 0.015451
v 0.004382 0.035158 0.015142
v 0.004674 0.034358 0.015451
v -0.022418 -0.021605 0.000002
v -0.023918 -0.019008 0.002957
v -0.022736 -0.021054 0.002957
v -0.024237 -0.018456 0.005910
v -0.025418 -0.016410 0.005910
v -0.023054 -0.020502 0.005910
v -0.025736 -0.015859 0.008866
v -0.024554 -0.017906 0.008866
v -0.026917 -0.013813 0.008866
v -0.023373 -0.019952 0.008866
v -0.021974 -0.022374 0.000002
v -0.022085 -0.022182 0.000002
v -0.022403 -0.021630 0.002957
v -0.022514 -0.021438 0.002957
v -0.022197 -0.021990 0.000002
v -0.022832 -0.020888 0.005910
v -0.022626 -0.021246 0.002957
v -0.022944 -0.020696 0.005910
v -0.022307 -0.021798 0.000002
v -0.023262 -0.020144 0.008866
v -0.029565 -0.012302 0.011458
v -0.029258 -0.012125 0.011458
v -0.029485 -0.012682 0.011096
v -0.028950 -0.011949 0.011458
v -0.029179 -0.012504 0.011096
v -0.028872 -0.012328 0.011096
v -0.028645 -0.011771 0.011458
v -0.029406 -0.013061 0.010734
v -0.029099 -0.012883 0.010734
v -0.029328 -0.013438 0.010371
v -0.029667 -0.020499 0.004515
v -0.028925 -0.019864 0.004691
v -0.029307 -0.020966 0.003941
v -0.028565 -0.020331 0.004117
v -0.028182 -0.019229 0.004867
v -0.028947 -0.021432 0.003365
v -0.027822 -0.019696 0.004293
v -0.028205 -0.020798 0.003541
v -0.027462 -0.020163 0.003717
v -0.027440 -0.018594 0.005043
v -0.027080 -0.019061 0.004469
v -0.026698 -0.017960 0.005219
v -0.028587 -0.021899 0.002789
v -0.027845 -0.021264 0.002965
v -0.028227 -0.022366 0.002213
v -0.030080 -0.012045 0.011933
v -0.030293 -0.011677 0.012350
v -0.030517 -0.012165 0.012045
v -0.030730 -0.011797 0.012462
v -0.030504 -0.011309 0.012770
v -0.030941 -0.011429 0.012882
v -0.030954 -0.012285 0.012157
v -0.031166 -0.011917 0.012576
v -0.031390 -0.012406 0.012269
v -0.030717 -0.010941 0.013187
v -0.034862 -0.017445 0.009680
v -0.034510 -0.017877 0.009139
v -0.034102 -0.017214 0.009504
v -0.034454 -0.016782 0.010045
v -0.033750 -0.017645 0.008962
v -0.033694 -0.016552 0.009867
v -0.033342 -0.016982 0.009326
v -0.032933 -0.016320 0.009690
v -0.034046 -0.016120 0.010408
v -0.033285 -0.015888 0.010232
v -0.033637 -0.015458 0.010773
v -0.032990 -0.017414 0.008784
v -0.032582 -0.016752 0.009149
v -0.032230 -0.017182 0.008606
v -0.035554 -0.016005 0.011250
v -0.035330 -0.016488 0.010728
v -0.034915 -0.015822 0.011091
v -0.034685 -0.016302 0.010568
v -0.035099 -0.016968 0.010205
v -0.034277 -0.015640 0.010931
v -0.029419 -0.017032 0.007350
v -0.029410 -0.016525 0.007779
v -0.029053 -0.016429 0.007686
v -0.029043 -0.015922 0.008114
v -0.029398 -0.016018 0.008206
v -0.028688 -0.015824 0.008021
v -0.029034 -0.015414 0.008542
v -0.028678 -0.015317 0.008450
v -0.028669 -0.014810 0.008877
v -0.029389 -0.015510 0.008635
v -0.029024 -0.014907 0.008970
v -0.029379 -0.015003 0.009062
v -0.028322 -0.015221 0.008357
v -0.028312 -0.014714 0.008784
v -0.027957 -0.014618 0.008691
v -0.028738 -0.017264 0.006818
v -0.029480 -0.017899 0.006642
v -0.028800 -0.018131 0.006109
v -0.028058 -0.017496 0.006285
v -0.029542 -0.018765 0.005933
v -0.028120 -0.018363 0.005576
v -0.028862 -0.018997 0.005400
v -0.027378 -0.017728 0.005752
v -0.029605 -0.019632 0.005224
v -0.030990 -0.014963 0.009891
v -0.031301 -0.015518 0.009570
v -0.031653 -0.015086 0.010112
v -0.031962 -0.015642 0.009790
v -0.031611 -0.016074 0.009250
v -0.032314 -0.015210 0.010331
v -0.032272 -0.016197 0.009469
v -0.032624 -0.015765 0.010011
v -0.031920 -0.016629 0.008928
v -0.032976 -0.015334 0.010552
v -0.031723 -0.023784 0.002726
v -0.032136 -0.023221 0.003410
v -0.031208 -0.022962 0.003174
v -0.031618 -0.022397 0.003858
v -0.032541 -0.022651 0.004094
v -0.030694 -0.022141 0.003621
v -0.032016 -0.021824 0.004542
v -0.031093 -0.021568 0.004306
v -0.031493 -0.020995 0.004990
v -0.032934 -0.022075 0.004781
v -0.032405 -0.021243 0.005229
v -0.030181 -0.021320 0.004069
v -0.030579 -0.020747 0.004754
v -0.030122 -0.017070 0.007666
v -0.029811 -0.016515 0.007986
v -0.030515 -0.016552 0.008299
v -0.030824 -0.017107 0.007979
v -0.030205 -0.015998 0.008621
v -0.031218 -0.016590 0.008614
v -0.030907 -0.016035 0.008934
v -0.031526 -0.017146 0.008293
v -0.030598 -0.015480 0.009256
v -0.029904 -0.012266 0.011658
v -0.030341 -0.012386 0.011770
v -0.030166 -0.012608 0.011494
v -0.030603 -0.012728 0.011606
v -0.030778 -0.012507 0.011882
v -0.031040 -0.012850 0.011718
v -0.030429 -0.012950 0.011331
v -0.030866 -0.013070 0.011443
v -0.030690 -0.013293 0.011168
v -0.031214 -0.012627 0.011994
v -0.033333 -0.013296 0.012467
v -0.033024 -0.013453 0.012181
v -0.033410 -0.013837 0.012043
v -0.033101 -0.013994 0.011757
v -0.032715 -0.013610 0.011894
v -0.033485 -0.014376 0.011619
v -0.032792 -0.014150 0.011472
v -0.033176 -0.014533 0.011334
v -0.032867 -0.014690 0.011048
v -0.032406 -0.013766 0.011610
v -0.032483 -0.014306 0.011186
v -0.032098 -0.013923 0.011323
v -0.033562 -0.014917 0.011197
v -0.033253 -0.015074 0.010910
v -0.033760 -0.013630 0.012392
v -0.033837 -0.014171 0.011968
v -0.034187 -0.013966 0.012317
v -0.033912 -0.014712 0.011544
v -0.034264 -0.014506 0.011893
v -0.034339 -0.015046 0.011469
v -0.033989 -0.015251 0.011122
v -0.034614 -0.014301 0.012240
v -0.034690 -0.014842 0.011818
v -0.035042 -0.014635 0.012165
v -0.029802 -0.016008 0.008414
v -0.030195 -0.015491 0.009048
v -0.029792 -0.015501 0.008842
v -0.030186 -0.014984 0.009477
v -0.030589 -0.014973 0.009683
v -0.029782 -0.014994 0.009269
v -0.032848 -0.013074 0.012418
v -0.032539 -0.013230 0.012131
v -0.032362 -0.012851 0.012368
v -0.032053 -0.013008 0.012082
v -0.032230 -0.013387 0.011846
v -0.031744 -0.013165 0.011797
v -0.031877 -0.012629 0.012318
v -0.031566 -0.012786 0.012034
v -0.031920 -0.013544 0.011560
v -0.023870 -0.021795 0.000554
v -0.023488 -0.020694 0.001306
v -0.024941 -0.020885 0.001859
v -0.025323 -0.021986 0.001107
v -0.024558 -0.019782 0.002611
v -0.026392 -0.021074 0.002411
v -0.026010 -0.019973 0.003163
v -0.026774 -0.022176 0.001661
v -0.025627 -0.018870 0.003915
v -0.032939 -0.020891 0.005794
v -0.032027 -0.020643 0.005555
v -0.032562 -0.020291 0.006120
v -0.031650 -0.020042 0.005882
v -0.031115 -0.020395 0.005318
v -0.030738 -0.019794 0.005645
v -0.032184 -0.019690 0.006446
v -0.031272 -0.019442 0.006208
v -0.031806 -0.019088 0.006773
v -0.030202 -0.020146 0.005080
v -0.030016 -0.017546 0.007206
v -0.030078 -0.018413 0.006498
v -0.030613 -0.018061 0.007062
v -0.030139 -0.019280 0.005789
v -0.030675 -0.018926 0.006354
v -0.031210 -0.018574 0.006917
v -0.031392 -0.013006 0.011757
v -0.031218 -0.013229 0.011482
v -0.031570 -0.013386 0.011522
v -0.031394 -0.013608 0.011246
v -0.031042 -0.013450 0.011206
v -0.031746 -0.013765 0.011285
v -0.029826 -0.012645 0.011294
v -0.029747 -0.013024 0.010933
v -0.030088 -0.012987 0.011133
v -0.030008 -0.013365 0.010770
v -0.029669 -0.013402 0.010571
v -0.030349 -0.013330 0.010970
v -0.035906 -0.015798 0.011598
v -0.035266 -0.015616 0.011438
v -0.035618 -0.015411 0.011787
v -0.034978 -0.015229 0.011629
v -0.034627 -0.015434 0.011280
v -0.035330 -0.015024 0.011976
v -0.031267 -0.014702 0.010250
v -0.031930 -0.014827 0.010469
v -0.031544 -0.014443 0.010606
v -0.032590 -0.014950 0.010690
v -0.032206 -0.014566 0.010827
v -0.031821 -0.014182 0.010965
v -0.036117 -0.015309 0.012120
v -0.036322 -0.014816 0.012642
v -0.035822 -0.014918 0.012309
v -0.036027 -0.014426 0.012830
v -0.036520 -0.014322 0.013162
v -0.035534 -0.014531 0.012498
v -0.030915 -0.014546 0.010210
v -0.030574 -0.014582 0.010011
v -0.030499 -0.014165 0.010330
v -0.030840 -0.014128 0.010530
v -0.030158 -0.014202 0.010131
v -0.030424 -0.013747 0.010650
v -0.030083 -0.013784 0.010451
v -0.030765 -0.013710 0.010848
v -0.029744 -0.013821 0.010251
v -0.030848 -0.023429 0.002598
v -0.030334 -0.022608 0.003045
v -0.029974 -0.023075 0.002470
v -0.029821 -0.021787 0.003493
v -0.029461 -0.022254 0.002917
v -0.029101 -0.022720 0.002341
v -0.030718 -0.017584 0.007520
v -0.031315 -0.018098 0.007376
v -0.031421 -0.017622 0.007835
v -0.032018 -0.018136 0.007690
v -0.031912 -0.018613 0.007232
v -0.032125 -0.017659 0.008149
v -0.029965 -0.025963 0.000002
v -0.030419 -0.025429 0.000680
v -0.029531 -0.025064 0.000554
v -0.029981 -0.024526 0.001234
v -0.030864 -0.024888 0.001362
v -0.029096 -0.024165 0.001107
v -0.030419 -0.023981 0.001915
v -0.029536 -0.023619 0.001789
v -0.031298 -0.024339 0.002043
v -0.028662 -0.023266 0.001661
v -0.030173 -0.014592 0.009803
v -0.029757 -0.014211 0.009925
v -0.029770 -0.014603 0.009597
v -0.029354 -0.014221 0.009717
v -0.029341 -0.013830 0.010045
v -0.029366 -0.014613 0.009390
v -0.031192 -0.014285 0.010568
v -0.031469 -0.014026 0.010926
v -0.031117 -0.013867 0.010888
v -0.028299 -0.014322 0.009112
v -0.028654 -0.014419 0.009205
v -0.028642 -0.014027 0.009531
v -0.029011 -0.014515 0.009298
v -0.028998 -0.014125 0.009624
v -0.028984 -0.013733 0.009952
v -0.027987 -0.012901 0.010170
v -0.028302 -0.012066 0.011038
v -0.027872 -0.013752 0.009389
v -0.027557 -0.014587 0.008520
v -0.028187 -0.012917 0.010256
v -0.027442 -0.015438 0.007738
v -0.027757 -0.014602 0.008606
v -0.027328 -0.016288 0.006955
v -0.027128 -0.016274 0.006870
v -0.027013 -0.017123 0.006088
v -0.028072 -0.013766 0.009474
v -0.027642 -0.015453 0.007824
v -0.024987 -0.018096 0.004261
v -0.026058 -0.017186 0.005565
v -0.026488 -0.015499 0.007216
v -0.024306 -0.022694 0.000002
v -0.025757 -0.022885 0.000554
v -0.026192 -0.023784 0.000002
v -0.027643 -0.023974 0.000554
v -0.027210 -0.023075 0.001107
v -0.028078 -0.024874 0.000002
v -0.031203 -0.011163 0.013237
v -0.032832 -0.012104 0.013237
v -0.031914 -0.011874 0.012981
v -0.033542 -0.012814 0.012981
v -0.034462 -0.013045 0.013237
v -0.035173 -0.013757 0.012981
v -0.032624 -0.012586 0.012723
v -0.034253 -0.013526 0.012723
v -0.036093 -0.013986 0.013237
v -0.035600 -0.014091 0.012906
v -0.034680 -0.013861 0.012648
v -0.035107 -0.014195 0.012573
v -0.028530 -0.012622 0.010675
v -0.028414 -0.013472 0.009894
v -0.028757 -0.013178 0.010314
v -0.031427 -0.011651 0.012931
v -0.031651 -0.012141 0.012626
v -0.032138 -0.012363 0.012674
v -0.034405 -0.018352 0.008680
v -0.033645 -0.018122 0.008504
v -0.033539 -0.018598 0.008045
v -0.032885 -0.017891 0.008326
v -0.032779 -0.018366 0.007867
v -0.032672 -0.018843 0.007410
v -0.028373 -0.016661 0.007154
v -0.028008 -0.016056 0.007488
v -0.027693 -0.016891 0.006621
v -0.033917 -0.019198 0.007718
v -0.033051 -0.019445 0.007082
v -0.033429 -0.020045 0.006755
v -0.029762 -0.026195 0.000002
v -0.030221 -0.025664 0.000976
v -0.030021 -0.025899 0.000976
v -0.029557 -0.026426 0.000002
v -0.030474 -0.025363 0.001950
v -0.029818 -0.026131 0.000976
v -0.030275 -0.025600 0.001950
v -0.030075 -0.025835 0.001950
v -0.029350 -0.026656 0.000002
v -0.029613 -0.026363 0.000976
v -0.029142 -0.026883 0.000002
v -0.030723 -0.025061 0.002926
v -0.030528 -0.025299 0.002926
v -0.028931 -0.027109 0.000002
v -0.029406 -0.026594 0.000976
v -0.028720 -0.027334 0.000002
v -0.029200 -0.026819 0.000973
v -0.029874 -0.026067 0.001947
v -0.028506 -0.027557 0.000002
v -0.030670 -0.025126 0.001656
v -0.030917 -0.024821 0.002632
v -0.031109 -0.024581 0.002338
v -0.031350 -0.024272 0.003314
v -0.031162 -0.024514 0.003606
v -0.031538 -0.024029 0.003019
v -0.031589 -0.023962 0.004291
v -0.031773 -0.023717 0.003998
v -0.032186 -0.023154 0.004683
v -0.032363 -0.022902 0.004389
v -0.031955 -0.023469 0.003704
v -0.032762 -0.022330 0.005075
v -0.032762 -0.022330 0.006259
v -0.032762 -0.022330 0.005669
v -0.032186 -0.023152 0.005275
v -0.005523 0.031634 0.012762
v -0.005243 0.031634 0.012442
v -0.006621 0.031634 0.009571
v -0.006339 0.031634 0.009251
v -0.004963 0.031634 0.012122
v -0.007717 0.031634 0.006381
v -0.006059 0.031634 0.008931
v -0.007437 0.031634 0.006061
v -0.007157 0.031634 0.005741
v -0.004682 0.031634 0.011802
v -0.005779 0.031634 0.008611
v -0.008814 0.031634 0.003192
v -0.008533 0.031634 0.002870
v -0.004446 0.031634 0.008611
v -0.003115 0.031634 0.008611
v -0.005824 0.031634 0.005741
v -0.005203 0.031634 0.012558
v -0.004922 0.031634 0.012238
v -0.004882 0.031634 0.012355
v -0.004602 0.031634 0.012035
v -0.004642 0.031634 0.011918
v -0.004562 0.031634 0.012152
v -0.002645 0.009552 0.019200
v -0.002557 0.009576 0.019134
v -0.002630 0.009704 0.019134
v -0.002542 0.009728 0.019069
v -0.002467 0.009600 0.019069
v -0.002618 0.009856 0.019069
v -0.002453 0.009750 0.019003
v -0.002528 0.009878 0.019003
v -0.002438 0.009902 0.018938
v -0.002378 0.009622 0.019005
v -0.002363 0.009773 0.018939
v -0.002288 0.009645 0.018939
v -0.002603 0.010008 0.019003
v -0.002514 0.010030 0.018938
v -0.002589 0.010160 0.018936
v -0.003309 0.010674 0.019200
v -0.003130 0.010546 0.019134
v -0.003141 0.010818 0.019040
v -0.002960 0.010688 0.018974
v -0.002949 0.010416 0.019069
v -0.002973 0.010960 0.018880
v -0.002781 0.010560 0.018909
v -0.002792 0.010832 0.018814
v -0.002613 0.010702 0.018749
v -0.002768 0.010288 0.019003
v -0.002600 0.010430 0.018843
v -0.002805 0.011102 0.018720
v -0.002624 0.010974 0.018654
v -0.002637 0.011246 0.018560
v -0.003090 0.019264 0.015848
v -0.002800 0.016525 0.016690
v -0.003096 0.017850 0.016381
v -0.002806 0.015110 0.017222
v -0.002510 0.013787 0.017531
v -0.002517 0.012373 0.018064
v -0.003102 0.016435 0.016914
v -0.002813 0.013696 0.017755
v -0.003109 0.015021 0.017448
v -0.002221 0.011048 0.018373
v -0.003416 0.020797 0.015482
v -0.003422 0.019382 0.016014
v -0.003749 0.020917 0.015648
v -0.003755 0.019502 0.016181
v -0.003429 0.017968 0.016547
v -0.003763 0.018088 0.016714
v -0.004083 0.021035 0.015814
v -0.004090 0.019621 0.016347
v -0.004416 0.021154 0.015981
v -0.003435 0.016554 0.017080
v -0.002102 0.010104 0.018651
v -0.002398 0.011429 0.018342
v -0.002282 0.010485 0.018621
v -0.002694 0.012754 0.018034
v -0.002576 0.011810 0.018312
v -0.002872 0.013134 0.018005
v -0.002990 0.014077 0.017726
v -0.002459 0.010866 0.018590
v -0.002755 0.012190 0.018282
v -0.003259 0.011762 0.018762
v -0.003586 0.013294 0.018395
v -0.003536 0.014381 0.017957
v -0.003210 0.012848 0.018323
v -0.003862 0.015914 0.017590
v -0.003486 0.015467 0.017518
v -0.003813 0.017000 0.017152
v -0.003158 0.013934 0.017885
v -0.004139 0.018534 0.016786
v -0.003392 0.022088 0.014984
v -0.003725 0.022206 0.015150
v -0.003701 0.023496 0.014653
v -0.004035 0.023614 0.014819
v -0.004059 0.022325 0.015317
v -0.004368 0.023734 0.014986
v -0.004011 0.024906 0.014320
v -0.004344 0.025024 0.014486
v -0.004320 0.026314 0.013989
v -0.004392 0.022443 0.015483
v -0.005246 0.029013 0.013566
v -0.005222 0.030304 0.013067
v -0.004946 0.027683 0.013872
v -0.004970 0.026394 0.014371
v -0.004922 0.028974 0.013374
v -0.004669 0.025064 0.014678
v -0.004645 0.026354 0.014179
v -0.004693 0.023774 0.015176
v -0.004621 0.027645 0.013682
v -0.003682 0.024826 0.014142
v -0.003971 0.027565 0.013301
v -0.003990 0.026235 0.013811
v -0.004280 0.028974 0.012970
v -0.004261 0.030304 0.012459
v -0.004299 0.027645 0.013480
v -0.002811 0.009832 0.019200
v -0.002797 0.009984 0.019134
v -0.002978 0.010114 0.019200
v -0.002782 0.010136 0.019069
v -0.002963 0.010266 0.019134
v -0.003142 0.010394 0.019200
v -0.002091 0.009832 0.018744
v -0.002269 0.010213 0.018715
v -0.002256 0.009941 0.018808
v -0.002446 0.010594 0.018685
v -0.002435 0.010322 0.018779
v -0.002422 0.010050 0.018872
v -0.002197 0.009666 0.018874
v -0.002272 0.009794 0.018874
v -0.002107 0.009685 0.018810
v -0.002182 0.009813 0.018810
v -0.002347 0.009922 0.018874
v -0.002016 0.009704 0.018746
v -0.003091 0.011904 0.018602
v -0.002923 0.012046 0.018442
v -0.003040 0.012990 0.018163
v -0.004902 0.030304 0.012866
v -0.004602 0.028974 0.013173
v -0.004581 0.030304 0.012662
v 0.000722 -0.001742 0.038405
v 0.001333 -0.001333 0.038405
v 0.001189 -0.001189 0.038725
v 0.001742 -0.000722 0.038405
v 0.001554 -0.000643 0.038725
v 0.001339 -0.000554 0.039006
v -0.001339 -0.000554 0.039006
v -0.001554 -0.000643 0.038725
v -0.001189 -0.001189 0.038725
v -0.001742 -0.000722 0.038405
v -0.001333 -0.001333 0.038405
v -0.000722 -0.001742 0.038405
v -0.000643 -0.001554 0.038725
v -0.001024 -0.001024 0.039006
v -0.000842 -0.000842 0.039243
v -0.000842 -0.000349 0.039432
v -0.001099 -0.000456 0.039243
v -0.000570 -0.000235 0.039568
v 0.001099 -0.000456 0.039243
v 0.000349 -0.000842 0.039432
v 0.000000 -0.001448 0.039006
v -0.003309 0.010341 0.019200
v -0.003227 0.010370 0.019200
v -0.003227 0.010037 0.019200
v -0.003309 0.010008 0.019200
v -0.003144 0.010064 0.019200
v -0.003227 0.009704 0.019200
v -0.003144 0.009731 0.019200
v -0.003144 0.009400 0.019200
v -0.003309 0.009675 0.019200
v -0.003227 0.009371 0.019200
v -0.003309 0.009344 0.019200
v -0.003062 0.009758 0.019200
v -0.003062 0.009427 0.019200
v -0.002979 0.009454 0.019200
v -0.003061 0.010088 0.019200
v -0.002979 0.009784 0.019200
v -0.002894 0.009810 0.019200
v -0.002813 0.009504 0.019200
v -0.002896 0.009480 0.019200
v -0.002730 0.009530 0.019200
v -0.004552 0.008805 0.006762
v -0.005429 0.008293 0.004434
v -0.003826 0.009144 0.004509
v -0.004813 0.008664 0.002254
v -0.006314 0.007642 0.002179
v -0.005742 0.008078 0.000002
v -0.003074 0.009424 0.002254
v -0.004098 0.009026 0.000002
v -0.002301 0.009642 0.000002
v -0.007178 0.006835 0.000002
v 0.009651 0.002261 0.015608
v 0.009651 0.002261 0.016805
v 0.008880 0.004403 0.016805
v 0.008880 0.004403 0.018003
v 0.009651 0.002261 0.018003
v 0.008880 0.004403 0.019200
v 0.007642 0.006312 0.018003
v 0.007642 0.006312 0.019200
v 0.006002 0.007890 0.019200
v 0.009651 0.002261 0.019200
v 0.009389 0.003181 0.013349
v 0.009010 0.004131 0.011147
v 0.008379 0.005294 0.014603
v 0.007789 0.006130 0.012402
v 0.008502 0.005094 0.009003
v 0.006950 0.007066 0.015802
v 0.002216 0.009661 0.008750
v 0.003229 0.009371 0.011363
v 0.004387 0.008888 0.007963
v 0.005306 0.008373 0.010576
v 0.004203 0.008976 0.013976
v 0.006322 0.007634 0.007178
v 0.006163 0.007763 0.013189
v 0.007096 0.006922 0.009790
v 0.005131 0.008480 0.016587
v 0.007914 0.005968 0.006390
v 0.004366 0.008899 0.002189
v 0.005867 0.007989 0.003131
v 0.003670 0.009208 0.004376
v 0.005058 0.008525 0.005776
v 0.007038 0.006979 0.004533
v 0.002952 0.009462 0.006563
v -0.001179 0.009842 0.002189
v -0.000421 0.009902 0.000002
v 0.000718 0.009886 0.002189
v -0.000043 0.009912 0.004376
v 0.001475 0.009802 0.000002
v 0.001846 0.009738 0.004376
v 0.002589 0.009568 0.002189
v 0.001094 0.009851 0.006563
v 0.003317 0.009341 0.000002
v 0.001189 0.009840 0.011234
v 0.002226 0.009659 0.013845
v 0.000149 0.009910 0.013715
v 0.001198 0.009840 0.016328
v 0.003237 0.009368 0.016458
v 0.002235 0.009656 0.018941
v -0.000893 0.009872 0.016198
v 0.000158 0.009910 0.018811
v 0.004211 0.008973 0.019070
v -0.001758 0.009755 0.013765
v -0.000749 0.009883 0.011299
v -0.002634 0.009555 0.011349
v -0.001640 0.009776 0.008883
v 0.000294 0.009907 0.008816
v -0.003512 0.009269 0.008949
v -0.001971 0.009714 0.004442
v -0.002750 0.009523 0.006696
v -0.000845 0.009875 0.006629
v 0.004128 0.009011 0.019134
v 0.004043 0.009050 0.019200
v 0.001963 0.009715 0.019134
v 0.002054 0.009698 0.019069
v 0.001872 0.009733 0.019200
v -0.000213 0.009910 0.019069
v -0.000304 0.009907 0.019134
v -0.000120 0.009912 0.019005
v -0.000397 0.009904 0.019200
v -0.000027 0.009912 0.018939
v 0.002144 0.009677 0.019005
v 0.000066 0.009912 0.018875
v -0.005941 -0.010770 0.007000
v -0.005083 -0.011078 0.004606
v -0.007686 -0.012560 0.004667
v -0.004130 -0.011309 0.002274
v -0.006731 -0.012790 0.002334
v -0.005776 -0.013022 0.000002
v -0.003075 -0.011464 0.000002
v -0.009430 -0.014350 0.002334
v -0.008475 -0.014581 0.000002
v -0.011176 -0.016139 0.000002
v -0.020715 -0.021042 0.001808
v -0.019275 -0.020816 0.000002
v -0.018014 -0.019482 0.001808
v -0.019454 -0.019707 0.003616
v -0.016574 -0.019258 0.000002
v -0.016755 -0.018149 0.003616
v -0.015315 -0.017923 0.001808
v -0.014056 -0.016590 0.003616
v -0.018195 -0.018374 0.005424
v -0.015496 -0.016816 0.005424
v -0.016936 -0.017040 0.007230
v -0.013875 -0.017698 0.000002
v -0.012616 -0.016365 0.001808
v -0.022798 -0.018915 0.011733
v -0.022947 -0.019307 0.010822
v -0.022054 -0.018821 0.010734
v -0.021904 -0.018429 0.011643
v -0.022205 -0.019213 0.009826
v -0.021162 -0.018334 0.010646
v -0.021312 -0.018726 0.009736
v -0.020419 -0.018240 0.009648
v -0.021011 -0.017942 0.011555
v -0.020269 -0.017848 0.010558
v -0.020118 -0.017456 0.011467
v -0.021462 -0.019118 0.008827
v -0.020570 -0.018632 0.008739
v -0.020718 -0.019024 0.007829
v -0.014792 -0.013322 0.014624
v -0.016350 -0.014547 0.013656
v -0.014987 -0.014154 0.012482
v -0.013429 -0.012930 0.013450
v -0.016546 -0.015378 0.011515
v -0.013624 -0.013760 0.011307
v -0.015182 -0.014986 0.010341
v -0.013819 -0.014592 0.009166
v -0.012066 -0.012536 0.012275
v -0.012261 -0.013368 0.010133
v -0.010702 -0.012144 0.011101
v -0.016741 -0.016210 0.009373
v -0.015378 -0.015816 0.008198
v -0.005822 -0.009771 0.009774
v -0.007568 -0.011560 0.007442
v -0.007450 -0.010562 0.010216
v -0.009312 -0.013350 0.005109
v -0.009194 -0.012352 0.007883
v -0.010939 -0.014141 0.005550
v -0.011058 -0.015141 0.002776
v -0.009075 -0.011352 0.010659
v -0.010821 -0.013142 0.008326
v -0.012498 -0.015366 0.004584
v -0.013938 -0.015590 0.006390
v -0.012379 -0.014366 0.007358
v -0.017146 -0.014651 0.014715
v -0.017341 -0.015482 0.012574
v -0.018136 -0.015586 0.013634
v -0.017536 -0.016314 0.010432
v -0.018331 -0.016418 0.011491
v -0.018526 -0.017248 0.009349
v -0.017731 -0.017144 0.008290
v -0.019128 -0.016522 0.012550
v -0.019323 -0.017352 0.010408
v -0.021661 -0.021536 0.001958
v -0.020402 -0.020203 0.003766
v -0.021347 -0.020699 0.003915
v -0.020086 -0.019366 0.005723
v -0.019141 -0.018870 0.005573
v -0.018827 -0.018032 0.007530
v -0.021034 -0.019861 0.005872
v -0.019773 -0.018528 0.007680
v -0.017882 -0.017536 0.007381
v -0.007536 -0.009459 0.013653
v -0.008114 -0.009608 0.014202
v -0.007405 -0.009189 0.014235
v -0.007982 -0.009338 0.014784
v -0.008690 -0.009757 0.014750
v -0.007275 -0.008917 0.014818
v -0.008560 -0.009486 0.015333
v -0.007851 -0.009066 0.015366
v -0.008429 -0.009216 0.015915
v -0.009267 -0.009906 0.015299
v -0.009136 -0.009635 0.015882
v -0.009845 -0.010056 0.015848
v -0.007144 -0.008646 0.015400
v -0.007720 -0.008795 0.015949
v -0.007013 -0.008376 0.015982
v -0.005030 -0.009099 0.010413
v -0.006658 -0.009891 0.010854
v -0.005866 -0.009219 0.011493
v -0.008285 -0.010682 0.011296
v -0.007493 -0.010011 0.011934
v -0.009120 -0.010802 0.012376
v -0.009910 -0.011472 0.011739
v -0.006701 -0.009339 0.012573
v -0.008328 -0.010130 0.013014
v -0.014578 -0.012800 0.015811
v -0.013214 -0.012408 0.014637
v -0.013000 -0.011885 0.015824
v -0.011637 -0.011493 0.014650
v -0.011851 -0.012014 0.013462
v -0.010274 -0.011099 0.013475
v -0.011422 -0.010970 0.015837
v -0.010059 -0.010578 0.014662
v -0.010488 -0.011621 0.012288
v -0.018677 -0.017640 0.008440
v -0.019624 -0.018136 0.008589
v -0.019474 -0.017744 0.009499
v -0.009696 -0.010950 0.012926
v -0.009482 -0.010429 0.014112
v -0.008904 -0.010280 0.013563
v -0.004901 -0.008829 0.010995
v -0.005736 -0.008949 0.012075
v -0.005605 -0.008678 0.012658
v -0.006570 -0.009069 0.013155
v -0.006440 -0.008797 0.013738
v -0.006309 -0.008526 0.014320
v -0.023781 -0.019338 0.012165
v -0.024674 -0.019822 0.012253
v -0.023453 -0.019197 0.012021
v -0.022560 -0.018710 0.011933
v -0.024346 -0.019682 0.012109
v -0.022232 -0.018570 0.011787
v -0.023125 -0.019056 0.011877
v -0.021339 -0.018083 0.011699
v -0.024019 -0.019542 0.011965
v -0.019357 -0.016213 0.013866
v -0.020347 -0.017149 0.012782
v -0.021568 -0.017774 0.013014
v -0.006872 -0.007485 0.018395
v -0.006272 -0.007971 0.015914
v -0.006918 -0.007782 0.017592
v -0.005614 -0.008419 0.013446
v -0.006262 -0.008230 0.015125
v -0.006966 -0.008078 0.016787
v -0.022090 -0.020794 0.004914
v -0.022518 -0.020050 0.007867
v -0.021776 -0.019955 0.006870
v -0.012365 -0.011238 0.016661
v -0.010154 -0.009675 0.017512
v -0.010787 -0.010323 0.016674
v -0.008576 -0.008762 0.017525
v -0.007942 -0.008114 0.018362
v -0.009210 -0.009408 0.016686
v -0.024653 -0.019859 0.012109
v -0.024325 -0.019718 0.011965
v -0.024632 -0.019896 0.011965
v -0.007234 -0.007694 0.018395
v -0.007869 -0.008341 0.017558
v -0.007160 -0.007922 0.017592
v -0.007795 -0.008568 0.016754
v -0.008502 -0.008989 0.016720
v -0.007086 -0.008149 0.016787
v -0.006994 -0.007555 0.018395
v -0.007040 -0.007851 0.017592
v -0.007114 -0.007624 0.018395
v 0.032410 -0.007725 0.000002
v 0.032155 -0.007573 0.000002
v 0.032214 -0.008062 0.000002
v 0.032467 -0.008214 0.000002
v 0.031960 -0.007910 0.000002
v 0.032272 -0.008554 0.000002
v 0.032019 -0.008400 0.000002
v 0.032077 -0.008891 0.000002
v 0.032526 -0.008706 0.000002
v 0.032331 -0.009043 0.000002
v 0.032584 -0.009197 0.000002
v 0.031765 -0.008248 0.000002
v 0.031824 -0.008739 0.000002
v -0.008466 0.000587 0.000002
v -0.008192 -0.000835 0.000002
v -0.006746 -0.000294 0.000002
v -0.007019 0.001128 0.000002
v -0.006472 -0.001715 0.000002
v -0.005298 0.000246 0.000002
v -0.005024 -0.001176 0.000002
v -0.003578 -0.000635 0.000002
v -0.005571 0.001667 0.000002
v -0.003851 0.000786 0.000002
v -0.004125 0.002208 0.000002
v -0.004752 -0.002597 0.000002
v -0.003304 -0.002058 0.000002
v -0.003030 -0.003478 0.000002
v -0.002757 0.007782 0.000002
v -0.004478 0.007002 0.000002
v -0.003213 0.005925 0.000002
v -0.004725 0.004850 0.000002
v -0.005990 0.005926 0.000002
v -0.006237 0.003774 0.000002
v -0.003669 0.004066 0.000002
v -0.005181 0.002992 0.000002
v -0.007293 0.004558 0.000002
v 0.031331 -0.009592 0.000002
v 0.031574 -0.009949 0.000002
v 0.031992 -0.009818 0.000002
v 0.031749 -0.009461 0.000002
v 0.032235 -0.010174 0.000002
v 0.032410 -0.009685 0.000002
v 0.032653 -0.010043 0.000002
v 0.033070 -0.009910 0.000002
v 0.032166 -0.009328 0.000002
v 0.032827 -0.009554 0.000002
v 0.032896 -0.010400 0.000002
v 0.033314 -0.010267 0.000002
v 0.033557 -0.010624 0.000002
v 0.007952 0.004579 0.000002
v 0.007859 0.005554 0.000002
v 0.007011 0.005574 0.000002
v 0.007102 0.004600 0.000002
v 0.006918 0.006549 0.000002
v 0.006162 0.005594 0.000002
v 0.006069 0.006568 0.000002
v 0.005221 0.006589 0.000002
v 0.006253 0.004619 0.000002
v 0.005312 0.005614 0.000002
v 0.005403 0.004640 0.000002
v 0.005978 0.007542 0.000002
v 0.005128 0.007563 0.000002
v -0.007680 0.032682 0.000002
v -0.007938 0.032640 0.000002
v -0.007851 0.033002 0.000002
v -0.008109 0.032960 0.000002
v -0.008195 0.032600 0.000002
v -0.008022 0.033320 0.000002
v -0.008366 0.032918 0.000002
v -0.008280 0.033278 0.000002
v -0.008538 0.033238 0.000002
v -0.008453 0.032558 0.000002
v -0.008624 0.032877 0.000002
v -0.008710 0.032517 0.000002
v -0.008194 0.033640 0.000002
v -0.008451 0.033598 0.000002
v -0.008365 0.033958 0.000002
v -0.009611 0.031854 0.000002
v -0.009510 0.031581 0.000002
v -0.009211 0.031802 0.000002
v -0.009310 0.032075 0.000002
v -0.009112 0.031526 0.000002
v -0.008910 0.032022 0.000002
v -0.008811 0.031747 0.000002
v -0.008512 0.031970 0.000002
v -0.009011 0.032296 0.000002
v -0.008611 0.032243 0.000002
v -0.008712 0.031474 0.000002
v -0.008411 0.031694 0.000002
v -0.008312 0.031421 0.000002
v 0.034390 -0.010587 0.000002
v 0.034181 -0.010597 0.000002
v 0.034232 -0.010413 0.000002
v 0.034024 -0.010422 0.000002
v 0.033973 -0.010606 0.000002
v 0.034074 -0.010238 0.000002
v 0.033816 -0.010432 0.000002
v 0.033866 -0.010248 0.000002
v 0.033658 -0.010258 0.000002
v 0.033765 -0.010616 0.000002
v 0.033606 -0.010442 0.000002
v 0.033917 -0.010064 0.000002
v 0.033707 -0.010074 0.000002
v 0.033758 -0.009890 0.000002
v -0.007838 0.032366 0.000002
v -0.008096 0.032325 0.000002
v -0.007995 0.032051 0.000002
v -0.008253 0.032010 0.000002
v -0.008354 0.032285 0.000002
v -0.008154 0.031736 0.000002
v 0.004400 0.001352 0.000002
v 0.004917 0.000629 0.000002
v 0.003990 -0.000021 0.000002
v 0.004506 -0.000742 0.000002
v 0.005432 -0.000093 0.000002
v 0.003581 -0.001392 0.000002
v 0.005022 -0.001464 0.000002
v 0.004096 -0.002114 0.000002
v 0.004611 -0.002835 0.000002
v 0.005947 -0.000814 0.000002
v 0.005538 -0.002186 0.000002
v 0.006464 -0.001536 0.000002
v 0.003170 -0.002763 0.000002
v 0.003686 -0.003485 0.000002
v 0.002760 -0.004134 0.000002
v -0.001448 0.008403 0.000002
v -0.001904 0.006544 0.000002
v -0.000595 0.007163 0.000002
v -0.001051 0.005306 0.000002
v -0.002360 0.004686 0.000002
v -0.001507 0.003446 0.000002
v 0.000259 0.005925 0.000002
v -0.000197 0.004067 0.000002
v 0.001112 0.004686 0.000002
v -0.002816 0.002827 0.000002
v -0.022778 -0.024245 0.000002
v -0.022586 -0.024000 0.000002
v -0.022922 -0.023845 0.000002
v -0.023115 -0.024091 0.000002
v -0.022730 -0.023598 0.000002
v -0.023259 -0.023690 0.000002
v -0.023067 -0.023445 0.000002
v -0.023405 -0.023290 0.000002
v -0.023451 -0.023936 0.000002
v -0.023597 -0.023536 0.000002
v -0.023789 -0.023781 0.000002
v -0.022875 -0.023198 0.000002
v -0.023211 -0.023045 0.000002
v -0.023019 -0.022798 0.000002
v -0.008614 0.035099 0.000002
v -0.008742 0.034718 0.000002
v -0.008784 0.035046 0.000002
v -0.008912 0.034666 0.000002
v -0.008870 0.034338 0.000002
v -0.008954 0.034994 0.000002
v -0.009040 0.034285 0.000002
v -0.009082 0.034613 0.000002
v -0.009210 0.034232 0.000002
v -0.008998 0.033957 0.000002
v -0.009168 0.033904 0.000002
v -0.009126 0.033576 0.000002
v -0.009123 0.034941 0.000002
v -0.009251 0.034560 0.000002
v -0.009293 0.034890 0.000002
v -0.026115 -0.024979 0.000002
v -0.025718 -0.024904 0.000002
v -0.025990 -0.025098 0.000002
v -0.025592 -0.025024 0.000002
v -0.025320 -0.024829 0.000002
v -0.025866 -0.025218 0.000002
v -0.025195 -0.024949 0.000002
v -0.025467 -0.025144 0.000002
v -0.025070 -0.025069 0.000002
v -0.024923 -0.024755 0.000002
v -0.024797 -0.024875 0.000002
v -0.024525 -0.024680 0.000002
v -0.025739 -0.025338 0.000002
v -0.025342 -0.025262 0.000002
v -0.025614 -0.025458 0.000002
v 0.031659 -0.009022 0.000002
v 0.031912 -0.009176 0.000002
v 0.031494 -0.009307 0.000002
v -0.007838 -0.002694 0.000002
v -0.005782 -0.003442 0.000002
v -0.007150 -0.004421 0.000002
v -0.005094 -0.005168 0.000002
v -0.004062 -0.004323 0.000002
v -0.006125 -0.006013 0.000002
v 0.009050 -0.000384 0.000002
v 0.008878 -0.001677 0.000002
v 0.008187 -0.000768 0.000002
v 0.008541 -0.002925 0.000002
v 0.007850 -0.002016 0.000002
v 0.007514 -0.003266 0.000002
v 0.008038 -0.004130 0.000002
v 0.007325 -0.001152 0.000002
v 0.006989 -0.002400 0.000002
v -0.000005 -0.000010 0.000002
v 0.001096 0.000331 0.000002
v 0.000686 -0.001040 0.000002
v 0.001787 -0.000701 0.000002
v 0.002197 0.000670 0.000002
v 0.001378 -0.002072 0.000002
v 0.002888 -0.000360 0.000002
v 0.002478 -0.001731 0.000002
v 0.003299 0.001011 0.000002
v 0.002069 -0.003102 0.000002
v -0.024458 -0.022987 0.000002
v -0.024291 -0.023186 0.000002
v -0.024653 -0.023291 0.000002
v -0.024485 -0.023490 0.000002
v -0.024123 -0.023384 0.000002
v -0.024846 -0.023595 0.000002
v -0.024317 -0.023688 0.000002
v -0.024678 -0.023794 0.000002
v -0.024512 -0.023994 0.000002
v -0.023957 -0.023582 0.000002
v -0.024150 -0.023886 0.000002
v -0.025040 -0.023901 0.000002
v -0.024872 -0.024099 0.000002
v -0.025234 -0.024205 0.000002
v -0.008552 0.034813 0.000002
v -0.008680 0.034434 0.000002
v -0.008490 0.034528 0.000002
v -0.008618 0.034147 0.000002
v -0.008808 0.034053 0.000002
v -0.008746 0.033766 0.000002
v -0.008427 0.034243 0.000002
v -0.008555 0.033862 0.000002
v -0.008936 0.033672 0.000002
v -0.008810 0.038346 0.000002
v -0.009096 0.038278 0.000002
v -0.008854 0.038026 0.000002
v -0.009141 0.037955 0.000002
v -0.009382 0.038210 0.000002
v -0.009427 0.037886 0.000002
v -0.008899 0.037704 0.000002
v -0.009186 0.037635 0.000002
v -0.008942 0.037382 0.000002
v -0.009669 0.038138 0.000002
v 0.007112 -0.004779 0.000002
v 0.006587 -0.003914 0.000002
v 0.005661 -0.004563 0.000002
v 0.005136 -0.003699 0.000002
v 0.006062 -0.003050 0.000002
v 0.004211 -0.004349 0.000002
v 0.004350 -0.007504 0.000002
v 0.005392 -0.006717 0.000002
v 0.003821 -0.006381 0.000002
v 0.004741 -0.005472 0.000002
v 0.006312 -0.005810 0.000002
v 0.003290 -0.005258 0.000002
v 0.034528 -0.010376 0.000002
v 0.034370 -0.010202 0.000002
v 0.034667 -0.010163 0.000002
v 0.034213 -0.010027 0.000002
v 0.034509 -0.009989 0.000002
v 0.034350 -0.009814 0.000002
v 0.034054 -0.009853 0.000002
v 0.034805 -0.009952 0.000002
v 0.034646 -0.009778 0.000002
v 0.034942 -0.009739 0.000002
v 0.034611 -0.010598 0.000002
v 0.034749 -0.010386 0.000002
v 0.034832 -0.010608 0.000002
v 0.034888 -0.010174 0.000002
v 0.034970 -0.010397 0.000002
v 0.035109 -0.010184 0.000002
v 0.035026 -0.009962 0.000002
v 0.035053 -0.010619 0.000002
v 0.035192 -0.010406 0.000002
v 0.035274 -0.010629 0.000002
v -0.028845 -0.026757 0.000002
v -0.028635 -0.026982 0.000002
v -0.028549 -0.026630 0.000002
v -0.028336 -0.026854 0.000002
v -0.028421 -0.027206 0.000002
v -0.028123 -0.027078 0.000002
v -0.028253 -0.026506 0.000002
v -0.028040 -0.026728 0.000002
v -0.027955 -0.026379 0.000002
v -0.028206 -0.027427 0.000002
v 0.036267 -0.010901 0.000002
v 0.036019 -0.010832 0.000002
v 0.035936 -0.010611 0.000002
v 0.035688 -0.010542 0.000002
v 0.035771 -0.010765 0.000002
v 0.035605 -0.010320 0.000002
v 0.035440 -0.010475 0.000002
v 0.035357 -0.010253 0.000002
v 0.035523 -0.010696 0.000002
v 0.035274 -0.010030 0.000002
v -0.024099 -0.022939 0.000002
v -0.023931 -0.023138 0.000002
v -0.023739 -0.022893 0.000002
v -0.023571 -0.023091 0.000002
v -0.023763 -0.023338 0.000002
v -0.023379 -0.022845 0.000002
v -0.025894 -0.024786 0.000002
v -0.025498 -0.024710 0.000002
v -0.025675 -0.024592 0.000002
v -0.025277 -0.024517 0.000002
v -0.025099 -0.024635 0.000002
v -0.024880 -0.024443 0.000002
v -0.025454 -0.024398 0.000002
v -0.025056 -0.024323 0.000002
v -0.024702 -0.024562 0.000002
v 0.000408 -0.008462 0.000002
v 0.000938 -0.009586 0.000002
v 0.001722 -0.008142 0.000002
v 0.001192 -0.007019 0.000002
v 0.002253 -0.009266 0.000002
v 0.002506 -0.006701 0.000002
v 0.003037 -0.007822 0.000002
v 0.001976 -0.005578 0.000002
v 0.003566 -0.008946 0.000002
v 0.033525 -0.008966 0.000002
v 0.033878 -0.009160 0.000002
v 0.033582 -0.009198 0.000002
v 0.033938 -0.009390 0.000002
v 0.034234 -0.009354 0.000002
v 0.033642 -0.009429 0.000002
v 0.034293 -0.009584 0.000002
v 0.033997 -0.009622 0.000002
v 0.034589 -0.009547 0.000002
v 0.033699 -0.009659 0.000002
v 0.000440 0.008483 0.000002
v 0.002275 0.008206 0.000002
v 0.001240 0.006888 0.000002
v 0.003074 0.006611 0.000002
v 0.004056 0.007574 0.000002
v 0.002093 0.005650 0.000002
v -0.001035 0.000546 0.000002
v 0.000274 0.001165 0.000002
v -0.000757 0.001718 0.000002
v -0.002066 0.001099 0.000002
v 0.000554 0.002339 0.000002
v -0.001786 0.002274 0.000002
v -0.000477 0.002893 0.000002
v -0.003094 0.001653 0.000002
v 0.000832 0.003512 0.000002
v 0.037494 -0.012010 0.000002
v 0.037379 -0.012360 0.000002
v 0.037206 -0.011997 0.000002
v 0.037261 -0.012707 0.000002
v 0.037090 -0.012346 0.000002
v 0.036971 -0.012694 0.000002
v 0.037139 -0.013056 0.000002
v 0.036920 -0.011984 0.000002
v 0.036802 -0.012331 0.000002
v 0.036634 -0.011970 0.000002
v -0.001040 -0.008298 0.000002
v -0.002883 -0.007866 0.000002
v -0.001704 -0.006691 0.000002
v -0.004579 -0.007104 0.000002
v -0.003398 -0.005930 0.000002
v -0.002368 -0.005085 0.000002
v -0.028115 -0.027621 0.000002
v -0.028032 -0.027272 0.000002
v -0.027939 -0.027466 0.000002
v -0.027947 -0.026922 0.000002
v -0.027856 -0.027115 0.000002
v -0.027771 -0.026765 0.000002
v -0.027864 -0.026573 0.000002
v -0.027763 -0.027309 0.000002
v -0.027680 -0.026958 0.000002
v -0.027587 -0.027152 0.000002
v -0.000256 -0.006856 0.000002
v -0.000920 -0.005250 0.000002
v 0.000528 -0.005413 0.000002
v -0.000136 -0.003806 0.000002
v -0.001584 -0.003643 0.000002
v 0.001312 -0.003971 0.000002
v -0.008082 0.036307 0.000002
v -0.008269 0.036267 0.000002
v -0.008298 0.036576 0.000002
v -0.008483 0.036536 0.000002
v -0.008454 0.036227 0.000002
v -0.008512 0.036845 0.000002
v -0.008670 0.036496 0.000002
v -0.008699 0.036805 0.000002
v -0.008885 0.036765 0.000002
v -0.008640 0.036186 0.000002
v -0.008856 0.036456 0.000002
v -0.008827 0.036146 0.000002
v -0.008728 0.037114 0.000002
v -0.008914 0.037074 0.000002
v -0.009890 0.038154 0.000002
v -0.009648 0.037901 0.000002
v -0.009867 0.037917 0.000002
v -0.009405 0.037650 0.000002
v -0.009626 0.037666 0.000002
v -0.009384 0.037413 0.000002
v -0.009163 0.037398 0.000002
v -0.009846 0.037680 0.000002
v -0.009603 0.037429 0.000002
v -0.009824 0.037443 0.000002
v 0.036510 -0.010997 0.000002
v 0.036358 -0.011168 0.000002
v 0.036602 -0.011264 0.000002
v 0.036752 -0.011093 0.000002
v 0.036450 -0.011435 0.000002
v 0.036845 -0.011360 0.000002
v 0.036693 -0.011531 0.000002
v 0.036936 -0.011627 0.000002
v 0.036995 -0.011189 0.000002
v 0.037086 -0.011456 0.000002
v 0.037238 -0.011285 0.000002
v 0.036541 -0.011702 0.000002
v 0.036784 -0.011798 0.000002
v 0.001376 0.001506 0.000002
v 0.001654 0.002678 0.000002
v 0.002477 0.001845 0.000002
v 0.002757 0.003019 0.000002
v 0.001934 0.003853 0.000002
v 0.003578 0.002186 0.000002
v 0.037645 -0.011838 0.000002
v 0.037358 -0.011826 0.000002
v 0.037509 -0.011654 0.000002
v 0.037072 -0.011813 0.000002
v 0.037222 -0.011642 0.000002
v 0.037374 -0.011470 0.000002
v -0.009022 0.033310 0.000002
v -0.008832 0.033406 0.000002
v -0.008918 0.033046 0.000002
v -0.008642 0.033502 0.000002
v -0.008728 0.033142 0.000002
v -0.008814 0.032782 0.000002
v 0.009312 0.000242 0.000002
v 0.009277 0.000832 0.000002
v 0.008710 0.000482 0.000002
v 0.008640 0.001069 0.000002
v 0.009206 0.001418 0.000002
v 0.008570 0.001654 0.000002
v 0.008110 0.000723 0.000002
v 0.008040 0.001309 0.000002
v 0.007510 0.000963 0.000002
v 0.009101 0.002000 0.000002
v 0.004651 0.002173 0.000002
v 0.003829 0.003006 0.000002
v 0.004902 0.002995 0.000002
v 0.003006 0.003842 0.000002
v 0.004080 0.003829 0.000002
v 0.003258 0.004662 0.000002
v 0.002184 0.004675 0.000002
v 0.005154 0.003818 0.000002
v 0.004331 0.004651 0.000002
v -0.009522 0.001371 0.000002
v -0.008075 0.001910 0.000002
v -0.009131 0.002694 0.000002
v -0.007683 0.003235 0.000002
v -0.006627 0.002451 0.000002
v -0.008739 0.004018 0.000002
v -0.027442 -0.025101 0.000002
v -0.027315 -0.025240 0.000002
v -0.027570 -0.025419 0.000002
v -0.027445 -0.025560 0.000002
v -0.027190 -0.025381 0.000002
v -0.027699 -0.025739 0.000002
v -0.027318 -0.025701 0.000002
v -0.027573 -0.025880 0.000002
v -0.027448 -0.026021 0.000002
v -0.027066 -0.025522 0.000002
v -0.027194 -0.025842 0.000002
v -0.026939 -0.025662 0.000002
v -0.027827 -0.026059 0.000002
v -0.027702 -0.026200 0.000002
v 0.008450 -0.000144 0.000002
v 0.007587 -0.000528 0.000002
v 0.007848 0.000098 0.000002
v 0.006987 -0.000286 0.000002
v 0.006725 -0.000912 0.000002
v 0.007248 0.000339 0.000002
v 0.036075 -0.011030 0.000002
v 0.036166 -0.011299 0.000002
v 0.035882 -0.011162 0.000002
v 0.036258 -0.011566 0.000002
v 0.035973 -0.011429 0.000002
v 0.036064 -0.011696 0.000002
v 0.036349 -0.011834 0.000002
v 0.035690 -0.011291 0.000002
v 0.035781 -0.011558 0.000002
v 0.035496 -0.011422 0.000002
v -0.009645 0.036512 0.000002
v -0.009470 0.036730 0.000002
v -0.009440 0.036421 0.000002
v -0.009266 0.036638 0.000002
v -0.009294 0.036947 0.000002
v -0.009235 0.036328 0.000002
v -0.009090 0.036856 0.000002
v -0.009061 0.036547 0.000002
v -0.009118 0.037165 0.000002
v -0.009032 0.036237 0.000002
v -0.008122 0.036699 0.000002
v -0.008338 0.036968 0.000002
v -0.008162 0.037091 0.000002
v -0.008552 0.037237 0.000002
v -0.008376 0.037360 0.000002
v -0.008592 0.037629 0.000002
v -0.008768 0.037506 0.000002
v -0.008200 0.037482 0.000002
v -0.008416 0.037752 0.000002
v -0.008240 0.037874 0.000002
v -0.024341 -0.024456 0.000002
v -0.024518 -0.024336 0.000002
v -0.024157 -0.024230 0.000002
v -0.024696 -0.024218 0.000002
v -0.024334 -0.024112 0.000002
v -0.023973 -0.024006 0.000002
v -0.008634 0.038469 0.000002
v -0.008346 0.038531 0.000002
v -0.008502 0.038270 0.000002
v -0.008058 0.038592 0.000002
v -0.008214 0.038331 0.000002
v -0.007925 0.038392 0.000002
v -0.007768 0.038651 0.000002
v -0.008371 0.038072 0.000002
v -0.008083 0.038133 0.000002
v -0.009715 0.032118 0.000002
v -0.009414 0.032339 0.000002
v -0.009518 0.032605 0.000002
v -0.009218 0.032826 0.000002
v -0.009115 0.032562 0.000002
v -0.009322 0.033090 0.000002
v -0.026867 -0.026546 0.000002
v -0.027139 -0.026504 0.000002
v -0.026886 -0.026325 0.000002
v -0.027158 -0.026283 0.000002
v -0.027411 -0.026462 0.000002
v -0.026904 -0.026104 0.000002
v -0.027430 -0.026242 0.000002
v -0.027176 -0.026062 0.000002
v -0.027683 -0.026421 0.000002
v -0.026922 -0.025883 0.000002
v 0.008432 0.004122 0.000002
v 0.007582 0.004141 0.000002
v 0.008062 0.003683 0.000002
v 0.007213 0.003702 0.000002
v 0.006733 0.004162 0.000002
v 0.006363 0.003723 0.000002
v 0.007693 0.003245 0.000002
v 0.006843 0.003264 0.000002
v 0.007322 0.002806 0.000002
v 0.005883 0.004181 0.000002
v -0.008678 0.038147 0.000002
v -0.008547 0.037949 0.000002
v -0.008723 0.037827 0.000002
v 0.033365 -0.010083 0.000002
v 0.033122 -0.009726 0.000002
v 0.033414 -0.009901 0.000002
v 0.033171 -0.009542 0.000002
v 0.032878 -0.009370 0.000002
v 0.033466 -0.009717 0.000002
v -0.000762 -0.000877 0.000002
v -0.001792 -0.000322 0.000002
v -0.001518 -0.001744 0.000002
v -0.002549 -0.001190 0.000002
v -0.002822 0.000232 0.000002
v -0.002275 -0.002611 0.000002
v -0.029659 -0.025976 0.000002
v -0.029454 -0.026208 0.000002
v -0.029352 -0.025990 0.000002
v -0.029146 -0.026221 0.000002
v -0.029248 -0.026438 0.000002
v -0.028941 -0.026451 0.000002
v -0.029045 -0.026005 0.000002
v -0.028838 -0.026235 0.000002
v -0.028738 -0.026019 0.000002
v -0.029042 -0.026667 0.000002
v -0.027765 -0.025330 0.000002
v -0.027894 -0.025650 0.000002
v -0.028090 -0.025560 0.000002
v -0.028022 -0.025970 0.000002
v -0.028218 -0.025878 0.000002
v -0.028347 -0.026198 0.000002
v -0.028152 -0.026288 0.000002
v -0.028414 -0.025789 0.000002
v -0.028542 -0.026109 0.000002
v -0.022962 -0.024470 0.000002
v -0.023299 -0.024315 0.000002
v -0.023483 -0.024541 0.000002
v -0.023819 -0.024386 0.000002
v -0.023635 -0.024160 0.000002
v -0.024003 -0.024610 0.000002
v 0.004147 0.006600 0.000002
v 0.004238 0.005626 0.000002
v 0.003166 0.005637 0.000002
v 0.033290 -0.009024 0.000002
v 0.033347 -0.009254 0.000002
v 0.033054 -0.009082 0.000002
v 0.033406 -0.009486 0.000002
v 0.033114 -0.009312 0.000002
v 0.032819 -0.009139 0.000002
v 0.037754 -0.011486 0.000002
v 0.037614 -0.011301 0.000002
v 0.037859 -0.011134 0.000002
v 0.037720 -0.010949 0.000002
v 0.037478 -0.011117 0.000002
v 0.037960 -0.010781 0.000002
v -0.022114 -0.022346 0.000002
v -0.022224 -0.022152 0.000002
v -0.022251 -0.022315 0.000002
v -0.022363 -0.022123 0.000002
v -0.022334 -0.021960 0.000002
v -0.022474 -0.021931 0.000002
v -0.022390 -0.022286 0.000002
v -0.022501 -0.022093 0.000002
v -0.022530 -0.022256 0.000002
v -0.022446 -0.021768 0.000002
v -0.028744 -0.026541 0.000002
v -0.028643 -0.026325 0.000002
v -0.028448 -0.026414 0.000002
v 0.005131 0.001715 0.000002
v 0.005382 0.002538 0.000002
v 0.005861 0.002078 0.000002
v 0.005632 0.003358 0.000002
v 0.006112 0.002901 0.000002
v 0.006592 0.002442 0.000002
v -0.000070 -0.001907 0.000002
v 0.000621 -0.002939 0.000002
v -0.000827 -0.002774 0.000002
v 0.009053 0.002461 0.000002
v 0.008878 0.003027 0.000002
v 0.008477 0.002576 0.000002
v 0.008269 0.003130 0.000002
v 0.008672 0.003581 0.000002
v 0.007899 0.002691 0.000002
v -0.009690 0.036744 0.000002
v -0.009515 0.036963 0.000002
v -0.009734 0.036978 0.000002
v -0.009560 0.037195 0.000002
v -0.009339 0.037181 0.000002
v -0.009779 0.037211 0.000002
v 0.005178 0.001254 0.000002
v 0.005693 0.000533 0.000002
v 0.005955 0.001157 0.000002
v 0.006470 0.000435 0.000002
v 0.006210 -0.000190 0.000002
v 0.006733 0.001061 0.000002
v -0.027048 -0.026698 0.000002
v -0.027320 -0.026656 0.000002
v -0.027227 -0.026850 0.000002
v -0.027499 -0.026808 0.000002
v -0.027592 -0.026614 0.000002
v -0.027408 -0.027000 0.000002
v 0.008523 0.002115 0.000002
v 0.007994 0.001770 0.000002
v 0.007946 0.002230 0.000002
v 0.007416 0.001885 0.000002
v 0.007462 0.001424 0.000002
v 0.007370 0.002346 0.000002
v 0.034666 -0.010797 0.000002
v 0.034888 -0.010806 0.000002
v 0.034942 -0.011005 0.000002
v 0.035109 -0.010818 0.000002
v 0.035163 -0.011014 0.000002
v 0.035386 -0.011026 0.000002
v 0.035330 -0.010827 0.000002
v 0.035219 -0.011213 0.000002
v 0.035440 -0.011224 0.000002
v 0.035826 -0.010963 0.000002
v 0.035634 -0.011093 0.000002
v 0.035578 -0.010894 0.000002
v 0.005909 0.001618 0.000002
v 0.006638 0.001982 0.000002
v 0.006685 0.001522 0.000002
v -0.009557 0.036106 0.000002
v -0.009352 0.036014 0.000002
v -0.009469 0.035701 0.000002
v -0.009147 0.035923 0.000002
v -0.009264 0.035610 0.000002
v -0.009059 0.035517 0.000002
v -0.008942 0.035832 0.000002
v -0.009381 0.035294 0.000002
v -0.009176 0.035203 0.000002
v -0.008667 0.035360 0.000002
v -0.008837 0.035309 0.000002
v -0.008720 0.035622 0.000002
v -0.009006 0.035256 0.000002
v -0.008890 0.035570 0.000002
v -0.008774 0.035885 0.000002
v -0.026555 -0.026274 0.000002
v -0.026573 -0.026053 0.000002
v -0.026242 -0.026002 0.000002
v -0.026590 -0.025832 0.000002
v -0.026259 -0.025781 0.000002
v -0.026277 -0.025560 0.000002
v -0.026608 -0.025611 0.000002
v -0.025928 -0.025730 0.000002
v -0.025946 -0.025509 0.000002
v -0.026322 -0.025149 0.000002
v -0.026197 -0.025269 0.000002
v -0.026528 -0.025320 0.000002
v -0.026070 -0.025389 0.000002
v -0.026402 -0.025440 0.000002
v -0.026734 -0.025491 0.000002
v 0.021611 -0.002611 0.000002
v 0.024458 -0.004254 0.000002
v 0.023037 -0.003210 0.000002
v 0.025883 -0.004853 0.000002
v 0.027304 -0.005898 0.000002
v 0.028730 -0.006496 0.000002
v 0.024464 -0.003806 0.000002
v 0.027309 -0.005450 0.000002
v 0.025890 -0.004405 0.000002
v 0.030150 -0.007541 0.000002
v 0.030736 -0.006526 0.000002
v 0.027322 -0.004555 0.000002
v 0.029120 -0.005819 0.000002
v 0.025706 -0.003848 0.000002
v 0.023907 -0.002584 0.000002
v 0.022291 -0.001877 0.000002
v 0.027504 -0.005112 0.000002
v 0.024091 -0.003141 0.000002
v 0.020493 -0.000613 0.000002
v 0.019813 -0.001347 0.000002
v 0.021238 -0.001946 0.000002
v 0.019440 -0.000680 0.000002
v 0.020866 -0.001278 0.000002
v 0.022664 -0.002542 0.000002
v 0.019067 -0.000014 0.000002
v -0.007629 0.037354 0.000002
v -0.007728 0.038259 0.000002
v -0.007746 0.036702 0.000002
v -0.007645 0.035797 0.000002
v -0.007846 0.037608 0.000002
v -0.007763 0.035146 0.000002
v -0.007864 0.036051 0.000002
v -0.007882 0.034494 0.000002
v -0.007662 0.034238 0.000002
v -0.007781 0.033587 0.000002
v -0.007965 0.036958 0.000002
v -0.007982 0.035400 0.000002
v -0.026446 -0.025010 0.000002
v -0.026226 -0.024816 0.000002
v -0.026778 -0.025040 0.000002
v -0.026558 -0.024846 0.000002
v -0.026006 -0.024622 0.000002
v -0.026338 -0.024653 0.000002
v -0.027110 -0.025070 0.000002
v -0.026890 -0.024877 0.000002
v -0.025786 -0.024429 0.000002
v -0.022323 -0.023893 0.000002
v -0.020046 -0.022579 0.000002
v -0.022206 -0.023387 0.000002
v -0.019930 -0.022072 0.000002
v -0.017770 -0.021266 0.000002
v -0.017653 -0.020758 0.000002
v -0.022091 -0.022880 0.000002
v -0.019814 -0.021566 0.000002
v -0.015493 -0.019950 0.000002
v -0.012794 -0.018392 0.000002
v -0.010517 -0.017077 0.000002
v -0.012254 -0.017642 0.000002
v -0.009978 -0.016326 0.000002
v -0.008240 -0.015763 0.000002
v -0.007701 -0.015013 0.000002
v -0.011715 -0.016890 0.000002
v -0.009438 -0.015576 0.000002
v -0.005963 -0.014448 0.000002
v -0.009912 0.002678 0.000002
v -0.009522 0.004003 0.000002
v -0.009912 0.005310 0.000002
v -0.009522 0.006635 0.000002
v -0.009131 0.005326 0.000002
v -0.009130 0.007958 0.000002
v -0.009912 0.007944 0.000002
v -0.009522 0.009267 0.000002
v -0.009912 0.010576 0.000002
v -0.008739 0.006651 0.000002
v -0.009912 0.013208 0.000002
v -0.009522 0.012376 0.000002
v -0.009522 0.015010 0.000002
v -0.009912 0.015840 0.000002
v -0.009130 0.014178 0.000002
v -0.009522 0.017642 0.000002
v -0.009130 0.016810 0.000002
v -0.009130 0.019442 0.000002
v -0.009912 0.018472 0.000002
v -0.009522 0.020274 0.000002
v -0.009912 0.021104 0.000002
v -0.008739 0.015979 0.000002
v -0.008739 0.018611 0.000002
v -0.009912 0.023736 0.000002
v -0.009522 0.023382 0.000002
v -0.009522 0.026014 0.000002
v -0.009912 0.026370 0.000002
v -0.009130 0.025661 0.000002
v -0.009522 0.028646 0.000002
v -0.009130 0.028293 0.000002
v -0.009130 0.030925 0.000002
v -0.009912 0.029002 0.000002
v -0.009520 0.031280 0.000002
v -0.008739 0.027939 0.000002
v -0.008739 0.030571 0.000002
v -0.008482 0.035400 0.000002
v -0.008419 0.035115 0.000002
v -0.008349 0.035702 0.000002
v -0.008286 0.035418 0.000002
v -0.008357 0.034830 0.000002
v -0.008222 0.035133 0.000002
v -0.008216 0.036005 0.000002
v -0.008152 0.035720 0.000002
v -0.008293 0.034546 0.000002
v -0.022928 -0.021950 0.000002
v -0.024814 -0.023040 0.000002
v -0.023438 -0.022296 0.000002
v -0.025325 -0.023386 0.000002
v -0.026702 -0.024130 0.000002
v -0.027211 -0.024475 0.000002
v -0.023949 -0.022642 0.000002
v -0.025835 -0.023731 0.000002
v -0.028589 -0.025219 0.000002
v -0.003262 -0.012890 0.000002
v -0.000987 -0.011574 0.000002
v -0.002301 -0.011894 0.000002
v -0.000024 -0.010581 0.000002
v 0.001290 -0.010261 0.000002
v -0.001339 -0.010899 0.000002
v 0.009392 0.005571 0.000002
v 0.012806 0.003600 0.000002
v 0.010333 0.004578 0.000002
v 0.013747 0.002606 0.000002
v 0.016221 0.001629 0.000002
v 0.011274 0.003582 0.000002
v -0.029334 -0.025747 0.000002
v -0.027957 -0.025003 0.000002
v -0.028704 -0.025531 0.000002
v -0.026581 -0.024259 0.000002
v -0.027326 -0.024787 0.000002
v -0.025950 -0.024043 0.000002
v -0.025205 -0.023515 0.000002
v -0.028072 -0.025315 0.000002
v -0.026696 -0.024571 0.000002
v 0.016594 0.000963 0.000002
v 0.016966 0.000296 0.000002
v 0.014120 0.001939 0.000002
v -0.008739 0.012869 0.000002
v -0.008739 0.009760 0.000002
v -0.009130 0.011069 0.000002
v -0.008739 0.021720 0.000002
v -0.009130 0.022552 0.000002
v -0.008739 0.024830 0.000002
v -0.006738 -0.014018 0.000002
v -0.004038 -0.012459 0.000002
v -0.005000 -0.013453 0.000002
v -0.014954 -0.019200 0.000002
v -0.017114 -0.020008 0.000002
v -0.014414 -0.018450 0.000002
v -0.007786 0.030518 0.000002
v -0.007629 0.030834 0.000002
v -0.007803 0.031134 0.000002
v -0.007962 0.030819 0.000002
v -0.007645 0.031450 0.000002
v -0.007979 0.031435 0.000002
v -0.007821 0.031750 0.000002
v -0.008136 0.031120 0.000002
v -0.007662 0.032066 0.000002
v -0.007629 0.033006 0.000002
v -0.007645 0.033622 0.000002
v -0.007629 0.035181 0.000002
v -0.007952 0.033907 0.000002
v -0.008123 0.034227 0.000002
v -0.008053 0.034813 0.000002
v 0.036371 -0.012718 0.000002
v 0.036856 -0.012918 0.000002
v 0.035917 -0.012221 0.000002
v 0.035432 -0.012021 0.000002
v 0.036402 -0.012419 0.000002
v 0.034979 -0.011522 0.000002
v 0.035464 -0.011722 0.000002
v 0.034526 -0.011024 0.000002
v 0.034494 -0.011323 0.000002
v 0.034042 -0.010824 0.000002
v 0.035949 -0.011922 0.000002
v 0.035011 -0.011222 0.000002
v -0.025398 -0.023819 0.000002
v -0.025592 -0.024123 0.000002
v -0.026144 -0.024347 0.000002
v 0.036686 -0.012557 0.000002
v 0.036234 -0.012058 0.000002
v 0.036517 -0.012195 0.000002
v -0.007886 0.038000 0.000002
v -0.008003 0.037350 0.000002
v -0.008043 0.037741 0.000002
v 0.037718 -0.010685 0.000002
v 0.037387 -0.010394 0.000002
v 0.036904 -0.010466 0.000002
v 0.037234 -0.010757 0.000002
v 0.036573 -0.010176 0.000002
v 0.036419 -0.010538 0.000002
v 0.036088 -0.010248 0.000002
v 0.036750 -0.010829 0.000002
v 0.035757 -0.009958 0.000002
v 0.032998 -0.007861 0.000002
v 0.032643 -0.007667 0.000002
v 0.033293 -0.008294 0.000002
v 0.033646 -0.008486 0.000002
v 0.032938 -0.008101 0.000002
v 0.033941 -0.008920 0.000002
v 0.033586 -0.008726 0.000002
v 0.034294 -0.009114 0.000002
v 0.033230 -0.008534 0.000002
v 0.034461 -0.008706 0.000002
v 0.035925 -0.009549 0.000002
v 0.035109 -0.009331 0.000002
v -0.022568 -0.021904 0.000002
v -0.022597 -0.022066 0.000002
v -0.022718 -0.022202 0.000002
v -0.022624 -0.022229 0.000002
v -0.022747 -0.022365 0.000002
v -0.022774 -0.022528 0.000002
v -0.022651 -0.022392 0.000002
v -0.022869 -0.022501 0.000002
v -0.022896 -0.022662 0.000002
v -0.008534 0.035662 0.000002
v -0.008587 0.035925 0.000002
v -0.008402 0.035965 0.000002
v -0.029027 -0.025762 0.000002
v -0.028397 -0.025546 0.000002
v -0.028720 -0.025774 0.000002
v -0.023726 -0.025088 0.000002
v -0.023547 -0.024936 0.000002
v -0.024834 -0.025624 0.000002
v -0.025014 -0.025776 0.000002
v -0.024654 -0.025472 0.000002
v -0.026120 -0.026312 0.000002
v -0.025941 -0.026162 0.000002
v -0.026301 -0.026464 0.000002
v -0.025762 -0.026010 0.000002
v 0.034458 -0.010805 0.000002
v 0.034734 -0.011014 0.000002
v 0.034250 -0.010814 0.000002
v -0.025190 -0.025933 0.000002
v -0.026653 -0.026776 0.000002
v -0.026477 -0.026621 0.000002
v -0.023078 -0.022250 0.000002
v -0.023229 -0.022547 0.000002
v -0.023589 -0.022594 0.000002
v 0.033173 -0.010872 0.000002
v 0.033834 -0.011098 0.000002
v 0.034771 -0.011795 0.000002
v -0.023234 -0.024664 0.000002
v -0.024341 -0.025200 0.000002
v -0.024027 -0.024928 0.000002
v -0.025448 -0.025738 0.000002
v -0.025134 -0.025466 0.000002
v -0.024821 -0.025194 0.000002
v -0.009890 0.033086 0.000002
v -0.009845 0.032853 0.000002
v -0.009822 0.034306 0.000002
v -0.009867 0.034539 0.000002
v -0.009778 0.034072 0.000002
v -0.009802 0.035758 0.000002
v -0.009757 0.035525 0.000002
v -0.009846 0.035992 0.000002
v -0.009712 0.035293 0.000002
v -0.009890 0.036464 0.000002
v -0.009867 0.036227 0.000002
v -0.009890 0.034774 0.000002
v -0.026653 -0.025179 0.000002
v -0.026859 -0.025350 0.000002
v -0.026984 -0.025210 0.000002
v -0.009757 0.032448 0.000002
v -0.009690 0.033667 0.000002
v -0.009602 0.033261 0.000002
v -0.009624 0.034886 0.000002
v -0.009534 0.034482 0.000002
v -0.009446 0.034075 0.000002
v -0.009560 0.032933 0.000002
v -0.009405 0.033747 0.000002
v -0.009363 0.033419 0.000002
v -0.023755 -0.024734 0.000002
v -0.024549 -0.024998 0.000002
v -0.024277 -0.024805 0.000002
v 0.037477 -0.010853 0.000002
v 0.037237 -0.011021 0.000002
v 0.036994 -0.010925 0.000002
v 0.030541 -0.006864 0.000002
v 0.030346 -0.007203 0.000002
v 0.028925 -0.006157 0.000002
v -0.022235 -0.022480 0.000002
v -0.022352 -0.022987 0.000002
v -0.022496 -0.022587 0.000002
v -0.022469 -0.023493 0.000002
v -0.022613 -0.023093 0.000002
v -0.022758 -0.022693 0.000002
v -0.008339 0.030518 0.000002
v -0.008155 0.030518 0.000002
v -0.008331 0.030819 0.000002
v -0.008146 0.030819 0.000002
v -0.007971 0.030518 0.000002
v -0.008322 0.031120 0.000002
v -0.008730 0.030872 0.000002
v -0.009120 0.031226 0.000002
v -0.008722 0.031173 0.000002
v 0.032702 -0.008158 0.000002
v 0.032995 -0.008590 0.000002
v 0.032762 -0.008648 0.000002
v -0.022374 -0.022451 0.000002
v -0.022635 -0.022557 0.000002
v -0.022514 -0.022421 0.000002
v -0.003710 0.011594 0.018034
v -0.003667 0.010589 0.018158
v -0.004069 0.011509 0.016992
v -0.004112 0.012514 0.016867
v -0.004026 0.010504 0.017115
v -0.004470 0.012429 0.015826
v -0.004427 0.011424 0.015949
v -0.004829 0.012342 0.014782
v -0.004512 0.013434 0.015701
v -0.004870 0.013347 0.014659
v -0.004914 0.014354 0.014534
v -0.004384 0.010418 0.016074
v -0.004786 0.011338 0.014907
v -0.004742 0.010333 0.015030
v -0.009245 0.009622 0.001939
v -0.009245 0.006990 0.001939
v -0.008579 0.008669 0.003877
v -0.009445 0.004757 0.001360
v -0.008778 0.006437 0.003299
v -0.008976 0.004203 0.002720
v -0.009630 0.002349 0.000821
v -0.007912 0.007717 0.005814
v -0.008152 0.005638 0.005117
v -0.007246 0.006763 0.007752
v -0.003667 0.010256 0.018158
v -0.004026 0.010171 0.017115
v -0.003667 0.009923 0.018158
v -0.004026 0.009838 0.017115
v -0.004384 0.010086 0.016074
v -0.003667 0.009590 0.018158
v -0.006890 0.007909 0.008790
v -0.007237 0.009046 0.007779
v -0.006880 0.010192 0.008818
v -0.006533 0.009053 0.009827
v -0.007227 0.011330 0.007806
v -0.006523 0.011336 0.009854
v -0.006870 0.012474 0.008843
v -0.006514 0.013619 0.009882
v -0.006176 0.010198 0.010864
v -0.006166 0.012482 0.010891
v -0.005819 0.011342 0.011902
v -0.007218 0.013613 0.007834
v -0.006861 0.014757 0.008870
v -0.007208 0.015896 0.007861
v -0.009235 0.011906 0.001966
v -0.008570 0.010952 0.003904
v -0.008560 0.013235 0.003931
v -0.007902 0.010000 0.005842
v -0.007894 0.012282 0.005869
v -0.007885 0.014565 0.005896
v -0.009235 0.019802 0.001966
v -0.009235 0.017170 0.001966
v -0.008560 0.018499 0.003931
v -0.009235 0.014538 0.001966
v -0.008560 0.015867 0.003931
v -0.007885 0.017198 0.005896
v -0.005592 0.012096 0.012560
v -0.005939 0.013234 0.011550
v -0.005366 0.012848 0.013219
v -0.005714 0.013986 0.012208
v -0.006288 0.014371 0.010539
v -0.006061 0.015125 0.011198
v -0.005139 0.013600 0.013877
v -0.005486 0.014739 0.012867
v -0.006635 0.015510 0.009530
v -0.005550 0.011091 0.012685
v -0.005323 0.011843 0.013342
v -0.005280 0.010838 0.013467
v -0.005054 0.011590 0.014125
v -0.005098 0.012595 0.014002
v -0.005011 0.010586 0.014250
v -0.005115 0.019838 0.013950
v -0.004541 0.019453 0.015619
v -0.005238 0.018139 0.013589
v -0.005813 0.018525 0.011920
v -0.004666 0.017754 0.015258
v -0.005938 0.016824 0.011558
v -0.005363 0.016438 0.013227
v -0.006510 0.017210 0.009890
v -0.004789 0.016053 0.014896
v -0.009264 0.021966 0.001885
v -0.009264 0.024598 0.001885
v -0.008616 0.022829 0.003770
v -0.008616 0.025461 0.003770
v -0.009264 0.027230 0.001885
v -0.008616 0.028093 0.003770
v -0.007968 0.023691 0.005654
v -0.007968 0.026323 0.005654
v -0.007320 0.024554 0.007538
v -0.009264 0.029864 0.001886
v -0.005142 0.022003 0.013870
v -0.005840 0.020690 0.011840
v -0.005867 0.022853 0.011760
v -0.006566 0.021539 0.009730
v -0.006538 0.019374 0.009810
v -0.007264 0.020224 0.007699
v -0.006594 0.023704 0.009648
v -0.007291 0.022389 0.007619
v -0.007237 0.018059 0.007779
v -0.005973 0.029864 0.011454
v -0.007069 0.029864 0.008266
v -0.006421 0.028093 0.010149
v -0.008166 0.029864 0.005075
v -0.007518 0.028093 0.006960
v -0.006870 0.026323 0.008843
v -0.005696 0.027243 0.012261
v -0.006144 0.025474 0.010954
v -0.005419 0.024624 0.013066
v -0.008587 0.020664 0.003850
v -0.007912 0.019362 0.005814
v -0.007939 0.021526 0.005734
v -0.006621 0.007656 0.009573
v -0.006264 0.008800 0.010610
v -0.005994 0.008549 0.011392
v -0.005637 0.009693 0.012429
v -0.005907 0.009946 0.011646
v -0.005368 0.009440 0.013211
v -0.004318 0.008922 0.016267
v -0.004670 0.009102 0.015242
v -0.005315 0.008366 0.013368
v -0.005010 0.009194 0.014254
v -0.005654 0.008458 0.012379
v -0.006294 0.007658 0.010520
v -0.003987 0.014214 0.017229
v -0.004264 0.016834 0.016424
v -0.004389 0.015133 0.016062
v 0.006128 0.005061 0.023914
v 0.007122 0.003530 0.023914
v 0.005362 0.002658 0.028626
v 0.005826 0.001365 0.028626
v 0.007739 0.001813 0.023914
v 0.003914 0.000917 0.033339
v -0.008094 0.005720 0.019200
v -0.006872 0.006486 0.020307
v -0.007123 0.006893 0.019200
v -0.005798 0.007462 0.020307
v -0.005603 0.007029 0.021416
v -0.005982 0.007902 0.019200
v -0.004459 0.007805 0.021416
v -0.004586 0.008262 0.020307
v -0.003211 0.008395 0.021416
v -0.004323 0.007350 0.022523
v -0.003146 0.007926 0.022523
v -0.003069 0.007459 0.023630
v -0.004701 0.008726 0.019200
v -0.003266 0.008869 0.020307
v -0.003075 0.007954 0.022523
v -0.003138 0.008424 0.021416
v -0.003064 0.008451 0.021416
v -0.003110 0.008925 0.020307
v -0.003187 0.008896 0.020307
v -0.003032 0.008950 0.020307
v -0.002952 0.008978 0.020307
v -0.002989 0.008477 0.021416
v -0.002874 0.009003 0.020307
v -0.002915 0.008502 0.021416
v -0.003006 0.007979 0.022523
v -0.002795 0.009027 0.020307
v -0.001107 0.008454 0.022523
v -0.000898 0.008944 0.021416
v 0.001165 0.008914 0.021416
v 0.001506 0.009330 0.020307
v -0.000662 0.009427 0.020307
v 0.003594 0.008741 0.020307
v 0.000290 0.004835 0.031363
v 0.000186 0.004142 0.033035
v 0.001757 0.003755 0.033035
v 0.001414 0.003146 0.034707
v 0.000104 0.003448 0.034707
v 0.002510 0.002365 0.034707
v 0.001091 0.002526 0.036379
v 0.001976 0.001917 0.036379
v 0.000042 0.002752 0.036379
v 0.002558 0.001014 0.036379
v 0.001259 0.005979 0.028322
v -0.000298 0.005642 0.029430
v 0.000656 0.006885 0.026389
v 0.002565 0.006917 0.025282
v -0.001061 0.006366 0.027498
v 0.001965 0.007944 0.023349
v -0.000136 0.007720 0.024456
v 0.004165 0.007576 0.022240
v -0.001990 0.006982 0.025563
v 0.004469 0.004966 0.026954
v 0.002990 0.004512 0.029994
v 0.003872 0.002694 0.031667
v -0.002526 0.001091 0.036379
v -0.001917 0.001976 0.036379
v -0.002365 0.002510 0.034707
v -0.001014 0.002558 0.036379
v -0.001224 0.003226 0.034707
v -0.001413 0.003898 0.033035
v -0.004155 0.005082 0.027235
v -0.003120 0.004838 0.029170
v -0.004205 0.002816 0.030842
v -0.003246 0.002750 0.032774
v -0.002200 0.004437 0.031102
v -0.003405 0.001035 0.034446
v -0.007117 0.003539 0.023914
v -0.006166 0.004243 0.025021
v -0.005702 0.001811 0.028626
v -0.004974 0.002397 0.029733
v -0.005168 0.004758 0.026128
v -0.003973 0.000616 0.033339
v -0.005914 0.000917 0.028626
v -0.007574 0.002406 0.023914
v -0.007854 0.001218 0.023914
v -0.009446 0.003002 0.019200
v -0.008875 0.004413 0.019200
v -0.009795 0.001518 0.019200
v -0.007472 0.006514 0.010614
v -0.006587 0.007406 0.013422
v -0.007688 0.006256 0.013477
v -0.006885 0.007131 0.016338
v -0.005653 0.008141 0.016283
v -0.007896 0.005992 0.016338
v -0.009738 0.001850 0.016338
v -0.009738 0.001850 0.011538
v -0.009221 0.003635 0.013477
v -0.009104 0.003922 0.008098
v -0.009675 0.002154 0.006160
v -0.008381 0.005293 0.010614
v -0.009339 0.003320 0.016338
v -0.008720 0.004712 0.016338
v -0.008555 0.005005 0.013477
vn -0.4254 -0.9048 -0.0172
vn -0.4239 -0.9056 0.0170
vn -0.5056 -0.8626 -0.0181
vn -0.3391 -0.9406 -0.0180
vn -0.5047 -0.8631 0.0182
vn -0.4172 -0.9086 -0.0181
vn -0.4158 -0.9093 0.0181
vn -0.3377 -0.9411 0.0182
vn -0.5796 -0.8147 -0.0195
vn -0.5798 -0.8145 0.0196
vn -0.6525 -0.7576 -0.0195
vn -0.4952 -0.8685 -0.0198
vn -0.2423 -0.9700 -0.0188
vn -0.2414 -0.9702 0.0190
vn -0.3205 -0.9471 -0.0197
vn -0.1337 -0.9908 -0.0198
vn -0.9987 -0.0506 -0.0005
vn -0.9987 -0.0506 -0.0003
vn -0.9987 -0.0510 -0.0002
vn -0.9987 -0.0510 -0.0000
vn -0.9885 -0.1512 -0.0000
vn -0.9680 -0.2509 -0.0000
vn -0.9377 -0.3475 -0.0000
vn -0.5406 -0.8407 -0.0315
vn -0.5393 -0.8416 0.0305
vn -0.6079 -0.7934 -0.0300
vn -0.6830 -0.7297 -0.0309
vn -0.6068 -0.7943 0.0291
vn -0.7394 -0.6726 -0.0291
vn -0.7389 -0.6732 0.0291
vn -0.6824 -0.7304 0.0288
vn -0.6687 -0.7430 -0.0283
vn -0.6685 -0.7432 0.0278
vn -0.7241 -0.6891 -0.0276
vn -0.7901 -0.6123 -0.0279
vn -0.8027 -0.5957 -0.0296
vn -0.8027 -0.5957 0.0296
vn -0.8480 -0.5292 -0.0293
vn -0.8972 -0.4406 -0.0294
vn -0.7851 -0.6193 -0.0097
vn -0.8374 -0.5465 0.0095
vn -0.8374 -0.5465 -0.0095
vn -0.8889 -0.4580 -0.0095
vn -0.8826 -0.4700 0.0094
vn -0.9260 -0.3775 -0.0095
vn -0.9558 -0.2938 0.0093
vn -0.9261 -0.3771 0.0094
vn -0.8827 -0.4698 -0.0094
vn -0.9210 -0.3894 0.0093
vn -0.9210 -0.3894 -0.0092
vn -0.9558 -0.2938 -0.0095
vn -0.9600 -0.2798 -0.0095
vn -0.9808 -0.1950 0.0091
vn -0.9808 -0.1950 -0.0093
vn -0.9958 -0.0912 -0.0094
vn -0.7101 -0.7040 0.0114
vn -0.7317 -0.6816 -0.0114
vn -0.6417 -0.7668 0.0114
vn -0.7704 -0.6375 0.0117
vn -0.6656 -0.7462 -0.0114
vn -0.7078 -0.7063 0.0116
vn -0.7297 -0.6836 -0.0115
vn -0.7899 -0.6132 -0.0114
vn -0.5689 -0.8223 0.0113
vn -0.5942 -0.8043 -0.0113
vn -0.4904 -0.8714 0.0114
vn -0.6398 -0.7684 0.0114
vn -0.8244 -0.5660 0.0112
vn -0.8416 -0.5400 -0.0116
vn -0.7682 -0.6401 0.0114
vn -0.8718 -0.4898 0.0114
vn -0.5827 -0.7069 0.4008
vn -0.5806 -0.7084 0.4013
vn -0.5841 -0.7055 0.4013
vn -0.5937 -0.7172 0.3649
vn -0.6771 -0.6173 0.4006
vn -0.6785 -0.6168 0.3991
vn -0.6771 -0.6162 0.4023
vn -0.6112 -0.6816 0.4023
vn -0.6889 -0.6269 0.3638
vn -0.7007 -0.5887 0.4031
vn -0.7133 -0.5996 0.3629
vn -0.6219 -0.6934 0.3639
vn -0.7559 -0.5163 0.4025
vn -0.7546 -0.5178 0.4032
vn -0.7568 -0.5147 0.4030
vn -0.7704 -0.5241 0.3631
vn -0.8214 -0.4040 0.4027
vn -0.8225 -0.4027 0.4017
vn -0.8211 -0.4031 0.4040
vn -0.7761 -0.4843 0.4040
vn -0.6376 -0.6565 0.4030
vn -0.6491 -0.6685 0.3631
vn -0.7231 -0.5602 0.4040
vn -0.6626 -0.6306 0.4041
vn 0.4302 -0.8243 0.3680
vn 0.4583 -0.7949 0.3976
vn 0.6133 -0.6989 0.3681
vn 0.4641 -0.8051 0.3694
vn 0.6334 -0.6639 0.3975
vn 0.6416 -0.6722 0.3695
vn 0.6612 -0.6370 0.3963
vn 0.4917 -0.7753 0.3963
vn 0.7611 -0.5342 0.3680
vn 0.7727 -0.4949 0.3976
vn 0.8660 -0.3386 0.3680
vn 0.7824 -0.5013 0.3695
vn 0.4973 -0.7843 0.3710
vn 0.5239 -0.7545 0.3952
vn 0.6689 -0.6442 0.3710
vn 0.5295 -0.7623 0.3722
vn 0.2213 -0.8965 0.3837
vn 0.0014 -0.9238 0.3829
vn 0.0023 -0.9242 0.3819
vn 0.0030 -0.9238 0.3828
vn 0.0011 -0.9235 0.3837
vn 0.0027 -0.9234 0.3839
vn -0.2190 -0.8975 0.3828
vn -0.2188 -0.8980 0.3818
vn -0.2188 -0.8976 0.3827
vn -0.2176 -0.8982 0.3819
vn -0.4270 -0.8197 0.3818
vn -0.4252 -0.8206 0.3819
vn -0.4243 -0.8207 0.3826
vn -0.2167 -0.8977 0.3837
vn -0.2190 -0.8972 0.3835
vn -0.4266 -0.8193 0.3830
vn -0.4268 -0.8198 0.3819
vn -0.4265 -0.8191 0.3836
vn -0.2161 -0.8978 0.3837
vn -0.4228 -0.8218 0.3818
vn -0.4227 -0.8213 0.3830
vn -0.4224 -0.8212 0.3837
vn 0.2285 -0.8870 0.4013
vn 0.2501 -0.8976 0.3630
vn 0.2657 -0.8777 0.3989
vn 0.0104 -0.9163 0.4004
vn 0.2869 -0.8858 0.3648
vn 0.0488 -0.9159 0.3985
vn 0.0675 -0.9283 0.3658
vn 0.0286 -0.9310 0.3640
vn 0.3024 -0.8663 0.3976
vn 0.3236 -0.8722 0.3668
vn 0.3389 -0.8536 0.3957
vn 0.0871 -0.9138 0.3967
vn -0.2086 -0.8926 0.3997
vn -0.1940 -0.9107 0.3647
vn -0.1710 -0.9014 0.3977
vn -0.4156 -0.8176 0.3986
vn -0.5287 -0.7567 0.3846
vn -0.5287 -0.7567 0.3847
vn -0.5283 -0.7569 0.3847
vn -0.5275 -0.7575 0.3846
vn -0.5430 -0.7465 0.3846
vn -0.5429 -0.7465 0.3847
vn -0.5426 -0.7467 0.3846
vn -0.5269 -0.7579 0.3846
vn -0.5419 -0.7472 0.3847
vn -0.5412 -0.7478 0.3846
vn -0.5410 -0.7479 0.3846
vn -0.5267 -0.7580 0.3847
vn -0.5570 -0.7362 0.3844
vn -0.5570 -0.7361 0.3846
vn -0.5567 -0.7362 0.3848
vn -0.5569 -0.7363 0.3844
vn -0.5709 -0.7254 0.3845
vn -0.5558 -0.7370 0.3845
vn -0.5259 -0.7586 0.3846
vn -0.5257 -0.7588 0.3846
vn -0.5405 -0.7484 0.3845
vn -0.5250 -0.7593 0.3845
vn -0.5849 -0.7127 0.3873
vn -0.5726 -0.7239 0.3847
vn -0.5726 -0.7239 0.3848
vn -0.5728 -0.7254 0.3818
vn -0.5714 -0.7236 0.3872
vn -0.5995 -0.7004 0.3874
vn -0.5575 -0.7360 0.3840
vn -0.5573 -0.7360 0.3843
vn -0.5589 -0.7361 0.3819
vn -0.5862 -0.7116 0.3872
vn -0.5861 -0.7132 0.3845
vn -0.5862 -0.7133 0.3842
vn -0.5749 -0.7228 0.3834
vn -0.5740 -0.7222 0.3859
vn -0.5739 -0.7244 0.3819
vn -0.5876 -0.7134 0.3818
vn -0.5576 -0.7343 0.3871
vn -0.5433 -0.7465 0.3842
vn -0.5432 -0.7464 0.3845
vn -0.5448 -0.7465 0.3821
vn -0.5436 -0.7448 0.3870
vn -0.5726 -0.7227 0.3871
vn -0.6138 -0.6879 0.3874
vn -0.6014 -0.7004 0.3845
vn -0.6011 -0.6995 0.3864
vn -0.6022 -0.7013 0.3814
vn -0.6007 -0.6995 0.3871
vn -0.6279 -0.6751 0.3873
vn 0.1795 -0.9012 0.3944
vn 0.3002 -0.8802 0.3676
vn 0.2958 -0.8674 0.4001
vn 0.5105 -0.7641 0.3945
vn 0.4147 -0.8348 0.3621
vn 0.6052 -0.6882 0.4002
vn 0.7027 -0.6125 0.3620
vn 0.6142 -0.6983 0.3676
vn 0.4067 -0.8186 0.4056
vn 0.5229 -0.7745 0.3560
vn 0.5096 -0.7557 0.4113
vn 0.6891 -0.6006 0.4055
vn 0.7640 -0.5105 0.3945
vn 0.8347 -0.4100 0.3676
vn 0.8225 -0.4042 0.4001
vn 0.9012 -0.1795 0.3944
vn 0.5513 -0.7376 0.3900
vn 0.7085 -0.5978 0.3751
vn 0.6848 -0.6148 0.3912
vn 0.7227 -0.5715 0.3887
vn 0.8125 -0.4475 0.3737
vn 0.8204 -0.4184 0.3897
vn 0.8994 -0.2243 0.3752
vn 0.8376 -0.3960 0.3764
vn 0.7917 -0.4685 0.3920
vn 0.8847 -0.2801 0.3727
vn 0.8678 -0.3041 0.3931
vn 0.8860 -0.2494 0.3908
vn 0.8456 -0.3671 0.3874
vn 0.9106 -0.1674 0.3778
vn 0.9008 -0.1939 0.3885
vn 0.9120 -0.1384 0.3860
vn -0.8657 -0.3208 0.3843
vn -0.8937 -0.2317 0.3843
vn -0.8937 -0.2315 0.3843
vn -0.8937 -0.2316 0.3843
vn -0.9126 -0.1399 0.3843
vn -0.9126 -0.1398 0.3843
vn -0.9126 -0.1398 0.3842
vn -0.9220 -0.0468 0.3843
vn -0.9220 -0.0465 0.3843
vn -0.9220 -0.0467 0.3843
vn -0.9127 -0.1396 0.3841
vn -0.9126 -0.1399 0.3842
vn -0.9221 -0.0466 0.3842
vn -0.9096 -0.1486 0.3880
vn -0.9097 -0.1785 0.3749
vn -0.8890 -0.2374 0.3915
vn -0.8470 -0.3605 0.3907
vn -0.8889 -0.2684 0.3713
vn -0.8054 -0.4424 0.3945
vn -0.7998 -0.4738 0.3686
vn -0.8418 -0.3911 0.3721
vn -0.8594 -0.3247 0.3950
vn -0.8586 -0.3571 0.3677
vn -0.8209 -0.4091 0.3984
vn -0.7558 -0.5203 0.3976
vn -0.7354 -0.5518 0.3934
vn -0.7247 -0.5817 0.3692
vn -0.6751 -0.6218 0.3969
vn -0.5813 -0.7108 0.3961
vn 0.9230 -0.0106 0.3847
vn 0.9230 -0.0105 0.3847
vn 0.9230 -0.0107 0.3847
vn 0.9225 -0.0317 0.3847
vn 0.9225 -0.0319 0.3847
vn 0.9225 -0.0318 0.3847
vn 0.9225 -0.0316 0.3847
vn 0.9215 -0.0528 0.3847
vn 0.9215 -0.0529 0.3847
vn 0.9201 -0.0737 0.3847
vn 0.9215 -0.0530 0.3847
vn 0.9225 -0.0315 0.3846
vn 0.9178 -0.0952 0.3854
vn 0.9201 -0.0744 0.3845
vn 0.9201 -0.0742 0.3845
vn 0.9204 -0.0740 0.3838
vn 0.9199 -0.0738 0.3852
vn 0.9155 -0.1159 0.3853
vn 0.9216 -0.0527 0.3845
vn 0.9218 -0.0529 0.3840
vn 0.9179 -0.0950 0.3852
vn 0.9182 -0.0949 0.3845
vn 0.9183 -0.0948 0.3845
vn 0.9202 -0.0739 0.3845
vn 0.9204 -0.0740 0.3840
vn 0.9185 -0.0951 0.3838
vn 0.9214 -0.0529 0.3850
vn 0.9226 -0.0317 0.3845
vn 0.9226 -0.0318 0.3845
vn 0.9227 -0.0317 0.3841
vn 0.9224 -0.0319 0.3849
vn 0.9199 -0.0739 0.3850
vn 0.9125 -0.1369 0.3854
vn 0.9158 -0.1161 0.3845
vn 0.9158 -0.1162 0.3845
vn 0.9161 -0.1160 0.3838
vn 0.9155 -0.1158 0.3852
vn 0.9092 -0.1577 0.3853
vn 0.9067 -0.1597 0.3903
vn 0.9087 -0.1596 0.3858
vn 0.8998 -0.2017 0.3868
vn 0.8998 -0.2016 0.3868
vn 0.8992 -0.2041 0.3870
vn 0.9103 -0.1533 0.3845
vn 0.9102 -0.1549 0.3842
vn 0.9112 -0.1546 0.3818
vn 0.9096 -0.1527 0.3863
vn 0.8976 -0.2112 0.3869
vn 0.9174 -0.1034 0.3843
vn 0.9174 -0.1045 0.3841
vn 0.9180 -0.1048 0.3824
vn 0.9079 -0.1623 0.3864
vn 0.9090 -0.1620 0.3841
vn 0.9163 -0.1134 0.3841
vn 0.9163 -0.1134 0.3842
vn 0.9171 -0.1126 0.3824
vn 0.9098 -0.1626 0.3818
vn 0.9168 -0.1033 0.3858
vn 0.9219 -0.0496 0.3842
vn 0.9217 -0.0546 0.3842
vn 0.9221 -0.0546 0.3830
vn 0.9215 -0.0497 0.3852
vn 0.9157 -0.1125 0.3858
vn 0.8954 -0.2201 0.3870
vn 0.9077 -0.1695 0.3839
vn 0.9076 -0.1695 0.3840
vn 0.9084 -0.1707 0.3818
vn 0.9065 -0.1703 0.3864
vn 0.8937 -0.2272 0.3869
vn 0.9221 -0.0463 0.3843
vn 0.9224 -0.0462 0.3834
vn 0.9182 -0.0965 0.3842
vn 0.9185 -0.0884 0.3855
vn 0.9190 -0.0886 0.3843
vn 0.9187 -0.0965 0.3830
vn 0.9127 -0.1387 0.3843
vn 0.9121 -0.1385 0.3859
vn 0.9134 -0.1387 0.3826
vn 0.9195 -0.0885 0.3830
vn 0.9117 -0.1458 0.3842
vn 0.9122 -0.1467 0.3826
vn 0.9015 -0.1952 0.3863
vn 0.9029 -0.1882 0.3864
vn 0.9133 -0.1304 0.3859
vn 0.9140 -0.1304 0.3842
vn 0.9140 -0.1303 0.3842
vn 0.9146 -0.1305 0.3826
vn 0.9046 -0.1802 0.3863
vn 0.9065 -0.1710 0.3861
vn -0.5500 -0.7277 0.4099
vn -0.5630 -0.7449 0.3579
vn -0.4358 -0.8043 0.4040
vn -0.7106 -0.5760 0.4041
vn -0.4437 -0.8189 0.3640
vn -0.6183 -0.6777 0.3981
vn -0.6260 -0.6863 0.3703
vn -0.7236 -0.5863 0.3643
vn -0.3114 -0.8629 0.3980
vn -0.3153 -0.8737 0.3704
vn -0.1797 -0.9021 0.3923
vn -0.5109 -0.7649 0.3923
vn -0.8303 -0.3900 0.3982
vn -0.8409 -0.3946 0.3703
vn -0.7648 -0.5110 0.3923
vn -0.9021 -0.1797 0.3924
vn 0.3605 -0.8572 0.3678
vn 0.2191 -0.8906 0.3984
vn 0.2436 -0.8962 0.3708
vn 0.1069 -0.9242 0.3666
vn 0.0991 -0.9130 0.3957
vn -0.0163 -0.9291 0.3695
vn -0.1588 -0.9041 0.3968
vn -0.0380 -0.9160 0.3995
vn 0.1221 -0.9196 0.3734
vn -0.0233 -0.9193 0.3930
vn -0.0015 -0.9265 0.3762
vn -0.1391 -0.9177 0.3722
vn -0.1552 -0.9177 0.3657
vn -0.2913 -0.8687 0.4005
vn -0.2744 -0.8883 0.3683
vn -0.4046 -0.8388 0.3644
vn 0.9947 -0.1031 -0.0000
vn 0.9947 -0.1033 -0.0001
vn 0.9921 -0.1256 0.0002
vn 0.9920 -0.1260 0.0001
vn 0.9920 -0.1260 -0.0000
vn 0.9946 -0.1035 -0.0000
vn 0.9920 -0.1262 -0.0001
vn 0.9920 -0.1266 -0.0001
vn 0.9920 -0.1266 -0.0003
vn 0.9946 -0.1037 0.0001
vn 0.9889 -0.1485 0.0001
vn 0.9889 -0.1486 -0.0000
vn 0.9889 -0.1486 0.0001
vn 0.9889 -0.1488 -0.0000
vn 0.9853 -0.1709 0.0002
vn 0.9889 -0.1488 0.0001
vn 0.9946 -0.1041 0.0001
vn 0.9945 -0.1045 -0.0000
vn 0.9919 -0.1268 -0.0000
vn 0.9945 -0.1046 0.0001
vn 0.9999 -0.0117 -0.0001
vn 0.9999 -0.0118 -0.0000
vn 0.9999 -0.0119 -0.0000
vn 0.9994 -0.0347 -0.0000
vn 0.9994 -0.0345 0.0001
vn 0.9994 -0.0350 -0.0000
vn 0.9994 -0.0352 -0.0000
vn 0.9983 -0.0579 -0.0000
vn 0.9983 -0.0581 -0.0001
vn 0.9983 -0.0584 -0.0000
vn 0.9983 -0.0585 -0.0000
vn 0.9967 -0.0812 -0.0000
vn 0.9967 -0.0813 -0.0000
vn 0.9983 -0.0587 -0.0000
vn 0.9999 -0.0117 -0.0000
vn 0.9999 -0.0116 -0.0001
vn 0.9994 -0.0343 -0.0000
vn 0.9994 -0.0344 -0.0001
vn 0.9994 -0.0341 -0.0001
vn 0.9983 -0.0576 -0.0001
vn 0.9983 -0.0577 -0.0000
vn 0.9983 -0.0578 -0.0000
vn 0.9967 -0.0806 -0.0000
vn 0.9967 -0.0808 -0.0000
vn 0.9967 -0.0811 0.0001
vn 0.9984 -0.0574 -0.0001
vn 0.9968 -0.0800 -0.0000
vn 0.9968 -0.0801 -0.0001
vn 0.9968 -0.0798 -0.0001
vn 0.9967 -0.0811 -0.0000
vn 0.6701 0.1333 0.7302
vn 0.7609 0.1513 0.6310
vn 0.7609 0.1514 0.6310
vn 0.7610 0.1512 0.6309
vn 0.6450 0.4310 0.6310
vn 0.8322 0.1655 0.5292
vn 0.8322 0.1655 0.5293
vn 0.7055 0.4714 0.5292
vn 0.7517 0.5019 0.4278
vn 0.7516 0.5022 0.4277
vn 0.8865 0.1763 0.4277
vn 0.8866 0.1763 0.4277
vn 0.8865 0.1764 0.4277
vn 0.7517 0.5021 0.4276
vn 0.4714 0.7055 0.5292
vn 0.5022 0.7516 0.4277
vn 0.5023 0.7515 0.4277
vn 0.1764 0.8866 0.4277
vn -0.1764 0.8866 0.4277
vn -0.5022 0.7516 0.4277
vn -0.4714 0.7055 0.5292
vn -0.7516 0.5022 0.4277
vn -0.7517 0.5019 0.4278
vn -0.7055 0.4714 0.5292
vn -0.8322 0.1655 0.5292
vn -0.7056 0.4714 0.5291
vn -0.7516 0.5022 0.4276
vn -0.8866 0.1763 0.4277
vn -0.8865 0.1763 0.4277
vn -0.8865 0.1764 0.4277
vn -0.6450 0.4310 0.6310
vn -0.7609 0.1513 0.6310
vn -0.7608 0.1513 0.6311
vn -0.7610 0.1512 0.6309
vn -0.6701 0.1333 0.7302
vn -0.0866 0.2459 0.9654
vn -0.5235 -0.2912 0.8007
vn -0.3063 0.3404 0.8890
vn -0.2575 0.2047 0.9443
vn -0.6496 0.2720 0.7099
vn -0.4303 0.3953 0.8115
vn -0.7033 0.3509 0.6183
vn -0.6115 -0.0861 0.7866
vn -0.3216 0.6139 0.7209
vn -0.5377 0.6632 0.5205
vn -0.1112 0.8448 0.5234
vn -0.3803 0.6830 0.6236
vn -0.4133 0.1973 0.8890
vn -0.7041 0.0030 0.7101
vn -0.5320 0.4442 0.7209
vn -0.5489 0.2004 0.8115
vn 0.0737 0.5652 0.8216
vn -0.0234 0.2541 0.9669
vn 0.2558 0.2340 0.9380
vn -0.1423 0.4185 0.8970
vn 0.3590 0.2600 0.8964
vn 0.4863 0.6717 0.5588
vn 0.3025 0.5249 0.7956
vn -0.1341 0.5164 0.8458
vn 0.4133 0.1973 0.8890
vn 0.7041 0.0030 0.7101
vn 0.5489 0.2004 0.8115
vn 0.5320 0.4442 0.7209
vn -0.2298 0.6139 0.7552
vn -0.0298 0.9121 0.4090
vn 0.3062 0.6577 0.6882
vn 0.0374 0.7838 0.6199
vn -0.1640 -0.9861 0.0279
vn -0.1623 -0.9864 -0.0275
vn -0.0288 -0.9992 0.0265
vn -0.2709 -0.9623 0.0261
vn -0.0277 -0.9993 -0.0257
vn -0.1340 -0.9906 0.0258
vn -0.1331 -0.9908 -0.0257
vn -0.2701 -0.9625 -0.0258
vn 0.1082 -0.9938 0.0244
vn 0.1082 -0.9938 -0.0247
vn 0.2396 -0.9706 0.0249
vn 0.0027 -0.9997 0.0248
vn -0.3688 -0.9292 0.0247
vn -0.3684 -0.9293 -0.0242
vn -0.2339 -0.9720 0.0239
vn -0.4571 -0.8891 0.0239
vn 0.5489 -0.8359 -0.0012
vn 0.6510 -0.7591 0.0013
vn 0.6527 -0.7576 -0.0005
vn 0.6508 -0.7593 -0.0004
vn 0.6541 -0.7564 -0.0011
vn 0.6499 -0.7600 -0.0011
vn 0.7452 -0.6668 0.0008
vn 0.7470 -0.6649 -0.0003
vn 0.7422 -0.6702 0.0005
vn 0.7435 -0.6688 -0.0007
vn 0.8238 -0.5668 0.0009
vn 0.8249 -0.5652 -0.0007
vn 0.8209 -0.5710 0.0001
vn 0.7411 -0.6714 -0.0009
vn 0.7481 -0.6636 -0.0015
vn 0.8267 -0.5627 0.0019
vn 0.8278 -0.5610 -0.0003
vn 0.8288 -0.5596 -0.0012
vn 0.7411 -0.6714 -0.0012
vn 0.8223 -0.5691 -0.0005
vn 0.8197 -0.5728 -0.0002
vn 0.8204 -0.5718 -0.0014
vn 0.4567 -0.8755 0.1576
vn 0.4568 -0.8756 0.1573
vn 0.4566 -0.8751 0.1603
vn 0.6438 -0.7482 -0.1600
vn 0.6440 -0.7487 0.1571
vn 0.6441 -0.7488 0.1563
vn 0.6438 -0.7482 0.1605
vn 0.6508 -0.7422 0.1602
vn 0.7972 -0.5820 -0.1604
vn 0.8026 -0.5745 0.1606
vn 0.9124 -0.3767 -0.1603
vn 0.8027 -0.5745 -0.1601
vn 0.7984 -0.5827 0.1514
vn 0.7980 -0.5828 0.1534
vn 0.7972 -0.5819 0.1605
vn 0.9088 -0.3852 -0.1606
vn 0.9104 -0.3861 0.1488
vn 0.9098 -0.3859 0.1529
vn 0.9086 -0.3851 0.1616
vn 0.9124 -0.3767 0.1600
vn 0.8080 -0.5671 0.1597
vn 0.9159 -0.3682 -0.1598
vn 0.9159 -0.3682 0.1597
vn 0.9192 -0.3596 0.1606
vn 0.9104 -0.3863 0.1484
vn 0.9032 -0.4025 -0.1494
vn 0.7984 -0.5833 0.1493
vn 0.9065 -0.3946 0.1502
vn 0.7878 -0.5975 -0.1497
vn 0.7929 -0.5906 0.1499
vn 0.7821 -0.6049 -0.1497
vn 0.8992 -0.4109 -0.1500
vn 0.6447 -0.7497 0.1497
vn 0.6310 -0.7612 -0.1500
vn 0.4571 -0.8767 0.1500
vn 0.6376 -0.7556 0.1497
vn 0.9028 -0.4031 0.1499
vn 0.8954 -0.4193 -0.1501
vn 0.7873 -0.5980 0.1501
vn 0.8990 -0.4114 0.1504
vn 0.9465 -0.3227 -0.0070
vn 0.9417 -0.3365 0.0070
vn 0.9273 -0.3741 -0.0071
vn 0.9586 -0.2846 -0.0074
vn 0.9218 -0.3877 0.0071
vn 0.9416 -0.3368 -0.0071
vn 0.9365 -0.3506 0.0071
vn 0.9542 -0.2990 0.0071
vn 0.9055 -0.4244 -0.0072
vn 0.8991 -0.4378 0.0072
vn 0.8808 -0.4734 -0.0074
vn 0.9217 -0.3878 -0.0072
vn 0.9692 -0.2462 -0.0071
vn 0.9653 -0.2609 0.0072
vn 0.9544 -0.2986 -0.0070
vn 0.9784 -0.2066 -0.0073
vn 0.8239 -0.5664 0.0213
vn 0.8226 -0.5683 -0.0212
vn 0.8538 -0.5201 0.0212
vn 0.7195 -0.6942 0.0214
vn 0.8527 -0.5220 -0.0213
vn 0.7566 -0.6536 0.0212
vn 0.7549 -0.6554 -0.0212
vn 0.7177 -0.6960 -0.0208
vn 0.8812 -0.4722 0.0211
vn 0.8800 -0.4744 -0.0208
vn 0.9058 -0.4231 0.0213
vn 0.7915 -0.6108 0.0213
vn 0.5956 -0.8030 0.0213
vn 0.5935 -0.8045 -0.0216
vn 0.6388 -0.7691 0.0208
vn 0.4553 -0.8901 0.0209
vn 0.8861 -0.4631 -0.0185
vn 0.9274 -0.3735 0.0189
vn 0.9412 -0.3374 -0.0187
vn 0.9262 -0.3765 -0.0189
vn 0.9697 -0.2436 0.0188
vn 0.9689 -0.2466 -0.0186
vn 0.9884 -0.1510 0.0186
vn 0.9586 -0.2842 0.0186
vn 0.9785 -0.2056 -0.0187
vn 0.9938 -0.1096 0.0188
vn 0.9974 -0.0700 -0.0187
vn 0.9934 -0.1128 -0.0184
vn 0.9576 -0.2875 -0.0183
vn 0.9812 -0.1922 0.0183
vn 0.9878 -0.1546 -0.0184
vn 0.9806 -0.1954 -0.0182
vn 0.9978 -0.0662 0.0003
vn 0.9977 -0.0675 0.0011
vn 0.9978 -0.0661 -0.0000
vn 0.9803 -0.1974 0.0006
vn 0.9802 -0.1979 0.0014
vn 0.9805 -0.1967 -0.0000
vn 0.9804 -0.1971 -0.0000
vn 0.9452 -0.3265 0.0005
vn 0.9456 -0.3252 0.0005
vn 0.9460 -0.3241 -0.0000
vn 0.8948 -0.4464 0.0010
vn 0.8943 -0.4474 0.0008
vn 0.8953 -0.4456 -0.0000
vn 0.9805 -0.1965 -0.0000
vn 0.9977 -0.0685 0.0014
vn 0.9798 -0.1999 -0.0008
vn 0.9793 -0.2024 0.0009
vn 0.9790 -0.2040 0.0013
vn 0.9433 -0.3319 -0.0004
vn 0.9423 -0.3346 0.0006
vn 0.9447 -0.3279 -0.0007
vn 0.9442 -0.3293 0.0006
vn 0.8910 -0.4540 -0.0008
vn 0.8902 -0.4556 0.0003
vn 0.8934 -0.4493 -0.0011
vn 0.9419 -0.3359 0.0014
vn 0.8891 -0.4577 -0.0004
vn 0.8878 -0.4602 0.0006
vn 0.8870 -0.4617 0.0011
vn 0.8925 -0.4510 0.0006
vn 0.3897 -0.9209 -0.0075
vn 0.3632 -0.9317 -0.0058
vn 0.3681 -0.9298 0.0015
vn 0.3685 -0.9296 0.0032
vn 0.3617 -0.9323 -0.0068
vn 0.1967 -0.9805 -0.0029
vn 0.1928 -0.9812 -0.0037
vn 0.1902 -0.9818 0.0001
vn 0.3403 -0.9403 -0.0048
vn 0.3449 -0.9387 -0.0005
vn 0.3463 -0.9381 0.0012
vn 0.1786 -0.9839 -0.0065
vn 0.1831 -0.9831 0.0017
vn 0.1793 -0.9838 -0.0001
vn 0.3386 -0.9409 -0.0058
vn 0.3153 -0.9490 0.0059
vn 0.3026 -0.9531 -0.0057
vn 0.1728 -0.9849 -0.0061
vn 0.0326 -0.9995 -0.0010
vn 0.0318 -0.9995 -0.0011
vn 0.0315 -0.9995 -0.0004
vn 0.0309 -0.9995 -0.0006
vn 0.0301 -0.9995 -0.0009
vn -0.1058 -0.9944 0.0003
vn 0.5373 -0.8434 0.0057
vn 0.5242 -0.8516 -0.0057
vn 0.6395 -0.7688 0.0055
vn 0.5040 -0.8637 0.0057
vn 0.6278 -0.7784 -0.0056
vn 0.6094 -0.7929 0.0058
vn 0.5970 -0.8022 -0.0056
vn 0.4908 -0.8712 -0.0055
vn 0.7316 -0.6817 0.0056
vn 0.7210 -0.6929 -0.0057
vn 0.8121 -0.5835 0.0056
vn 0.7046 -0.7095 0.0056
vn 0.4710 -0.8821 0.0055
vn 0.4572 -0.8894 -0.0056
vn 0.5785 -0.8157 0.0056
vn 0.4366 -0.8996 0.0057
vn -0.0000 -0.0000 1.0000
vn -0.8660 0.5000 -0.0000
vn -0.8660 0.5001 0.0001
vn -0.8661 0.4999 -0.0003
vn -0.8660 0.5001 -0.0000
vn -0.8661 0.4998 -0.0000
vn -0.8660 0.5000 0.0001
vn -0.8660 0.5000 -0.0001
vn -0.8659 0.5002 -0.0000
vn -0.8661 0.4999 -0.0001
vn -0.8662 0.4996 -0.0005
vn -0.8659 0.5001 0.0001
vn -0.8661 0.4999 -0.0000
vn -0.3045 -0.5271 -0.7934
vn -0.3043 -0.5271 -0.7934
vn -0.3043 -0.5272 -0.7934
vn -0.3044 -0.5272 -0.7934
vn -0.3044 -0.5271 -0.7934
vn -0.3044 -0.5272 -0.7933
vn -0.3044 -0.5273 -0.7933
vn -0.3043 -0.5271 -0.7935
vn -0.3042 -0.5270 -0.7935
vn -0.3044 -0.5270 -0.7935
vn -0.3042 -0.5271 -0.7935
vn -0.3042 -0.5273 -0.7934
vn -0.3043 -0.5270 -0.7935
vn -0.3045 -0.5273 -0.7933
vn -0.3043 -0.5273 -0.7933
vn -0.3041 -0.5275 -0.7933
vn -0.3042 -0.5272 -0.7934
vn -0.3046 -0.5270 -0.7934
vn -0.3044 -0.5271 -0.7935
vn -0.3045 -0.5270 -0.7934
vn -0.3044 -0.5270 -0.7934
vn -0.3044 -0.5266 -0.7938
vn 0.8660 -0.5001 -0.0000
vn 0.8661 -0.4999 -0.0000
vn 0.8660 -0.5000 -0.0000
vn 0.8662 -0.4998 -0.0000
vn 0.8661 -0.4998 -0.0000
vn 0.8659 -0.5001 -0.0000
vn 0.8658 -0.5004 -0.0000
vn 0.8356 -0.5493 -0.0005
vn 0.8358 -0.5491 -0.0004
vn 0.8358 -0.5490 -0.0000
vn 0.8357 -0.5491 0.0001
vn 0.8274 -0.5616 0.0009
vn 0.8265 -0.5629 -0.0002
vn 0.8265 -0.5629 -0.0000
vn 0.8357 -0.5492 -0.0001
vn 0.8265 -0.5629 0.0001
vn 0.8178 -0.5755 0.0006
vn 0.8170 -0.5766 -0.0004
vn 0.8169 -0.5768 -0.0001
vn 0.8169 -0.5767 -0.0001
vn 0.8075 -0.5899 0.0008
vn 0.8072 -0.5903 -0.0004
vn 0.8072 -0.5903 -0.0000
vn 0.8357 -0.5492 -0.0000
vn 0.8358 -0.5491 -0.0000
vn 0.8267 -0.5627 0.0003
vn 0.8359 -0.5489 -0.0000
vn 0.8358 -0.5490 -0.0013
vn 0.8283 -0.5602 0.0003
vn 0.8277 -0.5612 0.0005
vn 0.8278 -0.5610 -0.0013
vn 0.8195 -0.5730 -0.0011
vn 0.8189 -0.5740 0.0008
vn 0.8180 -0.5752 -0.0000
vn 0.8179 -0.5754 0.0004
vn 0.8106 -0.5856 -0.0002
vn 0.8098 -0.5867 -0.0013
vn 0.8093 -0.5873 0.0013
vn 0.8196 -0.5729 -0.0015
vn 0.8114 -0.5845 -0.0000
vn 0.8112 -0.5848 -0.0006
vn 0.8112 -0.5847 -0.0012
vn 0.8081 -0.5891 0.0005
vn 0.7714 -0.6363 -0.0024
vn 0.7720 -0.6356 -0.0007
vn 0.7732 -0.6341 0.0001
vn 0.7734 -0.6340 -0.0008
vn 0.7812 -0.6243 -0.0014
vn 0.7820 -0.6233 -0.0008
vn 0.7833 -0.6217 0.0013
vn 0.7742 -0.6329 0.0005
vn 0.7837 -0.6211 -0.0014
vn 0.7848 -0.6198 0.0010
vn 0.7855 -0.6188 0.0026
vn 0.7745 -0.6326 -0.0007
vn 0.7922 -0.6103 -0.0000
vn 0.7920 -0.6105 -0.0029
vn 0.7937 -0.6083 0.0009
vn 0.7971 -0.6038 -0.0055
vn 0.8020 -0.5973 -0.0028
vn 0.7933 -0.6089 -0.0027
vn 0.7753 -0.6316 -0.0023
vn 0.7765 -0.6302 0.0029
vn 0.7844 -0.6202 -0.0026
vn 0.7753 -0.6316 -0.0027
vn 0.7971 -0.6038 -0.0028
vn 0.7986 -0.6019 0.0001
vn 0.7962 -0.6050 -0.0023
vn 0.7888 -0.6146 -0.0016
vn 0.7882 -0.6154 0.0003
vn 0.7871 -0.6169 -0.0013
vn 0.7893 -0.6140 0.0001
vn 0.7859 -0.6184 -0.0023
vn 0.7805 -0.6251 0.0013
vn 0.7789 -0.6271 0.0019
vn 0.7793 -0.6266 0.0019
vn 0.7682 -0.6402 -0.0015
vn 0.7688 -0.6395 0.0009
vn 0.7791 -0.6269 0.0023
vn 0.7763 -0.6303 -0.0027
vn 0.7769 -0.6297 -0.0007
vn 0.7804 -0.6253 0.0003
vn 0.7716 -0.6362 0.0011
vn 0.7699 -0.6381 0.0002
vn 0.7709 -0.6369 0.0018
vn 0.7677 -0.6408 -0.0022
vn 0.7754 -0.6314 -0.0025
vn 0.7675 -0.6410 0.0004
vn 0.7661 -0.6427 -0.0011
vn 0.7647 -0.6443 -0.0025
vn 0.8031 -0.5959 0.0012
vn 0.8022 -0.5971 0.0010
vn 0.8016 -0.5979 -0.0008
vn 0.8010 -0.5987 0.0006
vn 0.7912 -0.6115 -0.0004
vn 0.8003 -0.5995 -0.0005
vn 0.7900 -0.6131 -0.0007
vn 0.7895 -0.6137 -0.0004
vn 0.7997 -0.6004 -0.0018
vn 0.7808 -0.6247 -0.0000
vn 0.7998 -0.6003 0.0004
vn -0.4610 -0.7999 0.3843
vn -0.4616 -0.7997 0.3840
vn -0.4615 -0.7992 0.3850
vn -0.4615 -0.7993 0.3850
vn -0.4611 -0.7987 0.3867
vn -0.4615 -0.7992 0.3851
vn -0.4614 -0.7993 0.3850
vn -0.4614 -0.7993 0.3851
vn -0.4614 -0.7991 0.3854
vn -0.4611 -0.7988 0.3863
vn -0.4615 -0.7992 0.3852
vn -0.4615 -0.7991 0.3852
vn -0.4614 -0.7993 0.3849
vn -0.4613 -0.7993 0.3851
vn -0.4614 -0.7992 0.3851
vn -0.4614 -0.7992 0.3852
vn -0.4615 -0.7993 0.3849
vn -0.4612 -0.7995 0.3849
vn -0.4613 -0.7993 0.3852
vn -0.4614 -0.7992 0.3853
vn -0.4612 -0.7993 0.3853
vn -0.4613 -0.7984 0.3870
vn -0.4611 -0.7995 0.3850
vn -0.4614 -0.7993 0.3852
vn -0.4616 -0.7992 0.3851
vn -0.4617 -0.7991 0.3851
vn -0.4612 -0.7994 0.3851
vn -0.4613 -0.7992 0.3852
vn -0.4616 -0.7992 0.3850
vn -0.4614 -0.7991 0.3853
vn -0.4615 -0.7991 0.3853
vn -0.4609 -0.7983 0.3877
vn -0.4595 -0.7985 0.3890
vn -0.4607 -0.7981 0.3883
vn -0.4630 -0.8020 0.3773
vn -0.4632 -0.8022 0.3766
vn -0.4630 -0.8015 0.3784
vn -0.4596 -0.7964 0.3931
vn -0.4601 -0.7968 0.3916
vn -0.4601 -0.7969 0.3915
vn -0.4598 -0.7965 0.3927
vn -0.4636 -0.8029 0.3748
vn -0.4629 -0.8021 0.3774
vn -0.4602 -0.7969 0.3914
vn -0.4643 -0.8037 0.3722
vn -0.4634 -0.8027 0.3754
vn -0.4613 -0.7993 0.3850
vn -0.4615 -0.7993 0.3848
vn -0.4617 -0.7991 0.3850
vn -0.4614 -0.7994 0.3849
vn -0.4616 -0.7994 0.3846
vn -0.4613 -0.7992 0.3853
vn 0.8660 -0.5000 -0.0001
vn 0.8659 -0.5002 0.0002
vn 0.8660 -0.5001 0.0002
vn 0.8659 -0.5002 -0.0001
vn 0.8661 -0.4999 -0.0002
vn 0.8661 -0.4998 0.0001
vn 0.8659 -0.5002 -0.0002
vn 0.8661 -0.4998 0.0003
vn 0.8660 -0.5001 -0.0001
vn 0.8659 -0.5001 -0.0001
vn 0.8661 -0.5000 -0.0002
vn 0.8660 -0.5000 -0.0002
vn 0.8661 -0.4999 -0.0001
vn 0.8659 -0.5002 0.0003
vn 0.8659 -0.5003 0.0005
vn 0.8657 -0.5005 0.0005
vn 0.0062 -0.5918 0.8061
vn 0.0062 -0.5921 0.8059
vn 0.0063 -0.5921 0.8058
vn 0.0063 -0.5920 0.8059
vn 0.0063 -0.5919 0.8060
vn 0.0064 -0.5921 0.8058
vn 0.0064 -0.5921 0.8059
vn 0.0064 -0.5922 0.8057
vn 0.0062 -0.5922 0.8058
vn 0.0063 -0.5923 0.8057
vn 0.0063 -0.5921 0.8059
vn 0.0062 -0.5920 0.8060
vn 0.0065 -0.5920 0.8059
vn 0.0063 -0.5922 0.8058
vn 0.0069 -0.5921 0.8059
vn 0.0062 -0.5921 0.8058
vn 0.0062 -0.5919 0.8060
vn 0.0062 -0.5920 0.8059
vn 0.0061 -0.5923 0.8057
vn 0.0063 -0.5917 0.8062
vn 0.0062 -0.5916 0.8062
vn 0.0061 -0.5919 0.8060
vn 0.0060 -0.5922 0.8057
vn 0.0062 -0.5917 0.8061
vn 0.0063 -0.5917 0.8061
vn 0.0060 -0.5924 0.8057
vn 0.0062 -0.5924 0.8057
vn 0.0062 -0.5922 0.8057
vn 0.0058 -0.5922 0.8057
vn 0.0064 -0.5920 0.8059
vn 0.0064 -0.5917 0.8061
vn 0.0063 -0.5916 0.8062
vn 0.0061 -0.5920 0.8059
vn 0.0061 -0.5922 0.8058
vn 0.0061 -0.5921 0.8058
vn 0.0064 -0.5918 0.8061
vn 0.0064 -0.5918 0.8060
vn 0.0064 -0.5919 0.8060
vn 0.0065 -0.5915 0.8063
vn 0.0060 -0.5917 0.8062
vn 0.0060 -0.5917 0.8061
vn 0.0061 -0.5914 0.8063
vn -0.0000 1.0000 -0.0000
vn 0.0551 0.9985 -0.0007
vn 0.0564 0.9984 -0.0012
vn 0.0557 0.9985 -0.0000
vn 0.0562 0.9984 0.0006
vn 0.0687 0.9976 0.0026
vn 0.0558 0.9984 -0.0000
vn 0.0704 0.9975 0.0048
vn 0.0562 0.9984 0.0005
vn 0.0769 0.9970 0.0010
vn 0.0887 0.9960 0.0040
vn 0.0880 0.9961 0.0003
vn 0.0922 0.9957 -0.0004
vn 0.0647 0.9979 -0.0000
vn 0.0554 0.9985 -0.0000
vn 0.0580 0.9983 -0.0017
vn 0.0700 0.9975 -0.0053
vn 0.0686 0.9976 0.0020
vn 0.0859 0.9963 -0.0003
vn 0.0874 0.9962 -0.0017
vn 0.0955 0.9954 -0.0030
vn 0.0779 0.9970 0.0013
vn 0.0944 0.9955 -0.0027
vn 0.0934 0.9956 -0.0035
vn 0.1005 0.9949 -0.0004
vn 0.1306 0.9914 -0.0009
vn 0.1234 0.9923 -0.0044
vn 0.1277 0.9918 -0.0019
vn 0.1195 0.9928 -0.0022
vn 0.1136 0.9935 -0.0036
vn 0.1284 0.9917 -0.0017
vn 0.1254 0.9921 -0.0022
vn 0.1249 0.9922 0.0009
vn 0.1075 0.9942 -0.0025
vn 0.1091 0.9940 0.0024
vn 0.1182 0.9930 -0.0052
vn 0.1077 0.9942 0.0007
vn 0.1004 0.9949 0.0049
vn 0.0965 0.9953 0.0022
vn 0.1039 0.9946 -0.0024
vn 0.1229 0.9924 0.0004
vn 0.1214 0.9926 -0.0039
vn 0.1230 0.9924 -0.0025
vn 0.1045 0.9945 0.0017
vn 0.1050 0.9945 0.0034
vn 0.1118 0.9937 0.0025
vn 0.1168 0.9932 0.0015
vn 0.1207 0.9927 -0.0036
vn 0.1235 0.9923 0.0025
vn 0.1249 0.9922 0.0014
vn 0.1371 0.9906 -0.0002
vn 0.1388 0.9903 -0.0010
vn 0.1270 0.9919 -0.0001
vn 0.1234 0.9923 0.0027
vn 0.1333 0.9911 0.0002
vn 0.1392 0.9903 -0.0010
vn 0.1377 0.9905 0.0010
vn 0.1399 0.9902 -0.0015
vn 0.1431 0.9897 -0.0019
vn 0.1069 0.9943 0.0002
vn 0.1118 0.9937 0.0042
vn 0.1077 0.9942 -0.0039
vn 0.8664 -0.0000 0.4993
vn 0.8665 -0.0000 0.4992
vn 0.8665 -0.0001 0.4991
vn 0.8665 -0.0000 0.4991
vn 0.8665 0.0001 0.4992
vn 0.8663 -0.0003 0.4995
vn 0.8665 -0.0001 0.4993
vn 0.8664 -0.0002 0.4993
vn 0.8665 -0.0001 0.4992
vn 0.8665 -0.0000 0.4993
vn 0.8664 0.0001 0.4993
vn 0.8665 -0.0002 0.4992
vn 0.8664 -0.0001 0.4993
vn 0.8666 -0.0001 0.4990
vn 0.8664 -0.0000 0.4994
vn 0.8665 0.0001 0.4993
vn 0.8665 0.0002 0.4992
vn 0.8665 -0.0002 0.4993
vn 0.8666 -0.0000 0.4990
vn 0.8666 -0.0000 0.4991
vn 0.8667 0.0001 0.4988
vn -0.0000 -1.0000 -0.0000
vn 0.8660 0.5000 0.0001
vn 0.8660 0.5001 -0.0000
vn 0.8660 0.5001 0.0001
vn 0.8660 0.5000 -0.0000
vn 0.8660 0.5000 -0.0001
vn 0.8661 0.4999 0.0001
vn 0.8661 0.5000 -0.0001
vn 0.8661 0.4999 -0.0000
vn 0.8661 0.5000 -0.0000
vn 0.8660 0.5001 0.0003
vn -0.4403 0.7635 0.4724
vn -0.4402 0.7633 0.4728
vn -0.4405 0.7634 0.4724
vn -0.4406 0.7634 0.4723
vn -0.4405 0.7635 0.4723
vn -0.4408 0.7633 0.4724
vn -0.4408 0.7634 0.4722
vn -0.4408 0.7634 0.4721
vn -0.4406 0.7634 0.4724
vn -0.4406 0.7635 0.4721
vn -0.4407 0.7634 0.4723
vn -0.4407 0.7634 0.4722
vn -0.4406 0.7635 0.4722
vn -0.4407 0.7633 0.4723
vn -0.4409 0.7633 0.4722
vn -0.4403 0.7636 0.4724
vn -0.4408 0.7633 0.4723
vn -0.4408 0.7632 0.4723
vn -0.4408 0.7633 0.4722
vn -0.4406 0.7632 0.4727
vn -0.4407 0.7632 0.4725
vn -0.4408 0.7632 0.4725
vn -0.4407 0.7633 0.4724
vn -0.4407 0.7631 0.4727
vn -0.4409 0.7633 0.4723
vn -0.4410 0.7632 0.4723
vn -0.4407 0.7634 0.4724
vn -0.4406 0.7633 0.4724
vn -0.4408 0.7634 0.4720
vn -0.4407 0.7635 0.4721
vn -0.4407 0.7635 0.4720
vn -0.4406 0.7634 0.4722
vn -0.4407 0.7635 0.4722
vn -0.4409 0.7635 0.4719
vn -0.4408 0.7634 0.4723
vn -0.4406 0.7633 0.4725
vn -0.4404 0.7633 0.4726
vn -0.4409 0.7632 0.4725
vn -0.4404 0.7636 0.4722
vn -0.4410 0.7631 0.4725
vn -0.4408 0.7632 0.4724
vn -0.9102 -0.4142 -0.0010
vn -0.9062 -0.4228 -0.0056
vn -0.9129 -0.4082 -0.0044
vn -0.9073 -0.4205 -0.0045
vn -0.9003 -0.4351 -0.0051
vn -0.9083 -0.4183 -0.0015
vn -0.8996 -0.4367 -0.0056
vn -0.9049 -0.4256 0.0058
vn -0.8993 -0.4374 0.0026
vn -0.8942 -0.4476 -0.0050
vn -0.8954 -0.4452 -0.0047
vn -0.8926 -0.4509 -0.0006
vn -0.9119 -0.4103 0.0011
vn -0.9061 -0.4231 -0.0043
vn -0.9109 -0.4125 -0.0031
vn -0.8926 -0.4508 -0.0000
vn -0.8970 -0.4421 -0.0003
vn -0.8983 -0.4394 -0.0028
vn -0.9029 -0.4299 -0.0002
vn -0.8986 -0.4389 -0.0014
vn -0.9043 -0.4268 -0.0014
vn -0.9085 -0.4178 -0.0003
vn -0.9281 -0.3724 -0.0023
vn -0.9226 -0.3858 -0.0008
vn -0.9266 -0.3761 -0.0018
vn -0.9218 -0.3877 0.0023
vn -0.9171 -0.3986 0.0005
vn -0.9266 -0.3761 -0.0026
vn -0.9251 -0.3798 -0.0029
vn -0.9249 -0.3803 -0.0002
vn -0.9163 -0.4005 0.0022
vn -0.9204 -0.3909 -0.0026
vn -0.9230 -0.3847 -0.0049
vn -0.9197 -0.3927 -0.0041
vn -0.9137 -0.4063 -0.0058
vn -0.9144 -0.4048 -0.0026
vn -0.9159 -0.4014 -0.0022
vn -0.9243 -0.3816 0.0002
vn -0.9218 -0.3876 0.0028
vn -0.9245 -0.3812 -0.0023
vn -0.9286 -0.3712 -0.0009
vn -0.9249 -0.3801 -0.0037
vn -0.9231 -0.3845 -0.0006
vn -0.9245 -0.3813 -0.0014
vn -0.9196 -0.3929 0.0020
vn -0.9178 -0.3970 -0.0032
vn -0.9185 -0.3954 0.0009
vn -0.9131 -0.4077 0.0015
vn -0.9170 -0.3988 0.0018
vn -0.9200 -0.3918 -0.0014
vn -0.9152 -0.4029 -0.0027
vn -0.9159 -0.4014 -0.0012
vn -0.9289 -0.3703 -0.0021
vn -0.9278 -0.3731 -0.0000
vn -0.9266 -0.3760 0.0055
vn -0.9290 -0.3700 0.0004
vn -0.9292 -0.3695 0.0039
vn -0.9239 -0.3827 -0.0038
vn -0.9248 -0.3804 -0.0013
vn -0.9303 -0.3668 0.0002
vn -0.9301 -0.3673 -0.0015
vn -0.9317 -0.3633 -0.0018
vn -0.9202 -0.3914 -0.0011
vn -0.8660 -0.5000 -0.0000
vn -0.8659 -0.5001 -0.0000
vn -0.8660 -0.5001 -0.0000
vn -0.8663 -0.4995 -0.0000
vn -0.8661 -0.4999 -0.0000
vn -0.8661 -0.4998 -0.0000
vn -0.8658 -0.5004 -0.0000
vn -0.4892 0.2355 0.8398
vn -0.4893 0.2357 0.8396
vn -0.4892 0.2355 0.8397
vn -0.4891 0.2355 0.8398
vn -0.4891 0.2352 0.8399
vn -0.4892 0.2354 0.8398
vn -0.4893 0.2355 0.8397
vn -0.4893 0.2357 0.8397
vn -0.4893 0.2356 0.8397
vn -0.4892 0.2353 0.8398
vn -0.4895 0.2352 0.8397
vn -0.4895 0.2357 0.8396
vn -0.4893 0.2354 0.8397
vn -0.4890 0.2355 0.8399
vn -0.4893 0.2354 0.8398
vn -0.4894 0.2357 0.8396
vn -0.4888 0.2356 0.8400
vn -0.8660 -0.5001 -0.0001
vn -0.8661 -0.4999 -0.0001
vn -0.8661 -0.4999 0.0001
vn -0.8659 -0.5002 -0.0000
vn -0.8661 -0.5000 -0.0002
vn -0.8660 -0.5001 0.0002
vn -0.8661 -0.4999 -0.0002
vn -0.8659 -0.5002 0.0001
vn -0.8662 -0.4998 -0.0002
vn -0.8659 -0.5003 0.0003
vn -0.8659 -0.5001 -0.0001
vn -0.8660 -0.5000 0.0002
vn -0.8661 -0.5000 -0.0001
vn 0.3509 -0.6075 0.7126
vn 0.3506 -0.6079 0.7124
vn 0.3509 -0.6077 0.7124
vn 0.3509 -0.6076 0.7125
vn 0.3505 -0.6079 0.7125
vn 0.3507 -0.6079 0.7124
vn 0.3509 -0.6079 0.7123
vn 0.3506 -0.6080 0.7124
vn 0.3510 -0.6076 0.7125
vn 0.3511 -0.6079 0.7122
vn 0.3510 -0.6077 0.7125
vn 0.3509 -0.6078 0.7124
vn 0.3508 -0.6079 0.7123
vn 0.3508 -0.6077 0.7125
vn 0.3508 -0.6078 0.7124
vn 0.3511 -0.6078 0.7123
vn 0.3507 -0.6081 0.7122
vn 0.3508 -0.6078 0.7123
vn 0.3509 -0.6078 0.7123
vn 0.3507 -0.6079 0.7123
vn 0.3505 -0.6079 0.7124
vn 0.3505 -0.6080 0.7123
vn 0.3510 -0.6077 0.7124
vn 0.3510 -0.6079 0.7122
vn 0.3510 -0.6077 0.7123
vn 0.3510 -0.6078 0.7123
vn 0.3506 -0.6080 0.7123
vn 0.3508 -0.6080 0.7122
vn 0.3510 -0.6074 0.7126
vn 0.3505 -0.6080 0.7124
vn 0.3509 -0.6077 0.7125
vn 0.3508 -0.6074 0.7127
vn 0.3505 -0.6077 0.7126
vn 0.3510 -0.6079 0.7123
vn 0.3507 -0.6077 0.7125
vn 0.3511 -0.6077 0.7124
vn 0.3510 -0.6075 0.7125
vn 0.3506 -0.6078 0.7125
vn 0.3511 -0.6078 0.7122
vn 0.3511 -0.6076 0.7124
vn 0.3510 -0.6080 0.7122
vn 0.3510 -0.6078 0.7124
vn 0.3512 -0.6079 0.7121
vn 0.3507 -0.6080 0.7123
vn 0.3505 -0.6078 0.7125
vn 0.3507 -0.6080 0.7122
vn 0.3511 -0.6075 0.7125
vn 0.3508 -0.6079 0.7124
vn 0.3505 -0.6081 0.7123
vn 0.3504 -0.6080 0.7125
vn 0.3512 -0.6076 0.7124
vn 0.3508 -0.6075 0.7126
vn 0.3504 -0.6079 0.7125
vn 0.3504 -0.6080 0.7124
vn 0.3507 -0.6075 0.7127
vn 0.3513 -0.6078 0.7122
vn 0.3508 -0.6076 0.7126
vn 0.3509 -0.6080 0.7122
vn 0.3511 -0.6080 0.7121
vn 0.3506 -0.6081 0.7122
vn 0.3513 -0.6077 0.7122
vn 0.3511 -0.6076 0.7125
vn 0.3512 -0.6075 0.7125
vn 0.4801 -0.8316 0.2791
vn 0.4802 -0.8316 0.2789
vn 0.4804 -0.8316 0.2787
vn 0.4803 -0.8316 0.2788
vn 0.4800 -0.8316 0.2792
vn 0.4801 -0.8317 0.2791
vn 0.4803 -0.8317 0.2787
vn 0.4800 -0.8317 0.2792
vn 0.4798 -0.8318 0.2790
vn 0.4803 -0.8316 0.2789
vn 0.4804 -0.8315 0.2789
vn 0.4801 -0.8317 0.2788
vn 0.4801 -0.8317 0.2790
vn 0.4803 -0.8315 0.2790
vn 0.4804 -0.8316 0.2788
vn 0.4801 -0.8316 0.2792
vn 0.4802 -0.8316 0.2788
vn 0.4802 -0.8316 0.2790
vn 0.4800 -0.8317 0.2791
vn 0.4800 -0.8318 0.2788
vn 0.4799 -0.8318 0.2790
vn 0.4802 -0.8316 0.2791
vn 0.4800 -0.8317 0.2790
vn 0.4801 -0.8316 0.2790
vn 0.4800 -0.8317 0.2789
vn 0.4799 -0.8318 0.2789
vn 0.4801 -0.8317 0.2789
vn 0.4801 -0.8318 0.2786
vn 0.4798 -0.8319 0.2787
vn 0.4800 -0.8318 0.2789
vn 0.4803 -0.8316 0.2790
vn 0.4802 -0.8317 0.2787
vn 0.4803 -0.8316 0.2787
vn 0.4800 -0.8316 0.2793
vn 0.4798 -0.8319 0.2789
vn 0.4802 -0.8317 0.2789
vn 0.4803 -0.8315 0.2791
vn 0.4802 -0.8317 0.2788
vn 0.4805 -0.8315 0.2787
vn 0.4805 -0.8315 0.2789
vn 0.4799 -0.8317 0.2792
vn 0.4802 -0.8315 0.2792
vn 0.9812 0.1928 -0.0005
vn 0.9816 0.1908 0.0003
vn 0.9814 0.1919 0.0002
vn 0.9908 0.1350 -0.0001
vn 0.9908 0.1354 -0.0000
vn 0.9906 0.1365 -0.0013
vn 0.9909 0.1347 0.0002
vn 0.9904 0.1379 0.0003
vn 0.9968 0.0799 -0.0001
vn 0.9968 0.0804 -0.0000
vn 0.9967 0.0813 -0.0002
vn 0.9966 0.0819 -0.0000
vn 0.9996 0.0269 -0.0001
vn 0.9996 0.0268 0.0001
vn 0.9996 0.0273 -0.0001
vn 0.9965 0.0840 -0.0012
vn 0.9968 0.0796 0.0001
vn 0.9996 0.0265 -0.0000
vn 0.9996 0.0266 -0.0000
vn 0.9965 0.0836 0.0001
vn 0.9996 0.0275 -0.0000
vn 0.9996 0.0287 -0.0004
vn 0.9996 0.0284 0.0003
vn 0.9782 0.2077 -0.0011
vn 0.9785 0.2062 -0.0002
vn 0.9790 0.2038 0.0005
vn 0.9799 0.1996 0.0007
vn 0.9796 0.2009 -0.0006
vn 0.9889 0.1486 -0.0009
vn 0.9892 0.1467 -0.0006
vn 0.9895 0.1444 0.0003
vn 0.9804 0.1968 -0.0018
vn 0.9898 0.1425 0.0010
vn 0.9897 0.1431 -0.0019
vn 0.9804 0.1971 0.0006
vn 0.9960 0.0896 -0.0011
vn 0.9964 0.0849 0.0007
vn 0.9963 0.0855 0.0001
vn 0.9996 0.0298 -0.0011
vn 0.9641 0.2654 0.0013
vn 0.9650 0.2621 -0.0009
vn 0.9649 0.2627 0.0004
vn 0.9663 0.2574 -0.0010
vn 0.9465 0.3227 0.0013
vn 0.9481 0.3181 -0.0015
vn 0.9471 0.3208 -0.0012
vn 0.9670 0.2549 -0.0010
vn 0.9502 0.3115 -0.0010
vn 0.9494 0.3140 0.0013
vn 0.9508 0.3097 0.0004
vn 0.9677 0.2520 -0.0010
vn 0.9255 0.3787 0.0021
vn 0.9282 0.3720 -0.0028
vn 0.9268 0.3755 0.0009
vn 0.9285 0.3712 0.0002
vn 0.9013 0.4333 0.0030
vn 0.9288 0.3705 0.0022
vn 0.9675 0.2530 0.0006
vn 0.9682 0.2502 0.0002
vn 0.9510 0.3093 0.0016
vn 0.9683 0.2498 0.0012
vn -0.4726 -0.8190 -0.3253
vn -0.4728 -0.8189 -0.3254
vn -0.4725 -0.8191 -0.3253
vn -0.4727 -0.8190 -0.3254
vn -0.4727 -0.8191 -0.3250
vn -0.4728 -0.8190 -0.3252
vn -0.4726 -0.8191 -0.3250
vn -0.4726 -0.8191 -0.3251
vn -0.4728 -0.8190 -0.3253
vn -0.4729 -0.8189 -0.3252
vn -0.4728 -0.8189 -0.3252
vn -0.4729 -0.8188 -0.3255
vn -0.4728 -0.8190 -0.3250
vn -0.4730 -0.8190 -0.3248
vn -0.4729 -0.8190 -0.3249
vn -0.4728 -0.8189 -0.3253
vn -0.4728 -0.8190 -0.3251
vn -0.4729 -0.8188 -0.3254
vn -0.4729 -0.8189 -0.3254
vn -0.4727 -0.8190 -0.3253
vn -0.4725 -0.8190 -0.3254
vn -0.4727 -0.8191 -0.3251
vn -0.4730 -0.8187 -0.3256
vn -0.4730 -0.8189 -0.3251
vn -0.4732 -0.8187 -0.3252
vn -0.4730 -0.8189 -0.3250
vn -0.4727 -0.8189 -0.3254
vn -0.4729 -0.8189 -0.3253
vn -0.4727 -0.8189 -0.3255
vn -0.4726 -0.8191 -0.3252
vn -0.4731 -0.8189 -0.3249
vn -0.4731 -0.8188 -0.3253
vn -0.4728 -0.8188 -0.3254
vn -0.4731 -0.8188 -0.3252
vn -0.4729 -0.8189 -0.3251
vn -0.4730 -0.8188 -0.3253
vn -0.4730 -0.8188 -0.3254
vn -0.4727 -0.8192 -0.3248
vn -0.4730 -0.8188 -0.3252
vn -0.4729 -0.8190 -0.3250
vn -0.4727 -0.8190 -0.3252
vn -0.4725 -0.8192 -0.3251
vn -0.4726 -0.8191 -0.3253
vn -0.4724 -0.8191 -0.3256
vn -0.4730 -0.8189 -0.3249
vn -0.4726 -0.8190 -0.3254
vn -0.4729 -0.8190 -0.3251
vn -0.4727 -0.8191 -0.3249
vn -0.4725 -0.8191 -0.3252
vn -0.4727 -0.8188 -0.3256
vn -0.4724 -0.8190 -0.3256
vn -0.4725 -0.8192 -0.3252
vn -0.4730 -0.8189 -0.3252
vn -0.4728 -0.8189 -0.3255
vn -0.4727 -0.8190 -0.3251
vn -0.4731 -0.8189 -0.3250
vn -0.4727 -0.8192 -0.3249
vn -0.4725 -0.8190 -0.3255
vn -0.4731 -0.8188 -0.3250
vn -0.4731 -0.8188 -0.3251
vn -0.4726 -0.8192 -0.3250
vn -0.4724 -0.8191 -0.3254
vn -0.4730 -0.8190 -0.3249
vn -0.4728 -0.8188 -0.3257
vn -0.8661 0.5000 -0.0001
vn -0.8661 0.4999 0.0001
vn -0.8662 0.4997 -0.0002
vn -0.8661 0.5000 -0.0000
vn -0.8659 0.5002 0.0003
vn -0.8658 0.5003 0.0003
vn -0.8659 0.5002 0.0004
vn -0.8660 0.5001 0.0002
vn -0.8661 0.4999 -0.0002
vn -0.8659 0.5002 0.0002
vn -0.8660 0.5001 0.0003
vn -0.3043 -0.5273 -0.7934
vn -0.3044 -0.5269 -0.7936
vn -0.3041 -0.5270 -0.7936
vn -0.3041 -0.5269 -0.7937
vn -0.3046 -0.5271 -0.7933
vn -0.3046 -0.5272 -0.7933
vn -0.3041 -0.5272 -0.7934
vn -0.3043 -0.5274 -0.7932
vn -0.3047 -0.5269 -0.7935
vn -0.3046 -0.5269 -0.7935
vn -0.3046 -0.5268 -0.7936
vn -0.3042 -0.5273 -0.7933
vn -0.3043 -0.5269 -0.7935
vn -0.3042 -0.5269 -0.7936
vn -0.3042 -0.5270 -0.7936
vn -0.3044 -0.5274 -0.7933
vn -0.3043 -0.5269 -0.7936
vn -0.3042 -0.5271 -0.7934
vn -0.3044 -0.5276 -0.7931
vn -0.3041 -0.5272 -0.7935
vn -0.3041 -0.5271 -0.7935
vn -0.3044 -0.5274 -0.7932
vn -0.3047 -0.5271 -0.7933
vn -0.3047 -0.5272 -0.7932
vn -0.3042 -0.5272 -0.7935
vn -0.3045 -0.5272 -0.7933
vn -0.3043 -0.5275 -0.7932
vn -0.3039 -0.5272 -0.7936
vn -0.3041 -0.5273 -0.7934
vn -0.3040 -0.5272 -0.7935
vn -0.3047 -0.5270 -0.7933
vn -0.3040 -0.5273 -0.7935
vn -0.3042 -0.5274 -0.7933
vn -0.3046 -0.5268 -0.7935
vn -0.3047 -0.5273 -0.7932
vn -0.3045 -0.5269 -0.7935
vn -0.3040 -0.5271 -0.7936
vn -0.3046 -0.5273 -0.7932
vn -0.3047 -0.5270 -0.7934
vn -0.3048 -0.5272 -0.7932
vn 0.9149 -0.4038 0.0014
vn 0.9141 -0.4055 0.0007
vn 0.9140 -0.4057 0.0001
vn 0.9071 -0.4210 -0.0001
vn 0.9075 -0.4201 0.0001
vn 0.9073 -0.4205 0.0001
vn 0.9094 -0.4159 0.0036
vn 0.9071 -0.4210 -0.0000
vn 0.9027 -0.4302 -0.0015
vn 0.9004 -0.4351 -0.0000
vn 0.9003 -0.4352 0.0001
vn 0.9004 -0.4350 0.0001
vn 0.8933 -0.4495 -0.0000
vn 0.8933 -0.4494 -0.0000
vn 0.9003 -0.4352 -0.0000
vn 0.9039 -0.4277 0.0030
vn 0.8929 -0.4502 0.0022
vn 0.8952 -0.4456 0.0071
vn 0.8934 -0.4492 -0.0000
vn 0.9175 -0.3976 0.0054
vn 0.9142 -0.4053 -0.0053
vn 0.9237 -0.3832 0.0033
vn 0.9272 -0.3746 0.0035
vn 0.9211 -0.3892 0.0054
vn 0.9082 -0.4186 -0.0035
vn 0.9179 -0.3968 -0.0053
vn 0.9147 -0.4041 0.0054
vn 0.9114 -0.4116 -0.0055
vn 0.9087 -0.4174 0.0056
vn 0.9120 -0.4101 -0.0028
vn 0.9075 -0.4200 -0.0053
vn 0.9304 -0.3664 0.0039
vn 0.9246 -0.3808 0.0054
vn 0.9214 -0.3885 -0.0056
vn 0.9298 -0.3679 0.0041
vn 0.9281 -0.3722 0.0053
vn 0.9183 -0.3959 0.0052
vn 0.9041 -0.4272 0.0053
vn 0.9005 -0.4349 -0.0053
vn 0.9079 -0.4191 0.0054
vn 0.8972 -0.4416 0.0054
vn 0.9376 -0.3477 -0.0024
vn 0.9364 -0.3510 -0.0007
vn 0.9358 -0.3526 0.0016
vn 0.9327 -0.3608 -0.0027
vn 0.9350 -0.3548 -0.0012
vn 0.9319 -0.3627 -0.0023
vn 0.9278 -0.3730 0.0001
vn 0.9243 -0.3817 0.0007
vn 0.9306 -0.3659 0.0023
vn 0.9300 -0.3677 -0.0006
vn 0.9272 -0.3746 -0.0024
vn 0.9306 -0.3661 -0.0019
vn 0.9259 -0.3778 -0.0022
vn 0.9204 -0.3911 -0.0009
vn 0.9197 -0.3926 -0.0025
vn 0.9523 -0.3052 0.0025
vn 0.9539 -0.2998 0.0088
vn 0.9515 -0.3076 0.0030
vn 0.9459 -0.3244 0.0007
vn 0.9460 -0.3241 -0.0008
vn 0.9464 -0.3229 -0.0028
vn 0.9464 -0.3229 0.0030
vn 0.9486 -0.3166 0.0029
vn 0.9410 -0.3384 0.0017
vn 0.9410 -0.3384 -0.0021
vn 0.9410 -0.3383 -0.0029
vn 0.9433 -0.3319 0.0029
vn 0.9445 -0.3284 -0.0012
vn 0.9427 -0.3336 -0.0001
vn 0.9380 -0.3466 0.0021
vn 0.9379 -0.3469 -0.0017
vn 0.9378 -0.3471 -0.0030
vn 0.9439 -0.3303 -0.0019
vn 0.9410 -0.3383 0.0030
vn 0.9357 -0.3528 0.0007
vn 0.9358 -0.3525 0.0005
vn 0.9355 -0.3534 -0.0029
vn 0.9354 -0.3535 0.0030
vn 0.9378 -0.3471 0.0029
vn 0.9416 -0.3366 -0.0016
vn 0.9401 -0.3410 -0.0013
vn 0.9403 -0.3404 0.0031
vn 0.9425 -0.3341 0.0029
vn 0.9543 -0.2988 0.0108
vn 0.9493 -0.3142 -0.0108
vn 0.9569 -0.2901 0.0106
vn 0.9493 -0.3142 0.0107
vn 0.9520 -0.3058 -0.0108
vn 0.9522 -0.3054 0.0108
vn 0.9471 -0.3208 -0.0108
vn 0.9440 -0.3297 -0.0110
vn 0.9597 -0.2808 0.0111
vn 0.9550 -0.2965 -0.0110
vn 0.9622 -0.2721 0.0108
vn 0.9550 -0.2965 0.0109
vn 0.9441 -0.3295 0.0108
vn 0.9386 -0.3449 -0.0109
vn 0.9471 -0.3206 0.0110
vn 0.9386 -0.3448 0.0104
vn 0.3040 0.5273 0.7934
vn 0.3043 0.5272 0.7934
vn 0.3047 0.5272 0.7932
vn 0.3042 0.5273 0.7934
vn 0.3044 0.5271 0.7934
vn 0.3044 0.5272 0.7934
vn 0.3043 0.5274 0.7932
vn 0.3043 0.5271 0.7934
vn 0.3045 0.5270 0.7934
vn 0.3046 0.5269 0.7935
vn 0.3041 0.5268 0.7937
vn 0.3040 0.5270 0.7936
vn 0.3042 0.5268 0.7937
vn 0.3042 0.5272 0.7935
vn 0.3047 0.5273 0.7932
vn 0.3042 0.5275 0.7932
vn 0.3043 0.5273 0.7933
vn 0.3045 0.5272 0.7933
vn 0.3042 0.5276 0.7932
vn 0.3045 0.5273 0.7932
vn 0.3043 0.5271 0.7935
vn 0.3042 0.5272 0.7934
vn 0.3044 0.5272 0.7933
vn 0.3042 0.5271 0.7935
vn 0.3046 0.5274 0.7932
vn 0.3045 0.5269 0.7935
vn 0.3039 0.5269 0.7937
vn 0.3045 0.5271 0.7934
vn 0.3044 0.5270 0.7935
vn 0.3043 0.5270 0.7935
vn 0.3050 0.5273 0.7930
vn 0.3045 0.5268 0.7936
vn 0.3044 0.5273 0.7933
vn 0.3039 0.5272 0.7935
vn 0.3041 0.5273 0.7934
vn 0.3043 0.5268 0.7936
vn 0.3042 0.5270 0.7936
vn 0.3043 0.5273 0.7934
vn 0.3042 0.5274 0.7933
vn 0.3044 0.5269 0.7936
vn 0.3041 0.5275 0.7933
vn 0.3045 0.5270 0.7935
vn 0.3047 0.5271 0.7933
vn 0.3041 0.5270 0.7936
vn 0.3043 0.5269 0.7936
vn 0.3046 0.5271 0.7934
vn 0.3046 0.5272 0.7932
vn 0.3043 0.5267 0.7937
vn 0.3044 0.5270 0.7934
vn 0.3046 0.5268 0.7935
vn 0.3045 0.5272 0.7934
vn 0.3042 0.5269 0.7937
vn 0.3045 0.5273 0.7933
vn 0.3043 0.5274 0.7933
vn 0.3045 0.5274 0.7931
vn 0.3039 0.5273 0.7935
vn 0.3042 0.5269 0.7936
vn 0.3046 0.5272 0.7933
vn 0.3041 0.5271 0.7935
vn 0.3040 0.5271 0.7935
vn 0.3044 0.5274 0.7932
vn 0.3047 0.5269 0.7934
vn 0.3044 0.5269 0.7935
vn 0.3039 0.5272 0.7936
vn 0.3050 0.5271 0.7932
vn 0.3046 0.5270 0.7934
vn 0.3047 0.5270 0.7933
vn 0.3045 0.5274 0.7932
vn 0.3046 0.5271 0.7933
vn 0.3044 0.5271 0.7935
vn 0.3039 0.5274 0.7934
vn 0.3044 0.5268 0.7936
vn 0.3041 0.5272 0.7935
vn 0.3044 0.5267 0.7937
vn 0.3045 0.5267 0.7936
vn 0.3031 0.5278 0.7934
vn 0.3047 0.5270 0.7934
vn 0.3044 0.5276 0.7931
vn 0.3042 0.5270 0.7935
vn 0.3043 0.5268 0.7937
vn 0.3040 0.5271 0.7936
vn 0.3035 0.5277 0.7934
vn 0.3064 0.5260 0.7934
vn 0.3052 0.5266 0.7934
vn 0.4727 0.8190 0.3251
vn 0.4726 0.8190 0.3255
vn 0.4725 0.8192 0.3250
vn 0.4729 0.8190 0.3250
vn 0.4729 0.8189 0.3252
vn 0.4730 0.8189 0.3252
vn 0.4727 0.8190 0.3253
vn 0.4726 0.8191 0.3251
vn 0.4729 0.8188 0.3256
vn 0.4726 0.8190 0.3253
vn 0.4729 0.8189 0.3251
vn 0.4728 0.8189 0.3253
vn 0.4723 0.8191 0.3255
vn 0.4725 0.8193 0.3249
vn 0.4733 0.8187 0.3251
vn 0.4730 0.8188 0.3253
vn 0.4729 0.8188 0.3253
vn 0.4728 0.8189 0.3252
vn 0.4727 0.8190 0.3252
vn 0.4726 0.8191 0.3253
vn 0.4731 0.8189 0.3251
vn 0.4728 0.8190 0.3251
vn 0.4729 0.8189 0.3253
vn 0.4725 0.8192 0.3251
vn 0.4724 0.8192 0.3252
vn 0.4728 0.8190 0.3250
vn 0.4729 0.8190 0.3251
vn 0.4728 0.8190 0.3252
vn 0.4727 0.8190 0.3254
vn 0.4730 0.8191 0.3247
vn 0.4729 0.8190 0.3249
vn 0.4727 0.8189 0.3257
vn 0.4728 0.8188 0.3256
vn 0.4728 0.8189 0.3254
vn 0.4727 0.8191 0.3251
vn 0.4730 0.8189 0.3251
vn 0.4729 0.8187 0.3256
vn 0.4730 0.8188 0.3254
vn 0.4733 0.8186 0.3253
vn 0.4731 0.8187 0.3253
vn 0.4726 0.8190 0.3254
vn 0.4725 0.8191 0.3253
vn 0.4727 0.8191 0.3252
vn 0.4727 0.8189 0.3254
vn 0.4730 0.8189 0.3250
vn 0.4732 0.8187 0.3255
vn 0.4726 0.8191 0.3252
vn 0.4728 0.8191 0.3249
vn 0.4728 0.8190 0.3253
vn 0.4729 0.8190 0.3252
vn 0.4728 0.8189 0.3255
vn 0.4729 0.8188 0.3255
vn 0.4731 0.8187 0.3255
vn 0.4727 0.8189 0.3255
vn 0.9456 -0.0000 -0.3254
vn 0.9457 0.0001 -0.3251
vn 0.9457 -0.0000 -0.3251
vn 0.9456 -0.0001 -0.3253
vn 0.9456 0.0002 -0.3253
vn 0.9456 -0.0002 -0.3253
vn 0.9456 -0.0000 -0.3252
vn 0.9457 0.0002 -0.3251
vn 0.9456 -0.0001 -0.3252
vn 0.9457 0.0001 -0.3250
vn 0.9456 0.0001 -0.3253
vn 0.9456 -0.0000 -0.3253
vn 0.9456 0.0001 -0.3252
vn 0.9457 0.0002 -0.3252
vn 0.9457 -0.0000 -0.3250
vn 0.9456 0.0001 -0.3254
vn 0.9457 -0.0001 -0.3251
vn 0.9456 -0.0001 -0.3254
vn 0.9457 -0.0000 -0.3252
vn 0.9456 0.0002 -0.3252
vn 0.9458 0.0002 -0.3249
vn 0.9457 -0.0001 -0.3252
vn 0.9456 -0.0002 -0.3252
vn 0.9456 -0.0003 -0.3252
vn 0.9457 -0.0004 -0.3252
vn 0.9457 0.0001 -0.3252
vn 0.9455 -0.0001 -0.3255
vn 0.9457 -0.0002 -0.3251
vn 0.7271 -0.0003 -0.6865
vn 0.7272 0.0001 -0.6864
vn 0.7272 0.0002 -0.6864
vn 0.7269 0.0002 -0.6867
vn 0.7272 -0.0000 -0.6864
vn 0.7270 0.0001 -0.6866
vn 0.7274 -0.0001 -0.6862
vn 0.7272 -0.0001 -0.6864
vn 0.7273 -0.0001 -0.6863
vn 0.7271 0.0002 -0.6866
vn 0.7272 -0.0001 -0.6865
vn 0.7272 0.0004 -0.6864
vn 0.7272 -0.0004 -0.6865
vn 0.7273 -0.0000 -0.6864
vn 0.7274 -0.0000 -0.6862
vn 0.7271 -0.0000 -0.6865
vn 0.7269 0.0003 -0.6868
vn 0.7272 -0.0000 -0.6865
vn 0.7273 -0.0000 -0.6863
vn 0.7272 0.0001 -0.6865
vn 0.7271 0.0001 -0.6865
vn 0.7270 -0.0001 -0.6867
vn 0.7271 -0.0002 -0.6865
vn 0.7271 0.0005 -0.6865
vn 0.7270 -0.0001 -0.6866
vn 0.7272 -0.0004 -0.6864
vn 0.7270 0.0003 -0.6866
vn 0.7273 0.0001 -0.6864
vn 0.7271 -0.0001 -0.6865
vn 0.7273 0.0004 -0.6863
vn 0.7273 0.0001 -0.6863
vn 0.7269 0.0001 -0.6867
vn 0.7272 -0.0003 -0.6864
vn 0.7273 -0.0004 -0.6863
vn 0.7270 -0.0002 -0.6867
vn 0.7271 -0.0003 -0.6866
vn 0.7274 -0.0003 -0.6862
vn 0.7270 0.0002 -0.6866
vn 0.7273 -0.0002 -0.6863
vn 0.7273 -0.0003 -0.6863
vn 0.7270 -0.0000 -0.6867
vn 0.7272 -0.0002 -0.6864
vn 0.7276 -0.0000 -0.6860
vn 0.7273 0.0003 -0.6863
vn 0.7271 0.0002 -0.6865
vn 0.7270 0.0004 -0.6866
vn 0.7274 0.0001 -0.6863
vn 0.7273 -0.0002 -0.6864
vn 0.7271 -0.0000 -0.6866
vn 0.7272 -0.0003 -0.6865
vn 0.7270 -0.0000 -0.6866
vn 0.7273 0.0002 -0.6864
vn 0.7274 0.0001 -0.6862
vn 0.7273 -0.0001 -0.6864
vn 0.7271 -0.0001 -0.6866
vn 0.7272 0.0003 -0.6864
vn 0.7272 0.0005 -0.6865
vn 0.7271 -0.0004 -0.6865
vn 0.7269 -0.0001 -0.6868
vn 0.7274 -0.0002 -0.6862
vn 0.7271 0.0001 -0.6866
vn 0.7271 0.0003 -0.6865
vn 0.7275 -0.0001 -0.6861
vn 0.7275 0.0002 -0.6861
vn 0.7274 0.0004 -0.6862
vn 0.7273 0.0003 -0.6864
vn 0.7272 0.0002 -0.6865
vn 0.7270 -0.0003 -0.6867
vn 0.7275 -0.0000 -0.6861
vn 0.7273 0.0002 -0.6863
vn 0.7272 -0.0002 -0.6865
vn 0.7271 0.0003 -0.6866
vn -0.1804 0.9836 -0.0026
vn -0.1714 0.9852 -0.0015
vn -0.1623 0.9867 0.0062
vn -0.1658 0.9862 -0.0018
vn -0.1683 0.9857 0.0014
vn -0.1626 0.9867 -0.0026
vn -0.1484 0.9889 -0.0054
vn -0.1405 0.9901 -0.0017
vn -0.1388 0.9903 -0.0045
vn -0.1575 0.9875 0.0025
vn -0.1553 0.9879 0.0021
vn -0.1482 0.9890 -0.0011
vn -0.1568 0.9876 -0.0027
vn -0.1486 0.9889 0.0038
vn -0.1492 0.9888 -0.0025
vn -0.1383 0.9904 0.0001
vn -0.1395 0.9902 0.0018
vn -0.1400 0.9901 0.0051
vn -0.1451 0.9894 -0.0028
vn -0.1396 0.9902 0.0025
vn -0.1334 0.9911 0.0035
vn -0.1291 0.9916 -0.0017
vn -0.1274 0.9919 -0.0006
vn -0.1257 0.9921 0.0041
vn -0.0639 0.9979 0.0047
vn -0.0617 0.9981 0.0002
vn -0.0621 0.9981 -0.0000
vn -0.0881 0.9961 0.0047
vn -0.0872 0.9962 0.0005
vn -0.0872 0.9962 -0.0001
vn -0.0873 0.9962 -0.0000
vn -0.0872 0.9962 -0.0000
vn -0.0618 0.9981 -0.0001
vn -0.1149 0.9934 0.0043
vn -0.1140 0.9935 -0.0001
vn -0.1122 0.9937 -0.0000
vn -0.1124 0.9937 -0.0000
vn -0.1389 0.9903 0.0050
vn -0.1378 0.9905 -0.0000
vn -0.0618 0.9981 -0.0000
vn -0.0872 0.9962 0.0001
vn -0.0617 0.9981 -0.0000
vn -0.0647 0.9979 0.0059
vn -0.0816 0.9967 0.0035
vn -0.0799 0.9968 -0.0018
vn -0.0825 0.9966 0.0061
vn -0.0994 0.9950 0.0029
vn -0.0975 0.9952 -0.0022
vn -0.1053 0.9944 0.0014
vn -0.1035 0.9946 -0.0033
vn -0.1202 0.9927 -0.0062
vn -0.1023 0.9947 -0.0060
vn -0.1003 0.9949 0.0060
vn -0.1128 0.9936 -0.0062
vn -0.1183 0.9930 0.0062
vn -0.1256 0.9921 0.0060
vn -0.1151 0.9933 0.0062
vn -0.1276 0.9918 -0.0062
vn -0.1330 0.9911 0.0060
vn -0.2169 0.9762 0.0060
vn -0.2235 0.9747 0.0081
vn -0.2172 0.9761 0.0034
vn -0.1988 0.9800 0.0023
vn -0.1991 0.9800 -0.0022
vn -0.2003 0.9797 -0.0037
vn -0.1998 0.9798 0.0035
vn -0.2100 0.9777 0.0036
vn -0.1831 0.9831 0.0010
vn -0.1838 0.9830 -0.0000
vn -0.1819 0.9833 -0.0038
vn -0.1924 0.9813 0.0036
vn -0.1958 0.9806 0.0021
vn -0.1936 0.9811 0.0010
vn -0.1734 0.9849 -0.0002
vn -0.1739 0.9848 -0.0008
vn -0.1748 0.9846 -0.0036
vn -0.1952 0.9808 -0.0045
vn -0.1819 0.9833 0.0036
vn -0.1651 0.9863 0.0014
vn -0.1665 0.9860 -0.0003
vn -0.1642 0.9864 -0.0036
vn -0.1642 0.9864 0.0036
vn -0.1748 0.9846 0.0037
vn -0.1889 0.9820 -0.0021
vn -0.1880 0.9822 -0.0009
vn -0.1854 0.9827 0.0038
vn -0.1956 0.9807 0.0036
vn -0.2247 0.9744 0.0088
vn -0.2071 0.9783 -0.0087
vn -0.2321 0.9727 0.0089
vn -0.2071 0.9783 0.0087
vn -0.2139 0.9768 -0.0090
vn -0.2141 0.9768 0.0086
vn -0.1965 0.9805 -0.0087
vn -0.1894 0.9819 -0.0087
vn -0.2392 0.9709 0.0088
vn -0.2217 0.9751 -0.0086
vn -0.2465 0.9691 0.0090
vn -0.2218 0.9750 0.0090
vn -0.1896 0.9818 0.0089
vn -0.1712 0.9852 -0.0090
vn -0.1967 0.9804 0.0088
vn -0.1716 0.9851 0.0086
vn -0.7272 0.0001 0.6864
vn -0.7273 0.0002 0.6863
vn -0.7272 -0.0000 0.6864
vn -0.7272 0.0001 0.6865
vn -0.7272 -0.0001 0.6865
vn -0.7272 0.0003 0.6865
vn -0.7272 -0.0000 0.6865
vn -0.7271 0.0002 0.6865
vn -0.7273 -0.0000 0.6863
vn -0.7270 -0.0003 0.6867
vn -0.7271 -0.0002 0.6865
vn -0.7271 0.0003 0.6866
vn -0.7272 0.0002 0.6864
vn -0.7272 -0.0001 0.6864
vn -0.7272 -0.0003 0.6864
vn -0.7273 0.0001 0.6863
vn -0.7272 -0.0003 0.6865
vn -0.7271 0.0001 0.6865
vn -0.7271 -0.0000 0.6865
vn -0.7270 -0.0000 0.6866
vn -0.7271 -0.0003 0.6865
vn -0.7273 -0.0001 0.6863
vn -0.7273 -0.0002 0.6863
vn -0.7271 0.0001 0.6866
vn -0.7274 0.0003 0.6863
vn -0.7270 -0.0000 0.6867
vn -0.7269 0.0002 0.6867
vn -0.7272 -0.0002 0.6865
vn -0.7274 -0.0000 0.6862
vn -0.7273 -0.0000 0.6864
vn -0.7270 -0.0002 0.6866
vn -0.7273 0.0002 0.6864
vn -0.7274 0.0001 0.6862
vn -0.7273 -0.0004 0.6864
vn -0.7272 0.0004 0.6864
vn -0.7269 -0.0001 0.6868
vn -0.7270 -0.0002 0.6867
vn -0.7274 -0.0000 0.6863
vn -0.7271 0.0003 0.6865
vn -0.7270 -0.0001 0.6866
vn -0.7271 -0.0004 0.6865
vn -0.7272 -0.0004 0.6864
vn -0.7272 -0.0002 0.6864
vn -0.7271 -0.0001 0.6866
vn -0.7271 -0.0001 0.6865
vn -0.7270 0.0001 0.6866
vn -0.7269 -0.0002 0.6868
vn -0.7273 0.0001 0.6864
vn -0.7271 -0.0003 0.6866
vn -0.7272 0.0003 0.6864
vn -0.7273 -0.0001 0.6864
vn -0.7275 0.0001 0.6861
vn -0.7269 -0.0000 0.6867
vn -0.7273 -0.0003 0.6863
vn -0.7269 -0.0002 0.6867
vn -0.7275 -0.0000 0.6861
vn -0.7271 -0.0000 0.6866
vn 0.8659 0.5002 -0.0001
vn 0.8660 0.5001 -0.0001
vn 0.8662 0.4998 0.0002
vn 0.8660 0.5000 0.0002
vn 0.8661 0.4999 0.0002
vn 0.8660 0.5001 0.0002
vn 0.8659 0.5003 0.0001
vn 0.8659 0.5001 -0.0000
vn 0.8662 0.4997 0.0002
vn -0.3510 0.6078 -0.7124
vn -0.3509 0.6078 -0.7124
vn -0.3510 0.6077 -0.7124
vn -0.3508 0.6078 -0.7124
vn -0.3508 0.6079 -0.7123
vn -0.3509 0.6077 -0.7125
vn -0.3506 0.6079 -0.7125
vn -0.3510 0.6076 -0.7125
vn -0.3510 0.6079 -0.7122
vn -0.3509 0.6079 -0.7123
vn -0.3511 0.6077 -0.7123
vn -0.3508 0.6076 -0.7126
vn -0.3509 0.6077 -0.7124
vn -0.3507 0.6075 -0.7127
vn -0.3506 0.6075 -0.7127
vn -0.3511 0.6081 -0.7121
vn -0.3510 0.6081 -0.7120
vn -0.3511 0.6079 -0.7121
vn -0.3506 0.6078 -0.7125
vn -0.3506 0.6079 -0.7124
vn -0.3512 0.6080 -0.7120
vn -0.3505 0.6076 -0.7127
vn -0.3508 0.6079 -0.7124
vn -0.3508 0.6077 -0.7124
vn -0.3509 0.6078 -0.7123
vn -0.3507 0.6082 -0.7121
vn -0.3508 0.6077 -0.7125
vn -0.3510 0.6080 -0.7122
vn -0.3507 0.6079 -0.7124
vn -0.3510 0.6075 -0.7125
vn -0.3509 0.6074 -0.7127
vn -0.3510 0.6078 -0.7123
vn -0.3512 0.6077 -0.7123
vn -0.3505 0.6079 -0.7125
vn -0.3512 0.6075 -0.7125
vn -0.3506 0.6081 -0.7123
vn -0.3507 0.6078 -0.7124
vn -0.3507 0.6081 -0.7121
vn -0.3511 0.6078 -0.7123
vn -0.3505 0.6078 -0.7125
vn -0.3507 0.6080 -0.7123
vn -0.3512 0.6078 -0.7122
vn -0.3510 0.6081 -0.7121
vn -0.3513 0.6077 -0.7122
vn -0.3512 0.6079 -0.7121
vn -0.3506 0.6078 -0.7126
vn -0.3506 0.6077 -0.7126
vn -0.3507 0.6079 -0.7123
vn -0.3507 0.6078 -0.7125
vn -0.3506 0.6080 -0.7123
vn -0.3511 0.6075 -0.7125
vn -0.3507 0.6077 -0.7126
vn -0.3506 0.6082 -0.7122
vn -0.3513 0.6078 -0.7122
vn -0.3509 0.6079 -0.7122
vn -0.3511 0.6079 -0.7122
vn -0.3507 0.6081 -0.7122
vn -0.3507 0.6077 -0.7125
vn -0.3511 0.6076 -0.7125
vn -0.3510 0.6077 -0.7123
vn -0.3508 0.6080 -0.7123
vn -0.3505 0.6079 -0.7124
vn -0.3514 0.6074 -0.7124
vn -0.3515 0.6076 -0.7123
vn -0.3510 0.6078 -0.7122
vn -0.3508 0.6081 -0.7122
vn -0.3504 0.6079 -0.7125
vn -0.3508 0.6080 -0.7122
vn -0.3507 0.6081 -0.7123
vn -0.3510 0.6076 -0.7124
vn -0.3511 0.6076 -0.7124
vn -0.3510 0.6079 -0.7123
vn -0.3511 0.6077 -0.7124
vn -0.3513 0.6079 -0.7121
vn -0.3513 0.6076 -0.7123
vn -0.3508 0.6078 -0.7123
vn -0.3511 0.6078 -0.7122
vn -0.3512 0.6076 -0.7124
vn -0.3508 0.6075 -0.7127
vn -0.3514 0.6077 -0.7122
vn -0.3514 0.6078 -0.7121
vn -0.3508 0.6076 -0.7125
vn -0.3506 0.6076 -0.7127
vn -0.3505 0.6077 -0.7127
vn -0.3509 0.6076 -0.7125
vn -0.3511 0.6080 -0.7121
vn -0.3511 0.6081 -0.7120
vn -0.7532 -0.6578 0.0036
vn -0.7599 -0.6500 -0.0037
vn -0.7593 -0.6507 0.0007
vn -0.7588 -0.6513 -0.0000
vn -0.7481 -0.6636 0.0035
vn -0.7599 -0.6501 0.0034
vn -0.7546 -0.6562 -0.0036
vn -0.7555 -0.6551 -0.0002
vn -0.7552 -0.6555 -0.0008
vn -0.7546 -0.6562 0.0036
vn -0.7611 -0.6486 -0.0036
vn -0.7630 -0.6463 0.0036
vn -0.7594 -0.6506 -0.0003
vn -0.7662 -0.6426 -0.0035
vn -0.7654 -0.6436 0.0022
vn -0.7655 -0.6435 -0.0023
vn -0.7429 -0.6694 0.0036
vn -0.7496 -0.6619 -0.0033
vn -0.7509 -0.6604 0.0068
vn -0.7490 -0.6626 -0.0026
vn -0.7375 -0.6754 0.0037
vn -0.7358 -0.6772 0.0052
vn -0.7362 -0.6767 0.0038
vn -0.7455 -0.6665 0.0090
vn -0.7662 -0.6426 0.0034
vn -0.7724 -0.6351 -0.0035
vn -0.7707 -0.6371 0.0089
vn -0.7712 -0.6366 0.0006
vn -0.7570 -0.6533 0.0099
vn -0.7684 -0.6399 0.0087
vn -0.7326 -0.6806 0.0088
vn -0.7443 -0.6678 -0.0091
vn -0.7268 -0.6868 0.0094
vn -0.7443 -0.6678 0.0091
vn -0.7390 -0.6737 -0.0091
vn -0.7389 -0.6738 0.0095
vn -0.7510 -0.6602 -0.0094
vn -0.7559 -0.6546 -0.0091
vn -0.7216 -0.6922 0.0093
vn -0.7339 -0.6792 -0.0094
vn -0.7163 -0.6977 0.0092
vn -0.7338 -0.6793 0.0092
vn -0.7558 -0.6547 0.0094
vn -0.7675 -0.6410 -0.0093
vn -0.7510 -0.6603 0.0091
vn -0.7673 -0.6412 0.0093
vn -0.7631 -0.6463 -0.0020
vn -0.7688 -0.6394 -0.0009
vn -0.7766 -0.6300 -0.0017
vn -0.7729 -0.6346 -0.0009
vn -0.7740 -0.6332 -0.0023
vn -0.7744 -0.6327 -0.0026
vn -0.7837 -0.6211 -0.0041
vn -0.7892 -0.6142 -0.0016
vn -0.7864 -0.6178 0.0005
vn -0.7775 -0.6288 0.0026
vn -0.7793 -0.6267 0.0012
vn -0.7842 -0.6206 -0.0022
vn -0.7759 -0.6309 0.0009
vn -0.7815 -0.6239 0.0031
vn -0.7821 -0.6232 -0.0026
vn -0.7873 -0.6166 0.0061
vn -0.7830 -0.6220 0.0055
vn -0.7930 -0.6092 0.0013
vn -0.7855 -0.6189 -0.0025
vn -0.7992 -0.6010 -0.0068
vn -0.7951 -0.6064 -0.0008
vn -0.8007 -0.5991 -0.0024
vn -0.7873 -0.6165 0.0052
vn -0.7953 -0.6062 -0.0066
vn -0.8042 -0.5943 0.0002
vn -0.8037 -0.5950 0.0038
vn -0.8091 -0.5877 -0.0027
vn -0.7920 -0.6104 0.0066
vn -0.8078 -0.5894 0.0027
vn -0.8073 -0.5901 0.0066
vn -0.8149 -0.5796 -0.0066
vn -0.7999 -0.6001 -0.0065
vn -0.8172 -0.5763 0.0007
vn -0.8187 -0.5742 0.0047
vn -0.8240 -0.5667 -0.0015
vn -0.8240 -0.5666 0.0051
vn -0.8334 -0.5527 0.0004
vn -0.8323 -0.5543 0.0053
vn -0.8319 -0.5549 0.0066
vn -0.8221 -0.5693 0.0065
vn -0.7981 -0.6025 0.0030
vn -0.8011 -0.5985 0.0035
vn -0.8119 -0.5838 0.0066
vn -0.8334 -0.5526 -0.0000
vn -0.8334 -0.5527 -0.0000
vn -0.8334 -0.5526 -0.0001
vn -0.8334 -0.5526 -0.0002
vn -0.8333 -0.5529 -0.0000
vn -0.8192 -0.5736 -0.0001
vn -0.8191 -0.5736 -0.0001
vn -0.8192 -0.5736 -0.0004
vn -0.8192 -0.5735 0.0002
vn -0.8044 -0.5941 -0.0000
vn -0.8044 -0.5941 -0.0001
vn -0.7890 -0.6144 -0.0001
vn 0.5094 0.3013 0.8060
vn 0.5097 0.3015 0.8058
vn 0.5096 0.3015 0.8058
vn 0.5094 0.3015 0.8060
vn 0.5095 0.3015 0.8059
vn 0.5096 0.3015 0.8059
vn 0.5095 0.3016 0.8059
vn 0.5098 0.3017 0.8057
vn 0.5098 0.3014 0.8058
vn 0.5098 0.3016 0.8057
vn 0.5096 0.3014 0.8059
vn 0.5095 0.3017 0.8058
vn 0.5094 0.3014 0.8060
vn 0.5096 0.3013 0.8059
vn 0.5097 0.3014 0.8059
vn 0.5093 0.3015 0.8060
vn 0.5096 0.3017 0.8058
vn 0.5095 0.3014 0.8060
vn 0.5097 0.3014 0.8058
vn 0.5095 0.3013 0.8060
vn 0.5095 0.3014 0.8059
vn 0.5092 0.3017 0.8060
vn 0.5096 0.3011 0.8060
vn 0.5098 0.3012 0.8058
vn 0.5091 0.3015 0.8062
vn 0.5092 0.3014 0.8062
vn 0.5099 0.3015 0.8056
vn 0.5093 0.3013 0.8061
vn 0.5094 0.3013 0.8061
vn 0.5094 0.3010 0.8062
vn 0.5093 0.3014 0.8061
vn 0.5092 0.3011 0.8063
vn 0.5093 0.3012 0.8061
vn 0.1764 -0.8866 0.4277
vn 0.5022 -0.7516 0.4277
vn 0.4714 -0.7055 0.5292
vn 0.7516 -0.5022 0.4277
vn 0.7517 -0.5019 0.4278
vn 0.7055 -0.4714 0.5292
vn 0.8322 -0.1655 0.5292
vn 0.7056 -0.4714 0.5291
vn 0.7516 -0.5022 0.4276
vn 0.8866 -0.1763 0.4277
vn 0.8865 -0.1763 0.4277
vn 0.8865 -0.1764 0.4277
vn 0.6450 -0.4310 0.6310
vn 0.7609 -0.1513 0.6310
vn 0.7608 -0.1513 0.6311
vn 0.7610 -0.1512 0.6309
vn 0.6701 -0.1333 0.7302
vn -0.6701 -0.1333 0.7302
vn -0.7609 -0.1513 0.6310
vn -0.7609 -0.1514 0.6310
vn -0.7610 -0.1512 0.6309
vn -0.6450 -0.4310 0.6310
vn -0.8322 -0.1655 0.5292
vn -0.8322 -0.1655 0.5293
vn -0.7055 -0.4714 0.5292
vn -0.7517 -0.5019 0.4278
vn -0.7516 -0.5022 0.4277
vn -0.8865 -0.1763 0.4277
vn -0.8866 -0.1763 0.4277
vn -0.8865 -0.1764 0.4277
vn -0.7517 -0.5021 0.4276
vn -0.4714 -0.7055 0.5292
vn -0.5022 -0.7516 0.4277
vn -0.5023 -0.7515 0.4277
vn -0.1764 -0.8866 0.4277
vn -0.1112 -0.8448 0.5234
vn -0.5377 -0.6632 0.5205
vn -0.3214 -0.6143 0.7207
vn -0.3803 -0.6830 0.6236
vn -0.6496 -0.2720 0.7099
vn -0.4303 -0.3953 0.8115
vn -0.6115 0.0861 0.7866
vn -0.7033 -0.3509 0.6183
vn -0.3063 -0.3404 0.8890
vn -0.5235 0.2912 0.8007
vn -0.0866 -0.2459 0.9654
vn -0.2575 -0.2047 0.9443
vn -0.5320 -0.4442 0.7209
vn -0.7041 -0.0030 0.7101
vn -0.4133 -0.1973 0.8890
vn -0.5489 -0.2004 0.8115
vn 0.5489 -0.2004 0.8115
vn 0.7041 -0.0030 0.7101
vn 0.4133 -0.1973 0.8890
vn 0.5320 -0.4442 0.7209
vn 0.3590 -0.2600 0.8964
vn 0.4863 -0.6717 0.5588
vn -0.1341 -0.5164 0.8458
vn 0.3025 -0.5249 0.7956
vn 0.2558 -0.2340 0.9380
vn -0.0234 -0.2541 0.9669
vn 0.0737 -0.5652 0.8216
vn -0.1423 -0.4185 0.8970
vn 0.3062 -0.6578 0.6881
vn -0.0298 -0.9121 0.4090
vn -0.2298 -0.6139 0.7552
vn 0.0376 -0.7838 0.6199
vn -0.5367 0.8436 -0.0176
vn -0.5384 0.8425 0.0175
vn -0.4682 0.8834 -0.0180
vn -0.6214 0.7833 -0.0180
vn -0.4694 0.8828 0.0181
vn -0.5628 0.8264 -0.0180
vn -0.5641 0.8255 0.0180
vn -0.6224 0.7825 0.0182
vn -0.3996 0.9165 -0.0197
vn -0.3997 0.9164 0.0197
vn -0.3242 0.9458 -0.0199
vn -0.4987 0.8665 -0.0195
vn -0.7053 0.7087 -0.0184
vn -0.7061 0.7079 0.0183
vn -0.6546 0.7557 -0.0198
vn -0.7867 0.6170 -0.0196
vn 0.9934 0.1146 -0.0000
vn 0.9409 0.3387 -0.0000
vn 0.9410 0.3384 -0.0000
vn 0.8389 0.5443 -0.0000
vn 0.6929 0.7210 -0.0000
vn 0.9945 0.1026 0.0230
vn 0.9751 0.2206 -0.0234
vn 0.9802 0.1964 0.0238
vn 0.9448 0.3268 0.0231
vn 0.9474 0.3190 -0.0248
vn 0.9080 0.4183 0.0248
vn 0.8461 0.5325 -0.0249
vn 0.8965 0.4423 -0.0248
vn 0.9556 0.2937 0.0251
vn 0.9072 0.4198 -0.0260
vn 0.9188 0.3937 0.0265
vn 0.8601 0.5095 0.0254
vn 0.8457 0.5332 0.0237
vn 0.7704 0.6371 -0.0237
vn 0.7859 0.6179 0.0237
vn 0.7015 0.7122 0.0237
vn 0.3280 0.9444 -0.0225
vn 0.4403 0.8976 0.0224
vn 0.4265 0.9042 -0.0227
vn 0.5374 0.8430 -0.0227
vn 0.5326 0.8461 0.0226
vn 0.6236 0.7814 -0.0224
vn 0.7139 0.6999 0.0225
vn 0.6353 0.7719 0.0220
vn 0.5199 0.8539 -0.0224
vn 0.6196 0.7846 0.0225
vn 0.6074 0.7941 -0.0226
vn 0.7031 0.7108 -0.0223
vn 0.7175 0.6962 -0.0223
vn 0.7969 0.6037 0.0223
vn 0.7873 0.6161 -0.0224
vn 0.8588 0.5118 -0.0224
vn 0.5763 0.8162 0.0417
vn 0.5351 0.8440 -0.0380
vn 0.5006 0.8649 0.0371
vn 0.7010 0.7123 0.0338
vn 0.4695 0.8823 -0.0349
vn 0.6283 0.7772 0.0348
vn 0.6010 0.7985 -0.0349
vn 0.6763 0.7358 -0.0351
vn 0.4162 0.9087 0.0310
vn 0.3970 0.9173 -0.0306
vn 0.3451 0.9380 0.0310
vn 0.5524 0.8330 0.0307
vn 0.7962 0.6042 0.0302
vn 0.7824 0.6221 -0.0300
vn 0.7293 0.6836 0.0285
vn 0.8676 0.4965 0.0277
vn -0.1379 0.9902 -0.0200
vn -0.0234 0.9995 0.0199
vn -0.0232 0.9995 -0.0201
vn 0.0534 0.9984 -0.0200
vn 0.0916 0.9956 0.0201
vn 0.1676 0.9857 -0.0200
vn 0.2796 0.9599 0.0200
vn 0.1678 0.9856 0.0198
vn 0.0914 0.9956 -0.0200
vn 0.2048 0.9786 0.0196
vn 0.2048 0.9786 -0.0198
vn 0.2796 0.9599 -0.0200
vn 0.2427 0.9699 -0.0200
vn 0.3524 0.9356 0.0200
vn 0.3521 0.9358 -0.0201
vn 0.4230 0.9059 -0.0201
vn 0.2226 0.9747 0.0217
vn 0.2252 0.9741 -0.0220
vn 0.1187 0.9927 0.0216
vn 0.3252 0.9454 0.0217
vn 0.1216 0.9923 -0.0218
vn 0.2239 0.9744 0.0218
vn 0.2263 0.9738 -0.0217
vn 0.3277 0.9445 -0.0216
vn 0.0142 0.9997 0.0217
vn 0.0169 0.9996 -0.0217
vn -0.0908 0.9956 0.0219
vn 0.1201 0.9925 0.0217
vn 0.4231 0.9058 0.0217
vn 0.4257 0.9046 -0.0216
vn 0.3257 0.9452 0.0217
vn 0.5168 0.8558 0.0217
vn -0.1857 0.9824 -0.0185
vn -0.1852 0.9825 0.0187
vn -0.0819 0.9965 -0.0187
vn -0.2721 0.9621 -0.0186
vn -0.0812 0.9965 0.0189
vn -0.1719 0.9849 -0.0188
vn -0.1710 0.9851 0.0189
vn -0.2712 0.9623 0.0186
vn 0.0216 0.9996 -0.0193
vn 0.0229 0.9996 0.0193
vn 0.1265 0.9918 -0.0192
vn -0.0689 0.9974 -0.0193
vn -0.3583 0.9334 -0.0193
vn -0.3573 0.9338 0.0193
vn -0.2621 0.9649 -0.0192
vn -0.4444 0.8956 -0.0195
vn -0.2145 0.9765 0.0207
vn -0.2163 0.9761 -0.0207
vn -0.2930 0.9559 0.0208
vn -0.1013 0.9946 0.0207
vn -0.2944 0.9555 -0.0207
vn -0.1816 0.9831 0.0207
vn -0.1828 0.9829 -0.0208
vn -0.1028 0.9945 -0.0207
vn -0.3697 0.9289 0.0207
vn -0.3706 0.9286 -0.0209
vn -0.4432 0.8962 0.0206
vn -0.2603 0.9653 0.0207
vn 0.0133 0.9997 0.0207
vn 0.0120 0.9997 -0.0207
vn -0.0674 0.9975 0.0206
vn 0.1279 0.9916 0.0208
vn 0.5086 0.8481 0.1483
vn 0.5054 0.8505 0.1459
vn 0.5040 0.8498 0.1542
vn 0.3056 0.9396 -0.1541
vn 0.3027 0.9409 0.1516
vn 0.3060 0.9405 0.1477
vn 0.3056 0.9397 0.1537
vn 0.2968 0.9423 0.1548
vn 0.0924 0.9836 -0.1552
vn 0.0832 0.9844 0.1550
vn -0.1344 0.9789 -0.1538
vn 0.0832 0.9846 -0.1535
vn 0.0925 0.9842 0.1512
vn 0.0927 0.9848 0.1467
vn 0.0924 0.9837 0.1540
vn -0.1253 0.9799 -0.1551
vn -0.1240 0.9819 0.1429
vn -0.1251 0.9813 0.1463
vn -0.1253 0.9799 0.1554
vn -0.1344 0.9789 0.1540
vn 0.0742 0.9854 0.1530
vn -0.1435 0.9775 -0.1545
vn -0.1435 0.9776 0.1541
vn -0.1527 0.9762 0.1540
vn -0.1251 0.9820 0.1418
vn -0.1076 0.9840 -0.1423
vn 0.0928 0.9852 0.1442
vn -0.1160 0.9826 0.1448
vn 0.1106 0.9834 -0.1437
vn 0.1021 0.9843 0.1438
vn 0.1198 0.9823 -0.1438
vn -0.0982 0.9847 -0.1440
vn 0.3064 0.9410 0.1434
vn 0.3233 0.9353 -0.1439
vn 0.5050 0.8510 0.1438
vn 0.3152 0.9381 0.1434
vn -0.1068 0.9839 0.1436
vn -0.0890 0.9856 -0.1438
vn 0.1113 0.9833 0.1441
vn -0.0976 0.9848 0.1437
vn -0.4800 0.8317 -0.2791
vn -0.4799 0.8318 -0.2791
vn -0.4800 0.8317 -0.2788
vn -0.4801 0.8318 -0.2788
vn -0.4801 0.8316 -0.2791
vn -0.4800 0.8317 -0.2790
vn -0.4802 0.8316 -0.2789
vn -0.4800 0.8316 -0.2793
vn -0.4799 0.8317 -0.2791
vn -0.4799 0.8316 -0.2794
vn -0.4801 0.8317 -0.2790
vn -0.4800 0.8318 -0.2788
vn -0.4799 0.8317 -0.2792
vn -0.4801 0.8316 -0.2790
vn -0.4801 0.8317 -0.2788
vn -0.4801 0.8315 -0.2794
vn -0.4802 0.8317 -0.2787
vn -0.4802 0.8317 -0.2788
vn -0.4802 0.8316 -0.2790
vn -0.4803 0.8315 -0.2791
vn -0.4801 0.8316 -0.2792
vn -0.4803 0.8316 -0.2790
vn -0.4802 0.8316 -0.2791
vn -0.4804 0.8316 -0.2788
vn -0.4805 0.8315 -0.2789
vn -0.4804 0.8316 -0.2789
vn -0.4804 0.8315 -0.2790
vn -0.4803 0.8316 -0.2788
vn -0.4804 0.8315 -0.2789
vn -0.4804 0.8314 -0.2793
vn -0.4799 0.8318 -0.2789
vn -0.4803 0.8315 -0.2790
vn -0.4803 0.8315 -0.2789
vn -0.4802 0.8317 -0.2789
vn -0.4799 0.8318 -0.2790
vn -0.4802 0.8317 -0.2786
vn -0.4802 0.8316 -0.2792
vn -0.4803 0.8316 -0.2789
vn -0.4804 0.8315 -0.2791
vn -0.4800 0.8318 -0.2787
vn -0.4801 0.8316 -0.2794
vn -0.4803 0.8317 -0.2785
vn -0.4800 0.8317 -0.2789
vn -0.4802 0.8315 -0.2793
vn -0.4801 0.8317 -0.2789
vn -0.4804 0.8314 -0.2791
vn -0.4800 0.8317 -0.2792
vn -0.4805 0.8316 -0.2787
vn -0.4805 0.8315 -0.2788
vn -0.4800 0.8316 -0.2794
vn -0.4798 0.8319 -0.2788
vn -0.4804 0.8316 -0.2787
vn -0.4802 0.8315 -0.2795
vn -0.4800 0.8318 -0.2789
vn -0.4798 0.8318 -0.2791
vn -0.4804 0.8314 -0.2794
vn -0.4801 0.8318 -0.2786
vn -0.0000 -0.0000 -1.0000
vn -0.9457 -0.0000 0.3251
vn -0.9455 -0.0000 0.3255
vn -0.9456 -0.0002 0.3252
vn -0.9456 -0.0000 0.3252
vn -0.9456 0.0001 0.3254
vn -0.9457 -0.0003 0.3251
vn -0.9457 0.0002 0.3251
vn -0.9457 -0.0000 0.3252
vn -0.9457 0.0001 0.3251
vn -0.9456 0.0001 0.3252
vn -0.9456 0.0001 0.3253
vn -0.9456 -0.0000 0.3253
vn -0.9456 -0.0000 0.3255
vn -0.9456 -0.0001 0.3252
vn -0.9456 -0.0001 0.3253
vn -0.9457 -0.0000 0.3250
vn -0.9457 -0.0000 0.3249
vn -0.9456 -0.0000 0.3254
vn -0.9457 -0.0002 0.3252
vn -0.9457 0.0001 0.3250
vn -0.9458 0.0001 0.3249
vn -0.9456 -0.0002 0.3253
vn -0.9456 0.0002 0.3252
vn -0.9456 0.0003 0.3254
vn -0.9456 0.0001 0.3255
vn -0.9457 -0.0001 0.3251
vn -0.9457 0.0001 0.3252
vn -0.9457 0.0003 0.3250
vn -0.9456 -0.0002 0.3254
vn -0.9456 -0.0001 0.3254
vn -0.9457 -0.0001 0.3252
vn -0.9456 0.0002 0.3254
vn -0.9457 -0.0002 0.3251
vn -0.9455 0.0001 0.3255
vn -0.9457 0.0003 0.3251
vn -0.9457 0.0002 0.3250
vn -0.9457 -0.0001 0.3250
vn -0.9458 -0.0001 0.3249
vn 0.6401 0.6663 0.3825
vn 0.7752 0.5027 0.3825
vn 0.7751 0.5029 0.3825
vn 0.7751 0.5029 0.3824
vn 0.7751 0.5029 0.3826
vn 0.7752 0.5029 0.3824
vn 0.8695 0.3126 0.3825
vn 0.8695 0.3125 0.3825
vn 0.8694 0.3127 0.3825
vn 0.8694 0.3128 0.3826
vn 0.9178 0.1062 0.3825
vn 0.9178 0.1061 0.3825
vn 0.9179 0.1059 0.3825
vn 0.8694 0.3129 0.3824
vn 0.8695 0.3124 0.3825
vn 0.9179 0.1057 0.3824
vn 0.9179 0.1058 0.3824
vn 0.8694 0.3130 0.3824
vn 0.9179 0.1058 0.3825
vn 0.9178 0.1059 0.3826
vn -0.7128 0.5908 0.3779
vn -0.6213 0.6853 0.3799
vn -0.6189 0.6829 0.3881
vn -0.6191 0.6817 0.3899
vn -0.6224 0.6853 0.3780
vn -0.6139 0.6931 0.3778
vn -0.5192 0.7657 0.3796
vn -0.5133 0.7655 0.3879
vn -0.5166 0.7667 0.3812
vn -0.5084 0.7689 0.3878
vn -0.4043 0.8308 0.3825
vn -0.3895 0.8354 0.3878
vn -0.3892 0.8393 0.3795
vn -0.5075 0.7684 0.3899
vn -0.5197 0.7661 0.3782
vn -0.4058 0.8312 0.3802
vn -0.3986 0.8312 0.3876
vn -0.4065 0.8315 0.3786
vn -0.5005 0.7790 0.3777
vn -0.3822 0.8387 0.3880
vn -0.3838 0.8371 0.3900
vn -0.3751 0.8465 0.3778
vn -0.3367 0.8591 0.3854
vn -0.3369 0.8594 0.3846
vn -0.3368 0.8608 0.3817
vn -0.3279 0.8628 0.3848
vn -0.3183 0.8661 0.3855
vn -0.3182 0.8665 0.3847
vn -0.3126 0.8683 0.3851
vn -0.3213 0.8651 0.3851
vn -0.3102 0.8694 0.3845
vn -0.3032 0.8717 0.3851
vn -0.2979 0.8744 0.3831
vn -0.3196 0.8661 0.3843
vn -0.2999 0.8726 0.3855
vn -0.3000 0.8729 0.3846
vn -0.2976 0.8737 0.3848
vn -0.2979 0.8736 0.3847
vn -0.2749 0.8808 0.3855
vn -0.2752 0.8812 0.3844
vn -0.2812 0.8788 0.3856
vn -0.2889 0.8763 0.3856
vn -0.3128 0.8684 0.3848
vn -0.3105 0.8693 0.3846
vn -0.2965 0.8737 0.3856
vn -0.3042 0.8711 0.3856
vn -0.2732 0.8808 0.3868
vn -0.2918 0.8757 0.3846
vn -0.2918 0.8757 0.3847
vn -0.2925 0.8765 0.3824
vn -0.2920 0.8748 0.3867
vn -0.2652 0.8832 0.3869
vn -0.3110 0.8692 0.3845
vn -0.3111 0.8700 0.3825
vn -0.2843 0.8773 0.3867
vn -0.2836 0.8783 0.3849
vn -0.2836 0.8784 0.3846
vn -0.3029 0.8727 0.3830
vn -0.3016 0.8719 0.3858
vn -0.3033 0.8728 0.3823
vn -0.2848 0.8790 0.3824
vn -0.3105 0.8684 0.3866
vn -0.3295 0.8623 0.3845
vn -0.3295 0.8632 0.3826
vn -0.3289 0.8616 0.3865
vn -0.3030 0.8710 0.3866
vn -0.2582 0.8853 0.3867
vn -0.2771 0.8806 0.3845
vn -0.2770 0.8815 0.3825
vn -0.2765 0.8798 0.3867
vn -0.2502 0.8876 0.3868
vn -0.2220 0.8872 0.4045
vn -0.2267 0.9062 0.3571
vn 0.0137 0.9139 0.4058
vn -0.1949 0.8929 0.4058
vn 0.0140 0.9344 0.3558
vn 0.0411 0.9125 0.4069
vn 0.0420 0.9341 0.3544
vn -0.1995 0.9130 0.3558
vn 0.2481 0.8791 0.4071
vn 0.2538 0.9001 0.3541
vn 0.4656 0.7852 0.4083
vn 0.2742 0.8706 0.4084
vn -0.1681 0.8978 0.4071
vn -0.1721 0.9191 0.3546
vn 0.0684 0.9103 0.4083
vn -0.1412 0.9019 0.4083
vn 0.2208 0.8961 0.3850
vn 0.2210 0.9002 0.3753
vn 0.2200 0.8970 0.3835
vn 0.2219 0.9006 0.3738
vn 0.2073 0.8998 0.3839
vn 0.2067 0.9033 0.3759
vn 0.2060 0.9006 0.3827
vn 0.5358 0.7520 0.3839
vn 0.5281 0.7595 0.3799
vn 0.5361 0.7524 0.3827
vn 0.2080 0.9035 0.3747
vn 0.5279 0.7609 0.3773
vn 0.5342 0.7560 0.3784
vn 0.5263 0.7629 0.3755
vn 0.1941 0.9031 0.3832
vn 0.1931 0.9060 0.3766
vn 0.1927 0.9039 0.3819
vn 0.1948 0.9062 0.3753
vn 0.1803 0.9064 0.3820
vn 0.5134 0.7684 0.3820
vn 0.7756 0.5018 0.3829
vn 0.7757 0.5052 0.3783
vn 0.7754 0.5035 0.3812
vn 0.7783 0.5033 0.3756
vn 0.7684 0.5134 0.3820
vn 0.9064 0.1805 0.3819
vn 0.0608 0.9276 0.3686
vn 0.0866 0.9123 0.4003
vn 0.1965 0.9100 0.3651
vn -0.0443 0.9295 0.3661
vn 0.2190 0.8883 0.4036
vn 0.0930 0.9272 0.3628
vn 0.1176 0.9064 0.4058
vn -0.0166 0.9152 0.4026
vn 0.3283 0.8725 0.3618
vn 0.3465 0.8452 0.4070
vn 0.4532 0.8163 0.3580
vn 0.2284 0.9048 0.3594
vn -0.1483 0.9195 0.3641
vn -0.1192 0.9068 0.4044
vn -0.0122 0.9326 0.3606
vn -0.2513 0.8978 0.3617
vn 0.5632 0.7151 0.4141
vn 0.6083 0.7104 0.3541
vn 0.4525 0.7922 0.4095
vn 0.7133 0.5706 0.4070
vn 0.4954 0.7910 0.3589
vn 0.6221 0.6715 0.4026
vn 0.6597 0.6563 0.3662
vn 0.7514 0.5522 0.3613
vn 0.3311 0.8522 0.4050
vn 0.3725 0.8538 0.3635
vn 0.2009 0.8940 0.4006
vn 0.5161 0.7584 0.3980
vn 0.8264 0.3962 0.4001
vn 0.8540 0.3670 0.3689
vn 0.7592 0.5168 0.3956
vn 0.8967 0.2034 0.3931
vn -0.9095 0.1812 0.3741
vn -0.7608 0.5251 0.3813
vn -0.7606 0.5266 0.3798
vn -0.7613 0.5286 0.3754
vn -0.7710 0.5152 0.3744
vn -0.7636 0.5269 0.3734
vn -0.5020 0.7763 0.3813
vn -0.5047 0.7755 0.3792
vn -0.5050 0.7773 0.3751
vn -0.5038 0.7790 0.3734
vn -0.1529 0.9113 0.3824
vn -0.1545 0.9115 0.3811
vn -0.1543 0.9145 0.3739
vn -0.4902 0.7833 0.3823
vn -0.4894 0.7847 0.3804
vn -0.4894 0.7876 0.3744
vn -0.5152 0.7709 0.3744
vn -0.1667 0.9093 0.3812
vn -0.1668 0.9096 0.3806
vn -0.1672 0.9122 0.3742
vn -0.1812 0.9095 0.3741
vn -0.1673 0.9124 0.3736
vn -0.4923 0.7867 0.3723
vn -0.1393 0.9131 0.3833
vn -0.1382 0.9140 0.3815
vn -0.1385 0.9174 0.3730
vn -0.1533 0.9152 0.3726
vn -0.1403 0.9178 0.3714
vn -0.3928 0.8176 0.4209
vn -0.4542 0.8211 0.3457
vn -0.6148 0.6716 0.4135
vn -0.2986 0.8585 0.4169
vn -0.6700 0.6523 0.3544
vn -0.5362 0.7384 0.4090
vn -0.5907 0.7226 0.3591
vn -0.3579 0.8656 0.3502
vn -0.7857 0.4673 0.4053
vn -0.8269 0.4297 0.3629
vn -0.8898 0.2246 0.3973
vn -0.7286 0.5553 0.4009
vn -0.2001 0.8887 0.4125
vn -0.2571 0.8989 0.3548
vn -0.4495 0.7964 0.4047
vn -0.0979 0.9075 0.4084
vn -0.7211 0.5595 0.4086
vn -0.7884 0.5013 0.3566
vn -0.8000 0.4445 0.4029
vn -0.6355 0.6559 0.4073
vn -0.8532 0.3749 0.3627
vn -0.7298 0.5533 0.4015
vn -0.7911 0.4914 0.3642
vn -0.7093 0.6072 0.3580
vn -0.8606 0.3191 0.3970
vn -0.8975 0.2416 0.3689
vn -0.9010 0.1879 0.3911
vn -0.8073 0.4379 0.3956
vn -0.5369 0.7395 0.4059
vn -0.6162 0.7008 0.3595
vn -0.6451 0.6510 0.4001
vn -0.4272 0.8086 0.4046
vn -0.9207 0.0709 0.3837
vn -0.9207 0.0707 0.3838
vn -0.8990 0.2112 0.3837
vn -0.8990 0.2113 0.3837
vn -0.8989 0.2114 0.3837
vn -0.8989 0.2115 0.3836
vn -0.8560 0.3466 0.3837
vn -0.8560 0.3465 0.3837
vn -0.8560 0.3464 0.3837
vn -0.7929 0.4736 0.3835
vn -0.9207 0.0711 0.3837
vn -0.8990 0.2114 0.3836
vn -0.9207 0.0708 0.3838
vn -0.6965 0.7176 0.0077
vn -0.6971 0.7169 -0.0083
vn -0.7222 0.6916 0.0074
vn -0.6022 0.7983 0.0083
vn -0.7225 0.6913 -0.0083
vn -0.6343 0.7731 0.0084
vn -0.6347 0.7727 -0.0084
vn -0.6026 0.7980 -0.0080
vn -0.7479 0.6638 0.0069
vn -0.7472 0.6645 -0.0063
vn -0.7473 0.6644 0.0062
vn -0.7479 0.6638 -0.0070
vn -0.7699 0.6381 0.0070
vn -0.6627 0.7488 0.0072
vn -0.5045 0.8634 0.0081
vn -0.5045 0.8634 -0.0083
vn -0.5403 0.8414 0.0080
vn -0.4053 0.9142 0.0081
vn -0.9956 0.0939 -0.0000
vn -0.9956 0.0935 -0.0000
vn -0.9606 0.2780 -0.0000
vn -0.9592 0.2828 -0.0051
vn -0.9604 0.2787 -0.0010
vn -0.9589 0.2837 -0.0057
vn -0.9533 0.3020 0.0059
vn -0.9495 0.3138 -0.0058
vn -0.9950 0.1000 -0.0059
vn -0.9946 0.1036 -0.0057
vn -0.9942 0.1074 -0.0011
vn -0.8884 0.4591 0.0052
vn -0.8794 0.4761 -0.0067
vn -0.7859 0.6183 0.0062
vn -0.8708 0.4916 0.0050
vn -0.9930 0.1177 0.0009
vn -0.9935 0.1138 -0.0036
vn -0.9443 0.3290 0.0041
vn -0.9927 0.1210 0.0012
vn -0.9970 0.0769 -0.0110
vn -0.9651 0.2615 0.0108
vn -0.9734 0.2289 -0.0110
vn -0.9651 0.2617 -0.0109
vn -0.9138 0.4060 0.0110
vn -0.9136 0.4064 -0.0110
vn -0.8218 0.5696 0.0110
vn -0.8994 0.4371 0.0109
vn -0.9269 0.3752 -0.0110
vn -0.8405 0.5417 0.0110
vn -0.8585 0.5128 -0.0108
vn -0.8406 0.5416 -0.0109
vn -0.8994 0.4371 -0.0108
vn -0.8019 0.5974 0.0109
vn -0.8218 0.5696 -0.0108
vn -0.8021 0.5971 -0.0112
s 1
f 1//1 2//1 3//1
f 2//2 4//2 3//2
f 2//3 5//3 4//3
f 3//4 4//4 6//4
f 5//5 7//5 4//5
f 7//6 8//6 4//6
f 7//7 9//7 8//7
f 4//8 8//8 6//8
f 5//9 10//9 7//9
f 10//10 11//10 7//10
f 10//11 12//11 11//11
f 7//12 11//12 9//12
f 6//13 8//13 13//13
f 8//14 14//14 13//14
f 8//15 9//15 14//15
f 13//16 14//16 15//16
f 16//17 17//18 18//19
f 17//18 19//20 18//19
f 17//21 20//21 19//21
f 18//19 19//20 21//20
f 20//21 22//21 19//21
f 22//21 23//21 19//21
f 22//21 24//21 23//21
f 19//20 23//20 21//20
f 20//22 25//22 22//22
f 25//22 26//22 22//22
f 25//23 27//23 26//23
f 22//22 26//22 24//22
f 21//20 23//20 28//20
f 23//20 29//20 28//20
f 23//21 24//21 29//21
f 28//20 29//20 30//20
f 1//24 31//24 32//24
f 31//25 33//25 32//25
f 31//26 34//26 33//26
f 32//27 33//27 35//27
f 34//28 36//28 33//28
f 36//29 37//29 33//29
f 36//30 38//30 37//30
f 33//31 37//31 35//31
f 34//32 39//32 36//32
f 39//33 40//33 36//33
f 39//34 41//34 40//34
f 36//35 40//35 38//35
f 35//36 37//36 42//36
f 37//37 43//37 42//37
f 37//38 38//38 43//38
f 42//39 43//39 27//39
f 12//40 44//40 45//40
f 44//41 46//41 45//41
f 44//42 47//42 46//42
f 45//43 46//43 48//43
f 47//44 49//44 46//44
f 49//45 50//45 46//45
f 49//46 20//46 50//46
f 46//47 50//47 48//47
f 47//48 51//48 49//48
f 51//49 25//49 49//49
f 51//50 27//50 25//50
f 49//51 25//51 20//51
f 48//52 50//52 52//52
f 50//53 17//53 52//53
f 50//54 20//54 17//54
f 52//55 17//55 16//55
f 12//56 10//56 44//56
f 10//57 53//57 44//57
f 10//58 5//58 53//58
f 44//59 53//59 47//59
f 5//60 54//60 53//60
f 54//61 55//61 53//61
f 54//62 35//62 55//62
f 53//63 55//63 47//63
f 5//64 2//64 54//64
f 2//65 32//65 54//65
f 2//66 1//66 32//66
f 54//67 32//67 35//67
f 47//68 55//68 51//68
f 55//69 42//69 51//69
f 55//70 35//70 42//70
f 51//71 42//71 27//71
f 56//72 57//73 58//74
f 57//75 59//75 58//75
f 57//76 60//77 59//78
f 58//79 59//79 61//79
f 60//80 62//80 59//80
f 62//81 63//81 59//81
f 62//82 38//82 63//82
f 59//83 63//83 61//83
f 60//84 64//85 62//86
f 64//87 43//87 62//87
f 64//88 27//89 43//90
f 62//91 43//91 38//91
f 61//92 63//92 65//92
f 63//93 40//93 65//93
f 63//94 38//94 40//94
f 65//95 40//95 41//95
f 66//96 67//96 68//96
f 67//97 69//97 68//97
f 67//98 70//98 69//98
f 68//99 69//99 71//99
f 70//100 72//100 69//100
f 72//101 73//101 69//101
f 72//102 74//102 73//102
f 69//103 73//103 71//103
f 70//104 75//104 72//104
f 75//105 76//105 72//105
f 75//106 77//106 76//106
f 72//107 76//107 74//107
f 71//108 73//108 78//108
f 73//109 79//109 78//109
f 73//110 74//110 79//110
f 78//111 79//111 80//111
f 66//112 81//112 82//112
f 81//113 83//114 82//115
f 81//113 84//116 83//114
f 82//115 83//114 85//117
f 84//118 86//119 83//120
f 86//119 87//121 83//120
f 86//122 88//123 87//124
f 83//120 87//121 85//125
f 84//118 89//126 86//119
f 89//127 90//128 86//122
f 89//127 56//129 90//128
f 86//122 90//128 88//123
f 85//125 87//121 91//130
f 87//124 92//131 91//132
f 87//124 88//123 92//131
f 91//132 92//131 93//133
f 66//134 68//134 81//134
f 68//135 94//135 81//135
f 68//136 71//136 94//136
f 81//137 94//137 84//137
f 71//138 95//138 94//138
f 95//139 96//139 94//139
f 95//140 97//140 96//140
f 94//141 96//141 84//141
f 71//142 78//142 95//142
f 78//143 98//143 95//143
f 78//144 80//144 98//144
f 95//145 98//145 97//145
f 84//146 96//146 89//146
f 96//147 99//147 89//147
f 96//148 97//148 99//148
f 89//149 99//149 56//149
f 56//150 100//151 90//152
f 100//151 101//153 90//152
f 100//154 102//155 101//156
f 90//152 101//153 88//157
f 102//155 103//158 101//156
f 103//158 104//159 101//156
f 103//158 105//160 104//159
f 101//153 104//161 88//157
f 102//162 106//163 103//164
f 106//163 107//165 103//164
f 106//166 108//166 107//166
f 103//164 107//165 105//167
f 88//157 104//161 92//168
f 104//161 109//169 92//168
f 104//159 105//160 109//170
f 92//168 109//169 93//171
f 108//172 106//172 110//172
f 106//173 111//174 110//175
f 106//173 102//176 111//174
f 110//177 111//177 112//177
f 102//178 113//179 111//180
f 113//181 114//182 111//183
f 113//184 61//185 114//186
f 111//183 114//182 112//187
f 102//178 100//188 113//179
f 100//189 58//190 113//191
f 100//189 56//192 58//190
f 113//184 58//193 61//185
f 112//194 114//194 115//194
f 114//195 65//196 115//197
f 114//195 61//198 65//196
f 115//199 65//199 41//199
f 116//200 117//200 118//200
f 117//201 119//201 118//201
f 117//202 120//202 119//202
f 118//203 119//203 121//203
f 120//204 122//204 119//204
f 122//205 123//205 119//205
f 122//206 124//206 123//206
f 119//207 123//207 121//207
f 120//208 125//208 122//208
f 125//209 126//209 122//209
f 125//210 80//210 126//210
f 122//211 126//211 124//211
f 121//212 123//212 127//212
f 123//213 128//213 127//213
f 123//214 124//214 128//214
f 127//215 128//215 129//215
f 80//216 79//216 126//216
f 79//217 130//217 126//217
f 79//218 74//218 130//218
f 126//219 130//219 124//219
f 74//220 131//220 130//220
f 131//221 132//221 130//221
f 131//222 133//222 132//222
f 130//223 132//223 124//223
f 74//224 76//224 131//224
f 76//225 134//225 131//225
f 76//226 77//226 134//226
f 131//227 134//227 133//227
f 124//228 132//228 128//228
f 132//229 135//229 128//229
f 132//230 133//230 135//230
f 128//231 135//231 129//231
f 27//232 136//232 26//232
f 136//233 137//233 26//234
f 136//233 138//235 137//233
f 26//234 137//233 24//235
f 138//236 139//236 137//237
f 139//236 140//238 137//237
f 139//239 141//240 140//241
f 137//237 140//238 24//242
f 138//236 142//236 139//236
f 142//239 143//239 139//239
f 142//239 144//239 143//239
f 139//239 143//239 141//240
f 24//242 140//238 29//243
f 140//241 145//239 29//244
f 140//241 141//240 145//239
f 29//244 145//239 30//241
f 144//245 142//245 146//245
f 142//246 147//246 146//246
f 142//247 138//247 147//247
f 146//248 147//248 148//248
f 138//249 149//249 147//249
f 149//250 150//250 147//250
f 149//251 60//251 150//251
f 147//252 150//252 148//252
f 138//253 136//253 149//253
f 136//254 64//254 149//254
f 136//255 27//89 64//88
f 149//256 64//85 60//84
f 148//257 150//257 151//257
f 150//258 57//258 151//258
f 150//259 60//77 57//76
f 151//260 57//73 56//72
f 129//261 152//261 153//262
f 152//261 154//263 153//262
f 152//264 155//265 154//266
f 153//262 154//263 156//263
f 155//265 157//264 154//266
f 157//264 158//264 154//266
f 157//264 159//267 158//264
f 154//263 158//262 156//263
f 155//268 160//268 157//268
f 160//268 161//269 157//268
f 160//270 162//270 161//270
f 157//268 161//269 159//271
f 156//263 158//262 163//261
f 158//262 164//261 163//261
f 158//264 159//267 164//272
f 163//261 164//261 165//263
f 162//273 160//273 166//273
f 160//274 167//275 166//276
f 160//274 155//277 167//275
f 166//278 167//278 168//278
f 155//279 169//279 167//280
f 169//281 170//282 167//283
f 169//284 171//284 170//285
f 167//283 170//282 168//286
f 155//279 152//287 169//279
f 152//288 172//289 169//290
f 152//288 129//291 172//289
f 169//284 172//292 171//284
f 168//293 170//293 173//293
f 170//294 174//295 173//296
f 170//294 171//297 174//295
f 173//298 174//299 175//300
f 176//301 177//302 178//303
f 177//304 179//305 178//306
f 177//304 180//307 179//305
f 178//308 179//308 181//308
f 180//309 182//310 179//311
f 182//312 183//313 179//313
f 182//314 133//315 183//316
f 179//313 183//313 181//317
f 180//309 184//318 182//310
f 184//319 135//320 182//321
f 184//319 129//322 135//320
f 182//314 135//323 133//315
f 181//324 183//324 185//324
f 183//325 134//326 185//327
f 183//325 133//328 134//326
f 185//329 134//329 77//329
f 129//322 184//319 172//330
f 184//319 186//331 172//330
f 184//318 180//309 186//332
f 172//333 186//334 171//334
f 180//309 187//335 186//332
f 187//336 188//336 186//337
f 187//336 189//338 188//336
f 186//334 188//339 171//334
f 180//307 177//304 187//340
f 177//304 190//341 187//340
f 177//302 176//301 190//342
f 187//343 190//343 189//343
f 171//344 188//345 174//346
f 188//345 191//347 174//346
f 188//348 189//348 191//348
f 174//299 191//349 175//300
f 56//350 192//350 151//350
f 192//351 193//351 151//351
f 192//352 194//352 193//352
f 151//353 193//353 148//353
f 194//354 195//354 193//354
f 195//355 196//355 193//355
f 195//356 197//356 196//356
f 193//357 196//357 148//357
f 194//358 198//358 195//358
f 198//359 199//359 195//359
f 198//360 116//360 199//360
f 195//361 199//361 197//361
f 148//362 196//362 146//362
f 196//363 200//363 146//363
f 196//364 197//364 200//364
f 146//365 200//365 144//365
f 80//366 125//366 98//366
f 125//367 201//367 98//367
f 125//368 120//368 201//368
f 98//369 201//369 97//369
f 120//370 202//370 201//370
f 202//371 203//371 201//371
f 202//372 194//372 203//372
f 201//373 203//373 97//373
f 120//374 117//374 202//374
f 117//375 198//375 202//375
f 117//376 116//376 198//376
f 202//377 198//377 194//377
f 97//378 203//378 99//378
f 203//379 192//379 99//379
f 203//380 194//380 192//380
f 99//381 192//381 56//381
f 162//382 166//382 204//382
f 166//382 205//383 204//382
f 166//384 168//385 205//386
f 204//382 205//383 206//387
f 168//385 207//388 205//386
f 207//388 208//389 205//386
f 207//388 209//390 208//389
f 205//383 208//391 206//387
f 168//392 173//393 207//394
f 173//393 210//395 207//394
f 173//396 175//396 210//396
f 207//394 210//395 209//397
f 206//387 208//391 211//398
f 208//391 212//399 211//398
f 208//389 209//390 212//400
f 211//398 212//399 213//401
f 165//402 214//403 215//404
f 214//403 216//404 215//404
f 214//405 217//405 216//406
f 215//404 216//404 218//403
f 217//405 219//407 216//406
f 219//407 220//407 216//406
f 219//407 221//408 220//407
f 216//404 220//403 218//403
f 217//409 222//410 219//411
f 222//410 223//412 219//411
f 222//413 213//413 223//414
f 219//411 223//412 221//415
f 218//403 220//403 224//416
f 220//403 225//416 224//416
f 220//407 221//408 225//408
f 224//416 225//416 226//416
f 165//402 164//417 214//403
f 164//418 227//419 214//405
f 164//418 159//420 227//419
f 214//405 227//419 217//405
f 159//421 228//422 227//423
f 228//422 229//423 227//423
f 228//424 206//425 229//426
f 227//423 229//423 217//409
f 159//421 161//427 228//422
f 161//428 204//429 228//424
f 161//428 162//430 204//429
f 228//424 204//429 206//425
f 217//409 229//423 222//410
f 229//426 211//431 222//413
f 229//426 206//425 211//431
f 222//413 211//431 213//413
f 230//432 231//432 232//432
f 231//433 233//433 232//434
f 231//433 234//435 233//433
f 232//436 233//436 235//436
f 234//437 236//438 233//437
f 236//439 237//439 233//439
f 236//440 238//441 237//441
f 233//439 237//439 235//439
f 234//437 239//437 236//438
f 239//442 240//443 236//443
f 239//442 129//444 240//443
f 236//440 240//445 238//441
f 235//446 237//446 241//446
f 237//447 242//448 241//447
f 237//447 238//447 242//448
f 241//449 242//449 243//449
f 243//450 244//450 245//450
f 244//451 246//451 245//451
f 244//451 247//451 246//451
f 245//452 246//452 248//452
f 247//453 249//454 246//453
f 249//455 250//455 246//455
f 249//456 251//456 250//456
f 246//455 250//455 248//457
f 247//453 252//458 249//454
f 252//459 253//460 249//459
f 252//459 144//461 253//460
f 249//456 253//456 251//456
f 248//462 250//462 254//462
f 250//463 255//464 254//463
f 250//463 251//465 255//464
f 254//466 255//466 256//466
f 257//467 258//467 259//467
f 258//468 260//468 259//468
f 258//469 261//469 260//469
f 259//470 260//470 262//470
f 261//471 263//471 260//471
f 263//472 264//472 260//472
f 263//473 248//473 264//473
f 260//474 264//474 262//474
f 261//475 265//475 263//475
f 265//476 245//476 263//476
f 265//477 243//477 245//477
f 263//478 245//478 248//478
f 262//479 264//479 266//479
f 264//480 254//480 266//480
f 264//481 248//481 254//481
f 266//482 254//482 256//482
f 257//483 267//483 258//483
f 267//484 268//484 258//484
f 267//485 269//485 268//485
f 258//486 268//486 261//486
f 269//487 270//487 268//487
f 270//488 271//488 268//488
f 270//489 235//489 271//489
f 268//490 271//490 261//490
f 269//491 272//491 270//491
f 272//492 232//492 270//492
f 272//493 230//493 232//493
f 270//494 232//494 235//494
f 261//495 271//495 265//495
f 271//496 241//496 265//496
f 271//497 235//497 241//497
f 265//498 241//498 243//498
f 273//499 274//499 275//499
f 274//500 276//500 275//500
f 274//501 277//501 276//501
f 275//502 276//502 278//502
f 277//503 279//503 276//503
f 279//504 280//504 276//504
f 279//505 85//505 280//505
f 276//506 280//506 278//506
f 277//507 281//507 279//507
f 281//508 82//508 279//508
f 281//509 66//509 82//509
f 279//510 82//510 85//510
f 278//511 280//511 282//511
f 280//512 91//512 282//512
f 280//513 85//513 91//513
f 282//514 91//514 93//514
f 283//515 284//515 285//515
f 284//516 286//517 285//518
f 284//516 287//519 286//517
f 285//518 286//517 288//520
f 287//521 289//522 286//523
f 289//522 290//524 286//523
f 289//525 291//526 290//527
f 286//523 290//524 288//528
f 287//521 292//529 289//522
f 292//530 293//531 289//525
f 292//530 294//532 293//531
f 289//525 293//531 291//526
f 288//528 290//524 295//533
f 290//527 296//534 295//535
f 290//527 291//526 296//534
f 295//535 296//534 297//536
f 66//537 298//538 67//539
f 298//540 299//540 67//540
f 298//541 300//542 299//543
f 67//544 299//544 70//544
f 300//545 301//545 299//545
f 301//546 302//546 299//546
f 301//547 303//547 302//547
f 299//548 302//548 70//548
f 300//549 304//550 301//551
f 304//552 305//552 301//552
f 304//553 306//554 305//555
f 301//556 305//556 303//556
f 70//557 302//557 75//557
f 302//558 307//558 75//558
f 302//559 303//559 307//559
f 75//560 307//560 77//560
f 306//554 304//553 308//561
f 304//562 309//562 308//562
f 304//550 300//549 309//563
f 308//564 309//564 310//564
f 300//565 311//565 309//565
f 311//566 312//566 309//566
f 311//567 313//567 312//567
f 309//568 312//568 310//568
f 300//542 298//541 311//569
f 298//570 314//570 311//570
f 298//538 66//537 314//571
f 311//572 314//572 313//572
f 310//573 312//573 315//573
f 312//574 316//574 315//574
f 312//575 313//575 316//575
f 315//576 316//576 317//576
f 317//577 318//577 319//577
f 318//578 320//578 319//578
f 318//579 321//579 320//579
f 319//580 320//580 322//580
f 321//581 323//581 320//581
f 323//582 324//582 320//582
f 323//583 325//583 324//583
f 320//584 324//584 322//584
f 321//585 326//585 323//585
f 326//586 327//586 323//586
f 326//587 297//587 327//587
f 323//588 327//588 325//588
f 322//589 324//589 328//589
f 324//590 329//590 328//590
f 324//591 325//591 329//591
f 328//592 329//592 330//592
f 297//593 326//593 331//593
f 326//594 332//594 331//594
f 326//595 321//595 332//595
f 331//596 332//596 333//596
f 321//597 334//597 332//597
f 334//598 335//598 332//598
f 334//599 313//599 335//599
f 332//600 335//600 333//600
f 321//601 318//601 334//601
f 318//602 316//602 334//602
f 318//603 317//603 316//603
f 334//604 316//604 313//604
f 333//605 335//605 336//605
f 335//606 314//606 336//606
f 335//607 313//607 314//607
f 336//608 314//608 66//608
f 297//609 337//609 327//609
f 337//610 338//610 327//610
f 337//611 339//611 338//611
f 327//612 338//612 325//612
f 339//613 340//613 338//613
f 340//614 341//614 338//614
f 340//615 342//615 341//615
f 338//616 341//616 325//616
f 339//617 343//617 340//617
f 343//618 344//618 340//618
f 343//619 345//619 344//619
f 340//620 344//620 342//620
f 325//621 341//621 329//621
f 341//622 346//622 329//622
f 341//623 342//623 346//623
f 329//624 346//624 330//624
f 345//625 347//626 348//627
f 347//626 349//627 348//627
f 347//628 350//629 349//630
f 348//627 349//627 351//627
f 350//629 352//630 349//630
f 352//630 353//631 349//630
f 352//630 354//631 353//631
f 349//627 353//627 351//627
f 350//632 355//633 352//634
f 355//633 356//634 352//634
f 355//635 294//636 356//637
f 352//634 356//634 354//634
f 351//627 353//627 357//627
f 353//627 358//627 357//627
f 353//631 354//631 358//638
f 357//627 358//627 359//627
f 345//625 343//639 347//626
f 343//640 360//641 347//628
f 343//640 339//642 360//641
f 347//628 360//641 350//629
f 339//643 361//644 360//645
f 361//644 362//646 360//645
f 361//647 291//648 362//649
f 360//645 362//646 350//632
f 339//643 337//650 361//644
f 337//651 296//652 361//647
f 337//651 297//653 296//652
f 361//647 296//652 291//648
f 350//632 362//646 355//633
f 362//649 293//654 355//635
f 362//649 291//648 293//654
f 355//635 293//654 294//636
f 283//655 363//655 364//655
f 363//656 365//657 364//658
f 363//656 366//659 365//657
f 364//660 365//661 367//662
f 366//663 368//664 365//665
f 368//666 369//667 365//661
f 368//666 277//668 369//667
f 365//661 369//667 367//662
f 366//663 370//669 368//664
f 370//670 281//670 368//670
f 370//671 66//671 281//671
f 368//666 281//672 277//668
f 367//673 369//674 371//675
f 369//674 274//676 371//675
f 369//674 277//677 274//676
f 371//678 274//678 273//678
f 283//679 285//679 363//679
f 285//680 372//680 363//680
f 285//681 288//681 372//681
f 363//682 372//682 366//682
f 288//683 373//683 372//683
f 373//684 374//684 372//684
f 373//685 333//685 374//685
f 372//686 374//686 366//686
f 288//687 295//687 373//687
f 295//688 331//688 373//688
f 295//689 297//689 331//689
f 373//690 331//690 333//690
f 366//691 374//691 370//691
f 374//692 336//692 370//692
f 374//693 333//693 336//693
f 370//694 336//694 66//694
f 375//695 376//695 377//695
f 376//695 378//695 377//695
f 376//695 379//695 378//695
f 377//695 378//695 380//695
f 379//695 381//695 378//695
f 381//695 382//695 378//695
f 381//695 383//695 382//695
f 378//695 382//695 380//695
f 379//695 384//695 381//695
f 384//695 385//695 381//695
f 384//695 386//695 385//695
f 381//695 385//695 383//695
f 380//695 382//695 387//695
f 382//695 388//695 387//695
f 382//695 383//695 388//695
f 387//695 388//695 389//695
f 390//695 391//695 392//695
f 391//695 393//695 392//695
f 391//695 394//695 393//695
f 392//695 393//695 395//695
f 394//695 396//695 393//695
f 396//695 397//695 393//695
f 396//695 398//695 397//695
f 393//695 397//695 395//695
f 394//695 399//695 396//695
f 399//695 400//695 396//695
f 399//695 401//695 400//695
f 396//695 400//695 398//695
f 395//695 397//695 402//695
f 397//695 403//695 402//695
f 397//695 398//695 403//695
f 402//695 403//695 404//695
f 390//695 405//695 391//695
f 405//695 406//695 391//695
f 405//695 407//695 406//695
f 391//695 406//695 394//695
f 407//695 408//695 406//695
f 408//695 409//695 406//695
f 408//695 410//695 409//695
f 406//695 409//695 394//695
f 407//695 411//695 408//695
f 411//695 412//695 408//695
f 411//695 413//695 412//695
f 408//695 412//695 410//695
f 394//695 409//695 399//695
f 409//695 414//695 399//695
f 409//695 410//695 414//695
f 399//695 414//695 401//695
f 404//695 403//695 415//695
f 403//695 416//695 415//695
f 403//695 398//695 416//695
f 415//695 416//695 417//695
f 398//695 418//695 416//695
f 418//695 419//695 416//695
f 418//695 410//695 419//695
f 416//695 419//695 417//695
f 398//695 400//695 418//695
f 400//695 414//695 418//695
f 400//695 401//695 414//695
f 418//695 414//695 410//695
f 417//695 419//695 420//695
f 419//695 412//695 420//695
f 419//695 410//695 412//695
f 420//695 412//695 413//695
f 375//695 377//695 421//695
f 377//695 422//695 421//695
f 377//695 380//695 422//695
f 421//695 422//695 423//695
f 380//695 424//695 422//695
f 424//695 425//695 422//695
f 424//695 426//695 425//695
f 422//695 425//695 423//695
f 380//695 387//695 424//695
f 387//695 427//695 424//695
f 387//695 389//695 427//695
f 424//695 427//695 426//695
f 423//695 425//695 428//695
f 425//695 429//695 428//695
f 425//695 426//695 429//695
f 428//695 429//695 430//695
f 390//695 431//695 432//695
f 431//695 433//695 432//695
f 431//695 434//695 433//695
f 432//695 433//695 435//695
f 434//695 436//695 433//695
f 436//695 437//695 433//695
f 436//695 438//695 437//695
f 433//695 437//695 435//695
f 434//695 439//695 436//695
f 439//695 440//695 436//695
f 439//695 375//695 440//695
f 436//695 440//695 438//695
f 435//695 437//695 441//695
f 437//695 442//695 441//695
f 437//695 438//695 442//695
f 441//695 442//695 443//695
f 404//695 415//695 444//695
f 415//695 445//695 444//695
f 415//695 417//695 445//695
f 444//695 445//695 446//695
f 417//695 447//695 445//695
f 447//695 448//695 445//695
f 447//695 449//695 448//695
f 445//695 448//695 446//695
f 417//695 420//695 447//695
f 420//695 450//695 447//695
f 420//695 413//695 450//695
f 447//695 450//695 449//695
f 446//695 448//695 451//695
f 448//695 452//695 451//695
f 448//695 449//695 452//695
f 451//695 452//695 443//695
f 404//695 444//695 453//695
f 444//695 454//695 453//695
f 444//695 446//695 454//695
f 453//695 454//695 455//695
f 446//695 456//695 454//695
f 456//695 457//695 454//695
f 456//695 458//695 457//695
f 454//695 457//695 455//695
f 446//695 451//695 456//695
f 451//695 459//695 456//695
f 451//695 443//695 459//695
f 456//695 459//695 458//695
f 455//695 457//695 460//695
f 457//695 461//695 460//695
f 457//695 458//695 461//695
f 460//695 461//695 386//695
f 390//695 432//695 405//695
f 432//695 462//695 405//695
f 432//695 435//695 462//695
f 405//695 462//695 407//695
f 435//695 463//695 462//695
f 463//695 464//695 462//695
f 463//695 449//695 464//695
f 462//695 464//695 407//695
f 435//695 441//695 463//695
f 441//695 452//695 463//695
f 441//695 443//695 452//695
f 463//695 452//695 449//695
f 407//695 464//695 411//695
f 464//695 450//695 411//695
f 464//695 449//695 450//695
f 411//695 450//695 413//695
f 386//695 461//695 465//695
f 461//695 466//695 465//695
f 461//695 458//695 466//695
f 465//695 466//695 467//695
f 458//695 468//695 466//695
f 468//695 469//695 466//695
f 468//695 470//695 469//695
f 466//695 469//695 467//695
f 458//695 459//695 468//695
f 459//695 471//695 468//695
f 459//695 443//695 471//695
f 468//695 471//695 470//695
f 467//695 469//695 472//695
f 469//695 473//695 472//695
f 469//695 470//695 473//695
f 472//695 473//695 430//695
f 386//695 465//695 385//695
f 465//695 474//695 385//695
f 465//695 467//695 474//695
f 385//695 474//695 383//695
f 467//695 475//695 474//695
f 475//695 476//695 474//695
f 475//695 426//695 476//695
f 474//695 476//695 383//695
f 467//695 472//695 475//695
f 472//695 429//695 475//695
f 472//695 430//695 429//695
f 475//695 429//695 426//695
f 383//695 476//695 388//695
f 476//695 427//695 388//695
f 476//695 426//695 427//695
f 388//695 427//695 389//695
f 375//695 421//695 440//695
f 421//695 477//695 440//695
f 421//695 423//695 477//695
f 440//695 477//695 438//695
f 423//695 478//695 477//695
f 478//695 479//695 477//695
f 478//695 470//695 479//695
f 477//695 479//695 438//695
f 423//695 428//695 478//695
f 428//695 473//695 478//695
f 428//695 430//695 473//695
f 478//695 473//695 470//695
f 438//695 479//695 442//695
f 479//695 471//695 442//695
f 479//695 470//695 471//695
f 442//695 471//695 443//695
f 390//696 480//697 431//698
f 480//697 481//699 431//698
f 480//697 482//700 481//699
f 431//698 481//699 434//701
f 482//700 483//702 481//699
f 483//702 484//697 481//699
f 483//702 485//703 484//697
f 481//699 484//697 434//701
f 482//700 486//704 483//702
f 486//704 487//705 483//702
f 486//704 488//704 487//705
f 483//702 487//705 485//703
f 434//701 484//697 439//706
f 484//697 489//707 439//706
f 484//697 485//703 489//707
f 439//706 489//707 375//707
f 375//708 490//709 376//710
f 490//709 491//711 376//710
f 490//709 492//712 491//711
f 376//710 491//711 379//711
f 492//712 493//710 491//711
f 493//710 494//713 491//711
f 493//710 495//710 494//713
f 491//711 494//713 379//711
f 492//712 496//709 493//710
f 496//709 497//709 493//710
f 496//709 498//710 497//709
f 493//710 497//709 495//710
f 379//711 494//713 384//714
f 494//713 499//712 384//714
f 494//713 495//710 499//712
f 384//714 499//712 386//710
f 488//709 500//715 501//709
f 500//715 502//709 501//709
f 500//715 503//709 502//709
f 501//709 502//709 504//709
f 503//709 505//716 502//709
f 505//716 506//711 502//709
f 505//716 507//709 506//711
f 502//709 506//711 504//709
f 503//709 508//712 505//716
f 508//712 509//709 505//716
f 508//712 510//710 509//709
f 505//716 509//709 507//709
f 504//709 506//711 511//709
f 506//711 512//712 511//709
f 506//711 507//709 512//712
f 511//709 512//712 513//717
f 510//710 514//709 509//709
f 514//709 515//712 509//709
f 514//709 516//712 515//712
f 509//709 515//712 507//709
f 516//712 517//715 515//712
f 517//715 518//710 515//712
f 517//715 519//718 518//710
f 515//712 518//710 507//709
f 516//712 520//719 517//715
f 520//719 521//709 517//715
f 520//719 522//710 521//709
f 517//715 521//709 519//718
f 507//709 518//710 512//712
f 518//710 523//715 512//712
f 518//710 519//718 523//715
f 512//712 523//715 513//717
f 386//710 499//712 524//709
f 499//712 525//712 524//709
f 499//712 495//710 525//712
f 524//709 525//712 526//720
f 495//710 527//712 525//712
f 527//712 528//712 525//712
f 527//712 529//712 528//712
f 525//712 528//712 526//720
f 495//710 497//709 527//712
f 497//709 530//709 527//712
f 497//709 498//710 530//709
f 527//712 530//709 529//712
f 526//720 528//712 531//712
f 528//712 532//712 531//712
f 528//712 529//712 532//712
f 531//712 532//712 533//717
f 488//709 534//721 535//715
f 534//721 536//709 535//715
f 534//721 537//709 536//709
f 535//715 536//709 538//710
f 537//709 539//710 536//709
f 539//710 540//722 536//709
f 539//710 541//709 540//722
f 536//709 540//722 538//710
f 537//709 542//709 539//710
f 542//709 543//709 539//710
f 542//709 544//710 543//709
f 539//710 543//709 541//709
f 538//710 540//722 545//712
f 540//722 546//712 545//712
f 540//722 541//709 546//712
f 545//712 546//712 547//712
f 488//709 548//712 534//721
f 548//712 549//708 534//721
f 548//712 550//709 549//708
f 534//721 549//708 537//709
f 550//709 551//712 549//708
f 551//712 552//708 549//708
f 551//712 553//709 552//708
f 549//708 552//708 537//709
f 550//709 554//720 551//712
f 554//720 555//711 551//712
f 554//720 522//710 555//711
f 551//712 555//711 553//709
f 537//709 552//708 542//709
f 552//708 556//709 542//709
f 552//708 553//709 556//709
f 542//709 556//709 544//710
f 375//708 489//712 557//723
f 489//712 558//709 557//723
f 489//712 485//708 558//709
f 557//723 558//709 559//710
f 485//708 560//722 558//709
f 560//722 561//712 558//709
f 560//722 538//710 561//712
f 558//709 561//712 559//710
f 485//708 487//710 560//722
f 487//710 535//715 560//722
f 487//710 488//709 535//715
f 560//722 535//715 538//710
f 559//710 561//712 562//710
f 561//712 545//712 562//710
f 561//712 538//710 545//712
f 562//710 545//712 547//712
f 386//710 524//709 563//724
f 524//709 564//718 563//724
f 524//709 526//720 564//718
f 563//724 564//718 565//718
f 526//720 566//725 564//718
f 566//725 567//709 564//718
f 566//725 568//724 567//709
f 564//718 567//709 565//718
f 526//720 531//712 566//725
f 531//712 569//709 566//725
f 531//712 533//717 569//709
f 566//725 569//709 568//724
f 565//718 567//709 570//712
f 567//709 571//709 570//712
f 567//709 568//724 571//709
f 570//712 571//709 572//726
f 375//708 573//727 574//712
f 573//727 575//712 574//712
f 573//727 576//727 575//712
f 574//712 575//712 577//724
f 576//727 578//712 575//712
f 578//712 579//719 575//712
f 578//712 568//724 579//719
f 575//712 579//719 577//724
f 576//727 580//712 578//712
f 580//712 571//709 578//712
f 580//712 572//726 571//709
f 578//712 571//709 568//724
f 577//724 579//719 581//709
f 579//719 569//709 581//709
f 579//719 568//724 569//709
f 581//709 569//709 533//717
f 386//710 582//710 583//719
f 582//710 584//709 583//719
f 582//710 585//712 584//709
f 583//719 584//709 586//724
f 585//712 587//712 584//709
f 587//712 588//712 584//709
f 587//712 589//709 588//712
f 584//709 588//712 586//724
f 585//712 590//712 587//712
f 590//712 591//710 587//712
f 590//712 547//712 591//710
f 587//712 591//710 589//709
f 586//724 588//712 592//724
f 588//712 593//710 592//724
f 588//712 589//709 593//710
f 592//724 593//710 510//710
f 510//710 593//710 594//712
f 593//710 595//728 594//712
f 593//710 589//709 595//728
f 594//712 595//728 596//710
f 589//709 597//709 595//728
f 597//709 598//728 595//728
f 597//709 541//709 598//728
f 595//728 598//728 596//710
f 589//709 591//710 597//709
f 591//710 546//712 597//709
f 591//710 547//712 546//712
f 597//709 546//712 541//709
f 596//710 598//728 599//724
f 598//728 543//709 599//724
f 598//728 541//709 543//709
f 599//724 543//709 544//710
f 488//709 501//709 548//712
f 501//709 600//718 548//712
f 501//709 504//709 600//718
f 548//712 600//718 550//709
f 504//709 601//715 600//718
f 601//715 602//718 600//718
f 601//715 519//718 602//718
f 600//718 602//718 550//709
f 504//709 511//709 601//715
f 511//709 523//715 601//715
f 511//709 513//717 523//715
f 601//715 523//715 519//718
f 550//709 602//718 554//720
f 602//718 521//709 554//720
f 602//718 519//718 521//709
f 554//720 521//709 522//710
f 510//710 594//712 514//709
f 594//712 603//709 514//709
f 594//712 596//710 603//709
f 514//709 603//709 516//712
f 596//710 604//709 603//709
f 604//709 605//712 603//709
f 604//709 553//709 605//712
f 603//709 605//712 516//712
f 596//710 599//724 604//709
f 599//724 556//709 604//709
f 599//724 544//710 556//709
f 604//709 556//709 553//709
f 516//712 605//712 520//719
f 605//712 555//711 520//719
f 605//712 553//709 555//711
f 520//719 555//711 522//710
f 375//708 557//723 573//727
f 557//723 606//709 573//727
f 557//723 559//710 606//709
f 573//727 606//709 576//727
f 559//710 607//718 606//709
f 607//718 608//718 606//709
f 607//718 609//712 608//718
f 606//709 608//718 576//727
f 559//710 562//710 607//718
f 562//710 610//712 607//718
f 562//710 547//712 610//712
f 607//718 610//712 609//712
f 576//727 608//718 580//712
f 608//718 611//712 580//712
f 608//718 609//712 611//712
f 580//712 611//712 572//726
f 375//708 574//712 490//709
f 574//712 612//712 490//709
f 574//712 577//724 612//712
f 490//709 612//712 492//712
f 577//724 613//712 612//712
f 613//712 614//729 612//712
f 613//712 529//712 614//729
f 612//712 614//729 492//712
f 577//724 581//709 613//712
f 581//709 532//712 613//712
f 581//709 533//717 532//712
f 613//712 532//712 529//712
f 492//712 614//729 496//709
f 614//729 530//709 496//709
f 614//729 529//712 530//709
f 496//709 530//709 498//710
f 386//710 563//724 582//710
f 563//724 615//710 582//710
f 563//724 565//718 615//710
f 582//710 615//710 585//712
f 565//718 616//712 615//710
f 616//712 617//708 615//710
f 616//712 609//712 617//708
f 615//710 617//708 585//712
f 565//718 570//712 616//712
f 570//712 611//712 616//712
f 570//712 572//726 611//712
f 616//712 611//712 609//712
f 585//712 617//708 590//712
f 617//708 610//712 590//712
f 617//708 609//712 610//712
f 590//712 610//712 547//712
f 618//730 619//730 620//731
f 619//730 621//730 620//731
f 619//730 622//732 621//730
f 620//731 621//730 623//733
f 622//732 624//730 621//730
f 624//730 625//733 621//730
f 624//730 626//731 625//733
f 621//730 625//733 623//733
f 622//732 627//732 624//730
f 627//732 628//730 624//730
f 627//732 629//730 628//730
f 624//730 628//730 626//731
f 623//733 625//733 630//734
f 625//733 631//730 630//734
f 625//733 626//731 631//730
f 630//734 631//730 632//730
f 629//730 633//734 628//730
f 633//734 634//731 628//730
f 633//734 635//731 634//731
f 628//730 634//731 626//731
f 635//731 636//730 634//731
f 636//730 637//730 634//731
f 636//730 638//735 637//730
f 634//731 637//730 626//731
f 635//731 639//736 636//730
f 639//736 640//730 636//730
f 639//736 641//732 640//730
f 636//730 640//730 638//735
f 626//731 637//730 631//730
f 637//730 642//735 631//730
f 637//730 638//735 642//735
f 631//730 642//735 632//730
f 641//737 643//738 640//739
f 643//738 644//740 640//739
f 643//741 645//742 644//743
f 640//739 644//740 638//744
f 645//742 646//743 644//743
f 646//743 647//745 644//743
f 646//743 648//743 647//745
f 644//740 647//744 638//744
f 645//746 649//747 646//748
f 649//747 650//749 646//748
f 649//750 651//751 650//752
f 646//748 650//749 648//749
f 638//744 647//744 642//753
f 647//744 652//754 642//753
f 647//745 648//743 652//755
f 642//753 652//754 632//756
f 641//737 653//757 643//738
f 653//758 654//759 643//741
f 653//758 655//760 654//759
f 643//741 654//759 645//742
f 655//761 656//762 654//763
f 656//762 657//764 654//763
f 656//765 658//766 657//767
f 654//763 657//764 645//746
f 655//761 659//768 656//762
f 659//769 660//770 656//765
f 659//769 661//771 660//770
f 656//765 660//770 658//766
f 645//746 657//764 649//747
f 657//767 662//772 649//750
f 657//767 658//766 662//772
f 649//750 662//772 651//751
f 663//773 664//774 665//775
f 664//774 666//776 665//775
f 664//777 667//778 666//779
f 665//775 666//776 668//780
f 667//778 669//781 666//779
f 669//781 670//782 666//779
f 669//781 671//783 670//782
f 666//776 670//784 668//780
f 667//785 672//786 669//787
f 672//786 673//788 669//787
f 672//786 661//789 673//788
f 669//790 673//790 671//790
f 668//780 670//784 674//791
f 670//784 675//792 674//791
f 670//793 671//793 675//793
f 674//794 675//794 676//794
f 651//795 677//796 678//797
f 677//798 679//799 678//800
f 677//798 680//801 679//799
f 678//800 679//799 681//802
f 680//803 682//804 679//805
f 682//804 683//806 679//805
f 682//804 684//807 683//806
f 679//808 683//809 681//810
f 680//803 685//811 682//804
f 685//812 686//813 682//814
f 685//812 663//773 686//813
f 682//814 686//813 684//815
f 681//810 683//809 687//816
f 683//806 688//817 687//818
f 683//806 684//807 688//817
f 687//818 688//817 689//819
f 661//820 672//821 660//822
f 672//821 690//823 660//822
f 672//786 667//785 690//824
f 660//822 690//823 658//825
f 667//785 691//826 690//824
f 691//826 692//827 690//824
f 691//826 680//801 692//827
f 690//823 692//828 658//825
f 667//778 664//777 691//829
f 664//777 685//811 691//829
f 664//774 663//773 685//812
f 691//829 685//811 680//803
f 658//825 692//828 662//830
f 692//828 677//796 662//830
f 692//827 680//801 677//798
f 662//830 677//796 651//795
f 676//831 693//832 694//833
f 693//832 695//834 694//833
f 693//832 696//835 695//834
f 694//833 695//834 697//836
f 696//835 698//833 695//834
f 698//833 699//837 695//834
f 698//833 700//838 699//837
f 695//834 699//837 697//836
f 696//835 701//839 698//833
f 701//839 702//837 698//833
f 701//839 703//840 702//837
f 698//833 702//837 700//838
f 697//836 699//837 704//841
f 699//837 705//837 704//841
f 699//837 700//838 705//837
f 704//841 705//837 706//842
f 707//833 708//836 709//843
f 708//836 710//844 709//843
f 708//836 711//845 710//844
f 709//843 710//844 712//845
f 711//845 713//837 710//844
f 713//837 714//837 710//844
f 713//837 700//838 714//837
f 710//844 714//837 712//845
f 711//845 715//846 713//837
f 715//846 705//837 713//837
f 715//846 706//842 705//837
f 713//837 705//837 700//838
f 712//845 714//837 716//847
f 714//837 702//837 716//847
f 714//837 700//838 702//837
f 716//847 702//837 703//840
f 676//831 694//833 674//837
f 694//833 717//838 674//837
f 694//833 697//836 717//838
f 674//837 717//838 668//848
f 697//836 718//836 717//838
f 718//836 719//837 717//838
f 718//836 720//849 719//837
f 717//838 719//837 668//848
f 697//836 704//841 718//836
f 704//841 721//841 718//836
f 704//841 706//842 721//841
f 718//836 721//841 720//849
f 668//848 719//837 665//844
f 719//837 722//850 665//844
f 719//837 720//849 722//850
f 665//844 722//850 663//851
f 723//852 724//836 725//846
f 724//836 726//833 725//846
f 724//836 727//844 726//833
f 725//846 726//833 728//838
f 727//844 729//837 726//833
f 729//837 730//841 726//833
f 729//837 731//836 730//841
f 726//833 730//841 728//838
f 727//844 732//853 729//837
f 732//853 733//838 729//837
f 732//853 734//854 733//838
f 729//837 733//838 731//836
f 728//838 730//841 735//838
f 730//841 736//838 735//838
f 730//841 731//836 736//838
f 735//838 736//838 737//841
f 689//836 688//855 738//833
f 688//855 739//836 738//833
f 688//855 684//838 739//836
f 738//833 739//836 740//833
f 684//838 741//838 739//836
f 741//838 742//836 739//836
f 741//838 743//856 742//836
f 739//836 742//836 740//833
f 684//838 686//857 741//838
f 686//857 744//858 741//838
f 686//857 663//851 744//858
f 741//838 744//858 743//856
f 740//833 742//836 745//859
f 742//836 746//836 745//859
f 742//836 743//856 746//836
f 745//859 746//836 747//846
f 707//833 748//850 708//836
f 748//850 749//841 708//836
f 748//850 750//844 749//841
f 708//836 749//841 711//845
f 750//844 751//837 749//841
f 751//837 752//860 749//841
f 751//837 753//837 752//860
f 749//841 752//860 711//845
f 750//844 754//837 751//837
f 754//837 755//843 751//837
f 754//837 747//846 755//843
f 751//837 755//843 753//837
f 711//845 752//860 715//846
f 752//860 756//861 715//846
f 752//860 753//837 756//861
f 715//846 756//861 706//842
f 663//851 722//850 744//858
f 722//850 757//846 744//858
f 722//850 720//849 757//846
f 744//858 757//846 743//856
f 720//849 758//849 757//846
f 758//849 759//833 757//846
f 758//849 753//837 759//833
f 757//846 759//833 743//856
f 720//849 721//841 758//849
f 721//841 756//861 758//849
f 721//841 706//842 756//861
f 758//849 756//861 753//837
f 743//856 759//833 746//836
f 759//833 755//843 746//836
f 759//833 753//837 755//843
f 746//836 755//843 747//846
f 723//852 760//836 761//862
f 760//836 762//846 761//862
f 760//836 763//846 762//846
f 761//862 762//846 764//863
f 763//846 765//845 762//846
f 765//845 766//846 762//846
f 765//845 767//838 766//846
f 762//846 766//846 764//863
f 763//846 768//838 765//845
f 768//838 769//845 765//845
f 768//838 770//833 769//845
f 765//845 769//845 767//838
f 764//863 766//846 771//864
f 766//846 772//859 771//864
f 766//846 767//838 772//859
f 771//864 772//859 703//840
f 676//831 773//865 693//832
f 773//865 774//866 693//832
f 773//865 775//867 774//866
f 693//832 774//868 696//835
f 775//869 776//870 774//868
f 776//870 777//871 774//868
f 776//872 764//872 777//873
f 774//868 777//871 696//835
f 775//869 778//874 776//870
f 778//874 761//862 776//870
f 778//874 723//852 761//862
f 776//872 761//875 764//872
f 696//835 777//876 701//839
f 777//870 771//864 701//839
f 777//870 764//863 771//864
f 701//839 771//864 703//840
f 723//852 779//836 760//836
f 779//836 780//836 760//836
f 779//836 781//836 780//836
f 760//836 780//836 763//846
f 781//836 782//844 780//836
f 782//844 783//877 780//836
f 782//844 784//854 783//877
f 780//836 783//877 763//846
f 781//836 785//836 782//844
f 785//836 786//836 782//844
f 785//836 787//836 786//836
f 782//844 786//836 784//854
f 763//846 783//877 768//838
f 783//877 788//845 768//838
f 783//877 784//854 788//845
f 768//838 788//845 770//833
f 787//836 789//846 786//836
f 789//846 790//860 786//836
f 789//846 791//850 790//860
f 786//836 790//860 784//854
f 791//850 792//836 790//860
f 792//836 793//834 790//860
f 792//836 794//841 793//834
f 790//860 793//834 784//854
f 791//850 795//837 792//836
f 795//837 796//847 792//836
f 795//837 707//833 796//847
f 792//836 796//847 794//841
f 784//854 793//834 788//845
f 793//834 797//878 788//845
f 793//834 794//841 797//878
f 788//845 797//878 770//833
f 723//852 798//845 779//836
f 798//845 799//846 779//836
f 798//845 800//879 799//846
f 779//836 799//846 781//836
f 800//879 801//833 799//846
f 801//833 802//845 799//846
f 801//833 803//859 802//845
f 799//846 802//845 781//836
f 800//879 804//847 801//833
f 804//847 805//833 801//833
f 804//847 806//837 805//833
f 801//833 805//833 803//859
f 781//836 802//845 785//836
f 802//845 807//877 785//836
f 802//845 803//859 807//877
f 785//836 807//877 787//836
f 734//854 808//841 733//838
f 808//841 809//834 733//838
f 808//841 810//877 809//834
f 733//838 809//834 731//836
f 810//877 811//847 809//834
f 811//847 812//838 809//834
f 811//847 813//841 812//838
f 809//834 812//838 731//836
f 810//877 814//880 811//847
f 814//880 815//838 811//847
f 814//880 806//837 815//838
f 811//847 815//838 813//841
f 731//836 812//838 736//838
f 812//838 816//845 736//838
f 812//838 813//841 816//845
f 736//838 816//845 737//841
f 734//854 817//833 808//841
f 817//833 818//841 808//841
f 817//833 819//841 818//841
f 808//841 818//841 810//877
f 819//841 820//841 818//841
f 820//841 821//836 818//841
f 820//841 803//859 821//836
f 818//841 821//836 810//877
f 819//841 822//836 820//841
f 822//836 807//877 820//841
f 822//836 787//836 807//877
f 820//841 807//877 803//859
f 810//877 821//836 814//880
f 821//836 805//833 814//880
f 821//836 803//859 805//833
f 814//880 805//833 806//837
f 689//836 823//836 824//834
f 823//836 825//858 824//834
f 823//836 826//834 825//858
f 824//834 825//858 827//834
f 826//834 828//834 825//858
f 828//834 829//881 825//858
f 828//834 819//841 829//881
f 825//858 829//881 827//834
f 826//834 830//847 828//834
f 830//847 822//836 828//834
f 830//847 787//836 822//836
f 828//834 822//836 819//841
f 827//834 829//881 831//847
f 829//881 817//833 831//847
f 829//881 819//841 817//833
f 831//847 817//833 734//854
f 723//852 725//846 798//845
f 725//846 832//838 798//845
f 725//846 728//838 832//838
f 798//845 832//838 800//879
f 728//838 833//858 832//838
f 833//858 834//833 832//838
f 833//858 813//841 834//833
f 832//838 834//833 800//879
f 728//838 735//838 833//858
f 735//838 816//845 833//858
f 735//838 737//841 816//845
f 833//858 816//845 813//841
f 800//879 834//833 804//847
f 834//833 815//838 804//847
f 834//833 813//841 815//838
f 804//847 815//838 806//837
f 689//836 835//844 823//836
f 835//844 836//833 823//836
f 835//844 837//838 836//833
f 823//836 836//833 826//834
f 837//838 838//846 836//833
f 838//846 839//838 836//833
f 838//846 791//850 839//838
f 836//833 839//838 826//834
f 837//838 840//846 838//846
f 840//846 795//837 838//846
f 840//846 707//833 795//837
f 838//846 795//837 791//850
f 826//834 839//838 830//847
f 839//838 789//846 830//847
f 839//838 791//850 789//846
f 830//847 789//846 787//836
f 689//836 738//833 835//844
f 738//833 841//849 835//844
f 738//833 740//833 841//849
f 835//844 841//849 837//838
f 740//833 842//844 841//849
f 842//844 843//849 841//849
f 842//844 750//844 843//849
f 841//849 843//849 837//838
f 740//833 745//859 842//844
f 745//859 754//837 842//844
f 745//859 747//846 754//837
f 842//844 754//837 750//844
f 837//838 843//849 840//846
f 843//849 748//850 840//846
f 843//849 750//844 748//850
f 840//846 748//850 707//833
f 770//833 797//878 769//845
f 797//878 844//833 769//845
f 797//878 794//841 844//833
f 769//845 844//833 767//838
f 794//841 845//846 844//833
f 845//846 846//882 844//833
f 845//846 712//845 846//882
f 844//833 846//882 767//838
f 794//841 796//847 845//846
f 796//847 709//843 845//846
f 796//847 707//833 709//843
f 845//846 709//843 712//845
f 767//838 846//882 772//859
f 846//882 716//847 772//859
f 846//882 712//845 716//847
f 772//859 716//847 703//840
f 510//732 847//732 848//730
f 847//732 849//731 848//730
f 847//732 850//731 849//731
f 848//730 849//731 851//732
f 850//731 852//731 849//731
f 852//731 853//732 849//731
f 852//731 854//883 853//732
f 849//731 853//732 851//732
f 850//731 855//731 852//731
f 855//731 856//884 852//731
f 855//731 857//885 856//884
f 852//731 856//884 854//883
f 851//732 853//732 858//886
f 853//732 859//887 858//886
f 853//732 854//883 859//887
f 858//886 859//887 404//887
f 860//731 861//732 862//732
f 861//732 863//732 862//732
f 861//732 864//731 863//732
f 862//732 863//732 865//732
f 864//731 866//732 863//732
f 866//732 867//730 863//732
f 866//732 850//731 867//730
f 863//732 867//730 865//732
f 864//731 868//888 866//732
f 868//888 855//731 866//732
f 868//888 857//885 855//731
f 866//732 855//731 850//731
f 865//732 867//730 869//732
f 867//730 847//732 869//732
f 867//730 850//731 847//732
f 869//732 847//732 510//732
f 510//732 848//730 592//889
f 848//730 870//732 592//889
f 848//730 851//732 870//732
f 592//889 870//732 586//890
f 851//732 871//891 870//732
f 871//891 872//730 870//732
f 871//891 455//732 872//730
f 870//732 872//730 586//890
f 851//732 858//886 871//891
f 858//886 453//892 871//891
f 858//886 404//887 453//892
f 871//891 453//892 455//732
f 586//890 872//730 583//883
f 872//730 460//893 583//883
f 872//730 455//732 460//893
f 583//883 460//893 386//894
f 404//887 859//887 873//895
f 859//887 874//884 873//895
f 859//887 854//883 874//884
f 873//895 874//884 875//896
f 854//883 876//884 874//884
f 876//884 877//730 874//884
f 876//884 878//732 877//730
f 874//884 877//730 875//896
f 854//883 856//884 876//884
f 856//884 879//897 876//884
f 856//884 857//885 879//897
f 876//884 879//897 878//732
f 875//896 877//730 880//730
f 877//730 881//883 880//730
f 877//730 878//732 881//883
f 880//730 881//883 882//898
f 77//899 307//900 883//901
f 307//900 884//902 883//901
f 307//900 303//903 884//902
f 883//901 884//902 885//904
f 303//903 886//901 884//902
f 886//901 887//905 884//902
f 886//901 888//906 887//905
f 884//902 887//905 885//904
f 303//903 305//907 886//901
f 305//907 889//907 886//901
f 305//907 306//908 889//907
f 886//901 889//907 888//906
f 885//904 887//905 890//909
f 887//905 891//910 890//909
f 887//905 888//906 891//910
f 890//909 891//910 892//902
f 893//902 894//909 895//901
f 894//909 896//911 895//901
f 894//909 897//912 896//911
f 895//901 896//911 898//913
f 897//912 899//909 896//911
f 899//909 900//904 896//911
f 899//909 901//903 900//904
f 896//911 900//904 898//913
f 897//912 902//900 899//909
f 902//900 903//911 899//909
f 902//900 892//902 903//911
f 899//909 903//911 901//903
f 898//913 900//904 904//914
f 900//904 905//915 904//914
f 900//904 901//903 905//915
f 904//914 905//915 906//916
f 907//903 908//900 909//914
f 908//900 910//902 909//914
f 908//900 911//917 910//902
f 909//914 910//902 912//918
f 911//917 913//901 910//902
f 913//901 914//919 910//902
f 913//901 915//916 914//919
f 910//902 914//919 912//918
f 911//917 916//902 913//901
f 916//902 917//914 913//901
f 916//902 918//920 917//914
f 913//901 917//914 915//916
f 912//918 914//919 919//903
f 914//919 920//916 919//903
f 914//919 915//916 920//916
f 919//903 920//916 921//902
f 907//903 909//914 922//921
f 909//914 923//922 922//921
f 909//914 912//918 923//922
f 922//921 923//922 924//903
f 912//918 925//923 923//922
f 925//923 926//900 923//922
f 925//923 927//924 926//900
f 923//922 926//900 924//903
f 912//918 919//903 925//923
f 919//903 928//924 925//923
f 919//903 921//902 928//924
f 925//923 928//924 927//924
f 924//903 926//900 929//914
f 926//900 930//925 929//914
f 926//900 927//924 930//925
f 929//914 930//925 931//926
f 317//900 932//927 933//916
f 932//927 934//916 933//916
f 932//927 935//928 934//916
f 933//916 934//916 936//902
f 935//928 937//907 934//916
f 937//907 938//903 934//916
f 937//907 939//903 938//903
f 934//916 938//903 936//902
f 935//928 940//914 937//907
f 940//914 941//902 937//907
f 940//914 931//926 941//902
f 937//907 941//902 939//903
f 936//902 938//903 942//929
f 938//903 943//903 942//929
f 938//903 939//903 943//903
f 942//929 943//903 906//916
f 77//899 883//901 944//923
f 883//901 945//912 944//923
f 883//901 885//904 945//912
f 944//923 945//912 946//923
f 885//904 947//901 945//912
f 947//901 948//911 945//912
f 947//901 897//912 948//911
f 945//912 948//911 946//923
f 885//904 890//909 947//901
f 890//909 902//900 947//901
f 890//909 892//902 902//900
f 947//901 902//900 897//912
f 946//923 948//911 949//923
f 948//911 894//909 949//923
f 948//911 897//912 894//909
f 949//923 894//909 893//902
f 882//916 950//914 951//903
f 950//914 952//916 951//903
f 950//914 953//914 952//916
f 951//903 952//916 954//902
f 953//914 955//903 952//916
f 955//903 956//905 952//916
f 955//903 911//917 956//905
f 952//916 956//905 954//902
f 953//914 957//930 955//903
f 957//930 916//902 955//903
f 957//930 918//920 916//902
f 955//903 916//902 911//917
f 954//902 956//905 958//931
f 956//905 908//900 958//931
f 956//905 911//917 908//900
f 958//931 908//900 907//903
f 893//902 959//932 960//933
f 959//932 961//916 960//933
f 959//932 962//934 961//916
f 960//933 961//916 963//900
f 962//934 964//916 961//916
f 964//916 965//916 961//916
f 964//916 927//924 965//916
f 961//916 965//916 963//900
f 962//934 966//935 964//916
f 966//935 930//925 964//916
f 966//935 931//926 930//925
f 964//916 930//925 927//924
f 963//900 965//916 967//916
f 965//916 928//924 967//916
f 965//916 927//924 928//924
f 967//916 928//924 921//902
f 857//900 968//914 969//900
f 968//914 970//902 969//900
f 968//914 971//902 970//902
f 969//900 970//902 972//936
f 971//902 973//902 970//902
f 973//902 974//905 970//902
f 973//902 915//916 974//905
f 970//902 974//905 972//936
f 971//902 975//916 973//902
f 975//916 920//916 973//902
f 975//916 921//902 920//916
f 973//902 920//916 915//916
f 972//936 974//905 976//902
f 974//905 917//914 976//902
f 974//905 915//916 917//914
f 976//902 917//914 918//920
f 317//900 977//916 932//927
f 977//916 978//916 932//927
f 977//916 979//902 978//916
f 932//927 978//916 935//928
f 979//902 980//902 978//916
f 980//902 981//935 978//916
f 980//902 924//903 981//935
f 978//916 981//935 935//928
f 979//902 982//901 980//902
f 982//901 922//921 980//902
f 982//901 907//903 922//921
f 980//902 922//921 924//903
f 935//928 981//935 940//914
f 981//935 929//914 940//914
f 981//935 924//903 929//914
f 940//914 929//914 931//926
f 857//900 969//900 879//900
f 969//900 983//937 879//900
f 969//900 972//936 983//937
f 879//900 983//937 878//904
f 972//936 984//902 983//937
f 984//902 985//916 983//937
f 984//902 953//914 985//916
f 983//937 985//916 878//904
f 972//936 976//902 984//902
f 976//902 957//930 984//902
f 976//902 918//920 957//930
f 984//902 957//930 953//914
f 878//904 985//916 881//900
f 985//916 950//914 881//900
f 985//916 953//914 950//914
f 881//900 950//914 882//916
f 317//900 986//915 315//935
f 986//915 987//899 315//935
f 986//915 988//938 987//899
f 315//935 987//899 310//936
f 988//938 989//939 987//899
f 989//939 990//902 987//899
f 989//939 888//906 990//902
f 987//899 990//902 310//936
f 988//938 991//940 989//939
f 991//940 891//910 989//939
f 991//940 892//902 891//910
f 989//939 891//910 888//906
f 310//936 990//902 308//920
f 990//902 889//907 308//920
f 990//902 888//906 889//907
f 308//920 889//907 306//908
f 893//902 895//901 959//932
f 895//901 992//902 959//932
f 895//901 898//913 992//902
f 959//932 992//902 962//934
f 898//913 993//902 992//902
f 993//902 994//935 992//902
f 993//902 939//903 994//935
f 992//902 994//935 962//934
f 898//913 904//914 993//902
f 904//914 943//903 993//902
f 904//914 906//916 943//903
f 993//902 943//903 939//903
f 962//934 994//935 966//935
f 994//935 941//902 966//935
f 994//935 939//903 941//902
f 966//935 941//902 931//926
f 317//900 933//916 986//915
f 933//916 995//920 986//915
f 933//916 936//902 995//920
f 986//915 995//920 988//938
f 936//902 996//936 995//920
f 996//936 997//935 995//920
f 996//936 901//903 997//935
f 995//920 997//935 988//938
f 936//902 942//929 996//936
f 942//929 905//915 996//936
f 942//929 906//916 905//915
f 996//936 905//915 901//903
f 988//938 997//935 991//940
f 997//935 903//911 991//940
f 997//935 901//903 903//911
f 991//940 903//911 892//902
f 998//941 999//941 1000//941
f 999//941 1001//941 1000//941
f 999//941 1002//941 1001//941
f 1000//941 1001//941 1003//941
f 1002//941 1004//941 1001//941
f 1004//941 1005//941 1001//941
f 1004//941 1006//941 1005//941
f 1001//941 1005//941 1003//941
f 1002//941 1007//941 1004//941
f 1007//941 1008//941 1004//941
f 1007//941 1009//941 1008//941
f 1004//941 1008//941 1006//941
f 1003//941 1005//941 1010//941
f 1005//941 1011//941 1010//941
f 1005//941 1006//941 1011//941
f 1010//941 1011//941 1012//941
f 1009//941 1013//941 1008//941
f 1013//941 1014//941 1008//941
f 1013//941 1015//941 1014//941
f 1008//941 1014//941 1006//941
f 1015//941 1016//941 1014//941
f 1016//941 1017//941 1014//941
f 1016//941 1018//941 1017//941
f 1014//941 1017//941 1006//941
f 1015//941 1019//941 1016//941
f 1019//941 1020//941 1016//941
f 1019//941 1021//941 1020//941
f 1016//941 1020//941 1018//941
f 1006//941 1017//941 1011//941
f 1017//941 1022//941 1011//941
f 1017//941 1018//941 1022//941
f 1011//941 1022//941 1012//941
f 998//942 1023//943 999//944
f 1023//943 1024//945 999//944
f 1023//943 1025//946 1024//945
f 999//944 1024//945 1002//947
f 1025//946 1026//948 1024//945
f 1026//948 1027//949 1024//945
f 1026//948 1028//950 1027//949
f 1024//945 1027//949 1002//947
f 1025//946 1029//951 1026//948
f 1029//951 1030//952 1026//948
f 1029//951 1031//953 1030//952
f 1026//948 1030//952 1028//950
f 1002//947 1027//949 1007//947
f 1027//949 1032//954 1007//947
f 1027//949 1028//950 1032//954
f 1007//947 1032//954 1009//955
f 998//942 1033//956 1023//943
f 1033//956 1034//957 1023//943
f 1033//956 1035//958 1034//957
f 1023//943 1034//957 1025//946
f 1035//958 1036//959 1034//957
f 1036//959 1037//960 1034//957
f 1036//959 1038//961 1037//960
f 1034//957 1037//960 1025//946
f 1035//958 1039//962 1036//959
f 1039//962 1040//963 1036//959
f 1039//962 1041//964 1040//963
f 1036//959 1040//963 1038//961
f 1025//946 1037//960 1029//951
f 1037//960 1042//965 1029//951
f 1037//960 1038//961 1042//965
f 1029//951 1042//965 1031//953
f 1043//966 1044//967 1045//968
f 1044//967 1046//969 1045//968
f 1044//967 1047//970 1046//969
f 1045//971 1046//972 1048//973
f 1047//970 1049//974 1046//969
f 1049//975 1050//976 1046//972
f 1049//975 1051//977 1050//976
f 1046//972 1050//976 1048//973
f 1047//970 1052//978 1049//974
f 1052//978 1053//979 1049//974
f 1052//978 1041//964 1053//979
f 1049//975 1053//980 1051//977
f 1048//973 1050//976 1054//981
f 1050//976 1055//982 1054//981
f 1050//976 1051//977 1055//982
f 1054//981 1055//982 1056//983
f 1031//984 1057//985 1058//986
f 1057//985 1059//987 1058//986
f 1057//985 1060//988 1059//987
f 1058//986 1059//987 1061//989
f 1060//988 1062//990 1059//987
f 1062//990 1063//991 1059//987
f 1062//990 1064//992 1063//991
f 1059//987 1063//993 1061//989
f 1060//988 1065//994 1062//990
f 1065//994 1066//995 1062//990
f 1065//994 1043//966 1066//995
f 1062//990 1066//995 1064//992
f 1061//989 1063//993 1067//996
f 1063//993 1068//997 1067//996
f 1063//991 1064//992 1068//998
f 1067//996 1068//997 1069//999
f 1041//964 1052//978 1040//963
f 1052//978 1070//1000 1040//963
f 1052//978 1047//970 1070//1000
f 1040//963 1070//1000 1038//961
f 1047//970 1071//1001 1070//1000
f 1071//1001 1072//1002 1070//1000
f 1071//1001 1060//988 1072//1002
f 1070//1000 1072//1002 1038//961
f 1047//970 1044//967 1071//1001
f 1044//967 1065//994 1071//1001
f 1044//967 1043//966 1065//994
f 1071//1001 1065//994 1060//988
f 1038//961 1072//1002 1042//965
f 1072//1002 1057//985 1042//965
f 1072//1002 1060//988 1057//985
f 1042//965 1057//985 1031//984
f 1056//1003 1073//1003 1054//1003
f 1073//1003 1074//1004 1054//1003
f 1073//1003 1075//1005 1074//1004
f 1054//1003 1074//1004 1048//1004
f 1075//1005 1076//1005 1074//1004
f 1076//1005 1077//1006 1074//1004
f 1076//1005 1078//1007 1077//1006
f 1074//1004 1077//1006 1048//1004
f 1075//1005 1079//1008 1076//1005
f 1079//1008 1080//1009 1076//1005
f 1079//1008 1081//1010 1080//1009
f 1076//1005 1080//1009 1078//1007
f 1048//1004 1077//1006 1045//1004
f 1077//1006 1082//1007 1045//1004
f 1077//1006 1078//1007 1082//1007
f 1045//1004 1082//1007 1043//1004
f 1069//1011 1068//1004 1083//1005
f 1068//1004 1084//1003 1083//1005
f 1068//1004 1064//1003 1084//1003
f 1083//1005 1084//1003 1085//1012
f 1064//1003 1086//1013 1084//1003
f 1086//1013 1087//1003 1084//1003
f 1086//1013 1088//1013 1087//1003
f 1084//1003 1087//1003 1085//1012
f 1064//1003 1066//1003 1086//1013
f 1066//1003 1089//1004 1086//1013
f 1066//1003 1043//1004 1089//1004
f 1086//1013 1089//1004 1088//1013
f 1085//1012 1087//1003 1090//1004
f 1087//1003 1091//1013 1090//1004
f 1087//1003 1088//1013 1091//1013
f 1090//1004 1091//1013 1092//1011
f 1043//1004 1082//1007 1089//1004
f 1082//1007 1093//1007 1089//1004
f 1082//1007 1078//1007 1093//1007
f 1089//1004 1093//1007 1088//1013
f 1078//1007 1094//1014 1093//1007
f 1094//1014 1095//1003 1093//1007
f 1094//1014 1096//1015 1095//1003
f 1093//1007 1095//1003 1088//1013
f 1078//1007 1080//1009 1094//1014
f 1080//1009 1097//1016 1094//1014
f 1080//1009 1081//1010 1097//1016
f 1094//1014 1097//1016 1096//1015
f 1088//1013 1095//1003 1091//1013
f 1095//1003 1098//1017 1091//1013
f 1095//1003 1096//1015 1098//1017
f 1091//1013 1098//1017 1092//1011
f 1099//1003 1100//1007 1101//1004
f 1100//1007 1102//1018 1101//1004
f 1100//1007 1103//1013 1102//1018
f 1101//1004 1102//1018 1104//1004
f 1103//1013 1105//1007 1102//1018
f 1105//1007 1106//1011 1102//1018
f 1105//1007 1107//1004 1106//1011
f 1102//1018 1106//1011 1104//1004
f 1103//1013 1108//1018 1105//1007
f 1108//1018 1109//1003 1105//1007
f 1108//1018 1110//1003 1109//1003
f 1105//1007 1109//1003 1107//1004
f 1104//1004 1106//1011 1111//1003
f 1106//1011 1112//1004 1111//1003
f 1106//1011 1107//1004 1112//1004
f 1111//1003 1112//1004 1113//1019
f 1114//1003 1115//1011 1116//1017
f 1115//1011 1117//1017 1116//1017
f 1115//1011 1118//1013 1117//1017
f 1116//1017 1117//1017 1119//1003
f 1118//1013 1120//1003 1117//1017
f 1120//1003 1121//1003 1117//1017
f 1120//1003 1096//1015 1121//1003
f 1117//1017 1121//1003 1119//1003
f 1118//1013 1122//1004 1120//1003
f 1122//1004 1098//1017 1120//1003
f 1122//1004 1092//1011 1098//1017
f 1120//1003 1098//1017 1096//1015
f 1119//1003 1121//1003 1123//1007
f 1121//1003 1097//1016 1123//1007
f 1121//1003 1096//1015 1097//1016
f 1123//1007 1097//1016 1081//1010
f 1099//1003 1124//1003 1125//1004
f 1124//1003 1126//1017 1125//1004
f 1124//1003 1127//1012 1126//1017
f 1125//1004 1126//1017 1128//1003
f 1127//1012 1129//1015 1126//1017
f 1129//1015 1130//1019 1126//1017
f 1129//1015 1131//1004 1130//1019
f 1126//1017 1130//1019 1128//1003
f 1127//1012 1132//1011 1129//1015
f 1132//1011 1133//1007 1129//1015
f 1132//1011 1134//1003 1133//1007
f 1129//1015 1133//1007 1131//1004
f 1128//1003 1130//1019 1135//1004
f 1130//1019 1136//1004 1135//1004
f 1130//1019 1131//1004 1136//1004
f 1135//1004 1136//1004 1137//1006
f 1069//1011 1083//1005 1138//1011
f 1083//1005 1139//1004 1138//1011
f 1083//1005 1085//1012 1139//1004
f 1138//1011 1139//1004 1140//1003
f 1085//1012 1141//1004 1139//1004
f 1141//1004 1142//1003 1139//1004
f 1141//1004 1118//1013 1142//1003
f 1139//1004 1142//1003 1140//1003
f 1085//1012 1090//1004 1141//1004
f 1090//1004 1122//1004 1141//1004
f 1090//1004 1092//1011 1122//1004
f 1141//1004 1122//1004 1118//1013
f 1140//1003 1142//1003 1143//1003
f 1142//1003 1115//1011 1143//1003
f 1142//1003 1118//1013 1115//1011
f 1143//1003 1115//1011 1114//1003
f 1099//1003 1101//1004 1124//1003
f 1101//1004 1144//1011 1124//1003
f 1101//1004 1104//1004 1144//1011
f 1124//1003 1144//1011 1127//1012
f 1104//1004 1145//1003 1144//1011
f 1145//1003 1146//1005 1144//1011
f 1145//1003 1147//1020 1146//1005
f 1144//1011 1146//1005 1127//1012
f 1104//1004 1111//1003 1145//1003
f 1111//1003 1148//1007 1145//1003
f 1111//1003 1113//1019 1148//1007
f 1145//1003 1148//1007 1147//1020
f 1127//1012 1146//1005 1132//1011
f 1146//1005 1149//1015 1132//1011
f 1146//1005 1147//1020 1149//1015
f 1132//1011 1149//1015 1134//1003
f 1069//1011 1138//1011 1150//1003
f 1138//1011 1151//1004 1150//1003
f 1138//1011 1140//1003 1151//1004
f 1150//1003 1151//1004 1152//1006
f 1140//1003 1153//1017 1151//1004
f 1153//1017 1154//1004 1151//1004
f 1153//1017 1155//1003 1154//1004
f 1151//1004 1154//1004 1152//1006
f 1140//1003 1143//1003 1153//1017
f 1143//1003 1156//1003 1153//1017
f 1143//1003 1114//1003 1156//1003
f 1153//1017 1156//1003 1155//1003
f 1152//1006 1154//1004 1157//1006
f 1154//1004 1158//1015 1157//1006
f 1154//1004 1155//1003 1158//1015
f 1157//1006 1158//1015 1137//1006
f 1137//1006 1158//1015 1159//1003
f 1158//1015 1160//1003 1159//1003
f 1158//1015 1155//1003 1160//1003
f 1159//1003 1160//1003 1161//1006
f 1155//1003 1162//1004 1160//1003
f 1162//1004 1163//1011 1160//1003
f 1162//1004 1164//1004 1163//1011
f 1160//1003 1163//1011 1161//1006
f 1155//1003 1156//1003 1162//1004
f 1156//1003 1165//1004 1162//1004
f 1156//1003 1114//1003 1165//1004
f 1162//1004 1165//1004 1164//1004
f 1161//1006 1163//1011 1166//1003
f 1163//1011 1167//1004 1166//1003
f 1163//1011 1164//1004 1167//1004
f 1166//1003 1167//1004 1168//1017
f 1110//1003 1169//1015 1109//1003
f 1169//1015 1170//1015 1109//1003
f 1169//1015 1171//1015 1170//1015
f 1109//1003 1170//1015 1107//1004
f 1171//1015 1172//1015 1170//1015
f 1172//1015 1173//1004 1170//1015
f 1172//1015 1147//1020 1173//1004
f 1170//1015 1173//1004 1107//1004
f 1171//1015 1174//1009 1172//1015
f 1174//1009 1149//1015 1172//1015
f 1174//1009 1134//1003 1149//1015
f 1172//1015 1149//1015 1147//1020
f 1107//1004 1173//1004 1112//1004
f 1173//1004 1148//1007 1112//1004
f 1173//1004 1147//1020 1148//1007
f 1112//1004 1148//1007 1113//1019
f 1056//1003 1175//1017 1073//1003
f 1175//1017 1176//1006 1073//1003
f 1175//1017 1177//1006 1176//1006
f 1073//1003 1176//1006 1075//1005
f 1177//1006 1178//1004 1176//1006
f 1178//1004 1179//1011 1176//1006
f 1178//1004 1180//1017 1179//1011
f 1176//1006 1179//1011 1075//1005
f 1177//1006 1181//1004 1178//1004
f 1181//1004 1182//1017 1178//1004
f 1181//1004 1168//1017 1182//1017
f 1178//1004 1182//1017 1180//1017
f 1075//1005 1179//1011 1079//1008
f 1179//1011 1183//1017 1079//1008
f 1179//1011 1180//1017 1183//1017
f 1079//1008 1183//1017 1081//1010
f 1110//1003 1184//1003 1169//1015
f 1184//1003 1185//1004 1169//1015
f 1184//1003 1186//1004 1185//1004
f 1169//1015 1185//1004 1171//1015
f 1186//1004 1187//1021 1185//1004
f 1187//1021 1188//1004 1185//1004
f 1187//1021 1131//1004 1188//1004
f 1185//1004 1188//1004 1171//1015
f 1186//1004 1189//1013 1187//1021
f 1189//1013 1136//1004 1187//1021
f 1189//1013 1137//1006 1136//1004
f 1187//1021 1136//1004 1131//1004
f 1171//1015 1188//1004 1174//1009
f 1188//1004 1133//1007 1174//1009
f 1188//1004 1131//1004 1133//1007
f 1174//1009 1133//1007 1134//1003
f 1069//1011 1150//1003 1190//1003
f 1150//1003 1191//1003 1190//1003
f 1150//1003 1152//1006 1191//1003
f 1190//1003 1191//1003 1192//1003
f 1152//1006 1193//1003 1191//1003
f 1193//1003 1194//1003 1191//1003
f 1193//1003 1186//1004 1194//1003
f 1191//1003 1194//1003 1192//1003
f 1152//1006 1157//1006 1193//1003
f 1157//1006 1189//1013 1193//1003
f 1157//1006 1137//1006 1189//1013
f 1193//1003 1189//1013 1186//1004
f 1192//1003 1194//1003 1195//1003
f 1194//1003 1184//1003 1195//1003
f 1194//1003 1186//1004 1184//1003
f 1195//1003 1184//1003 1110//1003
f 1056//1003 1196//1017 1175//1017
f 1196//1017 1197//1017 1175//1017
f 1196//1017 1198//1017 1197//1017
f 1175//1017 1197//1017 1177//1006
f 1198//1017 1199//1017 1197//1017
f 1199//1017 1200//1022 1197//1017
f 1199//1017 1201//1004 1200//1022
f 1197//1017 1200//1022 1177//1006
f 1198//1017 1202//1017 1199//1017
f 1202//1017 1203//1003 1199//1017
f 1202//1017 1099//1003 1203//1003
f 1199//1017 1203//1003 1201//1004
f 1177//1006 1200//1022 1181//1004
f 1200//1022 1204//1004 1181//1004
f 1200//1022 1201//1004 1204//1004
f 1181//1004 1204//1004 1168//1017
f 1099//1003 1125//1004 1203//1003
f 1125//1004 1205//1023 1203//1003
f 1125//1004 1128//1003 1205//1023
f 1203//1003 1205//1023 1201//1004
f 1128//1003 1206//1022 1205//1023
f 1206//1022 1207//1003 1205//1023
f 1206//1022 1161//1006 1207//1003
f 1205//1023 1207//1003 1201//1004
f 1128//1003 1135//1004 1206//1022
f 1135//1004 1159//1003 1206//1022
f 1135//1004 1137//1006 1159//1003
f 1206//1022 1159//1003 1161//1006
f 1201//1004 1207//1003 1204//1004
f 1207//1003 1166//1003 1204//1004
f 1207//1003 1161//1006 1166//1003
f 1204//1004 1166//1003 1168//1017
f 1168//1017 1167//1004 1182//1017
f 1167//1004 1208//1004 1182//1017
f 1167//1004 1164//1004 1208//1004
f 1182//1017 1208//1004 1180//1017
f 1164//1004 1209//1004 1208//1004
f 1209//1004 1210//1004 1208//1004
f 1209//1004 1119//1003 1210//1004
f 1208//1004 1210//1004 1180//1017
f 1164//1004 1165//1004 1209//1004
f 1165//1004 1116//1017 1209//1004
f 1165//1004 1114//1003 1116//1017
f 1209//1004 1116//1017 1119//1003
f 1180//1017 1210//1004 1183//1017
f 1210//1004 1123//1007 1183//1017
f 1210//1004 1119//1003 1123//1007
f 1183//1017 1123//1007 1081//1010
f 1099//1024 1211//1024 1100//1024
f 1211//1024 1212//1024 1100//1024
f 1211//1024 1213//1024 1212//1024
f 1100//1024 1212//1024 1103//1024
f 1213//1024 1214//1024 1212//1024
f 1214//1024 1215//1024 1212//1024
f 1214//1024 1216//1024 1215//1024
f 1212//1024 1215//1024 1103//1024
f 1213//1024 1217//1024 1214//1024
f 1217//1024 1218//1024 1214//1024
f 1217//1024 1219//1024 1218//1024
f 1214//1024 1218//1024 1216//1024
f 1103//1024 1215//1024 1108//1024
f 1215//1024 1220//1024 1108//1024
f 1215//1024 1216//1024 1220//1024
f 1108//1024 1220//1024 1110//1024
f 1099//1024 1221//1024 1211//1024
f 1221//1024 1222//1024 1211//1024
f 1221//1024 1223//1024 1222//1024
f 1211//1024 1222//1024 1213//1024
f 1223//1024 1224//1024 1222//1024
f 1224//1024 1225//1024 1222//1024
f 1224//1024 1226//1024 1225//1024
f 1222//1024 1225//1024 1213//1024
f 1223//1024 1227//1024 1224//1024
f 1227//1024 1228//1024 1224//1024
f 1227//1024 1229//1024 1228//1024
f 1224//1024 1228//1024 1226//1024
f 1213//1024 1225//1024 1217//1024
f 1225//1024 1230//1024 1217//1024
f 1225//1024 1226//1024 1230//1024
f 1217//1024 1230//1024 1219//1024
f 1231//1024 1232//1024 1233//1024
f 1232//1024 1234//1024 1233//1024
f 1232//1024 1235//1024 1234//1024
f 1233//1024 1234//1024 1236//1024
f 1235//1024 1237//1024 1234//1024
f 1237//1024 1238//1024 1234//1024
f 1237//1024 1226//1024 1238//1024
f 1234//1024 1238//1024 1236//1024
f 1235//1024 1239//1024 1237//1024
f 1239//1024 1230//1024 1237//1024
f 1239//1024 1219//1024 1230//1024
f 1237//1024 1230//1024 1226//1024
f 1236//1024 1238//1024 1240//1024
f 1238//1024 1228//1024 1240//1024
f 1238//1024 1226//1024 1228//1024
f 1240//1024 1228//1024 1229//1024
f 1110//1024 1220//1024 1241//1024
f 1220//1024 1242//1024 1241//1024
f 1220//1024 1216//1024 1242//1024
f 1241//1024 1242//1024 1243//1024
f 1216//1024 1244//1024 1242//1024
f 1244//1024 1245//1024 1242//1024
f 1244//1024 1235//1024 1245//1024
f 1242//1024 1245//1024 1243//1024
f 1216//1024 1218//1024 1244//1024
f 1218//1024 1239//1024 1244//1024
f 1218//1024 1219//1024 1239//1024
f 1244//1024 1239//1024 1235//1024
f 1243//1024 1245//1024 1246//1024
f 1245//1024 1232//1024 1246//1024
f 1245//1024 1235//1024 1232//1024
f 1246//1024 1232//1024 1231//1024
f 1247//1025 1248//1026 1249//1027
f 1248//1026 1250//1028 1249//1027
f 1248//1026 1251//1029 1250//1028
f 1249//1027 1250//1028 1252//1025
f 1251//1029 1253//1028 1250//1028
f 1253//1028 1254//1029 1250//1028
f 1253//1028 1255//1028 1254//1029
f 1250//1028 1254//1029 1252//1025
f 1251//1029 1256//1028 1253//1028
f 1256//1028 1257//1026 1253//1028
f 1256//1028 1258//1030 1257//1026
f 1253//1028 1257//1026 1255//1028
f 1252//1025 1254//1029 1259//1031
f 1254//1029 1260//1028 1259//1031
f 1254//1029 1255//1028 1260//1028
f 1259//1031 1260//1028 1261//1029
f 1258//1030 1262//1027 1257//1026
f 1262//1027 1263//1026 1257//1026
f 1262//1027 1264//1025 1263//1026
f 1257//1026 1263//1026 1255//1028
f 1264//1025 1265//1026 1263//1026
f 1265//1026 1266//1028 1263//1026
f 1265//1026 1267//1028 1266//1028
f 1263//1026 1266//1028 1255//1028
f 1264//1025 1268//1025 1265//1026
f 1268//1025 1269//1025 1265//1026
f 1268//1025 1270//1025 1269//1025
f 1265//1026 1269//1025 1267//1028
f 1255//1028 1266//1028 1260//1028
f 1266//1028 1271//1025 1260//1028
f 1266//1028 1267//1028 1271//1025
f 1260//1028 1271//1025 1261//1029
f 1272//1032 1273//1025 1274//1028
f 1273//1025 1275//1030 1274//1028
f 1273//1025 1276//1030 1275//1030
f 1274//1028 1275//1030 1277//1033
f 1276//1030 1278//1028 1275//1030
f 1278//1028 1279//1032 1275//1030
f 1278//1028 1267//1028 1279//1032
f 1275//1030 1279//1032 1277//1033
f 1276//1030 1280//1029 1278//1028
f 1280//1029 1271//1025 1278//1028
f 1280//1029 1261//1029 1271//1025
f 1278//1028 1271//1025 1267//1028
f 1277//1033 1279//1032 1281//1028
f 1279//1032 1269//1025 1281//1028
f 1279//1032 1267//1028 1269//1025
f 1281//1028 1269//1025 1270//1025
f 1272//1032 1282//1030 1273//1025
f 1282//1030 1283//1025 1273//1025
f 1282//1030 1284//1028 1283//1025
f 1273//1025 1283//1025 1276//1030
f 1284//1028 1285//1028 1283//1025
f 1285//1028 1286//1034 1283//1025
f 1285//1028 1252//1025 1286//1034
f 1283//1025 1286//1034 1276//1030
f 1284//1028 1287//1025 1285//1028
f 1287//1025 1249//1027 1285//1028
f 1287//1025 1247//1025 1249//1027
f 1285//1028 1249//1027 1252//1025
f 1276//1030 1286//1034 1280//1029
f 1286//1034 1259//1031 1280//1029
f 1286//1034 1252//1025 1259//1031
f 1280//1029 1259//1031 1261//1029
f 1288//1035 1289//1036 1290//1037
f 1289//1036 1291//1038 1290//1037
f 1289//1036 1292//1039 1291//1038
f 1290//1037 1291//1038 1293//1040
f 1292//1039 1294//1041 1291//1038
f 1294//1041 1295//1042 1291//1038
f 1294//1041 1296//1042 1295//1042
f 1291//1038 1295//1042 1293//1040
f 1292//1039 1297//1043 1294//1041
f 1297//1043 1298//1044 1294//1041
f 1297//1043 1299//1045 1298//1044
f 1294//1041 1298//1044 1296//1042
f 1293//1040 1295//1042 1300//1046
f 1295//1042 1301//1047 1300//1046
f 1295//1042 1296//1042 1301//1047
f 1300//1046 1301//1047 1302//1041
f 1288//1035 1303//1037 1304//1047
f 1303//1037 1305//1038 1304//1047
f 1303//1037 1306//1048 1305//1038
f 1304//1047 1305//1038 1307//1049
f 1306//1048 1308//1050 1305//1038
f 1308//1050 1309//1051 1305//1038
f 1308//1050 1310//1051 1309//1051
f 1305//1038 1309//1051 1307//1049
f 1306//1048 1311//1052 1308//1050
f 1311//1052 1312//1053 1308//1050
f 1311//1052 1313//1051 1312//1053
f 1308//1050 1312//1053 1310//1051
f 1307//1049 1309//1051 1314//1051
f 1309//1051 1315//1048 1314//1051
f 1309//1051 1310//1051 1315//1048
f 1314//1051 1315//1048 1316//1054
f 1288//1035 1290//1037 1303//1037
f 1290//1037 1317//1055 1303//1037
f 1290//1037 1293//1040 1317//1055
f 1303//1037 1317//1055 1306//1048
f 1293//1040 1318//1055 1317//1055
f 1318//1055 1319//1056 1317//1055
f 1318//1055 1320//1055 1319//1056
f 1317//1055 1319//1056 1306//1048
f 1293//1040 1300//1046 1318//1055
f 1300//1046 1321//1057 1318//1055
f 1300//1046 1302//1041 1321//1057
f 1318//1055 1321//1057 1320//1055
f 1306//1048 1319//1056 1311//1052
f 1319//1056 1322//1058 1311//1052
f 1319//1056 1320//1055 1322//1058
f 1311//1052 1322//1058 1313//1051
f 1258//1056 1323//1059 1262//1060
f 1323//1059 1324//1048 1262//1060
f 1323//1059 1325//1051 1324//1048
f 1262//1060 1324//1048 1264//1048
f 1325//1051 1326//1048 1324//1048
f 1326//1048 1327//1051 1324//1048
f 1326//1048 1328//1040 1327//1051
f 1324//1048 1327//1051 1264//1048
f 1325//1051 1329//1051 1326//1048
f 1329//1051 1330//1057 1326//1048
f 1329//1051 1331//1051 1330//1057
f 1326//1048 1330//1057 1328//1040
f 1264//1048 1327//1051 1268//1045
f 1327//1051 1332//1053 1268//1045
f 1327//1051 1328//1040 1332//1053
f 1268//1045 1332//1053 1270//1057
f 1333//1061 1334//1057 1335//1062
f 1334//1057 1336//1046 1335//1062
f 1334//1057 1337//1046 1336//1046
f 1335//1062 1336//1046 1338//1038
f 1337//1046 1339//1046 1336//1046
f 1339//1046 1340//1057 1336//1046
f 1339//1046 1320//1055 1340//1057
f 1336//1046 1340//1057 1338//1038
f 1337//1046 1341//1046 1339//1046
f 1341//1046 1322//1058 1339//1046
f 1341//1046 1313//1051 1322//1058
f 1339//1046 1322//1058 1320//1055
f 1338//1038 1340//1057 1342//1051
f 1340//1057 1321//1057 1342//1051
f 1340//1057 1320//1055 1321//1057
f 1342//1051 1321//1057 1302//1041
f 1343//1063 1344//1038 1345//1048
f 1344//1038 1346//1055 1345//1048
f 1344//1038 1347//1045 1346//1055
f 1345//1048 1346//1055 1348//1045
f 1347//1045 1349//1064 1346//1055
f 1349//1064 1350//1065 1346//1055
f 1349//1064 1351//1045 1350//1065
f 1346//1055 1350//1065 1348//1045
f 1347//1045 1352//1064 1349//1064
f 1352//1064 1353//1066 1349//1064
f 1352//1064 1354//1067 1353//1066
f 1349//1064 1353//1066 1351//1045
f 1348//1045 1350//1065 1355//1068
f 1350//1065 1356//1057 1355//1068
f 1350//1065 1351//1045 1356//1057
f 1355//1068 1356//1057 1270//1057
f 1270//1057 1356//1057 1357//1054
f 1356//1057 1358//1057 1357//1054
f 1356//1057 1351//1045 1358//1057
f 1357//1054 1358//1057 1359//1057
f 1351//1045 1360//1069 1358//1057
f 1360//1069 1361//1041 1358//1057
f 1360//1069 1362//1057 1361//1041
f 1358//1057 1361//1041 1359//1057
f 1351//1045 1353//1066 1360//1069
f 1353//1066 1363//1057 1360//1069
f 1353//1066 1354//1067 1363//1057
f 1360//1069 1363//1057 1362//1057
f 1359//1057 1361//1041 1364//1057
f 1361//1041 1365//1042 1364//1057
f 1361//1041 1362//1057 1365//1042
f 1364//1057 1365//1042 1299//1045
f 1343//1063 1345//1048 1366//1041
f 1345//1048 1367//1046 1366//1041
f 1345//1048 1348//1045 1367//1046
f 1366//1041 1367//1046 1368//1057
f 1348//1045 1369//1053 1367//1046
f 1369//1053 1370//1057 1367//1046
f 1369//1053 1371//1038 1370//1057
f 1367//1046 1370//1057 1368//1057
f 1348//1045 1355//1068 1369//1053
f 1355//1068 1372//1046 1369//1053
f 1355//1068 1270//1057 1372//1046
f 1369//1053 1372//1046 1371//1038
f 1368//1057 1370//1057 1373//1057
f 1370//1057 1374//1051 1373//1057
f 1370//1057 1371//1038 1374//1051
f 1373//1057 1374//1051 1375//1051
f 1333//1061 1376//1051 1334//1057
f 1376//1051 1377//1057 1334//1057
f 1376//1051 1378//1065 1377//1057
f 1334//1057 1377//1057 1337//1046
f 1378//1065 1379//1046 1377//1057
f 1379//1046 1380//1057 1377//1057
f 1379//1046 1310//1051 1380//1057
f 1377//1057 1380//1057 1337//1046
f 1378//1065 1381//1045 1379//1046
f 1381//1045 1315//1048 1379//1046
f 1381//1045 1316//1054 1315//1048
f 1379//1046 1315//1048 1310//1051
f 1337//1046 1380//1057 1341//1046
f 1380//1057 1312//1053 1341//1046
f 1380//1057 1310//1051 1312//1053
f 1341//1046 1312//1053 1313//1051
f 1375//1051 1382//1038 1383//1070
f 1382//1038 1384//1037 1383//1070
f 1382//1038 1385//1067 1384//1037
f 1383//1070 1384//1037 1386//1045
f 1385//1067 1387//1053 1384//1037
f 1387//1053 1388//1051 1384//1037
f 1387//1053 1325//1051 1388//1051
f 1384//1037 1388//1051 1386//1045
f 1385//1067 1389//1051 1387//1053
f 1389//1051 1329//1051 1387//1053
f 1389//1051 1331//1051 1329//1051
f 1387//1053 1329//1051 1325//1051
f 1386//1045 1388//1051 1390//1045
f 1388//1051 1323//1059 1390//1045
f 1388//1051 1325//1051 1323//1059
f 1390//1045 1323//1059 1258//1056
f 1343//1063 1391//1064 1392//1046
f 1391//1064 1393//1042 1392//1046
f 1391//1064 1394//1041 1393//1042
f 1392//1046 1393//1042 1395//1057
f 1394//1041 1396//1053 1393//1042
f 1396//1053 1397//1048 1393//1042
f 1396//1053 1378//1065 1397//1048
f 1393//1042 1397//1048 1395//1057
f 1394//1041 1398//1071 1396//1053
f 1398//1071 1381//1045 1396//1053
f 1398//1071 1316//1054 1381//1045
f 1396//1053 1381//1045 1378//1065
f 1395//1057 1397//1048 1399//1048
f 1397//1048 1376//1051 1399//1048
f 1397//1048 1378//1065 1376//1051
f 1399//1048 1376//1051 1333//1061
f 1354//1067 1400//1042 1363//1057
f 1400//1042 1401//1048 1363//1057
f 1400//1042 1402//1045 1401//1048
f 1363//1057 1401//1048 1362//1057
f 1402//1045 1403//1038 1401//1048
f 1403//1038 1404//1043 1401//1048
f 1403//1038 1296//1042 1404//1043
f 1401//1048 1404//1043 1362//1057
f 1402//1045 1405//1045 1403//1038
f 1405//1045 1301//1047 1403//1038
f 1405//1045 1302//1041 1301//1047
f 1403//1038 1301//1047 1296//1042
f 1362//1057 1404//1043 1365//1042
f 1404//1043 1298//1044 1365//1042
f 1404//1043 1296//1042 1298//1044
f 1365//1042 1298//1044 1299//1045
f 1375//1051 1374//1051 1382//1038
f 1374//1051 1406//1047 1382//1038
f 1374//1051 1371//1038 1406//1047
f 1382//1038 1406//1047 1385//1067
f 1371//1038 1407//1066 1406//1047
f 1407//1066 1408//1045 1406//1047
f 1407//1066 1328//1040 1408//1045
f 1406//1047 1408//1045 1385//1067
f 1371//1038 1372//1046 1407//1066
f 1372//1046 1332//1053 1407//1066
f 1372//1046 1270//1057 1332//1053
f 1407//1066 1332//1053 1328//1040
f 1385//1067 1408//1045 1389//1051
f 1408//1045 1330//1057 1389//1051
f 1408//1045 1328//1040 1330//1057
f 1389//1051 1330//1057 1331//1051
f 1343//1063 1392//1046 1344//1038
f 1392//1046 1409//1072 1344//1038
f 1392//1046 1395//1057 1409//1072
f 1344//1038 1409//1072 1347//1045
f 1395//1057 1410//1064 1409//1072
f 1410//1064 1411//1045 1409//1072
f 1410//1064 1412//1055 1411//1045
f 1409//1072 1411//1045 1347//1045
f 1395//1057 1399//1048 1410//1064
f 1399//1048 1413//1051 1410//1064
f 1399//1048 1333//1061 1413//1051
f 1410//1064 1413//1051 1412//1055
f 1347//1045 1411//1045 1352//1064
f 1411//1045 1414//1046 1352//1064
f 1411//1045 1412//1055 1414//1046
f 1352//1064 1414//1046 1354//1067
f 1343//1063 1366//1041 1415//1041
f 1366//1041 1416//1041 1415//1041
f 1366//1041 1368//1057 1416//1041
f 1415//1041 1416//1041 1417//1073
f 1368//1057 1418//1048 1416//1041
f 1418//1048 1419//1045 1416//1041
f 1418//1048 1386//1045 1419//1045
f 1416//1041 1419//1045 1417//1073
f 1368//1057 1373//1057 1418//1048
f 1373//1057 1383//1070 1418//1048
f 1373//1057 1375//1051 1383//1070
f 1418//1048 1383//1070 1386//1045
f 1417//1073 1419//1045 1420//1057
f 1419//1045 1390//1045 1420//1057
f 1419//1045 1386//1045 1390//1045
f 1420//1057 1390//1045 1258//1056
f 1258//1056 1421//1045 1420//1057
f 1421//1045 1422//1041 1420//1057
f 1421//1045 1423//1041 1422//1041
f 1420//1057 1422//1041 1417//1073
f 1423//1041 1424//1048 1422//1041
f 1424//1048 1425//1057 1422//1041
f 1424//1048 1394//1041 1425//1057
f 1422//1041 1425//1057 1417//1073
f 1423//1041 1426//1074 1424//1048
f 1426//1074 1398//1071 1424//1048
f 1426//1074 1316//1054 1398//1071
f 1424//1048 1398//1071 1394//1041
f 1417//1073 1425//1057 1415//1041
f 1425//1057 1391//1064 1415//1041
f 1425//1057 1394//1041 1391//1064
f 1415//1041 1391//1064 1343//1063
f 1354//1067 1414//1046 1400//1042
f 1414//1046 1427//1040 1400//1042
f 1414//1046 1412//1055 1427//1040
f 1400//1042 1427//1040 1402//1045
f 1412//1055 1428//1075 1427//1040
f 1428//1075 1429//1064 1427//1040
f 1428//1075 1338//1038 1429//1064
f 1427//1040 1429//1064 1402//1045
f 1412//1055 1413//1051 1428//1075
f 1413//1051 1335//1062 1428//1075
f 1413//1051 1333//1061 1335//1062
f 1428//1075 1335//1062 1338//1038
f 1402//1045 1429//1064 1405//1045
f 1429//1064 1342//1051 1405//1045
f 1429//1064 1338//1038 1342//1051
f 1405//1045 1342//1051 1302//1041
f 1430//1076 1431//1077 1432//1078
f 1431//1077 1433//1079 1432//1078
f 1431//1077 1434//1080 1433//1079
f 1432//1078 1433//1079 1435//1081
f 1434//1080 1436//1082 1433//1079
f 1436//1082 1437//1083 1433//1079
f 1436//1082 1438//1084 1437//1083
f 1433//1079 1437//1083 1435//1081
f 1434//1080 1439//1085 1436//1082
f 1439//1085 1440//1086 1436//1082
f 1439//1085 1441//1087 1440//1086
f 1436//1082 1440//1086 1438//1084
f 1435//1081 1437//1083 1442//1088
f 1437//1083 1443//1089 1442//1088
f 1437//1083 1438//1084 1443//1089
f 1442//1088 1443//1089 1444//1090
f 1445//1091 1446//1091 1447//1092
f 1446//1091 1448//1093 1447//1092
f 1446//1091 1449//1091 1448//1093
f 1447//1092 1448//1093 1450//1094
f 1449//1091 1451//1095 1448//1093
f 1451//1095 1452//1096 1448//1093
f 1451//1095 1434//1080 1452//1096
f 1448//1093 1452//1096 1450//1094
f 1449//1091 1453//1091 1451//1095
f 1453//1091 1439//1085 1451//1095
f 1453//1091 1441//1087 1439//1085
f 1451//1095 1439//1085 1434//1080
f 1450//1094 1452//1096 1454//1097
f 1452//1096 1431//1077 1454//1097
f 1452//1096 1434//1080 1431//1077
f 1454//1097 1431//1077 1430//1076
f 1288//1098 1455//1099 1289//1100
f 1455//1099 1456//1101 1289//1100
f 1455//1099 1457//1102 1456//1101
f 1289//1103 1456//1104 1292//1105
f 1457//1102 1458//1106 1456//1101
f 1458//1107 1459//1108 1456//1104
f 1458//1107 1460//1109 1459//1108
f 1456//1104 1459//1108 1292//1105
f 1457//1102 1461//1110 1458//1106
f 1461//1110 1462//1111 1458//1106
f 1461//1110 1444//1090 1462//1111
f 1458//1107 1462//1112 1460//1109
f 1292//1105 1459//1108 1297//1113
f 1459//1108 1463//1114 1297//1113
f 1459//1108 1460//1109 1463//1114
f 1297//1113 1463//1114 1299//1115
f 1288//1098 1464//1116 1455//1099
f 1464//1117 1465//1118 1455//1099
f 1464//1117 1466//1119 1465//1118
f 1455//1099 1465//1118 1457//1102
f 1466//1120 1467//1121 1465//1122
f 1467//1121 1468//1123 1465//1122
f 1467//1121 1435//1081 1468//1123
f 1465//1118 1468//1124 1457//1102
f 1466//1120 1469//1125 1467//1121
f 1469//1126 1432//1078 1467//1121
f 1469//1126 1430//1127 1432//1078
f 1467//1121 1432//1078 1435//1081
f 1457//1102 1468//1124 1461//1110
f 1468//1124 1442//1088 1461//1110
f 1468//1123 1435//1081 1442//1088
f 1461//1110 1442//1088 1444//1090
f 1288//1098 1304//1128 1464//1116
f 1304//1129 1470//1130 1464//1117
f 1304//1129 1307//1131 1470//1130
f 1464//1117 1470//1130 1466//1119
f 1307//1131 1471//1132 1470//1130
f 1471//1132 1472//1133 1470//1130
f 1471//1132 1473//1134 1472//1133
f 1470//1130 1472//1133 1466//1120
f 1307//1131 1314//1135 1471//1132
f 1314//1135 1474//1136 1471//1132
f 1314//1135 1316//1137 1474//1136
f 1471//1132 1474//1136 1473//1134
f 1466//1120 1472//1133 1469//1125
f 1472//1133 1475//1138 1469//1126
f 1472//1133 1473//1134 1475//1138
f 1469//1126 1475//1138 1430//1127
f 1441//1139 1453//1140 1476//1139
f 1453//1140 1477//1141 1476//1139
f 1453//1140 1449//1139 1477//1141
f 1476//1139 1477//1141 1478//1142
f 1449//1139 1479//1141 1477//1141
f 1479//1141 1480//1143 1477//1141
f 1479//1141 1481//1143 1480//1143
f 1477//1141 1480//1143 1478//1142
f 1449//1139 1446//1139 1479//1141
f 1446//1139 1482//1141 1479//1141
f 1446//1139 1445//1141 1482//1141
f 1479//1141 1482//1141 1481//1143
f 1478//1142 1480//1143 1483//1144
f 1480//1143 1484//1141 1483//1144
f 1480//1143 1481//1143 1484//1141
f 1483//1144 1484//1141 1485//1141
f 1445//1141 1486//1144 1482//1141
f 1486//1144 1487//1143 1482//1141
f 1486//1144 1488//1142 1487//1143
f 1482//1141 1487//1143 1481//1143
f 1488//1142 1489//1141 1487//1143
f 1489//1141 1490//1141 1487//1143
f 1489//1141 1491//1140 1490//1141
f 1487//1143 1490//1141 1481//1143
f 1488//1142 1492//1145 1489//1141
f 1492//1145 1493//1140 1489//1141
f 1492//1145 1494//1139 1493//1140
f 1489//1141 1493//1140 1491//1140
f 1481//1143 1490//1141 1484//1141
f 1490//1141 1495//1141 1484//1141
f 1490//1141 1491//1140 1495//1141
f 1484//1141 1495//1141 1485//1141
f 1231//695 1233//695 1496//695
f 1233//695 1497//695 1496//695
f 1233//695 1236//695 1497//695
f 1496//695 1497//695 1498//695
f 1236//695 1499//695 1497//695
f 1499//695 1500//695 1497//695
f 1499//695 1501//695 1500//695
f 1497//695 1500//695 1498//695
f 1236//695 1240//695 1499//695
f 1240//695 1502//695 1499//695
f 1240//695 1229//695 1502//695
f 1499//695 1502//695 1501//695
f 1498//695 1500//695 1503//695
f 1500//695 1504//695 1503//695
f 1500//695 1501//695 1504//695
f 1503//695 1504//695 1505//695
f 1231//695 1496//695 1506//695
f 1496//695 1507//695 1506//695
f 1496//695 1498//695 1507//695
f 1506//695 1507//695 1508//695
f 1498//695 1509//695 1507//695
f 1509//695 1510//695 1507//695
f 1509//695 1511//695 1510//695
f 1507//695 1510//695 1508//695
f 1498//695 1503//695 1509//695
f 1503//695 1512//695 1509//695
f 1503//695 1505//695 1512//695
f 1509//695 1512//695 1511//695
f 1508//695 1510//695 1513//695
f 1510//695 1514//695 1513//695
f 1510//695 1511//695 1514//695
f 1513//695 1514//695 1515//695
f 1516//695 1517//695 1518//695
f 1517//695 1519//695 1518//695
f 1517//695 1520//695 1519//695
f 1518//695 1519//695 1521//695
f 1520//695 1522//695 1519//695
f 1522//695 1523//695 1519//695
f 1522//695 1524//695 1523//695
f 1519//695 1523//695 1521//695
f 1520//695 1525//695 1522//695
f 1525//695 1526//695 1522//695
f 1525//695 1515//695 1526//695
f 1522//695 1526//695 1524//695
f 1521//695 1523//695 1527//695
f 1523//695 1528//695 1527//695
f 1523//695 1524//695 1528//695
f 1527//695 1528//695 1529//695
f 1229//695 1530//695 1502//695
f 1530//695 1531//695 1502//695
f 1530//695 1532//695 1531//695
f 1502//695 1531//695 1501//695
f 1532//695 1533//695 1531//695
f 1533//695 1534//695 1531//695
f 1533//695 1535//695 1534//695
f 1531//695 1534//695 1501//695
f 1532//695 1536//695 1533//695
f 1536//695 1537//695 1533//695
f 1536//695 1529//695 1537//695
f 1533//695 1537//695 1535//695
f 1501//695 1534//695 1504//695
f 1534//695 1538//695 1504//695
f 1534//695 1535//695 1538//695
f 1504//695 1538//695 1505//695
f 1529//695 1528//695 1537//695
f 1528//695 1539//695 1537//695
f 1528//695 1524//695 1539//695
f 1537//695 1539//695 1535//695
f 1524//695 1540//695 1539//695
f 1540//695 1541//695 1539//695
f 1540//695 1511//695 1541//695
f 1539//695 1541//695 1535//695
f 1524//695 1526//695 1540//695
f 1526//695 1514//695 1540//695
f 1526//695 1515//695 1514//695
f 1540//695 1514//695 1511//695
f 1535//695 1541//695 1538//695
f 1541//695 1512//695 1538//695
f 1541//695 1511//695 1512//695
f 1538//695 1512//695 1505//695
f 1229//695 1542//695 1530//695
f 1542//695 1543//695 1530//695
f 1542//695 1544//695 1543//695
f 1530//695 1543//695 1532//695
f 1544//695 1545//695 1543//695
f 1545//695 1546//695 1543//695
f 1545//695 1547//695 1546//695
f 1543//695 1546//695 1532//695
f 1544//695 1548//695 1545//695
f 1548//695 1549//695 1545//695
f 1548//695 1550//695 1549//695
f 1545//695 1549//695 1547//695
f 1532//695 1546//695 1536//695
f 1546//695 1551//695 1536//695
f 1546//695 1547//695 1551//695
f 1536//695 1551//695 1529//695
f 1516//695 1518//695 1552//695
f 1518//695 1553//695 1552//695
f 1518//695 1521//695 1553//695
f 1552//695 1553//695 1554//695
f 1521//695 1555//695 1553//695
f 1555//695 1556//695 1553//695
f 1555//695 1547//695 1556//695
f 1553//695 1556//695 1554//695
f 1521//695 1527//695 1555//695
f 1527//695 1551//695 1555//695
f 1527//695 1529//695 1551//695
f 1555//695 1551//695 1547//695
f 1554//695 1556//695 1557//695
f 1556//695 1549//695 1557//695
f 1556//695 1547//695 1549//695
f 1557//695 1549//695 1550//695
f 175//695 191//695 1558//695
f 191//695 1559//695 1558//695
f 191//695 189//695 1559//695
f 1558//695 1559//695 1560//695
f 189//695 1561//695 1559//695
f 1561//695 1562//695 1559//695
f 1561//695 1563//695 1562//695
f 1559//695 1562//695 1560//695
f 189//695 190//695 1561//695
f 190//695 1564//695 1561//695
f 190//695 176//695 1564//695
f 1561//695 1564//695 1563//695
f 1560//695 1562//695 1565//695
f 1562//695 1566//695 1565//695
f 1562//695 1563//695 1566//695
f 1565//695 1566//695 893//695
f 176//695 178//695 1564//695
f 178//695 1567//695 1564//695
f 178//695 181//695 1567//695
f 1564//695 1567//695 1563//695
f 181//695 1568//695 1567//695
f 1568//695 1569//695 1567//695
f 1568//695 946//695 1569//695
f 1567//695 1569//695 1563//695
f 181//695 185//695 1568//695
f 185//695 944//695 1568//695
f 185//695 77//695 944//695
f 1568//695 944//695 946//695
f 1563//695 1569//695 1566//695
f 1569//695 949//695 1566//695
f 1569//695 946//695 949//695
f 1566//695 949//695 893//695
f 41//695 1570//695 115//695
f 1570//695 1571//695 115//695
f 1570//695 1572//695 1571//695
f 115//695 1571//695 112//695
f 1572//695 1573//695 1571//695
f 1573//695 1574//695 1571//695
f 1573//695 1575//695 1574//695
f 1571//695 1574//695 112//695
f 1572//695 1576//695 1573//695
f 1576//695 1577//695 1573//695
f 1576//695 1578//695 1577//695
f 1573//695 1577//695 1575//695
f 112//695 1574//695 110//695
f 1574//695 1579//695 110//695
f 1574//695 1575//695 1579//695
f 110//695 1579//695 108//695
f 93//695 109//695 1580//695
f 109//695 1581//695 1580//695
f 109//695 105//695 1581//695
f 1580//695 1581//695 1582//695
f 105//695 1583//695 1581//695
f 1583//695 1584//695 1581//695
f 1583//695 1585//695 1584//695
f 1581//695 1584//695 1582//695
f 105//695 107//695 1583//695
f 107//695 1586//695 1583//695
f 107//695 108//695 1586//695
f 1583//695 1586//695 1585//695
f 1582//695 1584//695 1587//695
f 1584//695 1588//695 1587//695
f 1584//695 1585//695 1588//695
f 1587//695 1588//695 1589//695
f 41//695 1590//695 1570//695
f 1590//695 1591//695 1570//695
f 1590//695 1592//695 1591//695
f 1570//695 1591//695 1572//695
f 1592//695 1593//695 1591//695
f 1593//695 1594//695 1591//695
f 1593//695 1595//695 1594//695
f 1591//695 1594//695 1572//695
f 1592//695 1596//695 1593//695
f 1596//695 1597//695 1593//695
f 1596//695 1598//695 1597//695
f 1593//695 1597//695 1595//695
f 1572//695 1594//695 1576//695
f 1594//695 1599//695 1576//695
f 1594//695 1595//695 1599//695
f 1576//695 1599//695 1578//695
f 108//695 1579//695 1586//695
f 1579//695 1600//695 1586//695
f 1579//695 1575//695 1600//695
f 1586//695 1600//695 1585//695
f 1575//695 1601//695 1600//695
f 1601//695 1602//695 1600//695
f 1601//695 1603//695 1602//695
f 1600//695 1602//695 1585//695
f 1575//695 1577//695 1601//695
f 1577//695 1604//695 1601//695
f 1577//695 1578//695 1604//695
f 1601//695 1604//695 1603//695
f 1585//695 1602//695 1588//695
f 1602//695 1605//695 1588//695
f 1602//695 1603//695 1605//695
f 1588//695 1605//695 1589//695
f 93//695 1580//695 1606//695
f 1580//695 1607//695 1606//695
f 1580//695 1582//695 1607//695
f 1606//695 1607//695 1608//695
f 1582//695 1609//695 1607//695
f 1609//695 1610//695 1607//695
f 1609//695 1611//695 1610//695
f 1607//695 1610//695 1608//695
f 1582//695 1587//695 1609//695
f 1587//695 1612//695 1609//695
f 1587//695 1589//695 1612//695
f 1609//695 1612//695 1611//695
f 1608//695 1610//695 1613//695
f 1610//695 1614//695 1613//695
f 1610//695 1611//695 1614//695
f 1613//695 1614//695 1615//695
f 1598//695 1616//695 1617//695
f 1616//695 1618//695 1617//695
f 1616//695 1619//695 1618//695
f 1617//695 1618//695 1620//695
f 1619//695 1621//695 1618//695
f 1621//695 1622//695 1618//695
f 1621//695 1611//695 1622//695
f 1618//695 1622//695 1620//695
f 1619//695 1623//695 1621//695
f 1623//695 1614//695 1621//695
f 1623//695 1615//695 1614//695
f 1621//695 1614//695 1611//695
f 1620//695 1622//695 1624//695
f 1622//695 1612//695 1624//695
f 1622//695 1611//695 1612//695
f 1624//695 1612//695 1589//695
f 1578//695 1599//695 1604//695
f 1599//695 1625//695 1604//695
f 1599//695 1595//695 1625//695
f 1604//695 1625//695 1603//695
f 1595//695 1626//695 1625//695
f 1626//695 1627//695 1625//695
f 1626//695 1620//695 1627//695
f 1625//695 1627//695 1603//695
f 1595//695 1597//695 1626//695
f 1597//695 1617//695 1626//695
f 1597//695 1598//695 1617//695
f 1626//695 1617//695 1620//695
f 1603//695 1627//695 1605//695
f 1627//695 1624//695 1605//695
f 1627//695 1620//695 1624//695
f 1605//695 1624//695 1589//695
f 1628//1146 1629//1147 1630//1148
f 1629//1147 1631//1149 1630//1148
f 1629//1147 1632//1150 1631//1149
f 1630//1148 1631//1149 1633//1151
f 1632//1150 1634//1152 1631//1149
f 1634//1152 1635//1153 1631//1149
f 1634//1152 1636//1154 1635//1153
f 1631//1149 1635//1153 1633//1151
f 1632//1150 1637//1155 1634//1152
f 1637//1155 1638//1154 1634//1152
f 1637//1155 1639//1148 1638//1154
f 1634//1152 1638//1154 1636//1154
f 1633//1151 1635//1153 1640//1152
f 1635//1153 1641//1146 1640//1152
f 1635//1153 1636//1154 1641//1146
f 1640//1152 1641//1146 1615//1156
f 1628//1146 1630//1148 1642//1157
f 1630//1148 1643//1155 1642//1157
f 1630//1148 1633//1151 1643//1155
f 1642//1157 1643//1155 1644//1151
f 1633//1151 1645//1158 1643//1155
f 1645//1158 1646//1155 1643//1155
f 1645//1158 1619//1154 1646//1155
f 1643//1155 1646//1155 1644//1151
f 1633//1151 1640//1152 1645//1158
f 1640//1152 1623//1152 1645//1158
f 1640//1152 1615//1156 1623//1152
f 1645//1158 1623//1152 1619//1154
f 1644//1151 1646//1155 1647//1154
f 1646//1155 1616//1152 1647//1154
f 1646//1155 1619//1154 1616//1152
f 1647//1154 1616//1152 1598//1152
f 1639//1148 1637//1155 1648//1159
f 1637//1155 1649//1148 1648//1159
f 1637//1155 1632//1150 1649//1148
f 1648//1159 1649//1148 1650//1160
f 1632//1150 1651//1161 1649//1148
f 1651//1161 1652//1151 1649//1148
f 1651//1161 1653//1161 1652//1151
f 1649//1148 1652//1151 1650//1160
f 1632//1150 1629//1147 1651//1161
f 1629//1147 1654//1152 1651//1161
f 1629//1147 1628//1146 1654//1152
f 1651//1161 1654//1152 1653//1161
f 1650//1160 1652//1151 1655//1162
f 1652//1151 1656//1153 1655//1162
f 1652//1151 1653//1161 1656//1153
f 1655//1162 1656//1153 1657//1160
f 1272//1163 1658//1164 1659//1165
f 1658//1164 1660//1166 1659//1165
f 1658//1164 1661//1167 1660//1166
f 1659//1165 1660//1166 1662//1168
f 1661//1167 1663//1169 1660//1166
f 1663//1169 1664//1170 1660//1166
f 1663//1169 1665//1144 1664//1170
f 1660//1166 1664//1170 1662//1168
f 1661//1167 1666//1171 1663//1169
f 1666//1171 1667//1170 1663//1169
f 1666//1171 1668//1164 1667//1170
f 1663//1169 1667//1170 1665//1144
f 1662//1168 1664//1170 1669//1172
f 1664//1170 1670//1141 1669//1172
f 1664//1170 1665//1144 1670//1141
f 1669//1172 1670//1141 1671//1165
f 1639//1166 1672//1139 1673//1143
f 1672//1139 1674//1164 1673//1143
f 1672//1139 1675//1173 1674//1164
f 1673//1143 1674//1164 1676//1139
f 1675//1173 1677//1141 1674//1164
f 1677//1141 1678//1141 1674//1164
f 1677//1141 1665//1144 1678//1141
f 1674//1164 1678//1141 1676//1139
f 1675//1173 1679//1139 1677//1141
f 1679//1139 1670//1141 1677//1141
f 1679//1139 1671//1165 1670//1141
f 1677//1141 1670//1141 1665//1144
f 1676//1139 1678//1141 1680//1141
f 1678//1141 1667//1170 1680//1141
f 1678//1141 1665//1144 1667//1170
f 1680//1141 1667//1170 1668//1164
f 1639//1166 1648//1173 1672//1139
f 1648//1173 1681//1174 1672//1139
f 1648//1173 1650//1163 1681//1174
f 1672//1139 1681//1174 1675//1173
f 1650//1163 1682//1139 1681//1174
f 1682//1139 1683//1175 1681//1174
f 1682//1139 1684//1143 1683//1175
f 1681//1174 1683//1175 1675//1173
f 1650//1163 1655//1163 1682//1139
f 1655//1163 1685//1163 1682//1139
f 1655//1163 1657//1163 1685//1163
f 1682//1139 1685//1163 1684//1143
f 1675//1173 1683//1175 1679//1139
f 1683//1175 1686//1143 1679//1139
f 1683//1175 1684//1143 1686//1143
f 1679//1139 1686//1143 1671//1165
f 1247//695 1687//695 1688//695
f 1687//695 1689//695 1688//695
f 1687//695 1690//695 1689//695
f 1688//695 1689//695 1691//695
f 1690//695 1692//695 1689//695
f 1692//695 1693//695 1689//695
f 1692//695 1694//695 1693//695
f 1689//695 1693//695 1691//695
f 1690//695 1695//695 1692//695
f 1695//695 1696//695 1692//695
f 1695//695 1697//695 1696//695
f 1692//695 1696//695 1694//695
f 1691//695 1693//695 1698//695
f 1693//695 1699//695 1698//695
f 1693//695 1694//695 1699//695
f 1698//695 1699//695 1700//695
f 1701//695 1702//695 1703//695
f 1702//695 1704//695 1703//695
f 1702//695 1705//695 1704//695
f 1703//695 1704//695 1706//695
f 1705//695 1707//695 1704//695
f 1707//695 1708//695 1704//695
f 1707//695 1694//695 1708//695
f 1704//695 1708//695 1706//695
f 1705//695 1709//695 1707//695
f 1709//695 1699//695 1707//695
f 1709//695 1700//695 1699//695
f 1707//695 1699//695 1694//695
f 1706//695 1708//695 1710//695
f 1708//695 1696//695 1710//695
f 1708//695 1694//695 1696//695
f 1710//695 1696//695 1697//695
f 1711//695 1712//695 1713//695
f 1712//695 1714//695 1713//695
f 1712//695 1715//695 1714//695
f 1713//695 1714//695 1716//695
f 1715//695 1717//695 1714//695
f 1717//695 1718//695 1714//695
f 1717//695 1705//695 1718//695
f 1714//695 1718//695 1716//695
f 1715//695 1719//695 1717//695
f 1719//695 1709//695 1717//695
f 1719//695 1700//695 1709//695
f 1717//695 1709//695 1705//695
f 1716//695 1718//695 1720//695
f 1718//695 1702//695 1720//695
f 1718//695 1705//695 1702//695
f 1720//695 1702//695 1701//695
f 1272//695 1721//695 1722//695
f 1721//695 1723//695 1722//695
f 1721//695 1724//695 1723//695
f 1722//695 1723//695 1725//695
f 1724//695 1726//695 1723//695
f 1726//695 1727//695 1723//695
f 1726//695 1706//695 1727//695
f 1723//695 1727//695 1725//695
f 1724//695 1728//695 1726//695
f 1728//695 1703//695 1726//695
f 1728//695 1701//695 1703//695
f 1726//695 1703//695 1706//695
f 1725//695 1727//695 1729//695
f 1727//695 1710//695 1729//695
f 1727//695 1706//695 1710//695
f 1729//695 1710//695 1697//695
f 1272//695 1722//695 1282//695
f 1722//695 1730//695 1282//695
f 1722//695 1725//695 1730//695
f 1282//695 1730//695 1284//695
f 1725//695 1731//695 1730//695
f 1731//695 1732//695 1730//695
f 1731//695 1690//695 1732//695
f 1730//695 1732//695 1284//695
f 1725//695 1729//695 1731//695
f 1729//695 1695//695 1731//695
f 1729//695 1697//695 1695//695
f 1731//695 1695//695 1690//695
f 1284//695 1732//695 1287//695
f 1732//695 1687//695 1287//695
f 1732//695 1690//695 1687//695
f 1287//695 1687//695 1247//695
f 1272//695 1659//695 1721//695
f 1659//695 1733//695 1721//695
f 1659//695 1662//695 1733//695
f 1721//695 1733//695 1724//695
f 1662//695 1734//695 1733//695
f 1734//695 1735//695 1733//695
f 1734//695 1736//695 1735//695
f 1733//695 1735//695 1724//695
f 1662//695 1669//695 1734//695
f 1669//695 1737//695 1734//695
f 1669//695 1671//695 1737//695
f 1734//695 1737//695 1736//695
f 1724//695 1735//695 1728//695
f 1735//695 1738//695 1728//695
f 1735//695 1736//695 1738//695
f 1728//695 1738//695 1701//695
f 1671//695 1739//695 1737//695
f 1739//695 1740//695 1737//695
f 1739//695 1741//695 1740//695
f 1737//695 1740//695 1736//695
f 1741//695 1742//695 1740//695
f 1742//695 1743//695 1740//695
f 1742//695 1716//695 1743//695
f 1740//695 1743//695 1736//695
f 1741//695 1744//695 1742//695
f 1744//695 1713//695 1742//695
f 1744//695 1711//695 1713//695
f 1742//695 1713//695 1716//695
f 1736//695 1743//695 1738//695
f 1743//695 1720//695 1738//695
f 1743//695 1716//695 1720//695
f 1738//695 1720//695 1701//695
f 1745//1176 1746//1177 1747//1177
f 1746//1177 1748//1178 1747//1177
f 1746//1177 1749//1179 1748//1178
f 1747//1177 1748//1178 1750//1180
f 1749//1179 1751//1181 1748//1178
f 1751//1181 1752//1182 1748//1178
f 1751//1181 1753//1183 1752//1182
f 1748//1178 1752//1182 1750//1180
f 1749//1179 1754//1184 1751//1181
f 1754//1184 1755//1185 1751//1181
f 1754//1184 1756//1186 1755//1185
f 1751//1181 1755//1185 1753//1183
f 1750//1180 1752//1182 1757//1187
f 1752//1182 1758//1188 1757//1187
f 1752//1182 1753//1183 1758//1188
f 1757//1187 1758//1188 1759//1189
f 1272//1190 1760//1188 1761//1181
f 1760//1188 1762//1184 1761//1181
f 1760//1188 1763//1191 1762//1184
f 1761//1181 1762//1184 1764//1187
f 1763//1191 1765//1190 1762//1184
f 1765//1190 1766//1192 1762//1184
f 1765//1190 1767//1193 1766//1192
f 1762//1184 1766//1192 1764//1187
f 1763//1191 1768//1194 1765//1190
f 1768//1194 1769//1195 1765//1190
f 1768//1194 1770//1196 1769//1195
f 1765//1190 1769//1195 1767//1193
f 1764//1187 1766//1192 1771//1197
f 1766//1192 1772//1198 1771//1197
f 1766//1192 1767//1193 1772//1198
f 1771//1197 1772//1198 1745//1176
f 1770//1196 1773//1182 1769//1195
f 1773//1182 1774//1199 1769//1195
f 1773//1182 1775//1200 1774//1199
f 1769//1195 1774//1199 1767//1193
f 1775//1200 1776//1201 1774//1199
f 1776//1201 1777//1178 1774//1199
f 1776//1201 1778//1202 1777//1178
f 1774//1199 1777//1178 1767//1193
f 1775//1200 1779//1203 1776//1201
f 1779//1203 1780//1187 1776//1201
f 1779//1203 1781//1204 1780//1187
f 1776//1201 1780//1187 1778//1202
f 1767//1193 1777//1178 1772//1198
f 1777//1178 1782//1179 1772//1198
f 1777//1178 1778//1202 1782//1179
f 1772//1198 1782//1179 1745//1176
f 1272//1190 1274//1205 1760//1188
f 1274//1205 1783//1190 1760//1188
f 1274//1205 1277//1206 1783//1190
f 1760//1188 1783//1190 1763//1191
f 1277//1206 1784//1207 1783//1190
f 1784//1207 1785//1179 1783//1190
f 1784//1207 1786//1179 1785//1179
f 1783//1190 1785//1179 1763//1191
f 1277//1206 1281//1208 1784//1207
f 1281//1208 1787//1209 1784//1207
f 1281//1208 1270//1194 1787//1209
f 1784//1207 1787//1209 1786//1179
f 1763//1191 1785//1179 1768//1194
f 1785//1179 1788//1178 1768//1194
f 1785//1179 1786//1179 1788//1178
f 1768//1194 1788//1178 1770//1196
f 1759//1189 1758//1188 1789//1176
f 1758//1188 1790//1194 1789//1176
f 1758//1188 1753//1183 1790//1194
f 1789//1176 1790//1194 1791//1190
f 1753//1183 1792//1210 1790//1194
f 1792//1210 1793//1184 1790//1194
f 1792//1210 1794//1181 1793//1184
f 1790//1194 1793//1184 1791//1190
f 1753//1183 1755//1185 1792//1210
f 1755//1185 1795//1190 1792//1210
f 1755//1185 1756//1186 1795//1190
f 1792//1210 1795//1190 1794//1181
f 1791//1190 1793//1184 1796//1211
f 1793//1184 1797//1204 1796//1211
f 1793//1184 1794//1181 1797//1204
f 1796//1211 1797//1204 1485//1212
f 1798//1198 1799//1211 1800//1198
f 1799//1211 1801//1191 1800//1198
f 1799//1211 1802//1194 1801//1191
f 1800//1198 1801//1191 1803//1198
f 1802//1194 1804//1213 1801//1191
f 1804//1213 1805//1206 1801//1191
f 1804//1213 1791//1190 1805//1206
f 1801//1191 1805//1206 1803//1198
f 1802//1194 1806//1214 1804//1213
f 1806//1214 1789//1176 1804//1213
f 1806//1214 1759//1189 1789//1176
f 1804//1213 1789//1176 1791//1190
f 1803//1198 1805//1206 1807//1178
f 1805//1206 1796//1211 1807//1178
f 1805//1206 1791//1190 1796//1211
f 1807//1178 1796//1211 1485//1212
f 1745//1176 1747//1177 1808//1179
f 1747//1177 1809//1206 1808//1179
f 1747//1177 1750//1180 1809//1206
f 1808//1179 1809//1206 1810//1198
f 1750//1180 1811//1215 1809//1206
f 1811//1215 1812//1178 1809//1206
f 1811//1215 1813//1198 1812//1178
f 1809//1206 1812//1178 1810//1198
f 1750//1180 1757//1187 1811//1215
f 1757//1187 1814//1215 1811//1215
f 1757//1187 1759//1189 1814//1215
f 1811//1215 1814//1215 1813//1198
f 1810//1198 1812//1178 1815//1202
f 1812//1178 1816//1190 1815//1202
f 1812//1178 1813//1198 1816//1190
f 1815//1202 1816//1190 1817//1187
f 1781//1204 1818//1216 1819//1216
f 1818//1216 1820//1198 1819//1216
f 1818//1216 1821//1217 1820//1198
f 1819//1216 1820//1198 1822//1198
f 1821//1217 1823//1198 1820//1198
f 1823//1198 1824//1214 1820//1198
f 1823//1198 1825//1218 1824//1214
f 1820//1198 1824//1214 1822//1198
f 1821//1217 1826//1219 1823//1198
f 1826//1219 1827//1179 1823//1198
f 1826//1219 1441//1190 1827//1179
f 1823//1198 1827//1179 1825//1218
f 1822//1198 1824//1214 1828//1178
f 1824//1214 1829//1220 1828//1178
f 1824//1214 1825//1218 1829//1220
f 1828//1178 1829//1220 1756//1186
f 1444//1190 1443//1194 1830//1198
f 1443//1194 1831//1201 1830//1198
f 1443//1194 1438//1190 1831//1201
f 1830//1198 1831//1201 1832//1178
f 1438//1190 1833//1178 1831//1201
f 1833//1178 1834//1215 1831//1201
f 1833//1178 1821//1217 1834//1215
f 1831//1201 1834//1215 1832//1178
f 1438//1190 1440//1221 1833//1178
f 1440//1221 1826//1219 1833//1178
f 1440//1221 1441//1190 1826//1219
f 1833//1178 1826//1219 1821//1217
f 1832//1178 1834//1215 1835//1190
f 1834//1215 1818//1216 1835//1190
f 1834//1215 1821//1217 1818//1216
f 1835//1190 1818//1216 1781//1204
f 1668//1222 1836//1223 1837//1206
f 1836//1223 1838//1177 1837//1206
f 1836//1223 1839//1189 1838//1177
f 1837//1206 1838//1177 1840//1224
f 1839//1189 1841//1225 1838//1177
f 1841//1225 1842//1177 1838//1177
f 1841//1225 1843//1226 1842//1177
f 1838//1177 1842//1177 1840//1224
f 1839//1189 1844//1177 1841//1225
f 1844//1177 1845//1209 1841//1225
f 1844//1177 1846//1194 1845//1209
f 1841//1225 1845//1209 1843//1226
f 1840//1224 1842//1177 1847//1227
f 1842//1177 1848//1184 1847//1227
f 1842//1177 1843//1226 1848//1184
f 1847//1227 1848//1184 1849//1187
f 1272//1190 1761//1181 1850//1228
f 1761//1181 1851//1188 1850//1228
f 1761//1181 1764//1187 1851//1188
f 1850//1228 1851//1188 1852//1229
f 1764//1187 1853//1198 1851//1188
f 1853//1198 1854//1190 1851//1188
f 1853//1198 1810//1198 1854//1190
f 1851//1188 1854//1190 1852//1229
f 1764//1187 1771//1197 1853//1198
f 1771//1197 1808//1179 1853//1198
f 1771//1197 1745//1176 1808//1179
f 1853//1198 1808//1179 1810//1198
f 1852//1229 1854//1190 1855//1177
f 1854//1190 1815//1202 1855//1177
f 1854//1190 1810//1198 1815//1202
f 1855//1177 1815//1202 1817//1187
f 1798//1198 1856//1178 1799//1211
f 1856//1178 1857//1227 1799//1211
f 1856//1178 1858//1213 1857//1227
f 1799//1211 1857//1227 1802//1194
f 1858//1213 1859//1230 1857//1227
f 1859//1230 1860//1203 1857//1227
f 1859//1230 1861//1187 1860//1203
f 1857//1227 1860//1203 1802//1194
f 1858//1213 1862//1231 1859//1230
f 1862//1231 1863//1232 1859//1230
f 1862//1231 1846//1194 1863//1232
f 1859//1230 1863//1232 1861//1187
f 1802//1194 1860//1203 1806//1214
f 1860//1203 1864//1233 1806//1214
f 1860//1203 1861//1187 1864//1233
f 1806//1214 1864//1233 1759//1189
f 1798//1198 1865//1191 1856//1178
f 1865//1191 1866//1221 1856//1178
f 1865//1191 1867//1210 1866//1221
f 1856//1178 1866//1221 1858//1213
f 1867//1210 1868//1217 1866//1221
f 1868//1217 1869//1234 1866//1221
f 1868//1217 1843//1226 1869//1234
f 1866//1221 1869//1234 1858//1213
f 1867//1210 1870//1235 1868//1217
f 1870//1235 1848//1184 1868//1217
f 1870//1235 1849//1187 1848//1184
f 1868//1217 1848//1184 1843//1226
f 1858//1213 1869//1234 1862//1231
f 1869//1234 1845//1209 1862//1231
f 1869//1234 1843//1226 1845//1209
f 1862//1231 1845//1209 1846//1194
f 1745//1176 1782//1179 1746//1177
f 1782//1179 1871//1220 1746//1177
f 1782//1179 1778//1202 1871//1220
f 1746//1177 1871//1220 1749//1179
f 1778//1202 1872//1236 1871//1220
f 1872//1236 1873//1232 1871//1220
f 1872//1236 1822//1198 1873//1232
f 1871//1220 1873//1232 1749//1179
f 1778//1202 1780//1187 1872//1236
f 1780//1187 1819//1216 1872//1236
f 1780//1187 1781//1204 1819//1216
f 1872//1236 1819//1216 1822//1198
f 1749//1179 1873//1232 1754//1184
f 1873//1232 1828//1178 1754//1184
f 1873//1232 1822//1198 1828//1178
f 1754//1184 1828//1178 1756//1186
f 1441//1190 1476//1219 1827//1179
f 1476//1219 1874//1198 1827//1179
f 1476//1219 1478//1217 1874//1198
f 1827//1179 1874//1198 1825//1218
f 1478//1217 1875//1237 1874//1198
f 1875//1237 1876//1183 1874//1198
f 1875//1237 1794//1181 1876//1183
f 1874//1198 1876//1183 1825//1218
f 1478//1217 1483//1213 1875//1237
f 1483//1213 1797//1204 1875//1237
f 1483//1213 1485//1212 1797//1204
f 1875//1237 1797//1204 1794//1181
f 1825//1218 1876//1183 1829//1220
f 1876//1183 1795//1190 1829//1220
f 1876//1183 1794//1181 1795//1190
f 1829//1220 1795//1190 1756//1186
f 1272//1190 1850//1228 1658//1181
f 1850//1228 1877//1181 1658//1181
f 1850//1228 1852//1229 1877//1181
f 1658//1181 1877//1181 1661//1211
f 1852//1229 1878//1198 1877//1181
f 1878//1198 1879//1203 1877//1181
f 1878//1198 1880//1202 1879//1203
f 1877//1181 1879//1203 1661//1211
f 1852//1229 1855//1177 1878//1198
f 1855//1177 1881//1214 1878//1198
f 1855//1177 1817//1187 1881//1214
f 1878//1198 1881//1214 1880//1202
f 1661//1211 1879//1203 1666//1190
f 1879//1203 1882//1190 1666//1190
f 1879//1203 1880//1202 1882//1190
f 1666//1190 1882//1190 1668//1222
f 1759//1189 1883//1190 1814//1215
f 1883//1190 1884//1238 1814//1215
f 1883//1190 1885//1189 1884//1238
f 1814//1215 1884//1238 1813//1198
f 1885//1189 1886//1198 1884//1238
f 1886//1198 1887//1219 1884//1238
f 1886//1198 1880//1202 1887//1219
f 1884//1238 1887//1219 1813//1198
f 1885//1189 1888//1237 1886//1198
f 1888//1237 1882//1190 1886//1198
f 1888//1237 1668//1222 1882//1190
f 1886//1198 1882//1190 1880//1202
f 1813//1198 1887//1219 1816//1190
f 1887//1219 1881//1214 1816//1190
f 1887//1219 1880//1202 1881//1214
f 1816//1190 1881//1214 1817//1187
f 1270//1194 1357//1194 1787//1209
f 1357//1194 1889//1199 1787//1209
f 1357//1194 1359//1182 1889//1199
f 1787//1209 1889//1199 1786//1179
f 1359//1182 1890//1182 1889//1199
f 1890//1182 1891//1227 1889//1199
f 1890//1182 1892//1178 1891//1227
f 1889//1199 1891//1227 1786//1179
f 1359//1182 1364//1182 1890//1182
f 1364//1182 1893//1198 1890//1182
f 1364//1182 1299//1201 1893//1198
f 1890//1182 1893//1198 1892//1178
f 1786//1179 1891//1227 1788//1178
f 1891//1227 1894//1192 1788//1178
f 1891//1227 1892//1178 1894//1192
f 1788//1178 1894//1192 1770//1196
f 1759//1189 1864//1233 1883//1190
f 1864//1233 1895//1190 1883//1190
f 1864//1233 1861//1187 1895//1190
f 1883//1190 1895//1190 1885//1189
f 1861//1187 1896//1179 1895//1190
f 1896//1179 1897//1224 1895//1190
f 1896//1179 1839//1189 1897//1224
f 1895//1190 1897//1224 1885//1189
f 1861//1187 1863//1232 1896//1179
f 1863//1232 1844//1177 1896//1179
f 1863//1232 1846//1194 1844//1177
f 1896//1179 1844//1177 1839//1189
f 1885//1189 1897//1224 1888//1237
f 1897//1224 1836//1223 1888//1237
f 1897//1224 1839//1189 1836//1223
f 1888//1237 1836//1223 1668//1222
f 1770//1196 1894//1192 1773//1182
f 1894//1192 1898//1179 1773//1182
f 1894//1192 1892//1178 1898//1179
f 1773//1182 1898//1179 1775//1200
f 1892//1178 1899//1178 1898//1179
f 1899//1178 1900//1199 1898//1179
f 1899//1178 1901//1187 1900//1199
f 1898//1179 1900//1199 1775//1200
f 1892//1178 1893//1198 1899//1178
f 1893//1198 1902//1178 1899//1178
f 1893//1198 1299//1201 1902//1178
f 1899//1178 1902//1178 1901//1187
f 1775//1200 1900//1199 1779//1203
f 1900//1199 1903//1179 1779//1203
f 1900//1199 1901//1187 1903//1179
f 1779//1203 1903//1179 1781//1204
f 1444//1190 1830//1198 1462//1178
f 1830//1198 1904//1204 1462//1178
f 1830//1198 1832//1178 1904//1204
f 1462//1178 1904//1204 1460//1219
f 1832//1178 1905//1190 1904//1204
f 1905//1190 1906//1187 1904//1204
f 1905//1190 1901//1187 1906//1187
f 1904//1204 1906//1187 1460//1219
f 1832//1178 1835//1190 1905//1190
f 1835//1190 1903//1179 1905//1190
f 1835//1190 1781//1204 1903//1179
f 1905//1190 1903//1179 1901//1187
f 1460//1219 1906//1187 1463//1187
f 1906//1187 1902//1178 1463//1187
f 1906//1187 1901//1187 1902//1178
f 1463//1187 1902//1178 1299//1201
f 1907//1239 1908//1240 1909//1241
f 1908//1240 1910//1242 1909//1241
f 1908//1240 1911//1243 1910//1242
f 1909//1241 1910//1242 1912//1240
f 1911//1243 1913//1244 1910//1242
f 1913//1244 1914//1245 1910//1242
f 1913//1244 1915//1246 1914//1245
f 1910//1242 1914//1245 1912//1240
f 1911//1243 1916//1247 1913//1244
f 1916//1247 1917//1248 1913//1244
f 1916//1247 1918//1249 1917//1248
f 1913//1244 1917//1248 1915//1246
f 1912//1240 1914//1245 1919//1240
f 1914//1245 1920//1250 1919//1240
f 1914//1245 1915//1246 1920//1250
f 1919//1240 1920//1250 1615//1251
f 1921//1240 1922//1252 1923//1251
f 1922//1252 1924//1251 1923//1251
f 1922//1252 1925//1241 1924//1251
f 1923//1251 1924//1251 1926//1239
f 1925//1241 1927//1253 1924//1251
f 1927//1253 1928//1254 1924//1251
f 1927//1253 1929//1248 1928//1254
f 1924//1251 1928//1254 1926//1239
f 1925//1241 1930//1255 1927//1253
f 1930//1255 1931//1256 1927//1253
f 1930//1255 1932//1254 1931//1256
f 1927//1253 1931//1256 1929//1248
f 1926//1239 1928//1254 1933//1239
f 1928//1254 1934//1257 1933//1239
f 1928//1254 1929//1248 1934//1257
f 1933//1239 1934//1257 1935//1258
f 283//1259 364//1251 1936//1251
f 364//1251 1937//1260 1936//1251
f 364//1251 367//1261 1937//1260
f 1936//1251 1937//1260 1938//1260
f 367//1261 1939//1256 1937//1260
f 1939//1256 1940//1262 1937//1260
f 1939//1256 1941//1262 1940//1262
f 1937//1260 1940//1262 1938//1260
f 367//1261 371//1262 1939//1256
f 371//1262 1942//1263 1939//1256
f 371//1262 273//1264 1942//1263
f 1939//1256 1942//1263 1941//1262
f 1938//1260 1940//1262 1943//1261
f 1940//1262 1944//1265 1943//1261
f 1940//1262 1941//1262 1944//1265
f 1943//1261 1944//1265 1932//1254
f 93//1251 1606//1266 1945//1267
f 1606//1266 1946//1241 1945//1267
f 1606//1266 1608//1241 1946//1241
f 1945//1267 1946//1241 1947//1261
f 1608//1241 1948//1241 1946//1241
f 1948//1241 1949//1265 1946//1241
f 1948//1241 1950//1253 1949//1265
f 1946//1241 1949//1265 1947//1261
f 1608//1241 1613//1250 1948//1241
f 1613//1250 1951//1264 1948//1241
f 1613//1250 1615//1251 1951//1264
f 1948//1241 1951//1264 1950//1253
f 1947//1261 1949//1265 1952//1268
f 1949//1265 1953//1259 1952//1268
f 1949//1265 1950//1253 1953//1259
f 1952//1268 1953//1259 1954//1268
f 273//1264 1955//1263 1942//1263
f 1955//1263 1956//1256 1942//1263
f 1955//1263 1957//1239 1956//1256
f 1942//1263 1956//1256 1941//1262
f 1957//1239 1958//1261 1956//1256
f 1958//1261 1959//1246 1956//1256
f 1958//1261 1929//1248 1959//1246
f 1956//1256 1959//1246 1941//1262
f 1957//1239 1960//1269 1958//1261
f 1960//1269 1934//1257 1958//1261
f 1960//1269 1935//1258 1934//1257
f 1958//1261 1934//1257 1929//1248
f 1941//1262 1959//1246 1944//1265
f 1959//1246 1931//1256 1944//1265
f 1959//1246 1929//1248 1931//1256
f 1944//1265 1931//1256 1932//1254
f 273//1264 1961//1261 1955//1263
f 1961//1261 1962//1265 1955//1263
f 1961//1261 1963//1258 1962//1265
f 1955//1263 1962//1265 1957//1239
f 1963//1258 1964//1270 1962//1265
f 1964//1270 1965//1271 1962//1265
f 1964//1270 1966//1254 1965//1271
f 1962//1265 1965//1271 1957//1239
f 1963//1258 1967//1262 1964//1270
f 1967//1262 1968//1272 1964//1270
f 1967//1262 1954//1268 1968//1272
f 1964//1270 1968//1272 1966//1254
f 1957//1239 1965//1271 1960//1269
f 1965//1271 1969//1264 1960//1269
f 1965//1271 1966//1254 1969//1264
f 1960//1269 1969//1264 1935//1258
f 1639//1265 1673//1273 1970//1250
f 1673//1273 1971//1261 1970//1250
f 1673//1273 1676//1251 1971//1261
f 1970//1250 1971//1261 1972//1240
f 1676//1251 1973//1261 1971//1261
f 1973//1261 1974//1269 1971//1261
f 1973//1261 1975//1274 1974//1269
f 1971//1261 1974//1269 1972//1240
f 1676//1251 1680//1250 1973//1261
f 1680//1250 1976//1263 1973//1261
f 1680//1250 1668//1239 1976//1263
f 1973//1261 1976//1263 1975//1274
f 1972//1240 1974//1269 1977//1256
f 1974//1269 1978//1275 1977//1256
f 1974//1269 1975//1274 1978//1275
f 1977//1256 1978//1275 1979//1242
f 1935//1258 1980//1262 1981//1253
f 1980//1262 1982//1251 1981//1253
f 1980//1262 1983//1265 1982//1251
f 1981//1253 1982//1251 1984//1276
f 1983//1265 1985//1239 1982//1251
f 1985//1239 1986//1264 1982//1251
f 1985//1239 1987//1259 1986//1264
f 1982//1251 1986//1264 1984//1276
f 1983//1265 1988//1257 1985//1239
f 1988//1257 1989//1246 1985//1239
f 1988//1257 1907//1239 1989//1246
f 1985//1239 1989//1246 1987//1259
f 1984//1276 1986//1264 1990//1258
f 1986//1264 1991//1265 1990//1258
f 1986//1264 1987//1259 1991//1265
f 1990//1258 1991//1265 1979//1242
f 1921//1240 1992//1276 1993//1246
f 1992//1276 1994//1265 1993//1246
f 1992//1276 1995//1244 1994//1265
f 1993//1246 1994//1265 1996//1256
f 1995//1244 1997//1256 1994//1265
f 1997//1256 1998//1276 1994//1265
f 1997//1256 1975//1274 1998//1276
f 1994//1265 1998//1276 1996//1256
f 1995//1244 1999//1243 1997//1256
f 1999//1243 1978//1275 1997//1256
f 1999//1243 1979//1242 1978//1275
f 1997//1256 1978//1275 1975//1274
f 1996//1256 1998//1276 2000//1246
f 1998//1276 1976//1263 2000//1246
f 1998//1276 1975//1274 1976//1263
f 2000//1246 1976//1263 1668//1239
f 1921//1240 1923//1251 1992//1276
f 1923//1251 2001//1252 1992//1276
f 1923//1251 1926//1239 2001//1252
f 1992//1276 2001//1252 1995//1244
f 1926//1239 2002//1252 2001//1252
f 2002//1252 2003//1246 2001//1252
f 2002//1252 1984//1276 2003//1246
f 2001//1252 2003//1246 1995//1244
f 1926//1239 1933//1239 2002//1252
f 1933//1239 1981//1253 2002//1252
f 1933//1239 1935//1258 1981//1253
f 2002//1252 1981//1253 1984//1276
f 1995//1244 2003//1246 1999//1243
f 2003//1246 1990//1258 1999//1243
f 2003//1246 1984//1276 1990//1258
f 1999//1243 1990//1258 1979//1242
f 1935//1258 2004//1261 1980//1262
f 2004//1261 2005//1269 1980//1262
f 2004//1261 2006//1260 2005//1269
f 1980//1262 2005//1269 1983//1265
f 2006//1260 2007//1265 2005//1269
f 2007//1265 2008//1239 2005//1269
f 2007//1265 1911//1243 2008//1239
f 2005//1269 2008//1239 1983//1265
f 2006//1260 2009//1277 2007//1265
f 2009//1277 1916//1247 2007//1265
f 2009//1277 1918//1249 1916//1247
f 2007//1265 1916//1247 1911//1243
f 1983//1265 2008//1239 1988//1257
f 2008//1239 1908//1240 1988//1257
f 2008//1239 1911//1243 1908//1240
f 1988//1257 1908//1240 1907//1239
f 1954//1268 1953//1259 2010//1240
f 1953//1259 2011//1261 2010//1240
f 1953//1259 1950//1253 2011//1261
f 2010//1240 2011//1261 2012//1248
f 1950//1253 2013//1248 2011//1261
f 2013//1248 2014//1278 2011//1261
f 2013//1248 1915//1246 2014//1278
f 2011//1261 2014//1278 2012//1248
f 1950//1253 1951//1264 2013//1248
f 1951//1264 1920//1250 2013//1248
f 1951//1264 1615//1251 1920//1250
f 2013//1248 1920//1250 1915//1246
f 2012//1248 2014//1278 2015//1265
f 2014//1278 1917//1248 2015//1265
f 2014//1278 1915//1246 1917//1248
f 2015//1265 1917//1248 1918//1249
f 1935//1258 1969//1264 2004//1261
f 1969//1264 2016//1262 2004//1261
f 1969//1264 1966//1254 2016//1262
f 2004//1261 2016//1262 2006//1260
f 1966//1254 2017//1279 2016//1262
f 2017//1279 2018//1251 2016//1262
f 2017//1279 2012//1248 2018//1251
f 2016//1262 2018//1251 2006//1260
f 1966//1254 1968//1272 2017//1279
f 1968//1272 2010//1240 2017//1279
f 1968//1272 1954//1268 2010//1240
f 2017//1279 2010//1240 2012//1248
f 2006//1260 2018//1251 2009//1277
f 2018//1251 2015//1265 2009//1277
f 2018//1251 2012//1248 2015//1265
f 2009//1277 2015//1265 1918//1249
f 1615//1251 1641//1279 1919//1240
f 1641//1279 2019//1251 1919//1240
f 1641//1279 1636//1256 2019//1251
f 1919//1240 2019//1251 1912//1240
f 1636//1256 2020//1262 2019//1251
f 2020//1262 2021//1251 2019//1251
f 2020//1262 2022//1280 2021//1251
f 2019//1251 2021//1251 1912//1240
f 1636//1256 1638//1240 2020//1262
f 1638//1240 2023//1255 2020//1262
f 1638//1240 1639//1265 2023//1255
f 2020//1262 2023//1255 2022//1280
f 1912//1240 2021//1251 1909//1241
f 2021//1251 2024//1260 1909//1241
f 2021//1251 2022//1280 2024//1260
f 1909//1241 2024//1260 1907//1239
f 1979//1242 1991//1265 1977//1256
f 1991//1265 2025//1240 1977//1256
f 1991//1265 1987//1259 2025//1240
f 1977//1256 2025//1240 1972//1240
f 1987//1259 2026//1260 2025//1240
f 2026//1260 2027//1240 2025//1240
f 2026//1260 2022//1280 2027//1240
f 2025//1240 2027//1240 1972//1240
f 1987//1259 1989//1246 2026//1260
f 1989//1246 2024//1260 2026//1260
f 1989//1246 1907//1239 2024//1260
f 2026//1260 2024//1260 2022//1280
f 1972//1240 2027//1240 1970//1250
f 2027//1240 2023//1255 1970//1250
f 2027//1240 2022//1280 2023//1255
f 1970//1250 2023//1255 1639//1265
f 93//1251 1945//1267 282//1247
f 1945//1267 2028//1273 282//1247
f 1945//1267 1947//1261 2028//1273
f 282//1247 2028//1273 278//1251
f 1947//1261 2029//1259 2028//1273
f 2029//1259 2030//1261 2028//1273
f 2029//1259 1963//1258 2030//1261
f 2028//1273 2030//1261 278//1251
f 1947//1261 1952//1268 2029//1259
f 1952//1268 1967//1262 2029//1259
f 1952//1268 1954//1268 1967//1262
f 2029//1259 1967//1262 1963//1258
f 278//1251 2030//1261 275//1252
f 2030//1261 1961//1261 275//1252
f 2030//1261 1963//1258 1961//1261
f 275//1252 1961//1261 273//1264
f 2031//1281 2032//1282 2033//1283
f 2032//1284 2034//1285 2033//1286
f 2032//1284 2035//1287 2034//1285
f 2033//1286 2034//1285 2036//1288
f 2035//1289 2037//1290 2034//1291
f 2037//1290 2038//1292 2034//1291
f 2037//1293 351//1294 2038//1295
f 2034//1291 2038//1292 2036//1296
f 2035//1289 2039//1297 2037//1290
f 2039//1298 348//1299 2037//1293
f 2039//1298 345//1298 348//1299
f 2037//1293 348//1299 351//1294
f 2036//1296 2038//1292 2040//1300
f 2038//1295 357//1301 2040//1302
f 2038//1295 351//1294 357//1301
f 2040//1302 357//1301 359//1303
f 2041//1304 2042//1305 2043//1306
f 2042//1305 2044//1307 2043//1306
f 2042//1305 2045//1308 2044//1307
f 2043//1309 2044//1310 2046//1311
f 2045//1308 2047//1312 2044//1307
f 2047//1313 2048//1314 2044//1310
f 2047//1313 2036//1288 2048//1314
f 2044//1310 2048//1314 2046//1311
f 2045//1308 2049//1315 2047//1312
f 2049//1315 2033//1283 2047//1312
f 2049//1315 2031//1281 2033//1283
f 2047//1313 2033//1286 2036//1288
f 2046//1316 2048//1317 2050//1318
f 2048//1317 2040//1300 2050//1318
f 2048//1317 2036//1296 2040//1300
f 2050//1319 2040//1302 359//1303
f 2041//1320 2051//1321 2042//1322
f 2051//1321 2052//1323 2042//1322
f 2051//1324 2053//1325 2052//1326
f 2042//1322 2052//1323 2045//1327
f 2053//1325 2054//1328 2052//1326
f 2054//1328 2055//1329 2052//1326
f 2054//1328 2056//1330 2055//1329
f 2052//1323 2055//1331 2045//1327
f 2053//1332 2057//1333 2054//1334
f 2057//1333 2058//1335 2054//1334
f 2057//1336 2059//1336 2058//1336
f 2054//1334 2058//1335 2056//1337
f 2045//1327 2055//1331 2049//1338
f 2055//1331 2060//1339 2049//1338
f 2055//1329 2056//1330 2060//1340
f 2049//1338 2060//1339 2031//1341
f 345//1342 2061//1343 344//1344
f 2061//1343 2062//1345 344//1344
f 2061//1343 2063//1346 2062//1345
f 344//1344 2062//1345 342//1347
f 2063//1346 2064//1348 2062//1345
f 2064//1348 2065//1349 2062//1345
f 2064//1348 2066//1350 2065//1349
f 2062//1345 2065//1349 342//1347
f 2063//1346 2067//1351 2064//1348
f 2067//1351 2068//1352 2064//1348
f 2067//1351 2069//1353 2068//1352
f 2064//1348 2068//1352 2066//1350
f 342//1347 2065//1349 346//1352
f 2065//1349 2070//1354 346//1352
f 2065//1349 2066//1350 2070//1354
f 346//1352 2070//1354 330//1355
f 907//1354 2071//1356 2072//1357
f 2071//1356 2073//1358 2072//1357
f 2071//1356 2074//1359 2073//1358
f 2072//1357 2073//1358 2075//1358
f 2074//1359 2076//1357 2073//1358
f 2076//1357 2077//1357 2073//1358
f 2076//1357 2078//1360 2077//1357
f 2073//1358 2077//1357 2075//1358
f 2074//1359 2079//1361 2076//1357
f 2079//1361 2080//1362 2076//1357
f 2079//1361 2081//1363 2080//1362
f 2076//1357 2080//1362 2078//1360
f 2075//1358 2077//1357 2082//1364
f 2077//1357 2083//1347 2082//1364
f 2077//1357 2078//1360 2083//1347
f 2082//1364 2083//1347 2084//1355
f 2085//1365 2086//1366 2087//1367
f 2086//1366 2088//1347 2087//1367
f 2086//1366 2089//1351 2088//1347
f 2087//1367 2088//1347 2090//1352
f 2089//1351 2091//1368 2088//1347
f 2091//1368 2092//1351 2088//1347
f 2091//1368 2093//1345 2092//1351
f 2088//1347 2092//1351 2090//1352
f 2089//1351 2094//1360 2091//1368
f 2094//1360 2095//1369 2091//1368
f 2094//1360 2096//1370 2095//1369
f 2091//1368 2095//1369 2093//1345
f 2090//1352 2092//1351 2097//1347
f 2092//1351 2098//1347 2097//1347
f 2092//1351 2093//1345 2098//1347
f 2097//1347 2098//1347 2099//1347
f 2085//1365 2100//1371 2101//1347
f 2100//1371 2102//1347 2101//1347
f 2100//1371 2103//1372 2102//1347
f 2101//1347 2102//1347 2104//1347
f 2103//1372 2105//1373 2102//1347
f 2105//1373 2106//1352 2102//1347
f 2105//1373 2107//1374 2106//1352
f 2102//1347 2106//1352 2104//1347
f 2103//1372 2108//1369 2105//1373
f 2108//1369 2109//1351 2105//1373
f 2108//1369 2110//1357 2109//1351
f 2105//1373 2109//1351 2107//1374
f 2104//1347 2106//1352 2111//1347
f 2106//1352 2112//1347 2111//1347
f 2106//1352 2107//1374 2112//1347
f 2111//1347 2112//1347 2081//1363
f 330//1355 2070//1354 2113//1375
f 2070//1354 2114//1352 2113//1375
f 2070//1354 2066//1350 2114//1352
f 2113//1375 2114//1352 2115//1376
f 2066//1350 2116//1377 2114//1352
f 2116//1377 2117//1378 2114//1352
f 2116//1377 2118//1350 2117//1378
f 2114//1352 2117//1378 2115//1376
f 2066//1350 2068//1352 2116//1377
f 2068//1352 2119//1347 2116//1377
f 2068//1352 2069//1353 2119//1347
f 2116//1377 2119//1347 2118//1350
f 2115//1376 2117//1378 2120//1379
f 2117//1378 2121//1358 2120//1379
f 2117//1378 2118//1350 2121//1358
f 2120//1379 2121//1358 2122//1347
f 2123//1358 2124//1365 2125//1358
f 2124//1365 2126//1352 2125//1358
f 2124//1365 2127//1380 2126//1352
f 2125//1358 2126//1352 2128//1377
f 2127//1380 2129//1380 2126//1352
f 2129//1380 2130//1352 2126//1352
f 2129//1380 2131//1357 2130//1352
f 2126//1352 2130//1352 2128//1377
f 2127//1380 2132//1368 2129//1380
f 2132//1368 2133//1376 2129//1380
f 2132//1368 2134//1371 2133//1376
f 2129//1380 2133//1376 2131//1357
f 2128//1377 2130//1352 2135//1377
f 2130//1352 2136//1347 2135//1377
f 2130//1352 2131//1357 2136//1347
f 2135//1377 2136//1347 2069//1353
f 907//1354 2137//1381 2138//1382
f 2137//1381 2139//1369 2138//1382
f 2137//1381 2140//1347 2139//1369
f 2138//1382 2139//1369 2141//1383
f 2140//1347 2142//1357 2139//1369
f 2142//1357 2143//1369 2139//1369
f 2142//1357 2131//1357 2143//1369
f 2139//1369 2143//1369 2141//1383
f 2140//1347 2144//1358 2142//1357
f 2144//1358 2136//1347 2142//1357
f 2144//1358 2069//1353 2136//1347
f 2142//1357 2136//1347 2131//1357
f 2141//1383 2143//1369 2145//1377
f 2143//1369 2133//1376 2145//1377
f 2143//1369 2131//1357 2133//1376
f 2145//1377 2133//1376 2134//1371
f 317//1357 319//1347 2146//1347
f 319//1347 2147//1357 2146//1347
f 319//1347 322//1371 2147//1357
f 2146//1347 2147//1357 2148//1358
f 322//1371 2149//1364 2147//1357
f 2149//1364 2150//1349 2147//1357
f 2149//1364 2115//1376 2150//1349
f 2147//1357 2150//1349 2148//1358
f 322//1371 328//1347 2149//1364
f 328//1347 2113//1375 2149//1364
f 328//1347 330//1355 2113//1375
f 2149//1364 2113//1375 2115//1376
f 2148//1358 2150//1349 2151//1347
f 2150//1349 2120//1379 2151//1347
f 2150//1349 2115//1376 2120//1379
f 2151//1347 2120//1379 2122//1347
f 345//1342 2039//1347 2152//1346
f 2039//1347 2153//1373 2152//1346
f 2039//1347 2035//1351 2153//1373
f 2152//1346 2153//1373 2154//1384
f 2035//1351 2155//1351 2153//1373
f 2155//1351 2156//1385 2153//1373
f 2155//1351 2157//1347 2156//1385
f 2153//1373 2156//1385 2154//1384
f 2035//1351 2032//1386 2155//1351
f 2032//1386 2158//1387 2155//1351
f 2032//1386 2031//1373 2158//1387
f 2155//1351 2158//1387 2157//1347
f 2154//1384 2156//1385 2159//1376
f 2156//1385 2160//1361 2159//1376
f 2156//1385 2157//1347 2160//1361
f 2159//1376 2160//1361 2161//1347
f 345//1342 2152//1346 2061//1343
f 2152//1346 2162//1388 2061//1343
f 2152//1346 2154//1384 2162//1388
f 2061//1343 2162//1388 2063//1346
f 2154//1384 2163//1377 2162//1388
f 2163//1377 2164//1352 2162//1388
f 2163//1377 2165//1347 2164//1352
f 2162//1388 2164//1352 2063//1346
f 2154//1384 2159//1376 2163//1377
f 2159//1376 2166//1347 2163//1377
f 2159//1376 2161//1347 2166//1347
f 2163//1377 2166//1347 2165//1347
f 2063//1346 2164//1352 2067//1351
f 2164//1352 2167//1346 2067//1351
f 2164//1352 2165//1347 2167//1346
f 2067//1351 2167//1346 2069//1353
f 907//1354 2138//1382 2071//1356
f 2138//1382 2168//1352 2071//1356
f 2138//1382 2141//1383 2168//1352
f 2071//1356 2168//1352 2074//1359
f 2141//1383 2169//1357 2168//1352
f 2169//1357 2170//1381 2168//1352
f 2169//1357 2171//1367 2170//1381
f 2168//1352 2170//1381 2074//1359
f 2141//1383 2145//1377 2169//1357
f 2145//1377 2172//1351 2169//1357
f 2145//1377 2134//1371 2172//1351
f 2169//1357 2172//1351 2171//1367
f 2074//1359 2170//1381 2079//1361
f 2170//1381 2173//1378 2079//1361
f 2170//1381 2171//1367 2173//1378
f 2079//1361 2173//1378 2081//1363
f 2123//1358 2125//1358 2174//1342
f 2125//1358 2175//1369 2174//1342
f 2125//1358 2128//1377 2175//1369
f 2174//1342 2175//1369 2176//1389
f 2128//1377 2177//1383 2175//1369
f 2177//1383 2178//1390 2175//1369
f 2177//1383 2165//1347 2178//1390
f 2175//1369 2178//1390 2176//1389
f 2128//1377 2135//1377 2177//1383
f 2135//1377 2167//1346 2177//1383
f 2135//1377 2069//1353 2167//1346
f 2177//1383 2167//1346 2165//1347
f 2176//1389 2178//1390 2179//1359
f 2178//1390 2166//1347 2179//1359
f 2178//1390 2165//1347 2166//1347
f 2179//1359 2166//1347 2161//1347
f 488//1347 2180//1382 500//1382
f 2180//1382 2181//1358 500//1382
f 2180//1382 2182//1347 2181//1358
f 500//1382 2181//1358 503//1352
f 2182//1347 2183//1358 2181//1358
f 2183//1358 2184//1347 2181//1358
f 2183//1358 2185//1388 2184//1347
f 2181//1358 2184//1347 503//1352
f 2182//1347 2186//1357 2183//1358
f 2186//1357 2187//1347 2183//1358
f 2186//1357 2188//1347 2187//1347
f 2183//1358 2187//1347 2185//1388
f 503//1352 2184//1347 508//1391
f 2184//1347 2189//1392 508//1391
f 2184//1347 2185//1388 2189//1392
f 508//1391 2189//1392 510//1382
f 390//1352 2190//1369 2191//1347
f 2190//1369 2192//1357 2191//1347
f 2190//1369 2193//1347 2192//1357
f 2191//1347 2192//1357 2194//1351
f 2193//1347 2195//1351 2192//1357
f 2195//1351 2196//1358 2192//1357
f 2195//1351 2197//1393 2196//1358
f 2192//1357 2196//1358 2194//1351
f 2193//1347 2198//1352 2195//1351
f 2198//1352 2199//1383 2195//1351
f 2198//1352 2084//1355 2199//1383
f 2195//1351 2199//1383 2197//1393
f 2194//1351 2196//1358 2200//1388
f 2196//1358 2201//1355 2200//1388
f 2196//1358 2197//1393 2201//1355
f 2200//1388 2201//1355 2110//1357
f 2123//1358 2202//1394 2124//1365
f 2202//1394 2203//1352 2124//1365
f 2202//1394 2204//1342 2203//1352
f 2124//1365 2203//1352 2127//1380
f 2204//1342 2205//1352 2203//1352
f 2205//1352 2206//1350 2203//1352
f 2205//1352 2207//1351 2206//1350
f 2203//1352 2206//1350 2127//1380
f 2204//1342 2208//1394 2205//1352
f 2208//1394 2209//1361 2205//1352
f 2208//1394 2096//1370 2209//1361
f 2205//1352 2209//1361 2207//1351
f 2127//1380 2206//1350 2132//1368
f 2206//1350 2210//1342 2132//1368
f 2206//1350 2207//1351 2210//1342
f 2132//1368 2210//1342 2134//1371
f 510//1382 2189//1392 2211//1349
f 2189//1392 2212//1394 2211//1349
f 2189//1392 2185//1388 2212//1394
f 2211//1349 2212//1394 2213//1376
f 2185//1388 2214//1375 2212//1394
f 2214//1375 2215//1351 2212//1394
f 2214//1375 2216//1347 2215//1351
f 2212//1394 2215//1351 2213//1376
f 2185//1388 2187//1347 2214//1375
f 2187//1347 2217//1354 2214//1375
f 2187//1347 2188//1347 2217//1354
f 2214//1375 2217//1354 2216//1347
f 2213//1376 2215//1351 2218//1351
f 2215//1351 2219//1347 2218//1351
f 2215//1351 2216//1347 2219//1347
f 2218//1351 2219//1347 2220//1352
f 2134//1371 2210//1342 2221//1364
f 2210//1342 2222//1347 2221//1364
f 2210//1342 2207//1351 2222//1347
f 2221//1364 2222//1347 2223//1357
f 2207//1351 2224//1376 2222//1347
f 2224//1376 2225//1395 2222//1347
f 2224//1376 2089//1351 2225//1395
f 2222//1347 2225//1395 2223//1357
f 2207//1351 2209//1361 2224//1376
f 2209//1361 2094//1360 2224//1376
f 2209//1361 2096//1370 2094//1360
f 2224//1376 2094//1360 2089//1351
f 2223//1357 2225//1395 2226//1343
f 2225//1395 2086//1366 2226//1343
f 2225//1395 2089//1351 2086//1366
f 2226//1343 2086//1366 2085//1365
f 2134//1371 2221//1364 2172//1351
f 2221//1364 2227//1376 2172//1351
f 2221//1364 2223//1357 2227//1376
f 2172//1351 2227//1376 2171//1367
f 2223//1357 2228//1357 2227//1376
f 2228//1357 2229//1369 2227//1376
f 2228//1357 2104//1347 2229//1369
f 2227//1376 2229//1369 2171//1367
f 2223//1357 2226//1343 2228//1357
f 2226//1343 2101//1347 2228//1357
f 2226//1343 2085//1365 2101//1347
f 2228//1357 2101//1347 2104//1347
f 2171//1367 2229//1369 2173//1378
f 2229//1369 2111//1347 2173//1378
f 2229//1369 2104//1347 2111//1347
f 2173//1378 2111//1347 2081//1363
f 488//1347 2230//1347 2231//1369
f 2230//1347 2232//1352 2231//1369
f 2230//1347 2233//1351 2232//1352
f 2231//1369 2232//1352 2234//1353
f 2233//1351 2235//1347 2232//1352
f 2235//1347 2236//1352 2232//1352
f 2235//1347 2237//1347 2236//1352
f 2232//1352 2236//1352 2234//1353
f 2233//1351 2238//1396 2235//1347
f 2238//1396 2239//1352 2235//1347
f 2238//1396 2099//1347 2239//1352
f 2235//1347 2239//1352 2237//1347
f 2234//1353 2236//1352 2240//1390
f 2236//1352 2241//1361 2240//1390
f 2236//1352 2237//1347 2241//1361
f 2240//1390 2241//1361 2242//1397
f 907//1354 2243//1398 2137//1381
f 2243//1398 2244//1357 2137//1381
f 2243//1398 2245//1371 2244//1357
f 2137//1381 2244//1357 2140//1347
f 2245//1371 2246//1399 2244//1357
f 2246//1399 2247//1358 2244//1357
f 2246//1399 2118//1350 2247//1358
f 2244//1357 2247//1358 2140//1347
f 2245//1371 2248//1364 2246//1399
f 2248//1364 2121//1358 2246//1399
f 2248//1364 2122//1347 2121//1358
f 2246//1399 2121//1358 2118//1350
f 2140//1347 2247//1358 2144//1358
f 2247//1358 2119//1347 2144//1358
f 2247//1358 2118//1350 2119//1347
f 2144//1358 2119//1347 2069//1353
f 2081//1363 2112//1347 2080//1362
f 2112//1347 2249//1347 2080//1362
f 2112//1347 2107//1374 2249//1347
f 2080//1362 2249//1347 2078//1360
f 2107//1374 2250//1358 2249//1347
f 2250//1358 2251//1358 2249//1347
f 2250//1358 2197//1393 2251//1358
f 2249//1347 2251//1358 2078//1360
f 2107//1374 2109//1351 2250//1358
f 2109//1351 2201//1355 2250//1358
f 2109//1351 2110//1357 2201//1355
f 2250//1358 2201//1355 2197//1393
f 2078//1360 2251//1358 2083//1347
f 2251//1358 2199//1383 2083//1347
f 2251//1358 2197//1393 2199//1383
f 2083//1347 2199//1383 2084//1355
f 2096//1370 2252//1353 2095//1369
f 2252//1353 2253//1400 2095//1369
f 2252//1353 2254//1351 2253//1400
f 2095//1369 2253//1400 2093//1345
f 2254//1351 2255//1347 2253//1400
f 2255//1347 2256//1381 2253//1400
f 2255//1347 2237//1347 2256//1381
f 2253//1400 2256//1381 2093//1345
f 2254//1351 2257//1369 2255//1347
f 2257//1369 2241//1361 2255//1347
f 2257//1369 2242//1397 2241//1361
f 2255//1347 2241//1361 2237//1347
f 2093//1345 2256//1381 2098//1347
f 2256//1381 2239//1352 2098//1347
f 2256//1381 2237//1347 2239//1352
f 2098//1347 2239//1352 2099//1347
f 488//1347 2231//1369 2180//1382
f 2231//1369 2258//1359 2180//1382
f 2231//1369 2234//1353 2258//1359
f 2180//1382 2258//1359 2182//1347
f 2234//1353 2259//1352 2258//1359
f 2259//1352 2260//1357 2258//1359
f 2259//1352 2261//1381 2260//1357
f 2258//1359 2260//1357 2182//1347
f 2234//1353 2240//1390 2259//1352
f 2240//1390 2262//1358 2259//1352
f 2240//1390 2242//1397 2262//1358
f 2259//1352 2262//1358 2261//1381
f 2182//1347 2260//1357 2186//1357
f 2260//1357 2263//1361 2186//1357
f 2260//1357 2261//1381 2263//1361
f 2186//1357 2263//1361 2188//1347
f 2123//1358 2174//1342 2264//1357
f 2174//1342 2265//1350 2264//1357
f 2174//1342 2176//1389 2265//1350
f 2264//1357 2265//1350 2266//1357
f 2176//1389 2267//1381 2265//1350
f 2267//1381 2268//1350 2265//1350
f 2267//1381 2269//1348 2268//1350
f 2265//1350 2268//1350 2266//1357
f 2176//1389 2179//1359 2267//1381
f 2179//1359 2270//1358 2267//1381
f 2179//1359 2161//1347 2270//1358
f 2267//1381 2270//1358 2269//1348
f 2266//1357 2268//1350 2271//1357
f 2268//1350 2272//1380 2271//1357
f 2268//1350 2269//1348 2272//1380
f 2271//1357 2272//1380 2059//1357
f 390//1352 2273//1362 480//1365
f 2273//1362 2274//1401 480//1365
f 2273//1362 2275//1361 2274//1401
f 480//1365 2274//1401 482//1394
f 2275//1361 2276//1402 2274//1401
f 2276//1402 2277//1375 2274//1401
f 2276//1402 2278//1399 2277//1375
f 2274//1401 2277//1375 482//1394
f 2275//1361 2279//1394 2276//1402
f 2279//1394 2280//1382 2276//1402
f 2279//1394 2085//1365 2280//1382
f 2276//1402 2280//1382 2278//1399
f 482//1394 2277//1375 486//1347
f 2277//1375 2281//1396 486//1347
f 2277//1375 2278//1399 2281//1396
f 486//1347 2281//1396 488//1347
f 2031//1373 2060//1403 2158//1387
f 2060//1403 2282//1376 2158//1387
f 2060//1403 2056//1382 2282//1376
f 2158//1387 2282//1376 2157//1347
f 2056//1382 2283//1381 2282//1376
f 2283//1381 2284//1404 2282//1376
f 2283//1381 2269//1348 2284//1404
f 2282//1376 2284//1404 2157//1347
f 2056//1382 2058//1351 2283//1381
f 2058//1351 2272//1380 2283//1381
f 2058//1351 2059//1357 2272//1380
f 2283//1381 2272//1380 2269//1348
f 2157//1347 2284//1404 2160//1361
f 2284//1404 2270//1358 2160//1361
f 2284//1404 2269//1348 2270//1358
f 2160//1361 2270//1358 2161//1347
f 390//1352 2191//1347 2273//1362
f 2191//1347 2285//1352 2273//1362
f 2191//1347 2194//1351 2285//1352
f 2273//1362 2285//1352 2275//1361
f 2194//1351 2286//1380 2285//1352
f 2286//1380 2287//1382 2285//1352
f 2286//1380 2103//1372 2287//1382
f 2285//1352 2287//1382 2275//1361
f 2194//1351 2200//1388 2286//1380
f 2200//1388 2108//1369 2286//1380
f 2200//1388 2110//1357 2108//1369
f 2286//1380 2108//1369 2103//1372
f 2275//1361 2287//1382 2279//1394
f 2287//1382 2100//1371 2279//1394
f 2287//1382 2103//1372 2100//1371
f 2279//1394 2100//1371 2085//1365
f 488//1347 2281//1396 2230//1347
f 2281//1396 2288//1347 2230//1347
f 2281//1396 2278//1399 2288//1347
f 2230//1347 2288//1347 2233//1351
f 2278//1399 2289//1369 2288//1347
f 2289//1369 2290//1347 2288//1347
f 2289//1369 2090//1352 2290//1347
f 2288//1347 2290//1347 2233//1351
f 2278//1399 2280//1382 2289//1369
f 2280//1382 2087//1367 2289//1369
f 2280//1382 2085//1365 2087//1367
f 2289//1369 2087//1367 2090//1352
f 2233//1351 2290//1347 2238//1396
f 2290//1347 2097//1347 2238//1396
f 2290//1347 2090//1352 2097//1347
f 2238//1396 2097//1347 2099//1347
f 317//1357 2146//1347 977//1369
f 2146//1347 2291//1394 977//1369
f 2146//1347 2148//1358 2291//1394
f 977//1369 2291//1394 979//1346
f 2148//1358 2292//1357 2291//1394
f 2292//1357 2293//1346 2291//1394
f 2292//1357 2245//1371 2293//1346
f 2291//1394 2293//1346 979//1346
f 2148//1358 2151//1347 2292//1357
f 2151//1347 2248//1364 2292//1357
f 2151//1347 2122//1347 2248//1364
f 2292//1357 2248//1364 2245//1371
f 979//1346 2293//1346 982//1357
f 2293//1346 2243//1398 982//1357
f 2293//1346 2245//1371 2243//1398
f 982//1357 2243//1398 907//1354
f 882//1358 951//1352 2294//1388
f 951//1352 2295//1346 2294//1388
f 951//1352 954//1358 2295//1346
f 2294//1388 2295//1346 2296//1357
f 954//1358 2297//1347 2295//1346
f 2297//1347 2298//1352 2295//1346
f 2297//1347 2075//1358 2298//1352
f 2295//1346 2298//1352 2296//1357
f 954//1358 958//1343 2297//1347
f 958//1343 2072//1357 2297//1347
f 958//1343 907//1354 2072//1357
f 2297//1347 2072//1357 2075//1358
f 2296//1357 2298//1352 2299//1399
f 2298//1352 2082//1364 2299//1399
f 2298//1352 2075//1358 2082//1364
f 2299//1399 2082//1364 2084//1355
f 2123//1358 2300//1347 2301//1357
f 2300//1347 2302//1405 2301//1357
f 2300//1347 2303//1347 2302//1405
f 2301//1357 2302//1405 2304//1358
f 2303//1347 2305//1405 2302//1405
f 2305//1405 2306//1343 2302//1405
f 2305//1405 2307//1358 2306//1343
f 2302//1405 2306//1343 2304//1358
f 2303//1347 2308//1343 2305//1405
f 2308//1343 2309//1357 2305//1405
f 2308//1343 2220//1352 2309//1357
f 2305//1405 2309//1357 2307//1358
f 2304//1358 2306//1343 2310//1357
f 2306//1343 2311//1363 2310//1357
f 2306//1343 2307//1358 2311//1363
f 2310//1357 2311//1363 2242//1397
f 390//1352 2312//1376 2190//1369
f 2312//1376 2313//1364 2190//1369
f 2312//1376 2314//1376 2313//1364
f 2190//1369 2313//1364 2193//1347
f 2314//1376 2315//1369 2313//1364
f 2315//1369 2316//1357 2313//1364
f 2315//1369 2296//1357 2316//1357
f 2313//1364 2316//1357 2193//1347
f 2314//1376 2317//1352 2315//1369
f 2317//1352 2294//1388 2315//1369
f 2317//1352 882//1358 2294//1388
f 2315//1369 2294//1388 2296//1357
f 2193//1347 2316//1357 2198//1352
f 2316//1357 2299//1399 2198//1352
f 2316//1357 2296//1357 2299//1399
f 2198//1352 2299//1399 2084//1355
f 2123//1358 2301//1357 2202//1394
f 2301//1357 2318//1357 2202//1394
f 2301//1357 2304//1358 2318//1357
f 2202//1394 2318//1357 2204//1342
f 2304//1358 2319//1404 2318//1357
f 2319//1404 2320//1357 2318//1357
f 2319//1404 2254//1351 2320//1357
f 2318//1357 2320//1357 2204//1342
f 2304//1358 2310//1357 2319//1404
f 2310//1357 2257//1369 2319//1404
f 2310//1357 2242//1397 2257//1369
f 2319//1404 2257//1369 2254//1351
f 2204//1342 2320//1357 2208//1394
f 2320//1357 2252//1353 2208//1394
f 2320//1357 2254//1351 2252//1353
f 2208//1394 2252//1353 2096//1370
f 2242//1397 2311//1363 2262//1358
f 2311//1363 2321//1345 2262//1358
f 2311//1363 2307//1358 2321//1345
f 2262//1358 2321//1345 2261//1381
f 2307//1358 2322//1388 2321//1345
f 2322//1388 2323//1347 2321//1345
f 2322//1388 2216//1347 2323//1347
f 2321//1345 2323//1347 2261//1381
f 2307//1358 2309//1357 2322//1388
f 2309//1357 2219//1347 2322//1388
f 2309//1357 2220//1352 2219//1347
f 2322//1388 2219//1347 2216//1347
f 2261//1381 2323//1347 2263//1361
f 2323//1347 2217//1354 2263//1361
f 2323//1347 2216//1347 2217//1354
f 2263//1361 2217//1354 2188//1347
f 390//1352 392//1395 2312//1376
f 392//1395 2324//1347 2312//1376
f 392//1395 395//1391 2324//1347
f 2312//1376 2324//1347 2314//1376
f 395//1391 2325//1347 2324//1347
f 2325//1347 2326//1388 2324//1347
f 2325//1347 875//1381 2326//1388
f 2324//1347 2326//1388 2314//1376
f 395//1391 402//1343 2325//1347
f 402//1343 873//1357 2325//1347
f 402//1343 404//1343 873//1357
f 2325//1347 873//1357 875//1381
f 2314//1376 2326//1388 2317//1352
f 2326//1388 880//1343 2317//1352
f 2326//1388 875//1381 880//1343
f 2317//1352 880//1343 882//1358
f 510//1406 2211//701 2327//696
f 2211//701 2328//696 2327//696
f 2211//701 2213//1407 2328//696
f 2327//696 2328//696 2329//696
f 2213//1407 2330//696 2328//696
f 2330//696 2331//707 2328//696
f 2330//696 2332//699 2331//707
f 2328//696 2331//707 2329//696
f 2213//1407 2218//704 2330//696
f 2218//704 2333//702 2330//696
f 2218//704 2220//704 2333//702
f 2330//696 2333//702 2332//699
f 2329//696 2331//707 2334//702
f 2331//707 2335//707 2334//702
f 2331//707 2332//699 2335//707
f 2334//702 2335//707 2336//696
f 386//696 2337//696 2338//707
f 2337//696 2339//704 2338//707
f 2337//696 2340//704 2339//704
f 2338//707 2339//704 2341//707
f 2340//704 2342//1408 2339//704
f 2342//1408 2343//696 2339//704
f 2342//1408 2344//696 2343//696
f 2339//704 2343//696 2341//707
f 2340//704 2345//1409 2342//1408
f 2345//1409 2346//701 2342//1408
f 2345//1409 2347//701 2346//701
f 2342//1408 2346//701 2344//696
f 2341//707 2343//696 2348//1410
f 2343//696 2349//697 2348//1410
f 2343//696 2344//696 2349//697
f 2348//1410 2349//697 723//1411
f 723//1411 2349//697 724//704
f 2349//697 2350//702 724//704
f 2349//697 2344//696 2350//702
f 724//704 2350//702 727//707
f 2344//696 2351//696 2350//702
f 2351//696 2352//1412 2350//702
f 2351//696 2353//703 2352//1412
f 2350//702 2352//1412 727//707
f 2344//696 2346//701 2351//696
f 2346//701 2354//696 2351//696
f 2346//701 2347//701 2354//696
f 2351//696 2354//696 2353//703
f 727//707 2352//1412 732//696
f 2352//1412 2355//698 732//696
f 2352//1412 2353//703 2355//698
f 732//696 2355//698 734//696
f 734//696 2355//698 2356//1413
f 2355//698 2357//696 2356//1413
f 2355//698 2353//703 2357//696
f 2356//1413 2357//696 2358//696
f 2353//703 2359//696 2357//696
f 2359//696 2360//1414 2357//696
f 2359//696 2361//704 2360//1414
f 2357//696 2360//1414 2358//696
f 2353//703 2354//696 2359//696
f 2354//696 2362//696 2359//696
f 2354//696 2347//701 2362//696
f 2359//696 2362//696 2361//704
f 2358//696 2360//1414 2363//704
f 2360//1414 2364//696 2363//704
f 2360//1414 2361//704 2364//696
f 2363//704 2364//696 2336//696
f 386//696 2365//707 2337//696
f 2365//707 2366//697 2337//696
f 2365//707 2367//1415 2366//697
f 2337//696 2366//697 2340//704
f 2367//1415 2368//699 2366//697
f 2368//699 2369//704 2366//697
f 2368//699 2361//704 2369//704
f 2366//697 2369//704 2340//704
f 2367//1415 2370//704 2368//699
f 2370//704 2364//696 2368//699
f 2370//704 2336//696 2364//696
f 2368//699 2364//696 2361//704
f 2340//704 2369//704 2345//1409
f 2369//704 2362//696 2345//1409
f 2369//704 2361//704 2362//696
f 2345//1409 2362//696 2347//701
f 386//696 583//1410 2365//707
f 583//1410 2371//1410 2365//707
f 583//1410 586//696 2371//1410
f 2365//707 2371//1410 2367//1415
f 586//696 2372//702 2371//1410
f 2372//702 2373//696 2371//1410
f 2372//702 2329//696 2373//696
f 2371//1410 2373//696 2367//1415
f 586//696 592//1416 2372//702
f 592//1416 2327//696 2372//702
f 592//1416 510//1406 2327//696
f 2372//702 2327//696 2329//696
f 2367//1415 2373//696 2370//704
f 2373//696 2334//702 2370//704
f 2373//696 2329//696 2334//702
f 2370//704 2334//702 2336//696
f 632//710 2374//709 630//709
f 2374//709 2375//719 630//709
f 2374//709 2376//1417 2375//719
f 630//709 2375//719 623//1417
f 2376//1417 2377//713 2375//719
f 2377//713 2378//709 2375//719
f 2377//713 2379//709 2378//709
f 2375//719 2378//709 623//1417
f 2376//1417 2380//712 2377//713
f 2380//712 2381//712 2377//713
f 2380//712 2382//1418 2381//712
f 2377//713 2381//712 2379//709
f 623//1417 2378//709 620//1419
f 2378//709 2383//710 620//1419
f 2378//709 2379//709 2383//710
f 620//1419 2383//710 618//710
f 2384//720 2385//1420 2386//709
f 2385//1420 2387//719 2386//709
f 2385//1420 2388//709 2387//719
f 2386//709 2387//719 2389//727
f 2388//709 2390//1421 2387//719
f 2390//1421 2391//708 2387//719
f 2390//1421 2392//710 2391//708
f 2387//719 2391//708 2389//727
f 2388//709 2393//1422 2390//1421
f 2393//1422 2394//1423 2390//1421
f 2393//1422 2395//712 2394//1423
f 2390//1421 2394//1423 2392//710
f 2389//727 2391//708 2396//712
f 2391//708 2397//708 2396//712
f 2391//708 2392//710 2397//708
f 2396//712 2397//708 2382//1418
f 2398//709 2399//718 2400//725
f 2399//718 2401//1424 2400//725
f 2399//718 2402//1425 2401//1424
f 2400//725 2401//1424 2403//719
f 2402//1425 2404//1426 2401//1424
f 2404//1426 2405//710 2401//1424
f 2404//1426 2406//1427 2405//710
f 2401//1424 2405//710 2403//719
f 2402//1425 2407//715 2404//1426
f 2407//715 2408//715 2404//1426
f 2407//715 2409//1428 2408//715
f 2404//1426 2408//715 2406//1427
f 2403//719 2405//710 2410//716
f 2405//710 2411//1426 2410//716
f 2405//710 2406//1427 2411//1426
f 2410//716 2411//1426 2412//1429
f 689//720 2413//1430 687//710
f 2413//1430 2414//1431 687//710
f 2413//1430 2415//717 2414//1431
f 687//710 2414//1431 681//718
f 2415//717 2416//718 2414//1431
f 2416//718 2417//710 2414//1431
f 2416//718 2418//712 2417//710
f 2414//1431 2417//710 681//718
f 2415//717 2419//1432 2416//718
f 2419//1432 2420//1419 2416//718
f 2419//1432 2421//718 2420//1419
f 2416//718 2420//1419 2418//712
f 681//718 2417//710 678//710
f 2417//710 2422//718 678//710
f 2417//710 2418//712 2422//718
f 678//710 2422//718 651//710
f 618//710 2383//710 2423//712
f 2383//710 2424//1433 2423//712
f 2383//710 2379//709 2424//1433
f 2423//712 2424//1433 2425//709
f 2379//709 2426//709 2424//1433
f 2426//709 2427//712 2424//1433
f 2426//709 2428//1434 2427//712
f 2424//1433 2427//712 2425//709
f 2379//709 2381//712 2426//709
f 2381//712 2429//716 2426//709
f 2381//712 2382//1418 2429//716
f 2426//709 2429//716 2428//1434
f 2425//709 2427//712 2430//710
f 2427//712 2431//711 2430//710
f 2427//712 2428//1434 2431//711
f 2430//710 2431//711 2432//1430
f 632//710 2433//1435 2374//709
f 2433//1435 2434//718 2374//709
f 2433//1435 2435//727 2434//718
f 2374//709 2434//718 2376//1417
f 2435//727 2436//712 2434//718
f 2436//712 2437//1436 2434//718
f 2436//712 2438//708 2437//1436
f 2434//718 2437//1436 2376//1417
f 2435//727 2439//709 2436//712
f 2439//709 2440//712 2436//712
f 2439//709 2441//1437 2440//712
f 2436//712 2440//712 2438//708
f 2376//1417 2437//1436 2380//712
f 2437//1436 2442//712 2380//712
f 2437//1436 2438//708 2442//712
f 2380//712 2442//712 2382//1418
f 618//710 2423//712 2443//718
f 2423//712 2444//712 2443//718
f 2423//712 2425//709 2444//712
f 2443//718 2444//712 2445//710
f 2425//709 2446//720 2444//712
f 2446//720 2447//712 2444//712
f 2446//720 2448//1438 2447//712
f 2444//712 2447//712 2445//710
f 2425//709 2430//710 2446//720
f 2430//710 2449//720 2446//720
f 2430//710 2432//1430 2449//720
f 2446//720 2449//720 2448//1438
f 2445//710 2447//712 2450//709
f 2447//712 2451//1439 2450//709
f 2447//712 2448//1438 2451//1439
f 2450//709 2451//1439 2398//709
f 632//710 652//712 2433//1435
f 652//712 2452//712 2433//1435
f 652//712 648//709 2452//712
f 2433//1435 2452//712 2435//727
f 648//709 2453//712 2452//712
f 2453//712 2454//1440 2452//712
f 2453//712 2455//712 2454//1440
f 2452//712 2454//1440 2435//727
f 648//709 650//712 2453//712
f 650//712 2456//712 2453//712
f 650//712 651//710 2456//712
f 2453//712 2456//712 2455//712
f 2435//727 2454//1440 2439//709
f 2454//1440 2457//711 2439//709
f 2454//1440 2455//712 2457//711
f 2439//709 2457//711 2441//1437
f 734//1431 2458//1441 2459//1430
f 2458//1441 2460//1442 2459//1430
f 2458//1441 2461//1443 2460//1442
f 2459//1430 2460//1442 2462//1442
f 2461//1443 2463//720 2460//1442
f 2463//720 2464//712 2460//1442
f 2463//720 2465//1444 2464//712
f 2460//1442 2464//712 2462//1442
f 2461//1443 2466//718 2463//720
f 2466//718 2467//1445 2463//720
f 2466//718 2384//720 2467//1445
f 2463//720 2467//1445 2465//1444
f 2462//1442 2464//712 2468//709
f 2464//712 2469//709 2468//709
f 2464//712 2465//1444 2469//709
f 2468//709 2469//709 2421//718
f 2336//710 2470//1446 2471//1447
f 2470//1446 2472//718 2471//1447
f 2470//1446 2473//1448 2472//718
f 2471//1447 2472//718 2474//721
f 2473//1448 2475//1419 2472//718
f 2475//1419 2476//1419 2472//718
f 2475//1419 2477//1418 2476//1419
f 2472//718 2476//1419 2474//721
f 2473//1448 2478//709 2475//1419
f 2478//709 2479//712 2475//1419
f 2478//709 2409//1428 2479//712
f 2475//1419 2479//712 2477//1418
f 2474//721 2476//1419 2480//712
f 2476//1419 2481//719 2480//712
f 2476//1419 2477//1418 2481//719
f 2480//712 2481//719 2395//712
f 651//710 2422//718 2456//712
f 2422//718 2482//717 2456//712
f 2422//718 2418//712 2482//717
f 2456//712 2482//717 2455//712
f 2418//712 2483//718 2482//717
f 2483//718 2484//710 2482//717
f 2483//718 2485//728 2484//710
f 2482//717 2484//710 2455//712
f 2418//712 2420//1419 2483//718
f 2420//1419 2486//715 2483//718
f 2420//1419 2421//718 2486//715
f 2483//718 2486//715 2485//728
f 2455//712 2484//710 2457//711
f 2484//710 2487//1449 2457//711
f 2484//710 2485//728 2487//1449
f 2457//711 2487//1449 2441//1437
f 2398//709 2451//1439 2399//718
f 2451//1439 2488//1442 2399//718
f 2451//1439 2448//1438 2488//1442
f 2399//718 2488//1442 2402//1425
f 2448//1438 2489//711 2488//1442
f 2489//711 2490//709 2488//1442
f 2489//711 2491//708 2490//709
f 2488//1442 2490//709 2402//1425
f 2448//1438 2449//720 2489//711
f 2449//720 2492//724 2489//711
f 2449//720 2432//1430 2492//724
f 2489//711 2492//724 2491//708
f 2402//1425 2490//709 2407//715
f 2490//709 2493//718 2407//715
f 2490//709 2491//708 2493//718
f 2407//715 2493//718 2409//1428
f 2384//720 2386//709 2494//709
f 2386//709 2495//1442 2494//709
f 2386//709 2389//727 2495//1442
f 2494//709 2495//1442 2496//1437
f 2389//727 2497//1440 2495//1442
f 2497//1440 2498//1442 2495//1442
f 2497//1440 2438//708 2498//1442
f 2495//1442 2498//1442 2496//1437
f 2389//727 2396//712 2497//1440
f 2396//712 2442//712 2497//1440
f 2396//712 2382//1418 2442//712
f 2497//1440 2442//712 2438//708
f 2496//1437 2498//1442 2499//1450
f 2498//1442 2440//712 2499//1450
f 2498//1442 2438//708 2440//712
f 2499//1450 2440//712 2441//1437
f 2395//712 2500//712 2394//1423
f 2500//712 2501//709 2394//1423
f 2500//712 2502//712 2501//709
f 2394//1423 2501//709 2392//710
f 2502//712 2503//1451 2501//709
f 2503//1451 2504//712 2501//709
f 2503//1451 2428//1434 2504//712
f 2501//709 2504//712 2392//710
f 2502//712 2505//1452 2503//1451
f 2505//1452 2431//711 2503//1451
f 2505//1452 2432//1430 2431//711
f 2503//1451 2431//711 2428//1434
f 2392//710 2504//712 2397//708
f 2504//712 2429//716 2397//708
f 2504//712 2428//1434 2429//716
f 2397//708 2429//716 2382//1418
f 2384//720 2494//709 2467//1445
f 2494//709 2506//1453 2467//1445
f 2494//709 2496//1437 2506//1453
f 2467//1445 2506//1453 2465//1444
f 2496//1437 2507//728 2506//1453
f 2507//728 2508//1453 2506//1453
f 2507//728 2485//728 2508//1453
f 2506//1453 2508//1453 2465//1444
f 2496//1437 2499//1450 2507//728
f 2499//1450 2487//1449 2507//728
f 2499//1450 2441//1437 2487//1449
f 2507//728 2487//1449 2485//728
f 2465//1444 2508//1453 2469//709
f 2508//1453 2486//715 2469//709
f 2508//1453 2485//728 2486//715
f 2469//709 2486//715 2421//718
f 2395//712 2481//719 2500//712
f 2481//719 2509//1454 2500//712
f 2481//719 2477//1418 2509//1454
f 2500//712 2509//1454 2502//712
f 2477//1418 2510//710 2509//1454
f 2510//710 2511//1438 2509//1454
f 2510//710 2491//708 2511//1438
f 2509//1454 2511//1438 2502//712
f 2477//1418 2479//712 2510//710
f 2479//712 2493//718 2510//710
f 2479//712 2409//1428 2493//718
f 2510//710 2493//718 2491//708
f 2502//712 2511//1438 2505//1452
f 2511//1438 2492//724 2505//1452
f 2511//1438 2491//708 2492//724
f 2505//1452 2492//724 2432//1430
f 734//1431 2356//712 2458//1441
f 2356//712 2512//1425 2458//1441
f 2356//712 2358//708 2512//1425
f 2458//1441 2512//1425 2461//1443
f 2358//708 2513//712 2512//1425
f 2513//712 2514//709 2512//1425
f 2513//712 2515//709 2514//709
f 2512//1425 2514//709 2461//1443
f 2358//708 2363//1446 2513//712
f 2363//1446 2516//709 2513//712
f 2363//1446 2336//710 2516//709
f 2513//712 2516//709 2515//709
f 2461//1443 2514//709 2466//718
f 2514//709 2517//1421 2466//718
f 2514//709 2515//709 2517//1421
f 2466//718 2517//1421 2384//720
f 2336//710 2471//1447 2516//709
f 2471//1447 2518//1455 2516//709
f 2471//1447 2474//721 2518//1455
f 2516//709 2518//1455 2515//709
f 2474//721 2519//1455 2518//1455
f 2519//1455 2520//1456 2518//1455
f 2519//1455 2388//709 2520//1456
f 2518//1455 2520//1456 2515//709
f 2474//721 2480//712 2519//1455
f 2480//712 2393//1422 2519//1455
f 2480//712 2395//712 2393//1422
f 2519//1455 2393//1422 2388//709
f 2515//709 2520//1456 2517//1421
f 2520//1456 2385//1420 2517//1421
f 2520//1456 2388//709 2385//1420
f 2517//1421 2385//1420 2384//720
f 689//720 824//718 2413//1430
f 824//718 2521//720 2413//1430
f 824//718 827//720 2521//720
f 2413//1430 2521//720 2415//717
f 827//720 2522//720 2521//720
f 2522//720 2523//1454 2521//720
f 2522//720 2462//1442 2523//1454
f 2521//720 2523//1454 2415//717
f 827//720 831//1431 2522//720
f 831//1431 2459//1430 2522//720
f 831//1431 734//1431 2459//1430
f 2522//720 2459//1430 2462//1442
f 2415//717 2523//1454 2419//1432
f 2523//1454 2468//709 2419//1432
f 2523//1454 2462//1442 2468//709
f 2419//1432 2468//709 2421//718
f 2336//710 2524//722 2470//1446
f 2524//722 2525//712 2470//1446
f 2524//722 2526//713 2525//712
f 2470//1446 2525//712 2473//1448
f 2526//713 2527//711 2525//712
f 2527//711 2528//720 2525//712
f 2527//711 2406//1427 2528//720
f 2525//712 2528//720 2473//1448
f 2526//713 2529//720 2527//711
f 2529//720 2411//1426 2527//711
f 2529//720 2412//1429 2411//1426
f 2527//711 2411//1426 2406//1427
f 2473//1448 2528//720 2478//709
f 2528//720 2408//715 2478//709
f 2528//720 2406//1427 2408//715
f 2478//709 2408//715 2409//1428
f 2398//1457 2530//1458 2450//1459
f 2530//1460 2531//1461 2450//1462
f 2530//1460 2532//1463 2531//1461
f 2450//1462 2531//1461 2445//1464
f 2532//1465 2533//1466 2531//1467
f 2533//1466 2534//1468 2531//1467
f 2533//1469 622//1470 2534//1470
f 2531//1467 2534//1468 2445//1471
f 2532//1465 2535//1472 2533//1466
f 2535//1473 627//1469 2533//1469
f 2535//1473 629//1474 627//1469
f 2533//1469 627//1469 622//1470
f 2445//1471 2534//1468 2443//1471
f 2534//1470 619//1475 2443//1475
f 2534//1470 622//1470 619//1475
f 2443//1475 619//1475 618//1469
f 2398//1457 2536//1476 2530//1458
f 2536//1477 2537//1477 2530//1477
f 2536//1478 2538//1479 2537//1480
f 2530//1460 2537//1481 2532//1463
f 2538//1482 2539//1482 2537//1482
f 2539//1483 2540//1483 2537//1483
f 2539//1484 2541//1485 2540//1486
f 2537//1481 2540//1487 2532//1463
f 2538//1479 2542//1488 2539//1489
f 2542//1490 2543//1490 2539//1490
f 2542//1488 2544//1491 2543//1492
f 2539//1493 2543//1493 2541//1493
f 2532//1465 2540//1494 2535//1472
f 2540//1495 2545//1495 2535//1495
f 2540//1486 2541//1485 2545//1496
f 2535//1473 2545//1497 629//1474
f 2412//1498 2546//1498 2410//1498
f 2546//1499 2547//1500 2410//1501
f 2546//1499 2548//1502 2547//1500
f 2410//1501 2547//1500 2403//1503
f 2548//1502 2549//1504 2547//1500
f 2549//1504 2550//1505 2547//1500
f 2549//1504 2538//1479 2550//1505
f 2547//1506 2550//1507 2403//1508
f 2548//1502 2551//1509 2549//1504
f 2551//1509 2542//1488 2549//1504
f 2551//1509 2544//1491 2542//1488
f 2549//1504 2542//1488 2538//1479
f 2403//1508 2550//1507 2400//1510
f 2550//1505 2536//1478 2400//1511
f 2550//1505 2538//1479 2536//1478
f 2400//1511 2536//1478 2398//1512
f 2552//1513 2553//1514 2554//1515
f 2553//1516 2555//1517 2554//1518
f 2553//1516 2556//1519 2555//1517
f 2554//1520 2555//1520 2557//1520
f 2556//1521 2558//1522 2555//1523
f 2558//1524 2559//1525 2555//1526
f 2558//1527 2548//1528 2559//1529
f 2555//1526 2559//1525 2557//1530
f 2556//1521 2560//1531 2558//1522
f 2560//1532 2551//1533 2558//1534
f 2560//1532 2544//1535 2551//1533
f 2558//1527 2551//1536 2548//1528
f 2557//1530 2559//1525 2561//1537
f 2559//1525 2546//1538 2561//1537
f 2559//1525 2548//1539 2546//1538
f 2561//1540 2546//1540 2412//1540
f 2552//1513 2562//1541 2553//1514
f 2562//1542 2563//1542 2553//1542
f 2562//1543 2564//1543 2563//1543
f 2553//1544 2563//1544 2556//1544
f 2564//1545 2565//1545 2563//1545
f 2565//1546 2566//1546 2563//1546
f 2565//1547 2567//1547 2566//1547
f 2563//1548 2566//1548 2556//1548
f 2564//1549 2568//1549 2565//1549
f 2568//1550 2569//1550 2565//1550
f 2568//1551 2570//1551 2569//1551
f 2565//1552 2569//1552 2567//1552
f 2556//1553 2566//1553 2560//1553
f 2566//1554 2571//1554 2560//1554
f 2566//1555 2567//1555 2571//1555
f 2560//1556 2571//1556 2544//1556
f 2572//1557 2573//1558 2574//1559
f 2573//1558 2575//1560 2574//1559
f 2573//1558 2576//1558 2575//1560
f 2574//1559 2575//1560 2577//1561
f 2576//1558 2578//1561 2575//1560
f 2578//1561 2579//1562 2575//1560
f 2578//1561 2580//1563 2579//1562
f 2575//1560 2579//1562 2577//1561
f 2576//1558 2581//1564 2578//1561
f 2581//1564 2582//1558 2578//1561
f 2581//1564 2583//1561 2582//1558
f 2578//1561 2582//1558 2580//1563
f 2577//1561 2579//1562 2584//1564
f 2579//1562 2585//1564 2584//1564
f 2579//1562 2580//1563 2585//1564
f 2584//1564 2585//1564 2586//1564
f 641//1565 2587//1566 2588//1561
f 2587//1566 2589//1564 2588//1561
f 2587//1566 2590//1561 2589//1564
f 2588//1561 2589//1564 2591//1561
f 2590//1561 2592//1558 2589//1564
f 2592//1558 2593//1567 2589//1564
f 2592//1558 2594//1568 2593//1567
f 2589//1564 2593//1567 2591//1561
f 2590//1561 2595//1569 2592//1558
f 2595//1569 2596//1560 2592//1558
f 2595//1569 2597//1561 2596//1560
f 2592//1558 2596//1560 2594//1568
f 2591//1561 2593//1567 2598//1558
f 2593//1567 2599//1570 2598//1558
f 2593//1567 2594//1568 2599//1570
f 2598//1558 2599//1570 2600//1562
f 641//1565 2588//1561 653//1571
f 2588//1561 2601//1572 653//1571
f 2588//1561 2591//1561 2601//1572
f 653//1571 2601//1572 655//1573
f 2591//1561 2602//1574 2601//1572
f 2602//1574 2603//1575 2601//1572
f 2602//1574 2604//1576 2603//1575
f 2601//1572 2603//1575 655//1573
f 2591//1561 2598//1558 2602//1574
f 2598//1558 2605//1577 2602//1574
f 2598//1558 2600//1562 2605//1577
f 2602//1574 2605//1577 2604//1576
f 655//1573 2603//1575 659//1578
f 2603//1575 2606//1579 659//1578
f 2603//1575 2604//1576 2606//1579
f 659//1578 2606//1579 661//1580
f 2607//1560 2608//1564 2609//1574
f 2608//1564 2610//1562 2609//1574
f 2608//1564 2611//1564 2610//1562
f 2609//1574 2610//1562 2612//1565
f 2611//1564 2613//1581 2610//1562
f 2613//1581 2614//1561 2610//1562
f 2613//1581 2580//1563 2614//1561
f 2610//1562 2614//1561 2612//1565
f 2611//1564 2615//1561 2613//1581
f 2615//1561 2585//1564 2613//1581
f 2615//1561 2586//1564 2585//1564
f 2613//1581 2585//1564 2580//1563
f 2612//1565 2614//1561 2616//1564
f 2614//1561 2582//1558 2616//1564
f 2614//1561 2580//1563 2582//1558
f 2616//1564 2582//1558 2583//1561
f 510//1561 2617//1562 869//1561
f 2617//1562 2618//1582 869//1561
f 2617//1562 2619//1579 2618//1582
f 869//1561 2618//1582 865//1583
f 2619//1579 2620//1574 2618//1582
f 2620//1574 2621//1584 2618//1582
f 2620//1574 2622//1576 2621//1584
f 2618//1582 2621//1584 865//1583
f 2619//1579 2623//1564 2620//1574
f 2623//1564 2624//1564 2620//1574
f 2623//1564 2625//1577 2624//1564
f 2620//1574 2624//1564 2622//1576
f 865//1583 2621//1584 862//1585
f 2621//1584 2626//1586 862//1585
f 2621//1584 2622//1576 2626//1586
f 862//1585 2626//1586 860//1569
f 386//1587 2627//1561 2628//1561
f 2627//1561 2629//1584 2628//1561
f 2627//1561 2630//1584 2629//1584
f 2628//1561 2629//1584 2631//1558
f 2630//1584 2632//1564 2629//1584
f 2632//1564 2633//1580 2629//1584
f 2632//1564 2634//1577 2633//1580
f 2629//1584 2633//1580 2631//1558
f 2630//1584 2635//1564 2632//1564
f 2635//1564 2636//1561 2632//1564
f 2635//1564 2637//1564 2636//1561
f 2632//1564 2636//1561 2634//1577
f 2631//1558 2633//1580 2638//1564
f 2633//1580 2639//1588 2638//1564
f 2633//1580 2634//1577 2639//1588
f 2638//1564 2639//1588 2640//1558
f 386//1587 2628//1561 2641//1558
f 2628//1561 2642//1564 2641//1558
f 2628//1561 2631//1558 2642//1564
f 2641//1558 2642//1564 2643//1566
f 2631//1558 2644//1586 2642//1564
f 2644//1586 2645//1561 2642//1564
f 2644//1586 2646//1577 2645//1561
f 2642//1564 2645//1561 2643//1566
f 2631//1558 2638//1564 2644//1586
f 2638//1564 2647//1578 2644//1586
f 2638//1564 2640//1558 2647//1578
f 2644//1586 2647//1578 2646//1577
f 2643//1566 2645//1561 2648//1559
f 2645//1561 2649//1564 2648//1559
f 2645//1561 2646//1577 2649//1564
f 2648//1559 2649//1564 2650//1564
f 641//1565 639//1558 2651//1586
f 639//1558 2652//1576 2651//1586
f 639//1558 635//1561 2652//1576
f 2651//1586 2652//1576 2653//1585
f 635//1561 2654//1586 2652//1576
f 2654//1586 2655//1579 2652//1576
f 2654//1586 2656//1574 2655//1579
f 2652//1576 2655//1579 2653//1585
f 635//1561 633//1561 2654//1586
f 633//1561 2657//1561 2654//1586
f 633//1561 629//1564 2657//1561
f 2654//1586 2657//1561 2656//1574
f 2653//1585 2655//1579 2658//1589
f 2655//1579 2659//1564 2658//1589
f 2655//1579 2656//1574 2659//1564
f 2658//1589 2659//1564 2660//1590
f 2661//1574 2662//1561 2663//1564
f 2662//1561 2664//1578 2663//1564
f 2662//1561 2665//1591 2664//1578
f 2663//1564 2664//1578 2666//1561
f 2665//1591 2667//1564 2664//1578
f 2667//1564 2668//1592 2664//1578
f 2667//1564 2669//1593 2668//1592
f 2664//1578 2668//1592 2666//1561
f 2665//1591 2670//1594 2667//1564
f 2670//1594 2671//1585 2667//1564
f 2670//1594 2640//1558 2671//1585
f 2667//1564 2671//1585 2669//1593
f 2666//1561 2668//1592 2672//1593
f 2668//1592 2673//1558 2672//1593
f 2668//1592 2669//1593 2673//1558
f 2672//1593 2673//1558 2674//1595
f 2661//1574 2675//1564 2676//1596
f 2675//1564 2677//1573 2676//1596
f 2675//1564 2678//1597 2677//1573
f 2676//1596 2677//1573 2679//1561
f 2678//1597 2680//1573 2677//1573
f 2680//1573 2681//1562 2677//1573
f 2680//1573 2612//1565 2681//1562
f 2677//1573 2681//1562 2679//1561
f 2678//1597 2682//1564 2680//1573
f 2682//1564 2609//1574 2680//1573
f 2682//1564 2607//1560 2609//1574
f 2680//1573 2609//1574 2612//1565
f 2679//1561 2681//1562 2683//1577
f 2681//1562 2616//1564 2683//1577
f 2681//1562 2612//1565 2616//1564
f 2683//1577 2616//1564 2583//1561
f 2684//1578 2685//1564 2686//1564
f 2685//1564 2687//1598 2686//1564
f 2685//1564 2688//1558 2687//1598
f 2686//1564 2687//1598 2689//1561
f 2688//1558 2690//1561 2687//1598
f 2690//1561 2691//1564 2687//1598
f 2690//1561 2692//1585 2691//1564
f 2687//1598 2691//1564 2689//1561
f 2688//1558 2693//1561 2690//1561
f 2693//1561 2694//1561 2690//1561
f 2693//1561 2607//1560 2694//1561
f 2690//1561 2694//1561 2692//1585
f 2689//1561 2691//1564 2695//1561
f 2691//1564 2696//1573 2695//1561
f 2691//1564 2692//1585 2696//1573
f 2695//1561 2696//1573 2697//1563
f 2661//1574 2663//1564 2698//1574
f 2663//1564 2699//1599 2698//1574
f 2663//1564 2666//1561 2699//1599
f 2698//1574 2699//1599 2700//1558
f 2666//1561 2701//1600 2699//1599
f 2701//1600 2702//1561 2699//1599
f 2701//1600 2703//1601 2702//1561
f 2699//1599 2702//1561 2700//1558
f 2666//1561 2672//1593 2701//1600
f 2672//1593 2704//1602 2701//1600
f 2672//1593 2674//1595 2704//1602
f 2701//1600 2704//1602 2703//1601
f 2700//1558 2702//1561 2705//1584
f 2702//1561 2706//1557 2705//1584
f 2702//1561 2703//1601 2706//1557
f 2705//1584 2706//1557 2600//1562
f 386//1587 2338//1564 2627//1561
f 2338//1564 2707//1603 2627//1561
f 2338//1564 2341//1558 2707//1603
f 2627//1561 2707//1603 2630//1584
f 2341//1558 2708//1561 2707//1603
f 2708//1561 2709//1582 2707//1603
f 2708//1561 2710//1585 2709//1582
f 2707//1603 2709//1582 2630//1584
f 2341//1558 2348//1586 2708//1561
f 2348//1586 2711//1558 2708//1561
f 2348//1586 723//1604 2711//1558
f 2708//1561 2711//1558 2710//1585
f 2630//1584 2709//1582 2635//1564
f 2709//1582 2712//1580 2635//1564
f 2709//1582 2710//1585 2712//1580
f 2635//1564 2712//1580 2637//1564
f 2661//1574 2698//1574 2713//1561
f 2698//1574 2714//1605 2713//1561
f 2698//1574 2700//1558 2714//1605
f 2713//1561 2714//1605 2715//1564
f 2700//1558 2716//1606 2714//1605
f 2716//1606 2717//1558 2714//1605
f 2716//1606 2594//1568 2717//1558
f 2714//1605 2717//1558 2715//1564
f 2700//1558 2705//1584 2716//1606
f 2705//1584 2599//1570 2716//1606
f 2705//1584 2600//1562 2599//1570
f 2716//1606 2599//1570 2594//1568
f 2715//1564 2717//1558 2718//1605
f 2717//1558 2596//1560 2718//1605
f 2717//1558 2594//1568 2596//1560
f 2718//1605 2596//1560 2597//1561
f 2661//1574 2676//1596 2662//1561
f 2676//1596 2719//1561 2662//1561
f 2676//1596 2679//1561 2719//1561
f 2662//1561 2719//1561 2665//1591
f 2679//1561 2720//1558 2719//1561
f 2720//1558 2721//1564 2719//1561
f 2720//1558 2722//1561 2721//1564
f 2719//1561 2721//1564 2665//1591
f 2679//1561 2683//1577 2720//1558
f 2683//1577 2723//1561 2720//1558
f 2683//1577 2583//1561 2723//1561
f 2720//1558 2723//1561 2722//1561
f 2665//1591 2721//1564 2670//1594
f 2721//1564 2724//1561 2670//1594
f 2721//1564 2722//1561 2724//1561
f 2670//1594 2724//1561 2640//1558
f 2640//1558 2639//1588 2671//1585
f 2639//1588 2725//1577 2671//1585
f 2639//1588 2634//1577 2725//1577
f 2671//1585 2725//1577 2669//1593
f 2634//1577 2726//1558 2725//1577
f 2726//1558 2727//1564 2725//1577
f 2726//1558 2728//1578 2727//1564
f 2725//1577 2727//1564 2669//1593
f 2634//1577 2636//1561 2726//1558
f 2636//1561 2729//1564 2726//1558
f 2636//1561 2637//1564 2729//1564
f 2726//1558 2729//1564 2728//1578
f 2669//1593 2727//1564 2673//1558
f 2727//1564 2730//1562 2673//1558
f 2727//1564 2728//1578 2730//1562
f 2673//1558 2730//1562 2674//1595
f 510//1561 2731//1561 2617//1562
f 2731//1561 2732//1584 2617//1562
f 2731//1561 2733//1607 2732//1584
f 2617//1562 2732//1584 2619//1579
f 2733//1607 2734//1586 2732//1584
f 2734//1586 2735//1608 2732//1584
f 2734//1586 2736//1609 2735//1608
f 2732//1584 2735//1608 2619//1579
f 2733//1607 2737//1561 2734//1586
f 2737//1561 2738//1564 2734//1586
f 2737//1561 2739//1580 2738//1564
f 2734//1586 2738//1564 2736//1609
f 2619//1579 2735//1608 2623//1564
f 2735//1608 2740//1598 2623//1564
f 2735//1608 2736//1609 2740//1598
f 2623//1564 2740//1598 2625//1577
f 2741//1569 2742//1564 2743//1558
f 2742//1564 2744//1610 2743//1558
f 2742//1564 2745//1564 2744//1610
f 2743//1558 2744//1610 2746//1564
f 2745//1564 2747//1564 2744//1610
f 2747//1564 2748//1561 2744//1610
f 2747//1564 2728//1578 2748//1561
f 2744//1610 2748//1561 2746//1564
f 2745//1564 2749//1558 2747//1564
f 2749//1558 2730//1562 2747//1564
f 2749//1558 2674//1595 2730//1562
f 2747//1564 2730//1562 2728//1578
f 2746//1564 2748//1561 2750//1564
f 2748//1561 2729//1564 2750//1564
f 2748//1561 2728//1578 2729//1564
f 2750//1564 2729//1564 2637//1564
f 661//1580 2606//1579 2751//1585
f 2606//1579 2752//1561 2751//1585
f 2606//1579 2604//1576 2752//1561
f 2751//1585 2752//1561 2753//1565
f 2604//1576 2754//1561 2752//1561
f 2754//1561 2755//1611 2752//1561
f 2754//1561 2756//1570 2755//1611
f 2752//1561 2755//1611 2753//1565
f 2604//1576 2605//1577 2754//1561
f 2605//1577 2757//1576 2754//1561
f 2605//1577 2600//1562 2757//1576
f 2754//1561 2757//1576 2756//1570
f 2753//1565 2755//1611 2758//1579
f 2755//1611 2759//1558 2758//1579
f 2755//1611 2756//1570 2759//1558
f 2758//1579 2759//1558 2760//1562
f 2761//1562 2762//1595 2763//1564
f 2762//1595 2764//1558 2763//1564
f 2762//1595 2765//1612 2764//1558
f 2763//1564 2764//1558 2766//1558
f 2765//1612 2767//1585 2764//1558
f 2767//1585 2768//1580 2764//1558
f 2767//1585 2692//1585 2768//1580
f 2764//1558 2768//1580 2766//1558
f 2765//1612 2769//1564 2767//1585
f 2769//1564 2696//1573 2767//1585
f 2769//1564 2697//1563 2696//1573
f 2767//1585 2696//1573 2692//1585
f 2766//1558 2768//1580 2770//1558
f 2768//1580 2694//1561 2770//1558
f 2768//1580 2692//1585 2694//1561
f 2770//1558 2694//1561 2607//1560
f 2684//1578 2771//1558 2685//1564
f 2771//1558 2772//1564 2685//1564
f 2771//1558 2773//1561 2772//1564
f 2685//1564 2772//1564 2688//1558
f 2773//1561 2774//1574 2772//1564
f 2774//1574 2775//1564 2772//1564
f 2774//1574 2611//1564 2775//1564
f 2772//1564 2775//1564 2688//1558
f 2773//1561 2776//1561 2774//1574
f 2776//1561 2615//1561 2774//1574
f 2776//1561 2586//1564 2615//1561
f 2774//1574 2615//1561 2611//1564
f 2688//1558 2775//1564 2693//1561
f 2775//1564 2608//1564 2693//1561
f 2775//1564 2611//1564 2608//1564
f 2693//1561 2608//1564 2607//1560
f 2570//1561 2777//1605 2778//1613
f 2777//1605 2779//1558 2778//1613
f 2777//1605 2780//1564 2779//1558
f 2778//1613 2779//1558 2781//1614
f 2780//1564 2782//1577 2779//1558
f 2782//1577 2783//1577 2779//1558
f 2782//1577 2784//1573 2783//1577
f 2779//1558 2783//1577 2781//1614
f 2780//1564 2785//1564 2782//1577
f 2785//1564 2786//1561 2782//1577
f 2785//1564 2625//1577 2786//1561
f 2782//1577 2786//1561 2784//1573
f 2781//1614 2783//1577 2787//1585
f 2783//1577 2788//1578 2787//1585
f 2783//1577 2784//1573 2788//1578
f 2787//1585 2788//1578 2789//1562
f 629//1564 2545//1615 2790//1562
f 2545//1615 2791//1564 2790//1562
f 2545//1615 2541//1584 2791//1564
f 2790//1562 2791//1564 2792//1616
f 2541//1584 2793//1617 2791//1564
f 2793//1617 2794//1573 2791//1564
f 2793//1617 2795//1598 2794//1573
f 2791//1564 2794//1573 2792//1616
f 2541//1584 2543//1618 2793//1617
f 2543//1618 2796//1619 2793//1617
f 2543//1618 2544//1564 2796//1619
f 2793//1617 2796//1619 2795//1598
f 2792//1616 2794//1573 2797//1620
f 2794//1573 2798//1614 2797//1620
f 2794//1573 2795//1598 2798//1614
f 2797//1620 2798//1614 2799//1561
f 676//1586 675//1621 2800//1561
f 675//1621 2801//1561 2800//1561
f 675//1621 671//1561 2801//1561
f 2800//1561 2801//1561 2802//1622
f 671//1561 2803//1584 2801//1561
f 2803//1584 2804//1564 2801//1561
f 2803//1584 2753//1565 2804//1564
f 2801//1561 2804//1564 2802//1622
f 671//1561 673//1561 2803//1584
f 673//1561 2751//1585 2803//1584
f 673//1561 661//1580 2751//1585
f 2803//1584 2751//1585 2753//1565
f 2802//1622 2804//1564 2805//1577
f 2804//1564 2758//1579 2805//1577
f 2804//1564 2753//1565 2758//1579
f 2805//1577 2758//1579 2760//1562
f 2544//1564 2571//1561 2806//1614
f 2571//1561 2807//1560 2806//1614
f 2571//1561 2567//1558 2807//1560
f 2806//1614 2807//1560 2808//1562
f 2567//1558 2809//1582 2807//1560
f 2809//1582 2810//1585 2807//1560
f 2809//1582 2781//1614 2810//1585
f 2807//1560 2810//1585 2808//1562
f 2567//1558 2569//1561 2809//1582
f 2569//1561 2778//1613 2809//1582
f 2569//1561 2570//1561 2778//1613
f 2809//1582 2778//1613 2781//1614
f 2808//1562 2810//1585 2811//1562
f 2810//1585 2787//1585 2811//1562
f 2810//1585 2781//1614 2787//1585
f 2811//1562 2787//1585 2789//1562
f 2741//1569 2812//1623 2742//1564
f 2812//1623 2813//1562 2742//1564
f 2812//1623 2814//1561 2813//1562
f 2742//1564 2813//1562 2745//1564
f 2814//1561 2815//1564 2813//1562
f 2815//1564 2816//1593 2813//1562
f 2815//1564 2817//1561 2816//1593
f 2813//1562 2816//1593 2745//1564
f 2814//1561 2818//1561 2815//1564
f 2818//1561 2819//1564 2815//1564
f 2818//1561 2760//1562 2819//1564
f 2815//1564 2819//1564 2817//1561
f 2745//1564 2816//1593 2749//1558
f 2816//1593 2820//1585 2749//1558
f 2816//1593 2817//1561 2820//1585
f 2749//1558 2820//1585 2674//1595
f 2640//1558 2724//1561 2647//1578
f 2724//1561 2821//1580 2647//1578
f 2724//1561 2722//1561 2821//1580
f 2647//1578 2821//1580 2646//1577
f 2722//1561 2822//1577 2821//1580
f 2822//1577 2823//1577 2821//1580
f 2822//1577 2824//1564 2823//1577
f 2821//1580 2823//1577 2646//1577
f 2722//1561 2723//1561 2822//1577
f 2723//1561 2825//1591 2822//1577
f 2723//1561 2583//1561 2825//1591
f 2822//1577 2825//1591 2824//1564
f 2646//1577 2823//1577 2649//1564
f 2823//1577 2826//1580 2649//1564
f 2823//1577 2824//1564 2826//1580
f 2649//1564 2826//1580 2650//1564
f 641//1565 2651//1586 2587//1566
f 2651//1586 2827//1564 2587//1566
f 2651//1586 2653//1585 2827//1564
f 2587//1566 2827//1564 2590//1561
f 2653//1585 2828//1560 2827//1564
f 2828//1560 2829//1586 2827//1564
f 2828//1560 2830//1562 2829//1586
f 2827//1564 2829//1586 2590//1561
f 2653//1585 2658//1589 2828//1560
f 2658//1589 2831//1624 2828//1560
f 2658//1589 2660//1590 2831//1624
f 2828//1560 2831//1624 2830//1562
f 2590//1561 2829//1586 2595//1569
f 2829//1586 2832//1558 2595//1569
f 2829//1586 2830//1562 2832//1558
f 2595//1569 2832//1558 2597//1561
f 2572//1557 2833//1564 2573//1558
f 2833//1564 2834//1578 2573//1558
f 2833//1564 2835//1568 2834//1578
f 2573//1558 2834//1578 2576//1558
f 2835//1568 2836//1577 2834//1578
f 2836//1577 2837//1564 2834//1578
f 2836//1577 2824//1564 2837//1564
f 2834//1578 2837//1564 2576//1558
f 2835//1568 2838//1574 2836//1577
f 2838//1574 2826//1580 2836//1577
f 2838//1574 2650//1564 2826//1580
f 2836//1577 2826//1580 2824//1564
f 2576//1558 2837//1564 2581//1564
f 2837//1564 2825//1591 2581//1564
f 2837//1564 2824//1564 2825//1591
f 2581//1564 2825//1591 2583//1561
f 2600//1562 2706//1557 2757//1576
f 2706//1557 2839//1564 2757//1576
f 2706//1557 2703//1601 2839//1564
f 2757//1576 2839//1564 2756//1570
f 2703//1601 2840//1625 2839//1564
f 2840//1625 2841//1561 2839//1564
f 2840//1625 2817//1561 2841//1561
f 2839//1564 2841//1561 2756//1570
f 2703//1601 2704//1602 2840//1625
f 2704//1602 2820//1585 2840//1625
f 2704//1602 2674//1595 2820//1585
f 2840//1625 2820//1585 2817//1561
f 2756//1570 2841//1561 2759//1558
f 2841//1561 2819//1564 2759//1558
f 2841//1561 2817//1561 2819//1564
f 2759//1558 2819//1564 2760//1562
f 629//1564 2842//1591 2657//1561
f 2842//1591 2843//1562 2657//1561
f 2842//1591 2844//1577 2843//1562
f 2657//1561 2843//1562 2656//1574
f 2844//1577 2845//1594 2843//1562
f 2845//1594 2846//1558 2843//1562
f 2845//1594 2847//1622 2846//1558
f 2843//1562 2846//1558 2656//1574
f 2844//1577 2848//1561 2845//1594
f 2848//1561 2849//1574 2845//1594
f 2848//1561 2761//1562 2849//1574
f 2845//1594 2849//1574 2847//1622
f 2656//1574 2846//1558 2659//1564
f 2846//1558 2850//1580 2659//1564
f 2846//1558 2847//1622 2850//1580
f 2659//1564 2850//1580 2660//1590
f 2661//1574 2851//1558 2675//1564
f 2851//1558 2852//1584 2675//1564
f 2851//1558 2853//1579 2852//1584
f 2675//1564 2852//1584 2678//1597
f 2853//1579 2854//1584 2852//1584
f 2854//1584 2855//1561 2852//1584
f 2854//1584 2856//1558 2855//1561
f 2852//1584 2855//1561 2678//1597
f 2853//1579 2857//1626 2854//1584
f 2857//1626 2858//1580 2854//1584
f 2857//1626 2859//1585 2858//1580
f 2854//1584 2858//1580 2856//1558
f 2678//1597 2855//1561 2682//1564
f 2855//1561 2860//1591 2682//1564
f 2855//1561 2856//1558 2860//1591
f 2682//1564 2860//1591 2607//1560
f 2861//1561 2862//1599 2863//1577
f 2862//1599 2864//1564 2863//1577
f 2862//1599 2865//1558 2864//1564
f 2863//1577 2864//1564 2866//1558
f 2865//1558 2867//1578 2864//1564
f 2867//1578 2868//1564 2864//1564
f 2867//1578 2869//1562 2868//1564
f 2864//1564 2868//1564 2866//1558
f 2865//1558 2870//1627 2867//1578
f 2870//1627 2871//1573 2867//1578
f 2870//1627 2799//1561 2871//1573
f 2867//1578 2871//1573 2869//1562
f 2866//1558 2868//1564 2872//1628
f 2868//1564 2873//1580 2872//1628
f 2868//1564 2869//1562 2873//1580
f 2872//1628 2873//1580 2789//1562
f 2661//1574 2713//1561 2851//1558
f 2713//1561 2874//1573 2851//1558
f 2713//1561 2715//1564 2874//1573
f 2851//1558 2874//1573 2853//1579
f 2715//1564 2875//1558 2874//1573
f 2875//1558 2876//1595 2874//1573
f 2875//1558 2877//1577 2876//1595
f 2874//1573 2876//1595 2853//1579
f 2715//1564 2718//1605 2875//1558
f 2718//1605 2878//1578 2875//1558
f 2718//1605 2597//1561 2878//1578
f 2875//1558 2878//1578 2877//1577
f 2853//1579 2876//1595 2857//1626
f 2876//1595 2879//1564 2857//1626
f 2876//1595 2877//1577 2879//1564
f 2857//1626 2879//1564 2859//1585
f 629//1564 2790//1562 2842//1591
f 2790//1562 2880//1600 2842//1591
f 2790//1562 2792//1616 2880//1600
f 2842//1591 2880//1600 2844//1577
f 2792//1616 2881//1629 2880//1600
f 2881//1629 2882//1564 2880//1600
f 2881//1629 2883//1558 2882//1564
f 2880//1600 2882//1564 2844//1577
f 2792//1616 2797//1620 2881//1629
f 2797//1620 2884//1565 2881//1629
f 2797//1620 2799//1561 2884//1565
f 2881//1629 2884//1565 2883//1558
f 2844//1577 2882//1564 2848//1561
f 2882//1564 2885//1565 2848//1561
f 2882//1564 2883//1558 2885//1565
f 2848//1561 2885//1565 2761//1562
f 2544//1564 2806//1614 2796//1619
f 2806//1614 2886//1626 2796//1619
f 2806//1614 2808//1562 2886//1626
f 2796//1619 2886//1626 2795//1598
f 2808//1562 2887//1558 2886//1626
f 2887//1558 2888//1558 2886//1626
f 2887//1558 2869//1562 2888//1558
f 2886//1626 2888//1558 2795//1598
f 2808//1562 2811//1562 2887//1558
f 2811//1562 2873//1580 2887//1558
f 2811//1562 2789//1562 2873//1580
f 2887//1558 2873//1580 2869//1562
f 2795//1598 2888//1558 2798//1614
f 2888//1558 2871//1573 2798//1614
f 2888//1558 2869//1562 2871//1573
f 2798//1614 2871//1573 2799//1561
f 2625//1577 2740//1598 2786//1561
f 2740//1598 2889//1561 2786//1561
f 2740//1598 2736//1609 2889//1561
f 2786//1561 2889//1561 2784//1573
f 2736//1609 2890//1577 2889//1561
f 2890//1577 2891//1614 2889//1561
f 2890//1577 2892//1577 2891//1614
f 2889//1561 2891//1614 2784//1573
f 2736//1609 2738//1564 2890//1577
f 2738//1564 2893//1578 2890//1577
f 2738//1564 2739//1580 2893//1578
f 2890//1577 2893//1578 2892//1577
f 2784//1573 2891//1614 2788//1578
f 2891//1614 2894//1564 2788//1578
f 2891//1614 2892//1577 2894//1564
f 2788//1578 2894//1564 2789//1562
f 2861//1561 2895//1562 2862//1599
f 2895//1562 2896//1561 2862//1599
f 2895//1562 2897//1585 2896//1561
f 2862//1599 2896//1561 2865//1558
f 2897//1585 2898//1558 2896//1561
f 2898//1558 2899//1577 2896//1561
f 2898//1558 2900//1561 2899//1577
f 2896//1561 2899//1577 2865//1558
f 2897//1585 2901//1558 2898//1558
f 2901//1558 2902//1561 2898//1558
f 2901//1558 2697//1563 2902//1561
f 2898//1558 2902//1561 2900//1561
f 2865//1558 2899//1577 2870//1627
f 2899//1577 2903//1593 2870//1627
f 2899//1577 2900//1561 2903//1593
f 2870//1627 2903//1593 2799//1561
f 2761//1562 2885//1565 2762//1595
f 2885//1565 2904//1558 2762//1595
f 2885//1565 2883//1558 2904//1558
f 2762//1595 2904//1558 2765//1612
f 2883//1558 2905//1558 2904//1558
f 2905//1558 2906//1561 2904//1558
f 2905//1558 2900//1561 2906//1561
f 2904//1558 2906//1561 2765//1612
f 2883//1558 2884//1565 2905//1558
f 2884//1565 2903//1593 2905//1558
f 2884//1565 2799//1561 2903//1593
f 2905//1558 2903//1593 2900//1561
f 2765//1612 2906//1561 2769//1564
f 2906//1561 2902//1561 2769//1564
f 2906//1561 2900//1561 2902//1561
f 2769//1564 2902//1561 2697//1563
f 2861//1561 2863//1577 2907//1561
f 2863//1577 2908//1564 2907//1561
f 2863//1577 2866//1558 2908//1564
f 2907//1561 2908//1564 2909//1561
f 2866//1558 2910//1564 2908//1564
f 2910//1564 2911//1558 2908//1564
f 2910//1564 2892//1577 2911//1558
f 2908//1564 2911//1558 2909//1561
f 2866//1558 2872//1628 2910//1564
f 2872//1628 2894//1564 2910//1564
f 2872//1628 2789//1562 2894//1564
f 2910//1564 2894//1564 2892//1577
f 2909//1561 2911//1558 2912//1564
f 2911//1558 2893//1578 2912//1564
f 2911//1558 2892//1577 2893//1578
f 2912//1564 2893//1578 2739//1580
f 2761//1562 2763//1564 2913//1630
f 2763//1564 2914//1561 2913//1630
f 2763//1564 2766//1558 2914//1561
f 2913//1630 2914//1561 2915//1622
f 2766//1558 2916//1564 2914//1561
f 2916//1564 2917//1598 2914//1561
f 2916//1564 2856//1558 2917//1598
f 2914//1561 2917//1598 2915//1622
f 2766//1558 2770//1558 2916//1564
f 2770//1558 2860//1591 2916//1564
f 2770//1558 2607//1560 2860//1591
f 2916//1564 2860//1591 2856//1558
f 2915//1622 2917//1598 2918//1622
f 2917//1598 2858//1580 2918//1622
f 2917//1598 2856//1558 2858//1580
f 2918//1622 2858//1580 2859//1585
f 2597//1561 2832//1558 2878//1578
f 2832//1558 2919//1561 2878//1578
f 2832//1558 2830//1562 2919//1561
f 2878//1578 2919//1561 2877//1577
f 2830//1562 2920//1562 2919//1561
f 2920//1562 2921//1609 2919//1561
f 2920//1562 2922//1562 2921//1609
f 2919//1561 2921//1609 2877//1577
f 2830//1562 2831//1624 2920//1562
f 2831//1624 2923//1585 2920//1562
f 2831//1624 2660//1590 2923//1585
f 2920//1562 2923//1585 2922//1562
f 2877//1577 2921//1609 2879//1564
f 2921//1609 2924//1573 2879//1564
f 2921//1609 2922//1562 2924//1573
f 2879//1564 2924//1573 2859//1585
f 2761//1562 2913//1630 2849//1574
f 2913//1630 2925//1578 2849//1574
f 2913//1630 2915//1622 2925//1578
f 2849//1574 2925//1578 2847//1622
f 2915//1622 2926//1573 2925//1578
f 2926//1573 2927//1631 2925//1578
f 2926//1573 2922//1562 2927//1631
f 2925//1578 2927//1631 2847//1622
f 2915//1622 2918//1622 2926//1573
f 2918//1622 2924//1573 2926//1573
f 2918//1622 2859//1585 2924//1573
f 2926//1573 2924//1573 2922//1562
f 2847//1622 2927//1631 2850//1580
f 2927//1631 2923//1585 2850//1580
f 2927//1631 2922//1562 2923//1585
f 2850//1580 2923//1585 2660//1590
f 510//1561 2928//1627 2929//1565
f 2928//1627 2930//1558 2929//1565
f 2928//1627 2931//1632 2930//1558
f 2929//1565 2930//1558 2932//1584
f 2931//1632 2933//1564 2930//1558
f 2933//1564 2934//1561 2930//1558
f 2933//1564 2577//1561 2934//1561
f 2930//1558 2934//1561 2932//1584
f 2931//1632 2935//1564 2933//1564
f 2935//1564 2574//1559 2933//1564
f 2935//1564 2572//1557 2574//1559
f 2933//1564 2574//1559 2577//1561
f 2932//1584 2934//1561 2936//1561
f 2934//1561 2584//1564 2936//1561
f 2934//1561 2577//1561 2584//1564
f 2936//1561 2584//1564 2586//1564
f 860//1569 2626//1586 2937//1586
f 2626//1586 2938//1600 2937//1586
f 2626//1586 2622//1576 2938//1600
f 2937//1586 2938//1600 2939//1600
f 2622//1576 2940//1558 2938//1600
f 2940//1558 2941//1570 2938//1600
f 2940//1558 2780//1564 2941//1570
f 2938//1600 2941//1570 2939//1600
f 2622//1576 2624//1564 2940//1558
f 2624//1564 2785//1564 2940//1558
f 2624//1564 2625//1577 2785//1564
f 2940//1558 2785//1564 2780//1564
f 2939//1600 2941//1570 2942//1564
f 2941//1570 2777//1605 2942//1564
f 2941//1570 2780//1564 2777//1605
f 2942//1564 2777//1605 2570//1561
f 510//1561 2943//1561 2944//1568
f 2943//1561 2945//1614 2944//1568
f 2943//1561 2946//1561 2945//1614
f 2944//1568 2945//1614 2947//1577
f 2946//1561 2948//1633 2945//1614
f 2948//1633 2949//1561 2945//1614
f 2948//1633 2950//1585 2949//1561
f 2945//1614 2949//1561 2947//1577
f 2946//1561 2951//1564 2948//1633
f 2951//1564 2952//1558 2948//1633
f 2951//1564 2684//1578 2952//1558
f 2948//1633 2952//1558 2950//1585
f 2947//1577 2949//1561 2953//1564
f 2949//1561 2954//1564 2953//1564
f 2949//1561 2950//1585 2954//1564
f 2953//1564 2954//1564 2861//1561
f 723//1604 2955//1562 2711//1558
f 2955//1562 2956//1634 2711//1558
f 2955//1562 2957//1558 2956//1634
f 2711//1558 2956//1634 2710//1585
f 2957//1558 2958//1573 2956//1634
f 2958//1573 2959//1577 2956//1634
f 2958//1573 2746//1564 2959//1577
f 2956//1634 2959//1577 2710//1585
f 2957//1558 2960//1558 2958//1573
f 2960//1558 2743//1558 2958//1573
f 2960//1558 2741//1569 2743//1558
f 2958//1573 2743//1558 2746//1564
f 2710//1585 2959//1577 2712//1580
f 2959//1577 2750//1564 2712//1580
f 2959//1577 2746//1564 2750//1564
f 2712//1580 2750//1564 2637//1564
f 676//1586 2961//1635 773//1558
f 2961//1635 2962//1564 773//1558
f 2961//1635 2963//1577 2962//1564
f 773//1558 2962//1564 775//1562
f 2963//1577 2964//1586 2962//1564
f 2964//1586 2965//1577 2962//1564
f 2964//1586 2957//1558 2965//1577
f 2962//1564 2965//1577 775//1562
f 2963//1577 2966//1636 2964//1586
f 2966//1636 2960//1558 2964//1586
f 2966//1636 2741//1569 2960//1558
f 2964//1586 2960//1558 2957//1558
f 775//1562 2965//1577 778//1558
f 2965//1577 2955//1562 778//1558
f 2965//1577 2957//1558 2955//1562
f 778//1558 2955//1562 723//1604
f 510//1561 2944//1568 2731//1561
f 2944//1568 2967//1564 2731//1561
f 2944//1568 2947//1577 2967//1564
f 2731//1561 2967//1564 2733//1607
f 2947//1577 2968//1564 2967//1564
f 2968//1564 2969//1596 2967//1564
f 2968//1564 2909//1561 2969//1596
f 2967//1564 2969//1596 2733//1607
f 2947//1577 2953//1564 2968//1564
f 2953//1564 2907//1561 2968//1564
f 2953//1564 2861//1561 2907//1561
f 2968//1564 2907//1561 2909//1561
f 2733//1607 2969//1596 2737//1561
f 2969//1596 2912//1564 2737//1561
f 2969//1596 2909//1561 2912//1564
f 2737//1561 2912//1564 2739//1580
f 676//1586 2800//1561 2961//1635
f 2800//1561 2970//1637 2961//1635
f 2800//1561 2802//1622 2970//1637
f 2961//1635 2970//1637 2963//1577
f 2802//1622 2971//1564 2970//1637
f 2971//1564 2972//1561 2970//1637
f 2971//1564 2814//1561 2972//1561
f 2970//1637 2972//1561 2963//1577
f 2802//1622 2805//1577 2971//1564
f 2805//1577 2818//1561 2971//1564
f 2805//1577 2760//1562 2818//1561
f 2971//1564 2818//1561 2814//1561
f 2963//1577 2972//1561 2966//1636
f 2972//1561 2812//1623 2966//1636
f 2972//1561 2814//1561 2812//1623
f 2966//1636 2812//1623 2741//1569
f 2684//1578 2686//1564 2952//1558
f 2686//1564 2973//1561 2952//1558
f 2686//1564 2689//1561 2973//1561
f 2952//1558 2973//1561 2950//1585
f 2689//1561 2974//1561 2973//1561
f 2974//1561 2975//1561 2973//1561
f 2974//1561 2897//1585 2975//1561
f 2973//1561 2975//1561 2950//1585
f 2689//1561 2695//1561 2974//1561
f 2695//1561 2901//1558 2974//1561
f 2695//1561 2697//1563 2901//1558
f 2974//1561 2901//1558 2897//1585
f 2950//1585 2975//1561 2954//1564
f 2975//1561 2895//1562 2954//1564
f 2975//1561 2897//1585 2895//1562
f 2954//1564 2895//1562 2861//1561
f 386//1587 2641//1558 2976//1622
f 2641//1558 2977//1558 2976//1622
f 2641//1558 2643//1566 2977//1558
f 2976//1622 2977//1558 2978//1638
f 2643//1566 2979//1562 2977//1558
f 2979//1562 2980//1577 2977//1558
f 2979//1562 2835//1568 2980//1577
f 2977//1558 2980//1577 2978//1638
f 2643//1566 2648//1559 2979//1562
f 2648//1559 2838//1574 2979//1562
f 2648//1559 2650//1564 2838//1574
f 2979//1562 2838//1574 2835//1568
f 2978//1638 2980//1577 2981//1561
f 2980//1577 2833//1564 2981//1561
f 2980//1577 2835//1568 2833//1564
f 2981//1561 2833//1564 2572//1557
f 510//1561 2929//1565 2943//1561
f 2929//1565 2982//1562 2943//1561
f 2929//1565 2932//1584 2982//1562
f 2943//1561 2982//1562 2946//1561
f 2932//1584 2983//1558 2982//1562
f 2983//1558 2984//1561 2982//1562
f 2983//1558 2773//1561 2984//1561
f 2982//1562 2984//1561 2946//1561
f 2932//1584 2936//1561 2983//1558
f 2936//1561 2776//1561 2983//1558
f 2936//1561 2586//1564 2776//1561
f 2983//1558 2776//1561 2773//1561
f 2946//1561 2984//1561 2951//1564
f 2984//1561 2771//1558 2951//1564
f 2984//1561 2773//1561 2771//1558
f 2951//1564 2771//1558 2684//1578
f 386//1587 2976//1622 583//1639
f 2976//1622 2985//1558 583//1639
f 2976//1622 2978//1638 2985//1558
f 583//1639 2985//1558 586//1639
f 2978//1638 2986//1578 2985//1558
f 2986//1578 2987//1591 2985//1558
f 2986//1578 2931//1632 2987//1591
f 2985//1558 2987//1591 586//1639
f 2978//1638 2981//1561 2986//1578
f 2981//1561 2935//1564 2986//1578
f 2981//1561 2572//1557 2935//1564
f 2986//1578 2935//1564 2931//1632
f 586//1639 2987//1591 592//1640
f 2987//1591 2928//1627 592//1640
f 2987//1591 2931//1632 2928//1627
f 592//1640 2928//1627 510//1561
f 921//1641 2988//1642 2989//1643
f 2988//1642 2990//1644 2989//1643
f 2988//1642 2991//1645 2990//1644
f 2989//1643 2990//1644 2992//1646
f 2991//1645 2993//1645 2990//1644
f 2993//1645 2994//1647 2990//1644
f 2993//1645 2995//1648 2994//1647
f 2990//1644 2994//1647 2992//1646
f 2991//1645 2996//1649 2993//1645
f 2996//1649 2997//1650 2993//1645
f 2996//1649 2998//1651 2997//1650
f 2993//1645 2997//1650 2995//1648
f 2992//1646 2994//1647 2999//1652
f 2994//1647 3000//1653 2999//1652
f 2994//1647 2995//1648 3000//1653
f 2999//1652 3000//1653 3001//1654
f 226//1645 3002//1648 3003//1655
f 3002//1648 3004//1646 3003//1655
f 3002//1648 3005//1656 3004//1646
f 3003//1655 3004//1646 3006//1657
f 3005//1656 3007//1647 3004//1646
f 3007//1647 3008//1658 3004//1646
f 3007//1647 3009//1645 3008//1658
f 3004//1646 3008//1658 3006//1657
f 3005//1656 3010//1651 3007//1647
f 3010//1651 3011//1659 3007//1647
f 3010//1651 3012//1660 3011//1659
f 3007//1647 3011//1659 3009//1645
f 3006//1657 3008//1658 3013//1652
f 3008//1658 3014//1656 3013//1652
f 3008//1658 3009//1645 3014//1656
f 3013//1652 3014//1656 3015//1661
f 226//1645 3016//1662 3002//1648
f 3016//1662 3017//1652 3002//1648
f 3016//1662 3018//1662 3017//1652
f 3002//1648 3017//1652 3005//1656
f 3018//1662 3019//1659 3017//1652
f 3019//1659 3020//1645 3017//1652
f 3019//1659 3021//1656 3020//1645
f 3017//1652 3020//1645 3005//1656
f 3018//1662 3022//1663 3019//1659
f 3022//1663 3023//1664 3019//1659
f 3022//1663 3024//1647 3023//1664
f 3019//1659 3023//1664 3021//1656
f 3005//1656 3020//1645 3010//1651
f 3020//1645 3025//1665 3010//1651
f 3020//1645 3021//1656 3025//1665
f 3010//1651 3025//1665 3012//1660
f 3026//1663 3027//1652 3028//1666
f 3027//1652 3029//1667 3028//1666
f 3027//1652 3030//1668 3029//1667
f 3028//1666 3029//1667 3031//1658
f 3030//1668 3032//1652 3029//1667
f 3032//1652 3033//1652 3029//1667
f 3032//1652 3009//1645 3033//1652
f 3029//1667 3033//1652 3031//1658
f 3030//1668 3034//1666 3032//1652
f 3034//1666 3014//1656 3032//1652
f 3034//1666 3015//1661 3014//1656
f 3032//1652 3014//1656 3009//1645
f 3031//1658 3033//1652 3035//1662
f 3033//1652 3011//1659 3035//1662
f 3033//1652 3009//1645 3011//1659
f 3035//1662 3011//1659 3012//1660
f 175//1668 3036//1668 210//1668
f 3036//1668 3037//1669 210//1668
f 3036//1668 3038//1656 3037//1669
f 210//1668 3037//1669 209//1658
f 3038//1656 3039//1645 3037//1669
f 3039//1645 3040//1670 3037//1669
f 3039//1645 3041//1671 3040//1670
f 3037//1669 3040//1670 209//1658
f 3038//1656 3042//1658 3039//1645
f 3042//1658 3043//1668 3039//1645
f 3042//1658 3044//1668 3043//1668
f 3039//1645 3043//1668 3041//1671
f 209//1658 3040//1670 212//1647
f 3040//1670 3045//1658 212//1647
f 3040//1670 3041//1671 3045//1658
f 212//1647 3045//1658 213//1645
f 893//1652 3046//1672 3047//1673
f 3046//1672 3048//1662 3047//1673
f 3046//1672 3049//1674 3048//1662
f 3047//1673 3048//1662 3050//1644
f 3049//1674 3051//1675 3048//1662
f 3051//1675 3052//1675 3048//1662
f 3051//1675 3053//1662 3052//1675
f 3048//1662 3052//1675 3050//1644
f 3049//1674 3054//1662 3051//1675
f 3054//1662 3055//1662 3051//1675
f 3054//1662 3001//1654 3055//1662
f 3051//1675 3055//1662 3053//1662
f 3050//1644 3052//1675 3056//1676
f 3052//1675 3057//1677 3056//1676
f 3052//1675 3053//1662 3057//1677
f 3056//1676 3057//1677 3044//1668
f 2998//1651 3058//1668 3059//1668
f 3058//1668 3060//1659 3059//1668
f 3058//1668 3061//1652 3060//1659
f 3059//1668 3060//1659 3062//1678
f 3061//1652 3063//1679 3060//1659
f 3063//1679 3064//1668 3060//1659
f 3063//1679 3021//1656 3064//1668
f 3060//1659 3064//1668 3062//1678
f 3061//1652 3065//1668 3063//1679
f 3065//1668 3025//1665 3063//1679
f 3065//1668 3012//1660 3025//1665
f 3063//1679 3025//1665 3021//1656
f 3062//1678 3064//1668 3066//1680
f 3064//1668 3023//1664 3066//1680
f 3064//1668 3021//1656 3023//1664
f 3066//1680 3023//1664 3024//1647
f 3026//1663 3067//1644 3068//1667
f 3067//1644 3069//1668 3068//1667
f 3067//1644 3070//1668 3069//1668
f 3068//1667 3069//1668 3071//1644
f 3070//1668 3072//1652 3069//1668
f 3072//1652 3073//1681 3069//1668
f 3072//1652 3074//1668 3073//1681
f 3069//1668 3073//1681 3071//1644
f 3070//1668 3075//1682 3072//1652
f 3075//1682 3076//1646 3072//1652
f 3075//1682 3077//1657 3076//1646
f 3072//1652 3076//1646 3074//1668
f 3071//1644 3073//1681 3078//1683
f 3073//1681 3079//1651 3078//1683
f 3073//1681 3074//1668 3079//1651
f 3078//1683 3079//1651 3080//1668
f 857//1662 3081//1668 968//1667
f 3081//1668 3082//1666 968//1667
f 3081//1668 3083//1659 3082//1666
f 968//1667 3082//1666 971//1668
f 3083//1659 3084//1645 3082//1666
f 3084//1645 3085//1667 3082//1666
f 3084//1645 3086//1659 3085//1667
f 3082//1666 3085//1667 971//1668
f 3083//1659 3087//1663 3084//1645
f 3087//1663 3088//1645 3084//1645
f 3087//1663 3080//1668 3088//1645
f 3084//1645 3088//1645 3086//1659
f 971//1668 3085//1667 975//1641
f 3085//1667 3089//1668 975//1641
f 3085//1667 3086//1659 3089//1668
f 975//1641 3089//1668 921//1641
f 226//1645 225//1646 3016//1662
f 225//1646 3090//1641 3016//1662
f 225//1646 221//1645 3090//1641
f 3016//1662 3090//1641 3018//1662
f 221//1645 3091//1684 3090//1641
f 3091//1684 3092//1685 3090//1641
f 3091//1684 3093//1686 3092//1685
f 3090//1641 3092//1685 3018//1662
f 221//1645 223//1668 3091//1684
f 223//1668 3094//1645 3091//1684
f 223//1668 213//1645 3094//1645
f 3091//1684 3094//1645 3093//1686
f 3018//1662 3092//1685 3022//1663
f 3092//1685 3095//1645 3022//1663
f 3092//1685 3093//1686 3095//1645
f 3022//1663 3095//1645 3024//1647
f 213//1645 3045//1658 3094//1645
f 3045//1658 3096//1683 3094//1645
f 3045//1658 3041//1671 3096//1683
f 3094//1645 3096//1683 3093//1686
f 3041//1671 3097//1662 3096//1683
f 3097//1662 3098//1668 3096//1683
f 3097//1662 3099//1681 3098//1668
f 3096//1683 3098//1668 3093//1686
f 3041//1671 3043//1668 3097//1662
f 3043//1668 3100//1687 3097//1662
f 3043//1668 3044//1668 3100//1687
f 3097//1662 3100//1687 3099//1681
f 3093//1686 3098//1668 3095//1645
f 3098//1668 3101//1668 3095//1645
f 3098//1668 3099//1681 3101//1668
f 3095//1645 3101//1668 3024//1647
f 857//1662 868//1674 3081//1668
f 868//1674 3102//1659 3081//1668
f 868//1674 864//1687 3102//1659
f 3081//1668 3102//1659 3083//1659
f 864//1687 3103//1687 3102//1659
f 3103//1687 3104//1645 3102//1659
f 3103//1687 3105//1645 3104//1645
f 3102//1659 3104//1645 3083//1659
f 864//1687 861//1662 3103//1687
f 861//1662 3106//1641 3103//1687
f 861//1662 860//1688 3106//1641
f 3103//1687 3106//1641 3105//1645
f 3083//1659 3104//1645 3087//1663
f 3104//1645 3107//1645 3087//1663
f 3104//1645 3105//1645 3107//1645
f 3087//1663 3107//1645 3080//1668
f 175//1668 1558//1662 3036//1668
f 1558//1662 3108//1689 3036//1668
f 1558//1662 1560//1668 3108//1689
f 3036//1668 3108//1689 3038//1656
f 1560//1668 3109//1668 3108//1689
f 3109//1668 3110//1690 3108//1689
f 3109//1668 3050//1644 3110//1690
f 3108//1689 3110//1690 3038//1656
f 1560//1668 1565//1669 3109//1668
f 1565//1669 3047//1673 3109//1668
f 1565//1669 893//1652 3047//1673
f 3109//1668 3047//1673 3050//1644
f 3038//1656 3110//1690 3042//1658
f 3110//1690 3056//1676 3042//1658
f 3110//1690 3050//1644 3056//1676
f 3042//1658 3056//1676 3044//1668
f 2998//1651 3111//1644 3058//1668
f 3111//1644 3112//1667 3058//1668
f 3111//1644 3113//1659 3112//1667
f 3058//1668 3112//1667 3061//1652
f 3113//1659 3114//1691 3112//1667
f 3114//1691 3115//1692 3112//1667
f 3114//1691 3116//1667 3115//1692
f 3112//1667 3115//1692 3061//1652
f 3113//1659 3117//1674 3114//1691
f 3117//1674 3118//1647 3114//1691
f 3117//1674 3077//1657 3118//1647
f 3114//1691 3118//1647 3116//1667
f 3061//1652 3115//1692 3065//1668
f 3115//1692 3119//1645 3065//1668
f 3115//1692 3116//1667 3119//1645
f 3065//1668 3119//1645 3012//1660
f 921//1641 3120//1675 2988//1642
f 3120//1675 3121//1674 2988//1642
f 3120//1675 3122//1663 3121//1674
f 2988//1642 3121//1674 2991//1645
f 3122//1663 3123//1662 3121//1674
f 3123//1662 3124//1662 3121//1674
f 3123//1662 3113//1659 3124//1662
f 3121//1674 3124//1662 2991//1645
f 3122//1663 3125//1661 3123//1662
f 3125//1661 3117//1674 3123//1662
f 3125//1661 3077//1657 3117//1674
f 3123//1662 3117//1674 3113//1659
f 2991//1645 3124//1662 2996//1649
f 3124//1662 3111//1644 2996//1649
f 3124//1662 3113//1659 3111//1644
f 2996//1649 3111//1644 2998//1651
f 3044//1668 3057//1677 3100//1687
f 3057//1677 3126//1658 3100//1687
f 3057//1677 3053//1662 3126//1658
f 3100//1687 3126//1658 3099//1681
f 3053//1662 3127//1693 3126//1658
f 3127//1693 3128//1681 3126//1658
f 3127//1693 3129//1678 3128//1681
f 3126//1658 3128//1681 3099//1681
f 3053//1662 3055//1662 3127//1693
f 3055//1662 3130//1674 3127//1693
f 3055//1662 3001//1654 3130//1674
f 3127//1693 3130//1674 3129//1678
f 3099//1681 3128//1681 3101//1668
f 3128//1681 3131//1684 3101//1668
f 3128//1681 3129//1678 3131//1684
f 3101//1668 3131//1684 3024//1647
f 3026//1663 3028//1666 3067//1644
f 3028//1666 3132//1659 3067//1644
f 3028//1666 3031//1658 3132//1659
f 3067//1644 3132//1659 3070//1668
f 3031//1658 3133//1645 3132//1659
f 3133//1645 3134//1659 3132//1659
f 3133//1645 3116//1667 3134//1659
f 3132//1659 3134//1659 3070//1668
f 3031//1658 3035//1662 3133//1645
f 3035//1662 3119//1645 3133//1645
f 3035//1662 3012//1660 3119//1645
f 3133//1645 3119//1645 3116//1667
f 3070//1668 3134//1659 3075//1682
f 3134//1659 3118//1647 3075//1682
f 3134//1659 3116//1667 3118//1647
f 3075//1682 3118//1647 3077//1657
f 921//1641 3089//1668 3120//1675
f 3089//1668 3135//1662 3120//1675
f 3089//1668 3086//1659 3135//1662
f 3120//1675 3135//1662 3122//1663
f 3086//1659 3136//1659 3135//1662
f 3136//1659 3137//1659 3135//1662
f 3136//1659 3074//1668 3137//1659
f 3135//1662 3137//1659 3122//1663
f 3086//1659 3088//1645 3136//1659
f 3088//1645 3079//1651 3136//1659
f 3088//1645 3080//1668 3079//1651
f 3136//1659 3079//1651 3074//1668
f 3122//1663 3137//1659 3125//1661
f 3137//1659 3076//1646 3125//1661
f 3137//1659 3074//1668 3076//1646
f 3125//1661 3076//1646 3077//1657
f 2998//1651 3059//1668 2997//1650
f 3059//1668 3138//1659 2997//1650
f 3059//1668 3062//1678 3138//1659
f 2997//1650 3138//1659 2995//1648
f 3062//1678 3139//1646 3138//1659
f 3139//1646 3140//1668 3138//1659
f 3139//1646 3129//1678 3140//1668
f 3138//1659 3140//1668 2995//1648
f 3062//1678 3066//1680 3139//1646
f 3066//1680 3131//1684 3139//1646
f 3066//1680 3024//1647 3131//1684
f 3139//1646 3131//1684 3129//1678
f 2995//1648 3140//1668 3000//1653
f 3140//1668 3130//1674 3000//1653
f 3140//1668 3129//1678 3130//1674
f 3000//1653 3130//1674 3001//1654
f 860//1688 3141//1652 3106//1641
f 3141//1652 3142//1658 3106//1641
f 3141//1652 3143//1674 3142//1658
f 3106//1641 3142//1658 3105//1645
f 3143//1674 3144//1667 3142//1658
f 3144//1667 3145//1667 3142//1658
f 3144//1667 3071//1644 3145//1667
f 3142//1658 3145//1667 3105//1645
f 3143//1674 3146//1674 3144//1667
f 3146//1674 3068//1667 3144//1667
f 3146//1674 3026//1663 3068//1667
f 3144//1667 3068//1667 3071//1644
f 3105//1645 3145//1667 3107//1645
f 3145//1667 3078//1683 3107//1645
f 3145//1667 3071//1644 3078//1683
f 3107//1645 3078//1683 3080//1668
f 893//1652 960//1668 3046//1672
f 960//1668 3147//1658 3046//1672
f 960//1668 963//1668 3147//1658
f 3046//1672 3147//1658 3049//1674
f 963//1668 3148//1658 3147//1658
f 3148//1658 3149//1668 3147//1658
f 3148//1658 2992//1646 3149//1668
f 3147//1658 3149//1668 3049//1674
f 963//1668 967//1668 3148//1658
f 967//1668 2989//1643 3148//1658
f 967//1668 921//1641 2989//1643
f 3148//1658 2989//1643 2992//1646
f 3049//1674 3149//1668 3054//1662
f 3149//1668 2999//1652 3054//1662
f 3149//1668 2992//1646 2999//1652
f 3054//1662 2999//1652 3001//1654
f 3026//1663 3150//1652 3027//1652
f 3150//1652 3151//1694 3027//1652
f 3150//1652 3152//1652 3151//1694
f 3027//1652 3151//1694 3030//1668
f 3152//1652 3153//1668 3151//1694
f 3153//1668 3154//1644 3151//1694
f 3153//1668 3155//1652 3154//1644
f 3151//1694 3154//1644 3030//1668
f 3152//1652 3156//1668 3153//1668
f 3156//1668 3157//1652 3153//1668
f 3156//1668 3158//1658 3157//1652
f 3153//1668 3157//1652 3155//1652
f 3030//1668 3154//1644 3034//1666
f 3154//1644 3159//1671 3034//1666
f 3154//1644 3155//1652 3159//1671
f 3034//1666 3159//1671 3015//1661
f 3160//1695 3161//1696 3162//1697
f 3161//1696 3163//1698 3162//1697
f 3161//1696 3164//1698 3163//1698
f 3162//1697 3163//1698 3165//1699
f 3164//1698 3166//1696 3163//1698
f 3166//1696 3167//1700 3163//1698
f 3166//1696 3168//1701 3167//1700
f 3163//1698 3167//1700 3165//1699
f 3164//1698 3169//1702 3166//1696
f 3169//1702 3170//1703 3166//1696
f 3169//1702 3171//1704 3170//1703
f 3166//1696 3170//1703 3168//1701
f 3165//1699 3167//1700 3172//1705
f 3167//1700 3173//1696 3172//1705
f 3167//1700 3168//1701 3173//1696
f 3172//1705 3173//1696 3174//1706
f 3175//1701 3176//1701 3177//1707
f 3176//1701 3178//1697 3177//1707
f 3176//1701 3179//1701 3178//1697
f 3177//1707 3178//1697 3180//1708
f 3179//1701 3181//1695 3178//1697
f 3181//1695 3182//1697 3178//1697
f 3181//1695 3183//1697 3182//1697
f 3178//1697 3182//1697 3180//1708
f 3179//1701 3184//1701 3181//1695
f 3184//1701 3185//1697 3181//1695
f 3184//1701 3186//1703 3185//1697
f 3181//1695 3185//1697 3183//1697
f 3180//1708 3182//1697 3187//1707
f 3182//1697 3188//1697 3187//1707
f 3182//1697 3183//1697 3188//1697
f 3187//1707 3188//1697 3189//1705
f 3190//1709 3191//1710 3192//1711
f 3191//1710 3193//1709 3192//1711
f 3191//1710 3194//1712 3193//1709
f 3192//1711 3193//1709 3195//1706
f 3194//1712 3196//1713 3193//1709
f 3196//1713 3197//1698 3193//1709
f 3196//1713 3198//1703 3197//1698
f 3193//1709 3197//1698 3195//1706
f 3194//1712 3199//1697 3196//1713
f 3199//1697 3200//1702 3196//1713
f 3199//1697 3175//1701 3200//1702
f 3196//1713 3200//1702 3198//1703
f 3195//1706 3197//1698 3201//1705
f 3197//1698 3202//1707 3201//1705
f 3197//1698 3198//1703 3202//1707
f 3201//1705 3202//1707 3203//1707
f 1516//1706 3204//1706 3205//1701
f 3204//1706 3206//1711 3205//1701
f 3204//1706 3207//1713 3206//1711
f 3205//1701 3206//1711 3208//1701
f 3207//1713 3209//1701 3206//1711
f 3209//1701 3210//1714 3206//1711
f 3209//1701 3211//1707 3210//1714
f 3206//1711 3210//1714 3208//1701
f 3207//1713 3212//1715 3209//1701
f 3212//1715 3213//1706 3209//1701
f 3212//1715 3214//1698 3213//1706
f 3209//1701 3213//1706 3211//1707
f 3208//1701 3210//1714 3215//1712
f 3210//1714 3216//1707 3215//1712
f 3210//1714 3211//1707 3216//1707
f 3215//1712 3216//1707 3217//1703
f 3160//1695 3162//1697 3218//1700
f 3162//1697 3219//1700 3218//1700
f 3162//1697 3165//1699 3219//1700
f 3218//1700 3219//1700 3220//1704
f 3165//1699 3221//1697 3219//1700
f 3221//1697 3222//1711 3219//1700
f 3221//1697 3223//1716 3222//1711
f 3219//1700 3222//1711 3220//1704
f 3165//1699 3172//1705 3221//1697
f 3172//1705 3224//1701 3221//1697
f 3172//1705 3174//1706 3224//1701
f 3221//1697 3224//1701 3223//1716
f 3220//1704 3222//1711 3225//1712
f 3222//1711 3226//1703 3225//1712
f 3222//1711 3223//1716 3226//1703
f 3225//1712 3226//1703 3189//1705
f 3175//1701 3177//1707 3227//1703
f 3177//1707 3228//1697 3227//1703
f 3177//1707 3180//1708 3228//1697
f 3227//1703 3228//1697 3229//1704
f 3180//1708 3230//1701 3228//1697
f 3230//1701 3231//1717 3228//1697
f 3230//1701 3223//1716 3231//1717
f 3228//1697 3231//1717 3229//1704
f 3180//1708 3187//1707 3230//1701
f 3187//1707 3226//1703 3230//1701
f 3187//1707 3189//1705 3226//1703
f 3230//1701 3226//1703 3223//1716
f 3229//1704 3231//1717 3232//1714
f 3231//1717 3224//1701 3232//1714
f 3231//1717 3223//1716 3224//1701
f 3232//1714 3224//1701 3174//1706
f 3175//1701 3227//1703 3200//1702
f 3227//1703 3233//1698 3200//1702
f 3227//1703 3229//1704 3233//1698
f 3200//1702 3233//1698 3198//1703
f 3229//1704 3234//1713 3233//1698
f 3234//1713 3235//1713 3233//1698
f 3234//1713 3236//1702 3235//1713
f 3233//1698 3235//1713 3198//1703
f 3229//1704 3232//1714 3234//1713
f 3232//1714 3237//1716 3234//1713
f 3232//1714 3174//1706 3237//1716
f 3234//1713 3237//1716 3236//1702
f 3198//1703 3235//1713 3202//1707
f 3235//1713 3238//1703 3202//1707
f 3235//1713 3236//1702 3238//1703
f 3202//1707 3238//1703 3203//1707
f 3160//1695 3218//1700 3239//1706
f 3218//1700 3240//1703 3239//1706
f 3218//1700 3220//1704 3240//1703
f 3239//1706 3240//1703 3241//1703
f 3220//1704 3242//1709 3240//1703
f 3242//1709 3243//1709 3240//1703
f 3242//1709 3244//1707 3243//1709
f 3240//1703 3243//1709 3241//1703
f 3220//1704 3225//1712 3242//1709
f 3225//1712 3245//1706 3242//1709
f 3225//1712 3189//1705 3245//1706
f 3242//1709 3245//1706 3244//1707
f 3241//1703 3243//1709 3246//1703
f 3243//1709 3247//1713 3246//1703
f 3243//1709 3244//1707 3247//1713
f 3246//1703 3247//1713 3214//1698
f 3186//1703 3248//1718 3185//1697
f 3248//1718 3249//1695 3185//1697
f 3248//1718 3250//1719 3249//1695
f 3185//1697 3249//1695 3183//1697
f 3250//1719 3251//1706 3249//1695
f 3251//1706 3252//1697 3249//1695
f 3251//1706 3253//1698 3252//1697
f 3249//1695 3252//1697 3183//1697
f 3250//1719 3254//1720 3251//1706
f 3254//1720 3255//1701 3251//1706
f 3254//1720 3217//1703 3255//1701
f 3251//1706 3255//1701 3253//1698
f 3183//1697 3252//1697 3188//1697
f 3252//1697 3256//1713 3188//1697
f 3252//1697 3253//1698 3256//1713
f 3188//1697 3256//1713 3189//1705
f 3203//1707 3238//1703 3257//1705
f 3238//1703 3258//1696 3257//1705
f 3238//1703 3236//1702 3258//1696
f 3257//1705 3258//1696 3259//1707
f 3236//1702 3260//1712 3258//1696
f 3260//1712 3261//1720 3258//1696
f 3260//1712 3168//1701 3261//1720
f 3258//1696 3261//1720 3259//1707
f 3236//1702 3237//1716 3260//1712
f 3237//1716 3173//1696 3260//1712
f 3237//1716 3174//1706 3173//1696
f 3260//1712 3173//1696 3168//1701
f 3259//1707 3261//1720 3262//1707
f 3261//1720 3170//1703 3262//1707
f 3261//1720 3168//1701 3170//1703
f 3262//1707 3170//1703 3171//1704
f 3189//1705 3256//1713 3245//1706
f 3256//1713 3263//1706 3245//1706
f 3256//1713 3253//1698 3263//1706
f 3245//1706 3263//1706 3244//1707
f 3253//1698 3264//1721 3263//1706
f 3264//1721 3265//1697 3263//1706
f 3264//1721 3211//1707 3265//1697
f 3263//1706 3265//1697 3244//1707
f 3253//1698 3255//1701 3264//1721
f 3255//1701 3216//1707 3264//1721
f 3255//1701 3217//1703 3216//1707
f 3264//1721 3216//1707 3211//1707
f 3244//1707 3265//1697 3247//1713
f 3265//1697 3213//1706 3247//1713
f 3265//1697 3211//1707 3213//1706
f 3247//1713 3213//1706 3214//1698
f 1516//1706 3266//1701 3204//1706
f 3266//1701 3267//1701 3204//1706
f 3266//1701 3268//1713 3267//1701
f 3204//1706 3267//1701 3207//1713
f 3268//1713 3269//1701 3267//1701
f 3269//1701 3270//1697 3267//1701
f 3269//1701 3271//1722 3270//1697
f 3267//1701 3270//1697 3207//1713
f 3268//1713 3272//1713 3269//1701
f 3272//1713 3273//1706 3269//1701
f 3272//1713 3274//1706 3273//1706
f 3269//1701 3273//1706 3271//1722
f 3207//1713 3270//1697 3212//1715
f 3270//1697 3275//1697 3212//1715
f 3270//1697 3271//1722 3275//1697
f 3212//1715 3275//1697 3214//1698
f 3160//1695 3239//1706 3276//1695
f 3239//1706 3277//1720 3276//1695
f 3239//1706 3241//1703 3277//1720
f 3276//1695 3277//1720 3278//1701
f 3241//1703 3279//1701 3277//1720
f 3279//1701 3280//1701 3277//1720
f 3279//1701 3271//1722 3280//1701
f 3277//1720 3280//1701 3278//1701
f 3241//1703 3246//1703 3279//1701
f 3246//1703 3275//1697 3279//1701
f 3246//1703 3214//1698 3275//1697
f 3279//1701 3275//1697 3271//1722
f 3278//1701 3280//1701 3281//1701
f 3280//1701 3273//1706 3281//1701
f 3280//1701 3271//1722 3273//1706
f 3281//1701 3273//1706 3274//1706
f 1516//1706 3205//1701 3282//1701
f 3205//1701 3283//1707 3282//1701
f 3205//1701 3208//1701 3283//1707
f 3282//1701 3283//1707 3284//1701
f 3208//1701 3285//1717 3283//1707
f 3285//1717 3286//1697 3283//1707
f 3285//1717 3250//1719 3286//1697
f 3283//1707 3286//1697 3284//1701
f 3208//1701 3215//1712 3285//1717
f 3215//1712 3254//1720 3285//1717
f 3215//1712 3217//1703 3254//1720
f 3285//1717 3254//1720 3250//1719
f 3284//1701 3286//1697 3287//1707
f 3286//1697 3248//1718 3287//1707
f 3286//1697 3250//1719 3248//1718
f 3287//1707 3248//1718 3186//1703
f 1516//1706 1552//1706 3266//1701
f 1552//1706 3288//1701 3266//1701
f 1552//1706 1554//1701 3288//1701
f 3266//1701 3288//1701 3268//1713
f 1554//1701 3289//1701 3288//1701
f 3289//1701 3290//1701 3288//1701
f 3289//1701 3291//1713 3290//1701
f 3288//1701 3290//1701 3268//1713
f 1554//1701 1557//1713 3289//1701
f 1557//1713 3292//1701 3289//1701
f 1557//1713 1550//1701 3292//1701
f 3289//1701 3292//1701 3291//1713
f 3268//1713 3290//1701 3272//1713
f 3290//1701 3293//1713 3272//1713
f 3290//1701 3291//1713 3293//1713
f 3272//1713 3293//1713 3274//1706
f 3294//1024 3295//1024 3296//1024
f 3295//1024 3297//1024 3296//1024
f 3295//1024 3298//1024 3297//1024
f 3296//1024 3297//1024 3299//1024
f 3298//1024 3300//1024 3297//1024
f 3300//1024 3301//1024 3297//1024
f 3300//1024 1520//1024 3301//1024
f 3297//1024 3301//1024 3299//1024
f 3298//1024 3302//1024 3300//1024
f 3302//1024 1525//1024 3300//1024
f 3302//1024 1515//1024 1525//1024
f 3300//1024 1525//1024 1520//1024
f 3299//1024 3301//1024 3303//1024
f 3301//1024 1517//1024 3303//1024
f 3301//1024 1520//1024 1517//1024
f 3303//1024 1517//1024 1516//1024
f 3186//1024 3304//1024 3287//1024
f 3304//1024 3305//1024 3287//1024
f 3304//1024 3306//1024 3305//1024
f 3287//1024 3305//1024 3284//1024
f 3306//1024 3307//1024 3305//1024
f 3307//1024 3308//1024 3305//1024
f 3307//1024 3299//1024 3308//1024
f 3305//1024 3308//1024 3284//1024
f 3306//1024 3309//1024 3307//1024
f 3309//1024 3296//1024 3307//1024
f 3309//1024 3294//1024 3296//1024
f 3307//1024 3296//1024 3299//1024
f 3284//1024 3308//1024 3282//1024
f 3308//1024 3303//1024 3282//1024
f 3308//1024 3299//1024 3303//1024
f 3282//1024 3303//1024 1516//1024
f 3310//1723 3311//1724 3312//1725
f 3311//1724 3313//1726 3312//1725
f 3311//1724 3314//1727 3313//1726
f 3312//1725 3313//1726 3315//1728
f 3314//1727 3316//1726 3313//1726
f 3316//1726 3317//1729 3313//1726
f 3316//1726 3318//1730 3317//1729
f 3313//1726 3317//1729 3315//1728
f 3314//1727 3319//1725 3316//1726
f 3319//1725 3320//1731 3316//1726
f 3319//1725 3321//1732 3320//1731
f 3316//1726 3320//1731 3318//1730
f 3315//1728 3317//1729 3322//1733
f 3317//1729 3323//1734 3322//1733
f 3317//1729 3318//1730 3323//1734
f 3322//1733 3323//1734 3324//1735
f 1231//1727 1506//1736 3325//1724
f 1506//1736 3326//1737 3325//1724
f 1506//1736 1508//1727 3326//1737
f 3325//1724 3326//1737 3327//1736
f 1508//1727 3328//1737 3326//1737
f 3328//1737 3329//1737 3326//1737
f 3328//1737 3330//1730 3329//1737
f 3326//1737 3329//1737 3327//1736
f 1508//1727 1513//1738 3328//1737
f 1513//1738 3331//1724 3328//1737
f 1513//1738 1515//1727 3331//1724
f 3328//1737 3331//1724 3330//1730
f 3327//1736 3329//1737 3332//1727
f 3329//1737 3333//1739 3332//1727
f 3329//1737 3330//1730 3333//1739
f 3332//1727 3333//1739 3334//1727
f 1110//1730 1241//1727 3335//1730
f 1241//1727 3336//1727 3335//1730
f 1241//1727 1243//1738 3336//1727
f 3335//1730 3336//1727 3337//1724
f 1243//1738 3338//1738 3336//1727
f 3338//1738 3339//1740 3336//1727
f 3338//1738 3340//1727 3339//1740
f 3336//1727 3339//1740 3337//1724
f 1243//1738 1246//1727 3338//1738
f 1246//1727 3341//1741 3338//1738
f 1246//1727 1231//1727 3341//1741
f 3338//1738 3341//1741 3340//1727
f 3337//1724 3339//1740 3342//1742
f 3339//1740 3343//1727 3342//1742
f 3339//1740 3340//1727 3343//1727
f 3342//1742 3343//1727 3344//1730
f 3324//1735 3323//1734 3345//1730
f 3323//1734 3346//1743 3345//1730
f 3323//1734 3318//1730 3346//1743
f 3345//1730 3346//1743 3347//1727
f 3318//1730 3348//1744 3346//1743
f 3348//1744 3349//1744 3346//1743
f 3348//1744 3350//1728 3349//1744
f 3346//1743 3349//1744 3347//1727
f 3318//1730 3320//1731 3348//1744
f 3320//1731 3351//1745 3348//1744
f 3320//1731 3321//1732 3351//1745
f 3348//1744 3351//1745 3350//1728
f 3347//1727 3349//1744 3352//1730
f 3349//1744 3353//1727 3352//1730
f 3349//1744 3350//1728 3353//1727
f 3352//1730 3353//1727 3334//1727
f 1231//1727 3354//1727 3355//1727
f 3354//1727 3356//1727 3355//1727
f 3354//1727 3357//1731 3356//1727
f 3355//1727 3356//1727 3358//1746
f 3357//1731 3359//1747 3356//1727
f 3359//1747 3360//1748 3356//1727
f 3359//1747 3361//1749 3360//1748
f 3356//1727 3360//1748 3358//1746
f 3357//1731 3362//1727 3359//1747
f 3362//1727 3363//1736 3359//1747
f 3362//1727 3321//1732 3363//1736
f 3359//1747 3363//1736 3361//1749
f 3358//1746 3360//1748 3364//1727
f 3360//1748 3365//1727 3364//1727
f 3360//1748 3361//1749 3365//1727
f 3364//1727 3365//1727 3366//1727
f 1231//1727 3325//1724 3354//1727
f 3325//1724 3367//1731 3354//1727
f 3325//1724 3327//1736 3367//1731
f 3354//1727 3367//1731 3357//1731
f 3327//1736 3368//1730 3367//1731
f 3368//1730 3369//1737 3367//1731
f 3368//1730 3350//1728 3369//1737
f 3367//1731 3369//1737 3357//1731
f 3327//1736 3332//1727 3368//1730
f 3332//1727 3353//1727 3368//1730
f 3332//1727 3334//1727 3353//1727
f 3368//1730 3353//1727 3350//1728
f 3357//1731 3369//1737 3362//1727
f 3369//1737 3351//1745 3362//1727
f 3369//1737 3350//1728 3351//1745
f 3362//1727 3351//1745 3321//1732
f 3370//1727 3371//1725 3372//1730
f 3371//1725 3373//1737 3372//1730
f 3371//1725 3374//1750 3373//1737
f 3372//1730 3373//1737 3375//1751
f 3374//1750 3376//1730 3373//1737
f 3376//1730 3377//1724 3373//1737
f 3376//1730 3378//1752 3377//1724
f 3373//1737 3377//1724 3375//1751
f 3374//1750 3379//1753 3376//1730
f 3379//1753 3380//1727 3376//1730
f 3379//1753 3381//1727 3380//1727
f 3376//1730 3380//1727 3378//1752
f 3375//1751 3377//1724 3382//1751
f 3377//1724 3383//1741 3382//1751
f 3377//1724 3378//1752 3383//1741
f 3382//1751 3383//1741 3344//1730
f 1231//1727 3355//1727 3341//1741
f 3355//1727 3384//1727 3341//1741
f 3355//1727 3358//1746 3384//1727
f 3341//1741 3384//1727 3340//1727
f 3358//1746 3385//1727 3384//1727
f 3385//1727 3386//1727 3384//1727
f 3385//1727 3387//1727 3386//1727
f 3384//1727 3386//1727 3340//1727
f 3358//1746 3364//1727 3385//1727
f 3364//1727 3388//1723 3385//1727
f 3364//1727 3366//1727 3388//1723
f 3385//1727 3388//1723 3387//1727
f 3340//1727 3386//1727 3343//1727
f 3386//1727 3389//1730 3343//1727
f 3386//1727 3387//1727 3389//1730
f 3343//1727 3389//1730 3344//1730
f 3370//1727 3390//1742 3371//1725
f 3390//1742 3391//1725 3371//1725
f 3390//1742 3392//1754 3391//1725
f 3371//1725 3391//1725 3374//1750
f 3392//1754 3393//1727 3391//1725
f 3393//1727 3394//1727 3391//1725
f 3393//1727 3395//1755 3394//1727
f 3391//1725 3394//1727 3374//1750
f 3392//1754 3396//1756 3393//1727
f 3396//1756 3397//1757 3393//1727
f 3396//1756 3398//1741 3397//1757
f 3393//1727 3397//1757 3395//1755
f 3374//1750 3394//1727 3379//1753
f 3394//1727 3399//1751 3379//1753
f 3394//1727 3395//1755 3399//1751
f 3379//1753 3399//1751 3381//1727
f 3370//1727 3400//1758 3401//1728
f 3400//1758 3402//1759 3401//1728
f 3400//1758 3403//1727 3402//1759
f 3401//1728 3402//1759 3404//1759
f 3403//1727 3405//1760 3402//1759
f 3405//1760 3406//1727 3402//1759
f 3405//1760 3361//1749 3406//1727
f 3402//1759 3406//1727 3404//1759
f 3403//1727 3407//1727 3405//1760
f 3407//1727 3365//1727 3405//1760
f 3407//1727 3366//1727 3365//1727
f 3405//1760 3365//1727 3361//1749
f 3404//1759 3406//1727 3408//1761
f 3406//1727 3363//1736 3408//1761
f 3406//1727 3361//1749 3363//1736
f 3408//1761 3363//1736 3321//1732
f 1021//1727 3409//1751 3410//1738
f 3409//1751 3411//1724 3410//1738
f 3409//1751 3412//1762 3411//1724
f 3410//1738 3411//1724 3413//1727
f 3412//1762 3414//1763 3411//1724
f 3414//1763 3415//1751 3411//1724
f 3414//1763 3416//1727 3415//1751
f 3411//1724 3415//1751 3413//1727
f 3412//1762 3417//1730 3414//1763
f 3417//1730 3418//1764 3414//1763
f 3417//1730 3419//1725 3418//1764
f 3414//1763 3418//1764 3416//1727
f 3413//1727 3415//1751 3420//1724
f 3415//1751 3421//1727 3420//1724
f 3415//1751 3416//1727 3421//1727
f 3420//1724 3421//1727 3422//1730
f 3370//1727 3401//1728 3423//1727
f 3401//1728 3424//1765 3423//1727
f 3401//1728 3404//1759 3424//1765
f 3423//1727 3424//1765 3425//1724
f 3404//1759 3426//1759 3424//1765
f 3426//1759 3427//1728 3424//1765
f 3426//1759 3428//1738 3427//1728
f 3424//1765 3427//1728 3425//1724
f 3404//1759 3408//1761 3426//1759
f 3408//1761 3429//1738 3426//1759
f 3408//1761 3321//1732 3429//1738
f 3426//1759 3429//1738 3428//1738
f 3425//1724 3427//1728 3430//1727
f 3427//1728 3431//1727 3430//1727
f 3427//1728 3428//1738 3431//1727
f 3430//1727 3431//1727 3432//1740
f 3310//1723 3433//1766 3434//1767
f 3433//1766 3435//1768 3434//1767
f 3433//1766 3436//1724 3435//1768
f 3434//1767 3435//1768 3437//1727
f 3436//1724 3438//1741 3435//1768
f 3438//1741 3439//1743 3435//1768
f 3438//1741 3440//1769 3439//1743
f 3435//1768 3439//1743 3437//1727
f 3436//1724 3441//1770 3438//1741
f 3441//1770 3442//1771 3438//1741
f 3441//1770 3419//1725 3442//1771
f 3438//1741 3442//1771 3440//1769
f 3437//1727 3439//1743 3443//1738
f 3439//1743 3444//1730 3443//1738
f 3439//1743 3440//1769 3444//1730
f 3443//1738 3444//1730 3445//1724
f 3310//1723 3312//1725 3446//1727
f 3312//1725 3447//1725 3446//1727
f 3312//1725 3315//1728 3447//1725
f 3446//1727 3447//1725 3448//1772
f 3315//1728 3449//1727 3447//1725
f 3449//1727 3450//1727 3447//1725
f 3449//1727 3451//1724 3450//1727
f 3447//1725 3450//1727 3448//1772
f 3315//1728 3322//1733 3449//1727
f 3322//1733 3452//1756 3449//1727
f 3322//1733 3324//1735 3452//1756
f 3449//1727 3452//1756 3451//1724
f 3448//1772 3450//1727 3453//1740
f 3450//1727 3454//1745 3453//1740
f 3450//1727 3451//1724 3454//1745
f 3453//1740 3454//1745 3455//1745
f 3370//1727 3456//1773 3457//1727
f 3456//1773 3458//1727 3457//1727
f 3456//1773 3459//1730 3458//1727
f 3457//1727 3458//1727 3460//1731
f 3459//1730 3461//1727 3458//1727
f 3461//1727 3462//1725 3458//1727
f 3461//1727 3463//1727 3462//1725
f 3458//1727 3462//1725 3460//1731
f 3459//1730 3464//1761 3461//1727
f 3464//1761 3465//1753 3461//1727
f 3464//1761 3466//1774 3465//1753
f 3461//1727 3465//1753 3463//1727
f 3460//1731 3462//1725 3467//1730
f 3462//1725 3468//1730 3467//1730
f 3462//1725 3463//1727 3468//1730
f 3467//1730 3468//1730 3469//1724
f 1069//1733 3470//1724 3471//1727
f 3470//1724 3472//1727 3471//1727
f 3470//1724 3473//1727 3472//1727
f 3471//1727 3472//1727 3474//1775
f 3473//1727 3475//1760 3472//1727
f 3475//1760 3476//1727 3472//1727
f 3475//1760 3395//1755 3476//1727
f 3472//1727 3476//1727 3474//1775
f 3473//1727 3477//1741 3475//1760
f 3477//1741 3399//1751 3475//1760
f 3477//1741 3381//1727 3399//1751
f 3475//1760 3399//1751 3395//1755
f 3474//1775 3476//1727 3478//1738
f 3476//1727 3397//1757 3478//1738
f 3476//1727 3395//1755 3397//1757
f 3478//1738 3397//1757 3398//1741
f 3370//1727 3423//1727 3456//1773
f 3423//1727 3479//1727 3456//1773
f 3423//1727 3425//1724 3479//1727
f 3456//1773 3479//1727 3459//1730
f 3425//1724 3480//1724 3479//1727
f 3480//1724 3481//1730 3479//1727
f 3480//1724 3482//1730 3481//1730
f 3479//1727 3481//1730 3459//1730
f 3425//1724 3430//1727 3480//1724
f 3430//1727 3483//1724 3480//1724
f 3430//1727 3432//1740 3483//1724
f 3480//1724 3483//1724 3482//1730
f 3459//1730 3481//1730 3464//1761
f 3481//1730 3484//1727 3464//1761
f 3481//1730 3482//1730 3484//1727
f 3464//1761 3484//1727 3466//1774
f 3370//1727 3457//1727 3390//1742
f 3457//1727 3485//1771 3390//1742
f 3457//1727 3460//1731 3485//1771
f 3390//1742 3485//1771 3392//1754
f 3460//1731 3486//1776 3485//1771
f 3486//1776 3487//1771 3485//1771
f 3486//1776 3488//1777 3487//1771
f 3485//1771 3487//1771 3392//1754
f 3460//1731 3467//1730 3486//1776
f 3467//1730 3489//1778 3486//1776
f 3467//1730 3469//1724 3489//1778
f 3486//1776 3489//1778 3488//1777
f 3392//1754 3487//1771 3396//1756
f 3487//1771 3490//1738 3396//1756
f 3487//1771 3488//1777 3490//1738
f 3396//1756 3490//1738 3398//1741
f 1021//1727 3491//1727 3409//1751
f 3491//1727 3492//1779 3409//1751
f 3491//1727 3493//1730 3492//1779
f 3409//1751 3492//1779 3412//1762
f 3493//1730 3494//1727 3492//1779
f 3494//1727 3495//1780 3492//1779
f 3494//1727 3440//1769 3495//1780
f 3492//1779 3495//1780 3412//1762
f 3493//1730 3496//1780 3494//1727
f 3496//1780 3444//1730 3494//1727
f 3496//1780 3445//1724 3444//1730
f 3494//1727 3444//1730 3440//1769
f 3412//1762 3495//1780 3417//1730
f 3495//1780 3442//1771 3417//1730
f 3495//1780 3440//1769 3442//1771
f 3417//1730 3442//1771 3419//1725
f 3370//1727 3372//1730 3400//1758
f 3372//1730 3497//1727 3400//1758
f 3372//1730 3375//1751 3497//1727
f 3400//1758 3497//1727 3403//1727
f 3375//1751 3498//1727 3497//1727
f 3498//1727 3499//1727 3497//1727
f 3498//1727 3387//1727 3499//1727
f 3497//1727 3499//1727 3403//1727
f 3375//1751 3382//1751 3498//1727
f 3382//1751 3389//1730 3498//1727
f 3382//1751 3344//1730 3389//1730
f 3498//1727 3389//1730 3387//1727
f 3403//1727 3499//1727 3407//1727
f 3499//1727 3388//1723 3407//1727
f 3499//1727 3387//1727 3388//1723
f 3407//1727 3388//1723 3366//1727
f 1009//1727 3500//1724 3501//1727
f 3500//1724 3502//1773 3501//1727
f 3500//1724 3503//1727 3502//1773
f 3501//1727 3502//1773 3504//1727
f 3503//1727 3505//1727 3502//1773
f 3505//1727 3506//1756 3502//1773
f 3505//1727 3463//1727 3506//1756
f 3502//1773 3506//1756 3504//1727
f 3503//1727 3507//1727 3505//1727
f 3507//1727 3468//1730 3505//1727
f 3507//1727 3469//1724 3468//1730
f 3505//1727 3468//1730 3463//1727
f 3504//1727 3506//1756 3508//1724
f 3506//1756 3465//1753 3508//1724
f 3506//1756 3463//1727 3465//1753
f 3508//1724 3465//1753 3466//1774
f 3310//1723 3446//1727 3433//1766
f 3446//1727 3509//1781 3433//1766
f 3446//1727 3448//1772 3509//1781
f 3433//1766 3509//1781 3436//1724
f 3448//1772 3510//1727 3509//1781
f 3510//1727 3511//1753 3509//1781
f 3510//1727 3512//1731 3511//1753
f 3509//1781 3511//1753 3436//1724
f 3448//1772 3453//1740 3510//1727
f 3453//1740 3513//1782 3510//1727
f 3453//1740 3455//1745 3513//1782
f 3510//1727 3513//1782 3512//1731
f 3436//1724 3511//1753 3441//1770
f 3511//1753 3514//1724 3441//1770
f 3511//1753 3512//1731 3514//1724
f 3441//1770 3514//1724 3419//1725
f 1009//1727 1032//1727 3500//1724
f 1032//1727 3515//1724 3500//1724
f 1032//1727 1028//1727 3515//1724
f 3500//1724 3515//1724 3503//1727
f 1028//1727 3516//1727 3515//1724
f 3516//1727 3517//1730 3515//1724
f 3516//1727 3518//1761 3517//1730
f 3515//1724 3517//1730 3503//1727
f 1028//1727 1030//1727 3516//1727
f 1030//1727 3519//1775 3516//1727
f 1030//1727 1031//1727 3519//1775
f 3516//1727 3519//1775 3518//1761
f 3503//1727 3517//1730 3507//1727
f 3517//1730 3520//1738 3507//1727
f 3517//1730 3518//1761 3520//1738
f 3507//1727 3520//1738 3469//1724
f 1069//1733 3471//1727 1067//1783
f 3471//1727 3521//1753 1067//1783
f 3471//1727 3474//1775 3521//1753
f 1067//1783 3521//1753 1061//1727
f 3474//1775 3522//1727 3521//1753
f 3522//1727 3523//1730 3521//1753
f 3522//1727 3524//1784 3523//1730
f 3521//1753 3523//1730 1061//1727
f 3474//1775 3478//1738 3522//1727
f 3478//1738 3525//1724 3522//1727
f 3478//1738 3398//1741 3525//1724
f 3522//1727 3525//1724 3524//1784
f 1061//1727 3523//1730 1058//1727
f 3523//1730 3526//1764 1058//1727
f 3523//1730 3524//1784 3526//1764
f 1058//1727 3526//1764 1031//1727
f 3310//1723 3527//1785 3311//1724
f 3527//1785 3528//1786 3311//1724
f 3527//1785 3529//1724 3528//1786
f 3311//1724 3528//1786 3314//1727
f 3529//1724 3530//1751 3528//1786
f 3530//1751 3531//1751 3528//1786
f 3530//1751 3428//1738 3531//1751
f 3528//1786 3531//1751 3314//1727
f 3529//1724 3532//1729 3530//1751
f 3532//1729 3431//1727 3530//1751
f 3532//1729 3432//1740 3431//1727
f 3530//1751 3431//1727 3428//1738
f 3314//1727 3531//1751 3319//1725
f 3531//1751 3429//1738 3319//1725
f 3531//1751 3428//1738 3429//1738
f 3319//1725 3429//1738 3321//1732
f 3310//1723 3434//1767 3533//1730
f 3434//1767 3534//1747 3533//1730
f 3434//1767 3437//1727 3534//1747
f 3533//1730 3534//1747 3535//1748
f 3437//1727 3536//1747 3534//1747
f 3536//1747 3537//1747 3534//1747
f 3536//1747 3538//1727 3537//1747
f 3534//1747 3537//1747 3535//1748
f 3437//1727 3443//1738 3536//1747
f 3443//1738 3539//1727 3536//1747
f 3443//1738 3445//1724 3539//1727
f 3536//1747 3539//1727 3538//1727
f 3535//1748 3537//1747 3540//1730
f 3537//1747 3541//1724 3540//1730
f 3537//1747 3538//1727 3541//1724
f 3540//1730 3541//1724 3466//1774
f 3422//1730 3421//1727 3542//1772
f 3421//1727 3543//1778 3542//1772
f 3421//1727 3416//1727 3543//1778
f 3542//1772 3543//1778 3544//1787
f 3416//1727 3545//1788 3543//1778
f 3545//1788 3546//1778 3543//1778
f 3545//1788 3547//1727 3546//1778
f 3543//1778 3546//1778 3544//1787
f 3416//1727 3418//1764 3545//1788
f 3418//1764 3548//1727 3545//1788
f 3418//1764 3419//1725 3548//1727
f 3545//1788 3548//1727 3547//1727
f 3544//1787 3546//1778 3549//1753
f 3546//1778 3550//1780 3549//1753
f 3546//1778 3547//1727 3550//1780
f 3549//1753 3550//1780 3551//1727
f 3422//1730 3542//1772 3552//1753
f 3542//1772 3553//1789 3552//1753
f 3542//1772 3544//1787 3553//1789
f 3552//1753 3553//1789 3554//1727
f 3544//1787 3555//1727 3553//1789
f 3555//1727 3556//1725 3553//1789
f 3555//1727 3557//1743 3556//1725
f 3553//1789 3556//1725 3554//1727
f 3544//1787 3549//1753 3555//1727
f 3549//1753 3558//1733 3555//1727
f 3549//1753 3551//1727 3558//1733
f 3555//1727 3558//1733 3557//1743
f 3554//1727 3556//1725 3559//1724
f 3556//1725 3560//1790 3559//1724
f 3556//1725 3557//1743 3560//1790
f 3559//1724 3560//1790 3561//1727
f 3294//1727 3562//1740 3563//1727
f 3562//1740 3564//1737 3563//1727
f 3562//1740 3565//1727 3564//1737
f 3563//1727 3564//1737 3566//1750
f 3565//1727 3567//1791 3564//1737
f 3567//1791 3568//1732 3564//1737
f 3567//1791 3569//1738 3568//1732
f 3564//1737 3568//1732 3566//1750
f 3565//1727 3570//1736 3567//1791
f 3570//1736 3571//1724 3567//1791
f 3570//1736 3551//1727 3571//1724
f 3567//1791 3571//1724 3569//1738
f 3566//1750 3568//1732 3572//1758
f 3568//1732 3573//1724 3572//1758
f 3568//1732 3569//1738 3573//1724
f 3572//1758 3573//1724 3574//1792
f 1009//1727 3501//1727 3575//1740
f 3501//1727 3576//1741 3575//1740
f 3501//1727 3504//1727 3576//1741
f 3575//1740 3576//1741 3577//1724
f 3504//1727 3578//1741 3576//1741
f 3578//1741 3579//1791 3576//1741
f 3578//1741 3580//1793 3579//1791
f 3576//1741 3579//1791 3577//1724
f 3504//1727 3508//1724 3578//1741
f 3508//1724 3581//1724 3578//1741
f 3508//1724 3466//1774 3581//1724
f 3578//1741 3581//1724 3580//1793
f 3577//1724 3579//1791 3582//1724
f 3579//1791 3583//1793 3582//1724
f 3579//1791 3580//1793 3583//1793
f 3582//1724 3583//1793 3584//1727
f 3310//1723 3533//1730 3527//1785
f 3533//1730 3585//1727 3527//1785
f 3533//1730 3535//1748 3585//1727
f 3527//1785 3585//1727 3529//1724
f 3535//1748 3586//1727 3585//1727
f 3586//1727 3587//1753 3585//1727
f 3586//1727 3482//1730 3587//1753
f 3585//1727 3587//1753 3529//1724
f 3535//1748 3540//1730 3586//1727
f 3540//1730 3484//1727 3586//1727
f 3540//1730 3466//1774 3484//1727
f 3586//1727 3484//1727 3482//1730
f 3529//1724 3587//1753 3532//1729
f 3587//1753 3483//1724 3532//1729
f 3587//1753 3482//1730 3483//1724
f 3532//1729 3483//1724 3432//1740
f 1021//1727 3588//1727 3491//1727
f 3588//1727 3589//1727 3491//1727
f 3588//1727 3590//1733 3589//1727
f 3491//1727 3589//1727 3493//1730
f 3590//1733 3591//1775 3589//1727
f 3591//1775 3592//1775 3589//1727
f 3591//1775 3593//1723 3592//1775
f 3589//1727 3592//1775 3493//1730
f 3590//1733 3594//1727 3591//1775
f 3594//1727 3595//1733 3591//1775
f 3594//1727 3584//1727 3595//1733
f 3591//1775 3595//1733 3593//1723
f 3493//1730 3592//1775 3496//1780
f 3592//1775 3596//1724 3496//1780
f 3592//1775 3593//1723 3596//1724
f 3496//1780 3596//1724 3445//1724
f 3466//1774 3541//1724 3581//1724
f 3541//1724 3597//1724 3581//1724
f 3541//1724 3538//1727 3597//1724
f 3581//1724 3597//1724 3580//1793
f 3538//1727 3598//1724 3597//1724
f 3598//1724 3599//1730 3597//1724
f 3598//1724 3593//1723 3599//1730
f 3597//1724 3599//1730 3580//1793
f 3538//1727 3539//1727 3598//1724
f 3539//1727 3596//1724 3598//1724
f 3539//1727 3445//1724 3596//1724
f 3598//1724 3596//1724 3593//1723
f 3580//1793 3599//1730 3583//1793
f 3599//1730 3595//1733 3583//1793
f 3599//1730 3593//1723 3595//1733
f 3583//1793 3595//1733 3584//1727
f 1031//1727 3526//1764 3519//1775
f 3526//1764 3600//1727 3519//1775
f 3526//1764 3524//1784 3600//1727
f 3519//1775 3600//1727 3518//1761
f 3524//1784 3601//1725 3600//1727
f 3601//1725 3602//1727 3600//1727
f 3601//1725 3488//1777 3602//1727
f 3600//1727 3602//1727 3518//1761
f 3524//1784 3525//1724 3601//1725
f 3525//1724 3490//1738 3601//1725
f 3525//1724 3398//1741 3490//1738
f 3601//1725 3490//1738 3488//1777
f 3518//1761 3602//1727 3520//1738
f 3602//1727 3489//1778 3520//1738
f 3602//1727 3488//1777 3489//1778
f 3520//1738 3489//1778 3469//1724
f 3419//1725 3514//1724 3603//1727
f 3514//1724 3604//1748 3603//1727
f 3514//1724 3512//1731 3604//1748
f 3603//1727 3604//1748 3605//1740
f 3512//1731 3606//1730 3604//1748
f 3606//1730 3607//1748 3604//1748
f 3606//1730 3608//1727 3607//1748
f 3604//1748 3607//1748 3605//1740
f 3512//1731 3513//1782 3606//1730
f 3513//1782 3609//1724 3606//1730
f 3513//1782 3455//1745 3609//1724
f 3606//1730 3609//1724 3608//1727
f 3605//1740 3607//1748 3610//1741
f 3607//1748 3611//1724 3610//1741
f 3607//1748 3608//1727 3611//1724
f 3610//1741 3611//1724 3574//1792
f 3419//1725 3603//1727 3548//1727
f 3603//1727 3612//1751 3548//1727
f 3603//1727 3605//1740 3612//1751
f 3548//1727 3612//1751 3547//1727
f 3605//1740 3613//1752 3612//1751
f 3613//1752 3614//1727 3612//1751
f 3613//1752 3569//1738 3614//1727
f 3612//1751 3614//1727 3547//1727
f 3605//1740 3610//1741 3613//1752
f 3610//1741 3573//1724 3613//1752
f 3610//1741 3574//1792 3573//1724
f 3613//1752 3573//1724 3569//1738
f 3547//1727 3614//1727 3550//1780
f 3614//1727 3571//1724 3550//1780
f 3614//1727 3569//1738 3571//1724
f 3550//1780 3571//1724 3551//1727
f 1009//1727 3575//1740 1013//1727
f 3575//1740 3615//1730 1013//1727
f 3575//1740 3577//1724 3615//1730
f 1013//1727 3615//1730 1015//1727
f 3577//1724 3616//1725 3615//1730
f 3616//1725 3617//1725 3615//1730
f 3616//1725 3590//1733 3617//1725
f 3615//1730 3617//1725 1015//1727
f 3577//1724 3582//1724 3616//1725
f 3582//1724 3594//1727 3616//1725
f 3582//1724 3584//1727 3594//1727
f 3616//1725 3594//1727 3590//1733
f 1015//1727 3617//1725 1019//1727
f 3617//1725 3588//1727 1019//1727
f 3617//1725 3590//1733 3588//1727
f 1019//1727 3588//1727 1021//1727
f 1515//1727 3302//1727 3618//1727
f 3302//1727 3619//1725 3618//1727
f 3302//1727 3298//1727 3619//1725
f 3618//1727 3619//1725 3620//1724
f 3298//1727 3621//1727 3619//1725
f 3621//1727 3622//1727 3619//1725
f 3621//1727 3623//1730 3622//1727
f 3619//1725 3622//1727 3620//1724
f 3298//1727 3295//1727 3621//1727
f 3295//1727 3624//1730 3621//1727
f 3295//1727 3294//1727 3624//1730
f 3621//1727 3624//1730 3623//1730
f 3620//1724 3622//1727 3625//1730
f 3622//1727 3626//1730 3625//1730
f 3622//1727 3623//1730 3626//1730
f 3625//1730 3626//1730 3324//1735
f 1069//1733 1190//1738 3470//1724
f 1190//1738 3627//1741 3470//1724
f 1190//1738 1192//1738 3627//1741
f 3470//1724 3627//1741 3473//1727
f 1192//1738 3628//1741 3627//1741
f 3628//1741 3629//1741 3627//1741
f 3628//1741 3630//1738 3629//1741
f 3627//1741 3629//1741 3473//1727
f 1192//1738 1195//1738 3628//1741
f 1195//1738 3631//1736 3628//1741
f 1195//1738 1110//1730 3631//1736
f 3628//1741 3631//1736 3630//1738
f 3473//1727 3629//1741 3477//1741
f 3629//1741 3632//1736 3477//1741
f 3629//1741 3630//1738 3632//1736
f 3477//1741 3632//1736 3381//1727
f 1110//1730 3335//1730 3631//1736
f 3335//1730 3633//1742 3631//1736
f 3335//1730 3337//1724 3633//1742
f 3631//1736 3633//1742 3630//1738
f 3337//1724 3634//1727 3633//1742
f 3634//1727 3635//1727 3633//1742
f 3634//1727 3378//1752 3635//1727
f 3633//1742 3635//1727 3630//1738
f 3337//1724 3342//1742 3634//1727
f 3342//1742 3383//1741 3634//1727
f 3342//1742 3344//1730 3383//1741
f 3634//1727 3383//1741 3378//1752
f 3630//1738 3635//1727 3632//1736
f 3635//1727 3380//1727 3632//1736
f 3635//1727 3378//1752 3380//1727
f 3632//1736 3380//1727 3381//1727
f 3294//1727 3563//1727 3624//1730
f 3563//1727 3636//1764 3624//1730
f 3563//1727 3566//1750 3636//1764
f 3624//1730 3636//1764 3623//1730
f 3566//1750 3637//1794 3636//1764
f 3637//1794 3638//1764 3636//1764
f 3637//1794 3639//1727 3638//1764
f 3636//1764 3638//1764 3623//1730
f 3566//1750 3572//1758 3637//1794
f 3572//1758 3640//1730 3637//1794
f 3572//1758 3574//1792 3640//1730
f 3637//1794 3640//1730 3639//1727
f 3623//1730 3638//1764 3626//1730
f 3638//1764 3641//1730 3626//1730
f 3638//1764 3639//1727 3641//1730
f 3626//1730 3641//1730 3324//1735
f 1515//1727 3618//1727 3331//1724
f 3618//1727 3642//1727 3331//1724
f 3618//1727 3620//1724 3642//1727
f 3331//1724 3642//1727 3330//1730
f 3620//1724 3643//1727 3642//1727
f 3643//1727 3644//1731 3642//1727
f 3643//1727 3347//1727 3644//1731
f 3642//1727 3644//1731 3330//1730
f 3620//1724 3625//1730 3643//1727
f 3625//1730 3345//1730 3643//1727
f 3625//1730 3324//1735 3345//1730
f 3643//1727 3345//1730 3347//1727
f 3330//1730 3644//1731 3333//1739
f 3644//1731 3352//1730 3333//1739
f 3644//1731 3347//1727 3352//1730
f 3333//1739 3352//1730 3334//1727
f 3324//1735 3641//1730 3452//1756
f 3641//1730 3645//1724 3452//1756
f 3641//1730 3639//1727 3645//1724
f 3452//1756 3645//1724 3451//1724
f 3639//1727 3646//1753 3645//1724
f 3646//1753 3647//1727 3645//1724
f 3646//1753 3608//1727 3647//1727
f 3645//1724 3647//1727 3451//1724
f 3639//1727 3640//1730 3646//1753
f 3640//1730 3611//1724 3646//1753
f 3640//1730 3574//1792 3611//1724
f 3646//1753 3611//1724 3608//1727
f 3451//1724 3647//1727 3454//1745
f 3647//1727 3609//1724 3454//1745
f 3647//1727 3608//1727 3609//1724
f 3454//1745 3609//1724 3455//1745
f 3294//1727 3648//1736 3562//1740
f 3648//1736 3649//1727 3562//1740
f 3648//1736 3650//1736 3649//1727
f 3562//1740 3649//1727 3565//1727
f 3650//1736 3651//1727 3649//1727
f 3651//1727 3652//1727 3649//1727
f 3651//1727 3557//1743 3652//1727
f 3649//1727 3652//1727 3565//1727
f 3650//1736 3653//1736 3651//1727
f 3653//1736 3560//1790 3651//1727
f 3653//1736 3561//1727 3560//1790
f 3651//1727 3560//1790 3557//1743
f 3565//1727 3652//1727 3570//1736
f 3652//1727 3558//1733 3570//1736
f 3652//1727 3557//1743 3558//1733
f 3570//1736 3558//1733 3551//1727
f 3561//1795 3654//1795 3559//1795
f 3654//1796 3655//1797 3559//1798
f 3654//1796 3656//1799 3655//1797
f 3559//1798 3655//1797 3554//1800
f 3656//1799 3657//1801 3655//1797
f 3657//1801 3658//1802 3655//1797
f 3657//1801 3659//1803 3658//1802
f 3655//1804 3658//1805 3554//1806
f 3656//1799 3660//1807 3657//1801
f 3660//1807 3661//1808 3657//1801
f 3660//1809 3662//1810 3661//1811
f 3657//1801 3661//1808 3659//1812
f 3554//1806 3658//1805 3552//1813
f 3658//1814 3663//1815 3552//1816
f 3658//1802 3659//1803 3663//1817
f 3552//1816 3663//1815 3422//1818
f 1021//1819 3664//1820 1020//1821
f 3664//1820 3665//1821 1020//1821
f 3664//1822 3666//1823 3665//1824
f 1020//1821 3665//1821 1018//1821
f 3666//1823 3667//1825 3665//1824
f 3667//1825 3668//1826 3665//1824
f 3667//1825 3669//1826 3668//1826
f 3665//1821 3668//1827 1018//1821
f 3666//1828 3670//1829 3667//1830
f 3670//1829 3671//1831 3667//1830
f 3670//1832 3662//1810 3671//1833
f 3667//1830 3671//1831 3669//1831
f 1018//1821 3668//1827 1022//1834
f 3668//1827 3672//1834 1022//1834
f 3668//1826 3669//1826 3672//1835
f 1022//1834 3672//1834 1012//1836
f 1021//1819 3410//1837 3664//1820
f 3410//1838 3673//1839 3664//1822
f 3410//1838 3413//1840 3673//1839
f 3664//1822 3673//1839 3666//1823
f 3413//1841 3674//1842 3673//1843
f 3674//1842 3675//1844 3673//1843
f 3674//1845 3659//1845 3675//1845
f 3673//1843 3675//1844 3666//1846
f 3413//1841 3420//1847 3674//1842
f 3420//1848 3663//1848 3674//1848
f 3420//1849 3422//1818 3663//1815
f 3674//1850 3663//1817 3659//1803
f 3666//1828 3675//1851 3670//1829
f 3675//1852 3661//1852 3670//1852
f 3675//1853 3659//1812 3661//1808
f 3670//1832 3661//1811 3662//1810
f 3676//1854 3677//1855 3678//1856
f 3677//1857 3679//1858 3678//1859
f 3677//1857 3680//1860 3679//1858
f 3678//1861 3679//1861 3681//1861
f 3680//1862 3682//1863 3679//1864
f 3682//1865 3683//1866 3679//1867
f 3682//1868 3656//1869 3683//1870
f 3679//1867 3683//1866 3681//1871
f 3680//1862 3684//1872 3682//1863
f 3684//1873 3660//1874 3682//1875
f 3684//1873 3662//1876 3660//1874
f 3682//1868 3660//1877 3656//1869
f 3681//1871 3683//1866 3685//1878
f 3683//1866 3654//1879 3685//1878
f 3683//1866 3656//1880 3654//1879
f 3685//1881 3654//1881 3561//1881
f 3676//1854 3686//1882 3677//1855
f 3686//1883 3687//1883 3677//1883
f 3686//1884 3688//1884 3687//1884
f 3677//1885 3687//1885 3680//1885
f 3688//1886 3689//1886 3687//1886
f 3689//1887 3690//1887 3687//1887
f 3689//1888 3691//1888 3690//1888
f 3687//1889 3690//1889 3680//1889
f 3688//1890 3692//1890 3689//1890
f 3692//1891 3693//1891 3689//1891
f 3692//1892 3694//1892 3693//1892
f 3689//1893 3693//1893 3691//1893
f 3680//1894 3690//1894 3684//1894
f 3690//1895 3695//1895 3684//1895
f 3690//1896 3691//1896 3695//1896
f 3684//1897 3695//1897 3662//1897
f 1229//1898 3696//1899 3697//1900
f 3696//1899 3698//1901 3697//1900
f 3696//1899 3699//1902 3698//1901
f 3697//1900 3698//1901 3700//1903
f 3699//1902 3701//1904 3698//1901
f 3701//1904 3702//1905 3698//1901
f 3701//1904 3703//1906 3702//1905
f 3698//1901 3702//1905 3700//1903
f 3699//1902 3704//1907 3701//1904
f 3704//1907 3705//1908 3701//1904
f 3704//1907 3706//1909 3705//1908
f 3701//1904 3705//1908 3703//1906
f 3700//1903 3702//1905 3707//1903
f 3702//1905 3708//1910 3707//1903
f 3702//1905 3703//1906 3708//1910
f 3707//1903 3708//1910 3709//1900
f 998//1900 1000//1911 3710//1906
f 1000//1911 3711//1898 3710//1906
f 1000//1911 1003//1900 3711//1898
f 3710//1906 3711//1898 3712//1902
f 1003//1900 3713//1912 3711//1898
f 3713//1912 3714//1912 3711//1898
f 3713//1912 3715//1913 3714//1912
f 3711//1898 3714//1912 3712//1902
f 1003//1900 1010//1900 3713//1912
f 1010//1900 3716//1900 3713//1912
f 1010//1900 1012//1914 3716//1900
f 3713//1912 3716//1900 3715//1913
f 3712//1902 3714//1912 3717//1906
f 3714//1912 3718//1915 3717//1906
f 3714//1912 3715//1913 3718//1915
f 3717//1906 3718//1915 3706//1909
f 1012//1914 3672//1916 3719//1917
f 3672//1916 3720//1916 3719//1917
f 3672//1916 3669//1916 3720//1916
f 3719//1917 3720//1916 3721//1918
f 3669//1916 3722//1904 3720//1916
f 3722//1904 3723//1900 3720//1916
f 3722//1904 3724//1919 3723//1900
f 3720//1916 3723//1900 3721//1918
f 3669//1916 3671//1900 3722//1904
f 3671//1900 3725//1919 3722//1904
f 3671//1900 3662//1920 3725//1919
f 3722//1904 3725//1919 3724//1919
f 3721//1918 3723//1900 3726//1921
f 3723//1900 3727//1916 3726//1921
f 3723//1900 3724//1919 3727//1916
f 3726//1921 3727//1916 3709//1900
f 1229//1898 3728//1900 3729//1922
f 3728//1900 3730//1900 3729//1922
f 3728//1900 3731//1900 3730//1900
f 3729//1922 3730//1900 3732//1923
f 3731//1900 3733//1913 3730//1900
f 3733//1913 3734//1913 3730//1900
f 3733//1913 3735//1924 3734//1913
f 3730//1900 3734//1913 3732//1923
f 3731//1900 3736//1911 3733//1913
f 3736//1911 3737//1900 3733//1913
f 3736//1911 3738//1906 3737//1900
f 3733//1913 3737//1900 3735//1924
f 3732//1923 3734//1913 3739//1904
f 3734//1913 3740//1901 3739//1904
f 3734//1913 3735//1924 3740//1901
f 3739//1904 3740//1901 3741//1925
f 1229//1898 3729//1922 3696//1899
f 3729//1922 3742//1926 3696//1899
f 3729//1922 3732//1923 3742//1926
f 3696//1899 3742//1926 3699//1902
f 3732//1923 3743//1927 3742//1926
f 3743//1927 3744//1916 3742//1926
f 3743//1927 3745//1899 3744//1916
f 3742//1926 3744//1916 3699//1902
f 3732//1923 3739//1904 3743//1927
f 3739//1904 3746//1898 3743//1927
f 3739//1904 3741//1925 3746//1898
f 3743//1927 3746//1898 3745//1899
f 3699//1902 3744//1916 3704//1907
f 3744//1916 3747//1928 3704//1907
f 3744//1916 3745//1899 3747//1928
f 3704//1907 3747//1928 3706//1909
f 1012//1914 3719//1917 3716//1900
f 3719//1917 3748//1929 3716//1900
f 3719//1917 3721//1918 3748//1929
f 3716//1900 3748//1929 3715//1913
f 3721//1918 3749//1930 3748//1929
f 3749//1930 3750//1929 3748//1929
f 3749//1930 3703//1906 3750//1929
f 3748//1929 3750//1929 3715//1913
f 3721//1918 3726//1921 3749//1930
f 3726//1921 3708//1910 3749//1930
f 3726//1921 3709//1900 3708//1910
f 3749//1930 3708//1910 3703//1906
f 3715//1913 3750//1929 3718//1915
f 3750//1929 3705//1908 3718//1915
f 3750//1929 3703//1906 3705//1908
f 3718//1915 3705//1908 3706//1909
f 998//1900 3710//1906 3751//1900
f 3710//1906 3752//1911 3751//1900
f 3710//1906 3712//1902 3752//1911
f 3751//1900 3752//1911 3753//1916
f 3712//1902 3754//1931 3752//1911
f 3754//1931 3755//1898 3752//1911
f 3754//1931 3756//1906 3755//1898
f 3752//1911 3755//1898 3753//1916
f 3712//1902 3717//1906 3754//1931
f 3717//1906 3757//1903 3754//1931
f 3717//1906 3706//1909 3757//1903
f 3754//1931 3757//1903 3756//1906
f 3753//1916 3755//1898 3758//1915
f 3755//1898 3759//1900 3758//1915
f 3755//1898 3756//1906 3759//1900
f 3758//1915 3759//1900 3760//1900
f 1056//1915 1055//1932 3761//1933
f 1055//1932 3762//1911 3761//1933
f 1055//1932 1051//1898 3762//1911
f 3761//1933 3762//1911 3763//1933
f 1051//1898 3764//1932 3762//1911
f 3764//1932 3765//1932 3762//1911
f 3764//1932 3766//1898 3765//1932
f 3762//1911 3765//1932 3763//1933
f 1051//1898 1053//1916 3764//1932
f 1053//1916 3767//1902 3764//1932
f 1053//1916 1041//1901 3767//1902
f 3764//1932 3767//1902 3766//1898
f 3763//1933 3765//1932 3768//1900
f 3765//1932 3769//1934 3768//1900
f 3765//1932 3766//1898 3769//1934
f 3768//1900 3769//1934 3770//1935
f 1099//1909 3771//1910 1221//1936
f 3771//1910 3772//1910 1221//1936
f 3771//1910 3773//1916 3772//1910
f 1221//1936 3772//1910 1223//1916
f 3773//1916 3774//1906 3772//1910
f 3774//1906 3775//1906 3772//1910
f 3774//1906 3731//1900 3775//1906
f 3772//1910 3775//1906 1223//1916
f 3773//1916 3776//1937 3774//1906
f 3776//1937 3736//1911 3774//1906
f 3776//1937 3738//1906 3736//1911
f 3774//1906 3736//1911 3731//1900
f 1223//1916 3775//1906 1227//1900
f 3775//1906 3728//1900 1227//1900
f 3775//1906 3731//1900 3728//1900
f 1227//1900 3728//1900 1229//1898
f 3694//1901 3777//1900 3778//1905
f 3777//1900 3779//1900 3778//1905
f 3777//1900 3780//1900 3779//1900
f 3778//1905 3779//1900 3781//1927
f 3780//1900 3782//1900 3779//1900
f 3782//1900 3783//1906 3779//1900
f 3782//1900 3784//1938 3783//1906
f 3779//1900 3783//1906 3781//1927
f 3780//1900 3785//1900 3782//1900
f 3785//1900 3786//1898 3782//1900
f 3785//1900 3787//1911 3786//1898
f 3782//1900 3786//1898 3784//1938
f 3781//1927 3783//1906 3788//1898
f 3783//1906 3789//1939 3788//1898
f 3783//1906 3784//1938 3789//1939
f 3788//1898 3789//1939 3790//1900
f 3662//1920 3791//1921 3725//1919
f 3791//1921 3792//1940 3725//1919
f 3791//1921 3793//1941 3792//1940
f 3725//1919 3792//1940 3724//1919
f 3793//1941 3794//1940 3792//1940
f 3794//1940 3795//1929 3792//1940
f 3794//1940 3796//1902 3795//1929
f 3792//1940 3795//1929 3724//1919
f 3793//1941 3797//1942 3794//1940
f 3797//1942 3798//1900 3794//1940
f 3797//1942 3790//1900 3798//1900
f 3794//1940 3798//1900 3796//1902
f 3724//1919 3795//1929 3727//1916
f 3795//1929 3799//1927 3727//1916
f 3795//1929 3796//1902 3799//1927
f 3727//1916 3799//1927 3709//1900
f 3741//1925 3800//1900 3746//1898
f 3800//1900 3801//1900 3746//1898
f 3800//1900 3802//1900 3801//1900
f 3746//1898 3801//1900 3745//1899
f 3802//1900 3803//1900 3801//1900
f 3803//1900 3804//1937 3801//1900
f 3803//1900 3756//1906 3804//1937
f 3801//1900 3804//1937 3745//1899
f 3802//1900 3805//1900 3803//1900
f 3805//1900 3759//1900 3803//1900
f 3805//1900 3760//1900 3759//1900
f 3803//1900 3759//1900 3756//1906
f 3745//1899 3804//1937 3747//1928
f 3804//1937 3757//1903 3747//1928
f 3804//1937 3756//1906 3757//1903
f 3747//1928 3757//1903 3706//1909
f 998//1900 3751//1900 1033//1943
f 3751//1900 3806//1923 1033//1943
f 3751//1900 3753//1916 3806//1923
f 1033//1943 3806//1923 1035//1901
f 3753//1916 3807//1898 3806//1923
f 3807//1898 3808//1898 3806//1923
f 3807//1898 3809//1944 3808//1898
f 3806//1923 3808//1898 1035//1901
f 3753//1916 3758//1915 3807//1898
f 3758//1915 3810//1910 3807//1898
f 3758//1915 3760//1900 3810//1910
f 3807//1898 3810//1910 3809//1944
f 1035//1901 3808//1898 1039//1945
f 3808//1898 3811//1940 1039//1945
f 3808//1898 3809//1944 3811//1940
f 1039//1945 3811//1940 1041//1901
f 1041//1901 3811//1940 3767//1902
f 3811//1940 3812//1906 3767//1902
f 3811//1940 3809//1944 3812//1906
f 3767//1902 3812//1906 3766//1898
f 3809//1944 3813//1904 3812//1906
f 3813//1904 3814//1900 3812//1906
f 3813//1904 3815//1915 3814//1900
f 3812//1906 3814//1900 3766//1898
f 3809//1944 3810//1910 3813//1904
f 3810//1910 3816//1915 3813//1904
f 3810//1910 3760//1900 3816//1915
f 3813//1904 3816//1915 3815//1915
f 3766//1898 3814//1900 3769//1934
f 3814//1900 3817//1925 3769//1934
f 3814//1900 3815//1915 3817//1925
f 3769//1934 3817//1925 3770//1935
f 3662//1920 3695//1900 3791//1921
f 3695//1900 3818//1919 3791//1921
f 3695//1900 3691//1900 3818//1919
f 3791//1921 3818//1919 3793//1941
f 3691//1900 3819//1946 3818//1919
f 3819//1946 3820//1898 3818//1919
f 3819//1946 3781//1927 3820//1898
f 3818//1919 3820//1898 3793//1941
f 3691//1900 3693//1947 3819//1946
f 3693//1947 3778//1905 3819//1946
f 3693//1947 3694//1901 3778//1905
f 3819//1946 3778//1905 3781//1927
f 3793//1941 3820//1898 3797//1942
f 3820//1898 3788//1898 3797//1942
f 3820//1898 3781//1927 3788//1898
f 3797//1942 3788//1898 3790//1900
f 3741//1925 3821//1916 3800//1900
f 3821//1916 3822//1948 3800//1900
f 3821//1916 3823//1949 3822//1948
f 3800//1900 3822//1948 3802//1900
f 3823//1949 3824//1950 3822//1948
f 3824//1950 3825//1942 3822//1948
f 3824//1950 3815//1915 3825//1942
f 3822//1948 3825//1942 3802//1900
f 3823//1949 3826//1905 3824//1950
f 3826//1905 3817//1925 3824//1950
f 3826//1905 3770//1935 3817//1925
f 3824//1950 3817//1925 3815//1915
f 3802//1900 3825//1942 3805//1900
f 3825//1942 3816//1915 3805//1900
f 3825//1942 3815//1915 3816//1915
f 3805//1900 3816//1915 3760//1900
f 3741//1925 3740//1901 3821//1916
f 3740//1901 3827//1951 3821//1916
f 3740//1901 3735//1924 3827//1951
f 3821//1916 3827//1951 3823//1949
f 3735//1924 3828//1900 3827//1951
f 3828//1900 3829//1918 3827//1951
f 3828//1900 3830//1898 3829//1918
f 3827//1951 3829//1918 3823//1949
f 3735//1924 3737//1900 3828//1900
f 3737//1900 3831//1906 3828//1900
f 3737//1900 3738//1906 3831//1906
f 3828//1900 3831//1906 3830//1898
f 3823//1949 3829//1918 3826//1905
f 3829//1918 3832//1910 3826//1905
f 3829//1918 3830//1898 3832//1910
f 3826//1905 3832//1910 3770//1935
f 1056//1915 3761//1933 3833//1907
f 3761//1933 3834//1937 3833//1907
f 3761//1933 3763//1933 3834//1937
f 3833//1907 3834//1937 3835//1952
f 3763//1933 3836//1937 3834//1937
f 3836//1937 3837//1932 3834//1937
f 3836//1937 3830//1898 3837//1932
f 3834//1937 3837//1932 3835//1952
f 3763//1933 3768//1900 3836//1937
f 3768//1900 3832//1910 3836//1937
f 3768//1900 3770//1935 3832//1910
f 3836//1937 3832//1910 3830//1898
f 3835//1952 3837//1932 3838//1906
f 3837//1932 3831//1906 3838//1906
f 3837//1932 3830//1898 3831//1906
f 3838//1906 3831//1906 3738//1906
f 3787//1911 3839//1910 3786//1898
f 3839//1910 3840//1899 3786//1898
f 3839//1910 3841//1929 3840//1899
f 3786//1898 3840//1899 3784//1938
f 3841//1929 3842//1942 3840//1899
f 3842//1942 3843//1900 3840//1899
f 3842//1942 3796//1902 3843//1900
f 3840//1899 3843//1900 3784//1938
f 3841//1929 3844//1932 3842//1942
f 3844//1932 3799//1927 3842//1942
f 3844//1932 3709//1900 3799//1927
f 3842//1942 3799//1927 3796//1902
f 3784//1938 3843//1900 3789//1939
f 3843//1900 3798//1900 3789//1939
f 3843//1900 3796//1902 3798//1900
f 3789//1939 3798//1900 3790//1900
f 1229//1898 3697//1900 3845//1919
f 3697//1900 3846//1919 3845//1919
f 3697//1900 3700//1903 3846//1919
f 3845//1919 3846//1919 3847//1919
f 3700//1903 3848//1948 3846//1919
f 3848//1948 3849//1911 3846//1919
f 3848//1948 3841//1929 3849//1911
f 3846//1919 3849//1911 3847//1919
f 3700//1903 3707//1903 3848//1948
f 3707//1903 3844//1932 3848//1948
f 3707//1903 3709//1900 3844//1932
f 3848//1948 3844//1932 3841//1929
f 3847//1919 3849//1911 3850//1904
f 3849//1911 3839//1910 3850//1904
f 3849//1911 3841//1929 3839//1910
f 3850//1904 3839//1910 3787//1911
f 1056//1915 3833//1907 1196//1926
f 3833//1907 3851//1953 1196//1926
f 3833//1907 3835//1952 3851//1953
f 1196//1926 3851//1953 1198//1926
f 3835//1952 3852//1954 3851//1953
f 3852//1954 3853//1953 3851//1953
f 3852//1954 3773//1916 3853//1953
f 3851//1953 3853//1953 1198//1926
f 3835//1952 3838//1906 3852//1954
f 3838//1906 3776//1937 3852//1954
f 3838//1906 3738//1906 3776//1937
f 3852//1954 3776//1937 3773//1916
f 1198//1926 3853//1953 1202//1900
f 3853//1953 3771//1910 1202//1900
f 3853//1953 3773//1916 3771//1910
f 1202//1900 3771//1910 1099//1909
f 3854//1028 3855//1955 3856//1032
f 3855//1955 3857//1956 3856//1032
f 3855//1955 3858//1957 3857//1956
f 3856//1032 3857//1956 3859//1028
f 3858//1957 3860//1025 3857//1956
f 3860//1025 3861//1026 3857//1956
f 3860//1025 1715//1958 3861//1026
f 3857//1956 3861//1026 3859//1028
f 3858//1957 3862//1959 3860//1025
f 3862//1959 1719//1960 3860//1025
f 3862//1959 1700//1961 1719//1960
f 3860//1025 1719//1960 1715//1958
f 3859//1028 3861//1026 3863//1028
f 3861//1026 1712//1960 3863//1028
f 3861//1026 1715//1958 1712//1960
f 3863//1028 1712//1960 1711//1028
f 3864//1028 3865//1962 3866//1026
f 3865//1962 3867//1026 3866//1026
f 3865//1962 3868//1026 3867//1026
f 3866//1026 3867//1026 3869//1026
f 3868//1026 3870//1026 3867//1026
f 3870//1026 3871//1963 3867//1026
f 3870//1026 3859//1028 3871//1963
f 3867//1026 3871//1963 3869//1026
f 3868//1026 3872//1028 3870//1026
f 3872//1028 3856//1032 3870//1026
f 3872//1028 3854//1028 3856//1032
f 3870//1026 3856//1032 3859//1028
f 3869//1026 3871//1963 3873//1032
f 3871//1963 3863//1028 3873//1032
f 3871//1963 3859//1028 3863//1028
f 3873//1032 3863//1028 1711//1028
f 1247//1964 1688//1965 3874//1966
f 1688//1965 3875//1967 3874//1966
f 1688//1965 1691//1968 3875//1967
f 3874//1966 3875//1967 3876//1969
f 1691//1968 3877//1970 3875//1967
f 3877//1970 3878//1965 3875//1967
f 3877//1970 3879//1971 3878//1965
f 3875//1967 3878//1965 3876//1969
f 1691//1968 1698//1965 3877//1970
f 1698//1965 3880//1972 3877//1970
f 1698//1965 1700//1965 3880//1972
f 3877//1970 3880//1972 3879//1971
f 3876//1969 3878//1965 3881//1973
f 3878//1965 3882//1974 3881//1973
f 3878//1965 3879//1971 3882//1974
f 3881//1973 3882//1974 3883//1965
f 3884//1965 3885//1975 3886//1976
f 3885//1975 3887//1977 3886//1976
f 3885//1975 3888//1978 3887//1977
f 3886//1976 3887//1977 3889//1979
f 3888//1978 3890//1975 3887//1977
f 3890//1975 3891//1980 3887//1977
f 3890//1975 3892//1981 3891//1980
f 3887//1977 3891//1980 3889//1979
f 3888//1978 3893//1982 3890//1975
f 3893//1982 3894//1977 3890//1975
f 3893//1982 3895//1983 3894//1977
f 3890//1975 3894//1977 3892//1981
f 3889//1979 3891//1980 3896//1981
f 3891//1980 3897//1984 3896//1981
f 3891//1980 3892//1981 3897//1984
f 3896//1981 3897//1984 3898//1985
f 1247//1964 3899//1976 1248//1965
f 3899//1976 3900//1986 1248//1965
f 3899//1976 3901//1987 3900//1986
f 1248//1965 3900//1986 1251//1988
f 3901//1987 3902//1989 3900//1986
f 3902//1989 3903//1986 3900//1986
f 3902//1989 3904//1965 3903//1986
f 3900//1986 3903//1986 1251//1988
f 3901//1987 3905//1990 3902//1989
f 3905//1990 3906//1988 3902//1989
f 3905//1990 3907//1976 3906//1988
f 3902//1989 3906//1988 3904//1965
f 1251//1988 3903//1986 1256//1968
f 3903//1986 3908//1991 1256//1968
f 3903//1986 3904//1965 3908//1991
f 1256//1968 3908//1991 1258//1965
f 1445//1970 3909//1992 3910//1968
f 3909//1992 3911//1973 3910//1968
f 3909//1992 3912//1993 3911//1973
f 3910//1968 3911//1973 3913//1966
f 3912//1993 3914//1994 3911//1973
f 3914//1994 3915//1995 3911//1973
f 3914//1994 3916//1996 3915//1995
f 3911//1973 3915//1995 3913//1966
f 3912//1993 3917//1990 3914//1994
f 3917//1990 3918//1968 3914//1994
f 3917//1990 3919//1997 3918//1968
f 3914//1994 3918//1968 3916//1996
f 3913//1966 3915//1995 3920//1998
f 3915//1995 3921//1991 3920//1998
f 3915//1995 3916//1996 3921//1991
f 3920//1998 3921//1991 3922//1999
f 1430//1966 3923//1976 1454//1967
f 3923//1976 3924//2000 1454//1967
f 3923//1976 3925//1976 3924//2000
f 1454//1967 3924//2000 1450//1976
f 3925//1976 3926//1966 3924//2000
f 3926//1966 3927//1988 3924//2000
f 3926//1966 3912//1993 3927//1988
f 3924//2000 3927//1988 1450//1976
f 3925//1976 3928//1988 3926//1966
f 3928//1988 3917//1990 3926//1966
f 3928//1988 3919//1997 3917//1990
f 3926//1966 3917//1990 3912//1993
f 1450//1976 3927//1988 1447//1968
f 3927//1988 3909//1992 1447//1968
f 3927//1988 3912//1993 3909//1992
f 1447//1968 3909//1992 1445//1970
f 3929//2001 3930//1965 3931//1987
f 3930//1965 3932//1995 3931//1987
f 3930//1965 3933//1965 3932//1995
f 3931//1987 3932//1995 3934//2002
f 3933//1965 3935//1965 3932//1995
f 3935//1965 3936//1964 3932//1995
f 3935//1965 3937//1968 3936//1964
f 3932//1995 3936//1964 3934//2002
f 3933//1965 3938//1967 3935//1965
f 3938//1967 3939//1965 3935//1965
f 3938//1967 3940//1992 3939//1965
f 3935//1965 3939//1965 3937//1968
f 3934//2002 3936//1964 3941//1967
f 3936//1964 3942//2000 3941//1967
f 3936//1964 3937//1968 3942//2000
f 3941//1967 3942//2000 3943//1990
f 3929//2001 3944//2000 3945//2003
f 3944//2000 3946//2004 3945//2003
f 3944//2000 3947//1966 3946//2004
f 3945//2003 3946//2004 3948//2005
f 3947//1966 3949//2006 3946//2004
f 3949//2006 3950//2004 3946//2004
f 3949//2006 3888//1978 3950//2004
f 3946//2004 3950//2004 3948//2005
f 3947//1966 3951//1995 3949//2006
f 3951//1995 3893//1982 3949//2006
f 3951//1995 3895//1983 3893//1982
f 3949//2006 3893//1982 3888//1978
f 3948//2005 3950//2004 3952//2007
f 3950//2004 3885//1975 3952//2007
f 3950//2004 3888//1978 3885//1975
f 3952//2007 3885//1975 3884//1965
f 3953//1965 3954//2008 3955//1990
f 3954//2008 3956//2009 3955//1990
f 3954//2008 3957//1971 3956//2009
f 3955//1990 3956//2009 3958//1988
f 3957//1971 3959//2010 3956//2009
f 3959//2010 3960//1974 3956//2009
f 3959//2010 3916//1996 3960//1974
f 3956//2009 3960//1974 3958//1988
f 3957//1971 3961//2011 3959//2010
f 3961//2011 3921//1991 3959//2010
f 3961//2011 3922//1999 3921//1991
f 3959//2010 3921//1991 3916//1996
f 3958//1988 3960//1974 3962//1966
f 3960//1974 3918//1968 3962//1966
f 3960//1974 3916//1996 3918//1968
f 3962//1966 3918//1968 3919//1997
f 3963//2012 3964//1976 3965//1971
f 3964//1976 3966//1990 3965//1971
f 3964//1976 3967//2013 3966//1990
f 3965//1971 3966//1990 3968//1976
f 3967//2013 3969//2014 3966//1990
f 3969//2014 3970//2015 3966//1990
f 3969//2014 3971//2016 3970//2015
f 3966//1990 3970//2015 3968//1976
f 3967//2013 3972//1965 3969//2014
f 3972//1965 3973//2017 3969//2014
f 3972//1965 1494//2018 3973//2017
f 3969//2014 3973//2017 3971//2016
f 3968//1976 3970//2015 3974//2003
f 3970//2015 3975//1967 3974//2003
f 3970//2015 3971//2016 3975//1967
f 3974//2003 3975//1967 3884//1965
f 3929//2001 3976//2019 3977//2020
f 3976//2019 3978//2021 3977//2020
f 3976//2019 3979//2022 3978//2021
f 3977//2020 3978//2021 3980//1967
f 3979//2022 3981//2023 3978//2021
f 3981//2023 3982//2017 3978//2021
f 3981//2023 3957//1971 3982//2017
f 3978//2021 3982//2017 3980//1967
f 3979//2022 3983//2021 3981//2023
f 3983//2021 3961//2011 3981//2023
f 3983//2021 3922//1999 3961//2011
f 3981//2023 3961//2011 3957//1971
f 3980//1967 3982//2017 3984//1967
f 3982//2017 3954//2008 3984//1967
f 3982//2017 3957//1971 3954//2008
f 3984//1967 3954//2008 3953//1965
f 1247//1964 3985//1995 3899//1976
f 3985//1995 3986//1968 3899//1976
f 3985//1995 3987//1982 3986//1968
f 3899//1976 3986//1968 3901//1987
f 3987//1982 3988//2024 3986//1968
f 3988//2024 3989//1975 3986//1968
f 3988//2024 3990//1967 3989//1975
f 3986//1968 3989//1975 3901//1987
f 3987//1982 3991//1965 3988//2024
f 3991//1965 3992//2025 3988//2024
f 3991//1965 3993//1967 3992//2025
f 3988//2024 3992//2025 3990//1967
f 3901//1987 3989//1975 3905//1990
f 3989//1975 3994//1974 3905//1990
f 3989//1975 3990//1967 3994//1974
f 3905//1990 3994//1974 3907//1976
f 3995//1976 3996//1965 3997//1965
f 3996//1965 3998//2012 3997//1965
f 3996//1965 3999//1990 3998//2012
f 3997//1965 3998//2012 4000//1967
f 3999//1990 4001//1981 3998//2012
f 4001//1981 4002//1965 3998//2012
f 4001//1981 4003//1964 4002//1965
f 3998//2012 4002//1965 4000//1967
f 3999//1990 4004//1992 4001//1981
f 4004//1992 4005//1995 4001//1981
f 4004//1992 4006//1973 4005//1995
f 4001//1981 4005//1995 4003//1964
f 4000//1967 4002//1965 4007//1967
f 4002//1965 4008//2026 4007//1967
f 4002//1965 4003//1964 4008//2026
f 4007//1967 4008//2026 3919//1997
f 3995//1976 3997//1965 4009//1965
f 3997//1965 4010//1965 4009//1965
f 3997//1965 4000//1967 4010//1965
f 4009//1965 4010//1965 4011//1975
f 4000//1967 4012//1976 4010//1965
f 4012//1976 4013//1996 4010//1965
f 4012//1976 4014//1995 4013//1996
f 4010//1965 4013//1996 4011//1975
f 4000//1967 4007//1967 4012//1976
f 4007//1967 4015//1967 4012//1976
f 4007//1967 3919//1997 4015//1967
f 4012//1976 4015//1967 4014//1995
f 4011//1975 4013//1996 4016//1966
f 4013//1996 4017//1968 4016//1966
f 4013//1996 4014//1995 4017//1968
f 4016//1966 4017//1968 4018//1965
f 3929//2001 3977//2020 3930//1965
f 3977//2020 4019//2027 3930//1965
f 3977//2020 3980//1967 4019//2027
f 3930//1965 4019//2027 3933//1965
f 3980//1967 4020//1965 4019//2027
f 4020//1965 4021//1969 4019//2027
f 4020//1965 4022//1976 4021//1969
f 4019//2027 4021//1969 3933//1965
f 3980//1967 3984//1967 4020//1965
f 3984//1967 4023//1965 4020//1965
f 3984//1967 3953//1965 4023//1965
f 4020//1965 4023//1965 4022//1976
f 3933//1965 4021//1969 3938//1967
f 4021//1969 4024//2028 3938//1967
f 4021//1969 4022//1976 4024//2028
f 3938//1967 4024//2028 3940//1992
f 3995//1976 4025//1995 3996//1965
f 4025//1995 4026//1992 3996//1965
f 4025//1995 4027//2029 4026//1992
f 3996//1965 4026//1992 3999//1990
f 4027//2029 4028//1988 4026//1992
f 4028//1988 4029//1987 4026//1992
f 4028//1988 4030//1976 4029//1987
f 4026//1992 4029//1987 3999//1990
f 4027//2029 4031//1972 4028//1988
f 4031//1972 4032//1995 4028//1988
f 4031//1972 3907//1976 4032//1995
f 4028//1988 4032//1995 4030//1976
f 3999//1990 4029//1987 4004//1992
f 4029//1987 4033//1965 4004//1992
f 4029//1987 4030//1976 4033//1965
f 4004//1992 4033//1965 4006//1973
f 3854//2030 4034//2000 4035//2031
f 4034//2000 4036//2032 4035//2031
f 4034//2000 4037//1972 4036//2032
f 4035//2031 4036//2032 4038//2033
f 4037//1972 4039//1967 4036//2032
f 4039//1967 4040//1968 4036//2032
f 4039//1967 3892//1981 4040//1968
f 4036//2032 4040//1968 4038//2033
f 4037//1972 4041//2034 4039//1967
f 4041//2034 3897//1984 4039//1967
f 4041//2034 3898//1985 3897//1984
f 4039//1967 3897//1984 3892//1981
f 4038//2033 4040//1968 4042//2000
f 4040//1968 3894//1977 4042//2000
f 4040//1968 3892//1981 3894//1977
f 4042//2000 3894//1977 3895//1983
f 1494//2018 4043//2020 3973//2017
f 4043//2020 4044//2035 3973//2017
f 4043//2020 4045//1966 4044//2035
f 3973//2017 4044//2035 3971//2016
f 4045//1966 4046//2014 4044//2035
f 4046//2014 4047//1992 4044//2035
f 4046//2014 4048//2021 4047//1992
f 4044//2035 4047//1992 3971//2016
f 4045//1966 4049//2036 4046//2014
f 4049//2036 4050//1965 4046//2014
f 4049//2036 4051//1995 4050//1965
f 4046//2014 4050//1965 4048//2021
f 3971//2016 4047//1992 3975//1967
f 4047//1992 4052//1974 3975//1967
f 4047//1992 4048//2021 4052//1974
f 3975//1967 4052//1974 3884//1965
f 3929//2001 3945//2003 4053//2037
f 3945//2003 4054//2005 4053//2037
f 3945//2003 3948//2005 4054//2005
f 4053//2037 4054//2005 4055//2014
f 3948//2005 4056//2038 4054//2005
f 4056//2038 4057//1982 4054//2005
f 4056//2038 4048//2021 4057//1982
f 4054//2005 4057//1982 4055//2014
f 3948//2005 3952//2007 4056//2038
f 3952//2007 4052//1974 4056//2038
f 3952//2007 3884//1965 4052//1974
f 4056//2038 4052//1974 4048//2021
f 4055//2014 4057//1982 4058//2006
f 4057//1982 4050//1965 4058//2006
f 4057//1982 4048//2021 4050//1965
f 4058//2006 4050//1965 4051//1995
f 3907//1976 3994//1974 4032//1995
f 3994//1974 4059//1965 4032//1995
f 3994//1974 3990//1967 4059//1965
f 4032//1995 4059//1965 4030//1976
f 3990//1967 4060//1971 4059//1965
f 4060//1971 4061//1966 4059//1965
f 4060//1971 4062//1971 4061//1966
f 4059//1965 4061//1966 4030//1976
f 3990//1967 3992//2025 4060//1971
f 3992//2025 4063//1966 4060//1971
f 3992//2025 3993//1967 4063//1966
f 4060//1971 4063//1966 4062//1971
f 4030//1976 4061//1966 4033//1965
f 4061//1966 4064//2039 4033//1965
f 4061//1966 4062//1971 4064//2039
f 4033//1965 4064//2039 4006//1973
f 1247//1964 3874//1966 3985//1995
f 3874//1966 4065//2034 3985//1995
f 3874//1966 3876//1969 4065//2034
f 3985//1995 4065//2034 3987//1982
f 3876//1969 4066//2004 4065//2034
f 4066//2004 4067//1974 4065//2034
f 4066//2004 4068//1995 4067//1974
f 4065//2034 4067//1974 3987//1982
f 3876//1969 3881//1973 4066//2004
f 3881//1973 4069//1995 4066//2004
f 3881//1973 3883//1965 4069//1995
f 4066//2004 4069//1995 4068//1995
f 3987//1982 4067//1974 3991//1965
f 4067//1974 4070//2040 3991//1965
f 4067//1974 4068//1995 4070//2040
f 3991//1965 4070//2040 3993//1967
f 1430//1966 4071//1971 3923//1976
f 4071//1971 4072//2025 3923//1976
f 4071//1971 4073//1976 4072//2025
f 3923//1976 4072//2025 3925//1976
f 4073//1976 4074//1973 4072//2025
f 4074//1973 4075//1967 4072//2025
f 4074//1973 4014//1995 4075//1967
f 4072//2025 4075//1967 3925//1976
f 4073//1976 4076//2021 4074//1973
f 4076//2021 4017//1968 4074//1973
f 4076//2021 4018//1965 4017//1968
f 4074//1973 4017//1968 4014//1995
f 3925//1976 4075//1967 3928//1988
f 4075//1967 4015//1967 3928//1988
f 4075//1967 4014//1995 4015//1967
f 3928//1988 4015//1967 3919//1997
f 3953//1965 3955//1990 4077//1976
f 3955//1990 4078//1990 4077//1976
f 3955//1990 3958//1988 4078//1990
f 4077//1976 4078//1990 4079//2010
f 3958//1988 4080//2041 4078//1990
f 4080//2041 4081//1969 4078//1990
f 4080//2041 4003//1964 4081//1969
f 4078//1990 4081//1969 4079//2010
f 3958//1988 3962//1966 4080//2041
f 3962//1966 4008//2026 4080//2041
f 3962//1966 3919//1997 4008//2026
f 4080//2041 4008//2026 4003//1964
f 4079//2010 4081//1969 4082//1967
f 4081//1969 4005//1995 4082//1967
f 4081//1969 4003//1964 4005//1995
f 4082//1967 4005//1995 4006//1973
f 1430//1966 1475//1966 4071//1971
f 1475//1966 4083//2002 4071//1971
f 1475//1966 1473//1965 4083//2002
f 4071//1971 4083//2002 4073//1976
f 1473//1965 4084//2008 4083//2002
f 4084//2008 4085//1986 4083//2002
f 4084//2008 4086//1968 4085//1986
f 4083//2002 4085//1986 4073//1976
f 1473//1965 1474//1988 4084//2008
f 1474//1988 4087//1964 4084//2008
f 1474//1988 1316//1965 4087//1964
f 4084//2008 4087//1964 4086//1968
f 4073//1976 4085//1986 4076//2021
f 4085//1986 4088//2026 4076//2021
f 4085//1986 4086//1968 4088//2026
f 4076//2021 4088//2026 4018//1965
f 3953//1965 4089//1988 4090//1965
f 4089//1988 4091//1965 4090//1965
f 4089//1988 4092//1965 4091//1965
f 4090//1965 4091//1965 4093//1990
f 4092//1965 4094//1967 4091//1965
f 4094//1967 4095//1965 4091//1965
f 4094//1967 4068//1995 4095//1965
f 4091//1965 4095//1965 4093//1990
f 4092//1965 4096//1967 4094//1967
f 4096//1967 4070//2040 4094//1967
f 4096//1967 3993//1967 4070//2040
f 4094//1967 4070//2040 4068//1995
f 4093//1990 4095//1965 4097//1967
f 4095//1965 4069//1995 4097//1967
f 4095//1965 4068//1995 4069//1995
f 4097//1967 4069//1995 3883//1965
f 3963//2012 3965//1971 4098//1995
f 3965//1971 4099//2042 4098//1995
f 3965//1971 3968//1976 4099//2042
f 4098//1995 4099//2042 4100//1996
f 3968//1976 4101//2031 4099//2042
f 4101//2031 4102//2017 4099//2042
f 4101//2031 3889//1979 4102//2017
f 4099//2042 4102//2017 4100//1996
f 3968//1976 3974//2003 4101//2031
f 3974//2003 3886//1976 4101//2031
f 3974//2003 3884//1965 3886//1976
f 4101//2031 3886//1976 3889//1979
f 4100//1996 4102//2017 4103//2043
f 4102//2017 3896//1981 4103//2043
f 4102//2017 3889//1979 3896//1981
f 4103//2043 3896//1981 3898//1985
f 3929//2001 4053//2037 3976//2019
f 4053//2037 4104//2005 3976//2019
f 4053//2037 4055//2014 4104//2005
f 3976//2019 4104//2005 3979//2022
f 4055//2014 4105//1984 4104//2005
f 4105//1984 4106//1972 4104//2005
f 4105//1984 4107//2010 4106//1972
f 4104//2005 4106//1972 3979//2022
f 4055//2014 4058//2006 4105//1984
f 4058//2006 4108//2044 4105//1984
f 4058//2006 4051//1995 4108//2044
f 4105//1984 4108//2044 4107//2010
f 3979//2022 4106//1972 3983//2021
f 4106//1972 4109//2045 3983//2021
f 4106//1972 4107//2010 4109//2045
f 3983//2021 4109//2045 3922//1999
f 4110//1976 4111//2033 4112//1976
f 4111//2033 4113//2023 4112//1976
f 4111//2033 4114//1965 4113//2023
f 4112//1976 4113//2023 4115//2004
f 4114//1965 4116//1965 4113//2023
f 4116//1965 4117//1973 4113//2023
f 4116//1965 4100//1996 4117//1973
f 4113//2023 4117//1973 4115//2004
f 4114//1965 4118//2036 4116//1965
f 4118//2036 4098//1995 4116//1965
f 4118//2036 3963//2012 4098//1995
f 4116//1965 4098//1995 4100//1996
f 4115//2004 4117//1973 4119//2046
f 4117//1973 4103//2043 4119//2046
f 4117//1973 4100//1996 4103//2043
f 4119//2046 4103//2043 3898//1985
f 3953//1965 4090//1965 4023//1965
f 4090//1965 4120//1965 4023//1965
f 4090//1965 4093//1990 4120//1965
f 4023//1965 4120//1965 4022//1976
f 4093//1990 4121//1973 4120//1965
f 4121//1973 4122//1965 4120//1965
f 4121//1973 4123//1995 4122//1965
f 4120//1965 4122//1965 4022//1976
f 4093//1990 4097//1967 4121//1973
f 4097//1967 4124//1966 4121//1973
f 4097//1967 3883//1965 4124//1966
f 4121//1973 4124//1966 4123//1995
f 4022//1976 4122//1965 4024//2028
f 4122//1965 4125//1966 4024//2028
f 4122//1965 4123//1995 4125//1966
f 4024//2028 4125//1966 3940//1992
f 3953//1965 4077//1976 4089//1988
f 4077//1976 4126//1986 4089//1988
f 4077//1976 4079//2010 4126//1986
f 4089//1988 4126//1986 4092//1965
f 4079//2010 4127//1965 4126//1986
f 4127//1965 4128//1965 4126//1986
f 4127//1965 4062//1971 4128//1965
f 4126//1986 4128//1965 4092//1965
f 4079//2010 4082//1967 4127//1965
f 4082//1967 4064//2039 4127//1965
f 4082//1967 4006//1973 4064//2039
f 4127//1965 4064//2039 4062//1971
f 4092//1965 4128//1965 4096//1967
f 4128//1965 4063//1966 4096//1967
f 4128//1965 4062//1971 4063//1966
f 4096//1967 4063//1966 3993//1967
f 3943//1990 3942//2000 4129//1965
f 3942//2000 4130//1967 4129//1965
f 3942//2000 3937//1968 4130//1967
f 4129//1965 4130//1967 4131//1995
f 3937//1968 4132//2034 4130//1967
f 4132//2034 4133//1967 4130//1967
f 4132//2034 4123//1995 4133//1967
f 4130//1967 4133//1967 4131//1995
f 3937//1968 3939//1965 4132//2034
f 3939//1965 4125//1966 4132//2034
f 3939//1965 3940//1992 4125//1966
f 4132//2034 4125//1966 4123//1995
f 4131//1995 4133//1967 4134//2002
f 4133//1967 4124//1966 4134//2002
f 4133//1967 4123//1995 4124//1966
f 4134//2002 4124//1966 3883//1965
f 1700//1965 4135//1964 4136//2011
f 4135//1964 4137//1966 4136//2011
f 4135//1964 4138//1967 4137//1966
f 4136//2011 4137//1966 4139//2047
f 4138//1967 4140//2000 4137//1966
f 4140//2000 4141//1966 4137//1966
f 4140//2000 4142//1965 4141//1966
f 4137//1966 4141//1966 4139//2047
f 4138//1967 4143//2000 4140//2000
f 4143//2000 4144//1967 4140//2000
f 4143//2000 3895//1983 4144//1967
f 4140//2000 4144//1967 4142//1965
f 4139//2047 4141//1966 4145//1965
f 4141//1966 4146//1965 4145//1965
f 4141//1966 4142//1965 4146//1965
f 4145//1965 4146//1965 3943//1990
f 3854//2030 4035//2031 3855//1967
f 4035//2031 4147//2014 3855//1967
f 4035//2031 4038//2033 4147//2014
f 3855//1967 4147//2014 3858//1965
f 4038//2033 4148//1988 4147//2014
f 4148//1988 4149//2038 4147//2014
f 4148//1988 4138//1967 4149//2038
f 4147//2014 4149//2038 3858//1965
f 4038//2033 4042//2000 4148//1988
f 4042//2000 4143//2000 4148//1988
f 4042//2000 3895//1983 4143//2000
f 4148//1988 4143//2000 4138//1967
f 3858//1965 4149//2038 3862//1967
f 4149//2038 4135//1964 3862//1967
f 4149//2038 4138//1967 4135//1964
f 3862//1967 4135//1964 1700//1965
f 3854//2030 4150//1976 4034//2000
f 4150//1976 4151//2048 4034//2000
f 4150//1976 4152//1969 4151//2048
f 4034//2000 4151//2048 4037//1972
f 4152//1969 4153//2048 4151//2048
f 4153//2048 4154//2049 4151//2048
f 4153//2048 4115//2004 4154//2049
f 4151//2048 4154//2049 4037//1972
f 4152//1969 4155//1990 4153//2048
f 4155//1990 4112//1976 4153//2048
f 4155//1990 4110//1976 4112//1976
f 4153//2048 4112//1976 4115//2004
f 4037//1972 4154//2049 4041//2034
f 4154//2049 4119//2046 4041//2034
f 4154//2049 4115//2004 4119//2046
f 4041//2034 4119//2046 3898//1985
f 1258//1965 4156//1988 1421//1965
f 4156//1988 4157//2035 1421//1965
f 4156//1988 4158//1975 4157//2035
f 1421//1965 4157//2035 1423//1965
f 4158//1975 4159//1969 4157//2035
f 4159//1969 4160//2035 4157//2035
f 4159//1969 4161//1988 4160//2035
f 4157//2035 4160//2035 1423//1965
f 4158//1975 4162//2045 4159//1969
f 4162//2045 4163//2050 4159//1969
f 4162//2045 3995//1976 4163//2050
f 4159//1969 4163//2050 4161//1988
f 1423//1965 4160//2035 1426//1965
f 4160//2035 4164//2041 1426//1965
f 4160//2035 4161//1988 4164//2041
f 1426//1965 4164//2041 1316//1965
f 1316//1965 4164//2041 4087//1964
f 4164//2041 4165//2004 4087//1964
f 4164//2041 4161//1988 4165//2004
f 4087//1964 4165//2004 4086//1968
f 4161//1988 4166//2004 4165//2004
f 4166//2004 4167//2008 4165//2004
f 4166//2004 4011//1975 4167//2008
f 4165//2004 4167//2008 4086//1968
f 4161//1988 4163//2050 4166//2004
f 4163//2050 4009//1965 4166//2004
f 4163//2050 3995//1976 4009//1965
f 4166//2004 4009//1965 4011//1975
f 4086//1968 4167//2008 4088//2026
f 4167//2008 4016//1966 4088//2026
f 4167//2008 4011//1975 4016//1966
f 4088//2026 4016//1966 4018//1965
f 1700//1965 4136//2011 3880//1972
f 4136//2011 4168//1967 3880//1972
f 4136//2011 4139//2047 4168//1967
f 3880//1972 4168//1967 3879//1971
f 4139//2047 4169//1966 4168//1967
f 4169//1966 4170//1965 4168//1967
f 4169//1966 4131//1995 4170//1965
f 4168//1967 4170//1965 3879//1971
f 4139//2047 4145//1965 4169//1966
f 4145//1965 4129//1965 4169//1966
f 4145//1965 3943//1990 4129//1965
f 4169//1966 4129//1965 4131//1995
f 3879//1971 4170//1965 3882//1974
f 4170//1965 4134//2002 3882//1974
f 4170//1965 4131//1995 4134//2002
f 3882//1974 4134//2002 3883//1965
f 1258//1965 3908//1991 4156//1988
f 3908//1991 4171//1965 4156//1988
f 3908//1991 3904//1965 4171//1965
f 4156//1988 4171//1965 4158//1975
f 3904//1965 4172//1972 4171//1965
f 4172//1972 4173//1965 4171//1965
f 4172//1972 4027//2029 4173//1965
f 4171//1965 4173//1965 4158//1975
f 3904//1965 3906//1988 4172//1972
f 3906//1988 4031//1972 4172//1972
f 3906//1988 3907//1976 4031//1972
f 4172//1972 4031//1972 4027//2029
f 4158//1975 4173//1965 4162//2045
f 4173//1965 4025//1995 4162//2045
f 4173//1965 4027//2029 4025//1995
f 4162//2045 4025//1995 3995//1976
f 1445//1970 3910//1968 4174//1968
f 3910//1968 4175//1983 4174//1968
f 3910//1968 3913//1966 4175//1983
f 4174//1968 4175//1983 4176//1992
f 3913//1966 4177//2002 4175//1983
f 4177//2002 4178//2048 4175//1983
f 4177//2002 4107//2010 4178//2048
f 4175//1983 4178//2048 4176//1992
f 3913//1966 3920//1998 4177//2002
f 3920//1998 4109//2045 4177//2002
f 3920//1998 3922//1999 4109//2045
f 4177//2002 4109//2045 4107//2010
f 4176//1992 4178//2048 4179//2046
f 4178//2048 4108//2044 4179//2046
f 4178//2048 4107//2010 4108//2044
f 4179//2046 4108//2044 4051//1995
f 3929//2001 3931//1987 3944//2000
f 3931//1987 4180//2041 3944//2000
f 3931//1987 3934//2002 4180//2041
f 3944//2000 4180//2041 3947//1966
f 3934//2002 4181//1973 4180//2041
f 4181//1973 4182//1966 4180//2041
f 4181//1973 4142//1965 4182//1966
f 4180//2041 4182//1966 3947//1966
f 3934//2002 3941//1967 4181//1973
f 3941//1967 4146//1965 4181//1973
f 3941//1967 3943//1990 4146//1965
f 4181//1973 4146//1965 4142//1965
f 3947//1966 4182//1966 3951//1995
f 4182//1966 4144//1967 3951//1995
f 4182//1966 4142//1965 4144//1967
f 3951//1995 4144//1967 3895//1983
f 1445//1970 4174//1968 1486//1966
f 4174//1968 4183//1966 1486//1966
f 4174//1968 4176//1992 4183//1966
f 1486//1966 4183//1966 1488//1965
f 4176//1992 4184//1986 4183//1966
f 4184//1986 4185//1975 4183//1966
f 4184//1986 4045//1966 4185//1975
f 4183//1966 4185//1975 1488//1965
f 4176//1992 4179//2046 4184//1986
f 4179//2046 4049//2036 4184//1986
f 4179//2046 4051//1995 4049//2036
f 4184//1986 4049//2036 4045//1966
f 1488//1965 4185//1975 1492//1976
f 4185//1975 4043//2020 1492//1976
f 4185//1975 4045//1966 4043//2020
f 1492//1976 4043//2020 1494//2018
f 4110//2051 4186//2051 4187//2051
f 4186//2052 4188//2053 4187//2054
f 4186//2055 4189//2055 4188//2055
f 4187//2054 4188//2053 4190//2056
f 4189//2057 4191//2058 4188//2059
f 4191//2058 4192//2060 4188//2059
f 4191//2061 4193//2062 4192//2063
f 4188//2064 4192//2065 4190//2066
f 4189//2067 4194//2067 4191//2067
f 4194//2068 4195//2069 4191//2070
f 4194//2071 4196//2072 4195//2073
f 4191//2070 4195//2069 4193//2074
f 4190//2066 4192//2065 4197//2075
f 4192//2076 4198//2077 4197//2078
f 4192//2063 4193//2062 4198//2079
f 4197//2078 4198//2077 1798//2080
f 4196//2072 4199//2081 4195//2073
f 4199//2082 4200//2082 4195//2082
f 4199//2083 4201//2083 4200//2083
f 4195//2069 4200//2084 4193//2074
f 4201//2085 4202//2085 4200//2085
f 4202//2086 4203//2086 4200//2086
f 4202//2087 1867//2087 4203//2087
f 4200//2088 4203//2088 4193//2088
f 4201//2089 4204//2089 4202//2089
f 4204//2090 1870//2090 4202//2090
f 4204//2091 1849//2091 1870//2091
f 4202//2092 1870//2092 1867//2092
f 4193//2062 4203//2093 4198//2079
f 4203//2094 1865//2094 4198//2094
f 4203//2095 1867//2095 1865//2095
f 4198//2077 1865//2096 1798//2080
f 4110//2097 4187//2097 4111//2097
f 4187//2098 4205//2099 4111//2100
f 4187//2098 4190//2101 4205//2099
f 4111//2100 4205//2099 4114//2102
f 4190//2101 4206//2103 4205//2099
f 4206//2103 4207//2104 4205//2099
f 4206//2103 4208//2105 4207//2104
f 4205//2106 4207//2107 4114//2108
f 4190//2101 4197//2109 4206//2103
f 4197//2109 4209//2110 4206//2103
f 4197//2111 1798//2112 4209//2113
f 4206//2103 4209//2110 4208//2114
f 4114//2108 4207//2107 4118//2115
f 4207//2104 4210//2116 4118//2117
f 4207//2104 4208//2105 4210//2116
f 4118//2117 4210//2116 3963//2118
f 1798//2112 4211//2119 4209//2113
f 4211//2120 4212//2120 4209//2120
f 4211//2121 4213//2122 4212//2123
f 4209//2110 4212//2124 4208//2114
f 4213//2122 4214//2125 4212//2123
f 4214//2125 4215//2126 4212//2123
f 4214//2127 3967//2127 4215//2127
f 4212//2128 4215//2128 4208//2128
f 4213//2129 4216//2130 4214//2131
f 4216//2130 3972//2132 4214//2131
f 4216//2133 1494//2134 3972//2135
f 4214//2131 3972//2132 3967//2136
f 4208//2105 4215//2137 4210//2116
f 4215//2137 3964//2138 4210//2116
f 4215//2139 3967//2139 3964//2139
f 4210//2116 3964//2138 3963//2118
f 1485//2140 1495//2141 1807//2142
f 1495//2141 4217//2143 1807//2142
f 1495//2141 1491//2144 4217//2143
f 1807//2145 4217//2146 1803//2147
f 1491//2144 4218//2144 4217//2143
f 4218//2148 4219//2146 4217//2146
f 4218//2148 4213//2129 4219//2146
f 4217//2146 4219//2146 1803//2147
f 1491//2144 1493//2144 4218//2144
f 1493//2144 4216//2133 4218//2144
f 1493//2144 1494//2134 4216//2133
f 4218//2148 4216//2130 4213//2129
f 1803//2149 4219//2149 1800//2150
f 4219//2149 4211//2121 1800//2150
f 4219//2149 4213//2122 4211//2121
f 1800//2151 4211//2119 1798//2112
f 4220//941 4221//941 4222//941
f 4221//941 4223//941 4222//941
f 4221//941 4224//941 4223//941
f 4222//941 4223//941 4225//941
f 4224//941 4226//941 4223//941
f 4226//941 4227//941 4223//941
f 4226//941 4228//941 4227//941
f 4223//941 4227//941 4225//941
f 4224//941 4229//941 4226//941
f 4229//941 4230//941 4226//941
f 4229//941 1550//941 4230//941
f 4226//941 4230//941 4228//941
f 4225//941 4227//941 4231//941
f 4227//941 4232//941 4231//941
f 4227//941 4228//941 4232//941
f 4231//941 4232//941 3787//941
f 1550//941 1548//941 4230//941
f 1548//941 4233//941 4230//941
f 1548//941 1544//941 4233//941
f 4230//941 4233//941 4228//941
f 1544//941 4234//941 4233//941
f 4234//941 4235//941 4233//941
f 4234//941 3847//941 4235//941
f 4233//941 4235//941 4228//941
f 1544//941 1542//941 4234//941
f 1542//941 3845//941 4234//941
f 1542//941 1229//941 3845//941
f 4234//941 3845//941 3847//941
f 4228//941 4235//941 4232//941
f 4235//941 3850//941 4232//941
f 4235//941 3847//941 3850//941
f 4232//941 3850//941 3787//941
f 4220//941 4236//941 4221//941
f 4236//941 4237//941 4221//941
f 4236//941 4238//941 4237//941
f 4221//941 4237//941 4224//941
f 4238//941 4239//941 4237//941
f 4239//941 4240//941 4237//941
f 4239//941 3291//941 4240//941
f 4237//941 4240//941 4224//941
f 4238//941 4241//941 4239//941
f 4241//941 3293//941 4239//941
f 4241//941 3274//941 3293//941
f 4239//941 3293//941 3291//941
f 4224//941 4240//941 4229//941
f 4240//941 3292//941 4229//941
f 4240//941 3291//941 3292//941
f 4229//941 3292//941 1550//941
f 4242//2152 4243//2153 4244//2154
f 4243//2153 4245//2155 4244//2154
f 4243//2153 4246//2156 4245//2155
f 4244//2154 4245//2155 4247//2157
f 4246//2156 4248//2153 4245//2155
f 4248//2153 4249//2158 4245//2155
f 4248//2153 4250//2159 4249//2158
f 4245//2155 4249//2158 4247//2157
f 4246//2156 4251//2160 4248//2153
f 4251//2160 4252//2161 4248//2153
f 4251//2160 4253//2159 4252//2161
f 4248//2153 4252//2161 4250//2159
f 4247//2157 4249//2158 4254//2154
f 4249//2158 4255//2162 4254//2154
f 4249//2158 4250//2159 4255//2162
f 4254//2154 4255//2162 4256//2156
f 4257//2162 4258//2162 4259//2163
f 4258//2162 4260//2156 4259//2163
f 4258//2162 4261//2153 4260//2156
f 4259//2163 4260//2156 4262//2164
f 4261//2153 4263//2165 4260//2156
f 4263//2165 4264//2166 4260//2156
f 4263//2165 4265//2167 4264//2166
f 4260//2156 4264//2166 4262//2164
f 4261//2153 4266//2168 4263//2165
f 4266//2168 4267//2169 4263//2165
f 4266//2168 4256//2156 4267//2169
f 4263//2165 4267//2169 4265//2167
f 4262//2164 4264//2166 4268//2170
f 4264//2166 4269//2169 4268//2170
f 4264//2166 4265//2167 4269//2169
f 4268//2170 4269//2169 4270//2171
f 3160//2167 4271//2172 3161//2162
f 4271//2172 4272//2172 3161//2162
f 4271//2172 4273//2164 4272//2172
f 3161//2162 4272//2172 3164//2173
f 4273//2164 4274//2162 4272//2172
f 4274//2162 4275//2162 4272//2172
f 4274//2162 4276//2170 4275//2162
f 4272//2172 4275//2162 3164//2173
f 4273//2164 4277//2162 4274//2162
f 4277//2162 4278//2162 4274//2162
f 4277//2162 4279//2162 4278//2162
f 4274//2162 4278//2162 4276//2170
f 3164//2173 4275//2162 3169//2162
f 4275//2162 4280//2162 3169//2162
f 4275//2162 4276//2170 4280//2162
f 3169//2162 4280//2162 3171//2154
f 3160//2167 4281//2162 4271//2172
f 4281//2162 4282//2172 4271//2172
f 4281//2162 4283//2155 4282//2172
f 4271//2172 4282//2172 4273//2164
f 4283//2155 4284//2174 4282//2172
f 4284//2174 4285//2158 4282//2172
f 4284//2174 4286//2175 4285//2158
f 4282//2172 4285//2158 4273//2164
f 4283//2155 4287//2176 4284//2174
f 4287//2176 4288//2162 4284//2174
f 4287//2176 4289//2162 4288//2162
f 4284//2174 4288//2162 4286//2175
f 4273//2164 4285//2158 4277//2162
f 4285//2158 4290//2169 4277//2162
f 4285//2158 4286//2175 4290//2169
f 4277//2162 4290//2169 4279//2162
f 3171//2154 4280//2162 4291//2166
f 4280//2162 4292//2170 4291//2166
f 4280//2162 4276//2170 4292//2170
f 4291//2166 4292//2170 4293//2162
f 4276//2170 4294//2162 4292//2170
f 4294//2162 4295//2164 4292//2170
f 4294//2162 4296//2164 4295//2164
f 4292//2170 4295//2164 4293//2162
f 4276//2170 4278//2162 4294//2162
f 4278//2162 4297//2164 4294//2162
f 4278//2162 4279//2162 4297//2164
f 4294//2162 4297//2164 4296//2164
f 4293//2162 4295//2164 4298//2177
f 4295//2164 4299//2164 4298//2177
f 4295//2164 4296//2164 4299//2164
f 4298//2177 4299//2164 4270//2171
f 4257//2162 4300//2160 4301//2170
f 4300//2160 4302//2166 4301//2170
f 4300//2160 4303//2169 4302//2166
f 4301//2170 4302//2166 4304//2162
f 4303//2169 4305//2164 4302//2166
f 4305//2164 4306//2172 4302//2166
f 4305//2164 4286//2175 4306//2172
f 4302//2166 4306//2172 4304//2162
f 4303//2169 4307//2164 4305//2164
f 4307//2164 4290//2169 4305//2164
f 4307//2164 4279//2162 4290//2169
f 4305//2164 4290//2169 4286//2175
f 4304//2162 4306//2172 4308//2169
f 4306//2172 4288//2162 4308//2169
f 4306//2172 4286//2175 4288//2162
f 4308//2169 4288//2162 4289//2162
f 3160//2167 4309//2162 4281//2162
f 4309//2162 4310//2162 4281//2162
f 4309//2162 4311//2156 4310//2162
f 4281//2162 4310//2162 4283//2155
f 4311//2156 4312//2171 4310//2162
f 4312//2171 4313//2162 4310//2162
f 4312//2171 4314//2178 4313//2162
f 4310//2162 4313//2162 4283//2155
f 4311//2156 4315//2162 4312//2171
f 4315//2162 4316//2162 4312//2171
f 4315//2162 4317//2162 4316//2162
f 4312//2171 4316//2162 4314//2178
f 4283//2155 4313//2162 4287//2176
f 4313//2162 4318//2162 4287//2176
f 4313//2162 4314//2178 4318//2162
f 4287//2176 4318//2162 4289//2162
f 4220//2162 4319//2162 4320//2166
f 4319//2162 4321//2172 4320//2166
f 4319//2162 4322//2156 4321//2172
f 4320//2166 4321//2172 4323//2156
f 4322//2156 4324//2172 4321//2172
f 4324//2172 4325//2169 4321//2172
f 4324//2172 4314//2178 4325//2169
f 4321//2172 4325//2169 4323//2156
f 4322//2156 4326//2162 4324//2172
f 4326//2162 4318//2162 4324//2172
f 4326//2162 4289//2162 4318//2162
f 4324//2172 4318//2162 4314//2178
f 4323//2156 4325//2169 4327//2162
f 4325//2169 4316//2162 4327//2162
f 4325//2169 4314//2178 4316//2162
f 4327//2162 4316//2162 4317//2162
f 3160//2167 3276//2162 4309//2162
f 3276//2162 4328//2162 4309//2162
f 3276//2162 3278//2157 4328//2162
f 4309//2162 4328//2162 4311//2156
f 3278//2157 4329//2162 4328//2162
f 4329//2162 4330//2155 4328//2162
f 4329//2162 4331//2170 4330//2155
f 4328//2162 4330//2155 4311//2156
f 3278//2157 3281//2169 4329//2162
f 3281//2169 4332//2172 4329//2162
f 3281//2169 3274//2170 4332//2172
f 4329//2162 4332//2172 4331//2170
f 4311//2156 4330//2155 4315//2162
f 4330//2155 4333//2171 4315//2162
f 4330//2155 4331//2170 4333//2171
f 4315//2162 4333//2171 4317//2162
f 4242//2152 4244//2154 4334//2179
f 4244//2154 4335//2153 4334//2179
f 4244//2154 4247//2157 4335//2153
f 4334//2179 4335//2153 4336//2180
f 4247//2157 4337//2153 4335//2153
f 4337//2153 4338//2153 4335//2153
f 4337//2153 4261//2153 4338//2153
f 4335//2153 4338//2153 4336//2180
f 4247//2157 4254//2154 4337//2153
f 4254//2154 4266//2168 4337//2153
f 4254//2154 4256//2156 4266//2168
f 4337//2153 4266//2168 4261//2153
f 4336//2180 4338//2153 4339//2179
f 4338//2153 4258//2162 4339//2179
f 4338//2153 4261//2153 4258//2162
f 4339//2179 4258//2162 4257//2162
f 3171//2154 4291//2166 4340//2169
f 4291//2166 4341//2157 4340//2169
f 4291//2166 4293//2162 4341//2157
f 4340//2169 4341//2157 4342//2181
f 4293//2162 4343//2182 4341//2157
f 4343//2182 4344//2164 4341//2157
f 4343//2182 4265//2167 4344//2164
f 4341//2157 4344//2164 4342//2181
f 4293//2162 4298//2177 4343//2182
f 4298//2177 4269//2169 4343//2182
f 4298//2177 4270//2171 4269//2169
f 4343//2182 4269//2169 4265//2167
f 4342//2181 4344//2164 4345//2183
f 4344//2164 4267//2169 4345//2183
f 4344//2164 4265//2167 4267//2169
f 4345//2183 4267//2169 4256//2156
f 4253//2159 4346//2162 4252//2161
f 4346//2162 4347//2156 4252//2161
f 4346//2162 4348//2155 4347//2156
f 4252//2161 4347//2156 4250//2159
f 4348//2155 4349//2184 4347//2156
f 4349//2184 4350//2181 4347//2156
f 4349//2184 4342//2181 4350//2181
f 4347//2156 4350//2181 4250//2159
f 4348//2155 4351//2155 4349//2184
f 4351//2155 4340//2169 4349//2184
f 4351//2155 3171//2154 4340//2169
f 4349//2184 4340//2169 4342//2181
f 4250//2159 4350//2181 4255//2162
f 4350//2181 4345//2183 4255//2162
f 4350//2181 4342//2181 4345//2183
f 4255//2162 4345//2183 4256//2156
f 4257//2162 4259//2163 4300//2160
f 4259//2163 4352//2169 4300//2160
f 4259//2163 4262//2164 4352//2169
f 4300//2160 4352//2169 4303//2169
f 4262//2164 4353//2156 4352//2169
f 4353//2156 4354//2155 4352//2169
f 4353//2156 4296//2164 4354//2155
f 4352//2169 4354//2155 4303//2169
f 4262//2164 4268//2170 4353//2156
f 4268//2170 4299//2164 4353//2156
f 4268//2170 4270//2171 4299//2164
f 4353//2156 4299//2164 4296//2164
f 4303//2169 4354//2155 4307//2164
f 4354//2155 4297//2164 4307//2164
f 4354//2155 4296//2164 4297//2164
f 4307//2164 4297//2164 4279//2162
f 4220//2162 4320//2166 4236//2166
f 4320//2166 4355//2172 4236//2166
f 4320//2166 4323//2156 4355//2172
f 4236//2166 4355//2172 4238//2162
f 4323//2156 4356//2156 4355//2172
f 4356//2156 4357//2162 4355//2172
f 4356//2156 4331//2170 4357//2162
f 4355//2172 4357//2162 4238//2162
f 4323//2156 4327//2162 4356//2156
f 4327//2162 4333//2171 4356//2156
f 4327//2162 4317//2162 4333//2171
f 4356//2156 4333//2171 4331//2170
f 4238//2162 4357//2162 4241//2160
f 4357//2162 4332//2172 4241//2160
f 4357//2162 4331//2170 4332//2172
f 4241//2160 4332//2172 3274//2170
f 116//2185 118//2185 4358//2185
f 118//2186 4359//2186 4358//2186
f 118//2186 121//2186 4359//2186
f 4358//2187 4359//2187 4360//2187
f 121//2188 4361//2189 4359//2188
f 4361//2190 4362//2190 4359//2190
f 4361//2191 234//2191 4362//2191
f 4359//2190 4362//2190 4360//2192
f 121//2188 127//2193 4361//2189
f 127//2194 239//2195 4361//2194
f 127//2194 129//2196 239//2195
f 4361//2191 239//2191 234//2191
f 4360//2197 4362//2197 4363//2197
f 4362//2198 231//2199 4363//2198
f 4362//2198 234//2200 231//2199
f 4363//2201 231//2201 230//2201
f 256//2202 255//2202 4364//2202
f 255//2203 4365//2203 4364//2204
f 255//2203 251//2205 4365//2203
f 4364//2206 4365//2206 4366//2206
f 251//2207 4367//2208 4365//2207
f 4367//2209 4368//2209 4365//2209
f 4367//2210 197//2211 4368//2211
f 4365//2209 4368//2209 4366//2209
f 251//2207 253//2207 4367//2208
f 253//2212 200//2213 4367//2213
f 253//2212 144//2214 200//2213
f 4367//2210 200//2215 197//2211
f 4366//2216 4368//2216 4369//2216
f 4368//2217 199//2218 4369//2217
f 4368//2217 197//2217 199//2218
f 4369//2219 199//2219 116//2219
f 116//2220 4370//2220 4369//2220
f 4370//2221 4371//2221 4369//2221
f 4370//2222 4372//2222 4371//2222
f 4369//2223 4371//2223 4366//2223
f 4372//2224 4373//2224 4371//2224
f 4373//2225 4374//2225 4371//2225
f 4373//2226 262//2226 4374//2226
f 4371//2227 4374//2227 4366//2227
f 4372//2228 4375//2228 4373//2228
f 4375//2229 259//2229 4373//2229
f 4375//2230 257//2230 259//2230
f 4373//2231 259//2231 262//2231
f 4366//2232 4374//2232 4364//2232
f 4374//2233 266//2233 4364//2233
f 4374//2234 262//2234 266//2234
f 4364//2235 266//2235 256//2235
f 230//2236 272//2236 4363//2236
f 272//2237 4376//2237 4363//2237
f 272//2238 269//2238 4376//2238
f 4363//2239 4376//2239 4360//2239
f 269//2240 4377//2240 4376//2240
f 4377//2241 4378//2241 4376//2241
f 4377//2242 4372//2242 4378//2242
f 4376//2243 4378//2243 4360//2243
f 269//2244 267//2244 4377//2244
f 267//2245 4375//2245 4377//2245
f 267//2246 257//2246 4375//2246
f 4377//2247 4375//2247 4372//2247
f 4360//2248 4378//2248 4358//2248
f 4378//2249 4370//2249 4358//2249
f 4378//2250 4372//2250 4370//2250
f 4358//2251 4370//2251 116//2251
f 4257//695 4379//695 4380//695
f 4379//695 4381//695 4380//695
f 4379//695 4382//695 4381//695
f 4380//695 4381//695 4383//695
f 4382//695 4384//695 4381//695
f 4384//695 4385//695 4381//695
f 4384//695 4386//695 4385//695
f 4381//695 4385//695 4383//695
f 4382//695 4387//695 4384//695
f 4387//695 4388//695 4384//695
f 4387//695 4389//695 4388//695
f 4384//695 4388//695 4386//695
f 4383//695 4385//695 4390//695
f 4385//695 4391//695 4390//695
f 4385//695 4386//695 4391//695
f 4390//695 4391//695 4392//695
f 4257//695 4380//695 4339//695
f 4380//695 4393//695 4339//695
f 4380//695 4383//695 4393//695
f 4339//695 4393//695 4336//695
f 4383//695 4394//695 4393//695
f 4394//695 4395//695 4393//695
f 4394//695 4396//695 4395//695
f 4393//695 4395//695 4336//695
f 4383//695 4390//695 4394//695
f 4390//695 4397//695 4394//695
f 4390//695 4392//695 4397//695
f 4394//695 4397//695 4396//695
f 4336//695 4395//695 4334//695
f 4395//695 4398//695 4334//695
f 4395//695 4396//695 4398//695
f 4334//695 4398//695 4242//695
f 3203//2252 4399//2252 3201//2252
f 4399//2253 4400//2253 3201//2253
f 4399//2254 4401//2254 4400//2254
f 3201//2255 4400//2255 3195//2255
f 4401//2256 4402//2256 4400//2256
f 4402//2257 4403//2257 4400//2257
f 4402//2258 4404//2258 4403//2258
f 4400//2259 4403//2259 3195//2259
f 4401//2260 4405//2260 4402//2260
f 4405//2261 4406//2261 4402//2261
f 4405//2262 4407//2262 4406//2262
f 4402//2263 4406//2263 4404//2263
f 3195//2264 4403//2264 3192//2264
f 4403//2265 4408//2265 3192//2265
f 4403//2266 4404//2266 4408//2266
f 3192//2267 4408//2267 3190//2267
f 226//2268 4409//2268 224//2268
f 4409//2268 4410//2268 224//2268
f 4409//2269 4411//2269 4410//2269
f 224//2268 4410//2268 218//2268
f 4411//2269 4412//2269 4410//2269
f 4412//2269 4413//2269 4410//2269
f 4412//2269 4414//2270 4413//2269
f 4410//2268 4413//2268 218//2268
f 4411//2271 4415//2271 4412//2271
f 4415//2271 4416//2271 4412//2271
f 4415//2272 4417//2272 4416//2272
f 4412//2271 4416//2271 4414//2271
f 218//2268 4413//2268 215//2268
f 4413//2268 4418//2268 215//2268
f 4413//2269 4414//2270 4418//2269
f 215//2268 4418//2268 165//2268
f 226//2273 3003//2273 4409//2273
f 3003//2274 4419//2274 4409//2274
f 3003//2275 3006//2275 4419//2275
f 4409//2276 4419//2276 4411//2276
f 3006//2277 4420//2277 4419//2277
f 4420//2278 4421//2278 4419//2278
f 4420//2279 4422//2279 4421//2279
f 4419//2280 4421//2280 4411//2280
f 3006//2281 3013//2281 4420//2281
f 3013//2282 4423//2282 4420//2282
f 3013//2283 3015//2283 4423//2283
f 4420//2284 4423//2284 4422//2284
f 4411//2285 4421//2285 4415//2285
f 4421//2286 4424//2286 4415//2286
f 4421//2287 4422//2287 4424//2287
f 4415//2288 4424//2288 4417//2288
f 4425//2289 4426//2289 4427//2289
f 4426//2290 4428//2290 4427//2290
f 4426//2291 4429//2291 4428//2291
f 4427//2292 4428//2292 4430//2292
f 4429//2293 4431//2293 4428//2293
f 4431//2294 4432//2294 4428//2294
f 4431//2295 4422//2295 4432//2295
f 4428//2296 4432//2296 4430//2296
f 4429//2297 4433//2297 4431//2297
f 4433//2298 4424//2298 4431//2298
f 4433//2299 4417//2299 4424//2299
f 4431//2300 4424//2300 4422//2300
f 4430//2301 4432//2301 4434//2301
f 4432//2302 4423//2302 4434//2302
f 4432//2303 4422//2303 4423//2303
f 4434//2304 4423//2304 3015//2304
f 3158//2305 4435//2305 3157//2305
f 4435//2306 4436//2306 3157//2306
f 4435//2307 4437//2307 4436//2307
f 3157//2308 4436//2308 3155//2308
f 4437//2309 4438//2309 4436//2309
f 4438//2310 4439//2310 4436//2310
f 4438//2311 4430//2311 4439//2311
f 4436//2312 4439//2312 3155//2312
f 4437//2313 4440//2313 4438//2313
f 4440//2314 4427//2314 4438//2314
f 4440//2315 4425//2315 4427//2315
f 4438//2316 4427//2316 4430//2316
f 3155//2317 4439//2317 3159//2317
f 4439//2318 4434//2318 3159//2318
f 4439//2319 4430//2319 4434//2319
f 3159//2320 4434//2320 3015//2320
f 4407//2321 4441//2321 4442//2321
f 4441//2322 4443//2322 4442//2322
f 4441//2323 4444//2323 4443//2323
f 4442//2324 4443//2324 4445//2324
f 4444//2325 4446//2325 4443//2325
f 4446//2326 4447//2326 4443//2326
f 4446//2327 4437//2327 4447//2327
f 4443//2328 4447//2328 4445//2328
f 4444//2329 4448//2329 4446//2329
f 4448//2330 4440//2330 4446//2330
f 4448//2331 4425//2331 4440//2331
f 4446//2332 4440//2332 4437//2332
f 4445//2333 4447//2333 4449//2333
f 4447//2334 4435//2334 4449//2334
f 4447//2335 4437//2335 4435//2335
f 4449//2336 4435//2336 3158//2336
f 4425//2337 4450//2337 4426//2337
f 4450//2338 4451//2338 4426//2338
f 4450//2339 4452//2339 4451//2339
f 4426//2340 4451//2340 4429//2340
f 4452//2341 4453//2341 4451//2341
f 4453//2342 4454//2342 4451//2342
f 4453//2343 4455//2343 4454//2343
f 4451//2344 4454//2344 4429//2344
f 4452//2345 4456//2345 4453//2345
f 4456//2346 4457//2346 4453//2346
f 4456//2347 3171//2347 4457//2347
f 4453//2348 4457//2348 4455//2348
f 4429//2349 4454//2349 4433//2349
f 4454//2350 4458//2350 4433//2350
f 4454//2351 4455//2351 4458//2351
f 4433//2352 4458//2352 4417//2352
f 3171//2353 4456//2353 3262//2353
f 4456//2354 4459//2354 3262//2354
f 4456//2355 4452//2355 4459//2355
f 3262//2356 4459//2356 3259//2356
f 4452//2357 4460//2357 4459//2357
f 4460//2358 4461//2358 4459//2358
f 4460//2359 4462//2359 4461//2359
f 4459//2360 4461//2360 3259//2360
f 4452//2361 4450//2361 4460//2361
f 4450//2362 4463//2362 4460//2362
f 4450//2363 4425//2363 4463//2363
f 4460//2364 4463//2364 4462//2364
f 3259//2365 4461//2365 3257//2365
f 4461//2366 4464//2366 3257//2366
f 4461//2367 4462//2367 4464//2367
f 3257//2368 4464//2368 3203//2368
f 4407//2369 4405//2369 4441//2369
f 4405//2370 4465//2370 4441//2370
f 4405//2371 4401//2371 4465//2371
f 4441//2372 4465//2372 4444//2372
f 4401//2373 4466//2373 4465//2373
f 4466//2374 4467//2374 4465//2374
f 4466//2375 4462//2375 4467//2375
f 4465//2376 4467//2376 4444//2376
f 4401//2377 4399//2377 4466//2377
f 4399//2378 4464//2378 4466//2378
f 4399//2379 3203//2379 4464//2379
f 4466//2380 4464//2380 4462//2380
f 4444//2381 4467//2381 4448//2381
f 4467//2382 4463//2382 4448//2382
f 4467//2383 4462//2383 4463//2383
f 4448//2384 4463//2384 4425//2384
f 4417//2385 4468//2386 4469//2387
f 4468//2388 4470//2388 4469//2388
f 4468//2389 4471//2390 4470//2391
f 4469//2392 4470//2392 4472//2392
f 4471//2393 4473//2393 4470//2393
f 4473//2394 4474//2394 4470//2394
f 4473//2395 4246//2395 4474//2395
f 4470//2396 4474//2396 4472//2396
f 4471//2397 4475//2398 4473//2399
f 4475//2400 4251//2400 4473//2400
f 4475//2401 4253//2402 4251//2403
f 4473//2404 4251//2404 4246//2404
f 4472//2405 4474//2405 4476//2405
f 4474//2406 4243//2406 4476//2406
f 4474//2407 4246//2407 4243//2407
f 4476//2408 4243//2408 4242//2408
f 4253//2402 4475//2401 4346//2409
f 4475//2410 4477//2410 4346//2410
f 4475//2398 4471//2397 4477//2411
f 4346//2412 4477//2412 4348//2412
f 4471//2413 4478//2413 4477//2413
f 4478//2414 4479//2414 4477//2414
f 4478//2415 4455//2415 4479//2415
f 4477//2416 4479//2416 4348//2416
f 4471//2390 4468//2389 4478//2417
f 4468//2418 4458//2418 4478//2418
f 4468//2386 4417//2385 4458//2419
f 4478//2420 4458//2420 4455//2420
f 4348//2421 4479//2421 4351//2421
f 4479//2422 4457//2422 4351//2422
f 4479//2423 4455//2423 4457//2423
f 4351//2424 4457//2424 3171//2424
f 1//2425 3//2425 4480//2426
f 3//2425 4481//2427 4480//2426
f 3//2425 6//2428 4481//2427
f 4480//2426 4481//2427 4482//2429
f 6//2428 4483//2430 4481//2427
f 4483//2430 4484//2431 4481//2427
f 4483//2430 4485//2432 4484//2431
f 4481//2427 4484//2431 4482//2429
f 6//2428 13//2433 4483//2430
f 13//2433 4486//2434 4483//2430
f 13//2433 15//2429 4486//2434
f 4483//2430 4486//2434 4485//2432
f 4482//2429 4484//2431 4487//2435
f 4484//2431 4488//2431 4487//2435
f 4484//2431 4485//2432 4488//2431
f 4487//2435 4488//2431 4489//2436
f 3864//2429 4490//2437 4491//2429
f 4490//2437 4492//2438 4491//2429
f 4490//2437 4493//2439 4492//2438
f 4491//2429 4492//2438 4494//2440
f 4493//2439 4495//2441 4492//2438
f 4495//2441 4496//2431 4492//2438
f 4495//2441 4497//2442 4496//2431
f 4492//2438 4496//2431 4494//2440
f 4493//2439 4498//2443 4495//2441
f 4498//2443 4499//2444 4495//2441
f 4498//2443 4500//2445 4499//2444
f 4495//2441 4499//2444 4497//2442
f 4494//2440 4496//2431 4501//2446
f 4496//2431 4502//2442 4501//2446
f 4496//2431 4497//2442 4502//2442
f 4501//2446 4502//2442 4489//2436
f 1711//2429 4503//2447 4504//2430
f 4503//2447 4505//2443 4504//2430
f 4503//2447 4506//2445 4505//2443
f 4504//2430 4505//2443 4507//2448
f 4506//2445 4508//2449 4505//2443
f 4508//2449 4509//2443 4505//2443
f 4508//2449 4510//2450 4509//2443
f 4505//2443 4509//2443 4507//2448
f 4506//2445 4511//2447 4508//2449
f 4511//2447 4512//2451 4508//2449
f 4511//2447 4513//2452 4512//2451
f 4508//2449 4512//2451 4510//2450
f 4507//2448 4509//2443 4514//2453
f 4509//2443 4515//2454 4514//2453
f 4509//2443 4510//2450 4515//2454
f 4514//2453 4515//2454 4516//2455
f 1628//2456 4517//2430 4518//2457
f 4517//2430 4519//2443 4518//2457
f 4517//2430 4520//2436 4519//2443
f 4518//2457 4519//2443 4521//2439
f 4520//2436 4522//2447 4519//2443
f 4522//2447 4523//2447 4519//2443
f 4522//2447 4524//2431 4523//2447
f 4519//2443 4523//2447 4521//2439
f 4520//2436 4525//2435 4522//2447
f 4525//2435 4526//2425 4522//2447
f 4525//2435 4527//2445 4526//2425
f 4522//2447 4526//2425 4524//2431
f 4521//2439 4523//2447 4528//2439
f 4523//2447 4529//2442 4528//2439
f 4523//2447 4524//2431 4529//2442
f 4528//2439 4529//2442 4500//2445
f 1//2425 4480//2426 4530//2435
f 4480//2426 4531//2431 4530//2435
f 4480//2426 4482//2429 4531//2431
f 4530//2435 4531//2431 4532//2436
f 4482//2429 4533//2425 4531//2431
f 4533//2425 4534//2452 4531//2431
f 4533//2425 4535//2443 4534//2452
f 4531//2431 4534//2452 4532//2436
f 4482//2429 4487//2435 4533//2425
f 4487//2435 4536//2430 4533//2425
f 4487//2435 4489//2436 4536//2430
f 4533//2425 4536//2430 4535//2443
f 4532//2436 4534//2452 4537//2456
f 4534//2452 4538//2439 4537//2456
f 4534//2452 4535//2443 4538//2439
f 4537//2456 4538//2439 4527//2445
f 4489//2436 4502//2442 4536//2430
f 4502//2442 4539//2447 4536//2430
f 4502//2442 4497//2442 4539//2447
f 4536//2430 4539//2447 4535//2443
f 4497//2442 4540//2447 4539//2447
f 4540//2447 4541//2458 4539//2447
f 4540//2447 4524//2431 4541//2458
f 4539//2447 4541//2458 4535//2443
f 4497//2442 4499//2444 4540//2447
f 4499//2444 4529//2442 4540//2447
f 4499//2444 4500//2445 4529//2442
f 4540//2447 4529//2442 4524//2431
f 4535//2443 4541//2458 4538//2439
f 4541//2458 4526//2425 4538//2439
f 4541//2458 4524//2431 4526//2425
f 4538//2439 4526//2425 4527//2445
f 1628//2456 4518//2457 4542//2445
f 4518//2457 4543//2456 4542//2445
f 4518//2457 4521//2439 4543//2456
f 4542//2445 4543//2456 4544//2431
f 4521//2439 4545//2431 4543//2456
f 4545//2431 4546//2456 4543//2456
f 4545//2431 4547//2459 4546//2456
f 4543//2456 4546//2456 4544//2431
f 4521//2439 4528//2439 4545//2431
f 4528//2439 4548//2431 4545//2431
f 4528//2439 4500//2445 4548//2431
f 4545//2431 4548//2431 4547//2459
f 4544//2431 4546//2456 4549//2460
f 4546//2456 4550//2459 4549//2460
f 4546//2456 4547//2459 4550//2459
f 4549//2460 4550//2459 4513//2452
f 3864//2429 4551//2461 4490//2437
f 4551//2461 4552//2436 4490//2437
f 4551//2461 4553//2442 4552//2436
f 4490//2437 4552//2436 4493//2439
f 4553//2442 4554//2425 4552//2436
f 4554//2425 4555//2462 4552//2436
f 4554//2425 4556//2461 4555//2462
f 4552//2436 4555//2462 4493//2439
f 4553//2442 4557//2438 4554//2425
f 4557//2438 4558//2443 4554//2425
f 4557//2438 4516//2455 4558//2443
f 4554//2425 4558//2443 4556//2461
f 4493//2439 4555//2462 4498//2443
f 4555//2462 4559//2463 4498//2443
f 4555//2462 4556//2461 4559//2463
f 4498//2443 4559//2463 4500//2445
f 4560//2443 4561//2464 4562//2447
f 4561//2464 4563//2440 4562//2447
f 4561//2464 4564//2465 4563//2440
f 4562//2447 4563//2440 4565//2438
f 4564//2465 4566//2436 4563//2440
f 4566//2436 4567//2431 4563//2440
f 4566//2436 4568//2466 4567//2431
f 4563//2440 4567//2431 4565//2438
f 4564//2465 4569//2448 4566//2436
f 4569//2448 4570//2442 4566//2436
f 4569//2448 4571//2443 4570//2442
f 4566//2436 4570//2442 4568//2466
f 4565//2438 4567//2431 4572//2467
f 4567//2431 4573//2464 4572//2467
f 4567//2431 4568//2466 4573//2464
f 4572//2467 4573//2464 4574//2446
f 1//2425 4530//2435 4575//2468
f 4530//2435 4576//2469 4575//2468
f 4530//2435 4532//2436 4576//2469
f 4575//2468 4576//2469 4577//2470
f 4532//2436 4578//2439 4576//2469
f 4578//2439 4579//2471 4576//2469
f 4578//2439 4580//2472 4579//2471
f 4576//2469 4579//2471 4577//2470
f 4532//2436 4537//2456 4578//2439
f 4537//2456 4581//2461 4578//2439
f 4537//2456 4527//2445 4581//2461
f 4578//2439 4581//2461 4580//2472
f 4577//2470 4579//2471 4582//2469
f 4579//2471 4583//2473 4582//2469
f 4579//2471 4580//2472 4583//2473
f 4582//2469 4583//2473 4560//2443
f 1628//2456 4584//2435 4517//2430
f 4584//2435 4585//2471 4517//2430
f 4584//2435 4586//2458 4585//2471
f 4517//2430 4585//2471 4520//2436
f 4586//2458 4587//2445 4585//2471
f 4587//2445 4588//2441 4585//2471
f 4587//2445 4589//2455 4588//2441
f 4585//2471 4588//2441 4520//2436
f 4586//2458 4590//2469 4587//2445
f 4590//2469 4591//2447 4587//2445
f 4590//2469 4571//2443 4591//2447
f 4587//2445 4591//2447 4589//2455
f 4520//2436 4588//2441 4525//2435
f 4588//2441 4592//2437 4525//2435
f 4588//2441 4589//2455 4592//2437
f 4525//2435 4592//2437 4527//2445
f 4500//2445 4559//2463 4548//2431
f 4559//2463 4593//2425 4548//2431
f 4559//2463 4556//2461 4593//2425
f 4548//2431 4593//2425 4547//2459
f 4556//2461 4594//2438 4593//2425
f 4594//2438 4595//2425 4593//2425
f 4594//2438 4510//2450 4595//2425
f 4593//2425 4595//2425 4547//2459
f 4556//2461 4558//2443 4594//2438
f 4558//2443 4515//2454 4594//2438
f 4558//2443 4516//2455 4515//2454
f 4594//2438 4515//2454 4510//2450
f 4547//2459 4595//2425 4550//2459
f 4595//2425 4512//2451 4550//2459
f 4595//2425 4510//2450 4512//2451
f 4550//2459 4512//2451 4513//2452
f 4527//2445 4592//2437 4581//2461
f 4592//2437 4596//2447 4581//2461
f 4592//2437 4589//2455 4596//2447
f 4581//2461 4596//2447 4580//2472
f 4589//2455 4597//2474 4596//2447
f 4597//2474 4598//2462 4596//2447
f 4597//2474 4564//2465 4598//2462
f 4596//2447 4598//2462 4580//2472
f 4589//2455 4591//2447 4597//2474
f 4591//2447 4569//2448 4597//2474
f 4591//2447 4571//2443 4569//2448
f 4597//2474 4569//2448 4564//2465
f 4580//2472 4598//2462 4583//2473
f 4598//2462 4561//2464 4583//2473
f 4598//2462 4564//2465 4561//2464
f 4583//2473 4561//2464 4560//2443
f 1//2425 4575//2468 4599//2435
f 4575//2468 4600//2442 4599//2435
f 4575//2468 4577//2470 4600//2442
f 4599//2435 4600//2442 4601//2475
f 4577//2470 4602//2443 4600//2442
f 4602//2443 4603//2461 4600//2442
f 4602//2443 4565//2438 4603//2461
f 4600//2442 4603//2461 4601//2475
f 4577//2470 4582//2469 4602//2443
f 4582//2469 4562//2447 4602//2443
f 4582//2469 4560//2443 4562//2447
f 4602//2443 4562//2447 4565//2438
f 4601//2475 4603//2461 4604//2435
f 4603//2461 4572//2467 4604//2435
f 4603//2461 4565//2438 4572//2467
f 4604//2435 4572//2467 4574//2446
f 1657//2429 4605//2459 4606//2435
f 4605//2459 4607//2438 4606//2435
f 4605//2459 4608//2476 4607//2438
f 4606//2435 4607//2438 4609//2469
f 4608//2476 4610//2447 4607//2438
f 4610//2447 4611//2429 4607//2438
f 4610//2447 4506//2445 4611//2429
f 4607//2438 4611//2429 4609//2469
f 4608//2476 4612//2447 4610//2447
f 4612//2447 4511//2447 4610//2447
f 4612//2447 4513//2452 4511//2447
f 4610//2447 4511//2447 4506//2445
f 4609//2469 4611//2429 4613//2438
f 4611//2429 4503//2447 4613//2438
f 4611//2429 4506//2445 4503//2447
f 4613//2438 4503//2447 1711//2429
f 1628//2456 4542//2445 1654//2429
f 4542//2445 4614//2477 1654//2429
f 4542//2445 4544//2431 4614//2477
f 1654//2429 4614//2477 1653//2458
f 4544//2431 4615//2439 4614//2477
f 4615//2439 4616//2437 4614//2477
f 4615//2439 4608//2476 4616//2437
f 4614//2477 4616//2437 1653//2458
f 4544//2431 4549//2460 4615//2439
f 4549//2460 4612//2447 4615//2439
f 4549//2460 4513//2452 4612//2447
f 4615//2439 4612//2447 4608//2476
f 1653//2458 4616//2437 1656//2429
f 4616//2437 4605//2459 1656//2429
f 4616//2437 4608//2476 4605//2459
f 1656//2429 4605//2459 1657//2429
f 41//2443 39//2435 4617//2438
f 39//2435 4618//2435 4617//2438
f 39//2435 34//2435 4618//2435
f 4617//2438 4618//2435 4619//2438
f 34//2435 4620//2443 4618//2435
f 4620//2443 4621//2443 4618//2435
f 4620//2443 4601//2475 4621//2443
f 4618//2435 4621//2443 4619//2438
f 34//2435 31//2443 4620//2443
f 31//2443 4599//2435 4620//2443
f 31//2443 1//2425 4599//2435
f 4620//2443 4599//2435 4601//2475
f 4619//2438 4621//2443 4622//2443
f 4621//2443 4604//2435 4622//2443
f 4621//2443 4601//2475 4604//2435
f 4622//2443 4604//2435 4574//2446
f 3864//2429 3866//2435 4551//2461
f 3866//2435 4623//2430 4551//2461
f 3866//2435 3869//2470 4623//2430
f 4551//2461 4623//2430 4553//2442
f 3869//2470 4624//2469 4623//2430
f 4624//2469 4625//2435 4623//2430
f 4624//2469 4507//2448 4625//2435
f 4623//2430 4625//2435 4553//2442
f 3869//2470 3873//2478 4624//2469
f 3873//2478 4504//2430 4624//2469
f 3873//2478 1711//2429 4504//2430
f 4624//2469 4504//2430 4507//2448
f 4553//2442 4625//2435 4557//2438
f 4625//2435 4514//2453 4557//2438
f 4625//2435 4507//2448 4514//2453
f 4557//2438 4514//2453 4516//2455
f 1628//2456 1642//2438 4584//2435
f 1642//2438 4626//2431 4584//2435
f 1642//2438 1644//2445 4626//2431
f 4584//2435 4626//2431 4586//2458
f 1644//2445 4627//2429 4626//2431
f 4627//2429 4628//2469 4626//2431
f 4627//2429 4629//2461 4628//2469
f 4626//2431 4628//2469 4586//2458
f 1644//2445 1647//2442 4627//2429
f 1647//2442 4630//2479 4627//2429
f 1647//2442 1598//2480 4630//2479
f 4627//2429 4630//2479 4629//2461
f 4586//2458 4628//2469 4590//2469
f 4628//2469 4631//2481 4590//2469
f 4628//2469 4629//2461 4631//2481
f 4590//2469 4631//2481 4571//2443
f 1657//2429 4606//2435 1685//2438
f 4606//2435 4632//2438 1685//2438
f 4606//2435 4609//2469 4632//2438
f 1685//2438 4632//2438 1684//2447
f 4609//2469 4633//2438 4632//2438
f 4633//2438 4634//2447 4632//2438
f 4633//2438 1741//2435 4634//2447
f 4632//2438 4634//2447 1684//2447
f 4609//2469 4613//2438 4633//2438
f 4613//2438 1744//2438 4633//2438
f 4613//2438 1711//2429 1744//2438
f 4633//2438 1744//2438 1741//2435
f 1684//2447 4634//2447 1686//2443
f 4634//2447 1739//2443 1686//2443
f 4634//2447 1741//2435 1739//2443
f 1686//2443 1739//2443 1671//2439
f 1598//2480 4635//2443 4630//2479
f 4635//2443 4636//2435 4630//2479
f 4635//2443 4637//2443 4636//2435
f 4630//2479 4636//2435 4629//2461
f 4637//2443 4638//2425 4636//2435
f 4638//2425 4639//2443 4636//2435
f 4638//2425 4568//2466 4639//2443
f 4636//2435 4639//2443 4629//2461
f 4637//2443 4640//2443 4638//2425
f 4640//2443 4573//2464 4638//2425
f 4640//2443 4574//2446 4573//2464
f 4638//2425 4573//2464 4568//2466
f 4629//2461 4639//2443 4631//2481
f 4639//2443 4570//2442 4631//2481
f 4639//2443 4568//2466 4570//2442
f 4631//2481 4570//2442 4571//2443
f 41//2443 4617//2438 1590//2438
f 4617//2438 4641//2438 1590//2438
f 4617//2438 4619//2438 4641//2438
f 1590//2438 4641//2438 1592//2430
f 4619//2438 4642//2433 4641//2438
f 4642//2433 4643//2438 4641//2438
f 4642//2433 4637//2443 4643//2438
f 4641//2438 4643//2438 1592//2430
f 4619//2438 4622//2443 4642//2433
f 4622//2443 4640//2443 4642//2433
f 4622//2443 4574//2446 4640//2443
f 4642//2433 4640//2443 4637//2443
f 1592//2430 4643//2438 1596//2435
f 4643//2438 4635//2443 1596//2435
f 4643//2438 4637//2443 4635//2443
f 1596//2435 4635//2443 1598//2480
f 860//2482 4644//2482 4645//2482
f 4644//2482 4646//2482 4645//2482
f 4644//2482 4647//2482 4646//2482
f 4645//2482 4646//2482 4648//2482
f 4647//2482 4649//2482 4646//2482
f 4649//2482 4650//2482 4646//2482
f 4649//2482 4651//2482 4650//2482
f 4646//2482 4650//2482 4648//2482
f 4647//2482 4652//2482 4649//2482
f 4652//2482 4653//2482 4649//2482
f 4652//2482 4654//2482 4653//2482
f 4649//2482 4653//2482 4651//2482
f 4648//2482 4650//2482 4655//2482
f 4650//2482 4656//2482 4655//2482
f 4650//2482 4651//2482 4656//2482
f 4655//2482 4656//2482 2220//2482
f 16//2482 4657//2482 4658//2482
f 4657//2482 4659//2482 4658//2482
f 4657//2482 4660//2482 4659//2482
f 4658//2482 4659//2482 4661//2482
f 4660//2482 4662//2482 4659//2482
f 4662//2482 4663//2482 4659//2482
f 4662//2482 4664//2482 4663//2482
f 4659//2482 4663//2482 4661//2482
f 4660//2482 4665//2482 4662//2482
f 4665//2482 4666//2482 4662//2482
f 4665//2482 4667//2482 4666//2482
f 4662//2482 4666//2482 4664//2482
f 4661//2482 4663//2482 4668//2482
f 4663//2482 4669//2482 4668//2482
f 4663//2482 4664//2482 4669//2482
f 4668//2482 4669//2482 4670//2482
f 4407//2482 4671//2482 4406//2482
f 4671//2482 4672//2482 4406//2482
f 4671//2482 4673//2482 4672//2482
f 4406//2482 4672//2482 4404//2482
f 4673//2482 4674//2482 4672//2482
f 4674//2482 4675//2482 4672//2482
f 4674//2482 4676//2482 4675//2482
f 4672//2482 4675//2482 4404//2482
f 4673//2482 4677//2482 4674//2482
f 4677//2482 4678//2482 4674//2482
f 4677//2482 4667//2482 4678//2482
f 4674//2482 4678//2482 4676//2482
f 4404//2482 4675//2482 4408//2482
f 4675//2482 4679//2482 4408//2482
f 4675//2482 4676//2482 4679//2482
f 4408//2482 4679//2482 3190//2482
f 2336//2482 4680//2482 4681//2482
f 4680//2482 4682//2482 4681//2482
f 4680//2482 4683//2482 4682//2482
f 4681//2482 4682//2482 4684//2482
f 4683//2482 4685//2482 4682//2482
f 4685//2482 4686//2482 4682//2482
f 4685//2482 4687//2482 4686//2482
f 4682//2482 4686//2482 4684//2482
f 4683//2482 4688//2482 4685//2482
f 4688//2482 4689//2482 4685//2482
f 4688//2482 4654//2482 4689//2482
f 4685//2482 4689//2482 4687//2482
f 4684//2482 4686//2482 4690//2482
f 4686//2482 4691//2482 4690//2482
f 4686//2482 4687//2482 4691//2482
f 4690//2482 4691//2482 4692//2482
f 2059//2482 4693//2482 4694//2482
f 4693//2482 4695//2482 4694//2482
f 4693//2482 4696//2482 4695//2482
f 4694//2482 4695//2482 4697//2482
f 4696//2482 4698//2482 4695//2482
f 4698//2482 4699//2482 4695//2482
f 4698//2482 4700//2482 4699//2482
f 4695//2482 4699//2482 4697//2482
f 4696//2482 4701//2482 4698//2482
f 4701//2482 4702//2482 4698//2482
f 4701//2482 4703//2482 4702//2482
f 4698//2482 4702//2482 4700//2482
f 4697//2482 4699//2482 4704//2482
f 4699//2482 4705//2482 4704//2482
f 4699//2482 4700//2482 4705//2482
f 4704//2482 4705//2482 3158//2482
f 4706//2482 4707//2482 4708//2482
f 4707//2482 4709//2482 4708//2482
f 4707//2482 4710//2482 4709//2482
f 4708//2482 4709//2482 4711//2482
f 4710//2482 4712//2482 4709//2482
f 4712//2482 4713//2482 4709//2482
f 4712//2482 4714//2482 4713//2482
f 4709//2482 4713//2482 4711//2482
f 4710//2482 4715//2482 4712//2482
f 4715//2482 4716//2482 4712//2482
f 4715//2482 4717//2482 4716//2482
f 4712//2482 4716//2482 4714//2482
f 4711//2482 4713//2482 4718//2482
f 4713//2482 4719//2482 4718//2482
f 4713//2482 4714//2482 4719//2482
f 4718//2482 4719//2482 4720//2482
f 3787//2482 4721//2482 4722//2482
f 4721//2482 4723//2482 4722//2482
f 4721//2482 4724//2482 4723//2482
f 4722//2482 4723//2482 4725//2482
f 4724//2482 4726//2482 4723//2482
f 4726//2482 4727//2482 4723//2482
f 4726//2482 4728//2482 4727//2482
f 4723//2482 4727//2482 4725//2482
f 4724//2482 4729//2482 4726//2482
f 4729//2482 4730//2482 4726//2482
f 4729//2482 4717//2482 4730//2482
f 4726//2482 4730//2482 4728//2482
f 4725//2482 4727//2482 4731//2482
f 4727//2482 4732//2482 4731//2482
f 4727//2482 4728//2482 4732//2482
f 4731//2482 4732//2482 4733//2482
f 4734//2482 4735//2482 4736//2482
f 4735//2482 4737//2482 4736//2482
f 4735//2482 4738//2482 4737//2482
f 4736//2482 4737//2482 4739//2482
f 4738//2482 4740//2482 4737//2482
f 4740//2482 4741//2482 4737//2482
f 4740//2482 4742//2482 4741//2482
f 4737//2482 4741//2482 4739//2482
f 4738//2482 4743//2482 4740//2482
f 4743//2482 4744//2482 4740//2482
f 4743//2482 4692//2482 4744//2482
f 4740//2482 4744//2482 4742//2482
f 4739//2482 4741//2482 4745//2482
f 4741//2482 4746//2482 4745//2482
f 4741//2482 4742//2482 4746//2482
f 4745//2482 4746//2482 4747//2482
f 4706//2482 4748//2482 4707//2482
f 4748//2482 4749//2482 4707//2482
f 4748//2482 4750//2482 4749//2482
f 4707//2482 4749//2482 4710//2482
f 4750//2482 4751//2482 4749//2482
f 4751//2482 4752//2482 4749//2482
f 4751//2482 4728//2482 4752//2482
f 4749//2482 4752//2482 4710//2482
f 4750//2482 4753//2482 4751//2482
f 4753//2482 4732//2482 4751//2482
f 4753//2482 4733//2482 4732//2482
f 4751//2482 4732//2482 4728//2482
f 4710//2482 4752//2482 4715//2482
f 4752//2482 4730//2482 4715//2482
f 4752//2482 4728//2482 4730//2482
f 4715//2482 4730//2482 4717//2482
f 4754//2482 4755//2482 4756//2482
f 4755//2482 4757//2482 4756//2482
f 4755//2482 4758//2482 4757//2482
f 4756//2482 4757//2482 4759//2482
f 4758//2482 4760//2482 4757//2482
f 4760//2482 4761//2482 4757//2482
f 4760//2482 4762//2482 4761//2482
f 4757//2482 4761//2482 4759//2482
f 4758//2482 4763//2482 4760//2482
f 4763//2482 4764//2482 4760//2482
f 4763//2482 4765//2482 4764//2482
f 4760//2482 4764//2482 4762//2482
f 4759//2482 4761//2482 4766//2482
f 4761//2482 4767//2482 4766//2482
f 4761//2482 4762//2482 4767//2482
f 4766//2482 4767//2482 4768//2482
f 4407//2482 4769//2482 4671//2482
f 4769//2482 4770//2482 4671//2482
f 4769//2482 4771//2482 4770//2482
f 4671//2482 4770//2482 4673//2482
f 4771//2482 4772//2482 4770//2482
f 4772//2482 4773//2482 4770//2482
f 4772//2482 4774//2482 4773//2482
f 4770//2482 4773//2482 4673//2482
f 4771//2482 4775//2482 4772//2482
f 4775//2482 4776//2482 4772//2482
f 4775//2482 4777//2482 4776//2482
f 4772//2482 4776//2482 4774//2482
f 4673//2482 4773//2482 4677//2482
f 4773//2482 4778//2482 4677//2482
f 4773//2482 4774//2482 4778//2482
f 4677//2482 4778//2482 4667//2482
f 1668//2482 4779//2482 4780//2482
f 4779//2482 4781//2482 4780//2482
f 4779//2482 4782//2482 4781//2482
f 4780//2482 4781//2482 4783//2482
f 4782//2482 4784//2482 4781//2482
f 4784//2482 4785//2482 4781//2482
f 4784//2482 4786//2482 4785//2482
f 4781//2482 4785//2482 4783//2482
f 4782//2482 4787//2482 4784//2482
f 4787//2482 4788//2482 4784//2482
f 4787//2482 4789//2482 4788//2482
f 4784//2482 4788//2482 4786//2482
f 4783//2482 4785//2482 4790//2482
f 4785//2482 4791//2482 4790//2482
f 4785//2482 4786//2482 4791//2482
f 4790//2482 4791//2482 4792//2482
f 4793//2482 4794//2482 4795//2482
f 4794//2482 4796//2482 4795//2482
f 4794//2482 4797//2482 4796//2482
f 4795//2482 4796//2482 4798//2482
f 4797//2482 4799//2482 4796//2482
f 4799//2482 4800//2482 4796//2482
f 4799//2482 4801//2482 4800//2482
f 4796//2482 4800//2482 4798//2482
f 4797//2482 4802//2482 4799//2482
f 4802//2482 4803//2482 4799//2482
f 4802//2482 4804//2482 4803//2482
f 4799//2482 4803//2482 4801//2482
f 4798//2482 4800//2482 4805//2482
f 4800//2482 4806//2482 4805//2482
f 4800//2482 4801//2482 4806//2482
f 4805//2482 4806//2482 4807//2482
f 4808//2482 4809//2482 4810//2482
f 4809//2482 4811//2482 4810//2482
f 4809//2482 4812//2482 4811//2482
f 4810//2482 4811//2482 4813//2482
f 4812//2482 4814//2482 4811//2482
f 4814//2482 4815//2482 4811//2482
f 4814//2482 4816//2482 4815//2482
f 4811//2482 4815//2482 4813//2482
f 4812//2482 4817//2482 4814//2482
f 4817//2482 4818//2482 4814//2482
f 4817//2482 4819//2482 4818//2482
f 4814//2482 4818//2482 4816//2482
f 4813//2482 4815//2482 4820//2482
f 4815//2482 4821//2482 4820//2482
f 4815//2482 4816//2482 4821//2482
f 4820//2482 4821//2482 4822//2482
f 2220//2482 4656//2482 2333//2482
f 4656//2482 4823//2482 2333//2482
f 4656//2482 4651//2482 4823//2482
f 2333//2482 4823//2482 2332//2482
f 4651//2482 4824//2482 4823//2482
f 4824//2482 4825//2482 4823//2482
f 4824//2482 4683//2482 4825//2482
f 4823//2482 4825//2482 2332//2482
f 4651//2482 4653//2482 4824//2482
f 4653//2482 4688//2482 4824//2482
f 4653//2482 4654//2482 4688//2482
f 4824//2482 4688//2482 4683//2482
f 2332//2482 4825//2482 2335//2482
f 4825//2482 4680//2482 2335//2482
f 4825//2482 4683//2482 4680//2482
f 2335//2482 4680//2482 2336//2482
f 16//2482 4658//2482 52//2482
f 4658//2482 4826//2482 52//2482
f 4658//2482 4661//2482 4826//2482
f 52//2482 4826//2482 48//2482
f 4661//2482 4827//2482 4826//2482
f 4827//2482 4828//2482 4826//2482
f 4827//2482 4829//2482 4828//2482
f 4826//2482 4828//2482 48//2482
f 4661//2482 4668//2482 4827//2482
f 4668//2482 4830//2482 4827//2482
f 4668//2482 4670//2482 4830//2482
f 4827//2482 4830//2482 4829//2482
f 48//2482 4828//2482 45//2482
f 4828//2482 4831//2482 45//2482
f 4828//2482 4829//2482 4831//2482
f 45//2482 4831//2482 12//2482
f 359//2482 358//2482 4832//2482
f 358//2482 4833//2482 4832//2482
f 358//2482 354//2482 4833//2482
f 4832//2482 4833//2482 4834//2482
f 354//2482 4835//2482 4833//2482
f 4835//2482 4836//2482 4833//2482
f 4835//2482 4837//2482 4836//2482
f 4833//2482 4836//2482 4834//2482
f 354//2482 356//2482 4835//2482
f 356//2482 4838//2482 4835//2482
f 356//2482 294//2482 4838//2482
f 4835//2482 4838//2482 4837//2482
f 4834//2482 4836//2482 4839//2482
f 4836//2482 4840//2482 4839//2482
f 4836//2482 4837//2482 4840//2482
f 4839//2482 4840//2482 4765//2482
f 4841//2482 4842//2482 4843//2482
f 4842//2482 4844//2482 4843//2482
f 4842//2482 4845//2482 4844//2482
f 4843//2482 4844//2482 4846//2482
f 4845//2482 4847//2482 4844//2482
f 4847//2482 4848//2482 4844//2482
f 4847//2482 4759//2482 4848//2482
f 4844//2482 4848//2482 4846//2482
f 4845//2482 4849//2482 4847//2482
f 4849//2482 4756//2482 4847//2482
f 4849//2482 4754//2482 4756//2482
f 4847//2482 4756//2482 4759//2482
f 4846//2482 4848//2482 4850//2482
f 4848//2482 4766//2482 4850//2482
f 4848//2482 4759//2482 4766//2482
f 4850//2482 4766//2482 4768//2482
f 4851//2482 4852//2482 4853//2482
f 4852//2482 4854//2482 4853//2482
f 4852//2482 4855//2482 4854//2482
f 4853//2482 4854//2482 4856//2482
f 4855//2482 4857//2482 4854//2482
f 4857//2482 4858//2482 4854//2482
f 4857//2482 4859//2482 4858//2482
f 4854//2482 4858//2482 4856//2482
f 4855//2482 4860//2482 4857//2482
f 4860//2482 4861//2482 4857//2482
f 4860//2482 4789//2482 4861//2482
f 4857//2482 4861//2482 4859//2482
f 4856//2482 4858//2482 4862//2482
f 4858//2482 4863//2482 4862//2482
f 4858//2482 4859//2482 4863//2482
f 4862//2482 4863//2482 4864//2482
f 4793//2482 4865//2482 4794//2482
f 4865//2482 4866//2482 4794//2482
f 4865//2482 4867//2482 4866//2482
f 4794//2482 4866//2482 4797//2482
f 4867//2482 4868//2482 4866//2482
f 4868//2482 4869//2482 4866//2482
f 4868//2482 4870//2482 4869//2482
f 4866//2482 4869//2482 4797//2482
f 4867//2482 4871//2482 4868//2482
f 4871//2482 4872//2482 4868//2482
f 4871//2482 4720//2482 4872//2482
f 4868//2482 4872//2482 4870//2482
f 4797//2482 4869//2482 4802//2482
f 4869//2482 4873//2482 4802//2482
f 4869//2482 4870//2482 4873//2482
f 4802//2482 4873//2482 4804//2482
f 3676//2482 4874//2482 3686//2482
f 4874//2482 4875//2482 3686//2482
f 4874//2482 4876//2482 4875//2482
f 3686//2482 4875//2482 3688//2482
f 4876//2482 4877//2482 4875//2482
f 4877//2482 4878//2482 4875//2482
f 4877//2482 4879//2482 4878//2482
f 4875//2482 4878//2482 3688//2482
f 4876//2482 4880//2482 4877//2482
f 4880//2482 4881//2482 4877//2482
f 4880//2482 4882//2482 4881//2482
f 4877//2482 4881//2482 4879//2482
f 3688//2482 4878//2482 3692//2482
f 4878//2482 4883//2482 3692//2482
f 4878//2482 4879//2482 4883//2482
f 3692//2482 4883//2482 3694//2482
f 294//2482 4884//2482 4838//2482
f 4884//2482 4885//2482 4838//2482
f 4884//2482 4886//2482 4885//2482
f 4838//2482 4885//2482 4837//2482
f 4886//2482 4887//2482 4885//2482
f 4887//2482 4888//2482 4885//2482
f 4887//2482 4762//2482 4888//2482
f 4885//2482 4888//2482 4837//2482
f 4886//2482 4889//2482 4887//2482
f 4889//2482 4767//2482 4887//2482
f 4889//2482 4768//2482 4767//2482
f 4887//2482 4767//2482 4762//2482
f 4837//2482 4888//2482 4840//2482
f 4888//2482 4764//2482 4840//2482
f 4888//2482 4762//2482 4764//2482
f 4840//2482 4764//2482 4765//2482
f 283//2482 4890//2482 284//2482
f 4890//2482 4891//2482 284//2482
f 4890//2482 4892//2482 4891//2482
f 284//2482 4891//2482 287//2482
f 4892//2482 4893//2482 4891//2482
f 4893//2482 4894//2482 4891//2482
f 4893//2482 4886//2482 4894//2482
f 4891//2482 4894//2482 287//2482
f 4892//2482 4895//2482 4893//2482
f 4895//2482 4889//2482 4893//2482
f 4895//2482 4768//2482 4889//2482
f 4893//2482 4889//2482 4886//2482
f 287//2482 4894//2482 292//2482
f 4894//2482 4884//2482 292//2482
f 4894//2482 4886//2482 4884//2482
f 292//2482 4884//2482 294//2482
f 4734//2482 4736//2482 4896//2482
f 4736//2482 4897//2482 4896//2482
f 4736//2482 4739//2482 4897//2482
f 4896//2482 4897//2482 4898//2482
f 4739//2482 4899//2482 4897//2482
f 4899//2482 4900//2482 4897//2482
f 4899//2482 4901//2482 4900//2482
f 4897//2482 4900//2482 4898//2482
f 4739//2482 4745//2482 4899//2482
f 4745//2482 4902//2482 4899//2482
f 4745//2482 4747//2482 4902//2482
f 4899//2482 4902//2482 4901//2482
f 4898//2482 4900//2482 4903//2482
f 4900//2482 4904//2482 4903//2482
f 4900//2482 4901//2482 4904//2482
f 4903//2482 4904//2482 4905//2482
f 4734//2482 4896//2482 4906//2482
f 4896//2482 4907//2482 4906//2482
f 4896//2482 4898//2482 4907//2482
f 4906//2482 4907//2482 4908//2482
f 4898//2482 4909//2482 4907//2482
f 4909//2482 4910//2482 4907//2482
f 4909//2482 4911//2482 4910//2482
f 4907//2482 4910//2482 4908//2482
f 4898//2482 4903//2482 4909//2482
f 4903//2482 4912//2482 4909//2482
f 4903//2482 4905//2482 4912//2482
f 4909//2482 4912//2482 4911//2482
f 4908//2482 4910//2482 4913//2482
f 4910//2482 4914//2482 4913//2482
f 4910//2482 4911//2482 4914//2482
f 4913//2482 4914//2482 4915//2482
f 4196//2482 4916//2482 4199//2482
f 4916//2482 4917//2482 4199//2482
f 4916//2482 4918//2482 4917//2482
f 4199//2482 4917//2482 4201//2482
f 4918//2482 4919//2482 4917//2482
f 4919//2482 4920//2482 4917//2482
f 4919//2482 4921//2482 4920//2482
f 4917//2482 4920//2482 4201//2482
f 4918//2482 4922//2482 4919//2482
f 4922//2482 4923//2482 4919//2482
f 4922//2482 4924//2482 4923//2482
f 4919//2482 4923//2482 4921//2482
f 4201//2482 4920//2482 4204//2482
f 4920//2482 4925//2482 4204//2482
f 4920//2482 4921//2482 4925//2482
f 4204//2482 4925//2482 1849//2482
f 4926//2482 4927//2482 4928//2482
f 4927//2482 4929//2482 4928//2482
f 4927//2482 4930//2482 4929//2482
f 4928//2482 4929//2482 4931//2482
f 4930//2482 4932//2482 4929//2482
f 4932//2482 4933//2482 4929//2482
f 4932//2482 4911//2482 4933//2482
f 4929//2482 4933//2482 4931//2482
f 4930//2482 4934//2482 4932//2482
f 4934//2482 4914//2482 4932//2482
f 4934//2482 4915//2482 4914//2482
f 4932//2482 4914//2482 4911//2482
f 4931//2482 4933//2482 4935//2482
f 4933//2482 4912//2482 4935//2482
f 4933//2482 4911//2482 4912//2482
f 4935//2482 4912//2482 4905//2482
f 4851//2482 4936//2482 4852//2482
f 4936//2482 4937//2482 4852//2482
f 4936//2482 4938//2482 4937//2482
f 4852//2482 4937//2482 4855//2482
f 4938//2482 4939//2482 4937//2482
f 4939//2482 4940//2482 4937//2482
f 4939//2482 4786//2482 4940//2482
f 4937//2482 4940//2482 4855//2482
f 4938//2482 4941//2482 4939//2482
f 4941//2482 4791//2482 4939//2482
f 4941//2482 4792//2482 4791//2482
f 4939//2482 4791//2482 4786//2482
f 4855//2482 4940//2482 4860//2482
f 4940//2482 4788//2482 4860//2482
f 4940//2482 4786//2482 4788//2482
f 4860//2482 4788//2482 4789//2482
f 4808//2482 4942//2482 4809//2482
f 4942//2482 4943//2482 4809//2482
f 4942//2482 4944//2482 4943//2482
f 4809//2482 4943//2482 4812//2482
f 4944//2482 4945//2482 4943//2482
f 4945//2482 4946//2482 4943//2482
f 4945//2482 4947//2482 4946//2482
f 4943//2482 4946//2482 4812//2482
f 4944//2482 4948//2482 4945//2482
f 4948//2482 4949//2482 4945//2482
f 4948//2482 4864//2482 4949//2482
f 4945//2482 4949//2482 4947//2482
f 4812//2482 4946//2482 4817//2482
f 4946//2482 4950//2482 4817//2482
f 4946//2482 4947//2482 4950//2482
f 4817//2482 4950//2482 4819//2482
f 15//2482 4951//2482 4952//2482
f 4951//2482 4953//2482 4952//2482
f 4951//2482 4954//2482 4953//2482
f 4952//2482 4953//2482 4955//2482
f 4954//2482 4956//2482 4953//2482
f 4956//2482 4957//2482 4953//2482
f 4956//2482 4892//2482 4957//2482
f 4953//2482 4957//2482 4955//2482
f 4954//2482 4958//2482 4956//2482
f 4958//2482 4895//2482 4956//2482
f 4958//2482 4768//2482 4895//2482
f 4956//2482 4895//2482 4892//2482
f 4955//2482 4957//2482 4959//2482
f 4957//2482 4890//2482 4959//2482
f 4957//2482 4892//2482 4890//2482
f 4959//2482 4890//2482 283//2482
f 4960//2482 4961//2482 4962//2482
f 4961//2482 4963//2482 4962//2482
f 4961//2482 4964//2482 4963//2482
f 4962//2482 4963//2482 4965//2482
f 4964//2482 4966//2482 4963//2482
f 4966//2482 4967//2482 4963//2482
f 4966//2482 4901//2482 4967//2482
f 4963//2482 4967//2482 4965//2482
f 4964//2482 4968//2482 4966//2482
f 4968//2482 4904//2482 4966//2482
f 4968//2482 4905//2482 4904//2482
f 4966//2482 4904//2482 4901//2482
f 4965//2482 4967//2482 4969//2482
f 4967//2482 4902//2482 4969//2482
f 4967//2482 4901//2482 4902//2482
f 4969//2482 4902//2482 4747//2482
f 4407//2482 4442//2482 4769//2482
f 4442//2482 4970//2482 4769//2482
f 4442//2482 4445//2482 4970//2482
f 4769//2482 4970//2482 4771//2482
f 4445//2482 4971//2482 4970//2482
f 4971//2482 4972//2482 4970//2482
f 4971//2482 4973//2482 4972//2482
f 4970//2482 4972//2482 4771//2482
f 4445//2482 4449//2482 4971//2482
f 4449//2482 4974//2482 4971//2482
f 4449//2482 3158//2482 4974//2482
f 4971//2482 4974//2482 4973//2482
f 4771//2482 4972//2482 4775//2482
f 4972//2482 4975//2482 4775//2482
f 4972//2482 4973//2482 4975//2482
f 4775//2482 4975//2482 4777//2482
f 4841//2482 4976//2482 4977//2482
f 4976//2482 4978//2482 4977//2482
f 4976//2482 4979//2482 4978//2482
f 4977//2482 4978//2482 4980//2482
f 4979//2482 4981//2482 4978//2482
f 4981//2482 4982//2482 4978//2482
f 4981//2482 4774//2482 4982//2482
f 4978//2482 4982//2482 4980//2482
f 4979//2482 4983//2482 4981//2482
f 4983//2482 4778//2482 4981//2482
f 4983//2482 4667//2482 4778//2482
f 4981//2482 4778//2482 4774//2482
f 4980//2482 4982//2482 4984//2482
f 4982//2482 4776//2482 4984//2482
f 4982//2482 4774//2482 4776//2482
f 4984//2482 4776//2482 4777//2482
f 2552//2482 2554//2482 4985//2482
f 2554//2482 4986//2482 4985//2482
f 2554//2482 2557//2482 4986//2482
f 4985//2482 4986//2482 4987//2482
f 2557//2482 4988//2482 4986//2482
f 4988//2482 4989//2482 4986//2482
f 4988//2482 4990//2482 4989//2482
f 4986//2482 4989//2482 4987//2482
f 2557//2482 2561//2482 4988//2482
f 2561//2482 4991//2482 4988//2482
f 2561//2482 2412//2482 4991//2482
f 4988//2482 4991//2482 4990//2482
f 4987//2482 4989//2482 4992//2482
f 4989//2482 4993//2482 4992//2482
f 4989//2482 4990//2482 4993//2482
f 4992//2482 4993//2482 4994//2482
f 15//2482 14//2482 4995//2482
f 14//2482 4996//2482 4995//2482
f 14//2482 9//2482 4996//2482
f 4995//2482 4996//2482 4997//2482
f 9//2482 4998//2482 4996//2482
f 4998//2482 4999//2482 4996//2482
f 4998//2482 4829//2482 4999//2482
f 4996//2482 4999//2482 4997//2482
f 9//2482 11//2482 4998//2482
f 11//2482 4831//2482 4998//2482
f 11//2482 12//2482 4831//2482
f 4998//2482 4831//2482 4829//2482
f 4997//2482 4999//2482 5000//2482
f 4999//2482 4830//2482 5000//2482
f 4999//2482 4829//2482 4830//2482
f 5000//2482 4830//2482 4670//2482
f 1849//2482 4925//2482 5001//2482
f 4925//2482 5002//2482 5001//2482
f 4925//2482 4921//2482 5002//2482
f 5001//2482 5002//2482 5003//2482
f 4921//2482 5004//2482 5002//2482
f 5004//2482 5005//2482 5002//2482
f 5004//2482 5006//2482 5005//2482
f 5002//2482 5005//2482 5003//2482
f 4921//2482 4923//2482 5004//2482
f 4923//2482 5007//2482 5004//2482
f 4923//2482 4924//2482 5007//2482
f 5004//2482 5007//2482 5006//2482
f 5003//2482 5005//2482 5008//2482
f 5005//2482 5009//2482 5008//2482
f 5005//2482 5006//2482 5009//2482
f 5008//2482 5009//2482 5010//2482
f 15//2482 4995//2482 4951//2482
f 4995//2482 5011//2482 4951//2482
f 4995//2482 4997//2482 5011//2482
f 4951//2482 5011//2482 4954//2482
f 4997//2482 5012//2482 5011//2482
f 5012//2482 5013//2482 5011//2482
f 5012//2482 5014//2482 5013//2482
f 5011//2482 5013//2482 4954//2482
f 4997//2482 5000//2482 5012//2482
f 5000//2482 5015//2482 5012//2482
f 5000//2482 4670//2482 5015//2482
f 5012//2482 5015//2482 5014//2482
f 4954//2482 5013//2482 4958//2482
f 5013//2482 5016//2482 4958//2482
f 5013//2482 5014//2482 5016//2482
f 4958//2482 5016//2482 4768//2482
f 5017//2482 5018//2482 5019//2482
f 5018//2482 5020//2482 5019//2482
f 5018//2482 5021//2482 5020//2482
f 5019//2482 5020//2482 5022//2482
f 5021//2482 5023//2482 5020//2482
f 5023//2482 5024//2482 5020//2482
f 5023//2482 5025//2482 5024//2482
f 5020//2482 5024//2482 5022//2482
f 5021//2482 5026//2482 5023//2482
f 5026//2482 5027//2482 5023//2482
f 5026//2482 5028//2482 5027//2482
f 5023//2482 5027//2482 5025//2482
f 5022//2482 5024//2482 5029//2482
f 5024//2482 5030//2482 5029//2482
f 5024//2482 5025//2482 5030//2482
f 5029//2482 5030//2482 4882//2482
f 3694//2482 4883//2482 5031//2482
f 4883//2482 5032//2482 5031//2482
f 4883//2482 4879//2482 5032//2482
f 5031//2482 5032//2482 5033//2482
f 4879//2482 5034//2482 5032//2482
f 5034//2482 5035//2482 5032//2482
f 5034//2482 5036//2482 5035//2482
f 5032//2482 5035//2482 5033//2482
f 4879//2482 4881//2482 5034//2482
f 4881//2482 5037//2482 5034//2482
f 4881//2482 4882//2482 5037//2482
f 5034//2482 5037//2482 5036//2482
f 5033//2482 5035//2482 5038//2482
f 5035//2482 5039//2482 5038//2482
f 5035//2482 5036//2482 5039//2482
f 5038//2482 5039//2482 5040//2482
f 4926//2482 5041//2482 5042//2482
f 5041//2482 5043//2482 5042//2482
f 5041//2482 5044//2482 5043//2482
f 5042//2482 5043//2482 5045//2482
f 5044//2482 5046//2482 5043//2482
f 5046//2482 5047//2482 5043//2482
f 5046//2482 5048//2482 5047//2482
f 5043//2482 5047//2482 5045//2482
f 5044//2482 5049//2482 5046//2482
f 5049//2482 5050//2482 5046//2482
f 5049//2482 5051//2482 5050//2482
f 5046//2482 5050//2482 5048//2482
f 5045//2482 5047//2482 5052//2482
f 5047//2482 5053//2482 5052//2482
f 5047//2482 5048//2482 5053//2482
f 5052//2482 5053//2482 4994//2482
f 4841//2482 4977//2482 4842//2482
f 4977//2482 5054//2482 4842//2482
f 4977//2482 4980//2482 5054//2482
f 4842//2482 5054//2482 4845//2482
f 4980//2482 5055//2482 5054//2482
f 5055//2482 5056//2482 5054//2482
f 5055//2482 5057//2482 5056//2482
f 5054//2482 5056//2482 4845//2482
f 4980//2482 4984//2482 5055//2482
f 4984//2482 5058//2482 5055//2482
f 4984//2482 4777//2482 5058//2482
f 5055//2482 5058//2482 5057//2482
f 4845//2482 5056//2482 4849//2482
f 5056//2482 5059//2482 4849//2482
f 5056//2482 5057//2482 5059//2482
f 4849//2482 5059//2482 4754//2482
f 2552//2482 4985//2482 5060//2482
f 4985//2482 5061//2482 5060//2482
f 4985//2482 4987//2482 5061//2482
f 5060//2482 5061//2482 5062//2482
f 4987//2482 5063//2482 5061//2482
f 5063//2482 5064//2482 5061//2482
f 5063//2482 5048//2482 5064//2482
f 5061//2482 5064//2482 5062//2482
f 4987//2482 4992//2482 5063//2482
f 4992//2482 5053//2482 5063//2482
f 4992//2482 4994//2482 5053//2482
f 5063//2482 5053//2482 5048//2482
f 5062//2482 5064//2482 5065//2482
f 5064//2482 5050//2482 5065//2482
f 5064//2482 5048//2482 5050//2482
f 5065//2482 5050//2482 5051//2482
f 4804//2482 4873//2482 5066//2482
f 4873//2482 5067//2482 5066//2482
f 4873//2482 4870//2482 5067//2482
f 5066//2482 5067//2482 5068//2482
f 4870//2482 5069//2482 5067//2482
f 5069//2482 5070//2482 5067//2482
f 5069//2482 4714//2482 5070//2482
f 5067//2482 5070//2482 5068//2482
f 4870//2482 4872//2482 5069//2482
f 4872//2482 4719//2482 5069//2482
f 4872//2482 4720//2482 4719//2482
f 5069//2482 4719//2482 4714//2482
f 5068//2482 5070//2482 5071//2482
f 5070//2482 4716//2482 5071//2482
f 5070//2482 4714//2482 4716//2482
f 5071//2482 4716//2482 4717//2482
f 359//2482 5072//2482 2050//2482
f 5072//2482 5073//2482 2050//2482
f 5072//2482 5074//2482 5073//2482
f 2050//2482 5073//2482 2046//2482
f 5074//2482 5075//2482 5073//2482
f 5075//2482 5076//2482 5073//2482
f 5075//2482 5077//2482 5076//2482
f 5073//2482 5076//2482 2046//2482
f 5074//2482 5078//2482 5075//2482
f 5078//2482 5079//2482 5075//2482
f 5078//2482 5080//2482 5079//2482
f 5075//2482 5079//2482 5077//2482
f 2046//2482 5076//2482 2043//2482
f 5076//2482 5081//2482 2043//2482
f 5076//2482 5077//2482 5081//2482
f 2043//2482 5081//2482 2041//2482
f 4754//2482 5059//2482 5082//2482
f 5059//2482 5083//2482 5082//2482
f 5059//2482 5057//2482 5083//2482
f 5082//2482 5083//2482 5084//2482
f 5057//2482 5085//2482 5083//2482
f 5085//2482 5086//2482 5083//2482
f 5085//2482 5087//2482 5086//2482
f 5083//2482 5086//2482 5084//2482
f 5057//2482 5058//2482 5085//2482
f 5058//2482 5088//2482 5085//2482
f 5058//2482 4777//2482 5088//2482
f 5085//2482 5088//2482 5087//2482
f 5084//2482 5086//2482 5089//2482
f 5086//2482 5090//2482 5089//2482
f 5086//2482 5087//2482 5090//2482
f 5089//2482 5090//2482 4703//2482
f 16//2482 5091//2482 4657//2482
f 5091//2482 5092//2482 4657//2482
f 5091//2482 5093//2482 5092//2482
f 4657//2482 5092//2482 4660//2482
f 5093//2482 5094//2482 5092//2482
f 5094//2482 5095//2482 5092//2482
f 5094//2482 4676//2482 5095//2482
f 5092//2482 5095//2482 4660//2482
f 5093//2482 5096//2482 5094//2482
f 5096//2482 4679//2482 5094//2482
f 5096//2482 3190//2482 4679//2482
f 5094//2482 4679//2482 4676//2482
f 4660//2482 5095//2482 4665//2482
f 5095//2482 4678//2482 4665//2482
f 5095//2482 4676//2482 4678//2482
f 4665//2482 4678//2482 4667//2482
f 5097//2482 5098//2482 5099//2482
f 5098//2482 5100//2482 5099//2482
f 5098//2482 5101//2482 5100//2482
f 5099//2482 5100//2482 5102//2482
f 5101//2482 5103//2482 5100//2482
f 5103//2482 5104//2482 5100//2482
f 5103//2482 5105//2482 5104//2482
f 5100//2482 5104//2482 5102//2482
f 5101//2482 5106//2482 5103//2482
f 5106//2482 5107//2482 5103//2482
f 5106//2482 5108//2482 5107//2482
f 5103//2482 5107//2482 5105//2482
f 5102//2482 5104//2482 5109//2482
f 5104//2482 5110//2482 5109//2482
f 5104//2482 5105//2482 5110//2482
f 5109//2482 5110//2482 4924//2482
f 359//2482 4832//2482 5072//2482
f 4832//2482 5111//2482 5072//2482
f 4832//2482 4834//2482 5111//2482
f 5072//2482 5111//2482 5074//2482
f 4834//2482 5112//2482 5111//2482
f 5112//2482 5113//2482 5111//2482
f 5112//2482 5114//2482 5113//2482
f 5111//2482 5113//2482 5074//2482
f 4834//2482 4839//2482 5112//2482
f 4839//2482 5115//2482 5112//2482
f 4839//2482 4765//2482 5115//2482
f 5112//2482 5115//2482 5114//2482
f 5074//2482 5113//2482 5078//2482
f 5113//2482 5116//2482 5078//2482
f 5113//2482 5114//2482 5116//2482
f 5078//2482 5116//2482 5080//2482
f 4926//2482 5042//2482 5117//2482
f 5042//2482 5118//2482 5117//2482
f 5042//2482 5045//2482 5118//2482
f 5117//2482 5118//2482 5119//2482
f 5045//2482 5120//2482 5118//2482
f 5120//2482 5121//2482 5118//2482
f 5120//2482 5122//2482 5121//2482
f 5118//2482 5121//2482 5119//2482
f 5045//2482 5052//2482 5120//2482
f 5052//2482 5123//2482 5120//2482
f 5052//2482 4994//2482 5123//2482
f 5120//2482 5123//2482 5122//2482
f 5119//2482 5121//2482 5124//2482
f 5121//2482 5125//2482 5124//2482
f 5121//2482 5122//2482 5125//2482
f 5124//2482 5125//2482 5126//2482
f 5127//2482 5128//2482 5129//2482
f 5128//2482 5130//2482 5129//2482
f 5128//2482 5131//2482 5130//2482
f 5129//2482 5130//2482 5132//2482
f 5131//2482 5133//2482 5130//2482
f 5133//2482 5134//2482 5130//2482
f 5133//2482 5025//2482 5134//2482
f 5130//2482 5134//2482 5132//2482
f 5131//2482 5135//2482 5133//2482
f 5135//2482 5030//2482 5133//2482
f 5135//2482 4882//2482 5030//2482
f 5133//2482 5030//2482 5025//2482
f 5132//2482 5134//2482 5136//2482
f 5134//2482 5027//2482 5136//2482
f 5134//2482 5025//2482 5027//2482
f 5136//2482 5027//2482 5028//2482
f 5017//2482 5019//2482 5137//2482
f 5019//2482 5138//2482 5137//2482
f 5019//2482 5022//2482 5138//2482
f 5137//2482 5138//2482 5139//2482
f 5022//2482 5140//2482 5138//2482
f 5140//2482 5141//2482 5138//2482
f 5140//2482 5142//2482 5141//2482
f 5138//2482 5141//2482 5139//2482
f 5022//2482 5029//2482 5140//2482
f 5029//2482 5143//2482 5140//2482
f 5029//2482 4882//2482 5143//2482
f 5140//2482 5143//2482 5142//2482
f 5139//2482 5141//2482 5144//2482
f 5141//2482 5145//2482 5144//2482
f 5141//2482 5142//2482 5145//2482
f 5144//2482 5145//2482 5146//2482
f 4819//2482 4950//2482 5147//2482
f 4950//2482 5148//2482 5147//2482
f 4950//2482 4947//2482 5148//2482
f 5147//2482 5148//2482 5149//2482
f 4947//2482 5150//2482 5148//2482
f 5150//2482 5151//2482 5148//2482
f 5150//2482 4859//2482 5151//2482
f 5148//2482 5151//2482 5149//2482
f 4947//2482 4949//2482 5150//2482
f 4949//2482 4863//2482 5150//2482
f 4949//2482 4864//2482 4863//2482
f 5150//2482 4863//2482 4859//2482
f 5149//2482 5151//2482 5152//2482
f 5151//2482 4861//2482 5152//2482
f 5151//2482 4859//2482 4861//2482
f 5152//2482 4861//2482 4789//2482
f 3676//2482 3678//2482 5153//2482
f 3678//2482 5154//2482 5153//2482
f 3678//2482 3681//2482 5154//2482
f 5153//2482 5154//2482 5155//2482
f 3681//2482 5156//2482 5154//2482
f 5156//2482 5157//2482 5154//2482
f 5156//2482 5158//2482 5157//2482
f 5154//2482 5157//2482 5155//2482
f 3681//2482 3685//2482 5156//2482
f 3685//2482 5159//2482 5156//2482
f 3685//2482 3561//2482 5159//2482
f 5156//2482 5159//2482 5158//2482
f 5155//2482 5157//2482 5160//2482
f 5157//2482 5161//2482 5160//2482
f 5157//2482 5158//2482 5161//2482
f 5160//2482 5161//2482 5146//2482
f 3787//2482 5162//2482 4721//2482
f 5162//2482 5163//2482 4721//2482
f 5162//2482 5164//2482 5163//2482
f 4721//2482 5163//2482 4724//2482
f 5164//2482 5165//2482 5163//2482
f 5165//2482 5166//2482 5163//2482
f 5165//2482 5068//2482 5166//2482
f 5163//2482 5166//2482 4724//2482
f 5164//2482 5167//2482 5165//2482
f 5167//2482 5066//2482 5165//2482
f 5167//2482 4804//2482 5066//2482
f 5165//2482 5066//2482 5068//2482
f 4724//2482 5166//2482 4729//2482
f 5166//2482 5071//2482 4729//2482
f 5166//2482 5068//2482 5071//2482
f 4729//2482 5071//2482 4717//2482
f 5168//2482 5169//2482 5170//2482
f 5169//2482 5171//2482 5170//2482
f 5169//2482 5172//2482 5171//2482
f 5170//2482 5171//2482 5173//2482
f 5172//2482 5174//2482 5171//2482
f 5174//2482 5175//2482 5171//2482
f 5174//2482 5105//2482 5175//2482
f 5171//2482 5175//2482 5173//2482
f 5172//2482 5176//2482 5174//2482
f 5176//2482 5110//2482 5174//2482
f 5176//2482 4924//2482 5110//2482
f 5174//2482 5110//2482 5105//2482
f 5173//2482 5175//2482 5177//2482
f 5175//2482 5107//2482 5177//2482
f 5175//2482 5105//2482 5107//2482
f 5177//2482 5107//2482 5108//2482
f 2059//2482 5178//2482 4693//2482
f 5178//2482 5179//2482 4693//2482
f 5178//2482 5180//2482 5179//2482
f 4693//2482 5179//2482 4696//2482
f 5180//2482 5181//2482 5179//2482
f 5181//2482 5182//2482 5179//2482
f 5181//2482 5183//2482 5182//2482
f 5179//2482 5182//2482 4696//2482
f 5180//2482 5184//2482 5181//2482
f 5184//2482 5185//2482 5181//2482
f 5184//2482 5186//2482 5185//2482
f 5181//2482 5185//2482 5183//2482
f 4696//2482 5182//2482 4701//2482
f 5182//2482 5187//2482 4701//2482
f 5182//2482 5183//2482 5187//2482
f 4701//2482 5187//2482 4703//2482
f 3676//2482 5153//2482 4874//2482
f 5153//2482 5188//2482 4874//2482
f 5153//2482 5155//2482 5188//2482
f 4874//2482 5188//2482 4876//2482
f 5155//2482 5189//2482 5188//2482
f 5189//2482 5190//2482 5188//2482
f 5189//2482 5142//2482 5190//2482
f 5188//2482 5190//2482 4876//2482
f 5155//2482 5160//2482 5189//2482
f 5160//2482 5145//2482 5189//2482
f 5160//2482 5146//2482 5145//2482
f 5189//2482 5145//2482 5142//2482
f 4876//2482 5190//2482 4880//2482
f 5190//2482 5143//2482 4880//2482
f 5190//2482 5142//2482 5143//2482
f 4880//2482 5143//2482 4882//2482
f 4692//2482 4691//2482 4744//2482
f 4691//2482 5191//2482 4744//2482
f 4691//2482 4687//2482 5191//2482
f 4744//2482 5191//2482 4742//2482
f 4687//2482 5192//2482 5191//2482
f 5192//2482 5193//2482 5191//2482
f 5192//2482 5194//2482 5193//2482
f 5191//2482 5193//2482 4742//2482
f 4687//2482 4689//2482 5192//2482
f 4689//2482 5195//2482 5192//2482
f 4689//2482 4654//2482 5195//2482
f 5192//2482 5195//2482 5194//2482
f 4742//2482 5193//2482 4746//2482
f 5193//2482 5196//2482 4746//2482
f 5193//2482 5194//2482 5196//2482
f 4746//2482 5196//2482 4747//2482
f 4841//2482 5197//2482 4976//2482
f 5197//2482 5198//2482 4976//2482
f 5197//2482 5199//2482 5198//2482
f 4976//2482 5198//2482 4979//2482
f 5199//2482 5200//2482 5198//2482
f 5200//2482 5201//2482 5198//2482
f 5200//2482 4664//2482 5201//2482
f 5198//2482 5201//2482 4979//2482
f 5199//2482 5202//2482 5200//2482
f 5202//2482 4669//2482 5200//2482
f 5202//2482 4670//2482 4669//2482
f 5200//2482 4669//2482 4664//2482
f 4979//2482 5201//2482 4983//2482
f 5201//2482 4666//2482 4983//2482
f 5201//2482 4664//2482 4666//2482
f 4983//2482 4666//2482 4667//2482
f 4110//2482 5203//2482 4186//2482
f 5203//2482 5204//2482 4186//2482
f 5203//2482 5205//2482 5204//2482
f 4186//2482 5204//2482 4189//2482
f 5205//2482 5206//2482 5204//2482
f 5206//2482 5207//2482 5204//2482
f 5206//2482 5208//2482 5207//2482
f 5204//2482 5207//2482 4189//2482
f 5205//2482 5209//2482 5206//2482
f 5209//2482 5210//2482 5206//2482
f 5209//2482 5211//2482 5210//2482
f 5206//2482 5210//2482 5208//2482
f 4189//2482 5207//2482 4194//2482
f 5207//2482 5212//2482 4194//2482
f 5207//2482 5208//2482 5212//2482
f 4194//2482 5212//2482 4196//2482
f 5097//2482 5099//2482 5213//2482
f 5099//2482 5214//2482 5213//2482
f 5099//2482 5102//2482 5214//2482
f 5213//2482 5214//2482 5215//2482
f 5102//2482 5216//2482 5214//2482
f 5216//2482 5217//2482 5214//2482
f 5216//2482 5218//2482 5217//2482
f 5214//2482 5217//2482 5215//2482
f 5102//2482 5109//2482 5216//2482
f 5109//2482 5219//2482 5216//2482
f 5109//2482 4924//2482 5219//2482
f 5216//2482 5219//2482 5218//2482
f 5215//2482 5217//2482 5220//2482
f 5217//2482 5221//2482 5220//2482
f 5217//2482 5218//2482 5221//2482
f 5220//2482 5221//2482 5211//2482
f 1668//2482 5222//2482 4779//2482
f 5222//2482 5223//2482 4779//2482
f 5222//2482 5224//2482 5223//2482
f 4779//2482 5223//2482 4782//2482
f 5224//2482 5225//2482 5223//2482
f 5225//2482 5226//2482 5223//2482
f 5225//2482 5149//2482 5226//2482
f 5223//2482 5226//2482 4782//2482
f 5224//2482 5227//2482 5225//2482
f 5227//2482 5147//2482 5225//2482
f 5227//2482 4819//2482 5147//2482
f 5225//2482 5147//2482 5149//2482
f 4782//2482 5226//2482 4787//2482
f 5226//2482 5152//2482 4787//2482
f 5226//2482 5149//2482 5152//2482
f 4787//2482 5152//2482 4789//2482
f 3158//2482 4705//2482 4974//2482
f 4705//2482 5228//2482 4974//2482
f 4705//2482 4700//2482 5228//2482
f 4974//2482 5228//2482 4973//2482
f 4700//2482 5229//2482 5228//2482
f 5229//2482 5230//2482 5228//2482
f 5229//2482 5087//2482 5230//2482
f 5228//2482 5230//2482 4973//2482
f 4700//2482 4702//2482 5229//2482
f 4702//2482 5090//2482 5229//2482
f 4702//2482 4703//2482 5090//2482
f 5229//2482 5090//2482 5087//2482
f 4973//2482 5230//2482 4975//2482
f 5230//2482 5088//2482 4975//2482
f 5230//2482 5087//2482 5088//2482
f 4975//2482 5088//2482 4777//2482
f 4960//2482 4962//2482 5231//2482
f 4962//2482 5232//2482 5231//2482
f 4962//2482 4965//2482 5232//2482
f 5231//2482 5232//2482 5233//2482
f 4965//2482 5234//2482 5232//2482
f 5234//2482 5235//2482 5232//2482
f 5234//2482 5194//2482 5235//2482
f 5232//2482 5235//2482 5233//2482
f 4965//2482 4969//2482 5234//2482
f 4969//2482 5196//2482 5234//2482
f 4969//2482 4747//2482 5196//2482
f 5234//2482 5196//2482 5194//2482
f 5233//2482 5235//2482 5236//2482
f 5235//2482 5195//2482 5236//2482
f 5235//2482 5194//2482 5195//2482
f 5236//2482 5195//2482 4654//2482
f 2552//2482 5060//2482 2562//2482
f 5060//2482 5237//2482 2562//2482
f 5060//2482 5062//2482 5237//2482
f 2562//2482 5237//2482 2564//2482
f 5062//2482 5238//2482 5237//2482
f 5238//2482 5239//2482 5237//2482
f 5238//2482 5240//2482 5239//2482
f 5237//2482 5239//2482 2564//2482
f 5062//2482 5065//2482 5238//2482
f 5065//2482 5241//2482 5238//2482
f 5065//2482 5051//2482 5241//2482
f 5238//2482 5241//2482 5240//2482
f 2564//2482 5239//2482 2568//2482
f 5239//2482 5242//2482 2568//2482
f 5239//2482 5240//2482 5242//2482
f 2568//2482 5242//2482 2570//2482
f 3864//2482 5243//2482 3865//2482
f 5243//2482 5244//2482 3865//2482
f 5243//2482 5245//2482 5244//2482
f 3865//2482 5244//2482 3868//2482
f 5245//2482 5246//2482 5244//2482
f 5246//2482 5247//2482 5244//2482
f 5246//2482 5248//2482 5247//2482
f 5244//2482 5247//2482 3868//2482
f 5245//2482 5249//2482 5246//2482
f 5249//2482 5250//2482 5246//2482
f 5249//2482 5251//2482 5250//2482
f 5246//2482 5250//2482 5248//2482
f 3868//2482 5247//2482 3872//2482
f 5247//2482 5252//2482 3872//2482
f 5247//2482 5248//2482 5252//2482
f 3872//2482 5252//2482 3854//2482
f 4196//2482 5212//2482 4916//2482
f 5212//2482 5253//2482 4916//2482
f 5212//2482 5208//2482 5253//2482
f 4916//2482 5253//2482 4918//2482
f 5208//2482 5254//2482 5253//2482
f 5254//2482 5255//2482 5253//2482
f 5254//2482 5218//2482 5255//2482
f 5253//2482 5255//2482 4918//2482
f 5208//2482 5210//2482 5254//2482
f 5210//2482 5221//2482 5254//2482
f 5210//2482 5211//2482 5221//2482
f 5254//2482 5221//2482 5218//2482
f 4918//2482 5255//2482 4922//2482
f 5255//2482 5219//2482 4922//2482
f 5255//2482 5218//2482 5219//2482
f 4922//2482 5219//2482 4924//2482
f 4754//2482 5082//2482 5256//2482
f 5082//2482 5257//2482 5256//2482
f 5082//2482 5084//2482 5257//2482
f 5256//2482 5257//2482 5258//2482
f 5084//2482 5259//2482 5257//2482
f 5259//2482 5260//2482 5257//2482
f 5259//2482 5183//2482 5260//2482
f 5257//2482 5260//2482 5258//2482
f 5084//2482 5089//2482 5259//2482
f 5089//2482 5187//2482 5259//2482
f 5089//2482 4703//2482 5187//2482
f 5259//2482 5187//2482 5183//2482
f 5258//2482 5260//2482 5261//2482
f 5260//2482 5185//2482 5261//2482
f 5260//2482 5183//2482 5185//2482
f 5261//2482 5185//2482 5186//2482
f 4841//2482 4843//2482 5197//2482
f 4843//2482 5262//2482 5197//2482
f 4843//2482 4846//2482 5262//2482
f 5197//2482 5262//2482 5199//2482
f 4846//2482 5263//2482 5262//2482
f 5263//2482 5264//2482 5262//2482
f 5263//2482 5014//2482 5264//2482
f 5262//2482 5264//2482 5199//2482
f 4846//2482 4850//2482 5263//2482
f 4850//2482 5016//2482 5263//2482
f 4850//2482 4768//2482 5016//2482
f 5263//2482 5016//2482 5014//2482
f 5199//2482 5264//2482 5202//2482
f 5264//2482 5015//2482 5202//2482
f 5264//2482 5014//2482 5015//2482
f 5202//2482 5015//2482 4670//2482
f 2041//2482 5265//2482 2051//2482
f 5265//2482 5266//2482 2051//2482
f 5265//2482 5267//2482 5266//2482
f 2051//2482 5266//2482 2053//2482
f 5267//2482 5268//2482 5266//2482
f 5268//2482 5269//2482 5266//2482
f 5268//2482 5180//2482 5269//2482
f 5266//2482 5269//2482 2053//2482
f 5267//2482 5270//2482 5268//2482
f 5270//2482 5184//2482 5268//2482
f 5270//2482 5186//2482 5184//2482
f 5268//2482 5184//2482 5180//2482
f 2053//2482 5269//2482 2057//2482
f 5269//2482 5178//2482 2057//2482
f 5269//2482 5180//2482 5178//2482
f 2057//2482 5178//2482 2059//2482
f 5127//2482 5271//2482 5128//2482
f 5271//2482 5272//2482 5128//2482
f 5271//2482 5273//2482 5272//2482
f 5128//2482 5272//2482 5131//2482
f 5273//2482 5274//2482 5272//2482
f 5274//2482 5275//2482 5272//2482
f 5274//2482 5036//2482 5275//2482
f 5272//2482 5275//2482 5131//2482
f 5273//2482 5276//2482 5274//2482
f 5276//2482 5039//2482 5274//2482
f 5276//2482 5040//2482 5039//2482
f 5274//2482 5039//2482 5036//2482
f 5131//2482 5275//2482 5135//2482
f 5275//2482 5037//2482 5135//2482
f 5275//2482 5036//2482 5037//2482
f 5135//2482 5037//2482 4882//2482
f 4754//2482 5277//2482 4755//2482
f 5277//2482 5278//2482 4755//2482
f 5277//2482 5279//2482 5278//2482
f 4755//2482 5278//2482 4758//2482
f 5279//2482 5280//2482 5278//2482
f 5280//2482 5281//2482 5278//2482
f 5280//2482 5114//2482 5281//2482
f 5278//2482 5281//2482 4758//2482
f 5279//2482 5282//2482 5280//2482
f 5282//2482 5116//2482 5280//2482
f 5282//2482 5080//2482 5116//2482
f 5280//2482 5116//2482 5114//2482
f 4758//2482 5281//2482 4763//2482
f 5281//2482 5115//2482 4763//2482
f 5281//2482 5114//2482 5115//2482
f 4763//2482 5115//2482 4765//2482
f 5168//2482 5283//2482 5169//2482
f 5283//2482 5284//2482 5169//2482
f 5283//2482 5285//2482 5284//2482
f 5169//2482 5284//2482 5172//2482
f 5285//2482 5286//2482 5284//2482
f 5286//2482 5287//2482 5284//2482
f 5286//2482 5006//2482 5287//2482
f 5284//2482 5287//2482 5172//2482
f 5285//2482 5288//2482 5286//2482
f 5288//2482 5009//2482 5286//2482
f 5288//2482 5010//2482 5009//2482
f 5286//2482 5009//2482 5006//2482
f 5172//2482 5287//2482 5176//2482
f 5287//2482 5007//2482 5176//2482
f 5287//2482 5006//2482 5007//2482
f 5176//2482 5007//2482 4924//2482
f 2041//2482 5081//2482 5265//2482
f 5081//2482 5289//2482 5265//2482
f 5081//2482 5077//2482 5289//2482
f 5265//2482 5289//2482 5267//2482
f 5077//2482 5290//2482 5289//2482
f 5290//2482 5291//2482 5289//2482
f 5290//2482 5292//2482 5291//2482
f 5289//2482 5291//2482 5267//2482
f 5077//2482 5079//2482 5290//2482
f 5079//2482 5293//2482 5290//2482
f 5079//2482 5080//2482 5293//2482
f 5290//2482 5293//2482 5292//2482
f 5267//2482 5291//2482 5270//2482
f 5291//2482 5294//2482 5270//2482
f 5291//2482 5292//2482 5294//2482
f 5270//2482 5294//2482 5186//2482
f 4734//2482 4906//2482 5295//2482
f 4906//2482 5296//2482 5295//2482
f 4906//2482 4908//2482 5296//2482
f 5295//2482 5296//2482 5297//2482
f 4908//2482 5298//2482 5296//2482
f 5298//2482 5299//2482 5296//2482
f 5298//2482 5300//2482 5299//2482
f 5296//2482 5299//2482 5297//2482
f 4908//2482 4913//2482 5298//2482
f 4913//2482 5301//2482 5298//2482
f 4913//2482 4915//2482 5301//2482
f 5298//2482 5301//2482 5300//2482
f 5297//2482 5299//2482 5302//2482
f 5299//2482 5303//2482 5302//2482
f 5299//2482 5300//2482 5303//2482
f 5302//2482 5303//2482 5126//2482
f 4926//2482 5117//2482 4927//2482
f 5117//2482 5304//2482 4927//2482
f 5117//2482 5119//2482 5304//2482
f 4927//2482 5304//2482 4930//2482
f 5119//2482 5305//2482 5304//2482
f 5305//2482 5306//2482 5304//2482
f 5305//2482 5300//2482 5306//2482
f 5304//2482 5306//2482 4930//2482
f 5119//2482 5124//2482 5305//2482
f 5124//2482 5303//2482 5305//2482
f 5124//2482 5126//2482 5303//2482
f 5305//2482 5303//2482 5300//2482
f 4930//2482 5306//2482 4934//2482
f 5306//2482 5301//2482 4934//2482
f 5306//2482 5300//2482 5301//2482
f 4934//2482 5301//2482 4915//2482
f 4754//2482 5256//2482 5277//2482
f 5256//2482 5307//2482 5277//2482
f 5256//2482 5258//2482 5307//2482
f 5277//2482 5307//2482 5279//2482
f 5258//2482 5308//2482 5307//2482
f 5308//2482 5309//2482 5307//2482
f 5308//2482 5292//2482 5309//2482
f 5307//2482 5309//2482 5279//2482
f 5258//2482 5261//2482 5308//2482
f 5261//2482 5294//2482 5308//2482
f 5261//2482 5186//2482 5294//2482
f 5308//2482 5294//2482 5292//2482
f 5279//2482 5309//2482 5282//2482
f 5309//2482 5293//2482 5282//2482
f 5309//2482 5292//2482 5293//2482
f 5282//2482 5293//2482 5080//2482
f 5127//2482 5129//2482 5310//2482
f 5129//2482 5311//2482 5310//2482
f 5129//2482 5132//2482 5311//2482
f 5310//2482 5311//2482 5312//2482
f 5132//2482 5313//2482 5311//2482
f 5313//2482 5314//2482 5311//2482
f 5313//2482 5315//2482 5314//2482
f 5311//2482 5314//2482 5312//2482
f 5132//2482 5136//2482 5313//2482
f 5136//2482 5316//2482 5313//2482
f 5136//2482 5028//2482 5316//2482
f 5313//2482 5316//2482 5315//2482
f 5312//2482 5314//2482 5317//2482
f 5314//2482 5318//2482 5317//2482
f 5314//2482 5315//2482 5318//2482
f 5317//2482 5318//2482 4807//2482
f 4793//2482 4795//2482 5319//2482
f 4795//2482 5320//2482 5319//2482
f 4795//2482 4798//2482 5320//2482
f 5319//2482 5320//2482 5321//2482
f 4798//2482 5322//2482 5320//2482
f 5322//2482 5323//2482 5320//2482
f 5322//2482 5315//2482 5323//2482
f 5320//2482 5323//2482 5321//2482
f 4798//2482 4805//2482 5322//2482
f 4805//2482 5318//2482 5322//2482
f 4805//2482 4807//2482 5318//2482
f 5322//2482 5318//2482 5315//2482
f 5321//2482 5323//2482 5324//2482
f 5323//2482 5316//2482 5324//2482
f 5323//2482 5315//2482 5316//2482
f 5324//2482 5316//2482 5028//2482
f 5168//2482 5170//2482 5325//2482
f 5170//2482 5326//2482 5325//2482
f 5170//2482 5173//2482 5326//2482
f 5325//2482 5326//2482 5327//2482
f 5173//2482 5328//2482 5326//2482
f 5328//2482 5329//2482 5326//2482
f 5328//2482 5330//2482 5329//2482
f 5326//2482 5329//2482 5327//2482
f 5173//2482 5177//2482 5328//2482
f 5177//2482 5331//2482 5328//2482
f 5177//2482 5108//2482 5331//2482
f 5328//2482 5331//2482 5330//2482
f 5327//2482 5329//2482 5332//2482
f 5329//2482 5333//2482 5332//2482
f 5329//2482 5330//2482 5333//2482
f 5332//2482 5333//2482 4822//2482
f 4808//2482 4810//2482 5334//2482
f 4810//2482 5335//2482 5334//2482
f 4810//2482 4813//2482 5335//2482
f 5334//2482 5335//2482 5336//2482
f 4813//2482 5337//2482 5335//2482
f 5337//2482 5338//2482 5335//2482
f 5337//2482 5330//2482 5338//2482
f 5335//2482 5338//2482 5336//2482
f 4813//2482 4820//2482 5337//2482
f 4820//2482 5333//2482 5337//2482
f 4820//2482 4822//2482 5333//2482
f 5337//2482 5333//2482 5330//2482
f 5336//2482 5338//2482 5339//2482
f 5338//2482 5331//2482 5339//2482
f 5338//2482 5330//2482 5331//2482
f 5339//2482 5331//2482 5108//2482
f 2123//2482 5340//2482 2300//2482
f 5340//2482 5341//2482 2300//2482
f 5340//2482 5342//2482 5341//2482
f 2300//2482 5341//2482 2303//2482
f 5342//2482 5343//2482 5341//2482
f 5343//2482 5344//2482 5341//2482
f 5343//2482 5345//2482 5344//2482
f 5341//2482 5344//2482 2303//2482
f 5342//2482 5346//2482 5343//2482
f 5346//2482 5347//2482 5343//2482
f 5346//2482 5348//2482 5347//2482
f 5343//2482 5347//2482 5345//2482
f 2303//2482 5344//2482 2308//2482
f 5344//2482 5349//2482 2308//2482
f 5344//2482 5345//2482 5349//2482
f 2308//2482 5349//2482 2220//2482
f 860//2482 5350//2482 3141//2482
f 5350//2482 5351//2482 3141//2482
f 5350//2482 5352//2482 5351//2482
f 3141//2482 5351//2482 3143//2482
f 5352//2482 5353//2482 5351//2482
f 5353//2482 5354//2482 5351//2482
f 5353//2482 5355//2482 5354//2482
f 5351//2482 5354//2482 3143//2482
f 5352//2482 5356//2482 5353//2482
f 5356//2482 5357//2482 5353//2482
f 5356//2482 5348//2482 5357//2482
f 5353//2482 5357//2482 5355//2482
f 3143//2482 5354//2482 3146//2482
f 5354//2482 5358//2482 3146//2482
f 5354//2482 5355//2482 5358//2482
f 3146//2482 5358//2482 3026//2482
f 2123//2482 5359//2482 5340//2482
f 5359//2482 5360//2482 5340//2482
f 5359//2482 5361//2482 5360//2482
f 5340//2482 5360//2482 5342//2482
f 5361//2482 5362//2482 5360//2482
f 5362//2482 5363//2482 5360//2482
f 5362//2482 5355//2482 5363//2482
f 5360//2482 5363//2482 5342//2482
f 5361//2482 5364//2482 5362//2482
f 5364//2482 5358//2482 5362//2482
f 5364//2482 3026//2482 5358//2482
f 5362//2482 5358//2482 5355//2482
f 5342//2482 5363//2482 5346//2482
f 5363//2482 5357//2482 5346//2482
f 5363//2482 5355//2482 5357//2482
f 5346//2482 5357//2482 5348//2482
f 3561//2482 5365//2482 5366//2482
f 5365//2482 5367//2482 5366//2482
f 5365//2482 5368//2482 5367//2482
f 5366//2482 5367//2482 5369//2482
f 5368//2482 5370//2482 5367//2482
f 5370//2482 5371//2482 5367//2482
f 5370//2482 5372//2482 5371//2482
f 5367//2482 5371//2482 5369//2482
f 5368//2482 5373//2482 5370//2482
f 5373//2482 5374//2482 5370//2482
f 5373//2482 4706//2482 5374//2482
f 5370//2482 5374//2482 5372//2482
f 5369//2482 5371//2482 5375//2482
f 5371//2482 5376//2482 5375//2482
f 5371//2482 5372//2482 5376//2482
f 5375//2482 5376//2482 5017//2482
f 4808//2482 5377//2482 4942//2482
f 5377//2482 5378//2482 4942//2482
f 5377//2482 5379//2482 5378//2482
f 4942//2482 5378//2482 4944//2482
f 5379//2482 5380//2482 5378//2482
f 5380//2482 5381//2482 5378//2482
f 5380//2482 5382//2482 5381//2482
f 5378//2482 5381//2482 4944//2482
f 5379//2482 5383//2482 5380//2482
f 5383//2482 5384//2482 5380//2482
f 5383//2482 5097//2482 5384//2482
f 5380//2482 5384//2482 5382//2482
f 4944//2482 5381//2482 4948//2482
f 5381//2482 5385//2482 4948//2482
f 5381//2482 5382//2482 5385//2482
f 4948//2482 5385//2482 4864//2482
f 1668//2482 5386//2482 2000//2482
f 5386//2482 5387//2482 2000//2482
f 5386//2482 5388//2482 5387//2482
f 2000//2482 5387//2482 1996//2482
f 5388//2482 5389//2482 5387//2482
f 5389//2482 5390//2482 5387//2482
f 5389//2482 5391//2482 5390//2482
f 5387//2482 5390//2482 1996//2482
f 5388//2482 5392//2482 5389//2482
f 5392//2482 5393//2482 5389//2482
f 5392//2482 3864//2482 5393//2482
f 5389//2482 5393//2482 5391//2482
f 1996//2482 5390//2482 1993//2482
f 5390//2482 5394//2482 1993//2482
f 5390//2482 5391//2482 5394//2482
f 1993//2482 5394//2482 1921//2482
f 1921//2482 5395//2482 1922//2482
f 5395//2482 5396//2482 1922//2482
f 5395//2482 5397//2482 5396//2482
f 1922//2482 5396//2482 1925//2482
f 5397//2482 5398//2482 5396//2482
f 5398//2482 5399//2482 5396//2482
f 5398//2482 5400//2482 5399//2482
f 5396//2482 5399//2482 1925//2482
f 5397//2482 5401//2482 5398//2482
f 5401//2482 5402//2482 5398//2482
f 5401//2482 4489//2482 5402//2482
f 5398//2482 5402//2482 5400//2482
f 1925//2482 5399//2482 1930//2482
f 5399//2482 5403//2482 1930//2482
f 5399//2482 5400//2482 5403//2482
f 1930//2482 5403//2482 1932//2482
f 16//2482 5404//2482 5091//2482
f 5404//2482 5405//2482 5091//2482
f 5404//2482 5406//2482 5405//2482
f 5091//2482 5405//2482 5093//2482
f 5406//2482 5407//2482 5405//2482
f 5407//2482 5408//2482 5405//2482
f 5407//2482 5409//2482 5408//2482
f 5405//2482 5408//2482 5093//2482
f 5406//2482 5410//2482 5407//2482
f 5410//2482 5411//2482 5407//2482
f 5410//2482 5412//2482 5411//2482
f 5407//2482 5411//2482 5409//2482
f 5093//2482 5408//2482 5096//2482
f 5408//2482 5413//2482 5096//2482
f 5408//2482 5409//2482 5413//2482
f 5096//2482 5413//2482 3190//2482
f 5412//2482 5414//2482 5415//2482
f 5414//2482 5416//2482 5415//2482
f 5414//2482 5417//2482 5416//2482
f 5415//2482 5416//2482 5418//2482
f 5417//2482 5419//2482 5416//2482
f 5419//2482 5420//2482 5416//2482
f 5419//2482 5421//2482 5420//2482
f 5416//2482 5420//2482 5418//2482
f 5417//2482 5422//2482 5419//2482
f 5422//2482 5423//2482 5419//2482
f 5422//2482 5424//2482 5423//2482
f 5419//2482 5423//2482 5421//2482
f 5418//2482 5420//2482 5425//2482
f 5420//2482 5426//2482 5425//2482
f 5420//2482 5421//2482 5426//2482
f 5425//2482 5426//2482 3175//2482
f 5424//2482 5427//2482 5428//2482
f 5427//2482 5429//2482 5428//2482
f 5427//2482 5430//2482 5429//2482
f 5428//2482 5429//2482 5431//2482
f 5430//2482 5432//2482 5429//2482
f 5432//2482 5433//2482 5429//2482
f 5432//2482 5434//2482 5433//2482
f 5429//2482 5433//2482 5431//2482
f 5430//2482 5435//2482 5432//2482
f 5435//2482 5436//2482 5432//2482
f 5435//2482 3787//2482 5436//2482
f 5432//2482 5436//2482 5434//2482
f 5431//2482 5433//2482 5437//2482
f 5433//2482 5438//2482 5437//2482
f 5433//2482 5434//2482 5438//2482
f 5437//2482 5438//2482 3186//2482
f 4793//2482 5439//2482 4865//2482
f 5439//2482 5440//2482 4865//2482
f 5439//2482 5441//2482 5440//2482
f 4865//2482 5440//2482 4867//2482
f 5441//2482 5442//2482 5440//2482
f 5442//2482 5443//2482 5440//2482
f 5442//2482 5444//2482 5443//2482
f 5440//2482 5443//2482 4867//2482
f 5441//2482 5445//2482 5442//2482
f 5445//2482 5446//2482 5442//2482
f 5445//2482 5017//2482 5446//2482
f 5442//2482 5446//2482 5444//2482
f 4867//2482 5443//2482 4871//2482
f 5443//2482 5447//2482 4871//2482
f 5443//2482 5444//2482 5447//2482
f 4871//2482 5447//2482 4720//2482
f 3854//2482 5448//2482 4150//2482
f 5448//2482 5449//2482 4150//2482
f 5448//2482 5450//2482 5449//2482
f 4150//2482 5449//2482 4152//2482
f 5450//2482 5451//2482 5449//2482
f 5451//2482 5452//2482 5449//2482
f 5451//2482 5453//2482 5452//2482
f 5449//2482 5452//2482 4152//2482
f 5450//2482 5454//2482 5451//2482
f 5454//2482 5455//2482 5451//2482
f 5454//2482 4851//2482 5455//2482
f 5451//2482 5455//2482 5453//2482
f 4152//2482 5452//2482 4155//2482
f 5452//2482 5456//2482 4155//2482
f 5452//2482 5453//2482 5456//2482
f 4155//2482 5456//2482 4110//2482
f 1932//2482 5457//2482 1943//2482
f 5457//2482 5458//2482 1943//2482
f 5457//2482 5459//2482 5458//2482
f 1943//2482 5458//2482 1938//2482
f 5459//2482 5460//2482 5458//2482
f 5460//2482 5461//2482 5458//2482
f 5460//2482 4955//2482 5461//2482
f 5458//2482 5461//2482 1938//2482
f 5459//2482 5462//2482 5460//2482
f 5462//2482 4952//2482 5460//2482
f 5462//2482 15//2482 4952//2482
f 5460//2482 4952//2482 4955//2482
f 1938//2482 5461//2482 1936//2482
f 5461//2482 4959//2482 1936//2482
f 5461//2482 4955//2482 4959//2482
f 1936//2482 4959//2482 283//2482
f 3158//2482 3156//2482 4704//2482
f 3156//2482 5463//2482 4704//2482
f 3156//2482 3152//2482 5463//2482
f 4704//2482 5463//2482 4697//2482
f 3152//2482 5464//2482 5463//2482
f 5464//2482 5465//2482 5463//2482
f 5464//2482 5466//2482 5465//2482
f 5463//2482 5465//2482 4697//2482
f 3152//2482 3150//2482 5464//2482
f 3150//2482 5467//2482 5464//2482
f 3150//2482 3026//2482 5467//2482
f 5464//2482 5467//2482 5466//2482
f 4697//2482 5465//2482 4694//2482
f 5465//2482 5468//2482 4694//2482
f 5465//2482 5466//2482 5468//2482
f 4694//2482 5468//2482 2059//2482
f 4110//2482 5456//2482 5469//2482
f 5456//2482 5470//2482 5469//2482
f 5456//2482 5453//2482 5470//2482
f 5469//2482 5470//2482 5471//2482
f 5453//2482 5472//2482 5470//2482
f 5472//2482 5473//2482 5470//2482
f 5472//2482 5474//2482 5473//2482
f 5470//2482 5473//2482 5471//2482
f 5453//2482 5455//2482 5472//2482
f 5455//2482 5475//2482 5472//2482
f 5455//2482 4851//2482 5475//2482
f 5472//2482 5475//2482 5474//2482
f 5471//2482 5473//2482 5476//2482
f 5473//2482 5477//2482 5476//2482
f 5473//2482 5474//2482 5477//2482
f 5476//2482 5477//2482 5097//2482
f 3026//2482 5364//2482 5467//2482
f 5364//2482 5478//2482 5467//2482
f 5364//2482 5361//2482 5478//2482
f 5467//2482 5478//2482 5466//2482
f 5361//2482 5479//2482 5478//2482
f 5479//2482 5480//2482 5478//2482
f 5479//2482 2266//2482 5480//2482
f 5478//2482 5480//2482 5466//2482
f 5361//2482 5359//2482 5479//2482
f 5359//2482 2264//2482 5479//2482
f 5359//2482 2123//2482 2264//2482
f 5479//2482 2264//2482 2266//2482
f 5466//2482 5480//2482 5468//2482
f 5480//2482 2271//2482 5468//2482
f 5480//2482 2266//2482 2271//2482
f 5468//2482 2271//2482 2059//2482
f 3175//2482 3199//2482 5425//2482
f 3199//2482 5481//2482 5425//2482
f 3199//2482 3194//2482 5481//2482
f 5425//2482 5481//2482 5418//2482
f 3194//2482 5482//2482 5481//2482
f 5482//2482 5483//2482 5481//2482
f 5482//2482 5409//2482 5483//2482
f 5481//2482 5483//2482 5418//2482
f 3194//2482 3191//2482 5482//2482
f 3191//2482 5413//2482 5482//2482
f 3191//2482 3190//2482 5413//2482
f 5482//2482 5413//2482 5409//2482
f 5418//2482 5483//2482 5415//2482
f 5483//2482 5411//2482 5415//2482
f 5483//2482 5409//2482 5411//2482
f 5415//2482 5411//2482 5412//2482
f 3175//2482 5426//2482 3176//2482
f 5426//2482 5484//2482 3176//2482
f 5426//2482 5421//2482 5484//2482
f 3176//2482 5484//2482 3179//2482
f 5421//2482 5485//2482 5484//2482
f 5485//2482 5486//2482 5484//2482
f 5485//2482 5431//2482 5486//2482
f 5484//2482 5486//2482 3179//2482
f 5421//2482 5423//2482 5485//2482
f 5423//2482 5428//2482 5485//2482
f 5423//2482 5424//2482 5428//2482
f 5485//2482 5428//2482 5431//2482
f 3179//2482 5486//2482 3184//2482
f 5486//2482 5437//2482 3184//2482
f 5486//2482 5431//2482 5437//2482
f 3184//2482 5437//2482 3186//2482
f 4489//2482 4488//2482 5402//2482
f 4488//2482 5487//2482 5402//2482
f 4488//2482 4485//2482 5487//2482
f 5402//2482 5487//2482 5400//2482
f 4485//2482 5488//2482 5487//2482
f 5488//2482 5489//2482 5487//2482
f 5488//2482 5459//2482 5489//2482
f 5487//2482 5489//2482 5400//2482
f 4485//2482 4486//2482 5488//2482
f 4486//2482 5462//2482 5488//2482
f 4486//2482 15//2482 5462//2482
f 5488//2482 5462//2482 5459//2482
f 5400//2482 5489//2482 5403//2482
f 5489//2482 5457//2482 5403//2482
f 5489//2482 5459//2482 5457//2482
f 5403//2482 5457//2482 1932//2482
f 1921//2482 5394//2482 5395//2482
f 5394//2482 5490//2482 5395//2482
f 5394//2482 5391//2482 5490//2482
f 5395//2482 5490//2482 5397//2482
f 5391//2482 5491//2482 5490//2482
f 5491//2482 5492//2482 5490//2482
f 5491//2482 4494//2482 5492//2482
f 5490//2482 5492//2482 5397//2482
f 5391//2482 5393//2482 5491//2482
f 5393//2482 4491//2482 5491//2482
f 5393//2482 3864//2482 4491//2482
f 5491//2482 4491//2482 4494//2482
f 5397//2482 5492//2482 5401//2482
f 5492//2482 4501//2482 5401//2482
f 5492//2482 4494//2482 4501//2482
f 5401//2482 4501//2482 4489//2482
f 3294//2482 5493//2482 5494//2482
f 5493//2482 5495//2482 5494//2482
f 5493//2482 5496//2482 5495//2482
f 5494//2482 5495//2482 5497//2482
f 5496//2482 5498//2482 5495//2482
f 5498//2482 5499//2482 5495//2482
f 5498//2482 4750//2482 5499//2482
f 5495//2482 5499//2482 5497//2482
f 5496//2482 5500//2482 5498//2482
f 5500//2482 4753//2482 5498//2482
f 5500//2482 4733//2482 4753//2482
f 5498//2482 4753//2482 4750//2482
f 5497//2482 5499//2482 5501//2482
f 5499//2482 4748//2482 5501//2482
f 5499//2482 4750//2482 4748//2482
f 5501//2482 4748//2482 4706//2482
f 3294//2482 5494//2482 3648//2482
f 5494//2482 5502//2482 3648//2482
f 5494//2482 5497//2482 5502//2482
f 3648//2482 5502//2482 3650//2482
f 5497//2482 5503//2482 5502//2482
f 5503//2482 5504//2482 5502//2482
f 5503//2482 5368//2482 5504//2482
f 5502//2482 5504//2482 3650//2482
f 5497//2482 5501//2482 5503//2482
f 5501//2482 5373//2482 5503//2482
f 5501//2482 4706//2482 5373//2482
f 5503//2482 5373//2482 5368//2482
f 3650//2482 5504//2482 3653//2482
f 5504//2482 5365//2482 3653//2482
f 5504//2482 5368//2482 5365//2482
f 3653//2482 5365//2482 3561//2482
f 4706//2482 4708//2482 5374//2482
f 4708//2482 5505//2482 5374//2482
f 4708//2482 4711//2482 5505//2482
f 5374//2482 5505//2482 5372//2482
f 4711//2482 5506//2482 5505//2482
f 5506//2482 5507//2482 5505//2482
f 5506//2482 5444//2482 5507//2482
f 5505//2482 5507//2482 5372//2482
f 4711//2482 4718//2482 5506//2482
f 4718//2482 5447//2482 5506//2482
f 4718//2482 4720//2482 5447//2482
f 5506//2482 5447//2482 5444//2482
f 5372//2482 5507//2482 5376//2482
f 5507//2482 5446//2482 5376//2482
f 5507//2482 5444//2482 5446//2482
f 5376//2482 5446//2482 5017//2482
f 2412//2482 5508//2482 5509//2482
f 5508//2482 5510//2482 5509//2482
f 5508//2482 5511//2482 5510//2482
f 5509//2482 5510//2482 5512//2482
f 5511//2482 5513//2482 5510//2482
f 5513//2482 5514//2482 5510//2482
f 5513//2482 5515//2482 5514//2482
f 5510//2482 5514//2482 5512//2482
f 5511//2482 5516//2482 5513//2482
f 5516//2482 5517//2482 5513//2482
f 5516//2482 4692//2482 5517//2482
f 5513//2482 5517//2482 5515//2482
f 5512//2482 5514//2482 5518//2482
f 5514//2482 5519//2482 5518//2482
f 5514//2482 5515//2482 5519//2482
f 5518//2482 5519//2482 5126//2482
f 4851//2482 4853//2482 5475//2482
f 4853//2482 5520//2482 5475//2482
f 4853//2482 4856//2482 5520//2482
f 5475//2482 5520//2482 5474//2482
f 4856//2482 5521//2482 5520//2482
f 5521//2482 5522//2482 5520//2482
f 5521//2482 5382//2482 5522//2482
f 5520//2482 5522//2482 5474//2482
f 4856//2482 4862//2482 5521//2482
f 4862//2482 5385//2482 5521//2482
f 4862//2482 4864//2482 5385//2482
f 5521//2482 5385//2482 5382//2482
f 5474//2482 5522//2482 5477//2482
f 5522//2482 5384//2482 5477//2482
f 5522//2482 5382//2482 5384//2482
f 5477//2482 5384//2482 5097//2482
f 2412//2482 5509//2482 4991//2482
f 5509//2482 5523//2482 4991//2482
f 5509//2482 5512//2482 5523//2482
f 4991//2482 5523//2482 4990//2482
f 5512//2482 5524//2482 5523//2482
f 5524//2482 5525//2482 5523//2482
f 5524//2482 5122//2482 5525//2482
f 5523//2482 5525//2482 4990//2482
f 5512//2482 5518//2482 5524//2482
f 5518//2482 5125//2482 5524//2482
f 5518//2482 5126//2482 5125//2482
f 5524//2482 5125//2482 5122//2482
f 4990//2482 5525//2482 4993//2482
f 5525//2482 5123//2482 4993//2482
f 5525//2482 5122//2482 5123//2482
f 4993//2482 5123//2482 4994//2482
f 3561//2482 5366//2482 5159//2482
f 5366//2482 5526//2482 5159//2482
f 5366//2482 5369//2482 5526//2482
f 5159//2482 5526//2482 5158//2482
f 5369//2482 5527//2482 5526//2482
f 5527//2482 5528//2482 5526//2482
f 5527//2482 5139//2482 5528//2482
f 5526//2482 5528//2482 5158//2482
f 5369//2482 5375//2482 5527//2482
f 5375//2482 5137//2482 5527//2482
f 5375//2482 5017//2482 5137//2482
f 5527//2482 5137//2482 5139//2482
f 5158//2482 5528//2482 5161//2482
f 5528//2482 5144//2482 5161//2482
f 5528//2482 5139//2482 5144//2482
f 5161//2482 5144//2482 5146//2482
f 2570//2482 5529//2482 5530//2482
f 5529//2482 5531//2482 5530//2482
f 5529//2482 5532//2482 5531//2482
f 5530//2482 5531//2482 5533//2482
f 5532//2482 5534//2482 5531//2482
f 5534//2482 5535//2482 5531//2482
f 5534//2482 4931//2482 5535//2482
f 5531//2482 5535//2482 5533//2482
f 5532//2482 5536//2482 5534//2482
f 5536//2482 4928//2482 5534//2482
f 5536//2482 4926//2482 4928//2482
f 5534//2482 4928//2482 4931//2482
f 5533//2482 5535//2482 5537//2482
f 5535//2482 4935//2482 5537//2482
f 5535//2482 4931//2482 4935//2482
f 5537//2482 4935//2482 4905//2482
f 860//2482 5538//2482 5539//2482
f 5538//2482 5540//2482 5539//2482
f 5538//2482 5541//2482 5540//2482
f 5539//2482 5540//2482 5542//2482
f 5541//2482 5543//2482 5540//2482
f 5543//2482 5544//2482 5540//2482
f 5543//2482 4964//2482 5544//2482
f 5540//2482 5544//2482 5542//2482
f 5541//2482 5545//2482 5543//2482
f 5545//2482 4968//2482 5543//2482
f 5545//2482 4905//2482 4968//2482
f 5543//2482 4968//2482 4964//2482
f 5542//2482 5544//2482 5546//2482
f 5544//2482 4961//2482 5546//2482
f 5544//2482 4964//2482 4961//2482
f 5546//2482 4961//2482 4960//2482
f 860//2482 2937//2482 5538//2482
f 2937//2482 5547//2482 5538//2482
f 2937//2482 2939//2482 5547//2482
f 5538//2482 5547//2482 5541//2482
f 2939//2482 5548//2482 5547//2482
f 5548//2482 5549//2482 5547//2482
f 5548//2482 5533//2482 5549//2482
f 5547//2482 5549//2482 5541//2482
f 2939//2482 2942//2482 5548//2482
f 2942//2482 5530//2482 5548//2482
f 2942//2482 2570//2482 5530//2482
f 5548//2482 5530//2482 5533//2482
f 5541//2482 5549//2482 5545//2482
f 5549//2482 5537//2482 5545//2482
f 5549//2482 5533//2482 5537//2482
f 5545//2482 5537//2482 4905//2482
f 3854//2482 5252//2482 5550//2482
f 5252//2482 5551//2482 5550//2482
f 5252//2482 5248//2482 5551//2482
f 5550//2482 5551//2482 5552//2482
f 5248//2482 5553//2482 5551//2482
f 5553//2482 5554//2482 5551//2482
f 5553//2482 5555//2482 5554//2482
f 5551//2482 5554//2482 5552//2482
f 5248//2482 5250//2482 5553//2482
f 5250//2482 5556//2482 5553//2482
f 5250//2482 5251//2482 5556//2482
f 5553//2482 5556//2482 5555//2482
f 5552//2482 5554//2482 5557//2482
f 5554//2482 5558//2482 5557//2482
f 5554//2482 5555//2482 5558//2482
f 5557//2482 5558//2482 4792//2482
f 4793//2482 5319//2482 5439//2482
f 5319//2482 5559//2482 5439//2482
f 5319//2482 5321//2482 5559//2482
f 5439//2482 5559//2482 5441//2482
f 5321//2482 5560//2482 5559//2482
f 5560//2482 5561//2482 5559//2482
f 5560//2482 5021//2482 5561//2482
f 5559//2482 5561//2482 5441//2482
f 5321//2482 5324//2482 5560//2482
f 5324//2482 5026//2482 5560//2482
f 5324//2482 5028//2482 5026//2482
f 5560//2482 5026//2482 5021//2482
f 5441//2482 5561//2482 5445//2482
f 5561//2482 5018//2482 5445//2482
f 5561//2482 5021//2482 5018//2482
f 5445//2482 5018//2482 5017//2482
f 4110//2482 5469//2482 5203//2482
f 5469//2482 5562//2482 5203//2482
f 5469//2482 5471//2482 5562//2482
f 5203//2482 5562//2482 5205//2482
f 5471//2482 5563//2482 5562//2482
f 5563//2482 5564//2482 5562//2482
f 5563//2482 5215//2482 5564//2482
f 5562//2482 5564//2482 5205//2482
f 5471//2482 5476//2482 5563//2482
f 5476//2482 5213//2482 5563//2482
f 5476//2482 5097//2482 5213//2482
f 5563//2482 5213//2482 5215//2482
f 5205//2482 5564//2482 5209//2482
f 5564//2482 5220//2482 5209//2482
f 5564//2482 5215//2482 5220//2482
f 5209//2482 5220//2482 5211//2482
f 1668//2482 5565//2482 5566//2482
f 5565//2482 5567//2482 5566//2482
f 5565//2482 5568//2482 5567//2482
f 5566//2482 5567//2482 5569//2482
f 5568//2482 5570//2482 5567//2482
f 5570//2482 5571//2482 5567//2482
f 5570//2482 5285//2482 5571//2482
f 5567//2482 5571//2482 5569//2482
f 5568//2482 5572//2482 5570//2482
f 5572//2482 5288//2482 5570//2482
f 5572//2482 5010//2482 5288//2482
f 5570//2482 5288//2482 5285//2482
f 5569//2482 5571//2482 5573//2482
f 5571//2482 5283//2482 5573//2482
f 5571//2482 5285//2482 5283//2482
f 5573//2482 5283//2482 5168//2482
f 4734//2482 5295//2482 4735//2482
f 5295//2482 5574//2482 4735//2482
f 5295//2482 5297//2482 5574//2482
f 4735//2482 5574//2482 4738//2482
f 5297//2482 5575//2482 5574//2482
f 5575//2482 5576//2482 5574//2482
f 5575//2482 5515//2482 5576//2482
f 5574//2482 5576//2482 4738//2482
f 5297//2482 5302//2482 5575//2482
f 5302//2482 5519//2482 5575//2482
f 5302//2482 5126//2482 5519//2482
f 5575//2482 5519//2482 5515//2482
f 4738//2482 5576//2482 4743//2482
f 5576//2482 5517//2482 4743//2482
f 5576//2482 5515//2482 5517//2482
f 4743//2482 5517//2482 4692//2482
f 1668//2482 1837//2482 5565//2482
f 1837//2482 5577//2482 5565//2482
f 1837//2482 1840//2482 5577//2482
f 5565//2482 5577//2482 5568//2482
f 1840//2482 5578//2482 5577//2482
f 5578//2482 5579//2482 5577//2482
f 5578//2482 5003//2482 5579//2482
f 5577//2482 5579//2482 5568//2482
f 1840//2482 1847//2482 5578//2482
f 1847//2482 5001//2482 5578//2482
f 1847//2482 1849//2482 5001//2482
f 5578//2482 5001//2482 5003//2482
f 5568//2482 5579//2482 5572//2482
f 5579//2482 5008//2482 5572//2482
f 5579//2482 5003//2482 5008//2482
f 5572//2482 5008//2482 5010//2482
f 3854//2482 5550//2482 5448//2482
f 5550//2482 5580//2482 5448//2482
f 5550//2482 5552//2482 5580//2482
f 5448//2482 5580//2482 5450//2482
f 5552//2482 5581//2482 5580//2482
f 5581//2482 5582//2482 5580//2482
f 5581//2482 4938//2482 5582//2482
f 5580//2482 5582//2482 5450//2482
f 5552//2482 5557//2482 5581//2482
f 5557//2482 4941//2482 5581//2482
f 5557//2482 4792//2482 4941//2482
f 5581//2482 4941//2482 4938//2482
f 5450//2482 5582//2482 5454//2482
f 5582//2482 4936//2482 5454//2482
f 5582//2482 4938//2482 4936//2482
f 5454//2482 4936//2482 4851//2482
f 2336//2482 4681//2482 2524//2482
f 4681//2482 5583//2482 2524//2482
f 4681//2482 4684//2482 5583//2482
f 2524//2482 5583//2482 2526//2482
f 4684//2482 5584//2482 5583//2482
f 5584//2482 5585//2482 5583//2482
f 5584//2482 5511//2482 5585//2482
f 5583//2482 5585//2482 2526//2482
f 4684//2482 4690//2482 5584//2482
f 4690//2482 5516//2482 5584//2482
f 4690//2482 4692//2482 5516//2482
f 5584//2482 5516//2482 5511//2482
f 2526//2482 5585//2482 2529//2482
f 5585//2482 5508//2482 2529//2482
f 5585//2482 5511//2482 5508//2482
f 2529//2482 5508//2482 2412//2482
f 1668//2482 5566//2482 5586//2482
f 5566//2482 5587//2482 5586//2482
f 5566//2482 5569//2482 5587//2482
f 5586//2482 5587//2482 5588//2482
f 5569//2482 5589//2482 5587//2482
f 5589//2482 5590//2482 5587//2482
f 5589//2482 5327//2482 5590//2482
f 5587//2482 5590//2482 5588//2482
f 5569//2482 5573//2482 5589//2482
f 5573//2482 5325//2482 5589//2482
f 5573//2482 5168//2482 5325//2482
f 5589//2482 5325//2482 5327//2482
f 5588//2482 5590//2482 5591//2482
f 5590//2482 5332//2482 5591//2482
f 5590//2482 5327//2482 5332//2482
f 5591//2482 5332//2482 4822//2482
f 3787//2482 5592//2482 5593//2482
f 5592//2482 5594//2482 5593//2482
f 5592//2482 5595//2482 5594//2482
f 5593//2482 5594//2482 5596//2482
f 5595//2482 5597//2482 5594//2482
f 5597//2482 5598//2482 5594//2482
f 5597//2482 5273//2482 5598//2482
f 5594//2482 5598//2482 5596//2482
f 5595//2482 5599//2482 5597//2482
f 5599//2482 5276//2482 5597//2482
f 5599//2482 5040//2482 5276//2482
f 5597//2482 5276//2482 5273//2482
f 5596//2482 5598//2482 5600//2482
f 5598//2482 5271//2482 5600//2482
f 5598//2482 5273//2482 5271//2482
f 5600//2482 5271//2482 5127//2482
f 3694//2482 5031//2482 3777//2482
f 5031//2482 5601//2482 3777//2482
f 5031//2482 5033//2482 5601//2482
f 3777//2482 5601//2482 3780//2482
f 5033//2482 5602//2482 5601//2482
f 5602//2482 5603//2482 5601//2482
f 5602//2482 5595//2482 5603//2482
f 5601//2482 5603//2482 3780//2482
f 5033//2482 5038//2482 5602//2482
f 5038//2482 5599//2482 5602//2482
f 5038//2482 5040//2482 5599//2482
f 5602//2482 5599//2482 5595//2482
f 3780//2482 5603//2482 3785//2482
f 5603//2482 5592//2482 3785//2482
f 5603//2482 5595//2482 5592//2482
f 3785//2482 5592//2482 3787//2482
f 4808//2482 5334//2482 5377//2482
f 5334//2482 5604//2482 5377//2482
f 5334//2482 5336//2482 5604//2482
f 5377//2482 5604//2482 5379//2482
f 5336//2482 5605//2482 5604//2482
f 5605//2482 5606//2482 5604//2482
f 5605//2482 5101//2482 5606//2482
f 5604//2482 5606//2482 5379//2482
f 5336//2482 5339//2482 5605//2482
f 5339//2482 5106//2482 5605//2482
f 5339//2482 5108//2482 5106//2482
f 5605//2482 5106//2482 5101//2482
f 5379//2482 5606//2482 5383//2482
f 5606//2482 5098//2482 5383//2482
f 5606//2482 5101//2482 5098//2482
f 5383//2482 5098//2482 5097//2482
f 3787//2482 5593//2482 5607//2482
f 5593//2482 5608//2482 5607//2482
f 5593//2482 5596//2482 5608//2482
f 5607//2482 5608//2482 5609//2482
f 5596//2482 5610//2482 5608//2482
f 5610//2482 5611//2482 5608//2482
f 5610//2482 5312//2482 5611//2482
f 5608//2482 5611//2482 5609//2482
f 5596//2482 5600//2482 5610//2482
f 5600//2482 5310//2482 5610//2482
f 5600//2482 5127//2482 5310//2482
f 5610//2482 5310//2482 5312//2482
f 5609//2482 5611//2482 5612//2482
f 5611//2482 5317//2482 5612//2482
f 5611//2482 5312//2482 5317//2482
f 5612//2482 5317//2482 4807//2482
f 3787//2482 5607//2482 5162//2482
f 5607//2482 5613//2482 5162//2482
f 5607//2482 5609//2482 5613//2482
f 5162//2482 5613//2482 5164//2482
f 5609//2482 5614//2482 5613//2482
f 5614//2482 5615//2482 5613//2482
f 5614//2482 4801//2482 5615//2482
f 5613//2482 5615//2482 5164//2482
f 5609//2482 5612//2482 5614//2482
f 5612//2482 4806//2482 5614//2482
f 5612//2482 4807//2482 4806//2482
f 5614//2482 4806//2482 4801//2482
f 5164//2482 5615//2482 5167//2482
f 5615//2482 4803//2482 5167//2482
f 5615//2482 4801//2482 4803//2482
f 5167//2482 4803//2482 4804//2482
f 1668//2482 5586//2482 5222//2482
f 5586//2482 5616//2482 5222//2482
f 5586//2482 5588//2482 5616//2482
f 5222//2482 5616//2482 5224//2482
f 5588//2482 5617//2482 5616//2482
f 5617//2482 5618//2482 5616//2482
f 5617//2482 4816//2482 5618//2482
f 5616//2482 5618//2482 5224//2482
f 5588//2482 5591//2482 5617//2482
f 5591//2482 4821//2482 5617//2482
f 5591//2482 4822//2482 4821//2482
f 5617//2482 4821//2482 4816//2482
f 5224//2482 5618//2482 5227//2482
f 5618//2482 4818//2482 5227//2482
f 5618//2482 4816//2482 4818//2482
f 5227//2482 4818//2482 4819//2482
f 2570//2482 5242//2482 5529//2482
f 5242//2482 5619//2482 5529//2482
f 5242//2482 5240//2482 5619//2482
f 5529//2482 5619//2482 5532//2482
f 5240//2482 5620//2482 5619//2482
f 5620//2482 5621//2482 5619//2482
f 5620//2482 5044//2482 5621//2482
f 5619//2482 5621//2482 5532//2482
f 5240//2482 5241//2482 5620//2482
f 5241//2482 5049//2482 5620//2482
f 5241//2482 5051//2482 5049//2482
f 5620//2482 5049//2482 5044//2482
f 5532//2482 5621//2482 5536//2482
f 5621//2482 5041//2482 5536//2482
f 5621//2482 5044//2482 5041//2482
f 5536//2482 5041//2482 4926//2482
f 860//2482 4645//2482 5350//2482
f 4645//2482 5622//2482 5350//2482
f 4645//2482 4648//2482 5622//2482
f 5350//2482 5622//2482 5352//2482
f 4648//2482 5623//2482 5622//2482
f 5623//2482 5624//2482 5622//2482
f 5623//2482 5345//2482 5624//2482
f 5622//2482 5624//2482 5352//2482
f 4648//2482 4655//2482 5623//2482
f 4655//2482 5349//2482 5623//2482
f 4655//2482 2220//2482 5349//2482
f 5623//2482 5349//2482 5345//2482
f 5352//2482 5624//2482 5356//2482
f 5624//2482 5347//2482 5356//2482
f 5624//2482 5345//2482 5347//2482
f 5356//2482 5347//2482 5348//2482
f 3864//2482 5392//2482 5625//2482
f 5392//2482 5626//2482 5625//2482
f 5392//2482 5388//2482 5626//2482
f 5625//2482 5626//2482 5627//2482
f 5388//2482 5628//2482 5626//2482
f 5628//2482 5629//2482 5626//2482
f 5628//2482 4783//2482 5629//2482
f 5626//2482 5629//2482 5627//2482
f 5388//2482 5386//2482 5628//2482
f 5386//2482 4780//2482 5628//2482
f 5386//2482 1668//2482 4780//2482
f 5628//2482 4780//2482 4783//2482
f 5627//2482 5629//2482 5630//2482
f 5629//2482 4790//2482 5630//2482
f 5629//2482 4783//2482 4790//2482
f 5630//2482 4790//2482 4792//2482
f 3186//2482 5631//2482 3304//2482
f 5631//2482 5632//2482 3304//2482
f 5631//2482 5633//2482 5632//2482
f 3304//2482 5632//2482 3306//2482
f 5633//2482 5634//2482 5632//2482
f 5634//2482 5635//2482 5632//2482
f 5634//2482 5496//2482 5635//2482
f 5632//2482 5635//2482 3306//2482
f 5633//2482 5636//2482 5634//2482
f 5636//2482 5500//2482 5634//2482
f 5636//2482 4733//2482 5500//2482
f 5634//2482 5500//2482 5496//2482
f 3306//2482 5635//2482 3309//2482
f 5635//2482 5493//2482 3309//2482
f 5635//2482 5496//2482 5493//2482
f 3309//2482 5493//2482 3294//2482
f 3186//2482 5438//2482 5631//2482
f 5438//2482 5637//2482 5631//2482
f 5438//2482 5434//2482 5637//2482
f 5631//2482 5637//2482 5633//2482
f 5434//2482 5638//2482 5637//2482
f 5638//2482 5639//2482 5637//2482
f 5638//2482 4725//2482 5639//2482
f 5637//2482 5639//2482 5633//2482
f 5434//2482 5436//2482 5638//2482
f 5436//2482 4722//2482 5638//2482
f 5436//2482 3787//2482 4722//2482
f 5638//2482 4722//2482 4725//2482
f 5633//2482 5639//2482 5636//2482
f 5639//2482 4731//2482 5636//2482
f 5639//2482 4725//2482 4731//2482
f 5636//2482 4731//2482 4733//2482
f 860//2482 5539//2482 4644//2482
f 5539//2482 5640//2482 4644//2482
f 5539//2482 5542//2482 5640//2482
f 4644//2482 5640//2482 4647//2482
f 5542//2482 5641//2482 5640//2482
f 5641//2482 5642//2482 5640//2482
f 5641//2482 5233//2482 5642//2482
f 5640//2482 5642//2482 4647//2482
f 5542//2482 5546//2482 5641//2482
f 5546//2482 5231//2482 5641//2482
f 5546//2482 4960//2482 5231//2482
f 5641//2482 5231//2482 5233//2482
f 4647//2482 5642//2482 4652//2482
f 5642//2482 5236//2482 4652//2482
f 5642//2482 5233//2482 5236//2482
f 4652//2482 5236//2482 4654//2482
f 3864//2482 5625//2482 5243//2482
f 5625//2482 5643//2482 5243//2482
f 5625//2482 5627//2482 5643//2482
f 5243//2482 5643//2482 5245//2482
f 5627//2482 5644//2482 5643//2482
f 5644//2482 5645//2482 5643//2482
f 5644//2482 5555//2482 5645//2482
f 5643//2482 5645//2482 5245//2482
f 5627//2482 5630//2482 5644//2482
f 5630//2482 5558//2482 5644//2482
f 5630//2482 4792//2482 5558//2482
f 5644//2482 5558//2482 5555//2482
f 5245//2482 5645//2482 5249//2482
f 5645//2482 5556//2482 5249//2482
f 5645//2482 5555//2482 5556//2482
f 5249//2482 5556//2482 5251//2482
f 4257//2483 5646//2484 5647//2485
f 5646//2484 5648//2486 5647//2485
f 5646//2484 5649//2487 5648//2486
f 5647//2485 5648//2486 5650//2488
f 5649//2487 5651//2489 5648//2486
f 5651//2489 5652//2486 5648//2486
f 5651//2489 5653//2490 5652//2486
f 5648//2486 5652//2486 5650//2488
f 5649//2487 5654//2491 5651//2489
f 5654//2491 5655//2492 5651//2489
f 5654//2491 5656//2486 5655//2492
f 5651//2489 5655//2492 5653//2490
f 5650//2488 5652//2486 5657//2485
f 5652//2486 5658//2492 5657//2485
f 5652//2486 5653//2490 5658//2492
f 5657//2485 5658//2492 5659//2492
f 5412//2490 5410//2483 5660//2493
f 5410//2483 5661//2492 5660//2493
f 5410//2483 5406//2487 5661//2492
f 5660//2493 5661//2492 5662//2494
f 5406//2487 5663//2495 5661//2492
f 5663//2495 5664//2496 5661//2492
f 5663//2495 5665//2491 5664//2496
f 5661//2492 5664//2496 5662//2494
f 5406//2487 5404//2483 5663//2495
f 5404//2483 5666//2486 5663//2495
f 5404//2483 16//2483 5666//2486
f 5663//2495 5666//2486 5665//2491
f 5662//2494 5664//2496 5667//2492
f 5664//2496 5668//2497 5667//2492
f 5664//2496 5665//2491 5668//2497
f 5667//2492 5668//2497 5669//2498
f 4257//2483 5647//2485 4379//2499
f 5647//2485 5670//2483 4379//2499
f 5647//2485 5650//2488 5670//2483
f 4379//2499 5670//2483 4382//2500
f 5650//2488 5671//2483 5670//2483
f 5671//2483 5672//2483 5670//2483
f 5671//2483 5673//2486 5672//2483
f 5670//2483 5672//2483 4382//2500
f 5650//2488 5657//2485 5671//2483
f 5657//2485 5674//2496 5671//2483
f 5657//2485 5659//2492 5674//2496
f 5671//2483 5674//2496 5673//2486
f 4382//2500 5672//2483 4387//2500
f 5672//2483 5675//2501 4387//2500
f 5672//2483 5673//2486 5675//2501
f 4387//2500 5675//2501 4389//2487
f 5669//2498 5676//2502 5677//2503
f 5676//2502 5678//2489 5677//2503
f 5676//2502 5679//2504 5678//2489
f 5677//2503 5678//2489 5680//2492
f 5679//2504 5681//2505 5678//2489
f 5681//2505 5682//2489 5678//2489
f 5681//2505 5683//2494 5682//2489
f 5678//2489 5682//2489 5680//2492
f 5679//2504 5684//2489 5681//2505
f 5684//2489 5685//2506 5681//2505
f 5684//2489 5686//2486 5685//2506
f 5681//2505 5685//2506 5683//2494
f 5680//2492 5682//2489 5687//2507
f 5682//2489 5688//2508 5687//2507
f 5682//2489 5683//2494 5688//2508
f 5687//2507 5688//2508 5689//2497
f 5412//2490 5660//2493 5690//2493
f 5660//2493 5691//2483 5690//2493
f 5660//2493 5662//2494 5691//2483
f 5690//2493 5691//2483 5692//2502
f 5662//2494 5693//2497 5691//2483
f 5693//2497 5694//2497 5691//2483
f 5693//2497 5680//2492 5694//2497
f 5691//2483 5694//2497 5692//2502
f 5662//2494 5667//2492 5693//2497
f 5667//2492 5677//2503 5693//2497
f 5667//2492 5669//2498 5677//2503
f 5693//2497 5677//2503 5680//2492
f 5692//2502 5694//2497 5695//2494
f 5694//2497 5687//2507 5695//2494
f 5694//2497 5680//2492 5687//2507
f 5695//2494 5687//2507 5689//2497
f 5424//2486 5422//2483 5696//2500
f 5422//2483 5697//2494 5696//2500
f 5422//2483 5417//2483 5697//2494
f 5696//2500 5697//2494 5698//2489
f 5417//2483 5699//2494 5697//2494
f 5699//2494 5700//2494 5697//2494
f 5699//2494 5692//2502 5700//2494
f 5697//2494 5700//2494 5698//2489
f 5417//2483 5414//2483 5699//2494
f 5414//2483 5690//2493 5699//2494
f 5414//2483 5412//2490 5690//2493
f 5699//2494 5690//2493 5692//2502
f 5698//2489 5700//2494 5701//2493
f 5700//2494 5695//2494 5701//2493
f 5700//2494 5692//2502 5695//2494
f 5701//2493 5695//2494 5689//2497
f 5686//2486 5702//2486 5685//2506
f 5702//2486 5703//2485 5685//2506
f 5702//2486 5704//2498 5703//2485
f 5685//2506 5703//2485 5683//2494
f 5704//2498 5705//2493 5703//2485
f 5705//2493 5706//2485 5703//2485
f 5705//2493 5707//2483 5706//2485
f 5703//2485 5706//2485 5683//2494
f 5704//2498 5708//2492 5705//2493
f 5708//2492 5709//2494 5705//2493
f 5708//2492 5656//2486 5709//2494
f 5705//2493 5709//2494 5707//2483
f 5683//2494 5706//2485 5688//2508
f 5706//2485 5710//2483 5688//2508
f 5706//2485 5707//2483 5710//2483
f 5688//2508 5710//2483 5689//2497
f 5686//2486 5711//2494 5702//2486
f 5711//2494 5712//2486 5702//2486
f 5711//2494 5713//2497 5712//2486
f 5702//2486 5712//2486 5704//2498
f 5713//2497 5714//2508 5712//2486
f 5714//2508 5715//2509 5712//2486
f 5714//2508 5653//2490 5715//2509
f 5712//2486 5715//2509 5704//2498
f 5713//2497 5716//2492 5714//2508
f 5716//2492 5658//2492 5714//2508
f 5716//2492 5659//2492 5658//2492
f 5714//2508 5658//2492 5653//2490
f 5704//2498 5715//2509 5708//2492
f 5715//2509 5655//2492 5708//2492
f 5715//2509 5653//2490 5655//2492
f 5708//2492 5655//2492 5656//2486
f 4289//2483 5717//2485 5718//2507
f 5717//2485 5719//2508 5718//2507
f 5717//2485 5720//2491 5719//2508
f 5718//2507 5719//2508 5721//2491
f 5720//2491 5722//2509 5719//2508
f 5722//2509 5723//2504 5719//2508
f 5722//2509 5707//2483 5723//2504
f 5719//2508 5723//2504 5721//2491
f 5720//2491 5724//2510 5722//2509
f 5724//2510 5710//2483 5722//2509
f 5724//2510 5689//2497 5710//2483
f 5722//2509 5710//2483 5707//2483
f 5721//2491 5723//2504 5725//2490
f 5723//2504 5709//2494 5725//2490
f 5723//2504 5707//2483 5709//2494
f 5725//2490 5709//2494 5656//2486
f 5424//2486 5726//2511 5427//2500
f 5726//2511 5727//2486 5427//2500
f 5726//2511 5728//2492 5727//2486
f 5427//2500 5727//2486 5430//2499
f 5728//2492 5729//2483 5727//2486
f 5729//2483 5730//2496 5727//2486
f 5729//2483 5731//2493 5730//2496
f 5727//2486 5730//2496 5430//2499
f 5728//2492 5732//2504 5729//2483
f 5732//2504 5733//2493 5729//2483
f 5732//2504 5734//2512 5733//2493
f 5729//2483 5733//2493 5731//2493
f 5430//2499 5730//2496 5435//2491
f 5730//2496 5735//2489 5435//2491
f 5730//2496 5731//2493 5735//2489
f 5435//2491 5735//2489 3787//2491
f 4289//2483 5736//2492 5717//2485
f 5736//2492 5737//2500 5717//2485
f 5736//2492 5738//2491 5737//2500
f 5717//2485 5737//2500 5720//2491
f 5738//2491 5739//2486 5737//2500
f 5739//2486 5740//2496 5737//2500
f 5739//2486 5741//2483 5740//2496
f 5737//2500 5740//2496 5720//2491
f 5738//2491 5742//2508 5739//2486
f 5742//2508 5743//2513 5739//2486
f 5742//2508 5734//2512 5743//2513
f 5739//2486 5743//2513 5741//2483
f 5720//2491 5740//2496 5724//2510
f 5740//2496 5744//2500 5724//2510
f 5740//2496 5741//2483 5744//2500
f 5724//2510 5744//2500 5689//2497
f 4220//2494 4222//2493 5745//2508
f 4222//2493 5746//2513 5745//2508
f 4222//2493 4225//2493 5746//2513
f 5745//2508 5746//2513 5747//2508
f 4225//2493 5748//2514 5746//2513
f 5748//2514 5749//2514 5746//2513
f 5748//2514 5731//2493 5749//2514
f 5746//2513 5749//2514 5747//2508
f 4225//2493 4231//2515 5748//2514
f 4231//2515 5735//2489 5748//2514
f 4231//2515 3787//2491 5735//2489
f 5748//2514 5735//2489 5731//2493
f 5747//2508 5749//2514 5750//2516
f 5749//2514 5733//2493 5750//2516
f 5749//2514 5731//2493 5733//2493
f 5750//2516 5733//2493 5734//2512
f 4220//2494 5745//2508 4319//2508
f 5745//2508 5751//2498 4319//2508
f 5745//2508 5747//2508 5751//2498
f 4319//2508 5751//2498 4322//2483
f 5747//2508 5752//2494 5751//2498
f 5752//2494 5753//2483 5751//2498
f 5752//2494 5738//2491 5753//2483
f 5751//2498 5753//2483 4322//2483
f 5747//2508 5750//2516 5752//2494
f 5750//2516 5742//2508 5752//2494
f 5750//2516 5734//2512 5742//2508
f 5752//2494 5742//2508 5738//2491
f 4322//2483 5753//2483 4326//2486
f 5753//2483 5736//2492 4326//2486
f 5753//2483 5738//2491 5736//2492
f 4326//2486 5736//2492 4289//2483
f 5424//2486 5696//2500 5726//2511
f 5696//2500 5754//2497 5726//2511
f 5696//2500 5698//2489 5754//2497
f 5726//2511 5754//2497 5728//2492
f 5698//2489 5755//2517 5754//2497
f 5755//2517 5756//2485 5754//2497
f 5755//2517 5741//2483 5756//2485
f 5754//2497 5756//2485 5728//2492
f 5698//2489 5701//2493 5755//2517
f 5701//2493 5744//2500 5755//2517
f 5701//2493 5689//2497 5744//2500
f 5755//2517 5744//2500 5741//2483
f 5728//2492 5756//2485 5732//2504
f 5756//2485 5743//2513 5732//2504
f 5756//2485 5741//2483 5743//2513
f 5732//2504 5743//2513 5734//2512
f 5669//2498 5757//2497 5676//2502
f 5757//2497 5758//2486 5676//2502
f 5757//2497 5759//2486 5758//2486
f 5676//2502 5758//2486 5679//2504
f 5759//2486 5760//2497 5758//2486
f 5760//2497 5761//2497 5758//2486
f 5760//2497 5713//2497 5761//2497
f 5758//2486 5761//2497 5679//2504
f 5759//2486 5762//2518 5760//2497
f 5762//2518 5716//2492 5760//2497
f 5762//2518 5659//2492 5716//2492
f 5760//2497 5716//2492 5713//2497
f 5679//2504 5761//2497 5684//2489
f 5761//2497 5711//2494 5684//2489
f 5761//2497 5713//2497 5711//2494
f 5684//2489 5711//2494 5686//2486
f 4389//2487 5675//2501 5763//2486
f 5675//2501 5764//2486 5763//2486
f 5675//2501 5673//2486 5764//2486
f 5763//2486 5764//2486 5765//2486
f 5673//2486 5766//2486 5764//2486
f 5766//2486 5767//2486 5764//2486
f 5766//2486 5759//2486 5767//2486
f 5764//2486 5767//2486 5765//2486
f 5673//2486 5674//2496 5766//2486
f 5674//2496 5762//2518 5766//2486
f 5674//2496 5659//2492 5762//2518
f 5766//2486 5762//2518 5759//2486
f 5765//2486 5767//2486 5768//2486
f 5767//2486 5757//2497 5768//2486
f 5767//2486 5759//2486 5757//2497
f 5768//2486 5757//2497 5669//2498
f 4257//2483 4301//2519 5646//2484
f 4301//2519 5769//2486 5646//2484
f 4301//2519 4304//2486 5769//2486
f 5646//2484 5769//2486 5649//2487
f 4304//2486 5770//2494 5769//2486
f 5770//2494 5771//2520 5769//2486
f 5770//2494 5721//2491 5771//2520
f 5769//2486 5771//2520 5649//2487
f 4304//2486 4308//2483 5770//2494
f 4308//2483 5718//2507 5770//2494
f 4308//2483 4289//2483 5718//2507
f 5770//2494 5718//2507 5721//2491
f 5649//2487 5771//2520 5654//2491
f 5771//2520 5725//2490 5654//2491
f 5771//2520 5721//2491 5725//2490
f 5654//2491 5725//2490 5656//2486
f 4417//2521 5772//2521 4416//2521
f 5772//2522 5773//2523 4416//2524
f 5772//2522 5774//2525 5773//2523
f 4416//2524 5773//2523 4414//2526
f 5774//2527 5775//2528 5773//2529
f 5775//2528 5776//2530 5773//2529
f 5775//2531 156//2532 5776//2533
f 5773//2529 5776//2530 4414//2534
f 5774//2527 5777//2535 5775//2528
f 5777//2536 153//2537 5775//2531
f 5777//2536 129//2536 153//2537
f 5775//2531 153//2537 156//2532
f 4414//2534 5776//2530 4418//2538
f 5776//2533 163//2531 4418//2539
f 5776//2533 156//2532 163//2531
f 4418//2539 163//2531 165//2540
f 5778//2541 5779//2541 5780//2541
f 5779//2542 5781//2543 5780//2544
f 5779//2542 5782//2545 5781//2543
f 5780//2546 5781//2546 5783//2546
f 5782//2547 5784//2548 5781//2549
f 5784//2548 5785//2550 5781//2549
f 5784//2551 5786//2552 5785//2553
f 5781//2549 5785//2550 5783//2554
f 5782//2547 5787//2555 5784//2548
f 5787//2556 5788//2557 5784//2551
f 5787//2556 5789//2558 5788//2557
f 5784//2551 5788//2557 5786//2552
f 5783//2559 5785//2559 5790//2559
f 5785//2553 5791//2560 5790//2561
f 5785//2553 5786//2552 5791//2560
f 5790//2562 5791//2562 4389//2562
f 5789//2563 5792//2564 5788//2565
f 5792//2564 5793//2566 5788//2565
f 5792//2567 5794//2568 5793//2569
f 5788//2565 5793//2566 5786//2570
f 5794//2568 5795//2571 5793//2569
f 5795//2571 5796//2572 5793//2569
f 5795//2571 4386//2573 5796//2572
f 5793//2566 5796//2574 5786//2570
f 5794//2575 5797//2576 5795//2577
f 5797//2576 4391//2578 5795//2577
f 5797//2579 4392//2580 4391//2581
f 5795//2577 4391//2578 4386//2582
f 5786//2570 5796//2574 5791//2583
f 5796//2574 4388//2584 5791//2583
f 5796//2572 4386//2573 4388//2585
f 5791//2583 4388//2584 4389//2586
f 4392//2580 5797//2579 4397//2587
f 5797//2588 5798//2589 4397//2590
f 5797//2588 5794//2591 5798//2589
f 4397//2592 5798//2592 4396//2592
f 5794//2593 5799//2593 5798//2594
f 5799//2595 5800//2596 5798//2597
f 5799//2598 5801//2599 5800//2600
f 5798//2597 5800//2596 4396//2601
f 5794//2593 5792//2602 5799//2593
f 5792//2603 5802//2603 5799//2604
f 5792//2603 5789//2605 5802//2603
f 5799//2598 5802//2606 5801//2599
f 4396//2607 5800//2607 4398//2607
f 5800//2608 5803//2608 4398//2609
f 5800//2608 5801//2610 5803//2608
f 4398//2611 5803//2611 4242//2611
f 5789//2612 5804//2612 5802//2612
f 5804//2613 5805//2613 5802//2613
f 5804//2614 5806//2614 5805//2614
f 5802//2615 5805//2615 5801//2615
f 5806//2616 5807//2616 5805//2616
f 5807//2617 5808//2617 5805//2617
f 5807//2618 4472//2618 5808//2618
f 5805//2619 5808//2619 5801//2619
f 5806//2620 5809//2620 5807//2620
f 5809//2621 4469//2621 5807//2621
f 5809//2622 4417//2622 4469//2622
f 5807//2623 4469//2623 4472//2623
f 5801//2624 5808//2624 5803//2624
f 5808//2625 4476//2625 5803//2625
f 5808//2626 4472//2626 4476//2626
f 5803//2627 4476//2627 4242//2627
f 5810//2628 5811//2629 5812//2630
f 5811//2629 5813//2631 5812//2630
f 5811//2632 5814//2633 5813//2634
f 5812//2635 5813//2636 5815//2637
f 5814//2633 5816//2638 5813//2634
f 5816//2639 5817//2640 5813//2636
f 5816//2639 238//2641 5817//2640
f 5813//2636 5817//2640 5815//2637
f 5814//2642 5818//2643 5816//2644
f 5818//2643 242//2645 5816//2644
f 5818//2646 243//2646 242//2646
f 5816//2647 242//2647 238//2647
f 5815//2648 5817//2649 5819//2650
f 5817//2649 240//2651 5819//2650
f 5817//2652 238//2652 240//2652
f 5819//2653 240//2653 129//2653
f 5810//2654 5820//2654 5821//2654
f 5820//2655 5822//2655 5821//2655
f 5820//2656 5823//2656 5822//2656
f 5821//2657 5822//2657 5824//2657
f 5823//2658 5825//2658 5822//2658
f 5825//2659 5826//2659 5822//2659
f 5825//2660 5806//2660 5826//2660
f 5822//2661 5826//2661 5824//2661
f 5823//2662 5827//2662 5825//2662
f 5827//2663 5809//2663 5825//2663
f 5827//2664 4417//2664 5809//2664
f 5825//2665 5809//2665 5806//2665
f 5824//2666 5826//2666 5828//2666
f 5826//2667 5804//2667 5828//2667
f 5826//2668 5806//2668 5804//2668
f 5828//2669 5804//2669 5789//2669
f 4417//2670 5827//2670 5772//2670
f 5827//2671 5829//2671 5772//2671
f 5827//2672 5823//2672 5829//2672
f 5772//2673 5829//2673 5774//2673
f 5823//2674 5830//2674 5829//2674
f 5830//2675 5831//2675 5829//2675
f 5830//2676 5815//2676 5831//2676
f 5829//2677 5831//2677 5774//2677
f 5823//2678 5820//2678 5830//2678
f 5820//2679 5812//2679 5830//2679
f 5820//2680 5810//2680 5812//2680
f 5830//2681 5812//2681 5815//2681
f 5774//2682 5831//2682 5777//2682
f 5831//2683 5819//2683 5777//2683
f 5831//2684 5815//2684 5819//2684
f 5777//2685 5819//2685 129//2685
f 144//2686 252//2686 5832//2686
f 252//2687 5833//2688 5832//2689
f 252//2690 247//2690 5833//2690
f 5832//2689 5833//2688 5834//2691
f 247//2692 5835//2693 5833//2694
f 5835//2693 5836//2695 5833//2694
f 5835//2696 5814//2697 5836//2698
f 5833//2699 5836//2700 5834//2701
f 247//2702 244//2702 5835//2702
f 244//2703 5818//2704 5835//2705
f 244//2706 243//2706 5818//2706
f 5835//2705 5818//2704 5814//2707
f 5834//2701 5836//2700 5837//2708
f 5836//2709 5811//2710 5837//2711
f 5836//2698 5814//2697 5811//2712
f 5837//2711 5811//2710 5810//2713
f 5789//2714 5838//2714 5828//2714
f 5838//2715 5839//2715 5828//2715
f 5838//2716 5840//2716 5839//2716
f 5828//2717 5839//2717 5824//2717
f 5840//2718 5841//2718 5839//2718
f 5841//2719 5842//2719 5839//2719
f 5841//2720 5834//2720 5842//2720
f 5839//2721 5842//2721 5824//2721
f 5840//2722 5843//2722 5841//2722
f 5843//2723 5832//2723 5841//2723
f 5843//2724 144//2724 5832//2724
f 5841//2725 5832//2725 5834//2725
f 5824//2726 5842//2726 5821//2726
f 5842//2727 5837//2727 5821//2727
f 5842//2728 5834//2728 5837//2728
f 5821//2729 5837//2729 5810//2729
f 5778//2730 5844//2730 5779//2730
f 5844//2731 5845//2731 5779//2731
f 5844//2732 5846//2732 5845//2732
f 5779//2733 5845//2733 5782//2733
f 5846//2734 5847//2734 5845//2734
f 5847//2735 5848//2735 5845//2735
f 5847//2736 5840//2736 5848//2736
f 5845//2737 5848//2737 5782//2737
f 5846//2738 5849//2738 5847//2738
f 5849//2739 5843//2739 5847//2739
f 5849//2740 144//2740 5843//2740
f 5847//2741 5843//2741 5840//2741
f 5782//2742 5848//2742 5787//2742
f 5848//2743 5838//2743 5787//2743
f 5848//2744 5840//2744 5838//2744
f 5787//2745 5838//2745 5789//2745
f 144//2746 5849//2746 143//2746
f 5849//2746 5850//2747 143//2746
f 5849//2748 5846//2749 5850//2749
f 143//2746 5850//2747 141//2747
f 5846//2749 5851//2748 5850//2749
f 5851//2748 5852//2750 5850//2749
f 5851//2748 5853//2751 5852//2750
f 5850//2747 5852//2746 141//2747
f 5846//2752 5844//2753 5851//2754
f 5844//2753 5854//2754 5851//2754
f 5844//2755 5778//2755 5854//2755
f 5851//2754 5854//2754 5853//2753
f 141//2747 5852//2746 145//2746
f 5852//2746 5855//2756 145//2746
f 5852//2750 5853//2751 5855//2757
f 145//2746 5855//2756 30//2758
f 5669//2759 5856//2759 5768//2759
f 5856//2760 5857//2760 5768//2760
f 5856//2761 5858//2761 5857//2761
f 5768//2762 5857//2762 5765//2762
f 5858//2763 5859//2763 5857//2763
f 5859//2764 5860//2764 5857//2764
f 5859//2765 5783//2765 5860//2765
f 5857//2766 5860//2766 5765//2766
f 5858//2767 5861//2768 5859//2769
f 5861//2768 5780//2770 5859//2769
f 5861//2771 5778//2771 5780//2771
f 5859//2772 5780//2772 5783//2772
f 5765//2773 5860//2773 5763//2773
f 5860//2774 5790//2774 5763//2774
f 5860//2775 5783//2775 5790//2775
f 5763//2776 5790//2776 4389//2776
f 30//2777 5862//2777 28//2778
f 5862//2777 5863//2778 28//2778
f 5862//2779 5864//2780 5863//2781
f 28//2778 5863//2778 21//2777
f 5864//2780 5865//2782 5863//2781
f 5865//2783 5866//2783 5863//2783
f 5865//2784 5665//2784 5866//2784
f 5863//2785 5866//2786 21//2787
f 5864//2788 5867//2788 5865//2788
f 5867//2789 5668//2789 5865//2789
f 5867//2790 5669//2790 5668//2790
f 5865//2791 5668//2791 5665//2791
f 21//2787 5866//2786 18//2792
f 5866//2786 5666//2793 18//2792
f 5866//2794 5665//2794 5666//2794
f 18//2792 5666//2793 16//2795
f 30//2796 5855//2796 5862//2796
f 5855//2797 5868//2797 5862//2797
f 5855//2798 5853//2798 5868//2798
f 5862//2799 5868//2799 5864//2799
f 5853//2800 5869//2800 5868//2800
f 5869//2801 5870//2801 5868//2801
f 5869//2802 5858//2802 5870//2802
f 5868//2803 5870//2803 5864//2803
f 5853//2804 5854//2804 5869//2804
f 5854//2805 5861//2805 5869//2805
f 5854//2806 5778//2806 5861//2806
f 5869//2807 5861//2807 5858//2807
f 5864//2808 5870//2808 5867//2808
f 5870//2809 5856//2809 5867//2809
f 5870//2810 5858//2810 5856//2810
f 5867//2811 5856//2811 5669//2811
