# Blender 4.3.2
# www.blender.org
mtllib impeller_origin.mtl
o impeller
v -0.004445 -0.009513 0.007291
v -0.005304 -0.009062 0.005468
v -0.003580 -0.009871 0.005406
v -0.004449 -0.009511 0.003599
v -0.006117 -0.008534 0.003646
v -0.002629 -0.010166 0.003551
v -0.005237 -0.009101 0.001823
v -0.003479 -0.009907 0.001776
v -0.004304 -0.009577 0.000001
v -0.006879 -0.007933 0.001823
v -0.006054 -0.008579 0.000001
v -0.007581 -0.007265 0.000001
v -0.001577 -0.010381 0.001741
v -0.002395 -0.010223 0.000001
v -0.000399 -0.010492 0.000001
v -0.010500 0.000049 0.000001
v -0.010446 -0.001063 0.003751
v -0.010500 0.000000 0.003751
v -0.010446 -0.001063 0.007500
v -0.010285 -0.002115 0.007500
v -0.010500 0.000000 0.007500
v -0.010285 -0.002115 0.011250
v -0.010446 -0.001063 0.011250
v -0.010285 -0.002115 0.015000
v -0.010018 -0.003145 0.011250
v -0.010018 -0.003145 0.015000
v -0.009648 -0.004143 0.015000
v -0.010500 0.000000 0.011250
v -0.010446 -0.001063 0.015000
v -0.010500 0.000000 0.015000
v -0.005235 -0.009102 0.009198
v -0.006093 -0.008551 0.009218
v -0.006783 -0.008015 0.011133
v -0.005959 -0.008645 0.011121
v -0.007541 -0.007307 0.011145
v -0.007406 -0.007443 0.013061
v -0.008104 -0.006676 0.013073
v -0.008616 -0.006002 0.015000
v -0.006623 -0.008148 0.013056
v -0.007964 -0.006843 0.015000
v -0.007230 -0.007614 0.015000
v -0.008739 -0.005821 0.013073
v -0.009179 -0.005099 0.015000
v -0.008201 -0.006557 0.003751
v -0.008829 -0.005683 0.000001
v -0.009302 -0.004870 0.003751
v -0.008755 -0.005797 0.007500
v -0.009752 -0.003891 0.000001
v -0.009696 -0.004029 0.007500
v -0.010058 -0.003015 0.003751
v -0.009238 -0.004990 0.011250
v -0.010316 -0.001957 0.000001
v -0.007561 -0.007286 0.005573
v -0.006856 -0.007952 0.007396
v -0.008183 -0.006580 0.009323
v -0.004903 -0.007149 0.018242
v -0.006168 -0.006726 0.017431
v -0.005456 -0.007316 0.017431
v -0.006752 -0.006802 0.016621
v -0.007406 -0.006083 0.016621
v -0.006029 -0.007450 0.016621
v -0.008006 -0.006062 0.015810
v -0.007351 -0.006841 0.015810
v -0.008579 -0.005220 0.015810
v -0.006621 -0.007550 0.015810
v 0.003712 -0.009822 0.015000
v 0.005932 -0.008664 0.015000
v 0.003760 -0.008807 0.016635
v 0.005738 -0.007667 0.016635
v 0.007814 -0.007013 0.015000
v 0.003729 -0.007808 0.018270
v 0.007390 -0.006091 0.016635
v 0.005471 -0.006703 0.018270
v 0.006902 -0.005217 0.018270
v 0.009252 -0.004964 0.015000
v 0.008621 -0.004168 0.016635
v 0.010165 -0.002632 0.015000
v 0.003621 -0.006828 0.019904
v 0.005134 -0.005777 0.019904
v 0.003438 -0.005872 0.021539
v 0.001210 -0.009969 0.015810
v 0.001282 -0.010421 0.015000
v -0.001185 -0.009972 0.015810
v -0.001146 -0.009515 0.016621
v -0.001222 -0.010429 0.015000
v -0.003366 -0.008974 0.016621
v -0.003512 -0.009408 0.015810
v -0.005395 -0.007922 0.016621
v -0.003219 -0.008540 0.017431
v -0.005149 -0.007535 0.017431
v -0.003656 -0.009843 0.015000
v -0.005639 -0.008309 0.015810
v -0.005882 -0.008698 0.015000
v 0.001478 -0.008998 0.017445
v 0.001667 -0.008023 0.019080
v -0.000673 -0.008634 0.018256
v -0.000276 -0.007732 0.019891
v 0.001777 -0.007050 0.020715
v -0.002568 -0.007790 0.019066
v -0.005304 -0.007427 0.017431
v -0.005557 -0.007809 0.016621
v -0.005717 -0.007692 0.016621
v -0.005977 -0.008070 0.015810
v -0.005809 -0.008191 0.015810
v -0.006236 -0.008448 0.015000
v -0.006142 -0.007945 0.015810
v -0.006408 -0.008318 0.015000
v -0.006578 -0.008184 0.015000
v -0.006060 -0.008575 0.015000
v -0.006746 -0.008046 0.015000
v -0.006304 -0.007817 0.015810
v -0.006910 -0.007906 0.015000
v -0.005874 -0.007573 0.016621
v -0.006464 -0.007685 0.015810
v -0.007072 -0.007762 0.015000
v 0.000000 -0.002178 0.029728
v 0.000440 -0.003305 0.027681
v 0.000833 -0.002012 0.029728
v 0.001672 -0.002885 0.027681
v 0.001176 -0.004335 0.025634
v 0.001540 -0.001540 0.029728
v 0.002745 -0.003555 0.025634
v 0.002649 -0.002026 0.027681
v 0.003896 -0.002234 0.025634
v 0.002185 -0.005208 0.023586
v 0.004012 -0.003975 0.023586
v 0.002012 -0.000833 0.029728
v 0.003222 -0.000858 0.027681
v 0.002178 -0.000000 0.029728
v 0.005483 -0.003623 0.021952
v 0.006941 -0.002829 0.020317
v 0.005134 -0.001722 0.023999
v 0.006288 -0.000801 0.022364
v 0.008268 -0.001591 0.018682
v 0.004250 -0.000270 0.026046
v -0.008033 -0.002522 0.018682
v -0.008247 -0.001696 0.018682
v -0.006209 -0.001277 0.022364
v -0.006306 -0.000642 0.022364
v -0.008376 -0.000852 0.018682
v -0.006339 0.000000 0.022364
v -0.004236 -0.000431 0.026046
v -0.004258 0.000000 0.026046
v -0.002178 0.000000 0.029728
v -0.008419 0.000000 0.018682
v -0.003689 -0.000912 0.026856
v -0.005537 -0.001982 0.023174
v -0.004798 -0.002527 0.023985
v -0.007185 -0.003429 0.019492
v -0.006251 -0.004151 0.020303
v -0.005263 -0.004684 0.021113
v 0.004257 -0.000098 0.026046
v 0.004258 -0.000000 0.026046
v 0.006337 -0.000145 0.022364
v 0.006332 -0.000290 0.022364
v 0.006339 -0.000000 0.022364
v 0.008411 -0.000386 0.018682
v 0.008417 -0.000193 0.018682
v 0.010489 -0.000481 0.015000
v 0.008400 -0.000578 0.018682
v 0.010475 -0.000721 0.015000
v 0.010456 -0.000961 0.015000
v 0.008419 -0.000000 0.018682
v 0.010497 -0.000240 0.015000
v 0.010500 -0.000000 0.015000
v 0.010431 -0.001200 0.015000
v 0.008384 -0.000770 0.018682
v 0.010401 -0.001438 0.015000
v 0.006324 -0.000435 0.022364
v 0.008364 -0.000962 0.018682
v 0.006312 -0.000580 0.022364
v 0.004254 -0.000195 0.026046
v 0.010365 -0.001676 0.015000
v 0.008340 -0.001153 0.018682
v 0.010324 -0.001913 0.015000
v 0.010251 -0.002274 0.015000
v 0.008307 -0.001372 0.018682
v 0.010230 -0.002364 0.015000
v 0.008294 -0.001445 0.018682
v 0.006301 -0.000691 0.022364
v 0.010209 -0.002454 0.015000
v 0.006295 -0.000746 0.022364
v 0.008281 -0.001518 0.018682
v 0.004252 -0.000232 0.026046
v 0.010187 -0.002543 0.015000
v 0.006307 -0.000635 0.022364
v 0.008319 -0.001299 0.018682
v 0.008330 -0.001226 0.018682
v 0.010289 -0.002094 0.015000
v 0.010270 -0.002184 0.015000
v 0.010307 -0.002004 0.015000
v -0.003070 -0.006342 0.021113
v -0.003466 -0.004171 0.023985
v -0.001606 -0.005180 0.023985
v -0.001964 -0.003254 0.026856
v -0.003059 -0.002255 0.026856
v -0.001540 -0.001540 0.029728
v -0.000569 -0.003758 0.026856
v -0.000833 -0.002012 0.029728
v -0.002012 -0.000833 0.029728
v 0.000699 -0.006074 0.022762
v -0.000089 -0.004956 0.024809
v -0.001101 -0.006487 0.021938
v 0.010456 -0.000965 0.014530
v 0.010431 -0.001204 0.014530
v 0.010455 -0.000969 0.014061
v 0.010400 -0.001444 0.014529
v 0.010430 -0.001209 0.014060
v 0.010399 -0.001450 0.014059
v 0.010364 -0.001683 0.014529
v 0.010455 -0.000973 0.013591
v 0.010429 -0.001214 0.013589
v 0.010455 -0.000977 0.013121
v 0.010497 -0.000244 0.014530
v 0.010500 -0.000000 0.014065
v 0.010497 -0.000244 0.013595
v 0.010489 -0.000489 0.014061
v 0.010500 -0.000000 0.013129
v 0.010488 -0.000491 0.013124
v 0.010497 -0.000247 0.012658
v 0.010488 -0.000493 0.012187
v 0.010474 -0.000733 0.013591
v 0.010474 -0.000736 0.012654
v 0.010500 -0.000000 0.012194
v 0.010497 -0.000248 0.011722
v 0.010500 -0.000000 0.011259
v 0.010489 -0.000485 0.014530
v 0.010475 -0.000725 0.014530
v 0.010475 -0.000729 0.014061
v 0.001261 -0.000000 0.030659
v 0.001535 -0.000000 0.030474
v 0.001418 0.000587 0.030474
v 0.001646 0.000682 0.030254
v 0.001781 -0.000000 0.030254
v 0.001260 0.001260 0.030254
v 0.001845 0.000764 0.030004
v 0.001412 0.001412 0.030004
v 0.001540 0.001540 0.029728
v 0.001997 -0.000000 0.030004
v 0.002012 0.000833 0.029728
v 0.000764 0.001845 0.030004
v 0.000833 0.002012 0.029728
v 0.000000 0.002178 0.029728
v -0.000833 0.002012 0.029728
v -0.000764 0.001845 0.030004
v -0.001412 0.001412 0.030004
v -0.001540 0.001540 0.029728
v -0.001260 0.001260 0.030254
v -0.001845 0.000764 0.030004
v -0.001646 0.000682 0.030254
v -0.001781 0.000000 0.030254
v -0.002012 0.000833 0.029728
v -0.001997 0.000000 0.030004
v -0.001418 0.000587 0.030474
v -0.001535 0.000000 0.030474
v -0.001261 0.000000 0.030659
v 0.000000 0.000000 0.031000
v -0.000604 0.000250 0.030913
v -0.000330 0.000000 0.030978
v -0.000892 0.000370 0.030806
v -0.000892 0.000892 0.030659
v -0.000653 0.000000 0.030913
v -0.001085 0.001085 0.030474
v -0.001165 0.000483 0.030659
v -0.000682 0.001646 0.030254
v -0.000966 0.000000 0.030806
v 0.000330 -0.000000 0.030978
v 0.000370 0.000892 0.030806
v 0.000653 -0.000000 0.030913
v 0.001165 0.000483 0.030659
v 0.000000 0.001535 0.030474
v 0.000966 -0.000000 0.030806
v -0.001796 -0.010345 0.006191
v -0.000405 -0.010492 0.008393
v -0.002994 -0.010064 0.008329
v -0.001581 -0.010380 0.010558
v 0.000993 -0.010453 0.010595
v -0.004061 -0.009683 0.010521
v -0.000115 -0.010499 0.012798
v -0.002667 -0.010155 0.012761
v 0.002374 -0.010228 0.012798
v -0.005018 -0.009223 0.012749
v 0.005171 -0.009138 0.000001
v 0.006329 -0.008378 0.000001
v 0.006286 -0.008410 0.002019
v 0.007338 -0.007510 0.002019
v 0.007376 -0.007473 0.000001
v 0.007300 -0.007547 0.004037
v 0.008263 -0.006479 0.002019
v 0.008230 -0.006521 0.004037
v 0.009016 -0.005381 0.004037
v 0.008295 -0.006437 0.000001
v 0.009043 -0.005335 0.002019
v 0.009070 -0.005289 0.000001
v 0.008196 -0.006563 0.006055
v 0.008989 -0.005427 0.006055
v 0.008961 -0.005472 0.008073
v 0.005851 -0.008719 0.014949
v 0.007749 -0.007086 0.014949
v 0.007682 -0.007158 0.014898
v 0.009158 -0.005136 0.014898
v 0.009206 -0.005050 0.014949
v 0.010114 -0.002822 0.014898
v 0.009110 -0.005221 0.014847
v 0.010087 -0.002916 0.014847
v 0.010059 -0.003010 0.014796
v 0.010140 -0.002727 0.014949
v 0.010031 -0.003104 0.014745
v 0.009061 -0.005306 0.014797
v 0.010001 -0.003197 0.014695
v 0.007615 -0.007229 0.014848
v 0.009011 -0.005390 0.014746
v 0.007547 -0.007300 0.014797
v 0.005769 -0.008773 0.014899
v 0.009971 -0.003291 0.014645
v 0.008960 -0.005474 0.014696
v 0.009940 -0.003384 0.014594
v 0.009739 -0.003925 0.012964
v 0.010066 -0.002989 0.013726
v 0.009887 -0.003536 0.012096
v 0.009508 -0.004455 0.011334
v 0.010177 -0.002586 0.012859
v 0.009679 -0.004071 0.010468
v 0.010020 -0.003138 0.011230
v 0.009834 -0.003681 0.009602
v 0.009249 -0.004971 0.009703
v 0.009440 -0.004597 0.008837
v 0.010272 -0.002175 0.011994
v 0.010139 -0.002731 0.010366
v 0.010352 -0.001757 0.011131
v 0.007939 -0.006872 0.009805
v 0.008305 -0.006425 0.011435
v 0.006700 -0.008085 0.011536
v 0.008645 -0.005959 0.013065
v 0.007134 -0.007704 0.013167
v 0.005278 -0.009077 0.013268
v 0.009625 -0.004197 0.007982
v 0.009980 -0.003264 0.008746
v 0.010108 -0.002842 0.007891
v 0.010331 -0.001877 0.008652
v 0.010243 -0.002309 0.009507
v 0.010462 -0.000895 0.009413
v 0.010402 -0.001435 0.007800
v 0.010490 -0.000452 0.008559
v 0.010500 -0.000000 0.007709
v 0.010415 -0.001330 0.010270
v 0.010409 -0.001382 0.005782
v 0.010500 -0.000000 0.005782
v 0.010409 -0.001382 0.003855
v 0.010136 -0.002740 0.003855
v 0.010500 -0.000000 0.003855
v 0.010136 -0.002740 0.001928
v 0.010409 -0.001382 0.001928
v 0.010136 -0.002740 0.000001
v 0.009688 -0.004050 0.001928
v 0.009688 -0.004050 0.000001
v 0.010500 -0.000000 0.001928
v 0.010409 -0.001382 0.000001
v 0.010500 -0.000000 0.000001
v 0.010122 -0.002791 0.005873
v 0.009646 -0.004148 0.005964
v 0.009667 -0.004099 0.003946
v 0.004817 -0.009330 0.003751
v 0.003027 -0.010054 0.000709
v 0.002841 -0.010108 0.004875
v 0.004455 -0.009508 0.007500
v 0.001150 -0.010437 0.002250
v 0.002765 -0.010129 0.009048
v 0.001072 -0.010445 0.006423
v 0.004087 -0.009672 0.011250
v -0.000433 -0.010491 0.004140
v 0.005959 -0.008645 0.005769
v 0.007005 -0.007822 0.007787
v 0.005622 -0.008868 0.009518
v 0.025045 -0.020641 0.008969
v 0.025370 -0.020829 0.008969
v 0.025304 -0.020567 0.008969
v 0.025629 -0.020754 0.008969
v 0.025694 -0.021016 0.008969
v 0.025564 -0.020492 0.008969
v 0.025954 -0.020941 0.008969
v 0.025889 -0.020679 0.008969
v 0.026213 -0.020867 0.008969
v 0.026019 -0.021204 0.008969
v 0.026279 -0.021129 0.008969
v 0.026344 -0.021391 0.008969
v 0.025824 -0.020417 0.008969
v 0.026148 -0.020605 0.008969
v 0.026083 -0.020343 0.008969
v 0.030053 -0.011967 0.008969
v 0.030118 -0.012229 0.008969
v 0.030377 -0.012155 0.008969
v 0.030443 -0.012417 0.008969
v 0.030183 -0.012491 0.008969
v 0.030702 -0.012342 0.008969
v 0.030508 -0.012679 0.008969
v 0.030767 -0.012604 0.008969
v 0.030833 -0.012866 0.008969
v 0.030248 -0.012753 0.008969
v 0.030573 -0.012941 0.008969
v 0.030313 -0.013016 0.008969
v 0.031027 -0.012530 0.008969
v 0.031092 -0.012792 0.008969
v 0.031352 -0.012717 0.008969
v 0.029986 -0.012458 0.008969
v 0.030051 -0.012720 0.008969
v 0.029919 -0.012950 0.008969
v 0.029984 -0.013211 0.008969
v 0.030116 -0.012982 0.008969
v 0.030049 -0.013474 0.008969
v 0.029851 -0.013441 0.008969
v 0.029917 -0.013703 0.008969
v 0.029785 -0.013932 0.008969
v 0.030181 -0.013245 0.008969
v 0.030960 -0.013021 0.008969
v 0.030700 -0.013095 0.008969
v 0.030568 -0.013325 0.008969
v 0.030441 -0.013170 0.008969
v 0.030308 -0.013399 0.008969
v 0.030176 -0.013628 0.008969
v 0.025437 -0.020337 0.008969
v 0.025696 -0.020263 0.008969
v 0.025828 -0.020034 0.008969
v 0.025956 -0.020188 0.008969
v 0.026088 -0.019959 0.008969
v 0.026347 -0.019885 0.008969
v 0.026215 -0.020114 0.008969
v 0.026220 -0.019730 0.008969
v 0.026480 -0.019656 0.008969
v 0.026612 -0.019427 0.008969
v 0.028801 -0.014136 0.008969
v 0.029589 -0.013145 0.008969
v 0.028337 -0.015314 0.008969
v 0.027549 -0.016304 0.008969
v 0.029125 -0.014323 0.008969
v 0.027085 -0.017482 0.008969
v 0.027873 -0.016492 0.008969
v 0.026622 -0.018660 0.008969
v 0.026297 -0.018473 0.008969
v 0.025833 -0.019651 0.008969
v 0.028662 -0.015501 0.008969
v 0.027410 -0.017670 0.008969
v 0.028198 -0.016679 0.008969
v 0.030563 -0.013708 0.008969
v 0.030172 -0.014011 0.008969
v 0.029775 -0.014698 0.008969
v 0.029780 -0.014315 0.008969
v 0.029383 -0.015002 0.008969
v 0.028991 -0.015305 0.008969
v 0.029388 -0.014619 0.008969
v 0.028987 -0.015689 0.008969
v 0.028595 -0.015992 0.008969
v 0.030100 -0.014886 0.008969
v 0.029311 -0.015876 0.008969
v 0.028848 -0.017054 0.008969
v 0.028523 -0.016867 0.008969
v 0.028059 -0.018045 0.008969
v 0.027271 -0.019035 0.008969
v 0.027735 -0.017857 0.008969
v 0.027596 -0.019223 0.008969
v 0.026807 -0.020213 0.008969
v 0.029522 -0.013636 0.008969
v 0.029058 -0.014814 0.008969
v 0.029455 -0.014127 0.008969
v 0.026411 -0.020900 0.008969
v 0.026874 -0.019722 0.008969
v 0.026478 -0.020409 0.008969
v 0.027338 -0.018544 0.008969
v 0.026942 -0.019231 0.008969
v 0.027405 -0.018053 0.008969
v 0.027802 -0.017366 0.008969
v 0.026545 -0.019918 0.008969
v 0.027009 -0.018740 0.008969
v 0.026346 -0.020638 0.008969
v 0.026413 -0.020147 0.008969
v 0.026280 -0.020376 0.008969
v 0.026225 -0.019347 0.008969
v 0.026617 -0.019043 0.008969
v 0.027013 -0.018357 0.008969
v 0.030501 -0.011190 0.007045
v 0.029249 -0.013359 0.007045
v 0.030950 -0.010413 0.005121
v 0.029698 -0.012581 0.005121
v 0.027997 -0.015527 0.007045
v 0.028446 -0.014750 0.005121
v 0.031399 -0.009636 0.003196
v 0.030147 -0.011804 0.003196
v 0.031847 -0.008859 0.001272
v 0.026745 -0.017695 0.007045
v 0.025265 -0.020634 0.008904
v 0.025590 -0.020822 0.008904
v 0.025486 -0.020627 0.008838
v 0.025811 -0.020815 0.008838
v 0.025915 -0.021009 0.008904
v 0.026135 -0.021002 0.008838
v 0.025706 -0.020620 0.008772
v 0.026031 -0.020808 0.008772
v 0.025927 -0.020613 0.008706
v 0.026240 -0.021197 0.008904
v 0.032172 -0.009046 0.001272
v 0.031951 -0.009053 0.001338
v 0.032276 -0.009241 0.001338
v 0.032497 -0.009234 0.001272
v 0.032056 -0.009248 0.001404
v 0.032601 -0.009428 0.001338
v 0.032380 -0.009435 0.001404
v 0.032705 -0.009623 0.001404
v 0.032822 -0.009421 0.001272
v 0.032926 -0.009616 0.001338
v 0.033146 -0.009609 0.001272
v 0.032160 -0.009442 0.001469
v 0.032485 -0.009630 0.001469
v 0.032264 -0.009637 0.001535
v 0.032850 -0.009748 0.001424
v 0.032629 -0.009755 0.001490
v 0.032553 -0.009887 0.001576
v 0.032332 -0.009894 0.001642
v 0.032408 -0.009762 0.001556
v 0.032112 -0.009901 0.001708
v 0.032256 -0.010026 0.001728
v 0.032035 -0.010033 0.001794
v 0.031959 -0.010165 0.001880
v 0.032188 -0.009769 0.001622
v 0.026316 -0.021065 0.008817
v 0.026212 -0.020870 0.008752
v 0.026288 -0.020738 0.008665
v 0.026107 -0.020676 0.008686
v 0.026184 -0.020544 0.008599
v 0.026079 -0.020349 0.008534
v 0.026003 -0.020481 0.008620
v 0.026260 -0.020412 0.008513
v 0.026156 -0.020217 0.008447
v 0.026232 -0.020085 0.008361
v 0.031694 -0.009500 0.001629
v 0.031159 -0.010425 0.002234
v 0.031006 -0.011066 0.002592
v 0.031540 -0.010141 0.001987
v 0.030472 -0.011992 0.003196
v 0.030852 -0.011707 0.002949
v 0.030318 -0.012633 0.003554
v 0.030164 -0.013274 0.003911
v 0.031387 -0.010781 0.002344
v 0.030699 -0.012348 0.003307
v 0.031233 -0.011423 0.002702
v 0.029784 -0.013558 0.004159
v 0.029630 -0.014199 0.004516
v 0.029096 -0.015125 0.005121
v 0.031875 -0.009185 0.001424
v 0.031722 -0.009826 0.001782
v 0.031903 -0.009512 0.001576
v 0.031750 -0.010153 0.001934
v 0.031568 -0.010467 0.002139
v 0.031596 -0.010794 0.002291
v 0.031931 -0.009838 0.001728
v 0.031778 -0.010479 0.002086
v 0.031415 -0.011108 0.002496
v 0.026058 -0.019262 0.008007
v 0.027758 -0.016316 0.006083
v 0.027070 -0.017883 0.007045
v 0.029459 -0.013371 0.004159
v 0.028771 -0.014937 0.005121
v 0.028083 -0.016504 0.006083
v 0.026497 -0.020750 0.008612
v 0.026469 -0.020424 0.008460
v 0.026651 -0.020109 0.008254
v 0.026441 -0.020097 0.008308
v 0.026623 -0.019783 0.008102
v 0.026595 -0.019456 0.007950
v 0.026413 -0.019771 0.008156
v 0.026804 -0.019468 0.007897
v 0.026776 -0.019142 0.007745
v 0.026958 -0.018827 0.007539
v 0.025523 -0.020188 0.008612
v 0.025341 -0.020502 0.008817
v 0.025820 -0.020049 0.008460
v 0.026001 -0.019734 0.008254
v 0.025638 -0.020363 0.008665
v 0.026298 -0.019595 0.008102
v 0.026117 -0.019910 0.008308
v 0.026480 -0.019281 0.007897
v 0.025935 -0.020224 0.008513
v 0.027032 -0.019825 0.008007
v 0.028044 -0.018445 0.007045
v 0.028732 -0.016879 0.006083
v 0.027720 -0.018258 0.007045
v 0.029745 -0.015500 0.005121
v 0.029420 -0.015312 0.005121
v 0.030433 -0.013933 0.004159
v 0.031121 -0.012367 0.003196
v 0.028408 -0.016692 0.006083
v 0.030108 -0.013746 0.004159
v 0.031446 -0.012554 0.003196
v 0.032134 -0.010988 0.002234
v 0.032668 -0.010062 0.001629
v 0.031655 -0.011441 0.002592
v 0.032190 -0.010516 0.001987
v 0.030643 -0.012820 0.003554
v 0.031177 -0.011895 0.002949
v 0.031712 -0.010969 0.002344
v 0.031980 -0.009380 0.001490
v 0.032084 -0.009574 0.001556
v 0.032008 -0.009706 0.001642
v 0.032371 -0.010201 0.001782
v 0.031893 -0.010655 0.002139
v 0.032075 -0.010340 0.001934
v 0.026536 -0.018809 0.007650
v 0.027548 -0.017430 0.006688
v 0.027014 -0.018355 0.007292
v 0.028027 -0.016976 0.006330
v 0.028561 -0.016051 0.005725
v 0.027492 -0.017902 0.006935
v 0.025562 -0.020495 0.008752
v 0.025859 -0.020356 0.008599
v 0.025783 -0.020488 0.008686
v 0.027185 -0.019184 0.007650
v 0.027339 -0.018543 0.007292
v 0.027873 -0.017617 0.006688
v 0.037364 -0.019182 0.003046
v 0.037364 -0.019182 0.003477
v 0.036846 -0.020078 0.003632
v 0.036846 -0.020078 0.004062
v 0.037364 -0.019182 0.003908
v 0.036329 -0.020975 0.004217
v 0.036846 -0.020078 0.004493
v 0.036329 -0.020975 0.004648
v 0.036329 -0.020975 0.005079
v 0.037364 -0.019182 0.004339
v 0.036846 -0.020078 0.004924
v 0.037364 -0.019182 0.004769
v 0.035811 -0.021871 0.004803
v 0.035811 -0.021871 0.005234
v 0.035294 -0.022767 0.005388
v 0.036846 -0.020078 0.005355
v 0.036329 -0.020975 0.005510
v 0.036329 -0.020975 0.005941
v 0.035811 -0.021871 0.006095
v 0.035811 -0.021871 0.005664
v 0.035294 -0.022767 0.006250
v 0.035811 -0.021871 0.006526
v 0.035294 -0.022767 0.006681
v 0.035294 -0.022767 0.007112
v 0.035294 -0.022767 0.005819
v 0.034909 -0.023354 0.007076
v 0.034909 -0.023354 0.006646
v 0.034514 -0.023933 0.007041
v 0.034514 -0.023933 0.006611
v 0.034909 -0.023353 0.006215
v 0.034514 -0.023933 0.006180
v 0.034109 -0.024506 0.007006
v 0.034109 -0.024506 0.006576
v 0.033695 -0.025073 0.006970
v 0.034909 -0.023353 0.005784
v 0.034961 -0.023276 0.007455
v 0.034567 -0.023856 0.007420
v 0.034620 -0.023779 0.007798
v 0.034218 -0.024354 0.007763
v 0.034164 -0.024431 0.007384
v 0.033806 -0.024922 0.007727
v 0.034272 -0.024278 0.008141
v 0.033862 -0.024847 0.008105
v 0.033917 -0.024772 0.008483
v 0.033751 -0.024998 0.007349
v 0.032185 -0.026984 0.009196
v 0.032632 -0.026442 0.009018
v 0.032245 -0.026912 0.009359
v 0.032691 -0.026369 0.009181
v 0.033069 -0.025892 0.008839
v 0.032305 -0.026840 0.009522
v 0.033127 -0.025818 0.009003
v 0.032750 -0.026296 0.009344
v 0.033185 -0.025744 0.009167
v 0.033498 -0.025336 0.008661
v 0.033555 -0.025260 0.008825
v 0.032365 -0.026768 0.009685
v 0.032808 -0.026223 0.009508
v 0.032424 -0.026696 0.009848
v 0.033328 -0.025559 0.007527
v 0.033271 -0.025633 0.007365
v 0.032896 -0.026113 0.007921
v 0.032954 -0.026039 0.008083
v 0.032838 -0.026186 0.007758
v 0.032513 -0.026587 0.008476
v 0.032454 -0.026659 0.008314
v 0.032064 -0.027128 0.008869
v 0.032573 -0.026515 0.008639
v 0.032124 -0.027056 0.009032
v 0.032395 -0.026732 0.008151
v 0.032003 -0.027199 0.008706
v 0.031942 -0.027270 0.008543
v 0.033441 -0.025410 0.008283
v 0.033012 -0.025966 0.008461
v 0.033385 -0.025485 0.007905
v 0.032200 -0.026568 0.009847
v 0.032251 -0.026674 0.009728
v 0.032027 -0.026546 0.009727
v 0.031976 -0.026439 0.009845
v 0.032078 -0.026653 0.009608
v 0.031803 -0.026418 0.009725
v 0.031854 -0.026525 0.009606
v 0.031629 -0.026396 0.009605
v 0.031752 -0.026311 0.009843
v 0.031578 -0.026289 0.009723
v 0.031528 -0.026183 0.009842
v 0.031904 -0.026631 0.009488
v 0.031680 -0.026503 0.009486
v 0.031731 -0.026610 0.009368
v 0.030951 -0.026316 0.009128
v 0.031146 -0.026389 0.009188
v 0.031095 -0.026283 0.009306
v 0.031290 -0.026356 0.009366
v 0.031341 -0.026463 0.009248
v 0.031239 -0.026249 0.009485
v 0.031485 -0.026430 0.009426
v 0.031434 -0.026323 0.009545
v 0.031536 -0.026536 0.009308
v 0.031383 -0.026216 0.009663
v 0.032191 -0.026747 0.009565
v 0.032018 -0.026725 0.009445
v 0.032131 -0.026819 0.009402
v 0.031958 -0.026797 0.009282
v 0.031845 -0.026703 0.009325
v 0.032071 -0.026890 0.009239
v 0.025567 -0.022737 0.009848
v 0.025475 -0.022897 0.009522
v 0.025644 -0.022888 0.009685
v 0.025552 -0.023048 0.009358
v 0.025382 -0.023057 0.009196
v 0.025721 -0.023040 0.009521
v 0.025459 -0.023208 0.009032
v 0.025629 -0.023200 0.009195
v 0.025536 -0.023359 0.008868
v 0.025290 -0.023217 0.008869
v 0.025367 -0.023368 0.008706
v 0.025198 -0.023376 0.008543
v 0.025798 -0.023191 0.009357
v 0.025706 -0.023351 0.009031
v 0.025875 -0.023343 0.009194
v 0.031885 -0.027162 0.008659
v 0.031945 -0.027090 0.008822
v 0.031827 -0.027053 0.008774
v 0.032006 -0.027019 0.008985
v 0.031888 -0.026981 0.008937
v 0.031948 -0.026910 0.009101
v 0.032066 -0.026947 0.009148
v 0.031769 -0.026944 0.008890
v 0.031830 -0.026872 0.009053
v 0.031711 -0.026835 0.009006
v 0.031141 -0.026446 0.009097
v 0.031336 -0.026519 0.009157
v 0.031331 -0.026575 0.009067
v 0.031526 -0.026649 0.009127
v 0.031531 -0.026593 0.009217
v 0.031721 -0.026722 0.009187
v 0.031521 -0.026705 0.009036
v 0.031716 -0.026779 0.009096
v 0.031726 -0.026666 0.009277
v 0.031953 -0.026853 0.009191
v 0.031840 -0.026760 0.009234
v 0.031835 -0.026816 0.009144
v 0.026594 -0.023383 0.009767
v 0.027057 -0.023598 0.009847
v 0.028084 -0.024245 0.009765
v 0.027621 -0.024030 0.009685
v 0.028547 -0.024460 0.009845
v 0.029112 -0.024891 0.009683
v 0.029575 -0.025106 0.009763
v 0.030602 -0.025753 0.009681
v 0.028649 -0.024676 0.009603
v 0.030139 -0.025538 0.009601
v 0.029676 -0.025323 0.009521
v 0.030037 -0.025321 0.009843
v 0.031065 -0.025968 0.009761
v 0.030710 -0.025706 0.009848
v 0.030486 -0.025578 0.009847
v 0.028996 -0.024716 0.009848
v 0.028771 -0.024588 0.009847
v 0.030262 -0.025449 0.009845
v 0.027281 -0.023727 0.009848
v 0.026333 -0.023294 0.009672
v 0.027360 -0.023941 0.009590
v 0.027099 -0.023852 0.009495
v 0.028127 -0.024499 0.009413
v 0.028388 -0.024588 0.009508
v 0.029154 -0.025145 0.009331
v 0.027865 -0.024410 0.009318
v 0.028893 -0.025057 0.009236
v 0.028632 -0.024968 0.009142
v 0.029415 -0.025234 0.009426
v 0.029211 -0.025305 0.009138
v 0.029473 -0.025394 0.009233
v 0.029791 -0.025642 0.009135
v 0.030052 -0.025731 0.009230
v 0.029733 -0.025482 0.009328
v 0.030313 -0.025819 0.009324
v 0.030371 -0.025979 0.009131
v 0.030632 -0.026068 0.009226
v 0.029995 -0.025571 0.009423
v 0.025820 -0.022991 0.009683
v 0.026586 -0.023549 0.009506
v 0.026073 -0.023245 0.009518
v 0.026839 -0.023803 0.009341
v 0.027352 -0.024107 0.009330
v 0.027605 -0.024361 0.009164
v 0.026326 -0.023499 0.009352
v 0.027092 -0.024057 0.009175
v 0.026579 -0.023753 0.009187
v 0.028119 -0.024664 0.009153
v 0.025543 -0.023471 0.008704
v 0.025712 -0.023462 0.008867
v 0.025888 -0.023565 0.008865
v 0.026058 -0.023556 0.009027
v 0.025882 -0.023454 0.009029
v 0.026227 -0.023548 0.009190
v 0.026233 -0.023659 0.009026
v 0.026403 -0.023651 0.009188
v 0.026051 -0.023445 0.009192
v 0.026056 -0.023774 0.008693
v 0.026401 -0.023868 0.008854
v 0.026915 -0.024172 0.008842
v 0.027260 -0.024266 0.009003
v 0.026747 -0.023963 0.009014
v 0.027773 -0.024570 0.008992
v 0.031115 -0.026695 0.008693
v 0.030256 -0.026297 0.008543
v 0.029429 -0.025721 0.008693
v 0.030287 -0.026119 0.008842
v 0.028570 -0.025323 0.008543
v 0.028601 -0.025146 0.008842
v 0.027742 -0.024748 0.008693
v 0.029459 -0.025544 0.008992
v 0.026884 -0.024350 0.008543
v 0.025897 -0.023142 0.009519
v 0.025974 -0.023294 0.009356
v 0.026150 -0.023396 0.009354
v 0.031694 -0.027032 0.008689
v 0.030867 -0.026456 0.008839
v 0.031447 -0.026793 0.008835
v 0.030619 -0.026217 0.008985
v 0.030039 -0.025881 0.008988
v 0.031198 -0.026555 0.008982
v 0.031637 -0.026923 0.008805
v 0.031579 -0.026814 0.008920
v 0.031389 -0.026684 0.008951
v 0.030457 -0.025786 0.009503
v 0.030776 -0.026034 0.009405
v 0.030920 -0.026001 0.009583
v 0.032846 -0.010128 0.003446
v 0.032698 -0.010386 0.003196
v 0.032398 -0.010906 0.005371
v 0.032546 -0.010648 0.005621
v 0.032249 -0.011163 0.005121
v 0.032098 -0.011425 0.007545
v 0.031949 -0.011683 0.007295
v 0.031649 -0.012203 0.009469
v 0.032246 -0.011168 0.007795
v 0.031797 -0.011945 0.009719
v 0.031946 -0.011688 0.009969
v 0.031800 -0.011940 0.007045
v 0.031500 -0.012460 0.009219
v 0.034270 -0.007663 0.000001
v 0.033689 -0.008669 0.002493
v 0.033989 -0.008149 0.000319
v 0.033408 -0.009155 0.002811
v 0.033108 -0.009675 0.004985
v 0.033708 -0.008636 0.000636
v 0.032827 -0.010162 0.005303
v 0.033127 -0.009642 0.003129
v 0.032527 -0.010681 0.007477
v 0.033427 -0.009122 0.000954
v 0.030997 -0.013331 0.005121
v 0.030548 -0.014109 0.007045
v 0.029296 -0.016277 0.007045
v 0.031330 -0.012754 0.009061
v 0.031479 -0.012497 0.009311
v 0.031309 -0.012791 0.009152
v 0.031628 -0.012239 0.009561
v 0.031458 -0.012534 0.009402
v 0.031606 -0.012276 0.009652
v 0.031776 -0.011982 0.009811
v 0.031288 -0.012828 0.009244
v 0.031436 -0.012571 0.009494
v 0.031266 -0.012865 0.009335
v 0.010296 -0.002726 0.014949
v 0.010271 -0.002821 0.014898
v 0.010428 -0.002820 0.014897
v 0.010244 -0.002915 0.014847
v 0.010401 -0.002914 0.014846
v 0.010375 -0.003008 0.014795
v 0.010217 -0.003009 0.014796
v 0.010559 -0.002913 0.014846
v 0.010533 -0.003007 0.014795
v 0.010691 -0.003007 0.014794
v 0.011545 -0.002618 0.015000
v 0.011331 -0.002715 0.014949
v 0.011587 -0.002848 0.014875
v 0.011374 -0.002945 0.014824
v 0.011118 -0.002812 0.014897
v 0.011629 -0.003078 0.014750
v 0.011160 -0.003042 0.014772
v 0.011416 -0.003175 0.014699
v 0.011202 -0.003272 0.014647
v 0.010904 -0.002909 0.014846
v 0.010947 -0.003139 0.014721
v 0.011672 -0.003308 0.014625
v 0.011458 -0.003405 0.014574
v 0.011714 -0.003538 0.014501
v 0.020603 -0.008124 0.011965
v 0.022060 -0.008587 0.011706
v 0.020889 -0.007881 0.012095
v 0.022345 -0.008344 0.011836
v 0.023516 -0.009050 0.011447
v 0.021174 -0.007639 0.012225
v 0.023802 -0.008807 0.011577
v 0.022631 -0.008101 0.011966
v 0.024087 -0.008564 0.011707
v 0.024972 -0.009512 0.011188
v 0.025258 -0.009269 0.011318
v 0.026429 -0.009975 0.010929
v 0.021460 -0.007396 0.012355
v 0.022916 -0.007858 0.012096
v 0.021746 -0.007153 0.012485
v 0.019309 -0.007369 0.012381
v 0.019595 -0.007126 0.012511
v 0.018015 -0.006614 0.012798
v 0.019880 -0.006884 0.012641
v 0.018301 -0.006371 0.012928
v 0.018586 -0.006129 0.013058
v 0.020166 -0.006641 0.012771
v 0.016721 -0.005859 0.013214
v 0.017007 -0.005616 0.013344
v 0.015427 -0.005104 0.013631
v 0.011312 -0.003814 0.014353
v 0.010383 -0.003422 0.014571
v 0.011755 -0.003852 0.014330
v 0.012683 -0.004244 0.014112
v 0.010827 -0.003461 0.014547
v 0.013127 -0.004283 0.014089
v 0.012199 -0.003891 0.014307
v 0.013570 -0.004321 0.014066
v 0.014055 -0.004674 0.013872
v 0.014499 -0.004713 0.013848
v 0.011270 -0.003499 0.014524
v 0.012642 -0.003929 0.014283
v 0.010510 -0.002629 0.015000
v 0.010641 -0.002722 0.014949
v 0.010855 -0.002625 0.015000
v 0.010773 -0.002816 0.014897
v 0.010986 -0.002719 0.014949
v 0.011200 -0.002622 0.015000
v 0.030057 -0.012142 0.009734
v 0.028601 -0.011680 0.009993
v 0.027391 -0.010957 0.010391
v 0.028848 -0.011420 0.010132
v 0.025935 -0.010495 0.010650
v 0.026182 -0.010235 0.010790
v 0.024725 -0.009772 0.011049
v 0.027638 -0.010697 0.010531
v 0.023269 -0.009310 0.011308
v 0.012516 -0.003240 0.014658
v 0.014095 -0.003752 0.014371
v 0.015066 -0.004373 0.014029
v 0.013486 -0.003861 0.014315
v 0.016645 -0.004885 0.013742
v 0.016036 -0.004995 0.013686
v 0.017616 -0.005507 0.013400
v 0.014457 -0.004483 0.013973
v 0.019196 -0.006019 0.013113
v 0.029396 -0.010554 0.010598
v 0.030567 -0.011259 0.010209
v 0.028017 -0.010126 0.010838
v 0.026846 -0.009420 0.011227
v 0.029188 -0.010831 0.010449
v 0.025466 -0.008992 0.011467
v 0.026637 -0.009697 0.011078
v 0.024296 -0.008287 0.011856
v 0.027808 -0.010403 0.010689
v 0.012606 -0.004569 0.013937
v 0.013977 -0.004999 0.013696
v 0.015271 -0.005754 0.013280
v 0.016643 -0.006184 0.013039
v 0.015349 -0.005429 0.013455
v 0.017937 -0.006939 0.012622
v 0.030397 -0.011554 0.010051
v 0.029018 -0.011126 0.010291
v 0.030227 -0.011848 0.009892
v 0.010128 -0.003289 0.014644
v 0.010158 -0.003196 0.014695
v 0.010315 -0.003195 0.014694
v 0.010345 -0.003102 0.014745
v 0.010188 -0.003103 0.014745
v 0.010503 -0.003101 0.014744
v 0.012558 -0.003469 0.014533
v 0.012600 -0.003699 0.014408
v 0.013528 -0.004091 0.014190
v 0.010571 -0.003328 0.014621
v 0.011015 -0.003367 0.014597
v 0.010759 -0.003234 0.014671
v 0.002070 0.041949 0.009821
v 0.002070 0.041949 0.009345
v 0.001035 0.041949 0.009012
v 0.001035 0.041949 0.008536
v 0.002070 0.041949 0.008869
v 0.000000 0.041949 0.008203
v 0.001035 0.041949 0.008060
v 0.000000 0.041949 0.007728
v 0.000000 0.041949 0.007252
v 0.002070 0.041949 0.008393
v 0.001035 0.041949 0.007585
v 0.002070 0.041949 0.007917
v -0.001035 0.041949 0.007395
v -0.001035 0.041949 0.006919
v -0.002070 0.041949 0.006586
v 0.001035 0.041949 0.007109
v -0.000000 0.041949 0.006776
v -0.000000 0.041949 0.006300
v -0.001035 0.041949 0.005967
v -0.001035 0.041949 0.006443
v -0.002070 0.041949 0.005634
v -0.001035 0.041949 0.005491
v -0.002070 0.041949 0.005159
v -0.002070 0.041949 0.004683
v -0.002070 0.041949 0.006110
v 0.002586 0.041920 0.009747
v 0.002586 0.041920 0.009271
v 0.003101 0.041885 0.009674
v 0.003101 0.041885 0.009198
v 0.002586 0.041920 0.008796
v 0.003101 0.041885 0.008722
v 0.003616 0.041844 0.009600
v 0.003615 0.041844 0.009125
v 0.004130 0.041796 0.009527
v 0.002585 0.041920 0.008320
v 0.002470 0.041927 0.010133
v 0.002985 0.041894 0.010059
v 0.002869 0.041902 0.010445
v 0.003384 0.041863 0.010371
v 0.003500 0.041854 0.009986
v 0.003898 0.041819 0.010297
v 0.003268 0.041873 0.010757
v 0.003783 0.041829 0.010683
v 0.003667 0.041840 0.011068
v 0.004014 0.041808 0.009912
v 0.005722 0.041608 0.011722
v 0.005209 0.041676 0.011559
v 0.005607 0.041624 0.011870
v 0.005094 0.041690 0.011706
v 0.004696 0.041737 0.011395
v 0.005491 0.041639 0.012018
v 0.004580 0.041749 0.011543
v 0.004978 0.041704 0.011854
v 0.004464 0.041762 0.011691
v 0.004182 0.041791 0.011232
v 0.004066 0.041803 0.011380
v 0.005376 0.041655 0.012165
v 0.004862 0.041718 0.012002
v 0.005260 0.041669 0.012313
v 0.004529 0.041755 0.010076
v 0.004644 0.041742 0.009928
v 0.005042 0.041696 0.010477
v 0.004927 0.041710 0.010624
v 0.005158 0.041682 0.010330
v 0.005440 0.041646 0.011025
v 0.005556 0.041631 0.010878
v 0.005953 0.041576 0.011427
v 0.005325 0.041661 0.011173
v 0.005838 0.041592 0.011574
v 0.005671 0.041615 0.010731
v 0.006068 0.041559 0.011279
v 0.006184 0.041542 0.011131
v 0.004297 0.041779 0.010846
v 0.004811 0.041724 0.011010
v 0.004413 0.041768 0.010461
v 0.005335 0.041442 0.012217
v 0.005451 0.041427 0.012070
v 0.005410 0.041215 0.012122
v 0.005525 0.041200 0.011974
v 0.005566 0.041412 0.011922
v 0.005641 0.041185 0.011826
v 0.005485 0.040988 0.012026
v 0.005600 0.040973 0.011878
v 0.005560 0.040761 0.011930
v 0.005681 0.041396 0.011774
v 0.006091 0.041411 0.011250
v 0.005976 0.041428 0.011397
v 0.005999 0.041279 0.011368
v 0.005860 0.041444 0.011545
v 0.005883 0.041296 0.011516
v 0.005768 0.041313 0.011664
v 0.005745 0.041460 0.011693
v 0.005906 0.041148 0.011487
v 0.005791 0.041164 0.011634
v 0.005813 0.041017 0.011605
v 0.005704 0.041249 0.011745
v 0.005664 0.041037 0.011797
v 0.005727 0.041101 0.011716
v 0.005687 0.040889 0.011768
v 0.005623 0.040825 0.011849
v 0.005750 0.040953 0.011686
v 0.005260 0.033510 0.012313
v 0.005491 0.033510 0.012018
v 0.005376 0.033658 0.012165
v 0.005607 0.033658 0.011870
v 0.005722 0.033510 0.011722
v 0.005492 0.033806 0.012017
v 0.005838 0.033658 0.011574
v 0.005723 0.033806 0.011721
v 0.005954 0.033806 0.011426
v 0.005953 0.033510 0.011427
v 0.006069 0.033658 0.011278
v 0.006184 0.033510 0.011131
v 0.005608 0.033955 0.011869
v 0.005838 0.033955 0.011573
v 0.005723 0.034103 0.011720
v 0.005789 0.040134 0.011637
v 0.005795 0.040355 0.011629
v 0.005732 0.040291 0.011710
v 0.005738 0.040511 0.011702
v 0.005801 0.040575 0.011621
v 0.005674 0.040447 0.011783
v 0.005744 0.040732 0.011694
v 0.005680 0.040668 0.011775
v 0.005807 0.040796 0.011613
v 0.005617 0.040604 0.011857
v 0.005377 0.033868 0.012164
v 0.005385 0.034482 0.012154
v 0.005502 0.034840 0.012004
v 0.005494 0.034226 0.012014
v 0.005509 0.035455 0.011994
v 0.005619 0.035198 0.011854
v 0.005626 0.035813 0.011844
v 0.005743 0.036171 0.011695
v 0.005611 0.034584 0.011864
v 0.005736 0.035556 0.011705
v 0.005728 0.034942 0.011714
v 0.005634 0.036427 0.011835
v 0.005751 0.036785 0.011685
v 0.005759 0.037399 0.011675
v 0.006085 0.041190 0.011258
v 0.005992 0.041059 0.011376
v 0.005986 0.040838 0.011384
v 0.005900 0.040927 0.011494
v 0.005894 0.040707 0.011502
v 0.005888 0.040486 0.011510
v 0.005493 0.034016 0.012015
v 0.005609 0.034164 0.011867
v 0.005610 0.034374 0.011866
v 0.005726 0.034522 0.011717
v 0.005724 0.034312 0.011719
v 0.005727 0.034732 0.011716
v 0.006077 0.040507 0.011267
v 0.005979 0.040155 0.011394
v 0.005971 0.039471 0.011403
v 0.005880 0.039802 0.011520
v 0.005872 0.039119 0.011530
v 0.005774 0.038767 0.011656
v 0.005781 0.039450 0.011646
v 0.005865 0.038435 0.011539
v 0.005766 0.038083 0.011666
v 0.005689 0.037810 0.011765
v 0.005696 0.038494 0.011755
v 0.005619 0.038221 0.011854
v 0.005704 0.039177 0.011745
v 0.005626 0.038905 0.011844
v 0.005634 0.039588 0.011835
v 0.005711 0.039861 0.011736
v 0.005549 0.038632 0.011944
v 0.005557 0.039316 0.011934
v 0.005479 0.039043 0.012033
v 0.006070 0.033868 0.011277
v 0.005955 0.034016 0.011424
v 0.005956 0.034226 0.011423
v 0.005841 0.034374 0.011570
v 0.005840 0.034164 0.011572
v 0.005842 0.034584 0.011569
v 0.005315 0.041013 0.012243
v 0.005390 0.040785 0.012147
v 0.005370 0.040356 0.012173
v 0.005444 0.040129 0.012077
v 0.005465 0.040558 0.012052
v 0.005519 0.039902 0.011982
v 0.005424 0.039699 0.012103
v 0.005499 0.039472 0.012007
v 0.005540 0.040331 0.011956
v 0.006077 0.034482 0.011267
v 0.005964 0.034840 0.011413
v 0.005971 0.035455 0.011403
v 0.005857 0.035813 0.011549
v 0.005850 0.035198 0.011559
v 0.005865 0.036427 0.011539
v 0.006184 0.039534 0.011131
v 0.006077 0.038498 0.011267
v 0.006184 0.037526 0.011131
v 0.005971 0.037463 0.011403
v 0.006077 0.036490 0.011267
v 0.006184 0.035518 0.011131
v 0.005260 0.039629 0.012313
v 0.005315 0.038973 0.012243
v 0.005260 0.037590 0.012313
v 0.005315 0.036933 0.012243
v 0.005370 0.038316 0.012173
v 0.005370 0.036276 0.012173
v 0.005260 0.035550 0.012313
v 0.005315 0.034893 0.012243
v 0.005424 0.037660 0.012103
v 0.005440 0.035866 0.012084
v 0.005564 0.036838 0.011924
v 0.005494 0.037249 0.012014
v 0.005577 0.039745 0.011908
v 0.005654 0.040018 0.011809
v 0.005597 0.040175 0.011882
v 0.004967 0.033510 0.011846
v 0.005198 0.033510 0.011551
v 0.004673 0.033510 0.011379
v 0.004904 0.033510 0.011083
v 0.005428 0.033510 0.011255
v 0.005135 0.033510 0.010788
v 0.004380 0.033510 0.010912
v 0.004611 0.033510 0.010616
v 0.004086 0.033510 0.010444
v 0.005659 0.033510 0.010960
v 0.004190 0.033510 0.011477
v 0.003897 0.033510 0.011010
v 0.003120 0.033510 0.010641
v 0.002827 0.033510 0.010174
v 0.003603 0.033510 0.010543
v 0.002533 0.033510 0.009707
v 0.002050 0.033510 0.009805
v 0.001757 0.033510 0.009338
v 0.000980 0.033510 0.008969
v 0.003310 0.033510 0.010076
v 0.003417 0.033510 0.008969
v 0.003584 0.033510 0.009338
v 0.002808 0.033510 0.008969
v 0.002975 0.033510 0.009338
v 0.003752 0.033510 0.009707
v 0.002199 0.033510 0.008969
v 0.003142 0.033510 0.009707
v 0.002366 0.033510 0.009338
v 0.003919 0.033510 0.010076
v 0.001589 0.033510 0.008969
v 0.005492 0.033510 0.010591
v 0.004968 0.033510 0.010419
v 0.004800 0.033510 0.010050
v 0.004443 0.033510 0.010247
v 0.004276 0.033510 0.009879
v 0.004108 0.033510 0.009510
v -0.031402 -0.012631 0.009235
v -0.031627 -0.012241 0.009561
v -0.031424 -0.012592 0.009499
v -0.031649 -0.012202 0.009826
v -0.031852 -0.011851 0.009888
v -0.031447 -0.012552 0.009764
v -0.031874 -0.011812 0.010153
v -0.031672 -0.012163 0.010091
v -0.031897 -0.011773 0.010417
v -0.032077 -0.011462 0.010215
v -0.032099 -0.011423 0.010480
v -0.032302 -0.011072 0.010542
v -0.031469 -0.012513 0.010028
v -0.031694 -0.012124 0.010355
v -0.031492 -0.012474 0.010293
v -0.032191 -0.011263 0.010846
v -0.031989 -0.011614 0.010783
v -0.032081 -0.011454 0.011149
v -0.031879 -0.011804 0.011087
v -0.031787 -0.011964 0.010721
v -0.031676 -0.012155 0.011024
v -0.031971 -0.011645 0.011452
v -0.031769 -0.011995 0.011390
v -0.031861 -0.011836 0.011756
v -0.031584 -0.012315 0.010659
v -0.030126 -0.014841 0.009235
v -0.030467 -0.014249 0.009499
v -0.030559 -0.014089 0.009865
v -0.030901 -0.013498 0.010129
v -0.030809 -0.013658 0.009764
v -0.030993 -0.013338 0.010495
v -0.031242 -0.012906 0.010394
v -0.031335 -0.012747 0.010760
v -0.031150 -0.013066 0.010028
v -0.031427 -0.012587 0.011125
v -0.030445 -0.014288 0.009235
v -0.030786 -0.013697 0.009499
v -0.030764 -0.013736 0.009235
v -0.031105 -0.013144 0.009499
v -0.031128 -0.013105 0.009764
v -0.031083 -0.013183 0.009235
v -0.039045 -0.015475 0.011149
v -0.039004 -0.015578 0.011300
v -0.038843 -0.015403 0.011202
v -0.038802 -0.015506 0.011354
v -0.038963 -0.015681 0.011452
v -0.038641 -0.015331 0.011256
v -0.038760 -0.015610 0.011506
v -0.038600 -0.015435 0.011408
v -0.038558 -0.015538 0.011560
v -0.038921 -0.015785 0.011604
v -0.038719 -0.015713 0.011658
v -0.038879 -0.015888 0.011756
v -0.038439 -0.015260 0.011310
v -0.038398 -0.015363 0.011462
v -0.038237 -0.015188 0.011363
v -0.038929 -0.015382 0.011119
v -0.039086 -0.015371 0.010997
v -0.038969 -0.015279 0.010967
v -0.038812 -0.015290 0.011090
v -0.039127 -0.015267 0.010845
v -0.038852 -0.015186 0.010938
v -0.039010 -0.015175 0.010816
v -0.038893 -0.015082 0.010786
v -0.038695 -0.015198 0.011060
v -0.038735 -0.015094 0.010908
v -0.038578 -0.015105 0.011030
v -0.039167 -0.015163 0.010694
v -0.039050 -0.015071 0.010664
v -0.039207 -0.015059 0.010542
v -0.038727 -0.015311 0.011173
v -0.038525 -0.015239 0.011227
v -0.038610 -0.015218 0.011143
v -0.038408 -0.015147 0.011197
v -0.038323 -0.015167 0.011280
v -0.038493 -0.015126 0.011114
v -0.032374 -0.011241 0.010693
v -0.032263 -0.011432 0.010997
v -0.032446 -0.011409 0.010845
v -0.032336 -0.011600 0.011148
v -0.032153 -0.011622 0.011300
v -0.032226 -0.011791 0.011451
v -0.032518 -0.011578 0.010996
v -0.032408 -0.011769 0.011299
v -0.032590 -0.011746 0.011147
v -0.032043 -0.011813 0.011604
v -0.037807 -0.014687 0.011062
v -0.038000 -0.014792 0.011054
v -0.037914 -0.014812 0.011138
v -0.038107 -0.014917 0.011130
v -0.038192 -0.014896 0.011046
v -0.038022 -0.014938 0.011213
v -0.038300 -0.015022 0.011122
v -0.038215 -0.015042 0.011205
v -0.038385 -0.015001 0.011038
v -0.038130 -0.015063 0.011288
v -0.035442 -0.013355 0.011102
v -0.035762 -0.013617 0.011194
v -0.034547 -0.012975 0.011266
v -0.034867 -0.013237 0.011357
v -0.036082 -0.013879 0.011286
v -0.033651 -0.012595 0.011429
v -0.035187 -0.013499 0.011449
v -0.033971 -0.012857 0.011521
v -0.034291 -0.013119 0.011613
v -0.036402 -0.014141 0.011378
v -0.035507 -0.013761 0.011541
v -0.036722 -0.014402 0.011470
v -0.032756 -0.012215 0.011592
v -0.033076 -0.012477 0.011684
v -0.033615 -0.012849 0.011756
v -0.034831 -0.013490 0.011684
v -0.035370 -0.013862 0.011756
v -0.036046 -0.014132 0.011613
v -0.036585 -0.014503 0.011684
v -0.037800 -0.015145 0.011613
v -0.037261 -0.014774 0.011541
v -0.037124 -0.014875 0.011756
v -0.038340 -0.015516 0.011684
v -0.034910 -0.013056 0.011112
v -0.034015 -0.012676 0.011275
v -0.034378 -0.012757 0.011122
v -0.033119 -0.012296 0.011439
v -0.033483 -0.012377 0.011285
v -0.032587 -0.011997 0.011448
v -0.032224 -0.011917 0.011602
v -0.033846 -0.012458 0.011131
v -0.032951 -0.012078 0.011295
v -0.033314 -0.012159 0.011141
v -0.038157 -0.014780 0.010932
v -0.038350 -0.014885 0.010924
v -0.038507 -0.014873 0.010802
v -0.038700 -0.014978 0.010794
v -0.038543 -0.014989 0.010916
v -0.038857 -0.014966 0.010672
v -0.033133 -0.012056 0.011143
v -0.033061 -0.011887 0.010991
v -0.032880 -0.011784 0.010993
v -0.032952 -0.011953 0.011144
v -0.032808 -0.011616 0.010842
v -0.032699 -0.011681 0.010994
v -0.032627 -0.011513 0.010843
v -0.032771 -0.011850 0.011146
v -0.032555 -0.011344 0.010692
v -0.036383 -0.013781 0.010962
v -0.036033 -0.013688 0.011092
v -0.036975 -0.014114 0.010952
v -0.037325 -0.014207 0.010822
v -0.036624 -0.014021 0.011082
v -0.037916 -0.014540 0.010812
v -0.037566 -0.014447 0.010942
v -0.038266 -0.014633 0.010682
v -0.037216 -0.014354 0.011072
v -0.037101 -0.014599 0.011443
v -0.037640 -0.014970 0.011515
v -0.037480 -0.014795 0.011417
v -0.038019 -0.015167 0.011488
v -0.038179 -0.015341 0.011586
v -0.037859 -0.014992 0.011390
v -0.032770 -0.011975 0.011296
v -0.032406 -0.011894 0.011450
v -0.032589 -0.011872 0.011298
v -0.036353 -0.013950 0.011184
v -0.036945 -0.014283 0.011174
v -0.036673 -0.014212 0.011276
v -0.037264 -0.014545 0.011266
v -0.037536 -0.014616 0.011164
v -0.036993 -0.014474 0.011368
v -0.034657 -0.012784 0.010962
v -0.034125 -0.012485 0.010972
v -0.033872 -0.012214 0.010822
v -0.033593 -0.012186 0.010982
v -0.033340 -0.011915 0.010832
v -0.033087 -0.011643 0.010682
v -0.034028 -0.012069 0.010542
v -0.034813 -0.012640 0.010682
v -0.035754 -0.013066 0.010542
v -0.036539 -0.013636 0.010682
v -0.035598 -0.013210 0.010822
v -0.037481 -0.014062 0.010542
v -0.037372 -0.014670 0.011341
v -0.037643 -0.014741 0.011239
v -0.037751 -0.014867 0.011315
v -0.038340 -0.017147 0.008913
v -0.038106 -0.017661 0.008968
v -0.038295 -0.017249 0.009297
v -0.038059 -0.017762 0.009351
v -0.037866 -0.018171 0.009023
v -0.038249 -0.017350 0.009680
v -0.037817 -0.018271 0.009406
v -0.038012 -0.017862 0.009735
v -0.037769 -0.018371 0.009790
v -0.037618 -0.018678 0.009078
v -0.037568 -0.018778 0.009461
v -0.037364 -0.019182 0.009133
v -0.038203 -0.017451 0.010063
v -0.037965 -0.017963 0.010118
v -0.038156 -0.017552 0.010446
v -0.037364 -0.019182 0.007279
v -0.037364 -0.019182 0.007742
v -0.037618 -0.018678 0.007688
v -0.037618 -0.018678 0.008151
v -0.037364 -0.019182 0.008206
v -0.037866 -0.018171 0.008097
v -0.037618 -0.018678 0.008614
v -0.037866 -0.018171 0.008560
v -0.037364 -0.019182 0.008669
v -0.038106 -0.017661 0.008505
v -0.038834 -0.015998 0.010973
v -0.038791 -0.016101 0.011125
v -0.038615 -0.016519 0.010797
v -0.038571 -0.016622 0.010949
v -0.038748 -0.016204 0.011277
v -0.038527 -0.016724 0.011101
v -0.038389 -0.017037 0.010622
v -0.038344 -0.017139 0.010774
v -0.038705 -0.016307 0.011429
v -0.038876 -0.015896 0.010590
v -0.038658 -0.016417 0.010414
v -0.038702 -0.016315 0.010031
v -0.038479 -0.016834 0.009855
v -0.038434 -0.016936 0.010239
v -0.038523 -0.016732 0.009472
v -0.038918 -0.015792 0.010438
v -0.038959 -0.015689 0.010287
v -0.038745 -0.016212 0.009880
v -0.038788 -0.016110 0.009729
v -0.039001 -0.015586 0.010136
v -0.038567 -0.016630 0.009321
v -0.036846 -0.020078 0.008381
v -0.036846 -0.020078 0.007917
v -0.036329 -0.020975 0.007629
v -0.036846 -0.020078 0.007454
v -0.036329 -0.020975 0.007165
v -0.036329 -0.020975 0.006702
v -0.036846 -0.020078 0.006990
v -0.035811 -0.021871 0.006877
v -0.035811 -0.021871 0.006413
v -0.035294 -0.022767 0.006125
v -0.036846 -0.020078 0.006527
v -0.036329 -0.020975 0.006238
v -0.036329 -0.020975 0.005775
v -0.035811 -0.021871 0.005486
v -0.035811 -0.021871 0.005950
v -0.035294 -0.022767 0.005198
v -0.035811 -0.021871 0.005023
v -0.035294 -0.022767 0.004734
v -0.035294 -0.022767 0.004271
v -0.035294 -0.022767 0.005661
v 0.003031 0.033354 0.008969
v 0.002421 0.033354 0.008969
v 0.002644 0.033197 0.008969
v 0.001812 0.033354 0.008969
v 0.002035 0.033197 0.008969
v 0.001426 0.033197 0.008969
v 0.001203 0.033354 0.008969
v 0.002258 0.033041 0.008969
v 0.001649 0.033041 0.008969
v 0.001872 0.032885 0.008969
v 0.003417 0.033135 0.008969
v 0.003031 0.032979 0.008969
v 0.003417 0.032760 0.008969
v 0.002644 0.032823 0.008969
v 0.003031 0.032604 0.008969
v 0.002644 0.032447 0.008969
v 0.002258 0.032666 0.008969
v 0.003417 0.032385 0.008969
v 0.003031 0.032229 0.008969
v 0.003417 0.032010 0.008969
v -0.004662 0.032010 0.008969
v -0.002643 0.032010 0.008969
v -0.003741 0.032198 0.008969
v -0.001721 0.032198 0.008969
v -0.000623 0.032010 0.008969
v -0.002820 0.032385 0.008969
v 0.000298 0.032198 0.008969
v -0.000800 0.032385 0.008969
v 0.001220 0.032385 0.008969
v 0.001397 0.032010 0.008969
v 0.002318 0.032198 0.008969
v -0.001899 0.032573 0.008969
v 0.000121 0.032573 0.008969
v -0.000978 0.032760 0.008969
v 0.000491 0.033322 0.008969
v 0.000714 0.033166 0.008969
v 0.000001 0.033135 0.008969
v 0.000224 0.032979 0.008969
v 0.000937 0.033010 0.008969
v 0.000447 0.032823 0.008969
v -0.000488 0.032947 0.008969
v -0.000265 0.032791 0.008969
v 0.001160 0.032854 0.008969
v 0.000833 0.032604 0.008969
v 0.001932 0.032416 0.008969
v 0.001546 0.032635 0.008969
v -0.000430 0.033510 0.008969
v -0.000920 0.033322 0.008969
v -0.001841 0.033510 0.008969
v -0.002331 0.033322 0.008969
v -0.001409 0.033135 0.008969
v -0.002820 0.033135 0.008969
v -0.003252 0.033510 0.008969
v -0.003741 0.033322 0.008969
v -0.004662 0.033510 0.008969
v -0.001899 0.032947 0.008969
v -0.004662 0.032385 0.008969
v -0.003741 0.032573 0.008969
v -0.004662 0.032760 0.008969
v -0.002820 0.032760 0.008969
v -0.003741 0.032947 0.008969
v -0.004662 0.033135 0.008969
v 0.010630 -0.002089 0.015000
v 0.010612 -0.002180 0.015000
v 0.010935 -0.002265 0.015000
v 0.010593 -0.002270 0.015000
v 0.010916 -0.002356 0.015000
v 0.010898 -0.002446 0.015000
v 0.010574 -0.002360 0.015000
v 0.011240 -0.002442 0.015000
v 0.011222 -0.002532 0.015000
v 0.010554 -0.002450 0.015000
v 0.010532 -0.002539 0.015000
v 0.010876 -0.002536 0.015000
v -0.007204 -0.007769 0.015000
v -0.007044 -0.007915 0.015000
v -0.007178 -0.007924 0.015000
v -0.007015 -0.008067 0.015000
v -0.006881 -0.008057 0.015000
v -0.006852 -0.008209 0.015000
v -0.007152 -0.008079 0.015000
v -0.006990 -0.008222 0.015000
v -0.007127 -0.008234 0.015000
v -0.006715 -0.008196 0.015000
v -0.006188 -0.008741 0.015000
v -0.006365 -0.008616 0.015000
v -0.006494 -0.008784 0.015000
v -0.006539 -0.008488 0.015000
v -0.006668 -0.008656 0.015000
v -0.006843 -0.008527 0.015000
v -0.006710 -0.008355 0.015000
v -0.006801 -0.008827 0.015000
v -0.006975 -0.008699 0.015000
v -0.007107 -0.008871 0.015000
v -0.007358 -0.007688 0.015000
v -0.007332 -0.007843 0.015000
v -0.007486 -0.007762 0.015000
v -0.007460 -0.007917 0.015000
v -0.007306 -0.007998 0.015000
v -0.007434 -0.008072 0.015000
v -0.007614 -0.007836 0.015000
v -0.007588 -0.007991 0.015000
v -0.007742 -0.007910 0.015000
v -0.007280 -0.008153 0.015000
v -0.006848 -0.008368 0.015000
v -0.006985 -0.008381 0.015000
v -0.006980 -0.008540 0.015000
v -0.007117 -0.008552 0.015000
v -0.007122 -0.008393 0.015000
v -0.007112 -0.008711 0.015000
v -0.006657 -0.009145 0.015000
v -0.006963 -0.009188 0.015000
v -0.007432 -0.009593 0.015000
v -0.007269 -0.009232 0.015000
v -0.007738 -0.009636 0.015000
v -0.008045 -0.009679 0.015000
v -0.007576 -0.009275 0.015000
v -0.008207 -0.010040 0.015000
v -0.008513 -0.010083 0.015000
v -0.008982 -0.010488 0.015000
v -0.008052 -0.008554 0.015000
v -0.007583 -0.008150 0.015000
v -0.007893 -0.008794 0.015000
v -0.008362 -0.009199 0.015000
v -0.007424 -0.008390 0.015000
v -0.008203 -0.009439 0.015000
v -0.007734 -0.009035 0.015000
v -0.008672 -0.009843 0.015000
v -0.007265 -0.008630 0.015000
v -0.007275 -0.008312 0.015000
v -0.007429 -0.008231 0.015000
v -0.007270 -0.008471 0.015000
v -0.017113 -0.014529 0.012342
v -0.019281 -0.016486 0.011816
v -0.015080 -0.013519 0.013007
v -0.017249 -0.015476 0.012480
v -0.021450 -0.018443 0.011289
v -0.013048 -0.012508 0.013671
v -0.019417 -0.017433 0.011953
v -0.015216 -0.014465 0.013144
v -0.017384 -0.016422 0.012617
v -0.023618 -0.020400 0.010762
v -0.021585 -0.019390 0.011426
v -0.025786 -0.022357 0.010235
v -0.011015 -0.011498 0.014336
v -0.013183 -0.013455 0.013809
v -0.014770 -0.012874 0.013007
v -0.012737 -0.011864 0.013671
v -0.012427 -0.011219 0.013671
v -0.010705 -0.010854 0.014336
v -0.010395 -0.010209 0.014336
v -0.010084 -0.009565 0.014336
v -0.025961 -0.022055 0.010097
v -0.023792 -0.020098 0.010624
v -0.026135 -0.021753 0.009960
v -0.021624 -0.018141 0.011151
v -0.023967 -0.019795 0.010487
v -0.021799 -0.017839 0.011014
v -0.019456 -0.016184 0.011678
v -0.026310 -0.021450 0.009822
v -0.024141 -0.019493 0.010349
v -0.026484 -0.021148 0.009685
v -0.028537 -0.017592 0.006926
v -0.029193 -0.016456 0.009235
v -0.027604 -0.019208 0.006926
v -0.026948 -0.020344 0.004618
v -0.028260 -0.018071 0.009235
v -0.026016 -0.021959 0.004618
v -0.026672 -0.020823 0.006926
v -0.025083 -0.023575 0.004618
v -0.025360 -0.023096 0.002309
v -0.024427 -0.024711 0.002310
v -0.023771 -0.025848 0.000001
v -0.027328 -0.019686 0.009235
v -0.025739 -0.022438 0.006926
v -0.026395 -0.021302 0.009235
v -0.025938 -0.022093 0.009985
v -0.025282 -0.023230 0.007676
v -0.025435 -0.022966 0.007426
v -0.026091 -0.021829 0.009735
v -0.024779 -0.024102 0.005118
v -0.025587 -0.022702 0.007176
v -0.024931 -0.023839 0.004868
v -0.026243 -0.021566 0.009485
v -0.024275 -0.024975 0.002560
v -0.026113 -0.021791 0.009847
v -0.026287 -0.021489 0.009710
v -0.026265 -0.021527 0.009597
v -0.026440 -0.021225 0.009460
v -0.026462 -0.021187 0.009572
v -0.026417 -0.021263 0.009347
v -0.031050 -0.012927 0.009235
v -0.031077 -0.012443 0.009235
v -0.030725 -0.012740 0.009235
v -0.030699 -0.013223 0.009235
v -0.030752 -0.012256 0.009235
v -0.030374 -0.013036 0.009235
v -0.030401 -0.012552 0.009235
v -0.030049 -0.012849 0.009235
v -0.030347 -0.013520 0.009235
v -0.030022 -0.013332 0.009235
v -0.029995 -0.013816 0.009235
v -0.030427 -0.012068 0.009235
v -0.030076 -0.012365 0.009235
v -0.030103 -0.011881 0.009235
v -0.028115 -0.016824 0.009235
v -0.028612 -0.015588 0.009235
v -0.028585 -0.016072 0.009235
v -0.029082 -0.014836 0.009235
v -0.029109 -0.014352 0.009235
v -0.029055 -0.015320 0.009235
v -0.029579 -0.013600 0.009235
v -0.029552 -0.014084 0.009235
v -0.029606 -0.013116 0.009235
v -0.029525 -0.014568 0.009235
v -0.025096 -0.020552 0.009235
v -0.026348 -0.018384 0.009235
v -0.025851 -0.019620 0.009235
v -0.027103 -0.017452 0.009235
v -0.027600 -0.016216 0.009235
v -0.026606 -0.018688 0.009235
v -0.028354 -0.015284 0.009235
v -0.027857 -0.016520 0.009235
v -0.028851 -0.014048 0.009235
v -0.027360 -0.017756 0.009235
v -0.029623 -0.015336 0.009235
v -0.030093 -0.014585 0.009235
v -0.029590 -0.015080 0.009235
v -0.029120 -0.015832 0.009235
v -0.030061 -0.014329 0.009235
v -0.029088 -0.015576 0.009235
v -0.029558 -0.014824 0.009235
v -0.028618 -0.016328 0.009235
v -0.030028 -0.014072 0.009235
v -0.030412 -0.014032 0.009235
v -0.030380 -0.013776 0.009235
v -0.030731 -0.013480 0.009235
v -0.028690 -0.016952 0.009235
v -0.027758 -0.018567 0.009235
v -0.028188 -0.017447 0.009235
v -0.027255 -0.019063 0.009235
v -0.026825 -0.020182 0.009235
v -0.027685 -0.017943 0.009235
v -0.026071 -0.021114 0.009235
v -0.026501 -0.019995 0.009235
v -0.025746 -0.020927 0.009235
v -0.026176 -0.019807 0.009235
v -0.026930 -0.018875 0.009235
v -0.025421 -0.020739 0.009235
v -0.032548 -0.017975 0.008142
v -0.033053 -0.018486 0.008004
v -0.032047 -0.019002 0.007314
v -0.032553 -0.019513 0.007176
v -0.033558 -0.018997 0.007866
v -0.031547 -0.020029 0.006487
v -0.033058 -0.020024 0.007038
v -0.032053 -0.020540 0.006348
v -0.032558 -0.021051 0.006210
v -0.034063 -0.019508 0.007728
v -0.033563 -0.020535 0.006900
v -0.034568 -0.020019 0.007590
v -0.031047 -0.021056 0.005659
v -0.031553 -0.021567 0.005521
v -0.030547 -0.022083 0.004831
v -0.031140 -0.014972 0.009521
v -0.030731 -0.015624 0.008962
v -0.031746 -0.015755 0.009248
v -0.032155 -0.015102 0.009807
v -0.031337 -0.016408 0.008689
v -0.032761 -0.015886 0.009534
v -0.032351 -0.016539 0.008975
v -0.033366 -0.016669 0.009261
v -0.033170 -0.015233 0.010093
v -0.033775 -0.016017 0.009821
v -0.034184 -0.015364 0.010380
v -0.031942 -0.017191 0.008415
v -0.032957 -0.017322 0.008702
v -0.034607 -0.015909 0.010190
v -0.034198 -0.016562 0.009631
v -0.035030 -0.016454 0.010001
v -0.034620 -0.017106 0.009442
v -0.033788 -0.017214 0.009072
v -0.034211 -0.017759 0.008882
v -0.035452 -0.016998 0.009812
v -0.035043 -0.017651 0.009253
v -0.035875 -0.017543 0.009623
v -0.033379 -0.017867 0.008512
v -0.031574 -0.014220 0.010151
v -0.032008 -0.013469 0.010781
v -0.032589 -0.014351 0.010437
v -0.033023 -0.013600 0.011068
v -0.032442 -0.012718 0.011412
v -0.033603 -0.014482 0.010724
v -0.031734 -0.022254 0.005154
v -0.032739 -0.021738 0.005844
v -0.032920 -0.022425 0.005478
v -0.033744 -0.021222 0.006534
v -0.033926 -0.021909 0.006168
v -0.034931 -0.021393 0.006857
v -0.034750 -0.020706 0.007224
v -0.034107 -0.022596 0.005801
v -0.035112 -0.022080 0.006491
v -0.032808 -0.026223 0.003047
v -0.032243 -0.025188 0.003493
v -0.033463 -0.025382 0.003814
v -0.032887 -0.024339 0.004261
v -0.031677 -0.024153 0.003939
v -0.034096 -0.024525 0.004583
v -0.032299 -0.023289 0.004708
v -0.033508 -0.023475 0.005031
v -0.031112 -0.023118 0.004385
v -0.034706 -0.023653 0.005354
v -0.031716 -0.018350 0.007604
v -0.031216 -0.019377 0.006776
v -0.030884 -0.018725 0.007066
v -0.030716 -0.020404 0.005948
v -0.030384 -0.019753 0.006238
v -0.029884 -0.020780 0.005410
v -0.030216 -0.021432 0.005120
v -0.030053 -0.019101 0.006528
v -0.029553 -0.020128 0.005700
v -0.029221 -0.019476 0.005990
v -0.036247 -0.017953 0.009500
v -0.035548 -0.018162 0.009114
v -0.035920 -0.018572 0.008992
v -0.036619 -0.018363 0.009378
v -0.035221 -0.018781 0.008606
v -0.036293 -0.018982 0.008869
v -0.035594 -0.019191 0.008484
v -0.035966 -0.019601 0.008361
v -0.036992 -0.018772 0.009255
v -0.036665 -0.019391 0.008747
v -0.034895 -0.019400 0.008098
v -0.035267 -0.019810 0.007976
v -0.037586 -0.017550 0.010240
v -0.037392 -0.017960 0.009912
v -0.037016 -0.017548 0.010034
v -0.037194 -0.018367 0.009584
v -0.036817 -0.017955 0.009706
v -0.036445 -0.017546 0.009828
v -0.025054 -0.025803 0.000495
v -0.025321 -0.026742 0.000001
v -0.026604 -0.026698 0.000495
v -0.026338 -0.025759 0.000989
v -0.026870 -0.027636 0.000001
v -0.027887 -0.026654 0.000989
v -0.028153 -0.027592 0.000495
v -0.029437 -0.027548 0.000989
v -0.027621 -0.025715 0.001483
v -0.029171 -0.026609 0.001483
v -0.028904 -0.025671 0.001977
v -0.028420 -0.028531 0.000001
v -0.029703 -0.028487 0.000495
v -0.029969 -0.029425 0.000001
v -0.029900 -0.016000 0.008423
v -0.030505 -0.016783 0.008150
v -0.029673 -0.017158 0.007612
v -0.031111 -0.017567 0.007877
v -0.030279 -0.017942 0.007339
v -0.029447 -0.018317 0.006801
v -0.031832 -0.026085 0.002780
v -0.031267 -0.025050 0.003225
v -0.030856 -0.025947 0.002512
v -0.030291 -0.024912 0.002958
v -0.030702 -0.024015 0.003671
v -0.029726 -0.023877 0.003404
v -0.029880 -0.025809 0.002244
v -0.029315 -0.024774 0.002690
v -0.030137 -0.022980 0.004117
v -0.032131 -0.027048 0.002282
v -0.031144 -0.026902 0.002015
v -0.031432 -0.027858 0.001519
v -0.030434 -0.027703 0.001254
v -0.030146 -0.026747 0.001750
v -0.030711 -0.028650 0.000758
v -0.033884 -0.018378 0.008374
v -0.034716 -0.018270 0.008744
v -0.034390 -0.018889 0.008236
v -0.036147 -0.020288 0.007995
v -0.035630 -0.021184 0.007243
v -0.035448 -0.020497 0.007609
v -0.028311 -0.018751 0.006115
v -0.028085 -0.019910 0.005304
v -0.026722 -0.021503 0.003806
v -0.026496 -0.022662 0.002995
v -0.027859 -0.021069 0.004492
v -0.025134 -0.024255 0.001498
v -0.028853 -0.023024 0.003623
v -0.028522 -0.022372 0.003913
v -0.027159 -0.023965 0.002416
v -0.026828 -0.023313 0.002705
v -0.028190 -0.021721 0.004203
v -0.025465 -0.024906 0.001208
v -0.034196 -0.013731 0.011412
v -0.035951 -0.014744 0.011412
v -0.034777 -0.014613 0.011068
v -0.036532 -0.015626 0.011068
v -0.037705 -0.015757 0.011412
v -0.035358 -0.015495 0.010724
v -0.028443 -0.023921 0.002910
v -0.028032 -0.024818 0.002196
v -0.026748 -0.024862 0.001702
v -0.035781 -0.016040 0.010534
v -0.036954 -0.016171 0.010878
v -0.036203 -0.016585 0.010345
v -0.037377 -0.016716 0.010689
v -0.038128 -0.016302 0.011222
v -0.036626 -0.017129 0.010156
v -0.037771 -0.017136 0.010568
v -0.037196 -0.017132 0.010362
v -0.037952 -0.016720 0.010895
v -0.014262 -0.015403 0.010895
v -0.013212 -0.014767 0.010961
v -0.012942 -0.014174 0.011922
v -0.011892 -0.013538 0.011988
v -0.012162 -0.014131 0.011028
v -0.011622 -0.012945 0.012948
v -0.010842 -0.012902 0.012054
v -0.010572 -0.012309 0.013014
v -0.009522 -0.011673 0.013080
v -0.011112 -0.013494 0.011094
v -0.009792 -0.012265 0.012120
v -0.010062 -0.012858 0.011160
v -0.010302 -0.011716 0.013974
v -0.009252 -0.011080 0.014040
v -0.014123 -0.020278 0.000001
v -0.011712 -0.018886 0.000001
v -0.013020 -0.018841 0.001761
v -0.010609 -0.017448 0.001761
v -0.009300 -0.017493 0.000001
v -0.011918 -0.017404 0.003520
v -0.008197 -0.016056 0.001761
v -0.009506 -0.016011 0.003520
v -0.007094 -0.014619 0.003520
v -0.006888 -0.016101 0.000001
v -0.005785 -0.014663 0.001761
v -0.004476 -0.014708 0.000001
v -0.010815 -0.015967 0.005280
v -0.008403 -0.014574 0.005280
v -0.009712 -0.014530 0.007040
v 0.002759 -0.010531 0.000001
v 0.000749 -0.011180 0.001126
v 0.000347 -0.011923 0.000001
v -0.000993 -0.011482 0.002673
v -0.001394 -0.012225 0.001548
v -0.003136 -0.012527 0.003096
v -0.002466 -0.011436 0.004643
v -0.002064 -0.013316 0.000001
v -0.003806 -0.013617 0.001548
v -0.006172 -0.009349 0.013936
v -0.006947 -0.009797 0.013936
v -0.006462 -0.010001 0.012872
v -0.007722 -0.010244 0.013936
v -0.007237 -0.010448 0.012872
v -0.008012 -0.010896 0.012872
v -0.008497 -0.010692 0.013936
v -0.006752 -0.010652 0.011808
v -0.007527 -0.011099 0.011808
v -0.007042 -0.011304 0.010744
v -0.003775 -0.011391 0.006403
v -0.004445 -0.012482 0.004855
v -0.005754 -0.012437 0.006615
v -0.006424 -0.013528 0.005068
v -0.005115 -0.013573 0.003308
v -0.007733 -0.013483 0.006827
v -0.003107 -0.010585 0.007329
v -0.005086 -0.011631 0.007541
v -0.004419 -0.010824 0.008467
v -0.006398 -0.011870 0.008679
v -0.007065 -0.012677 0.007753
v -0.008377 -0.012916 0.008892
v -0.005731 -0.011064 0.009605
v -0.007710 -0.012110 0.009818
v -0.009044 -0.013723 0.007966
v -0.023720 -0.021562 0.009359
v -0.023216 -0.022435 0.006801
v -0.021654 -0.020768 0.008484
v -0.022712 -0.023308 0.004242
v -0.021150 -0.021640 0.005925
v -0.020646 -0.022513 0.003367
v -0.022209 -0.024180 0.001684
v -0.019588 -0.019973 0.007608
v -0.019084 -0.020846 0.005050
v -0.017522 -0.019178 0.006733
v -0.010849 -0.014748 0.008004
v -0.011664 -0.015692 0.006963
v -0.012802 -0.015910 0.007927
v -0.011987 -0.014966 0.008968
v -0.013617 -0.016854 0.006886
v -0.013940 -0.016128 0.008891
v -0.014755 -0.017072 0.007850
v -0.015892 -0.017291 0.008814
v -0.013125 -0.015185 0.009932
v -0.015077 -0.016347 0.009855
v -0.015569 -0.018016 0.006810
v -0.016707 -0.018234 0.007774
v -0.014973 -0.020003 0.001684
v -0.016535 -0.021670 0.000001
v -0.017385 -0.021396 0.001684
v -0.015823 -0.019728 0.003367
v -0.018947 -0.023063 0.000001
v -0.018235 -0.021121 0.003367
v -0.019797 -0.022788 0.001684
v -0.016672 -0.019453 0.005050
v -0.021359 -0.024455 0.000001
v -0.013870 -0.018566 0.003444
v -0.012767 -0.017129 0.005203
v -0.014720 -0.018291 0.005127
v -0.009799 -0.014112 0.008070
v -0.010937 -0.014330 0.009034
v -0.009887 -0.013694 0.009100
v -0.011025 -0.013912 0.010064
v -0.012075 -0.014548 0.009998
v -0.009975 -0.013276 0.010130
v -0.007797 -0.011692 0.010848
v -0.008282 -0.011488 0.011912
v -0.008552 -0.012081 0.010952
v -0.008767 -0.011284 0.012976
v -0.009037 -0.011877 0.012016
v -0.009307 -0.012469 0.011056
v -0.009132 -0.013305 0.008996
v -0.008465 -0.012499 0.009922
v -0.009220 -0.012887 0.010026
v -0.014503 -0.014684 0.012783
v -0.018704 -0.017651 0.011591
v -0.015823 -0.015913 0.011756
v -0.020024 -0.018880 0.010565
v -0.022905 -0.020618 0.010400
v -0.017143 -0.017142 0.010730
v -0.018773 -0.019029 0.008649
v -0.017958 -0.018085 0.009690
v -0.020839 -0.019824 0.009524
v -0.005261 -0.009842 0.011697
v -0.005441 -0.010413 0.010669
v -0.004240 -0.010254 0.009494
v 0.010247 0.002292 0.003724
v 0.010362 0.001698 0.004704
v 0.010357 0.001725 0.002793
v 0.010438 0.001136 0.003779
v 0.010440 0.001118 0.005696
v 0.010437 0.001153 0.001862
v 0.010485 0.000560 0.004776
v 0.010484 0.000577 0.002859
v 0.010485 0.000553 0.006699
v 0.010484 0.000577 0.000932
v 0.010201 0.002486 0.000001
v 0.010213 0.002437 0.000932
v 0.010332 0.001872 0.000001
v 0.010340 0.001823 0.000932
v 0.010225 0.002389 0.001862
v 0.010425 0.001252 0.000001
v 0.010349 0.001774 0.001862
v 0.010431 0.001202 0.000932
v 0.010236 0.002341 0.002793
v 0.010481 0.000627 0.000001
v 0.010035 0.003090 0.000001
v 0.010049 0.003043 0.000932
v 0.009832 0.003684 0.000001
v 0.009861 0.003606 0.000907
v 0.010073 0.002963 0.001838
v 0.009890 0.003527 0.001813
v 0.009595 0.004265 0.000001
v 0.009637 0.004170 0.000891
v 0.009323 0.004830 0.000001
v 0.010091 0.002902 0.002759
v 0.012004 -0.000882 0.007735
v 0.011985 -0.001330 0.008587
v 0.013507 -0.001764 0.007761
v 0.013470 -0.002204 0.008617
v 0.011948 -0.001769 0.009442
v 0.013433 -0.002643 0.009472
v 0.015011 -0.002647 0.007787
v 0.014974 -0.003086 0.008643
v 0.016515 -0.003529 0.007814
v 0.011893 -0.002200 0.010301
v 0.021975 -0.008407 0.011018
v 0.022319 -0.008771 0.011326
v 0.023691 -0.009053 0.010379
v 0.023348 -0.008689 0.010071
v 0.024035 -0.009418 0.010687
v 0.025063 -0.009336 0.009432
v 0.025407 -0.009700 0.009740
v 0.026779 -0.009982 0.008793
v 0.024720 -0.008972 0.009124
v 0.026436 -0.009618 0.008485
v 0.026092 -0.009254 0.008177
v 0.025750 -0.010064 0.010049
v 0.027122 -0.010347 0.009102
v 0.027466 -0.010711 0.009410
v 0.028641 -0.009107 0.005172
v 0.028270 -0.008527 0.004491
v 0.028860 -0.008872 0.004500
v 0.028490 -0.008292 0.003820
v 0.027900 -0.007947 0.003811
v 0.029079 -0.008637 0.003828
v 0.028119 -0.007712 0.003140
v 0.028709 -0.008057 0.003148
v 0.028339 -0.007477 0.002468
v 0.027530 -0.007367 0.003131
v 0.027749 -0.007132 0.002459
v 0.027160 -0.006787 0.002451
v 0.029298 -0.008402 0.003157
v 0.028928 -0.007822 0.002477
v 0.029518 -0.008167 0.002485
v 0.028559 -0.009419 0.005838
v 0.028004 -0.009144 0.005923
v 0.027922 -0.009456 0.006589
v 0.028478 -0.009731 0.006505
v 0.027367 -0.009181 0.006674
v 0.027841 -0.009767 0.007256
v 0.027285 -0.009492 0.007341
v 0.027203 -0.009804 0.008007
v 0.028396 -0.010042 0.007171
v 0.027759 -0.010079 0.007922
v 0.028314 -0.010354 0.007837
v 0.026729 -0.009217 0.007426
v 0.026648 -0.009529 0.008092
v 0.011332 -0.002401 0.011276
v 0.012873 -0.002844 0.010446
v 0.012312 -0.003045 0.011421
v 0.014414 -0.003287 0.009617
v 0.013853 -0.003488 0.010591
v 0.015394 -0.003931 0.009762
v 0.015954 -0.003730 0.008788
v 0.013292 -0.003689 0.011566
v 0.014833 -0.004132 0.010736
v 0.014272 -0.004332 0.011711
v 0.021383 -0.002133 0.000001
v 0.022070 -0.003291 0.001415
v 0.020166 -0.002482 0.001954
v 0.020853 -0.003639 0.003368
v 0.022757 -0.004448 0.002829
v 0.018949 -0.002831 0.003907
v 0.021539 -0.004797 0.004782
v 0.019636 -0.003989 0.005321
v 0.020322 -0.005146 0.006735
v 0.023443 -0.005606 0.004242
v 0.022226 -0.005955 0.006196
v 0.024130 -0.006764 0.005656
v 0.017732 -0.003180 0.005860
v 0.018419 -0.004338 0.007274
v 0.019581 -0.006975 0.010927
v 0.021485 -0.007784 0.010388
v 0.020463 -0.006635 0.009350
v 0.018559 -0.005827 0.009889
v 0.022366 -0.007444 0.008811
v 0.019441 -0.005486 0.008312
v 0.021344 -0.006295 0.007773
v 0.017537 -0.004678 0.008851
v 0.023248 -0.007104 0.007233
v 0.011023 -0.003621 0.013873
v 0.011141 -0.003222 0.013006
v 0.012106 -0.003858 0.013152
v 0.011244 -0.002815 0.012140
v 0.012209 -0.003451 0.012287
v 0.013189 -0.004095 0.012432
v 0.011356 -0.000001 0.006794
v 0.011326 0.000558 0.005788
v 0.012212 -0.000003 0.005879
v 0.011263 0.001131 0.004791
v 0.012149 0.000570 0.004882
v 0.012085 0.001143 0.003886
v 0.011166 0.001718 0.003805
v 0.013068 -0.000004 0.004963
v 0.013005 0.000569 0.003967
v 0.013924 -0.000005 0.004048
v 0.012860 -0.000884 0.006820
v 0.013716 -0.000885 0.005905
v 0.014363 -0.001766 0.006846
v 0.015219 -0.001767 0.005931
v 0.014572 -0.000886 0.004989
v 0.015867 -0.002648 0.006872
v 0.022857 -0.008067 0.009441
v 0.023739 -0.007726 0.007864
v 0.024229 -0.008349 0.008494
v 0.025111 -0.008009 0.006917
v 0.024621 -0.007386 0.006286
v 0.025602 -0.008631 0.007547
v 0.019518 -0.001601 0.001013
v 0.018301 -0.001950 0.002966
v 0.017654 -0.001069 0.002024
v 0.017084 -0.002299 0.004919
v 0.016436 -0.001418 0.003978
v 0.015789 -0.000537 0.003036
v 0.031939 -0.008847 0.001152
v 0.032264 -0.009035 0.001152
v 0.032031 -0.008835 0.001032
v 0.032355 -0.009023 0.001032
v 0.032589 -0.009222 0.001152
v 0.032680 -0.009210 0.001032
v 0.032122 -0.008824 0.000912
v 0.032447 -0.009011 0.000912
v 0.032214 -0.008812 0.000792
v 0.032913 -0.009410 0.001152
v 0.029406 -0.011653 0.009080
v 0.029618 -0.011564 0.008686
v 0.028971 -0.011250 0.008797
v 0.028759 -0.011339 0.009190
v 0.029184 -0.011161 0.008403
v 0.028325 -0.010936 0.008907
v 0.028537 -0.010847 0.008514
v 0.027890 -0.010533 0.008624
v 0.028113 -0.011025 0.009300
v 0.027678 -0.010622 0.009017
v 0.028749 -0.010758 0.008120
v 0.028102 -0.010443 0.008231
v 0.022827 -0.003296 0.000613
v 0.023514 -0.004454 0.002027
v 0.024271 -0.004460 0.001226
v 0.024958 -0.005618 0.002640
v 0.024201 -0.005612 0.003441
v 0.025645 -0.006775 0.004053
v 0.025715 -0.005623 0.001838
v 0.026402 -0.006781 0.003252
v 0.024887 -0.006770 0.004855
v 0.033220 -0.009480 0.000954
v 0.032987 -0.009281 0.000834
v 0.033294 -0.009352 0.000636
v 0.032754 -0.009082 0.000714
v 0.033062 -0.009153 0.000517
v 0.032828 -0.008954 0.000397
v 0.032521 -0.008883 0.000594
v 0.033369 -0.009224 0.000319
v 0.033136 -0.009025 0.000199
v 0.033443 -0.009095 0.000001
v 0.025258 -0.007350 0.005535
v 0.026015 -0.007355 0.004734
v 0.026385 -0.007936 0.005414
v 0.026772 -0.007361 0.003932
v 0.027143 -0.007941 0.004613
v 0.027513 -0.008521 0.005293
v 0.025748 -0.007972 0.006165
v 0.026876 -0.008558 0.006044
v 0.026239 -0.008595 0.006795
v 0.031265 -0.008686 0.001575
v 0.031275 -0.008483 0.001188
v 0.030693 -0.008310 0.001491
v 0.030683 -0.008513 0.001879
v 0.030703 -0.008107 0.001104
v 0.030110 -0.008137 0.001795
v 0.030120 -0.007934 0.001407
v 0.029538 -0.007761 0.001710
v 0.030100 -0.008340 0.002182
v 0.029528 -0.007964 0.002098
v 0.030130 -0.007732 0.001020
v 0.029548 -0.007559 0.001323
v 0.029558 -0.007356 0.000936
v 0.019020 -0.007176 0.011901
v 0.017998 -0.006027 0.010863
v 0.017438 -0.006228 0.011838
v 0.016416 -0.005080 0.010800
v 0.016976 -0.004879 0.009826
v 0.015855 -0.005280 0.011774
v 0.026991 -0.009893 0.008400
v 0.027547 -0.010168 0.008315
v 0.027335 -0.010258 0.008709
v 0.027759 -0.006929 0.002072
v 0.028349 -0.007274 0.002081
v 0.028359 -0.007071 0.001693
v 0.028948 -0.007416 0.001702
v 0.028938 -0.007619 0.002089
v 0.028958 -0.007214 0.001314
v 0.031367 -0.008471 0.001068
v 0.030794 -0.008096 0.000984
v 0.031458 -0.008460 0.000948
v 0.030886 -0.008084 0.000864
v 0.030222 -0.007720 0.000900
v 0.031550 -0.008448 0.000828
v 0.018368 -0.000392 0.000001
v 0.016503 0.000140 0.001013
v 0.015353 0.001349 0.000001
v 0.014639 0.000672 0.002024
v 0.013488 0.001880 0.001013
v 0.011624 0.002412 0.002024
v 0.012774 0.001203 0.003036
v 0.012338 0.003089 0.000001
v 0.010473 0.003621 0.001013
v 0.029700 -0.011252 0.008020
v 0.030148 -0.010475 0.006096
v 0.029347 -0.010537 0.007071
v 0.029795 -0.009760 0.005146
v 0.030597 -0.009698 0.004171
v 0.030244 -0.008983 0.003222
v 0.028994 -0.009822 0.006121
v 0.029443 -0.009045 0.004197
v 0.031046 -0.008921 0.002247
v 0.010988 0.002335 0.002849
v 0.010757 0.002970 0.001919
v 0.011854 0.001778 0.002955
v 0.029265 -0.010849 0.007737
v 0.028831 -0.010446 0.007454
v 0.028912 -0.010134 0.006788
v 0.030463 -0.008748 0.002550
v 0.029662 -0.008810 0.003525
v 0.029881 -0.008575 0.002854
v 0.013689 -0.004806 0.013216
v 0.014772 -0.005043 0.012495
v 0.016355 -0.005991 0.012559
v 0.030316 -0.012327 0.009354
v 0.027650 -0.011141 0.010011
v 0.029366 -0.011788 0.009373
v 0.024985 -0.009956 0.010669
v 0.026700 -0.010603 0.010030
v 0.028416 -0.011250 0.009391
v 0.024398 -0.003873 0.000001
v 0.023427 -0.003439 0.000235
v 0.026442 -0.005179 0.000235
v 0.027413 -0.005614 0.000001
v 0.025471 -0.004744 0.000468
v 0.029457 -0.006920 0.000235
v 0.028485 -0.006485 0.000468
v 0.031500 -0.008226 0.000468
v 0.030428 -0.007355 0.000001
v 0.032472 -0.008661 0.000235
v 0.027514 -0.006050 0.000702
v 0.030529 -0.007791 0.000702
v 0.030356 -0.012192 0.009061
v 0.029709 -0.011878 0.009171
v 0.030660 -0.012416 0.009152
v 0.030013 -0.012102 0.009263
v 0.029063 -0.011564 0.009281
v 0.030963 -0.012641 0.009244
v 0.024871 -0.004602 0.000847
v 0.026915 -0.005908 0.001081
v 0.026315 -0.005766 0.001460
v 0.031193 -0.008155 0.000666
v 0.032164 -0.008590 0.000432
v 0.031857 -0.008519 0.000630
v 0.030681 -0.012379 0.009061
v 0.031006 -0.012567 0.009061
v 0.030984 -0.012604 0.009152
v 0.033046 -0.009782 0.000954
v 0.033121 -0.009654 0.000636
v 0.032946 -0.009955 0.000636
v 0.033195 -0.009525 0.000319
v 0.033021 -0.009827 0.000319
v 0.033095 -0.009698 0.000001
v 0.033269 -0.009397 0.000001
v 0.032846 -0.010128 0.000319
v 0.032921 -0.010000 0.000001
v 0.032747 -0.010301 0.000001
v 0.026483 -0.021150 0.008597
v 0.026150 -0.021728 0.009189
v 0.026289 -0.021487 0.008817
v 0.026622 -0.020910 0.008224
v 0.025955 -0.022064 0.009409
v 0.026427 -0.021246 0.008444
v 0.026094 -0.021823 0.009036
v 0.026233 -0.021583 0.008664
v 0.026760 -0.020669 0.007852
v 0.026566 -0.021006 0.008071
v 0.026899 -0.020429 0.007479
v 0.025761 -0.022400 0.009629
v 0.025900 -0.022160 0.009256
v 0.025808 -0.022320 0.008930
v 0.026141 -0.021743 0.008337
v 0.025715 -0.022480 0.008603
v 0.026049 -0.021903 0.008011
v 0.026474 -0.021166 0.007745
v 0.025623 -0.022639 0.008277
v 0.027085 -0.020108 0.006407
v 0.027510 -0.019371 0.006141
v 0.028972 -0.016839 0.004272
v 0.027936 -0.018634 0.005875
v 0.029398 -0.016102 0.004006
v 0.029823 -0.015365 0.003740
v 0.028361 -0.017897 0.005610
v 0.030859 -0.013570 0.002136
v 0.031285 -0.012833 0.001871
v 0.027944 -0.018619 0.006727
v 0.028083 -0.018378 0.006355
v 0.029545 -0.015846 0.004485
v 0.029684 -0.015606 0.004113
v 0.028222 -0.018137 0.005982
v 0.031146 -0.013074 0.002243
v 0.029645 -0.015673 0.004803
v 0.031346 -0.012727 0.002879
v 0.031246 -0.012901 0.002561
v 0.034939 -0.021926 0.005077
v 0.035457 -0.021030 0.004491
v 0.034585 -0.021085 0.004765
v 0.035102 -0.020189 0.004179
v 0.035974 -0.020134 0.003905
v 0.035620 -0.019293 0.003594
v 0.034230 -0.020244 0.004453
v 0.034748 -0.019348 0.003867
v 0.033876 -0.019404 0.004141
v 0.036492 -0.019237 0.003320
v 0.030684 -0.019722 0.005201
v 0.031377 -0.018758 0.004532
v 0.031482 -0.019643 0.004936
v 0.032175 -0.018678 0.004267
v 0.032070 -0.017794 0.003863
v 0.032280 -0.019563 0.004671
v 0.032869 -0.017714 0.003599
v 0.032973 -0.018599 0.004002
v 0.033667 -0.017634 0.003334
v 0.032764 -0.016830 0.003195
v 0.033562 -0.016750 0.002930
v 0.033457 -0.015865 0.002526
v 0.033078 -0.019483 0.004406
v 0.033771 -0.018519 0.003738
v 0.038522 -0.016734 0.001519
v 0.037890 -0.016195 0.001434
v 0.038787 -0.016111 0.001139
v 0.038150 -0.015569 0.001054
v 0.037257 -0.015656 0.001349
v 0.039042 -0.015483 0.000759
v 0.037507 -0.015026 0.000969
v 0.038400 -0.014939 0.000674
v 0.037757 -0.014395 0.000589
v 0.036625 -0.015116 0.001263
v 0.036875 -0.014486 0.000884
v 0.035992 -0.014577 0.001178
v 0.039287 -0.014850 0.000379
v 0.038640 -0.014304 0.000295
v 0.039522 -0.014213 0.000001
v 0.031595 -0.026398 0.008214
v 0.032043 -0.025856 0.007821
v 0.031249 -0.025526 0.007885
v 0.031687 -0.024977 0.007491
v 0.032481 -0.025307 0.007428
v 0.032125 -0.024427 0.007098
v 0.030901 -0.024654 0.007555
v 0.031340 -0.024105 0.007162
v 0.030554 -0.023782 0.007226
v 0.032910 -0.024750 0.007034
v 0.036968 -0.018647 0.002896
v 0.036096 -0.018702 0.003170
v 0.036573 -0.018112 0.002746
v 0.035224 -0.018758 0.003444
v 0.035701 -0.018167 0.003020
v 0.034829 -0.018223 0.003293
v 0.034352 -0.018813 0.003717
v 0.036177 -0.017577 0.002596
v 0.035305 -0.017632 0.002869
v 0.035781 -0.017042 0.002445
v 0.034635 -0.022641 0.005513
v 0.034281 -0.021800 0.005201
v 0.033977 -0.022515 0.005637
v 0.033622 -0.021674 0.005325
v 0.033926 -0.020959 0.004889
v 0.033268 -0.020833 0.005014
v 0.033319 -0.022389 0.005762
v 0.032964 -0.021548 0.005450
v 0.032660 -0.022263 0.005886
v 0.033572 -0.020118 0.004578
v 0.037668 -0.018577 0.002664
v 0.037268 -0.018040 0.002514
v 0.037963 -0.017968 0.002282
v 0.036862 -0.017500 0.002364
v 0.037557 -0.017428 0.002132
v 0.037152 -0.016888 0.001982
v 0.036467 -0.016965 0.002214
v 0.038247 -0.017353 0.001900
v 0.037837 -0.016811 0.001751
v 0.034245 -0.023224 0.005909
v 0.033846 -0.023800 0.006304
v 0.033577 -0.023091 0.006033
v 0.033177 -0.023668 0.006428
v 0.033436 -0.024370 0.006699
v 0.032919 -0.022965 0.006157
v 0.026569 -0.022463 0.007707
v 0.026537 -0.023478 0.008214
v 0.027908 -0.022564 0.007378
v 0.027941 -0.021549 0.006872
v 0.027876 -0.023579 0.007885
v 0.029280 -0.021651 0.006543
v 0.029248 -0.022666 0.007049
v 0.030619 -0.021752 0.006213
v 0.029312 -0.020636 0.006036
v 0.030651 -0.020737 0.005707
v 0.029215 -0.023681 0.007555
v 0.030587 -0.022767 0.006720
v 0.033558 -0.011370 0.000295
v 0.032924 -0.011692 0.000632
v 0.033736 -0.012761 0.000927
v 0.034369 -0.012439 0.000589
v 0.033102 -0.013083 0.001264
v 0.034547 -0.013830 0.001221
v 0.033913 -0.014152 0.001558
v 0.034725 -0.015221 0.001852
v 0.035181 -0.013508 0.000884
v 0.035359 -0.014899 0.001515
v 0.033280 -0.014474 0.001895
v 0.034091 -0.015543 0.002189
v 0.032651 -0.024047 0.006763
v 0.031866 -0.023725 0.006827
v 0.032392 -0.023345 0.006492
v 0.031607 -0.023022 0.006556
v 0.031081 -0.023402 0.006891
v 0.032134 -0.022642 0.006221
v 0.037205 -0.016272 0.001665
v 0.036519 -0.016349 0.001897
v 0.036572 -0.015733 0.001580
v 0.035887 -0.015810 0.001812
v 0.035834 -0.016426 0.002128
v 0.035940 -0.015193 0.001495
v 0.031178 -0.020357 0.005372
v 0.031976 -0.020278 0.005107
v 0.031672 -0.020992 0.005543
v 0.032774 -0.020198 0.004842
v 0.032470 -0.020913 0.005279
v 0.032166 -0.021627 0.005715
v 0.034038 -0.016160 0.002506
v 0.034143 -0.017044 0.002910
v 0.034619 -0.016454 0.002486
v 0.034724 -0.017338 0.002890
v 0.034248 -0.017929 0.003314
v 0.035200 -0.016748 0.002466
v 0.031146 -0.021372 0.005878
v 0.031640 -0.022007 0.006050
v 0.031113 -0.022387 0.006385
v 0.034672 -0.015838 0.002169
v 0.035306 -0.015515 0.001832
v 0.035253 -0.016132 0.002149
v 0.028456 -0.019194 0.005572
v 0.030344 -0.015925 0.003436
v 0.029828 -0.018281 0.004736
v 0.031715 -0.015012 0.002601
v 0.032231 -0.012656 0.001301
v 0.031199 -0.017367 0.003901
v 0.032408 -0.014048 0.001932
v 0.032586 -0.015439 0.002564
v 0.031893 -0.016403 0.003232
v 0.029909 -0.025425 0.008214
v 0.028223 -0.024451 0.008214
v 0.029562 -0.024553 0.007885
v 0.034440 -0.011279 0.000001
v 0.035252 -0.012348 0.000295
v 0.036134 -0.012257 0.000001
v 0.036946 -0.013326 0.000295
v 0.036063 -0.013417 0.000589
v 0.037828 -0.013235 0.000001
v 0.038247 -0.017353 0.002332
v 0.037963 -0.017968 0.002713
v 0.037963 -0.017967 0.003144
v 0.037668 -0.018577 0.003526
v 0.037668 -0.018577 0.003095
v 0.037668 -0.018577 0.003957
v 0.038675 -0.016377 0.001732
v 0.038406 -0.016999 0.002545
v 0.038825 -0.016019 0.001945
v 0.038562 -0.016643 0.002757
v 0.038127 -0.017616 0.003356
v 0.038288 -0.017263 0.003568
v 0.038972 -0.015659 0.002158
v 0.038714 -0.016286 0.002969
v 0.039115 -0.015298 0.002371
v 0.037838 -0.018228 0.004168
v 0.039423 -0.014485 0.000594
v 0.039184 -0.015120 0.000972
v 0.039322 -0.014757 0.001186
v 0.039079 -0.015390 0.001566
v 0.038934 -0.015751 0.001352
v 0.039219 -0.015028 0.001779
v 0.040022 -0.012736 0.000001
v 0.039811 -0.013382 0.000594
v 0.039902 -0.013107 0.000001
v 0.039685 -0.013751 0.000594
v 0.039589 -0.014024 0.001186
v 0.039779 -0.013477 0.000001
v 0.039457 -0.014391 0.001186
v 0.039556 -0.014119 0.000594
v 0.039357 -0.014663 0.001779
v 0.039652 -0.013846 0.000001
v 0.040139 -0.012364 0.000001
v 0.039933 -0.013012 0.000594
v 0.040252 -0.011991 0.000001
v 0.040052 -0.012642 0.000591
v 0.039717 -0.013658 0.001184
v 0.039842 -0.013290 0.001181
v 0.040361 -0.011617 0.000001
v 0.040168 -0.012270 0.000590
v 0.040468 -0.011242 0.000001
v 0.039491 -0.014299 0.001775
v 0.028005 -0.018645 0.007154
v 0.028358 -0.018858 0.007158
v 0.028544 -0.018137 0.006753
v 0.028898 -0.018351 0.006757
v 0.028712 -0.019072 0.007163
v 0.029084 -0.017630 0.006352
v 0.029251 -0.018564 0.006762
v 0.029437 -0.017844 0.006356
v 0.029790 -0.018057 0.006361
v 0.029065 -0.019285 0.007168
v 0.029604 -0.018778 0.006767
v 0.029418 -0.019499 0.007173
v 0.029623 -0.017123 0.005951
v 0.029976 -0.017337 0.005955
v 0.030162 -0.016616 0.005550
v 0.034766 -0.022376 0.007069
v 0.034531 -0.022794 0.007341
v 0.034003 -0.022403 0.007298
v 0.034239 -0.021984 0.007026
v 0.033767 -0.022822 0.007570
v 0.033476 -0.022011 0.007256
v 0.033240 -0.022430 0.007528
v 0.032713 -0.022038 0.007485
v 0.033712 -0.021592 0.006984
v 0.032949 -0.021620 0.007213
v 0.033184 -0.021201 0.006941
v 0.033004 -0.022849 0.007799
v 0.032477 -0.022457 0.007757
v 0.032241 -0.022876 0.008029
v 0.034194 -0.023300 0.007684
v 0.033423 -0.023323 0.007913
v 0.033850 -0.023801 0.008027
v 0.033079 -0.023824 0.008256
v 0.032660 -0.023350 0.008142
v 0.033498 -0.024298 0.008370
v 0.031334 -0.018067 0.005929
v 0.031041 -0.017704 0.005834
v 0.030855 -0.018425 0.006240
v 0.030562 -0.018062 0.006145
v 0.030748 -0.017342 0.005739
v 0.030376 -0.018783 0.006551
v 0.030269 -0.017700 0.006050
v 0.030083 -0.018420 0.006456
v 0.030455 -0.016979 0.005644
v 0.029897 -0.019141 0.006862
v 0.033915 -0.009862 0.001179
v 0.034196 -0.009376 0.000861
v 0.034683 -0.010116 0.001086
v 0.034964 -0.009630 0.000768
v 0.034477 -0.008890 0.000543
v 0.035245 -0.009143 0.000450
v 0.035452 -0.010370 0.000993
v 0.035733 -0.009883 0.000675
v 0.036220 -0.010624 0.000900
v 0.034757 -0.008403 0.000225
v 0.026735 -0.021700 0.009010
v 0.026943 -0.021402 0.008806
v 0.027334 -0.021711 0.008846
v 0.027127 -0.022009 0.009051
v 0.027541 -0.021414 0.008642
v 0.027725 -0.022020 0.008887
v 0.027933 -0.021722 0.008682
v 0.028324 -0.022031 0.008723
v 0.027518 -0.022317 0.009091
v 0.028117 -0.022329 0.008927
v 0.027909 -0.022626 0.009132
v 0.028140 -0.021425 0.008478
v 0.028532 -0.021734 0.008518
v 0.028739 -0.021436 0.008314
v 0.026738 -0.021124 0.008727
v 0.027337 -0.021135 0.008563
v 0.027132 -0.020857 0.008484
v 0.027936 -0.021147 0.008399
v 0.027731 -0.020868 0.008321
v 0.028330 -0.020879 0.008157
v 0.028535 -0.021158 0.008235
v 0.027527 -0.020589 0.008242
v 0.028126 -0.020601 0.008078
v 0.027921 -0.020322 0.007999
v 0.035114 -0.022099 0.006835
v 0.035631 -0.021202 0.006250
v 0.034933 -0.021430 0.006559
v 0.036149 -0.020306 0.005664
v 0.035451 -0.020534 0.005973
v 0.035968 -0.019637 0.005387
v 0.036666 -0.019410 0.005078
v 0.034753 -0.020761 0.006282
v 0.035271 -0.019865 0.005696
v 0.034573 -0.020093 0.006005
v 0.030956 -0.020699 0.007325
v 0.030402 -0.020883 0.007572
v 0.030750 -0.021203 0.007631
v 0.030196 -0.021387 0.007878
v 0.029848 -0.021068 0.007820
v 0.030544 -0.021707 0.007936
v 0.029641 -0.021572 0.008125
v 0.029989 -0.021892 0.008183
v 0.029435 -0.022076 0.008431
v 0.029293 -0.021252 0.008067
v 0.029087 -0.021756 0.008372
v 0.030337 -0.022212 0.008242
v 0.029783 -0.022396 0.008489
v 0.030131 -0.022716 0.008547
v 0.031051 -0.020041 0.006976
v 0.030572 -0.020399 0.007287
v 0.030666 -0.019741 0.006938
v 0.031145 -0.019383 0.006627
v 0.030187 -0.020099 0.007249
v 0.030761 -0.019083 0.006589
v 0.030282 -0.019441 0.006900
v 0.031240 -0.018725 0.006278
v 0.029803 -0.019799 0.007211
v 0.031521 -0.015230 0.004486
v 0.031474 -0.015939 0.004847
v 0.031925 -0.015455 0.004482
v 0.031878 -0.016164 0.004843
v 0.031427 -0.016648 0.005208
v 0.032329 -0.015680 0.004478
v 0.031831 -0.016873 0.005203
v 0.032282 -0.016389 0.004839
v 0.032235 -0.017098 0.005199
v 0.031381 -0.017358 0.005568
v 0.031785 -0.017583 0.005564
v 0.032733 -0.015905 0.004474
v 0.032686 -0.016614 0.004835
v 0.033137 -0.016130 0.004470
v 0.031278 -0.021243 0.007501
v 0.031071 -0.021747 0.007807
v 0.031599 -0.021787 0.007677
v 0.030865 -0.022252 0.008112
v 0.031392 -0.022292 0.007982
v 0.031186 -0.022796 0.008288
v 0.030659 -0.022756 0.008418
v 0.031920 -0.022332 0.007853
v 0.031714 -0.022836 0.008158
v 0.026541 -0.022036 0.009230
v 0.026347 -0.022373 0.009449
v 0.026932 -0.022345 0.009270
v 0.026738 -0.022681 0.009490
v 0.026153 -0.022709 0.009669
v 0.027324 -0.022654 0.009311
v 0.031514 -0.020824 0.007229
v 0.031835 -0.021369 0.007405
v 0.032070 -0.020950 0.007133
v 0.032156 -0.021913 0.007581
v 0.032392 -0.021494 0.007309
v 0.032628 -0.021075 0.007037
v 0.030018 -0.020583 0.007534
v 0.029633 -0.020283 0.007496
v 0.029463 -0.020768 0.007781
v 0.029079 -0.020468 0.007743
v 0.029248 -0.019983 0.007458
v 0.028909 -0.020952 0.008029
v 0.028880 -0.022054 0.008577
v 0.028672 -0.022351 0.008781
v 0.029228 -0.022374 0.008635
v 0.029020 -0.022671 0.008839
v 0.028465 -0.022649 0.008986
v 0.029576 -0.022693 0.008693
v 0.033614 -0.010157 0.001408
v 0.034382 -0.010411 0.001315
v 0.034081 -0.010705 0.001545
v 0.034850 -0.010959 0.001452
v 0.035151 -0.010664 0.001222
v 0.035618 -0.011213 0.001359
v 0.034549 -0.011253 0.001681
v 0.035317 -0.011507 0.001588
v 0.035016 -0.011802 0.001817
v 0.035919 -0.010918 0.001129
v 0.029420 -0.024013 0.009384
v 0.029598 -0.023689 0.009175
v 0.029042 -0.023666 0.009321
v 0.029220 -0.023342 0.009112
v 0.029776 -0.023364 0.008965
v 0.028665 -0.023319 0.009258
v 0.029398 -0.023018 0.008902
v 0.028842 -0.022995 0.009049
v 0.029953 -0.023040 0.008756
v 0.028287 -0.022973 0.009195
v 0.033328 -0.024686 0.008608
v 0.032909 -0.024212 0.008495
v 0.032738 -0.024601 0.008733
v 0.032490 -0.023738 0.008381
v 0.032319 -0.024127 0.008620
v 0.031900 -0.023653 0.008506
v 0.032071 -0.023265 0.008267
v 0.032149 -0.024516 0.008858
v 0.031730 -0.024042 0.008745
v 0.031560 -0.024431 0.008983
v 0.033870 -0.018121 0.005238
v 0.033687 -0.017623 0.005046
v 0.033236 -0.018107 0.005411
v 0.033053 -0.017610 0.005219
v 0.033504 -0.017125 0.004854
v 0.032602 -0.018094 0.005583
v 0.032870 -0.017112 0.005027
v 0.032419 -0.017596 0.005391
v 0.033320 -0.016627 0.004662
v 0.031968 -0.018081 0.005756
v 0.031181 -0.015576 0.004752
v 0.031134 -0.016286 0.005113
v 0.030841 -0.015923 0.005018
v 0.030795 -0.016632 0.005379
v 0.031088 -0.016995 0.005473
v 0.030502 -0.016269 0.005284
v 0.039406 -0.011087 0.000226
v 0.039565 -0.011742 0.000502
v 0.038503 -0.011588 0.000726
v 0.038344 -0.010933 0.000450
v 0.038663 -0.012243 0.001002
v 0.037442 -0.011433 0.000951
v 0.037601 -0.012088 0.001227
v 0.036539 -0.011934 0.001451
v 0.037282 -0.010778 0.000675
v 0.036380 -0.011279 0.001176
v 0.037760 -0.012743 0.001503
v 0.036699 -0.012589 0.001727
v 0.036858 -0.013244 0.002003
v 0.036948 -0.018425 0.004516
v 0.037410 -0.017466 0.003916
v 0.036532 -0.017668 0.004263
v 0.037848 -0.016495 0.003316
v 0.036970 -0.016697 0.003664
v 0.037407 -0.015726 0.003064
v 0.038261 -0.015512 0.002718
v 0.036116 -0.016912 0.004010
v 0.036553 -0.015941 0.003411
v 0.035700 -0.016155 0.003757
v 0.032208 -0.026129 0.009632
v 0.032588 -0.025654 0.009291
v 0.031992 -0.025563 0.009416
v 0.032962 -0.025173 0.008950
v 0.032365 -0.025082 0.009075
v 0.031776 -0.024997 0.009200
v 0.038551 -0.014784 0.002279
v 0.038914 -0.013780 0.001684
v 0.037986 -0.014271 0.002187
v 0.039252 -0.012766 0.001092
v 0.038325 -0.013257 0.001595
v 0.037422 -0.013757 0.002095
v 0.029955 -0.024117 0.009284
v 0.030133 -0.023793 0.009074
v 0.030490 -0.024222 0.009183
v 0.030668 -0.023898 0.008974
v 0.030310 -0.023469 0.008865
v 0.030845 -0.023573 0.008765
v 0.031025 -0.024326 0.009083
v 0.031202 -0.024002 0.008874
v 0.030488 -0.023145 0.008656
v 0.028704 -0.020673 0.007950
v 0.028874 -0.020189 0.007665
v 0.028500 -0.020395 0.007871
v 0.028670 -0.019910 0.007586
v 0.029044 -0.019705 0.007379
v 0.028296 -0.020116 0.007793
v 0.034586 -0.021707 0.006793
v 0.034406 -0.021038 0.006516
v 0.034059 -0.021316 0.006750
v 0.033879 -0.020647 0.006473
v 0.034226 -0.020370 0.006239
v 0.033532 -0.020924 0.006707
v 0.027984 -0.019064 0.007365
v 0.028337 -0.019277 0.007370
v 0.027963 -0.019483 0.007577
v 0.028316 -0.019697 0.007581
v 0.028691 -0.019491 0.007375
v 0.027942 -0.019903 0.007788
v 0.031543 -0.023225 0.008397
v 0.031016 -0.023185 0.008527
v 0.031373 -0.023613 0.008636
v 0.036490 -0.018917 0.004887
v 0.035793 -0.019144 0.005195
v 0.035617 -0.018651 0.005004
v 0.034919 -0.018879 0.005313
v 0.035095 -0.019372 0.005504
v 0.034222 -0.019107 0.005622
v 0.034744 -0.018386 0.005121
v 0.034046 -0.018614 0.005430
v 0.034397 -0.019600 0.005813
v 0.031398 -0.020417 0.007062
v 0.031493 -0.019759 0.006713
v 0.031840 -0.020135 0.006799
v 0.031934 -0.019477 0.006450
v 0.031587 -0.019101 0.006364
v 0.032029 -0.018819 0.006101
v 0.032282 -0.019853 0.006536
v 0.032376 -0.019196 0.006187
v 0.032724 -0.019572 0.006273
v 0.031681 -0.018443 0.006015
v 0.034221 -0.013799 0.003021
v 0.034590 -0.014388 0.003205
v 0.034880 -0.013660 0.002767
v 0.035250 -0.014249 0.002951
v 0.034960 -0.014977 0.003389
v 0.035539 -0.013522 0.002512
v 0.035619 -0.014838 0.003135
v 0.035909 -0.014111 0.002696
v 0.036279 -0.014700 0.002880
v 0.035330 -0.015566 0.003573
v 0.035989 -0.015427 0.003319
v 0.036199 -0.013383 0.002258
v 0.036568 -0.013972 0.002442
v 0.031955 -0.020543 0.006966
v 0.032512 -0.020668 0.006870
v 0.032397 -0.020261 0.006703
v 0.032954 -0.020386 0.006607
v 0.033069 -0.020794 0.006774
v 0.032839 -0.019979 0.006440
v 0.036075 -0.018160 0.004633
v 0.035658 -0.017403 0.004380
v 0.035201 -0.017895 0.004751
v 0.034785 -0.017138 0.004498
v 0.035242 -0.016647 0.004127
v 0.034328 -0.017629 0.004868
v 0.037697 -0.014999 0.002626
v 0.037133 -0.014485 0.002534
v 0.036843 -0.015213 0.002972
v 0.036079 -0.011573 0.001405
v 0.035778 -0.011868 0.001634
v 0.036238 -0.012228 0.001681
v 0.035937 -0.012523 0.001910
v 0.035477 -0.012162 0.001864
v 0.036398 -0.012883 0.001957
v 0.033950 -0.014382 0.003383
v 0.034320 -0.014971 0.003567
v 0.033679 -0.014965 0.003746
v 0.034049 -0.015553 0.003930
v 0.034689 -0.015560 0.003751
v 0.034418 -0.016142 0.004113
v 0.033408 -0.015547 0.004108
v 0.033778 -0.016136 0.004292
v 0.035059 -0.016149 0.003935
v 0.034144 -0.017132 0.004676
v 0.034602 -0.016640 0.004305
v 0.033961 -0.016634 0.004484
v 0.034420 -0.013300 0.002720
v 0.035079 -0.013161 0.002466
v 0.034619 -0.012800 0.002419
v 0.035738 -0.013022 0.002211
v 0.035278 -0.012662 0.002165
v 0.034817 -0.012301 0.002118
v 0.033584 -0.018484 0.005497
v 0.032950 -0.018470 0.005669
v 0.033297 -0.018846 0.005755
v 0.032316 -0.018457 0.005842
v 0.032663 -0.018833 0.005928
v 0.033010 -0.019209 0.006014
v 0.033416 -0.020517 0.006540
v 0.033764 -0.020240 0.006306
v 0.033301 -0.020109 0.006373
v 0.033648 -0.019832 0.006139
v 0.034111 -0.019962 0.006072
v 0.033186 -0.019702 0.006206
v 0.033759 -0.018976 0.005689
v 0.033473 -0.019339 0.005947
v 0.033935 -0.019469 0.005880
v 0.031861 -0.011868 0.002742
v 0.032400 -0.011361 0.002341
v 0.031115 -0.013619 0.003812
v 0.030576 -0.014127 0.004213
v 0.031654 -0.013112 0.003411
v 0.029830 -0.015878 0.005282
v 0.030369 -0.015371 0.004881
v 0.029290 -0.016386 0.005683
v 0.030908 -0.014864 0.004480
v 0.035819 -0.008558 0.000001
v 0.036307 -0.009298 0.000226
v 0.037369 -0.009452 0.000001
v 0.036795 -0.010038 0.000450
v 0.037856 -0.010193 0.000226
v 0.038918 -0.010347 0.000001
v 0.032740 -0.011014 0.002075
v 0.033415 -0.010656 0.001709
v 0.033009 -0.012062 0.002513
v 0.032334 -0.012419 0.002879
v 0.033684 -0.011704 0.002147
v 0.032602 -0.013467 0.003316
v 0.033277 -0.013109 0.002950
v 0.032871 -0.014515 0.003754
v 0.031927 -0.013825 0.003682
v 0.032196 -0.014872 0.004120
v 0.033952 -0.012752 0.002584
v 0.033546 -0.014157 0.003388
v 0.026530 -0.023056 0.009732
v 0.027116 -0.023028 0.009553
v 0.027494 -0.023375 0.009616
v 0.028079 -0.023347 0.009437
v 0.027701 -0.023000 0.009374
v 0.028457 -0.023694 0.009500
v 0.031673 -0.026025 0.009732
v 0.029959 -0.025035 0.009732
v 0.030922 -0.025354 0.009616
v 0.029208 -0.024364 0.009616
v 0.028245 -0.024046 0.009732
v 0.030171 -0.024683 0.009500
v 0.033882 -0.011205 0.001846
v 0.034151 -0.012252 0.002283
v 0.034350 -0.011753 0.001982
v 0.031457 -0.025459 0.009516
v 0.031241 -0.024892 0.009300
v 0.030706 -0.024788 0.009400
v 0.032600 -0.015097 0.004116
v 0.033004 -0.015322 0.004112
v 0.033275 -0.014740 0.003750
v 0.026759 -0.020705 0.008515
v 0.027153 -0.020437 0.008273
v 0.027175 -0.020018 0.008062
v 0.027548 -0.020170 0.008030
v 0.027569 -0.019751 0.007819
v 0.027590 -0.019331 0.007608
v 0.031994 -0.012766 0.003145
v 0.031248 -0.014518 0.004214
v 0.031588 -0.014171 0.003948
v 0.028460 -0.017759 0.006591
v 0.028875 -0.017072 0.006137
v 0.030160 -0.014813 0.004667
v 0.020256 -0.006021 0.011980
v 0.019860 -0.006121 0.012591
v 0.018370 -0.004989 0.012086
v 0.018766 -0.004889 0.011475
v 0.017974 -0.005090 0.012697
v 0.016880 -0.003858 0.011582
v 0.016485 -0.003958 0.012192
v 0.014995 -0.002826 0.011688
v 0.017276 -0.003757 0.010971
v 0.015391 -0.002726 0.011077
v 0.015787 -0.002626 0.010466
v 0.016089 -0.004058 0.012803
v 0.014599 -0.002926 0.012298
v 0.014203 -0.003026 0.012909
v 0.011470 0.000004 0.010211
v 0.010454 0.000985 0.009478
v 0.011373 0.001011 0.008446
v 0.012440 0.000008 0.009163
v 0.010305 0.002014 0.007728
v 0.012219 0.001062 0.007443
v 0.011152 0.002065 0.006725
v 0.011998 0.002115 0.005723
v 0.013410 0.000012 0.008115
v 0.013189 0.001066 0.006395
v 0.014380 0.000017 0.007068
v 0.010035 0.003088 0.006021
v 0.010808 0.003165 0.005051
v 0.009617 0.004214 0.004378
v 0.011040 -0.000350 0.011330
v 0.012010 -0.000346 0.010282
v 0.011580 -0.000700 0.011401
v 0.012550 -0.000696 0.010353
v 0.012980 -0.000342 0.009234
v 0.013520 -0.000692 0.009306
v 0.012120 -0.001050 0.011472
v 0.013090 -0.001046 0.010425
v 0.012660 -0.001401 0.011544
v 0.013950 -0.000338 0.008187
v 0.019803 0.000691 0.000001
v 0.017256 0.001572 0.001095
v 0.018447 0.000522 0.001768
v 0.015901 0.001403 0.002862
v 0.014710 0.002453 0.002190
v 0.017091 0.000354 0.003534
v 0.013354 0.002284 0.003956
v 0.014545 0.001235 0.004629
v 0.012164 0.003333 0.003284
v 0.015736 0.000185 0.005301
v 0.010613 -0.001910 0.014685
v 0.010651 -0.001679 0.014214
v 0.010902 -0.001907 0.014370
v 0.010935 -0.001673 0.013900
v 0.010683 -0.001444 0.013744
v 0.010967 -0.001439 0.013430
v 0.011191 -0.001905 0.014055
v 0.011224 -0.001670 0.013585
v 0.011480 -0.001902 0.013739
v 0.010711 -0.001208 0.013276
v 0.012210 -0.002720 0.014477
v 0.011529 -0.002439 0.014685
v 0.012193 -0.002541 0.014162
v 0.012874 -0.002822 0.013954
v 0.011513 -0.002260 0.014370
v 0.012858 -0.002643 0.013639
v 0.012177 -0.002362 0.013847
v 0.012842 -0.002464 0.013324
v 0.013539 -0.002924 0.013432
v 0.013522 -0.002745 0.013116
v 0.011496 -0.002081 0.014055
v 0.012161 -0.002183 0.013532
v 0.015435 -0.001965 0.009617
v 0.015005 -0.002319 0.010736
v 0.014653 -0.001659 0.009886
v 0.015083 -0.001305 0.008767
v 0.014223 -0.002013 0.011005
v 0.014302 -0.000998 0.009036
v 0.013872 -0.001353 0.010155
v 0.014732 -0.000644 0.007917
v 0.013442 -0.001707 0.011274
v 0.019833 -0.000237 0.001692
v 0.021405 -0.000983 0.001390
v 0.021435 -0.001910 0.003082
v 0.019863 -0.001165 0.003383
v 0.023008 -0.002656 0.002780
v 0.021465 -0.002838 0.004773
v 0.023038 -0.003584 0.004471
v 0.023067 -0.004512 0.006162
v 0.019892 -0.002093 0.005075
v 0.021495 -0.003766 0.006464
v 0.019922 -0.003021 0.006766
v 0.024610 -0.004329 0.004169
v 0.024640 -0.005257 0.005860
v 0.026213 -0.006002 0.005558
v 0.030513 -0.010266 0.008867
v 0.027963 -0.009133 0.009495
v 0.029079 -0.008845 0.007764
v 0.026529 -0.007711 0.008393
v 0.025412 -0.007999 0.010124
v 0.023979 -0.006578 0.009021
v 0.027646 -0.007424 0.006661
v 0.025096 -0.006290 0.007290
v 0.022862 -0.006865 0.010753
v 0.011034 -0.000597 0.011794
v 0.011023 -0.000841 0.012260
v 0.011569 -0.000944 0.011867
v 0.011557 -0.001189 0.012332
v 0.011006 -0.001083 0.012727
v 0.012109 -0.001295 0.011938
v 0.011262 -0.001314 0.012881
v 0.011519 -0.001545 0.013036
v 0.011814 -0.001420 0.012487
v 0.012070 -0.001651 0.012642
v 0.011775 -0.001776 0.013191
v 0.012365 -0.001526 0.012093
v 0.031094 -0.009260 0.006375
v 0.031675 -0.008254 0.003882
v 0.029660 -0.007839 0.005272
v 0.030241 -0.006832 0.002780
v 0.032256 -0.007247 0.001390
v 0.028227 -0.006417 0.004169
v 0.010918 -0.002086 0.014685
v 0.011224 -0.002263 0.014685
v 0.011207 -0.002084 0.014370
v 0.016820 -0.002724 0.009541
v 0.016469 -0.002064 0.008692
v 0.017854 -0.002823 0.008616
v 0.017503 -0.002163 0.007767
v 0.016117 -0.001403 0.007842
v 0.017151 -0.001502 0.006917
v 0.018888 -0.002922 0.007691
v 0.018537 -0.002262 0.006841
v 0.015765 -0.000743 0.006992
v 0.021290 -0.006120 0.011055
v 0.019800 -0.004988 0.010550
v 0.020834 -0.005087 0.009625
v 0.019344 -0.003955 0.009121
v 0.018310 -0.003856 0.010046
v 0.020378 -0.004054 0.008196
v 0.012456 -0.002058 0.012983
v 0.013137 -0.002339 0.012775
v 0.012751 -0.001932 0.012434
v 0.013432 -0.002214 0.012226
v 0.013817 -0.002620 0.012567
v 0.013046 -0.001807 0.011885
v 0.018477 -0.000406 0.003459
v 0.017121 -0.000574 0.005226
v 0.018507 -0.001334 0.005150
v 0.022406 -0.005832 0.009323
v 0.023523 -0.005545 0.007592
v 0.021951 -0.004799 0.007894
v 0.014609 -0.002420 0.011346
v 0.013827 -0.002113 0.011616
v 0.014213 -0.002520 0.011957
v 0.030653 -0.005574 0.000001
v 0.028639 -0.005159 0.001390
v 0.027036 -0.003486 0.000001
v 0.025022 -0.003071 0.001390
v 0.026625 -0.004744 0.002780
v 0.023420 -0.001398 0.000001
v 0.014760 -0.003854 0.013848
v 0.017310 -0.004987 0.013219
v 0.015424 -0.003956 0.013326
v 0.016186 0.002779 0.000001
v 0.013640 0.003660 0.001095
v 0.012569 0.004867 0.000001
v 0.010356 0.005748 0.000738
v 0.011426 0.004541 0.001832
v 0.008142 0.006630 0.001474
v 0.008952 0.006955 0.000001
v 0.006933 0.007886 0.000438
v 0.005335 0.009043 0.000001
v 0.009008 0.005396 0.002838
v -0.003266 0.021905 0.011965
v -0.002959 0.019004 0.012622
v -0.003662 0.020507 0.011114
v -0.003356 0.017606 0.011771
v -0.002653 0.016103 0.013280
v -0.004059 0.019109 0.010263
v -0.003049 0.014704 0.012429
v -0.003753 0.016207 0.010920
v -0.003446 0.013306 0.011578
v -0.002346 0.013201 0.013937
v -0.002743 0.011803 0.013086
v -0.002040 0.010300 0.014594
v -0.004456 0.017711 0.009412
v -0.004150 0.014809 0.010069
v -0.004853 0.016313 0.008561
v -0.008844 0.018834 0.000001
v -0.008844 0.022128 0.000001
v -0.008183 0.020232 0.001419
v -0.008183 0.023525 0.001419
v -0.008844 0.025422 0.000001
v -0.007522 0.021629 0.002837
v -0.008183 0.026819 0.001419
v -0.007522 0.024922 0.002837
v -0.007522 0.028216 0.002837
v -0.008844 0.028716 0.000001
v -0.008183 0.030113 0.001419
v -0.008844 0.032010 0.000001
v -0.006861 0.023026 0.004256
v -0.006861 0.026320 0.004256
v -0.006199 0.024423 0.005674
v -0.008844 0.005659 0.000001
v -0.008844 0.008953 0.000001
v -0.008071 0.006716 0.001659
v -0.008051 0.009918 0.001703
v -0.008844 0.012247 0.000001
v -0.007257 0.007588 0.003405
v -0.008023 0.013059 0.001762
v -0.007230 0.010729 0.003463
v -0.007202 0.013871 0.003522
v -0.008844 0.015541 0.000001
v -0.008023 0.016353 0.001762
v -0.006418 0.008310 0.005205
v -0.006381 0.011389 0.005283
v -0.005561 0.008907 0.007043
v -0.004688 0.030917 0.008914
v -0.005008 0.031265 0.008229
v -0.005033 0.030171 0.008174
v -0.004714 0.029823 0.008860
v -0.005353 0.030519 0.007489
v -0.005059 0.029078 0.008119
v -0.005378 0.029426 0.007434
v -0.005404 0.028332 0.007379
v -0.004739 0.028730 0.008805
v -0.005084 0.027984 0.008064
v -0.004765 0.027636 0.008750
v -0.005698 0.029774 0.006749
v -0.005724 0.028680 0.006694
v -0.006043 0.029029 0.006008
v -0.003999 0.022534 0.010392
v -0.004396 0.021136 0.009541
v -0.004732 0.023164 0.008819
v -0.004793 0.019738 0.008690
v -0.005129 0.021766 0.007968
v -0.005526 0.020368 0.007117
v -0.005189 0.018340 0.007839
v -0.005466 0.023793 0.007246
v -0.005863 0.022395 0.006396
v -0.007847 0.018204 0.002141
v -0.007185 0.019601 0.003559
v -0.006849 0.017574 0.004281
v -0.006524 0.020998 0.004977
v -0.006187 0.018971 0.005699
v -0.005851 0.016943 0.006421
v -0.007026 0.015722 0.003902
v -0.006028 0.015092 0.006042
v -0.006205 0.013240 0.005662
v -0.005207 0.012610 0.007802
v -0.005030 0.014461 0.008182
v -0.005384 0.010758 0.007423
v -0.003640 0.023338 0.011161
v -0.004374 0.023967 0.009588
v -0.004015 0.024771 0.010357
v -0.005107 0.024597 0.008015
v -0.004749 0.025400 0.008784
v -0.005482 0.026029 0.007212
v -0.005841 0.025226 0.006443
v -0.004390 0.026203 0.009553
v -0.005123 0.026833 0.007981
v -0.008144 0.031265 0.001503
v -0.007483 0.029368 0.002921
v -0.007444 0.030519 0.003005
v -0.006783 0.028623 0.004423
v -0.006822 0.027471 0.004339
v -0.006121 0.026726 0.005841
v -0.006743 0.029774 0.004507
v -0.006082 0.027877 0.005925
v -0.006160 0.025574 0.005757
v -0.004691 0.009394 0.008908
v -0.004510 0.011196 0.009297
v -0.003813 0.009783 0.010791
v -0.004326 0.012958 0.009690
v -0.003630 0.011545 0.011184
v -0.002928 0.010083 0.012688
v -0.005802 0.026377 0.006526
v -0.005763 0.027529 0.006610
v -0.005443 0.027181 0.007295
v -0.004620 0.032385 0.009061
v -0.004645 0.031291 0.009006
v -0.004577 0.032760 0.009152
v -0.004603 0.031666 0.009097
v -0.004671 0.030198 0.008951
v -0.004628 0.030573 0.009043
v -0.004534 0.033135 0.009244
v -0.004560 0.032042 0.009189
v -0.004492 0.033510 0.009335
v -0.004697 0.029105 0.008896
v -0.003572 0.024806 0.011308
v -0.003947 0.026239 0.010504
v -0.003879 0.027708 0.010650
v -0.004322 0.027672 0.009700
v -0.004253 0.029140 0.009846
v -0.004185 0.030609 0.009993
v -0.005708 0.032010 0.006727
v -0.006053 0.031265 0.005987
v -0.006753 0.032010 0.004485
v -0.006398 0.030519 0.005247
v -0.007099 0.031265 0.003745
v -0.007799 0.032010 0.002243
v -0.004620 0.032760 0.009061
v -0.004620 0.033135 0.009061
v -0.004577 0.033135 0.009152
v -0.004577 0.033510 0.009152
v -0.004620 0.033510 0.009061
v -0.004534 0.033510 0.009244
v -0.008062 0.032010 0.000001
v -0.005193 0.032010 0.002243
v -0.007212 0.032010 0.002243
v -0.004343 0.032010 0.004485
v -0.002323 0.032010 0.004485
v -0.006362 0.032010 0.004485
v -0.001473 0.032010 0.006727
v -0.003493 0.032010 0.006727
v 0.000547 0.032010 0.006727
v -0.005512 0.032010 0.006727
v -0.008649 0.032010 0.000001
v -0.007603 0.032010 0.002243
v -0.008453 0.032010 0.000001
v -0.007408 0.032010 0.002243
v -0.006558 0.032010 0.004485
v -0.008258 0.032010 0.000001
v -0.000105 0.036849 0.006218
v 0.000381 0.036503 0.006598
v -0.000269 0.036068 0.006090
v 0.000217 0.035722 0.006470
v 0.000867 0.036157 0.006977
v -0.000433 0.035286 0.005962
v 0.000703 0.035376 0.006849
v 0.000053 0.034941 0.006342
v 0.000539 0.034595 0.006721
v 0.001353 0.035812 0.007357
v 0.001189 0.035030 0.007229
v 0.001839 0.035466 0.007737
v -0.000597 0.034505 0.005834
v -0.000111 0.034159 0.006213
v -0.000761 0.033724 0.005706
v 0.003036 0.033528 0.008672
v 0.003036 0.033153 0.008672
v 0.002655 0.033547 0.008374
v 0.003036 0.032778 0.008672
v 0.002655 0.033172 0.008374
v 0.002655 0.032797 0.008374
v 0.003036 0.032403 0.008672
v 0.002274 0.033565 0.008077
v 0.002274 0.033190 0.008077
v 0.001894 0.033584 0.007779
v 0.005766 0.034064 0.010805
v 0.005074 0.034064 0.010264
v 0.005347 0.034618 0.010478
v 0.004382 0.034064 0.009724
v 0.004656 0.034618 0.009937
v 0.003964 0.034618 0.009397
v 0.003690 0.034064 0.009183
v 0.004929 0.035172 0.010151
v 0.004238 0.035172 0.009611
v 0.004511 0.035725 0.009824
v -0.000097 0.033689 0.006224
v 0.000553 0.034124 0.006732
v 0.000567 0.033654 0.006743
v 0.001203 0.034560 0.007240
v 0.001216 0.034089 0.007250
v 0.001866 0.034525 0.007758
v 0.001853 0.034995 0.007747
v 0.001230 0.033619 0.007261
v 0.001880 0.034054 0.007769
v 0.003022 0.033999 0.008661
v 0.003386 0.034015 0.008945
v 0.002991 0.034504 0.008637
v 0.002628 0.034488 0.008353
v 0.003355 0.034520 0.008921
v 0.002597 0.034993 0.008329
v 0.002961 0.035009 0.008613
v 0.002566 0.035498 0.008305
v 0.002233 0.034977 0.008045
v 0.002203 0.035482 0.008021
v 0.003324 0.035025 0.008897
v 0.002930 0.035514 0.008589
v 0.003294 0.035530 0.008873
v 0.002641 0.034017 0.008364
v 0.002261 0.034036 0.008066
v 0.002247 0.034506 0.008056
v 0.003298 0.037725 0.008876
v 0.003764 0.037792 0.009241
v 0.003601 0.037225 0.009113
v 0.004067 0.037292 0.009478
v 0.004230 0.037859 0.009605
v 0.003904 0.036725 0.009350
v 0.004533 0.037359 0.009842
v 0.004371 0.036792 0.009715
v 0.004837 0.036859 0.010079
v 0.004696 0.037925 0.009969
v 0.005000 0.037425 0.010206
v 0.005163 0.037992 0.010333
v 0.004208 0.036225 0.009587
v 0.004674 0.036292 0.009952
v 0.003660 0.034569 0.009159
v 0.003629 0.035074 0.009135
v 0.003933 0.035123 0.009373
v 0.003902 0.035628 0.009349
v 0.003598 0.035579 0.009111
v 0.004207 0.035677 0.009587
v 0.003583 0.038264 0.009100
v 0.004050 0.038331 0.009464
v 0.003869 0.038803 0.009323
v 0.004335 0.038869 0.009687
v 0.004516 0.038397 0.009828
v 0.004802 0.038936 0.010051
v 0.004155 0.039341 0.009546
v 0.004621 0.039408 0.009910
v 0.004440 0.039880 0.009769
v 0.004982 0.038464 0.010192
v 0.003297 0.037177 0.008876
v 0.002933 0.037161 0.008591
v 0.002932 0.036612 0.008591
v 0.003296 0.036628 0.008875
v 0.002568 0.036596 0.008306
v 0.002931 0.036063 0.008590
v 0.002567 0.036047 0.008306
v 0.003295 0.036079 0.008874
v 0.002204 0.036031 0.008022
v -0.002346 0.041004 0.004467
v -0.002822 0.041905 0.004095
v -0.003097 0.040953 0.003880
v -0.002621 0.040059 0.004252
v -0.003574 0.041848 0.003508
v -0.003372 0.039995 0.003665
v -0.003848 0.040889 0.003293
v -0.004123 0.039931 0.003079
v -0.002896 0.039114 0.004037
v -0.003647 0.039049 0.003450
v -0.003172 0.038169 0.003822
v -0.004324 0.041777 0.002921
v -0.004599 0.040811 0.002707
v -0.005074 0.041692 0.002335
v 0.002891 0.037633 0.008559
v 0.002527 0.037068 0.008274
v 0.002485 0.037541 0.008242
v 0.002162 0.036503 0.007989
v 0.002121 0.036976 0.007957
v 0.001756 0.036411 0.007672
v 0.001797 0.035938 0.007704
v 0.002079 0.037448 0.007924
v 0.001714 0.036883 0.007639
v 0.001673 0.037356 0.007607
v -0.000872 0.037179 0.005619
v -0.000261 0.037517 0.006096
v -0.001028 0.037847 0.005497
v -0.001638 0.037509 0.005020
v -0.000417 0.038186 0.005974
v -0.001794 0.038177 0.004898
v -0.001184 0.038516 0.005375
v -0.001951 0.038846 0.004776
v -0.002405 0.037839 0.004421
v -0.002561 0.038507 0.004299
v -0.000573 0.038854 0.005852
v -0.001340 0.039184 0.005253
v -0.000729 0.039523 0.005730
v -0.000636 0.036519 0.005803
v -0.000800 0.035738 0.005675
v -0.001167 0.036190 0.005388
v -0.000964 0.034957 0.005547
v -0.001331 0.035408 0.005260
v -0.001494 0.034627 0.005132
v -0.001128 0.034175 0.005419
v -0.001698 0.035860 0.004974
v -0.001861 0.035079 0.004846
v -0.002228 0.035530 0.004559
v 0.002823 0.038104 0.008506
v 0.003246 0.038315 0.008836
v 0.002771 0.038694 0.008465
v 0.002348 0.038483 0.008135
v 0.003193 0.038904 0.008795
v 0.002296 0.039072 0.008094
v 0.002719 0.039283 0.008424
v 0.002244 0.039662 0.008053
v 0.001874 0.038862 0.007764
v 0.001822 0.039451 0.007723
v 0.001399 0.039241 0.007393
v 0.003141 0.039493 0.008754
v 0.002667 0.039872 0.008384
v 0.003089 0.040083 0.008714
v 0.005928 0.040655 0.010932
v 0.005748 0.041127 0.010791
v 0.005493 0.040239 0.010591
v 0.005673 0.039767 0.010732
v 0.005312 0.040711 0.010450
v 0.005237 0.039352 0.010392
v 0.005057 0.039823 0.010251
v 0.005418 0.038880 0.010533
v 0.004876 0.040295 0.010110
v 0.002417 0.038012 0.008188
v 0.002011 0.037920 0.007871
v 0.001942 0.038391 0.007817
v 0.001536 0.038298 0.007500
v 0.001604 0.037827 0.007553
v 0.001468 0.038770 0.007447
v 0.003531 0.038853 0.009059
v 0.003479 0.039442 0.009018
v 0.003817 0.039392 0.009282
v 0.003765 0.039981 0.009241
v 0.003427 0.040032 0.008978
v 0.004103 0.039930 0.009505
v -0.001735 0.041342 0.004944
v -0.002010 0.040397 0.004729
v -0.001400 0.040736 0.005206
v -0.001675 0.039791 0.004991
v -0.002286 0.039452 0.004514
v -0.001065 0.040129 0.005468
v 0.003600 0.036677 0.009113
v 0.003903 0.036176 0.009350
v 0.003599 0.036128 0.009112
v 0.002325 0.041482 0.008116
v 0.001902 0.041272 0.007786
v 0.002157 0.040805 0.007985
v 0.002580 0.041016 0.008315
v 0.001735 0.040595 0.007655
v 0.002412 0.040339 0.008184
v 0.001989 0.040128 0.007854
v 0.002835 0.040549 0.008515
v 0.001567 0.039918 0.007524
v -0.001403 0.036849 0.005204
v -0.001933 0.036520 0.004789
v -0.002169 0.037179 0.004605
v -0.002700 0.036849 0.004190
v -0.002464 0.036190 0.004375
v -0.002936 0.037509 0.004006
v 0.002840 0.041451 0.008519
v 0.003355 0.041412 0.008921
v 0.003095 0.040978 0.008718
v 0.003610 0.040939 0.009120
v 0.003870 0.041368 0.009323
v 0.003350 0.040511 0.008917
v 0.005235 0.041196 0.010390
v 0.004799 0.040774 0.010049
v 0.004722 0.041260 0.009989
v 0.004285 0.040838 0.009648
v 0.004363 0.040359 0.009709
v 0.004208 0.041317 0.009587
v 0.000339 0.036976 0.006565
v 0.000825 0.036630 0.006945
v 0.000784 0.037103 0.006912
v 0.001270 0.036757 0.007292
v 0.001311 0.036284 0.007325
v 0.001228 0.037229 0.007260
v 0.000271 0.037447 0.006512
v 0.000115 0.038116 0.006390
v 0.000647 0.038045 0.006806
v -0.000041 0.038784 0.006268
v 0.000491 0.038713 0.006684
v 0.000335 0.039382 0.006562
v -0.000197 0.039452 0.006146
v 0.001023 0.038643 0.007099
v 0.000867 0.039311 0.006977
v -0.005310 0.040726 0.002152
v -0.004834 0.039845 0.002523
v -0.005545 0.039760 0.001968
v -0.004358 0.038964 0.002895
v -0.005069 0.038879 0.002339
v -0.004594 0.037999 0.002711
v -0.003883 0.038084 0.003266
v -0.005780 0.038794 0.001784
v -0.005305 0.037913 0.002155
v -0.006016 0.037828 0.001600
v -0.005823 0.041594 0.001750
v -0.006058 0.040622 0.001567
v -0.006571 0.041483 0.001166
v -0.006292 0.039642 0.001384
v -0.006805 0.040503 0.000983
v -0.007039 0.039524 0.000800
v -0.006527 0.038676 0.001200
v -0.007317 0.041358 0.000583
v -0.007551 0.040371 0.000401
v -0.008062 0.041219 0.000001
v -0.007551 0.033464 0.000401
v -0.007146 0.032819 0.000717
v -0.006635 0.034273 0.001116
v -0.007039 0.034919 0.000800
v -0.006230 0.033628 0.001432
v -0.006123 0.035728 0.001516
v -0.005718 0.035082 0.001832
v -0.005207 0.036537 0.002232
v -0.006527 0.036374 0.001200
v -0.005611 0.037183 0.001916
v -0.005314 0.034437 0.002148
v -0.004802 0.035891 0.002548
v -0.004398 0.035245 0.002864
v 0.001621 0.041664 0.007566
v 0.001453 0.040987 0.007435
v 0.001171 0.041380 0.007215
v 0.001285 0.040310 0.007304
v 0.001003 0.040703 0.007084
v 0.000836 0.040026 0.006953
v 0.001117 0.039634 0.007173
v 0.000722 0.041096 0.006864
v 0.000554 0.040419 0.006733
v 0.000272 0.040811 0.006513
v 0.000716 0.037574 0.006859
v 0.001092 0.038172 0.007153
v 0.001160 0.037701 0.007206
v -0.001485 0.041664 0.005140
v -0.001149 0.041058 0.005402
v -0.000899 0.041380 0.005598
v -0.000564 0.040774 0.005859
v -0.000814 0.040452 0.005664
v -0.000229 0.040167 0.006121
v -0.000313 0.041096 0.006055
v 0.000022 0.040489 0.006317
v -0.000479 0.039845 0.005926
v 0.000585 0.039704 0.006757
v 0.000053 0.039774 0.006341
v 0.000303 0.040097 0.006537
v 0.003947 0.040889 0.009384
v 0.004025 0.040410 0.009445
v 0.003687 0.040460 0.009181
v -0.003478 0.037438 0.003582
v -0.003242 0.036778 0.003767
v -0.003785 0.036707 0.003343
v -0.003007 0.036119 0.003951
v -0.003549 0.036047 0.003527
v -0.003313 0.035388 0.003711
v -0.002771 0.035459 0.004135
v -0.004091 0.035976 0.003103
v -0.003856 0.035317 0.003288
v -0.004189 0.037353 0.003027
v -0.004496 0.036622 0.002787
v -0.004900 0.037268 0.002471
v 0.000586 0.041664 0.006757
v 0.000136 0.041380 0.006406
v -0.000449 0.041664 0.005949
v 0.002372 0.032438 0.008153
v -0.000497 0.032438 0.005911
v 0.001328 0.032867 0.007338
v -0.003367 0.032438 0.003669
v -0.001542 0.032867 0.005095
v -0.004411 0.032867 0.002853
v -0.006237 0.032438 0.001427
v 0.000284 0.033295 0.006522
v -0.002586 0.033295 0.004280
v 0.005928 0.038647 0.010932
v 0.005928 0.036639 0.010932
v 0.005673 0.037759 0.010732
v 0.005673 0.035751 0.010732
v 0.005928 0.034630 0.010932
v 0.005418 0.036872 0.010533
v 0.005510 0.035184 0.010605
v 0.005092 0.035738 0.010278
v 0.005255 0.036305 0.010406
v -0.005321 0.033247 0.002143
v -0.004405 0.034056 0.002859
v -0.003495 0.033676 0.003569
v -0.002579 0.034485 0.004285
v -0.003489 0.034865 0.003574
v -0.001670 0.034104 0.004995
v 0.001992 0.032832 0.007856
v 0.000947 0.033260 0.007040
v 0.001611 0.033225 0.007558
v -0.002037 0.034556 0.004709
v -0.002946 0.034936 0.003998
v -0.002404 0.035007 0.004422
v -0.008062 0.034312 0.000001
v -0.007551 0.035767 0.000401
v -0.008062 0.036614 0.000001
v -0.007551 0.038069 0.000401
v -0.007039 0.037221 0.000800
v -0.008062 0.038917 0.000001
v -0.007624 0.041302 0.000820
v -0.006878 0.041433 0.001403
v -0.007185 0.041381 0.001639
v -0.006439 0.041504 0.002223
v -0.006131 0.041550 0.001986
v -0.005690 0.041613 0.002807
v -0.006745 0.041455 0.002458
v -0.005998 0.041570 0.003042
v -0.006305 0.041524 0.003278
v -0.005382 0.041654 0.002571
v -0.003132 0.041883 0.004331
v -0.003132 0.041883 0.004807
v -0.004193 0.041790 0.003980
v -0.004192 0.041790 0.004455
v -0.003131 0.041883 0.005282
v -0.004191 0.041790 0.004929
v -0.005251 0.041671 0.003629
v -0.005249 0.041671 0.004103
v -0.003131 0.041883 0.005757
v -0.003883 0.041820 0.003744
v -0.004633 0.041744 0.003157
v -0.004942 0.041708 0.003393
v -0.009285 0.040961 0.000001
v -0.008544 0.041122 0.000820
v -0.008980 0.041029 0.000001
v -0.008238 0.041184 0.000820
v -0.007800 0.041269 0.001639
v -0.008674 0.041094 0.000001
v -0.007493 0.041326 0.001639
v -0.007931 0.041244 0.000820
v -0.007053 0.041403 0.002458
v -0.008369 0.041158 0.000001
v -0.009589 0.040891 0.000001
v -0.008849 0.041057 0.000820
v -0.009893 0.040818 0.000001
v -0.009152 0.040991 0.000817
v -0.008104 0.041211 0.001637
v -0.008409 0.041150 0.001634
v -0.010196 0.040744 0.000001
v -0.009456 0.040922 0.000816
v -0.010499 0.040667 0.000001
v -0.007358 0.041350 0.002455
v 0.000798 0.034850 0.008827
v -0.000299 0.034417 0.007970
v -0.000482 0.035757 0.007827
v 0.000615 0.036190 0.008684
v -0.001579 0.035324 0.006970
v -0.000665 0.037097 0.007684
v -0.001762 0.036664 0.006827
v -0.001944 0.038004 0.006684
v 0.000432 0.037530 0.008541
v -0.000847 0.038437 0.007542
v 0.000250 0.038870 0.008399
v -0.002859 0.036231 0.005970
v -0.003041 0.037571 0.005827
v -0.004138 0.037138 0.004970
v 0.001615 0.041179 0.009465
v 0.000580 0.041179 0.008657
v 0.001160 0.040410 0.009110
v -0.000455 0.041179 0.007848
v 0.000125 0.040410 0.008301
v -0.000910 0.040410 0.007492
v -0.001490 0.041179 0.007039
v 0.000705 0.039640 0.008754
v -0.000330 0.039640 0.007945
v -0.002587 0.040746 0.006182
v -0.003647 0.040667 0.005354
v -0.003104 0.039544 0.005778
v -0.004706 0.040561 0.004527
v -0.004163 0.039437 0.004951
v -0.005222 0.039331 0.004124
v -0.005763 0.040428 0.003701
v -0.003621 0.038341 0.005374
v -0.004680 0.038235 0.004547
v 0.001741 0.034357 0.009564
v 0.001389 0.034538 0.009288
v 0.002149 0.035385 0.009883
v 0.002502 0.035204 0.010158
v 0.001797 0.035565 0.009607
v 0.002910 0.036231 0.010477
v 0.002558 0.036412 0.010202
v 0.003318 0.037259 0.010796
v 0.003263 0.036051 0.010753
v 0.003671 0.037078 0.011072
v 0.004023 0.036898 0.011347
v 0.002205 0.036593 0.009926
v 0.002966 0.037440 0.010521
v 0.002614 0.037621 0.010245
v 0.001206 0.035878 0.009146
v 0.001614 0.036905 0.009465
v 0.001023 0.037218 0.009003
v 0.001432 0.038245 0.009322
v 0.002023 0.037933 0.009784
v 0.000841 0.038558 0.008860
v -0.002007 0.039977 0.006635
v -0.002524 0.038774 0.006231
v -0.001427 0.039207 0.007088
v 0.002205 0.041459 0.009926
v 0.001750 0.040689 0.009570
v 0.002339 0.040968 0.010031
v 0.001295 0.039919 0.009215
v 0.001884 0.040199 0.009676
v 0.001429 0.039429 0.009320
v 0.000839 0.039150 0.008859
v 0.002474 0.040478 0.010137
v 0.002019 0.039708 0.009781
v 0.002609 0.039988 0.010242
v 0.004942 0.041110 0.012065
v 0.004544 0.041156 0.011754
v 0.004624 0.040551 0.011816
v 0.004146 0.041199 0.011442
v 0.004225 0.040593 0.011505
v 0.003827 0.040636 0.011193
v 0.003747 0.041238 0.011131
v 0.004306 0.039991 0.011567
v 0.003907 0.040034 0.011256
v 0.003987 0.039432 0.011319
v 0.004951 0.034357 0.012072
v 0.003881 0.034357 0.011236
v 0.004642 0.035204 0.011830
v 0.003572 0.035204 0.010994
v 0.002811 0.034357 0.010400
v 0.004333 0.036051 0.011588
v -0.010499 0.038877 0.000001
v -0.009842 0.039959 0.000514
v -0.009842 0.038170 0.000514
v -0.010499 0.037088 0.000001
v -0.009185 0.039251 0.001027
v -0.009842 0.036381 0.000514
v -0.009185 0.037462 0.001027
v -0.009185 0.035673 0.001027
v -0.010499 0.035299 0.000001
v -0.009842 0.034591 0.000514
v -0.010499 0.033510 0.000001
v -0.008528 0.038544 0.001541
v -0.008528 0.036755 0.001541
v -0.007871 0.037836 0.002054
v -0.006696 0.040602 0.002972
v -0.006155 0.039506 0.003395
v -0.007088 0.039680 0.002666
v -0.006546 0.038584 0.003089
v -0.005613 0.038409 0.003818
v -0.006005 0.037487 0.003512
v -0.007480 0.038758 0.002360
v -0.006938 0.037662 0.002783
v -0.005071 0.037313 0.004241
v 0.002612 0.038213 0.010244
v 0.002021 0.038525 0.009783
v 0.002611 0.038804 0.010243
v 0.002020 0.039117 0.009782
v 0.001430 0.038837 0.009321
v 0.002610 0.039396 0.010243
v 0.002604 0.041435 0.010238
v 0.002739 0.040941 0.010343
v 0.003003 0.041408 0.010550
v 0.003138 0.040914 0.010655
v 0.002873 0.040451 0.010448
v 0.003402 0.041377 0.010862
v 0.003482 0.040775 0.010924
v 0.003218 0.040312 0.010718
v 0.003563 0.040173 0.010987
v 0.003298 0.039710 0.010780
v 0.002953 0.039849 0.010511
v 0.003643 0.039571 0.011049
v -0.007748 0.040415 0.002150
v -0.008797 0.040200 0.001331
v -0.008136 0.039466 0.001847
v 0.002957 0.038074 0.010514
v 0.002956 0.038665 0.010513
v 0.003300 0.038527 0.010782
v 0.003299 0.039118 0.010781
v 0.002955 0.039257 0.010512
v 0.003644 0.038979 0.011050
v 0.003309 0.037893 0.010789
v 0.003662 0.037712 0.011064
v 0.003653 0.038346 0.011057
v 0.004005 0.038165 0.011333
v 0.004014 0.037531 0.011340
v 0.003996 0.038798 0.011326
v 0.004951 0.040476 0.012072
v 0.004633 0.039917 0.011823
v 0.004642 0.039283 0.011830
v 0.004315 0.039358 0.011574
v 0.004324 0.038724 0.011581
v 0.004333 0.038091 0.011588
v -0.008909 0.034417 0.001243
v -0.008252 0.035499 0.001757
v -0.007318 0.035324 0.002486
v -0.006662 0.036406 0.002999
v -0.007595 0.036580 0.002270
v -0.005728 0.036231 0.003728
v -0.001890 0.033510 0.006727
v -0.003169 0.034417 0.005727
v -0.004759 0.033510 0.004485
v -0.004449 0.035324 0.004728
v -0.006039 0.034417 0.003485
v -0.007629 0.033510 0.002243
v 0.004951 0.038436 0.012072
v 0.004642 0.037244 0.011830
v 0.004951 0.036397 0.012072
v -0.023748 -0.022887 0.000001
v -0.025337 -0.020135 0.002309
v -0.024085 -0.022303 0.002309
v -0.025674 -0.019552 0.004618
v -0.026925 -0.017384 0.004618
v -0.024422 -0.021719 0.004618
v -0.027262 -0.016800 0.006926
v -0.026011 -0.018968 0.006926
v -0.028514 -0.014632 0.006926
v -0.024759 -0.021136 0.006926
v -0.023278 -0.023702 0.000001
v -0.023395 -0.023498 0.000001
v -0.023732 -0.022914 0.002309
v -0.023850 -0.022711 0.002309
v -0.023513 -0.023294 0.000001
v -0.024187 -0.022127 0.004618
v -0.023968 -0.022507 0.002309
v -0.024305 -0.021923 0.004618
v -0.023630 -0.023091 0.000001
v -0.024642 -0.021339 0.006926
v -0.031318 -0.013032 0.008952
v -0.030993 -0.012845 0.008952
v -0.031234 -0.013434 0.008669
v -0.030669 -0.012657 0.008952
v -0.030910 -0.013246 0.008669
v -0.030585 -0.013059 0.008669
v -0.030344 -0.012470 0.008952
v -0.031151 -0.013835 0.008386
v -0.030826 -0.013647 0.008386
v -0.031067 -0.014236 0.008103
v -0.031427 -0.021715 0.003528
v -0.030641 -0.021042 0.003666
v -0.031046 -0.022209 0.003078
v -0.030259 -0.021537 0.003216
v -0.029854 -0.020370 0.003803
v -0.030664 -0.022704 0.002629
v -0.029473 -0.020864 0.003353
v -0.029878 -0.022031 0.002766
v -0.029092 -0.021359 0.002904
v -0.029068 -0.019697 0.003941
v -0.028687 -0.020192 0.003491
v -0.028282 -0.019025 0.004078
v -0.030283 -0.023199 0.002179
v -0.029497 -0.022526 0.002316
v -0.029902 -0.023693 0.001729
v -0.031864 -0.012758 0.009322
v -0.032089 -0.012369 0.009649
v -0.032327 -0.012886 0.009410
v -0.032552 -0.012497 0.009737
v -0.032314 -0.011979 0.009976
v -0.032777 -0.012107 0.010064
v -0.032790 -0.013014 0.009498
v -0.033015 -0.012624 0.009825
v -0.033252 -0.013142 0.009585
v -0.032539 -0.011590 0.010303
v -0.036931 -0.018480 0.007563
v -0.036558 -0.018937 0.007140
v -0.036125 -0.018235 0.007424
v -0.036498 -0.017778 0.007847
v -0.035753 -0.018692 0.007001
v -0.035693 -0.017533 0.007709
v -0.035320 -0.017990 0.007286
v -0.034887 -0.017288 0.007570
v -0.036065 -0.017076 0.008132
v -0.035260 -0.016831 0.007993
v -0.035632 -0.016374 0.008416
v -0.034947 -0.018447 0.006863
v -0.034515 -0.017745 0.007147
v -0.034142 -0.018203 0.006724
v -0.037663 -0.016954 0.008789
v -0.037426 -0.017466 0.008381
v -0.036986 -0.016761 0.008665
v -0.036742 -0.017269 0.008256
v -0.037182 -0.017975 0.007972
v -0.036309 -0.016567 0.008540
v -0.031164 -0.018043 0.005743
v -0.031153 -0.017506 0.006077
v -0.030777 -0.017403 0.006005
v -0.030766 -0.016866 0.006339
v -0.031143 -0.016968 0.006411
v -0.030389 -0.016763 0.006267
v -0.030756 -0.016329 0.006673
v -0.030379 -0.016226 0.006601
v -0.030369 -0.015689 0.006935
v -0.031133 -0.016431 0.006746
v -0.030746 -0.015791 0.007008
v -0.031122 -0.015894 0.007080
v -0.030002 -0.016124 0.006529
v -0.029992 -0.015586 0.006863
v -0.029615 -0.015484 0.006790
v -0.030443 -0.018288 0.005327
v -0.031229 -0.018961 0.005189
v -0.030509 -0.019206 0.004773
v -0.029723 -0.018534 0.004910
v -0.031295 -0.019879 0.004636
v -0.029788 -0.019452 0.004357
v -0.030575 -0.020124 0.004219
v -0.029002 -0.018779 0.004494
v -0.031361 -0.020797 0.004082
v -0.032829 -0.015851 0.007727
v -0.033158 -0.016439 0.007476
v -0.033530 -0.015982 0.007899
v -0.033858 -0.016570 0.007649
v -0.033486 -0.017027 0.007226
v -0.034231 -0.016113 0.008072
v -0.034186 -0.017158 0.007398
v -0.034559 -0.016700 0.007821
v -0.033814 -0.017615 0.006975
v -0.034932 -0.016243 0.008244
v -0.033604 -0.025194 0.002130
v -0.034043 -0.024598 0.002664
v -0.033060 -0.024324 0.002479
v -0.033493 -0.023725 0.003014
v -0.034471 -0.023995 0.003199
v -0.032516 -0.023455 0.002829
v -0.033916 -0.023118 0.003549
v -0.032938 -0.022848 0.003364
v -0.033360 -0.022241 0.003899
v -0.034888 -0.023385 0.003735
v -0.034327 -0.022504 0.004085
v -0.031971 -0.022585 0.003179
v -0.032394 -0.021978 0.003714
v -0.031908 -0.018083 0.005988
v -0.031580 -0.017495 0.006239
v -0.032325 -0.017535 0.006484
v -0.032653 -0.018123 0.006234
v -0.031996 -0.016947 0.006735
v -0.033069 -0.017575 0.006730
v -0.032741 -0.016987 0.006980
v -0.033397 -0.018163 0.006479
v -0.032413 -0.016399 0.007231
v -0.031679 -0.012993 0.009107
v -0.032141 -0.013121 0.009195
v -0.031956 -0.013356 0.008980
v -0.032419 -0.013484 0.009068
v -0.032604 -0.013249 0.009283
v -0.032881 -0.013611 0.009155
v -0.032233 -0.013718 0.008852
v -0.032696 -0.013846 0.008940
v -0.032510 -0.014081 0.008725
v -0.033067 -0.013377 0.009370
v -0.035311 -0.014085 0.009740
v -0.034984 -0.014251 0.009516
v -0.035391 -0.014657 0.009409
v -0.035064 -0.014823 0.009186
v -0.034656 -0.014417 0.009293
v -0.035472 -0.015229 0.009078
v -0.034737 -0.014989 0.008962
v -0.035144 -0.015395 0.008855
v -0.034817 -0.015561 0.008631
v -0.034329 -0.014583 0.009070
v -0.034409 -0.015155 0.008739
v -0.034002 -0.014749 0.008846
v -0.035552 -0.015802 0.008747
v -0.035225 -0.015968 0.008524
v -0.035763 -0.014440 0.009681
v -0.035844 -0.015012 0.009350
v -0.036215 -0.014794 0.009622
v -0.035924 -0.015584 0.009019
v -0.036296 -0.015367 0.009291
v -0.036376 -0.015939 0.008960
v -0.036004 -0.016157 0.008688
v -0.036668 -0.015149 0.009563
v -0.036748 -0.015721 0.009232
v -0.037120 -0.015504 0.009504
v -0.031570 -0.016957 0.006573
v -0.031986 -0.016410 0.007069
v -0.031559 -0.016420 0.006907
v -0.031976 -0.015872 0.007404
v -0.032403 -0.015862 0.007565
v -0.031549 -0.015883 0.007242
v -0.034796 -0.013849 0.009701
v -0.034469 -0.014015 0.009478
v -0.034282 -0.013613 0.009663
v -0.033954 -0.013779 0.009439
v -0.034142 -0.014181 0.009255
v -0.033627 -0.013945 0.009216
v -0.033767 -0.013378 0.009624
v -0.033440 -0.013543 0.009401
v -0.033814 -0.014347 0.009031
v -0.025286 -0.023088 0.000433
v -0.024882 -0.021921 0.001020
v -0.026420 -0.022123 0.001452
v -0.026825 -0.023290 0.000865
v -0.026015 -0.020956 0.002040
v -0.027958 -0.022325 0.001884
v -0.027553 -0.021157 0.002472
v -0.028363 -0.023492 0.001297
v -0.027148 -0.019990 0.003059
v -0.034894 -0.022131 0.004526
v -0.033927 -0.021868 0.004340
v -0.034494 -0.021494 0.004781
v -0.033527 -0.021231 0.004595
v -0.032960 -0.021604 0.004155
v -0.032560 -0.020968 0.004410
v -0.034093 -0.020857 0.005036
v -0.033127 -0.020594 0.004851
v -0.033693 -0.020221 0.005291
v -0.031994 -0.021341 0.003969
v -0.031796 -0.018587 0.005630
v -0.031862 -0.019505 0.005076
v -0.032429 -0.019132 0.005517
v -0.031928 -0.020423 0.004523
v -0.032494 -0.020050 0.004963
v -0.033061 -0.019676 0.005404
v -0.033254 -0.013778 0.009186
v -0.033069 -0.014013 0.008970
v -0.033442 -0.014180 0.009001
v -0.033256 -0.014415 0.008786
v -0.032883 -0.014248 0.008755
v -0.033629 -0.014582 0.008816
v -0.031595 -0.013395 0.008824
v -0.031512 -0.013796 0.008541
v -0.031872 -0.013757 0.008697
v -0.031789 -0.014158 0.008414
v -0.031428 -0.014197 0.008258
v -0.032150 -0.014120 0.008570
v -0.038035 -0.016736 0.009061
v -0.037358 -0.016543 0.008937
v -0.037730 -0.016325 0.009209
v -0.037053 -0.016132 0.009085
v -0.036681 -0.016350 0.008812
v -0.037425 -0.015915 0.009357
v -0.033122 -0.015575 0.008007
v -0.033823 -0.015706 0.008179
v -0.033416 -0.015300 0.008287
v -0.034524 -0.015837 0.008351
v -0.034116 -0.015431 0.008459
v -0.033709 -0.015024 0.008567
v -0.038259 -0.016218 0.009469
v -0.038476 -0.015696 0.009876
v -0.037947 -0.015803 0.009616
v -0.038164 -0.015282 0.010023
v -0.038686 -0.015170 0.010283
v -0.037642 -0.015393 0.009764
v -0.032750 -0.015408 0.007977
v -0.032389 -0.015447 0.007821
v -0.032309 -0.015005 0.008071
v -0.032670 -0.014966 0.008226
v -0.031948 -0.015043 0.007915
v -0.032229 -0.014562 0.008320
v -0.031868 -0.014601 0.008165
v -0.032590 -0.014523 0.008476
v -0.031508 -0.014640 0.008009
v -0.032679 -0.024819 0.002030
v -0.032134 -0.023949 0.002379
v -0.031753 -0.024444 0.001930
v -0.031590 -0.023079 0.002729
v -0.031209 -0.023574 0.002279
v -0.030827 -0.024068 0.001829
v -0.032541 -0.018627 0.005875
v -0.033173 -0.019172 0.005762
v -0.033285 -0.018667 0.006121
v -0.033918 -0.019212 0.006008
v -0.033806 -0.019716 0.005650
v -0.034030 -0.018707 0.006366
v -0.031743 -0.027503 0.000001
v -0.032224 -0.026937 0.000532
v -0.031282 -0.026550 0.000433
v -0.031758 -0.025981 0.000964
v -0.032695 -0.026364 0.001063
v -0.030822 -0.025598 0.000865
v -0.032224 -0.025404 0.001496
v -0.031288 -0.025021 0.001397
v -0.033155 -0.025783 0.001596
v -0.030362 -0.024645 0.001297
v -0.031962 -0.015458 0.007659
v -0.031521 -0.015054 0.007753
v -0.031535 -0.015469 0.007497
v -0.031095 -0.015065 0.007591
v -0.031081 -0.014651 0.007847
v -0.031109 -0.015480 0.007336
v -0.033043 -0.015133 0.008256
v -0.033336 -0.014857 0.008536
v -0.032963 -0.014690 0.008506
v -0.029978 -0.015172 0.007118
v -0.030355 -0.015274 0.007191
v -0.030341 -0.014860 0.007447
v -0.030732 -0.015377 0.007263
v -0.030718 -0.014963 0.007519
v -0.030704 -0.014548 0.007775
v -0.029647 -0.013667 0.007945
v -0.029981 -0.012781 0.008624
v -0.029525 -0.014567 0.007334
v -0.029192 -0.015453 0.006656
v -0.029859 -0.013682 0.008012
v -0.029070 -0.016353 0.006045
v -0.029404 -0.015468 0.006723
v -0.028948 -0.017254 0.005434
v -0.028737 -0.017239 0.005367
v -0.028615 -0.018140 0.004756
v -0.029737 -0.014583 0.007401
v -0.029282 -0.016369 0.006112
v -0.026470 -0.019170 0.003329
v -0.027603 -0.018204 0.004348
v -0.028059 -0.016418 0.005637
v -0.025747 -0.024041 0.000001
v -0.027285 -0.024242 0.000433
v -0.027745 -0.025195 0.000001
v -0.029284 -0.025396 0.000433
v -0.028824 -0.024444 0.000865
v -0.029744 -0.026349 0.000001
v -0.033054 -0.011825 0.010342
v -0.034780 -0.012822 0.010342
v -0.033806 -0.012579 0.010141
v -0.035533 -0.013575 0.010141
v -0.036507 -0.013819 0.010342
v -0.037259 -0.014572 0.010141
v -0.034559 -0.013332 0.009940
v -0.036285 -0.014329 0.009940
v -0.038233 -0.014816 0.010342
v -0.037711 -0.014927 0.010082
v -0.036737 -0.014683 0.009881
v -0.037190 -0.015038 0.009823
v -0.030222 -0.013370 0.008341
v -0.030100 -0.014271 0.007730
v -0.030463 -0.013959 0.008058
v -0.033292 -0.012343 0.010102
v -0.033529 -0.012860 0.009863
v -0.034044 -0.013096 0.009902
v -0.036446 -0.019442 0.006782
v -0.035641 -0.019197 0.006643
v -0.035529 -0.019701 0.006285
v -0.034835 -0.018952 0.006505
v -0.034723 -0.019457 0.006146
v -0.034611 -0.019961 0.005788
v -0.030056 -0.017648 0.005589
v -0.029669 -0.017009 0.005850
v -0.029336 -0.017894 0.005172
v -0.035929 -0.020338 0.006030
v -0.035011 -0.020598 0.005533
v -0.035411 -0.021234 0.005278
v -0.031528 -0.027749 0.000001
v -0.032014 -0.027187 0.000763
v -0.031801 -0.027435 0.000763
v -0.031311 -0.027994 0.000001
v -0.032282 -0.026868 0.001524
v -0.031587 -0.027682 0.000763
v -0.032071 -0.027119 0.001524
v -0.031859 -0.027368 0.001524
v -0.031092 -0.028237 0.000001
v -0.031370 -0.027927 0.000763
v -0.030871 -0.028478 0.000001
v -0.032546 -0.026547 0.002286
v -0.032339 -0.026799 0.002286
v -0.030648 -0.028717 0.000001
v -0.031152 -0.028170 0.000763
v -0.030424 -0.028955 0.000001
v -0.030932 -0.028411 0.000760
v -0.031646 -0.027613 0.001521
v -0.030197 -0.029191 0.000001
v -0.032489 -0.026617 0.001294
v -0.032751 -0.026294 0.002056
v -0.032954 -0.026039 0.001826
v -0.033210 -0.025712 0.002589
v -0.033010 -0.025968 0.002818
v -0.033408 -0.025454 0.002359
v -0.033462 -0.025383 0.003353
v -0.033657 -0.025123 0.003124
v -0.034095 -0.024527 0.003659
v -0.034284 -0.024262 0.003429
v -0.033851 -0.024861 0.002894
v -0.034705 -0.023655 0.003965
v -0.034706 -0.023654 0.004891
v -0.034705 -0.023655 0.004428
v -0.034095 -0.024526 0.004121
v -0.005851 0.033510 0.009969
v -0.005554 0.033510 0.009719
v -0.007013 0.033510 0.007477
v -0.006716 0.033510 0.007227
v -0.005257 0.033510 0.009469
v -0.008175 0.033510 0.004985
v -0.006419 0.033510 0.006977
v -0.007878 0.033510 0.004735
v -0.007581 0.033510 0.004485
v -0.004960 0.033510 0.009219
v -0.006122 0.033510 0.006727
v -0.009337 0.033510 0.002493
v -0.009040 0.033510 0.002243
v -0.004711 0.033510 0.006727
v -0.003300 0.033510 0.006727
v -0.006170 0.033510 0.004485
v -0.005511 0.033510 0.009811
v -0.005214 0.033510 0.009561
v -0.005171 0.033510 0.009652
v -0.004874 0.033510 0.009402
v -0.004917 0.033510 0.009311
v -0.004832 0.033510 0.009494
v -0.002803 0.010119 0.015000
v -0.002708 0.010145 0.014949
v -0.002787 0.010280 0.014949
v -0.002693 0.010305 0.014898
v -0.002613 0.010170 0.014898
v -0.002772 0.010441 0.014897
v -0.002598 0.010329 0.014847
v -0.002677 0.010465 0.014846
v -0.002582 0.010489 0.014795
v -0.002518 0.010193 0.014847
v -0.002503 0.010353 0.014796
v -0.002423 0.010217 0.014796
v -0.002757 0.010601 0.014846
v -0.002662 0.010626 0.014795
v -0.002742 0.010762 0.014794
v -0.003505 0.011307 0.015000
v -0.003314 0.011171 0.014949
v -0.003327 0.011459 0.014875
v -0.003136 0.011323 0.014824
v -0.003123 0.011035 0.014897
v -0.003149 0.011610 0.014750
v -0.002945 0.011186 0.014772
v -0.002958 0.011474 0.014699
v -0.002767 0.011338 0.014647
v -0.002933 0.010898 0.014846
v -0.002754 0.011050 0.014721
v -0.002971 0.011762 0.014625
v -0.002780 0.011626 0.014574
v -0.002793 0.011913 0.014501
v -0.003272 0.020407 0.012381
v -0.002966 0.017506 0.013039
v -0.003279 0.018909 0.012798
v -0.002973 0.016007 0.013455
v -0.002659 0.014604 0.013696
v -0.002666 0.013106 0.014112
v -0.003286 0.017410 0.013214
v -0.002980 0.014509 0.013872
v -0.003293 0.015912 0.013631
v -0.002353 0.011703 0.014353
v -0.003619 0.022031 0.012095
v -0.003626 0.020533 0.012511
v -0.003972 0.022157 0.012225
v -0.003979 0.020659 0.012641
v -0.003632 0.019035 0.012928
v -0.003986 0.019160 0.013058
v -0.004325 0.022283 0.012355
v -0.004332 0.020785 0.012771
v -0.004678 0.022409 0.012485
v -0.003639 0.017536 0.013344
v -0.002228 0.010703 0.014571
v -0.002541 0.012106 0.014330
v -0.002416 0.011107 0.014547
v -0.002855 0.013509 0.014089
v -0.002730 0.012510 0.014307
v -0.003043 0.013913 0.014066
v -0.003168 0.014913 0.013848
v -0.002605 0.011510 0.014524
v -0.002918 0.012913 0.014283
v -0.003452 0.012459 0.014658
v -0.003799 0.014083 0.014371
v -0.003746 0.015234 0.014029
v -0.003399 0.013610 0.014315
v -0.004092 0.016858 0.013742
v -0.003692 0.016385 0.013686
v -0.004039 0.018009 0.013400
v -0.003346 0.014761 0.013973
v -0.004385 0.019633 0.013113
v -0.003593 0.023398 0.011706
v -0.003946 0.023524 0.011836
v -0.003921 0.024890 0.011447
v -0.004274 0.025016 0.011577
v -0.004300 0.023649 0.011966
v -0.004627 0.025142 0.011707
v -0.004249 0.026383 0.011188
v -0.004602 0.026509 0.011318
v -0.004576 0.027875 0.010929
v -0.004653 0.023775 0.012096
v -0.005558 0.030735 0.010598
v -0.005532 0.032101 0.010209
v -0.005239 0.029326 0.010838
v -0.005265 0.027959 0.011227
v -0.005214 0.030693 0.010449
v -0.004946 0.026551 0.011467
v -0.004920 0.027917 0.011078
v -0.004972 0.025184 0.011856
v -0.004895 0.029284 0.010689
v -0.003900 0.026299 0.011049
v -0.004206 0.029200 0.010391
v -0.004227 0.027791 0.010790
v -0.004534 0.030693 0.010132
v -0.004513 0.032101 0.009734
v -0.004555 0.029284 0.010531
v -0.002978 0.010416 0.015000
v -0.002963 0.010577 0.014949
v -0.003154 0.010713 0.015000
v -0.002948 0.010738 0.014897
v -0.003139 0.010874 0.014949
v -0.003330 0.011010 0.015000
v -0.002215 0.010416 0.014644
v -0.002403 0.010819 0.014621
v -0.002391 0.010531 0.014694
v -0.002592 0.011222 0.014597
v -0.002579 0.010934 0.014671
v -0.002566 0.010646 0.014744
v -0.002328 0.010239 0.014745
v -0.002407 0.010375 0.014745
v -0.002232 0.010260 0.014695
v -0.002311 0.010395 0.014695
v -0.002486 0.010510 0.014745
v -0.002136 0.010281 0.014645
v -0.003274 0.012610 0.014533
v -0.003096 0.012762 0.014408
v -0.003221 0.013761 0.014190
v -0.005193 0.032101 0.010051
v -0.004874 0.030693 0.010291
v -0.004853 0.032101 0.009892
v 0.000764 -0.001845 0.030004
v 0.001412 -0.001412 0.030004
v 0.001260 -0.001260 0.030254
v 0.001845 -0.000764 0.030004
v 0.001646 -0.000682 0.030254
v 0.001418 -0.000587 0.030474
v -0.001418 -0.000587 0.030474
v -0.001646 -0.000682 0.030254
v -0.001260 -0.001260 0.030254
v -0.001845 -0.000764 0.030004
v -0.001412 -0.001412 0.030004
v -0.000764 -0.001845 0.030004
v -0.000682 -0.001646 0.030254
v -0.001085 -0.001085 0.030474
v -0.000892 -0.000892 0.030659
v -0.000892 -0.000370 0.030806
v -0.001165 -0.000483 0.030659
v -0.000604 -0.000250 0.030913
v 0.001165 -0.000483 0.030659
v 0.000370 -0.000892 0.030806
v 0.000000 -0.001535 0.030474
v -0.003505 0.010955 0.015000
v -0.003418 0.010984 0.015000
v -0.003418 0.010632 0.015000
v -0.003505 0.010602 0.015000
v -0.003331 0.010661 0.015000
v -0.003418 0.010280 0.015000
v -0.003331 0.010309 0.015000
v -0.003331 0.009958 0.015000
v -0.003505 0.010250 0.015000
v -0.003418 0.009928 0.015000
v -0.003505 0.009898 0.015000
v -0.003243 0.010338 0.015000
v -0.003244 0.009986 0.015000
v -0.003156 0.010014 0.015000
v -0.003242 0.010687 0.015000
v -0.003155 0.010365 0.015000
v -0.003067 0.010391 0.015000
v -0.002980 0.010068 0.015000
v -0.003068 0.010042 0.015000
v -0.002891 0.010094 0.015000
v -0.004822 0.009327 0.005283
v -0.005751 0.008785 0.003463
v -0.004052 0.009687 0.003522
v -0.005099 0.009179 0.001762
v -0.006688 0.008095 0.001703
v -0.006083 0.008558 0.000001
v -0.003255 0.009983 0.001762
v -0.004340 0.009561 0.000001
v -0.002438 0.010213 0.000001
v -0.007603 0.007242 0.000001
v 0.010223 0.002395 0.012194
v 0.010223 0.002395 0.013129
v 0.009407 0.004664 0.013129
v 0.009407 0.004664 0.014065
v 0.010223 0.002395 0.014065
v 0.009407 0.004664 0.015000
v 0.008096 0.006687 0.014065
v 0.008096 0.006687 0.015000
v 0.006357 0.008357 0.015000
v 0.010223 0.002395 0.015000
v 0.009945 0.003369 0.010429
v 0.009545 0.004376 0.008709
v 0.008877 0.005609 0.011409
v 0.008251 0.006494 0.009689
v 0.009007 0.005397 0.007034
v 0.007363 0.007485 0.012345
v 0.002348 0.010234 0.006836
v 0.003420 0.009928 0.008877
v 0.004648 0.009415 0.006222
v 0.005620 0.008869 0.008263
v 0.004453 0.009509 0.010918
v 0.006697 0.008087 0.005607
v 0.006528 0.008224 0.010304
v 0.007517 0.007332 0.007648
v 0.005435 0.008984 0.012959
v 0.008384 0.006322 0.004993
v 0.004625 0.009426 0.001710
v 0.006215 0.008463 0.002446
v 0.003888 0.009754 0.003419
v 0.005358 0.009030 0.004513
v 0.007455 0.007394 0.003541
v 0.003127 0.010023 0.005128
v -0.001250 0.010425 0.001710
v -0.000446 0.010491 0.000001
v 0.000761 0.010472 0.001710
v -0.000046 0.010500 0.003419
v 0.001563 0.010383 0.000001
v 0.001957 0.010316 0.003419
v 0.002743 0.010135 0.001710
v 0.001159 0.010436 0.005128
v 0.003513 0.009895 0.000001
v 0.001260 0.010424 0.008776
v 0.002358 0.010232 0.010817
v 0.000158 0.010499 0.010715
v 0.001270 0.010423 0.012756
v 0.003429 0.009924 0.012858
v 0.002367 0.010230 0.014797
v -0.000946 0.010457 0.012655
v 0.000168 0.010499 0.014696
v 0.004462 0.009505 0.014899
v -0.001862 0.010333 0.010753
v -0.000793 0.010470 0.008828
v -0.002790 0.010123 0.008866
v -0.001738 0.010355 0.006940
v 0.000311 0.010495 0.006888
v -0.003720 0.009819 0.006992
v -0.002089 0.010290 0.003470
v -0.002914 0.010088 0.005231
v -0.000895 0.010462 0.005179
v 0.004372 0.009546 0.014949
v 0.004283 0.009587 0.015000
v 0.002080 0.010292 0.014949
v 0.002176 0.010272 0.014898
v 0.001984 0.010311 0.015000
v -0.000225 0.010498 0.014898
v -0.000323 0.010495 0.014949
v -0.000127 0.010499 0.014847
v -0.000421 0.010492 0.015000
v -0.000029 0.010500 0.014797
v 0.002272 0.010251 0.014848
v 0.000069 0.010500 0.014746
v -0.006293 -0.011409 0.005468
v -0.005385 -0.011735 0.003599
v -0.008142 -0.013305 0.003646
v -0.004374 -0.011980 0.001776
v -0.007130 -0.013550 0.001823
v -0.006118 -0.013795 0.000001
v -0.003258 -0.012144 0.000001
v -0.009990 -0.015201 0.001823
v -0.008978 -0.015446 0.000001
v -0.011838 -0.017097 0.000001
v -0.021944 -0.022289 0.001413
v -0.020418 -0.022051 0.000001
v -0.019084 -0.020638 0.001413
v -0.020609 -0.020877 0.002825
v -0.017558 -0.020399 0.000001
v -0.017749 -0.019226 0.002825
v -0.016224 -0.018987 0.001413
v -0.014890 -0.017574 0.002825
v -0.019275 -0.019464 0.004237
v -0.016415 -0.017813 0.004237
v -0.017941 -0.018052 0.005649
v -0.014698 -0.018748 0.000001
v -0.013364 -0.017336 0.001413
v -0.024150 -0.020037 0.009166
v -0.024309 -0.020452 0.008455
v -0.023363 -0.019937 0.008386
v -0.023204 -0.019522 0.009097
v -0.023522 -0.020352 0.007676
v -0.022417 -0.019422 0.008317
v -0.022576 -0.019837 0.007607
v -0.021630 -0.019322 0.007538
v -0.022258 -0.019007 0.009028
v -0.021471 -0.018907 0.008248
v -0.021311 -0.018492 0.008959
v -0.022735 -0.020252 0.006896
v -0.021789 -0.019737 0.006827
v -0.021948 -0.020152 0.006117
v -0.015669 -0.014113 0.011425
v -0.017320 -0.015410 0.010669
v -0.015876 -0.014993 0.009752
v -0.014225 -0.013696 0.010507
v -0.017527 -0.016290 0.008996
v -0.014432 -0.014577 0.008834
v -0.016083 -0.015874 0.008078
v -0.014639 -0.015458 0.007161
v -0.012781 -0.013280 0.009590
v -0.012988 -0.014161 0.007917
v -0.011338 -0.012864 0.008673
v -0.017734 -0.017171 0.007322
v -0.016290 -0.016755 0.006405
v -0.006168 -0.010351 0.007636
v -0.008016 -0.012247 0.005814
v -0.007891 -0.011188 0.007982
v -0.009865 -0.014143 0.003991
v -0.009740 -0.013084 0.006159
v -0.011588 -0.014980 0.004337
v -0.011713 -0.016039 0.002169
v -0.009614 -0.012026 0.008327
v -0.011463 -0.013922 0.006505
v -0.013239 -0.016277 0.003581
v -0.014764 -0.016516 0.004993
v -0.013113 -0.015219 0.005749
v -0.018163 -0.015520 0.011497
v -0.018369 -0.016400 0.009823
v -0.019212 -0.016510 0.010651
v -0.018576 -0.017281 0.008150
v -0.019419 -0.017391 0.008977
v -0.019626 -0.018272 0.007304
v -0.018784 -0.018162 0.006476
v -0.020262 -0.017501 0.009805
v -0.020469 -0.018382 0.008131
v -0.022945 -0.022814 0.001530
v -0.021611 -0.021402 0.002942
v -0.022613 -0.021927 0.003059
v -0.021279 -0.020514 0.004471
v -0.020277 -0.019989 0.004354
v -0.019945 -0.019102 0.005883
v -0.022281 -0.021040 0.004588
v -0.020947 -0.019627 0.006000
v -0.018943 -0.018577 0.005766
v -0.007983 -0.010020 0.010666
v -0.008594 -0.010178 0.011095
v -0.007844 -0.009733 0.011121
v -0.008456 -0.009891 0.011550
v -0.009206 -0.010336 0.011524
v -0.007706 -0.009446 0.011576
v -0.009067 -0.010049 0.011979
v -0.008317 -0.009604 0.012005
v -0.008929 -0.009762 0.012434
v -0.009817 -0.010494 0.011953
v -0.009679 -0.010207 0.012408
v -0.010428 -0.010652 0.012382
v -0.007567 -0.009159 0.012032
v -0.008179 -0.009317 0.012461
v -0.007429 -0.008872 0.012487
v -0.005329 -0.009640 0.008135
v -0.007053 -0.010477 0.008480
v -0.006214 -0.009767 0.008979
v -0.008776 -0.011315 0.008826
v -0.007937 -0.010604 0.009324
v -0.009660 -0.011442 0.009669
v -0.010499 -0.012153 0.009171
v -0.007098 -0.009893 0.009822
v -0.008822 -0.010731 0.010168
v -0.015442 -0.013560 0.012352
v -0.013998 -0.013143 0.011435
v -0.013771 -0.012590 0.012362
v -0.012327 -0.012174 0.011445
v -0.012554 -0.012727 0.010517
v -0.010883 -0.011758 0.010527
v -0.012099 -0.011621 0.012372
v -0.010656 -0.011205 0.011454
v -0.011110 -0.012311 0.009600
v -0.019785 -0.018687 0.006593
v -0.020787 -0.019212 0.006710
v -0.020628 -0.018797 0.007421
v -0.010272 -0.011600 0.010098
v -0.010044 -0.011047 0.011025
v -0.009433 -0.010889 0.010597
v -0.005191 -0.009353 0.008590
v -0.006075 -0.009480 0.009434
v -0.005937 -0.009193 0.009889
v -0.006960 -0.009606 0.010278
v -0.006821 -0.009319 0.010733
v -0.006683 -0.009032 0.011188
v -0.025191 -0.020484 0.009503
v -0.026137 -0.020999 0.009572
v -0.024844 -0.020335 0.009391
v -0.023898 -0.019820 0.009322
v -0.025790 -0.020850 0.009460
v -0.023551 -0.019671 0.009209
v -0.024497 -0.020186 0.009278
v -0.022605 -0.019156 0.009140
v -0.025443 -0.020701 0.009347
v -0.020505 -0.017174 0.010832
v -0.021555 -0.018165 0.009986
v -0.022848 -0.018829 0.010168
v -0.007280 -0.007929 0.014372
v -0.006644 -0.008444 0.012432
v -0.007329 -0.008243 0.013743
v -0.005948 -0.008919 0.010505
v -0.006633 -0.008718 0.011816
v -0.007379 -0.008558 0.013115
v -0.023400 -0.022027 0.003838
v -0.023855 -0.021239 0.006147
v -0.023068 -0.021140 0.005367
v -0.013099 -0.011905 0.013017
v -0.010756 -0.010250 0.013681
v -0.011428 -0.010936 0.013026
v -0.009085 -0.009281 0.013691
v -0.008413 -0.008595 0.014345
v -0.009757 -0.009966 0.013036
v -0.026115 -0.021038 0.009460
v -0.025768 -0.020888 0.009347
v -0.026093 -0.021076 0.009347
v -0.007663 -0.008150 0.014372
v -0.008335 -0.008836 0.013717
v -0.007585 -0.008391 0.013743
v -0.008257 -0.009077 0.013089
v -0.009007 -0.009521 0.013063
v -0.007507 -0.008632 0.013115
v -0.007408 -0.008003 0.014372
v -0.007457 -0.008317 0.013743
v -0.007536 -0.008076 0.014372
v 0.034332 -0.008183 0.000001
v 0.034063 -0.008021 0.000001
v 0.034125 -0.008541 0.000001
v 0.034393 -0.008702 0.000001
v 0.033856 -0.008379 0.000001
v 0.034187 -0.009060 0.000001
v 0.033918 -0.008899 0.000001
v 0.033980 -0.009419 0.000001
v 0.034455 -0.009222 0.000001
v 0.034249 -0.009580 0.000001
v 0.034517 -0.009742 0.000001
v 0.033649 -0.008737 0.000001
v 0.033711 -0.009257 0.000001
v -0.008967 0.000622 0.000001
v -0.008678 -0.000884 0.000001
v -0.007145 -0.000312 0.000001
v -0.007435 0.001194 0.000001
v -0.006855 -0.001818 0.000001
v -0.005613 0.000261 0.000001
v -0.005323 -0.001245 0.000001
v -0.003790 -0.000673 0.000001
v -0.005902 0.001766 0.000001
v -0.004080 0.000833 0.000001
v -0.004370 0.002339 0.000001
v -0.005033 -0.002751 0.000001
v -0.003501 -0.002179 0.000001
v -0.003211 -0.003685 0.000001
v -0.002921 0.008245 0.000001
v -0.004743 0.007417 0.000001
v -0.003404 0.006276 0.000001
v -0.005005 0.005137 0.000001
v -0.006345 0.006279 0.000001
v -0.006607 0.003999 0.000001
v -0.003887 0.004307 0.000001
v -0.005488 0.003169 0.000001
v -0.007726 0.004829 0.000001
v 0.033189 -0.010161 0.000001
v 0.033447 -0.010540 0.000001
v 0.033889 -0.010400 0.000001
v 0.033632 -0.010021 0.000001
v 0.034147 -0.010778 0.000001
v 0.034332 -0.010260 0.000001
v 0.034590 -0.010638 0.000001
v 0.035032 -0.010498 0.000001
v 0.034075 -0.009882 0.000001
v 0.034775 -0.010120 0.000001
v 0.034847 -0.011017 0.000001
v 0.035290 -0.010877 0.000001
v 0.035547 -0.011255 0.000001
v 0.008423 0.004851 0.000001
v 0.008326 0.005883 0.000001
v 0.007427 0.005904 0.000001
v 0.007524 0.004872 0.000001
v 0.007329 0.006937 0.000001
v 0.006527 0.005926 0.000001
v 0.006430 0.006958 0.000001
v 0.005530 0.006979 0.000001
v 0.006624 0.004893 0.000001
v 0.005627 0.005947 0.000001
v 0.005725 0.004915 0.000001
v 0.006332 0.007990 0.000001
v 0.005433 0.008011 0.000001
v -0.008135 0.034620 0.000001
v -0.008408 0.034577 0.000001
v -0.008316 0.034959 0.000001
v -0.008590 0.034915 0.000001
v -0.008681 0.034533 0.000001
v -0.008498 0.035297 0.000001
v -0.008863 0.034871 0.000001
v -0.008771 0.035253 0.000001
v -0.009044 0.035209 0.000001
v -0.008955 0.034490 0.000001
v -0.009136 0.034828 0.000001
v -0.009228 0.034446 0.000001
v -0.008679 0.035635 0.000001
v -0.008952 0.035591 0.000001
v -0.008860 0.035973 0.000001
v -0.010181 0.033744 0.000001
v -0.010075 0.033454 0.000001
v -0.009758 0.033688 0.000001
v -0.009863 0.033978 0.000001
v -0.009652 0.033397 0.000001
v -0.009440 0.033922 0.000001
v -0.009334 0.033631 0.000001
v -0.009016 0.033865 0.000001
v -0.009545 0.034212 0.000001
v -0.009122 0.034156 0.000001
v -0.009228 0.033341 0.000001
v -0.008911 0.033575 0.000001
v -0.008805 0.033285 0.000001
v 0.036430 -0.011215 0.000001
v 0.036209 -0.011225 0.000001
v 0.036263 -0.011031 0.000001
v 0.036042 -0.011041 0.000001
v 0.035989 -0.011235 0.000001
v 0.036095 -0.010846 0.000001
v 0.035821 -0.011050 0.000001
v 0.035875 -0.010856 0.000001
v 0.035654 -0.010866 0.000001
v 0.035768 -0.011245 0.000001
v 0.035601 -0.011060 0.000001
v 0.035928 -0.010661 0.000001
v 0.035708 -0.010671 0.000001
v 0.035761 -0.010476 0.000001
v -0.008303 0.034286 0.000001
v -0.008576 0.034243 0.000001
v -0.008470 0.033953 0.000001
v -0.008743 0.033909 0.000001
v -0.008849 0.034199 0.000001
v -0.008638 0.033619 0.000001
v 0.004661 0.001432 0.000001
v 0.005208 0.000667 0.000001
v 0.004227 -0.000021 0.000001
v 0.004773 -0.000786 0.000001
v 0.005754 -0.000098 0.000001
v 0.003792 -0.001474 0.000001
v 0.005320 -0.001551 0.000001
v 0.004339 -0.002239 0.000001
v 0.004885 -0.003004 0.000001
v 0.006300 -0.000863 0.000001
v 0.005866 -0.002316 0.000001
v 0.006847 -0.001628 0.000001
v 0.003358 -0.002927 0.000001
v 0.003904 -0.003692 0.000001
v 0.002923 -0.004380 0.000001
v -0.001534 0.008901 0.000001
v -0.002017 0.006932 0.000001
v -0.000630 0.007589 0.000001
v -0.001113 0.005620 0.000001
v -0.002500 0.004964 0.000001
v -0.001596 0.003652 0.000001
v 0.000274 0.006277 0.000001
v -0.000209 0.004308 0.000001
v 0.001178 0.004964 0.000001
v -0.002983 0.002995 0.000001
v -0.024128 -0.025683 0.000001
v -0.023925 -0.025423 0.000001
v -0.024282 -0.025259 0.000001
v -0.024486 -0.025520 0.000001
v -0.024078 -0.024999 0.000001
v -0.024639 -0.025096 0.000001
v -0.024435 -0.024835 0.000001
v -0.024792 -0.024672 0.000001
v -0.024843 -0.025356 0.000001
v -0.024996 -0.024932 0.000001
v -0.025200 -0.025192 0.000001
v -0.024231 -0.024575 0.000001
v -0.024589 -0.024411 0.000001
v -0.024385 -0.024151 0.000001
v -0.009126 0.037181 0.000001
v -0.009261 0.036777 0.000001
v -0.009305 0.037125 0.000001
v -0.009441 0.036722 0.000001
v -0.009397 0.036374 0.000001
v -0.009485 0.037070 0.000001
v -0.009576 0.036319 0.000001
v -0.009620 0.036667 0.000001
v -0.009755 0.036263 0.000001
v -0.009532 0.035971 0.000001
v -0.009711 0.035915 0.000001
v -0.009667 0.035567 0.000001
v -0.009664 0.037014 0.000001
v -0.009800 0.036611 0.000001
v -0.009844 0.036959 0.000001
v -0.027664 -0.026460 0.000001
v -0.027243 -0.026381 0.000001
v -0.027532 -0.026587 0.000001
v -0.027111 -0.026508 0.000001
v -0.026822 -0.026302 0.000001
v -0.027400 -0.026714 0.000001
v -0.026690 -0.026429 0.000001
v -0.026978 -0.026635 0.000001
v -0.026557 -0.026556 0.000001
v -0.026401 -0.026223 0.000001
v -0.026269 -0.026350 0.000001
v -0.025980 -0.026145 0.000001
v -0.027267 -0.026841 0.000001
v -0.026846 -0.026762 0.000001
v -0.027134 -0.026968 0.000001
v 0.033537 -0.009558 0.000001
v 0.033806 -0.009720 0.000001
v 0.033363 -0.009860 0.000001
v -0.008304 -0.002855 0.000001
v -0.006126 -0.003646 0.000001
v -0.007574 -0.004683 0.000001
v -0.005396 -0.005475 0.000001
v -0.004304 -0.004580 0.000001
v -0.006489 -0.006370 0.000001
v 0.009587 -0.000407 0.000001
v 0.009405 -0.001777 0.000001
v 0.008673 -0.000814 0.000001
v 0.009047 -0.003099 0.000001
v 0.008316 -0.002136 0.000001
v 0.007959 -0.003459 0.000001
v 0.008514 -0.004374 0.000001
v 0.007760 -0.001221 0.000001
v 0.007403 -0.002543 0.000001
v -0.000006 -0.000010 0.000001
v 0.001161 0.000351 0.000001
v 0.000727 -0.001102 0.000001
v 0.001893 -0.000742 0.000001
v 0.002328 0.000711 0.000001
v 0.001459 -0.002195 0.000001
v 0.003060 -0.000382 0.000001
v 0.002626 -0.001834 0.000001
v 0.003495 0.001071 0.000001
v 0.002191 -0.003287 0.000001
v -0.025909 -0.024350 0.000001
v -0.025732 -0.024561 0.000001
v -0.026114 -0.024673 0.000001
v -0.025937 -0.024883 0.000001
v -0.025555 -0.024771 0.000001
v -0.026320 -0.024995 0.000001
v -0.025760 -0.025094 0.000001
v -0.026143 -0.025206 0.000001
v -0.025965 -0.025416 0.000001
v -0.025377 -0.024982 0.000001
v -0.025583 -0.025304 0.000001
v -0.026525 -0.025318 0.000001
v -0.026348 -0.025528 0.000001
v -0.026731 -0.025640 0.000001
v -0.009059 0.036879 0.000001
v -0.009195 0.036475 0.000001
v -0.008993 0.036577 0.000001
v -0.009128 0.036174 0.000001
v -0.009330 0.036072 0.000001
v -0.009264 0.035770 0.000001
v -0.008927 0.036275 0.000001
v -0.009062 0.035872 0.000001
v -0.009465 0.035669 0.000001
v -0.009332 0.040621 0.000001
v -0.009636 0.040550 0.000001
v -0.009379 0.040281 0.000001
v -0.009683 0.040207 0.000001
v -0.009939 0.040476 0.000001
v -0.009986 0.040134 0.000001
v -0.009426 0.039941 0.000001
v -0.009730 0.039867 0.000001
v -0.009474 0.039601 0.000001
v -0.010243 0.040400 0.000001
v 0.007534 -0.005062 0.000001
v 0.006978 -0.004147 0.000001
v 0.005997 -0.004835 0.000001
v 0.005441 -0.003919 0.000001
v 0.006422 -0.003231 0.000001
v 0.004460 -0.004607 0.000001
v 0.004609 -0.007949 0.000001
v 0.005712 -0.007116 0.000001
v 0.004047 -0.006759 0.000001
v 0.005022 -0.005797 0.000001
v 0.006687 -0.006154 0.000001
v 0.003485 -0.005569 0.000001
v 0.036576 -0.010991 0.000001
v 0.036409 -0.010806 0.000001
v 0.036723 -0.010766 0.000001
v 0.036242 -0.010622 0.000001
v 0.036556 -0.010582 0.000001
v 0.036388 -0.010397 0.000001
v 0.036075 -0.010437 0.000001
v 0.036869 -0.010542 0.000001
v 0.036702 -0.010357 0.000001
v 0.037016 -0.010318 0.000001
v 0.036664 -0.011226 0.000001
v 0.036811 -0.011002 0.000001
v 0.036898 -0.011237 0.000001
v 0.036957 -0.010778 0.000001
v 0.037045 -0.011013 0.000001
v 0.037191 -0.010788 0.000001
v 0.037104 -0.010553 0.000001
v 0.037133 -0.011248 0.000001
v 0.037279 -0.011024 0.000001
v 0.037367 -0.011259 0.000001
v -0.030557 -0.028344 0.000001
v -0.030333 -0.028583 0.000001
v -0.030243 -0.028211 0.000001
v -0.030017 -0.028448 0.000001
v -0.030108 -0.028820 0.000001
v -0.029792 -0.028685 0.000001
v -0.029928 -0.028077 0.000001
v -0.029703 -0.028314 0.000001
v -0.029614 -0.027944 0.000001
v -0.029880 -0.029055 0.000001
v 0.038419 -0.011547 0.000001
v 0.038156 -0.011475 0.000001
v 0.038068 -0.011240 0.000001
v 0.037805 -0.011168 0.000001
v 0.037893 -0.011403 0.000001
v 0.037717 -0.010932 0.000001
v 0.037542 -0.011096 0.000001
v 0.037454 -0.010860 0.000001
v 0.037630 -0.011331 0.000001
v 0.037367 -0.010625 0.000001
v -0.025528 -0.024301 0.000001
v -0.025351 -0.024511 0.000001
v -0.025147 -0.024251 0.000001
v -0.024970 -0.024461 0.000001
v -0.025174 -0.024721 0.000001
v -0.024766 -0.024201 0.000001
v -0.027431 -0.026255 0.000001
v -0.027010 -0.026176 0.000001
v -0.027198 -0.026050 0.000001
v -0.026776 -0.025971 0.000001
v -0.026589 -0.026097 0.000001
v -0.026355 -0.025892 0.000001
v -0.026964 -0.025845 0.000001
v -0.026543 -0.025766 0.000001
v -0.026168 -0.026018 0.000001
v 0.000432 -0.008964 0.000001
v 0.000994 -0.010154 0.000001
v 0.001824 -0.008626 0.000001
v 0.001262 -0.007436 0.000001
v 0.002386 -0.009815 0.000001
v 0.002655 -0.007098 0.000001
v 0.003217 -0.008287 0.000001
v 0.002093 -0.005908 0.000001
v 0.003779 -0.009477 0.000001
v 0.035513 -0.009499 0.000001
v 0.035889 -0.009704 0.000001
v 0.035575 -0.009743 0.000001
v 0.035951 -0.009948 0.000001
v 0.036265 -0.009908 0.000001
v 0.035637 -0.009988 0.000001
v 0.036327 -0.010153 0.000001
v 0.036013 -0.010192 0.000001
v 0.036640 -0.010113 0.000001
v 0.035699 -0.010232 0.000001
v 0.000466 0.008986 0.000001
v 0.002410 0.008693 0.000001
v 0.001313 0.007296 0.000001
v 0.003257 0.007004 0.000001
v 0.004296 0.008024 0.000001
v 0.002217 0.005984 0.000001
v -0.001097 0.000578 0.000001
v 0.000290 0.001234 0.000001
v -0.000801 0.001821 0.000001
v -0.002188 0.001165 0.000001
v 0.000586 0.002477 0.000001
v -0.001892 0.002408 0.000001
v -0.000505 0.003064 0.000001
v -0.003279 0.001752 0.000001
v 0.000882 0.003721 0.000001
v 0.039718 -0.012722 0.000001
v 0.039597 -0.013093 0.000001
v 0.039414 -0.012708 0.000001
v 0.039471 -0.013462 0.000001
v 0.039289 -0.013078 0.000001
v 0.039164 -0.013447 0.000001
v 0.039343 -0.013830 0.000001
v 0.039110 -0.012694 0.000001
v 0.038985 -0.013063 0.000001
v 0.038806 -0.012680 0.000001
v -0.001102 -0.008791 0.000001
v -0.003054 -0.008333 0.000001
v -0.001805 -0.007089 0.000001
v -0.004850 -0.007526 0.000001
v -0.003600 -0.006282 0.000001
v -0.002508 -0.005387 0.000001
v -0.029783 -0.029260 0.000001
v -0.029694 -0.028889 0.000001
v -0.029597 -0.029094 0.000001
v -0.029605 -0.028519 0.000001
v -0.029508 -0.028724 0.000001
v -0.029419 -0.028353 0.000001
v -0.029517 -0.028149 0.000001
v -0.029410 -0.028928 0.000001
v -0.029322 -0.028558 0.000001
v -0.029224 -0.028763 0.000001
v -0.000271 -0.007262 0.000001
v -0.000974 -0.005561 0.000001
v 0.000559 -0.005734 0.000001
v -0.000144 -0.004032 0.000001
v -0.001677 -0.003859 0.000001
v 0.001390 -0.004206 0.000001
v -0.008562 0.038461 0.000001
v -0.008759 0.038418 0.000001
v -0.008790 0.038746 0.000001
v -0.008987 0.038703 0.000001
v -0.008956 0.038376 0.000001
v -0.009018 0.039031 0.000001
v -0.009184 0.038661 0.000001
v -0.009215 0.038988 0.000001
v -0.009412 0.038945 0.000001
v -0.009153 0.038333 0.000001
v -0.009381 0.038618 0.000001
v -0.009350 0.038290 0.000001
v -0.009246 0.039316 0.000001
v -0.009443 0.039273 0.000001
v -0.010476 0.040416 0.000001
v -0.010220 0.040150 0.000001
v -0.010453 0.040166 0.000001
v -0.009963 0.039883 0.000001
v -0.010197 0.039899 0.000001
v -0.009940 0.039633 0.000001
v -0.009707 0.039617 0.000001
v -0.010430 0.039915 0.000001
v -0.010174 0.039649 0.000001
v -0.010407 0.039665 0.000001
v 0.038676 -0.011649 0.000001
v 0.038516 -0.011831 0.000001
v 0.038773 -0.011932 0.000001
v 0.038933 -0.011751 0.000001
v 0.038612 -0.012114 0.000001
v 0.039030 -0.012034 0.000001
v 0.038870 -0.012216 0.000001
v 0.039127 -0.012318 0.000001
v 0.039190 -0.011853 0.000001
v 0.039287 -0.012136 0.000001
v 0.039447 -0.011955 0.000001
v 0.038709 -0.012397 0.000001
v 0.038966 -0.012499 0.000001
v 0.001457 0.001594 0.000001
v 0.001753 0.002838 0.000001
v 0.002624 0.001954 0.000001
v 0.002920 0.003198 0.000001
v 0.002049 0.004081 0.000001
v 0.003790 0.002315 0.000001
v 0.039878 -0.012541 0.000001
v 0.039575 -0.012527 0.000001
v 0.039735 -0.012346 0.000001
v 0.039270 -0.012513 0.000001
v 0.039431 -0.012332 0.000001
v 0.039591 -0.012150 0.000001
v -0.009557 0.035287 0.000001
v -0.009356 0.035388 0.000001
v -0.009447 0.035007 0.000001
v -0.009154 0.035490 0.000001
v -0.009246 0.035108 0.000001
v -0.009338 0.034726 0.000001
v 0.009864 0.000255 0.000001
v 0.009826 0.000881 0.000001
v 0.009228 0.000510 0.000001
v 0.009153 0.001132 0.000001
v 0.009752 0.001502 0.000001
v 0.009078 0.001753 0.000001
v 0.008591 0.000765 0.000001
v 0.008517 0.001387 0.000001
v 0.007955 0.001021 0.000001
v 0.009640 0.002119 0.000001
v 0.004927 0.002302 0.000001
v 0.004056 0.003185 0.000001
v 0.005193 0.003173 0.000001
v 0.003185 0.004069 0.000001
v 0.004322 0.004056 0.000001
v 0.003451 0.004939 0.000001
v 0.002314 0.004952 0.000001
v 0.005459 0.004044 0.000001
v 0.004588 0.004927 0.000001
v -0.010086 0.001452 0.000001
v -0.008553 0.002024 0.000001
v -0.009672 0.002854 0.000001
v -0.008140 0.003427 0.000001
v -0.007021 0.002597 0.000001
v -0.009258 0.004257 0.000001
v -0.029069 -0.026589 0.000001
v -0.028936 -0.026738 0.000001
v -0.029205 -0.026928 0.000001
v -0.029073 -0.027077 0.000001
v -0.028803 -0.026887 0.000001
v -0.029342 -0.027267 0.000001
v -0.028940 -0.027225 0.000001
v -0.029209 -0.027415 0.000001
v -0.029076 -0.027564 0.000001
v -0.028671 -0.027036 0.000001
v -0.028807 -0.027374 0.000001
v -0.028538 -0.027184 0.000001
v -0.029478 -0.027605 0.000001
v -0.029345 -0.027754 0.000001
v 0.008950 -0.000152 0.000001
v 0.008037 -0.000559 0.000001
v 0.008314 0.000103 0.000001
v 0.007401 -0.000304 0.000001
v 0.007124 -0.000966 0.000001
v 0.007678 0.000358 0.000001
v 0.038215 -0.011685 0.000001
v 0.038311 -0.011969 0.000001
v 0.038010 -0.011824 0.000001
v 0.038408 -0.012252 0.000001
v 0.038107 -0.012107 0.000001
v 0.038204 -0.012390 0.000001
v 0.038505 -0.012535 0.000001
v 0.037806 -0.011962 0.000001
v 0.037903 -0.012245 0.000001
v 0.037602 -0.012100 0.000001
v -0.010217 0.038678 0.000001
v -0.010031 0.038908 0.000001
v -0.010001 0.038581 0.000001
v -0.009815 0.038812 0.000001
v -0.009846 0.039139 0.000001
v -0.009784 0.038484 0.000001
v -0.009629 0.039042 0.000001
v -0.009598 0.038715 0.000001
v -0.009660 0.039370 0.000001
v -0.009567 0.038387 0.000001
v -0.008603 0.038876 0.000001
v -0.008831 0.039161 0.000001
v -0.008645 0.039291 0.000001
v -0.009059 0.039446 0.000001
v -0.008873 0.039576 0.000001
v -0.009101 0.039861 0.000001
v -0.009287 0.039731 0.000001
v -0.008687 0.039706 0.000001
v -0.008915 0.039991 0.000001
v -0.008729 0.040121 0.000001
v -0.025785 -0.025906 0.000001
v -0.025973 -0.025780 0.000001
v -0.025590 -0.025668 0.000001
v -0.026160 -0.025654 0.000001
v -0.025778 -0.025542 0.000001
v -0.025395 -0.025430 0.000001
v -0.009146 0.040751 0.000001
v -0.008840 0.040818 0.000001
v -0.009007 0.040541 0.000001
v -0.008535 0.040882 0.000001
v -0.008701 0.040605 0.000001
v -0.008395 0.040670 0.000001
v -0.008229 0.040944 0.000001
v -0.008868 0.040331 0.000001
v -0.008562 0.040395 0.000001
v -0.010291 0.034024 0.000001
v -0.009973 0.034258 0.000001
v -0.010083 0.034539 0.000001
v -0.009765 0.034773 0.000001
v -0.009655 0.034492 0.000001
v -0.009875 0.035053 0.000001
v -0.028462 -0.028121 0.000001
v -0.028750 -0.028076 0.000001
v -0.028481 -0.027887 0.000001
v -0.028769 -0.027842 0.000001
v -0.029038 -0.028032 0.000001
v -0.028500 -0.027653 0.000001
v -0.029057 -0.027798 0.000001
v -0.028788 -0.027608 0.000001
v -0.029326 -0.027988 0.000001
v -0.028519 -0.027418 0.000001
v 0.008932 0.004366 0.000001
v 0.008032 0.004387 0.000001
v 0.008540 0.003901 0.000001
v 0.007640 0.003922 0.000001
v 0.007132 0.004408 0.000001
v 0.006741 0.003943 0.000001
v 0.008148 0.003437 0.000001
v 0.007249 0.003458 0.000001
v 0.007757 0.002972 0.000001
v 0.006233 0.004429 0.000001
v -0.009193 0.040411 0.000001
v -0.009054 0.040201 0.000001
v -0.009240 0.040071 0.000001
v 0.035343 -0.010682 0.000001
v 0.035086 -0.010304 0.000001
v 0.035397 -0.010487 0.000001
v 0.035139 -0.010109 0.000001
v 0.034828 -0.009925 0.000001
v 0.035450 -0.010293 0.000001
v -0.000807 -0.000928 0.000001
v -0.001898 -0.000341 0.000001
v -0.001608 -0.001847 0.000001
v -0.002699 -0.001260 0.000001
v -0.002989 0.000246 0.000001
v -0.002410 -0.002766 0.000001
v -0.031418 -0.027518 0.000001
v -0.031202 -0.027763 0.000001
v -0.031093 -0.027532 0.000001
v -0.030875 -0.027776 0.000001
v -0.030984 -0.028007 0.000001
v -0.030657 -0.028020 0.000001
v -0.030768 -0.027547 0.000001
v -0.030550 -0.027791 0.000001
v -0.030443 -0.027562 0.000001
v -0.030764 -0.028249 0.000001
v -0.029413 -0.026833 0.000001
v -0.029549 -0.027171 0.000001
v -0.029756 -0.027076 0.000001
v -0.029685 -0.027510 0.000001
v -0.029892 -0.027414 0.000001
v -0.030028 -0.027753 0.000001
v -0.029821 -0.027848 0.000001
v -0.030099 -0.027319 0.000001
v -0.030236 -0.027658 0.000001
v -0.024323 -0.025921 0.000001
v -0.024681 -0.025758 0.000001
v -0.024876 -0.025996 0.000001
v -0.025233 -0.025832 0.000001
v -0.025038 -0.025594 0.000001
v -0.025428 -0.026070 0.000001
v 0.004393 0.006991 0.000001
v 0.004491 0.005959 0.000001
v 0.003354 0.005972 0.000001
v 0.035264 -0.009560 0.000001
v 0.035326 -0.009804 0.000001
v 0.035015 -0.009620 0.000001
v 0.035388 -0.010048 0.000001
v 0.035077 -0.009865 0.000001
v 0.034766 -0.009681 0.000001
v 0.039993 -0.012168 0.000001
v 0.039846 -0.011972 0.000001
v 0.040105 -0.011795 0.000001
v 0.039957 -0.011598 0.000001
v 0.039702 -0.011777 0.000001
v 0.040212 -0.011420 0.000001
v -0.023425 -0.023670 0.000001
v -0.023542 -0.023467 0.000001
v -0.023572 -0.023639 0.000001
v -0.023689 -0.023435 0.000001
v -0.023660 -0.023263 0.000001
v -0.023807 -0.023232 0.000001
v -0.023719 -0.023608 0.000001
v -0.023836 -0.023404 0.000001
v -0.023866 -0.023576 0.000001
v -0.023777 -0.023059 0.000001
v -0.030450 -0.028115 0.000001
v -0.030343 -0.027887 0.000001
v -0.030135 -0.027982 0.000001
v 0.005435 0.001817 0.000001
v 0.005701 0.002687 0.000001
v 0.006209 0.002202 0.000001
v 0.005967 0.003558 0.000001
v 0.006475 0.003073 0.000001
v 0.006983 0.002587 0.000001
v -0.000075 -0.002021 0.000001
v 0.000658 -0.003114 0.000001
v -0.000876 -0.002940 0.000001
v 0.009590 0.002607 0.000001
v 0.009406 0.003207 0.000001
v 0.008979 0.002729 0.000001
v 0.008760 0.003315 0.000001
v 0.009186 0.003793 0.000001
v 0.008368 0.002851 0.000001
v -0.010265 0.038925 0.000001
v -0.010079 0.039155 0.000001
v -0.010312 0.039171 0.000001
v -0.010126 0.039402 0.000001
v -0.009893 0.039386 0.000001
v -0.010360 0.039418 0.000001
v 0.005485 0.001329 0.000001
v 0.006031 0.000564 0.000001
v 0.006308 0.001226 0.000001
v 0.006855 0.000461 0.000001
v 0.006577 -0.000201 0.000001
v 0.007132 0.001123 0.000001
v -0.028652 -0.028281 0.000001
v -0.028940 -0.028237 0.000001
v -0.028843 -0.028442 0.000001
v -0.029131 -0.028398 0.000001
v -0.029228 -0.028193 0.000001
v -0.029034 -0.028602 0.000001
v 0.009029 0.002241 0.000001
v 0.008467 0.001875 0.000001
v 0.008418 0.002363 0.000001
v 0.007856 0.001996 0.000001
v 0.007906 0.001508 0.000001
v 0.007806 0.002484 0.000001
v 0.036723 -0.011436 0.000001
v 0.036957 -0.011448 0.000001
v 0.037016 -0.011658 0.000001
v 0.037191 -0.011459 0.000001
v 0.037250 -0.011669 0.000001
v 0.037484 -0.011680 0.000001
v 0.037426 -0.011469 0.000001
v 0.037309 -0.011879 0.000001
v 0.037543 -0.011890 0.000001
v 0.037951 -0.011613 0.000001
v 0.037747 -0.011752 0.000001
v 0.037689 -0.011541 0.000001
v 0.006259 0.001714 0.000001
v 0.007033 0.002099 0.000001
v 0.007082 0.001611 0.000001
v -0.010124 0.038248 0.000001
v -0.009907 0.038151 0.000001
v -0.010030 0.037818 0.000001
v -0.009690 0.038054 0.000001
v -0.009814 0.037721 0.000001
v -0.009597 0.037625 0.000001
v -0.009474 0.037957 0.000001
v -0.009937 0.037388 0.000001
v -0.009720 0.037292 0.000001
v -0.009182 0.037458 0.000001
v -0.009361 0.037403 0.000001
v -0.009238 0.037735 0.000001
v -0.009541 0.037347 0.000001
v -0.009417 0.037680 0.000001
v -0.009294 0.038013 0.000001
v -0.028130 -0.027832 0.000001
v -0.028149 -0.027598 0.000001
v -0.027798 -0.027544 0.000001
v -0.028168 -0.027364 0.000001
v -0.027817 -0.027310 0.000001
v -0.027836 -0.027076 0.000001
v -0.028187 -0.027130 0.000001
v -0.027466 -0.027256 0.000001
v -0.027485 -0.027022 0.000001
v -0.027883 -0.026641 0.000001
v -0.027750 -0.026768 0.000001
v -0.028101 -0.026822 0.000001
v -0.027618 -0.026895 0.000001
v -0.027969 -0.026949 0.000001
v -0.028320 -0.027003 0.000001
v 0.022893 -0.002766 0.000001
v 0.025908 -0.004507 0.000001
v 0.024404 -0.003399 0.000001
v 0.027419 -0.005140 0.000001
v 0.028923 -0.006247 0.000001
v 0.030434 -0.006881 0.000001
v 0.025915 -0.004033 0.000001
v 0.028929 -0.005773 0.000001
v 0.027425 -0.004666 0.000001
v 0.031938 -0.007988 0.000001
v 0.032559 -0.006914 0.000001
v 0.028942 -0.004825 0.000001
v 0.030847 -0.006165 0.000001
v 0.027231 -0.004076 0.000001
v 0.025325 -0.002737 0.000001
v 0.023614 -0.001988 0.000001
v 0.029136 -0.005415 0.000001
v 0.025519 -0.003327 0.000001
v 0.021708 -0.000649 0.000001
v 0.020988 -0.001427 0.000001
v 0.022498 -0.002060 0.000001
v 0.020593 -0.000721 0.000001
v 0.022103 -0.001354 0.000001
v 0.024009 -0.002694 0.000001
v 0.020198 -0.000015 0.000001
v -0.008081 0.039569 0.000001
v -0.008187 0.040529 0.000001
v -0.008205 0.038880 0.000001
v -0.008099 0.037920 0.000001
v -0.008312 0.039840 0.000001
v -0.008224 0.037230 0.000001
v -0.008330 0.038190 0.000001
v -0.008348 0.036541 0.000001
v -0.008117 0.036270 0.000001
v -0.008242 0.035580 0.000001
v -0.008437 0.039150 0.000001
v -0.008455 0.037501 0.000001
v -0.028016 -0.026493 0.000001
v -0.027782 -0.026287 0.000001
v -0.028367 -0.026525 0.000001
v -0.028133 -0.026320 0.000001
v -0.027549 -0.026083 0.000001
v -0.027900 -0.026115 0.000001
v -0.028718 -0.026557 0.000001
v -0.028485 -0.026352 0.000001
v -0.027315 -0.025877 0.000001
v -0.023648 -0.025311 0.000001
v -0.021236 -0.023919 0.000001
v -0.023525 -0.024774 0.000001
v -0.021112 -0.023382 0.000001
v -0.018824 -0.022526 0.000001
v -0.018701 -0.021990 0.000001
v -0.023401 -0.024238 0.000001
v -0.020989 -0.022846 0.000001
v -0.016412 -0.021134 0.000001
v -0.013552 -0.019483 0.000001
v -0.011140 -0.018090 0.000001
v -0.012981 -0.018688 0.000001
v -0.010569 -0.017295 0.000001
v -0.008728 -0.016698 0.000001
v -0.008157 -0.015903 0.000001
v -0.012409 -0.017892 0.000001
v -0.009998 -0.016500 0.000001
v -0.006317 -0.015305 0.000001
v -0.010499 0.002838 0.000001
v -0.010086 0.004240 0.000001
v -0.010499 0.005626 0.000001
v -0.010086 0.007029 0.000001
v -0.009672 0.005643 0.000001
v -0.009672 0.008431 0.000001
v -0.010499 0.008415 0.000001
v -0.010086 0.009817 0.000001
v -0.010499 0.011203 0.000001
v -0.009258 0.007045 0.000001
v -0.010499 0.013991 0.000001
v -0.010086 0.013111 0.000001
v -0.010086 0.015899 0.000001
v -0.010499 0.016780 0.000001
v -0.009672 0.015019 0.000001
v -0.010086 0.018688 0.000001
v -0.009672 0.017807 0.000001
v -0.009672 0.020596 0.000001
v -0.010499 0.019568 0.000001
v -0.010086 0.021476 0.000001
v -0.010499 0.022357 0.000001
v -0.009258 0.016927 0.000001
v -0.009258 0.019715 0.000001
v -0.010499 0.025145 0.000001
v -0.010086 0.024770 0.000001
v -0.010086 0.027558 0.000001
v -0.010499 0.027933 0.000001
v -0.009672 0.027183 0.000001
v -0.010086 0.030347 0.000001
v -0.009672 0.029972 0.000001
v -0.009672 0.032760 0.000001
v -0.010499 0.030722 0.000001
v -0.010085 0.033135 0.000001
v -0.009258 0.029597 0.000001
v -0.009258 0.032385 0.000001
v -0.008985 0.037501 0.000001
v -0.008918 0.037199 0.000001
v -0.008844 0.037821 0.000001
v -0.008777 0.037519 0.000001
v -0.008852 0.036897 0.000001
v -0.008711 0.037217 0.000001
v -0.008703 0.038141 0.000001
v -0.008636 0.037839 0.000001
v -0.008786 0.036595 0.000001
v -0.024288 -0.023253 0.000001
v -0.026287 -0.024407 0.000001
v -0.024829 -0.023619 0.000001
v -0.026827 -0.024773 0.000001
v -0.028286 -0.025561 0.000001
v -0.028826 -0.025927 0.000001
v -0.025369 -0.023984 0.000001
v -0.027368 -0.025138 0.000001
v -0.030284 -0.026715 0.000001
v -0.003457 -0.013654 0.000001
v -0.001045 -0.012262 0.000001
v -0.002437 -0.012600 0.000001
v -0.000026 -0.011208 0.000001
v 0.001367 -0.010869 0.000001
v -0.001418 -0.011546 0.000001
v 0.009949 0.005902 0.000001
v 0.013566 0.003814 0.000001
v 0.010946 0.004848 0.000001
v 0.014563 0.002760 0.000001
v 0.017183 0.001725 0.000001
v 0.011943 0.003795 0.000001
v -0.031074 -0.027274 0.000001
v -0.029616 -0.026486 0.000001
v -0.030406 -0.027046 0.000001
v -0.028158 -0.025698 0.000001
v -0.028948 -0.026258 0.000001
v -0.027489 -0.025470 0.000001
v -0.026699 -0.024910 0.000001
v -0.029738 -0.026818 0.000001
v -0.028279 -0.026029 0.000001
v 0.017578 0.001020 0.000001
v 0.017973 0.000314 0.000001
v 0.014958 0.002054 0.000001
v -0.009258 0.013633 0.000001
v -0.009258 0.010339 0.000001
v -0.009672 0.011725 0.000001
v -0.009258 0.023009 0.000001
v -0.009672 0.023889 0.000001
v -0.009258 0.026303 0.000001
v -0.007138 -0.014849 0.000001
v -0.004278 -0.013198 0.000001
v -0.005297 -0.014252 0.000001
v -0.015841 -0.020339 0.000001
v -0.018129 -0.021195 0.000001
v -0.015269 -0.019544 0.000001
v -0.008248 0.032329 0.000001
v -0.008081 0.032663 0.000001
v -0.008266 0.032981 0.000001
v -0.008434 0.032647 0.000001
v -0.008099 0.033315 0.000001
v -0.008452 0.033300 0.000001
v -0.008284 0.033634 0.000001
v -0.008619 0.032966 0.000001
v -0.008117 0.033968 0.000001
v -0.008081 0.034965 0.000001
v -0.008099 0.035617 0.000001
v -0.008081 0.037267 0.000001
v -0.008423 0.035919 0.000001
v -0.008604 0.036257 0.000001
v -0.008530 0.036879 0.000001
v 0.038528 -0.013474 0.000001
v 0.039042 -0.013685 0.000001
v 0.038048 -0.012945 0.000001
v 0.037535 -0.012734 0.000001
v 0.038562 -0.013156 0.000001
v 0.037055 -0.012206 0.000001
v 0.037568 -0.012417 0.000001
v 0.036575 -0.011677 0.000001
v 0.036541 -0.011994 0.000001
v 0.036061 -0.011466 0.000001
v 0.038082 -0.012628 0.000001
v 0.037088 -0.011889 0.000001
v -0.026905 -0.025232 0.000001
v -0.027110 -0.025555 0.000001
v -0.027695 -0.025792 0.000001
v 0.038863 -0.013302 0.000001
v 0.038383 -0.012773 0.000001
v 0.038684 -0.012918 0.000001
v -0.008354 0.040255 0.000001
v -0.008479 0.039565 0.000001
v -0.008520 0.039980 0.000001
v 0.039955 -0.011318 0.000001
v 0.039605 -0.011011 0.000001
v 0.039092 -0.011087 0.000001
v 0.039443 -0.011394 0.000001
v 0.038742 -0.010780 0.000001
v 0.038580 -0.011164 0.000001
v 0.038229 -0.010856 0.000001
v 0.038931 -0.011471 0.000001
v 0.037879 -0.010549 0.000001
v 0.034956 -0.008327 0.000001
v 0.034580 -0.008122 0.000001
v 0.035267 -0.008786 0.000001
v 0.035643 -0.008990 0.000001
v 0.034891 -0.008581 0.000001
v 0.035954 -0.009449 0.000001
v 0.035578 -0.009245 0.000001
v 0.036329 -0.009654 0.000001
v 0.035202 -0.009040 0.000001
v 0.036506 -0.009221 0.000001
v 0.038055 -0.010116 0.000001
v 0.037192 -0.009885 0.000001
v -0.023907 -0.023203 0.000001
v -0.023937 -0.023375 0.000001
v -0.024067 -0.023519 0.000001
v -0.023966 -0.023548 0.000001
v -0.024096 -0.023691 0.000001
v -0.024125 -0.023864 0.000001
v -0.023995 -0.023720 0.000001
v -0.024226 -0.023835 0.000001
v -0.024255 -0.024007 0.000001
v -0.009041 0.037778 0.000001
v -0.009097 0.038055 0.000001
v -0.008900 0.038098 0.000001
v -0.030749 -0.027289 0.000001
v -0.030081 -0.027061 0.000001
v -0.030424 -0.027304 0.000001
v -0.025134 -0.026576 0.000001
v -0.024944 -0.026415 0.000001
v -0.026307 -0.027144 0.000001
v -0.026498 -0.027305 0.000001
v -0.026116 -0.026984 0.000001
v -0.027670 -0.027873 0.000001
v -0.027480 -0.027713 0.000001
v -0.027861 -0.028034 0.000001
v -0.027289 -0.027552 0.000001
v 0.036502 -0.011446 0.000001
v 0.036795 -0.011668 0.000001
v 0.036282 -0.011456 0.000001
v -0.026684 -0.027471 0.000001
v -0.028233 -0.028365 0.000001
v -0.028047 -0.028200 0.000001
v -0.024448 -0.023569 0.000001
v -0.024607 -0.023885 0.000001
v -0.024988 -0.023935 0.000001
v 0.035141 -0.011518 0.000001
v 0.035841 -0.011756 0.000001
v 0.036835 -0.012496 0.000001
v -0.024612 -0.026127 0.000001
v -0.025785 -0.026696 0.000001
v -0.025453 -0.026407 0.000001
v -0.026957 -0.027264 0.000001
v -0.026625 -0.026976 0.000001
v -0.026294 -0.026687 0.000001
v -0.010476 0.035049 0.000001
v -0.010428 0.034802 0.000001
v -0.010406 0.036341 0.000001
v -0.010453 0.036588 0.000001
v -0.010358 0.036094 0.000001
v -0.010383 0.037880 0.000001
v -0.010335 0.037633 0.000001
v -0.010430 0.038126 0.000001
v -0.010288 0.037386 0.000001
v -0.010476 0.038627 0.000001
v -0.010453 0.038377 0.000001
v -0.010476 0.036838 0.000001
v -0.028234 -0.026674 0.000001
v -0.028452 -0.026855 0.000001
v -0.028585 -0.026706 0.000001
v -0.010335 0.034372 0.000001
v -0.010265 0.035664 0.000001
v -0.010171 0.035234 0.000001
v -0.010194 0.036956 0.000001
v -0.010101 0.036526 0.000001
v -0.010007 0.036097 0.000001
v -0.010127 0.034887 0.000001
v -0.009963 0.035749 0.000001
v -0.009919 0.035401 0.000001
v -0.025164 -0.026201 0.000001
v -0.026005 -0.026482 0.000001
v -0.025716 -0.026276 0.000001
v 0.039700 -0.011496 0.000001
v 0.039445 -0.011675 0.000001
v 0.039188 -0.011573 0.000001
v 0.032352 -0.007272 0.000001
v 0.032145 -0.007630 0.000001
v 0.030641 -0.006523 0.000001
v -0.023555 -0.023814 0.000001
v -0.023678 -0.024350 0.000001
v -0.023831 -0.023926 0.000001
v -0.023801 -0.024887 0.000001
v -0.023955 -0.024463 0.000001
v -0.024108 -0.024039 0.000001
v -0.008835 0.032329 0.000001
v -0.008639 0.032329 0.000001
v -0.008825 0.032647 0.000001
v -0.008629 0.032647 0.000001
v -0.008444 0.032329 0.000001
v -0.008815 0.032966 0.000001
v -0.009248 0.032704 0.000001
v -0.009662 0.033079 0.000001
v -0.009238 0.033022 0.000001
v 0.034642 -0.008642 0.000001
v 0.034953 -0.009101 0.000001
v 0.034704 -0.009161 0.000001
v -0.023702 -0.023783 0.000001
v -0.023978 -0.023895 0.000001
v -0.023848 -0.023751 0.000001
v -0.003930 0.012281 0.014089
v -0.003885 0.011217 0.014186
v -0.004310 0.012191 0.013275
v -0.004355 0.013256 0.013178
v -0.004265 0.011127 0.013372
v -0.004735 0.013166 0.012364
v -0.004690 0.012101 0.012460
v -0.005114 0.013075 0.011549
v -0.004780 0.014230 0.012267
v -0.005160 0.014140 0.011452
v -0.005205 0.015204 0.011356
v -0.004644 0.011036 0.012557
v -0.005069 0.012011 0.011646
v -0.005024 0.010946 0.011743
v -0.009794 0.010193 0.001515
v -0.009794 0.007405 0.001515
v -0.009088 0.009184 0.003029
v -0.010004 0.005040 0.001063
v -0.009298 0.006818 0.002577
v -0.009509 0.004453 0.002125
v -0.010201 0.002488 0.000641
v -0.008382 0.008174 0.004543
v -0.008636 0.005972 0.003997
v -0.007676 0.007165 0.006057
v -0.003885 0.010865 0.014186
v -0.004265 0.010774 0.013372
v -0.003885 0.010512 0.014186
v -0.004265 0.010422 0.013372
v -0.004644 0.010684 0.012557
v -0.003885 0.010160 0.014186
v -0.007298 0.008377 0.006867
v -0.007666 0.009583 0.006078
v -0.007288 0.010796 0.006888
v -0.006920 0.009590 0.007678
v -0.007656 0.012002 0.006099
v -0.006910 0.012009 0.007699
v -0.007278 0.013214 0.006909
v -0.006900 0.014427 0.007720
v -0.006542 0.010803 0.008488
v -0.006532 0.013222 0.008509
v -0.006164 0.012016 0.009299
v -0.007646 0.014420 0.006120
v -0.007268 0.015633 0.006930
v -0.007636 0.016838 0.006141
v -0.009784 0.012612 0.001536
v -0.009078 0.011602 0.003050
v -0.009068 0.014021 0.003071
v -0.008372 0.010593 0.004564
v -0.008362 0.013011 0.004585
v -0.008352 0.015429 0.004606
v -0.009784 0.020977 0.001536
v -0.009784 0.018189 0.001536
v -0.009068 0.019597 0.003071
v -0.009784 0.015400 0.001536
v -0.009068 0.016809 0.003071
v -0.008352 0.018218 0.004606
v -0.005924 0.012813 0.009813
v -0.006292 0.014019 0.009023
v -0.005684 0.013610 0.010327
v -0.006053 0.014816 0.009538
v -0.006660 0.015224 0.008234
v -0.006421 0.016021 0.008748
v -0.005445 0.014407 0.010841
v -0.005813 0.015613 0.010052
v -0.007029 0.016430 0.007445
v -0.005879 0.011749 0.009910
v -0.005639 0.012546 0.010424
v -0.005594 0.011481 0.010521
v -0.005354 0.012278 0.011035
v -0.005399 0.013343 0.010938
v -0.005309 0.011214 0.011132
v -0.005418 0.021016 0.010899
v -0.004810 0.020608 0.012202
v -0.005549 0.019215 0.010616
v -0.006157 0.019623 0.009313
v -0.004942 0.018807 0.011920
v -0.006289 0.017822 0.009031
v -0.005681 0.017414 0.010334
v -0.006897 0.018231 0.007727
v -0.005073 0.017005 0.011638
v -0.009813 0.023270 0.001473
v -0.009813 0.026058 0.001473
v -0.009127 0.024183 0.002945
v -0.009127 0.026972 0.002945
v -0.009813 0.028847 0.001473
v -0.009127 0.029760 0.002945
v -0.008440 0.025097 0.004417
v -0.008440 0.027885 0.004417
v -0.007754 0.026010 0.005889
v -0.009813 0.031635 0.001473
v -0.005447 0.023309 0.010836
v -0.006187 0.021916 0.009250
v -0.006216 0.024209 0.009187
v -0.006956 0.022817 0.007601
v -0.006926 0.020524 0.007664
v -0.007695 0.021424 0.006015
v -0.006985 0.025110 0.007538
v -0.007724 0.023717 0.005952
v -0.007666 0.019131 0.006078
v -0.006327 0.031635 0.008949
v -0.007489 0.031635 0.006457
v -0.006803 0.029760 0.007929
v -0.008651 0.031635 0.003965
v -0.007965 0.029760 0.005437
v -0.007278 0.027885 0.006909
v -0.006034 0.028860 0.009578
v -0.006509 0.026985 0.008558
v -0.005740 0.026084 0.010207
v -0.009097 0.021890 0.003008
v -0.008382 0.020511 0.004543
v -0.008411 0.022804 0.004480
v -0.007013 0.008110 0.007478
v -0.006635 0.009323 0.008289
v -0.006350 0.009055 0.008900
v -0.005972 0.010268 0.009710
v -0.006257 0.010536 0.009099
v -0.005687 0.010001 0.010321
v -0.004574 0.009451 0.012709
v -0.004947 0.009642 0.011908
v -0.005630 0.008863 0.010444
v -0.005307 0.009739 0.011136
v -0.005990 0.008959 0.009672
v -0.006667 0.008111 0.008219
v -0.004223 0.015057 0.013460
v -0.004517 0.017832 0.012831
v -0.004648 0.016031 0.012549
v 0.006491 0.005362 0.018682
v 0.007543 0.003740 0.018682
v 0.005679 0.002816 0.022364
v 0.006172 0.001446 0.022364
v 0.008197 0.001920 0.018682
v 0.004146 0.000971 0.026046
v -0.008575 0.006060 0.015000
v -0.007280 0.006872 0.015865
v -0.007545 0.007302 0.015000
v -0.006142 0.007906 0.015865
v -0.005935 0.007446 0.016731
v -0.006338 0.008372 0.015000
v -0.004724 0.008267 0.016731
v -0.004858 0.008753 0.015865
v -0.003402 0.008894 0.016731
v -0.004579 0.007786 0.017596
v -0.003332 0.008396 0.017596
v -0.003251 0.007902 0.018461
v -0.004980 0.009244 0.015000
v -0.003460 0.009394 0.015865
v -0.003258 0.008425 0.017596
v -0.003324 0.008923 0.016731
v -0.003245 0.008952 0.016731
v -0.003294 0.009453 0.015865
v -0.003377 0.009424 0.015865
v -0.003211 0.009482 0.015865
v -0.003128 0.009510 0.015865
v -0.003167 0.008980 0.016731
v -0.003044 0.009537 0.015865
v -0.003088 0.009008 0.016731
v -0.003184 0.008453 0.017596
v -0.002960 0.009563 0.015865
v -0.001172 0.008957 0.017596
v -0.000952 0.009474 0.016731
v 0.001234 0.009442 0.016731
v 0.001595 0.009883 0.015865
v -0.000701 0.009986 0.015865
v 0.003808 0.009259 0.015865
v 0.000307 0.005121 0.024502
v 0.000197 0.004388 0.025809
v 0.001862 0.003978 0.025809
v 0.001499 0.003333 0.027115
v 0.000109 0.003652 0.027115
v 0.002660 0.002505 0.027115
v 0.001156 0.002677 0.028421
v 0.002093 0.002031 0.028421
v 0.000044 0.002916 0.028421
v 0.002710 0.001075 0.028421
v 0.001334 0.006334 0.022127
v -0.000315 0.005976 0.022992
v 0.000695 0.007293 0.020616
v 0.002717 0.007328 0.019751
v -0.001124 0.006744 0.021482
v 0.002082 0.008415 0.018241
v -0.000144 0.008178 0.019106
v 0.004412 0.008025 0.017376
v -0.002109 0.007396 0.019972
v 0.004734 0.005260 0.021057
v 0.003168 0.004780 0.023433
v 0.004102 0.002853 0.024739
v -0.002677 0.001156 0.028421
v -0.002031 0.002093 0.028421
v -0.002505 0.002660 0.027115
v -0.001075 0.002710 0.028421
v -0.001297 0.003416 0.027115
v -0.001497 0.004129 0.025809
v -0.004401 0.005382 0.021278
v -0.003306 0.005125 0.022788
v -0.004454 0.002984 0.024094
v -0.003439 0.002914 0.025605
v -0.002330 0.004700 0.024298
v -0.003606 0.001096 0.026911
v -0.007539 0.003748 0.018682
v -0.006533 0.004496 0.019547
v -0.006041 0.001919 0.022364
v -0.005270 0.002539 0.023229
v -0.005475 0.005040 0.020413
v -0.004208 0.000652 0.026046
v -0.006264 0.000971 0.022364
v -0.008024 0.002549 0.018682
v -0.008320 0.001290 0.018682
v -0.010007 0.003179 0.015000
v -0.009402 0.004675 0.015000
v -0.010376 0.001609 0.015000
v -0.007915 0.006900 0.008292
v -0.006977 0.007847 0.010486
v -0.008144 0.006628 0.010528
v -0.007293 0.007554 0.012764
v -0.005989 0.008625 0.012722
v -0.008364 0.006347 0.012764
v -0.010316 0.001960 0.012764
v -0.010316 0.001960 0.009014
v -0.009768 0.003851 0.010528
v -0.009643 0.004154 0.006327
v -0.010249 0.002281 0.004813
v -0.008878 0.005606 0.008292
v -0.009894 0.003517 0.012764
v -0.009238 0.004991 0.012764
v -0.009063 0.005302 0.010528
vn -0.4254 -0.9047 -0.0233
vn -0.4240 -0.9054 0.0235
vn -0.5057 -0.8624 -0.0242
vn -0.3389 -0.9405 -0.0243
vn -0.5046 -0.8630 0.0247
vn -0.4172 -0.9085 -0.0247
vn -0.4161 -0.9090 0.0246
vn -0.3378 -0.9409 0.0247
vn -0.5794 -0.8146 -0.0265
vn -0.5794 -0.8146 0.0265
vn -0.6521 -0.7577 -0.0265
vn -0.4954 -0.8683 -0.0265
vn -0.2422 -0.9699 -0.0254
vn -0.2413 -0.9701 0.0255
vn -0.3204 -0.9469 -0.0269
vn -0.1336 -0.9907 -0.0270
vn -0.9987 -0.0507 -0.0007
vn -0.9987 -0.0507 -0.0000
vn -0.9885 -0.1515 -0.0000
vn -0.9680 -0.2509 -0.0000
vn -0.9377 -0.3475 -0.0000
vn -0.5403 -0.8404 -0.0428
vn -0.5390 -0.8413 0.0414
vn -0.6074 -0.7934 -0.0403
vn -0.6827 -0.7295 -0.0416
vn -0.6067 -0.7940 0.0395
vn -0.7392 -0.6723 -0.0395
vn -0.7386 -0.6730 0.0395
vn -0.6820 -0.7303 0.0395
vn -0.6685 -0.7427 -0.0384
vn -0.6683 -0.7429 0.0376
vn -0.7239 -0.6889 -0.0370
vn -0.7899 -0.6120 -0.0378
vn -0.8024 -0.5954 -0.0399
vn -0.8024 -0.5954 0.0399
vn -0.8478 -0.5289 -0.0399
vn -0.8970 -0.4403 -0.0399
vn -0.7850 -0.6193 -0.0129
vn -0.8373 -0.5466 0.0129
vn -0.8373 -0.5466 -0.0129
vn -0.8889 -0.4580 -0.0129
vn -0.8826 -0.4700 0.0127
vn -0.9261 -0.3772 -0.0127
vn -0.9557 -0.2939 0.0127
vn -0.9261 -0.3772 0.0127
vn -0.8826 -0.4700 -0.0127
vn -0.9211 -0.3891 0.0127
vn -0.9211 -0.3891 -0.0127
vn -0.9557 -0.2939 -0.0127
vn -0.9600 -0.2798 -0.0128
vn -0.9807 -0.1950 0.0125
vn -0.9807 -0.1950 -0.0126
vn -0.9957 -0.0912 -0.0128
vn -0.7100 -0.7040 0.0155
vn -0.7317 -0.6814 -0.0155
vn -0.6420 -0.7665 0.0155
vn -0.7702 -0.6376 0.0155
vn -0.6657 -0.7460 -0.0155
vn -0.7081 -0.7060 0.0155
vn -0.7298 -0.6835 -0.0155
vn -0.7898 -0.6132 -0.0155
vn -0.5686 -0.8225 0.0155
vn -0.5941 -0.8043 -0.0155
vn -0.4903 -0.8714 0.0155
vn -0.6399 -0.7683 0.0155
vn -0.8242 -0.5661 0.0155
vn -0.8415 -0.5401 -0.0155
vn -0.7684 -0.6398 0.0155
vn -0.8715 -0.4901 0.0155
vn -0.5482 -0.6622 0.5108
vn -0.5631 -0.6803 0.4692
vn -0.6354 -0.5782 0.5118
vn -0.5736 -0.6396 0.5118
vn -0.6535 -0.5948 0.4682
vn -0.6573 -0.5522 0.5128
vn -0.6770 -0.5688 0.4670
vn -0.5900 -0.6579 0.4681
vn -0.7098 -0.4829 0.5128
vn -0.7311 -0.4973 0.4671
vn -0.7701 -0.3781 0.5138
vn -0.7279 -0.4541 0.5138
vn -0.5980 -0.6160 0.5128
vn -0.6159 -0.6344 0.4670
vn -0.6782 -0.5254 0.5138
vn -0.6215 -0.5914 0.5138
vn 0.4075 -0.7811 0.4730
vn 0.4306 -0.7469 0.5066
vn 0.5809 -0.6625 0.4730
vn 0.4396 -0.7626 0.4746
vn 0.5952 -0.6238 0.5066
vn 0.6076 -0.6368 0.4746
vn 0.6215 -0.5988 0.5051
vn 0.4621 -0.7289 0.5051
vn 0.7212 -0.5061 0.4730
vn 0.7259 -0.4651 0.5066
vn 0.8205 -0.3210 0.4730
vn 0.7411 -0.4749 0.4746
vn 0.4708 -0.7427 0.4762
vn 0.4929 -0.7095 0.5036
vn 0.6333 -0.6101 0.4762
vn 0.5012 -0.7215 0.4777
vn 0.2087 -0.8458 0.4909
vn 0.0011 -0.8731 0.4876
vn 0.0011 -0.8713 0.4908
vn 0.0025 -0.8712 0.4909
vn -0.2070 -0.8481 0.4877
vn -0.2052 -0.8468 0.4908
vn -0.4019 -0.7750 0.4877
vn -0.2056 -0.8485 0.4876
vn -0.2066 -0.8465 0.4907
vn -0.4031 -0.7743 0.4878
vn -0.4024 -0.7728 0.4907
vn -0.4011 -0.7735 0.4907
vn -0.2038 -0.8470 0.4909
vn -0.4007 -0.7757 0.4876
vn -0.3998 -0.7741 0.4908
vn -0.3985 -0.7747 0.4909
vn 0.2143 -0.8327 0.5106
vn 0.2370 -0.8518 0.4672
vn 0.2494 -0.8241 0.5086
vn 0.0096 -0.8604 0.5096
vn 0.2722 -0.8400 0.4693
vn 0.0458 -0.8604 0.5076
vn 0.0641 -0.8802 0.4703
vn 0.0271 -0.8832 0.4682
vn 0.2842 -0.8140 0.5066
vn 0.3069 -0.8268 0.4714
vn 0.3185 -0.8024 0.5046
vn 0.0820 -0.8588 0.5056
vn -0.1958 -0.8384 0.5086
vn -0.1840 -0.8637 0.4693
vn -0.1607 -0.8471 0.5066
vn -0.3903 -0.7681 0.5076
vn -0.4987 -0.7137 0.4919
vn -0.4986 -0.7136 0.4921
vn -0.5121 -0.7041 0.4918
vn -0.4975 -0.7146 0.4918
vn -0.5121 -0.7040 0.4921
vn -0.5110 -0.7050 0.4918
vn -0.5109 -0.7049 0.4921
vn -0.4974 -0.7145 0.4921
vn -0.5254 -0.6943 0.4918
vn -0.5253 -0.6942 0.4921
vn -0.5385 -0.6842 0.4918
vn -0.5243 -0.6952 0.4918
vn -0.4963 -0.7154 0.4918
vn -0.4963 -0.7153 0.4921
vn -0.5098 -0.7058 0.4918
vn -0.4952 -0.7162 0.4918
vn -0.5513 -0.6716 0.4950
vn -0.5407 -0.6847 0.4887
vn -0.5385 -0.6820 0.4949
vn -0.5651 -0.6601 0.4950
vn -0.5275 -0.6948 0.4889
vn -0.5525 -0.6707 0.4949
vn -0.5418 -0.6837 0.4889
vn -0.5547 -0.6734 0.4887
vn -0.5255 -0.6921 0.4947
vn -0.5142 -0.7046 0.4890
vn -0.5123 -0.7020 0.4946
vn -0.5397 -0.6812 0.4947
vn -0.5785 -0.6483 0.4950
vn -0.5684 -0.6618 0.4887
vn -0.5662 -0.6592 0.4949
vn -0.5918 -0.6362 0.4950
vn 0.1686 -0.8476 0.5031
vn 0.2846 -0.8342 0.4724
vn 0.2779 -0.8145 0.5093
vn 0.4801 -0.7186 0.5031
vn 0.3938 -0.7925 0.4657
vn 0.5684 -0.6461 0.5093
vn 0.6671 -0.5815 0.4657
vn 0.5821 -0.6618 0.4724
vn 0.3813 -0.7674 0.5155
vn 0.4970 -0.7365 0.4589
vn 0.4772 -0.7072 0.5216
vn 0.6460 -0.5630 0.5155
vn 0.7186 -0.4801 0.5031
vn 0.7911 -0.3886 0.4724
vn 0.7724 -0.3794 0.5093
vn 0.8476 -0.1686 0.5031
vn 0.5192 -0.6945 0.4980
vn 0.6700 -0.5656 0.4809
vn 0.6447 -0.5789 0.4992
vn 0.6808 -0.5384 0.4965
vn 0.7684 -0.4236 0.4797
vn 0.7726 -0.3942 0.4977
vn 0.8506 -0.2117 0.4812
vn 0.7920 -0.3741 0.4824
vn 0.7450 -0.4410 0.5004
vn 0.8371 -0.2651 0.4784
vn 0.8163 -0.2864 0.5016
vn 0.8342 -0.2349 0.4989
vn 0.7970 -0.3461 0.4950
vn 0.8607 -0.1582 0.4840
vn 0.8488 -0.1827 0.4962
vn 0.8599 -0.1305 0.4935
vn -0.8166 -0.3026 0.4915
vn -0.8430 -0.2184 0.4915
vn -0.8430 -0.2185 0.4915
vn -0.8608 -0.1320 0.4915
vn -0.8698 -0.0441 0.4915
vn -0.8608 -0.1319 0.4915
vn -0.8698 -0.0442 0.4915
vn -0.8572 -0.1399 0.4957
vn -0.8605 -0.1687 0.4808
vn -0.8369 -0.2234 0.4997
vn -0.7975 -0.3393 0.4988
vn -0.8415 -0.2542 0.4767
vn -0.7576 -0.4162 0.5027
vn -0.7577 -0.4492 0.4735
vn -0.7969 -0.3700 0.4776
vn -0.8082 -0.3053 0.5036
vn -0.8138 -0.3383 0.4725
vn -0.7713 -0.3840 0.5075
vn -0.7101 -0.4890 0.5066
vn -0.6919 -0.5190 0.5019
vn -0.6866 -0.5510 0.4744
vn -0.6346 -0.5844 0.5058
vn -0.5464 -0.6682 0.5049
vn 0.8706 -0.0100 0.4919
vn 0.8701 -0.0299 0.4919
vn 0.8706 -0.0099 0.4919
vn 0.8692 -0.0498 0.4919
vn 0.8679 -0.0695 0.4919
vn 0.8692 -0.0500 0.4919
vn 0.8701 -0.0297 0.4919
vn 0.8706 -0.0101 0.4919
vn 0.8655 -0.0897 0.4927
vn 0.8684 -0.0698 0.4909
vn 0.8675 -0.0697 0.4925
vn 0.8633 -0.1093 0.4927
vn 0.8696 -0.0499 0.4911
vn 0.8657 -0.0895 0.4925
vn 0.8683 -0.0698 0.4911
vn 0.8666 -0.0896 0.4909
vn 0.8690 -0.0498 0.4923
vn 0.8705 -0.0299 0.4913
vn 0.8700 -0.0299 0.4921
vn 0.8676 -0.0697 0.4923
vn 0.8605 -0.1292 0.4927
vn 0.8643 -0.1094 0.4909
vn 0.8634 -0.1093 0.4925
vn 0.8574 -0.1487 0.4927
vn 0.8475 -0.1924 0.4946
vn 0.8602 -0.1460 0.4887
vn 0.8573 -0.1455 0.4939
vn 0.8461 -0.1991 0.4945
vn 0.8665 -0.0989 0.4894
vn 0.8559 -0.1530 0.4939
vn 0.8656 -0.1063 0.4893
vn 0.8588 -0.1535 0.4887
vn 0.8643 -0.0987 0.4933
vn 0.8702 -0.0516 0.4900
vn 0.8687 -0.0515 0.4926
vn 0.8634 -0.1060 0.4933
vn 0.8440 -0.2075 0.4946
vn 0.8575 -0.1611 0.4887
vn 0.8546 -0.1605 0.4939
vn 0.8424 -0.2141 0.4945
vn 0.8693 -0.0436 0.4924
vn 0.8703 -0.0436 0.4905
vn 0.8653 -0.0909 0.4929
vn 0.8661 -0.0834 0.4929
vn 0.8669 -0.0910 0.4901
vn 0.8600 -0.1306 0.4934
vn 0.8621 -0.1309 0.4896
vn 0.8677 -0.0835 0.4901
vn 0.8588 -0.1380 0.4934
vn 0.8609 -0.1383 0.4896
vn 0.8499 -0.1841 0.4938
vn 0.8512 -0.1774 0.4939
vn 0.8611 -0.1229 0.4934
vn 0.8632 -0.1232 0.4896
vn 0.8528 -0.1699 0.4939
vn 0.8545 -0.1614 0.4938
vn -0.5150 -0.6814 0.5201
vn -0.5350 -0.7078 0.4613
vn -0.4090 -0.7542 0.5137
vn -0.6665 -0.5403 0.5137
vn -0.4212 -0.7766 0.4684
vn -0.5807 -0.6368 0.5072
vn -0.5928 -0.6501 0.4755
vn -0.6863 -0.5563 0.4684
vn -0.2928 -0.8106 0.5072
vn -0.2989 -0.8274 0.4755
vn -0.1689 -0.8491 0.5006
vn -0.4809 -0.7198 0.5006
vn -0.7802 -0.3661 0.5072
vn -0.7964 -0.3737 0.4755
vn -0.7198 -0.4809 0.5006
vn -0.8491 -0.1689 0.5006
vn 0.3415 -0.8124 0.4726
vn 0.2058 -0.8367 0.5075
vn 0.2304 -0.8488 0.4758
vn 0.1016 -0.8761 0.4713
vn 0.0931 -0.8584 0.5044
vn -0.0154 -0.8801 0.4745
vn -0.1496 -0.8497 0.5057
vn -0.0356 -0.8602 0.5087
vn 0.1155 -0.8702 0.4790
vn -0.0220 -0.8650 0.5014
vn -0.0014 -0.8760 0.4822
vn -0.1316 -0.8686 0.4777
vn -0.1469 -0.8704 0.4700
vn -0.2737 -0.8155 0.5099
vn -0.2603 -0.8416 0.4732
vn -0.3841 -0.7955 0.4687
vn 0.9947 -0.1031 -0.0000
vn 0.9921 -0.1256 0.0002
vn 0.9920 -0.1263 -0.0002
vn 0.9920 -0.1263 0.0001
vn 0.9919 -0.1268 -0.0002
vn 0.9946 -0.1036 -0.0002
vn 0.9889 -0.1485 0.0001
vn 0.9889 -0.1488 -0.0001
vn 0.9853 -0.1709 0.0002
vn 0.9889 -0.1488 0.0001
vn 0.9946 -0.1036 0.0002
vn 0.9945 -0.1045 -0.0002
vn 0.9919 -0.1268 0.0001
vn 0.9945 -0.1045 -0.0000
vn 0.9999 -0.0119 -0.0000
vn 0.9994 -0.0348 -0.0000
vn 0.9994 -0.0350 0.0001
vn 0.9994 -0.0352 -0.0000
vn 0.9999 -0.0118 -0.0000
vn 0.9983 -0.0582 -0.0000
vn 0.9983 -0.0584 -0.0001
vn 0.9967 -0.0813 -0.0000
vn 0.9983 -0.0587 -0.0000
vn 0.9999 -0.0117 -0.0000
vn 0.9994 -0.0353 -0.0000
vn 0.9999 -0.0116 -0.0001
vn 0.9994 -0.0345 0.0001
vn 0.9994 -0.0341 -0.0001
vn 0.9994 -0.0345 -0.0001
vn 0.9983 -0.0578 0.0001
vn 0.9967 -0.0811 0.0003
vn 0.9984 -0.0574 -0.0001
vn 0.9968 -0.0803 -0.0000
vn 0.9968 -0.0798 -0.0002
vn 0.9968 -0.0803 -0.0002
vn 0.9983 -0.0578 -0.0001
vn 0.9967 -0.0811 0.0001
vn 0.9967 -0.0811 -0.0002
vn 0.5570 0.1108 0.8231
vn 0.6588 0.1310 0.7408
vn 0.5585 0.3732 0.7408
vn 0.7489 0.1490 0.6457
vn 0.6349 0.4242 0.6457
vn 0.6998 0.4676 0.5400
vn 0.8255 0.1642 0.5400
vn 0.4242 0.6349 0.6457
vn 0.4676 0.6998 0.5400
vn 0.1642 0.8255 0.5400
vn -0.1642 0.8255 0.5400
vn -0.4676 0.6998 0.5400
vn -0.4242 0.6349 0.6457
vn -0.6998 0.4676 0.5400
vn -0.6349 0.4242 0.6457
vn -0.7489 0.1490 0.6457
vn -0.8255 0.1642 0.5400
vn -0.5585 0.3732 0.7408
vn -0.6588 0.1310 0.7408
vn -0.5570 0.1108 0.8231
vn -0.0649 0.1843 0.9807
vn -0.4222 -0.2348 0.8756
vn -0.2376 0.2640 0.9348
vn -0.1948 0.1548 0.9686
vn -0.5444 0.2282 0.8072
vn -0.3455 0.3172 0.8832
vn -0.6121 0.3053 0.7295
vn -0.4962 -0.0699 0.8654
vn -0.2684 0.5124 0.8157
vn -0.4854 0.5987 0.6371
vn -0.1003 0.7618 0.6400
vn -0.3302 0.5932 0.7342
vn -0.3205 0.1530 0.9348
vn -0.5903 0.0025 0.8072
vn -0.4440 0.3707 0.8157
vn -0.4405 0.1608 0.8832
vn 0.0589 0.4517 0.8902
vn -0.0175 0.1903 0.9816
vn 0.1940 0.1775 0.9648
vn -0.1099 0.3234 0.9399
vn 0.2775 0.2011 0.9394
vn 0.4328 0.5980 0.6746
vn 0.2445 0.4242 0.8719
vn -0.1061 0.4082 0.9067
vn 0.3205 0.1530 0.9348
vn 0.5903 0.0025 0.8072
vn 0.4405 0.1608 0.8832
vn 0.4440 0.3707 0.8157
vn -0.1889 0.5046 0.8425
vn -0.0279 0.8542 0.5193
vn 0.2590 0.5565 0.7895
vn 0.0325 0.6817 0.7309
vn -0.1639 -0.9858 0.0378
vn -0.1621 -0.9861 -0.0371
vn -0.0287 -0.9989 0.0360
vn -0.2710 -0.9619 0.0353
vn -0.0277 -0.9990 -0.0350
vn -0.1339 -0.9904 0.0350
vn -0.1329 -0.9905 -0.0350
vn -0.2701 -0.9622 -0.0350
vn 0.1083 -0.9936 0.0335
vn 0.1083 -0.9936 -0.0335
vn 0.2394 -0.9703 0.0335
vn 0.0029 -0.9994 0.0335
vn -0.3686 -0.9290 0.0333
vn -0.3683 -0.9291 -0.0329
vn -0.2338 -0.9717 0.0324
vn -0.4572 -0.8888 0.0320
vn 0.5488 -0.8360 -0.0017
vn 0.6502 -0.7598 0.0017
vn 0.6540 -0.7565 -0.0017
vn 0.6502 -0.7598 -0.0017
vn 0.7445 -0.6676 0.0017
vn 0.7445 -0.6676 -0.0017
vn 0.8230 -0.5680 0.0017
vn 0.7411 -0.6714 0.0017
vn 0.7479 -0.6638 -0.0017
vn 0.8259 -0.5638 0.0017
vn 0.8288 -0.5596 -0.0017
vn 0.8259 -0.5638 -0.0017
vn 0.7411 -0.6714 -0.0017
vn 0.8201 -0.5722 0.0017
vn 0.8230 -0.5680 -0.0017
vn 0.8201 -0.5722 -0.0017
vn 0.4517 -0.8659 0.2150
vn 0.6370 -0.7403 -0.2147
vn 0.6370 -0.7402 0.2153
vn 0.6439 -0.7343 0.2149
vn 0.7888 -0.5758 -0.2152
vn 0.7941 -0.5684 0.2154
vn 0.9027 -0.3727 -0.2151
vn 0.7942 -0.5685 -0.2148
vn 0.7888 -0.5758 0.2153
vn 0.8991 -0.3811 -0.2154
vn 0.8988 -0.3810 0.2167
vn 0.9028 -0.3727 0.2147
vn 0.7995 -0.5611 0.2143
vn 0.9063 -0.3643 -0.2144
vn 0.9063 -0.3643 0.2142
vn 0.9094 -0.3558 0.2155
vn 0.9021 -0.3827 0.1994
vn 0.8948 -0.3988 -0.2007
vn 0.7911 -0.5779 0.2006
vn 0.8981 -0.3909 0.2017
vn 0.7805 -0.5920 -0.2011
vn 0.7855 -0.5851 0.2014
vn 0.7749 -0.5993 -0.2011
vn 0.8909 -0.4071 -0.2015
vn 0.6387 -0.7427 0.2010
vn 0.6251 -0.7541 -0.2015
vn 0.4528 -0.8685 0.2015
vn 0.6317 -0.7486 0.2011
vn 0.8944 -0.3993 0.2013
vn 0.8870 -0.4154 -0.2016
vn 0.7800 -0.5924 0.2016
vn 0.8906 -0.4076 0.2020
vn 0.9465 -0.3227 -0.0096
vn 0.9416 -0.3366 0.0096
vn 0.9273 -0.3741 -0.0096
vn 0.9586 -0.2847 -0.0097
vn 0.9217 -0.3878 0.0097
vn 0.9416 -0.3367 -0.0097
vn 0.9365 -0.3506 0.0097
vn 0.9542 -0.2989 0.0097
vn 0.9055 -0.4243 -0.0097
vn 0.8990 -0.4378 0.0097
vn 0.8807 -0.4735 -0.0097
vn 0.9217 -0.3878 -0.0097
vn 0.9692 -0.2461 -0.0097
vn 0.9654 -0.2605 0.0097
vn 0.9543 -0.2986 -0.0097
vn 0.9784 -0.2066 -0.0098
vn 0.8238 -0.5661 0.0288
vn 0.8224 -0.5682 -0.0288
vn 0.8537 -0.5200 0.0288
vn 0.7194 -0.6940 0.0288
vn 0.8524 -0.5221 -0.0288
vn 0.7565 -0.6534 0.0288
vn 0.7548 -0.6553 -0.0288
vn 0.7177 -0.6958 -0.0288
vn 0.8810 -0.4722 0.0288
vn 0.8798 -0.4745 -0.0288
vn 0.9056 -0.4231 0.0288
vn 0.7913 -0.6108 0.0288
vn 0.5954 -0.8029 0.0288
vn 0.5934 -0.8044 -0.0288
vn 0.6387 -0.7689 0.0288
vn 0.4552 -0.8899 0.0288
vn 0.8861 -0.4628 -0.0253
vn 0.9272 -0.3736 0.0253
vn 0.9410 -0.3374 -0.0253
vn 0.9260 -0.3766 -0.0253
vn 0.9695 -0.2437 0.0252
vn 0.9687 -0.2469 -0.0253
vn 0.9882 -0.1513 0.0251
vn 0.9584 -0.2843 0.0252
vn 0.9783 -0.2056 -0.0256
vn 0.9937 -0.1095 0.0256
vn 0.9972 -0.0701 -0.0259
vn 0.9933 -0.1128 -0.0254
vn 0.9575 -0.2874 -0.0248
vn 0.9811 -0.1921 0.0248
vn 0.9877 -0.1545 -0.0249
vn 0.9804 -0.1954 -0.0246
vn 0.9978 -0.0659 -0.0000
vn 0.9805 -0.1967 -0.0000
vn 0.9461 -0.3240 -0.0000
vn 0.8952 -0.4457 -0.0000
vn 0.9977 -0.0684 0.0018
vn 0.9799 -0.1993 -0.0017
vn 0.9790 -0.2040 0.0017
vn 0.9800 -0.1991 0.0017
vn 0.9435 -0.3313 -0.0017
vn 0.9436 -0.3311 0.0017
vn 0.8917 -0.4526 -0.0017
vn 0.9452 -0.3265 -0.0018
vn 0.9419 -0.3359 0.0017
vn 0.8894 -0.4571 -0.0017
vn 0.8872 -0.4614 0.0017
vn 0.8895 -0.4569 0.0017
vn 0.9453 -0.3263 0.0017
vn 0.8940 -0.4480 -0.0017
vn 0.8918 -0.4524 0.0017
vn 0.8941 -0.4479 0.0017
vn 0.3899 -0.9208 -0.0102
vn 0.3687 -0.9295 0.0044
vn 0.3619 -0.9322 -0.0093
vn 0.1966 -0.9805 -0.0040
vn 0.3463 -0.9381 0.0016
vn 0.1857 -0.9826 -0.0015
vn 0.1810 -0.9835 0.0016
vn 0.1883 -0.9821 0.0016
vn 0.3387 -0.9409 -0.0079
vn 0.3152 -0.9490 0.0079
vn 0.3023 -0.9532 -0.0079
vn 0.1730 -0.9849 -0.0079
vn 0.0326 -0.9995 -0.0014
vn 0.0312 -0.9995 -0.0005
vn 0.0301 -0.9995 -0.0013
vn -0.1057 -0.9944 0.0004
vn 0.5369 -0.8436 0.0076
vn 0.5240 -0.8517 -0.0076
vn 0.6394 -0.7688 0.0076
vn 0.5042 -0.8636 0.0076
vn 0.6276 -0.7785 -0.0076
vn 0.6094 -0.7928 0.0076
vn 0.5972 -0.8020 -0.0076
vn 0.4909 -0.8712 -0.0076
vn 0.7316 -0.6817 0.0076
vn 0.7211 -0.6928 -0.0076
vn 0.8120 -0.5837 0.0076
vn 0.7048 -0.7093 0.0076
vn 0.4706 -0.8823 0.0076
vn 0.4571 -0.8894 -0.0076
vn 0.5785 -0.8156 0.0076
vn 0.4364 -0.8997 0.0076
vn -0.0000 -0.0000 1.0000
vn -0.8660 0.5000 -0.0000
vn -0.8660 0.5000 0.0001
vn -0.2463 -0.4265 -0.8703
vn -0.2462 -0.4265 -0.8703
vn -0.2462 -0.4265 -0.8704
vn -0.2463 -0.4266 -0.8703
vn -0.2462 -0.4264 -0.8704
vn -0.2461 -0.4264 -0.8704
vn -0.2463 -0.4264 -0.8704
vn -0.2461 -0.4266 -0.8703
vn -0.2460 -0.4267 -0.8703
vn -0.2460 -0.4266 -0.8704
vn -0.2462 -0.4263 -0.8704
vn -0.2463 -0.4264 -0.8703
vn -0.2461 -0.4265 -0.8704
vn -0.2464 -0.4264 -0.8704
vn -0.2464 -0.4263 -0.8704
vn -0.2461 -0.4265 -0.8703
vn -0.2459 -0.4266 -0.8704
vn -0.2464 -0.4264 -0.8703
vn -0.2460 -0.4265 -0.8704
vn -0.2465 -0.4263 -0.8703
vn -0.2465 -0.4264 -0.8703
vn -0.2464 -0.4262 -0.8704
vn -0.2459 -0.4267 -0.8703
vn -0.2460 -0.4264 -0.8704
vn -0.2463 -0.4263 -0.8704
vn 0.8660 -0.5001 -0.0000
vn 0.8660 -0.5000 -0.0000
vn 0.8358 -0.5491 -0.0000
vn 0.8265 -0.5630 -0.0000
vn 0.8265 -0.5629 0.0001
vn 0.8265 -0.5629 -0.0001
vn 0.8357 -0.5491 -0.0001
vn 0.8170 -0.5766 0.0001
vn 0.8169 -0.5767 -0.0000
vn 0.8072 -0.5903 -0.0000
vn 0.8169 -0.5767 -0.0001
vn 0.8357 -0.5491 -0.0000
vn 0.8358 -0.5490 0.0002
vn 0.8265 -0.5629 0.0002
vn 0.8358 -0.5490 -0.0000
vn 0.8358 -0.5490 -0.0017
vn 0.8278 -0.5611 0.0019
vn 0.8279 -0.5609 -0.0017
vn 0.8265 -0.5629 -0.0019
vn 0.8195 -0.5731 0.0019
vn 0.8183 -0.5748 -0.0017
vn 0.8097 -0.5868 0.0019
vn 0.8182 -0.5749 0.0017
vn 0.8196 -0.5729 -0.0017
vn 0.8111 -0.5849 0.0019
vn 0.8112 -0.5847 -0.0017
vn 0.8098 -0.5867 -0.0020
vn 0.8170 -0.5766 -0.0019
vn 0.8084 -0.5886 0.0018
vn 0.8085 -0.5885 -0.0017
vn 0.8073 -0.5902 -0.0017
vn 0.7710 -0.6368 -0.0038
vn 0.7736 -0.6337 0.0034
vn 0.7815 -0.6238 -0.0039
vn 0.7724 -0.6351 -0.0038
vn 0.7842 -0.6205 0.0036
vn 0.7830 -0.6220 -0.0036
vn 0.7855 -0.6188 0.0036
vn 0.7750 -0.6319 0.0037
vn 0.7919 -0.6106 -0.0036
vn 0.7944 -0.6074 0.0035
vn 0.8020 -0.5973 -0.0038
vn 0.7933 -0.6089 -0.0036
vn 0.7739 -0.6332 -0.0033
vn 0.7765 -0.6302 0.0038
vn 0.7844 -0.6202 -0.0035
vn 0.7753 -0.6316 -0.0037
vn 0.7962 -0.6050 -0.0032
vn 0.7894 -0.6138 0.0032
vn 0.7872 -0.6167 -0.0032
vn 0.7859 -0.6184 -0.0032
vn 0.7805 -0.6252 0.0030
vn 0.7769 -0.6296 -0.0033
vn 0.7699 -0.6382 0.0031
vn 0.7791 -0.6269 0.0031
vn 0.7783 -0.6278 -0.0032
vn 0.7713 -0.6365 0.0032
vn 0.7691 -0.6391 -0.0030
vn 0.7677 -0.6409 -0.0030
vn 0.7754 -0.6314 -0.0034
vn 0.7685 -0.6399 0.0029
vn 0.7664 -0.6423 -0.0028
vn 0.7647 -0.6443 -0.0035
vn 0.8029 -0.5961 0.0018
vn 0.8010 -0.5986 -0.0016
vn 0.7928 -0.6095 0.0018
vn 0.8015 -0.5980 0.0015
vn 0.7908 -0.6121 -0.0017
vn 0.7913 -0.6114 0.0016
vn 0.7895 -0.6137 -0.0016
vn 0.7997 -0.6004 -0.0018
vn 0.7824 -0.6227 0.0016
vn 0.7806 -0.6250 -0.0016
vn 0.7719 -0.6357 0.0018
vn 0.7811 -0.6244 0.0018
vn 0.8002 -0.5997 0.0017
vn 0.7984 -0.6021 -0.0016
vn 0.7900 -0.6131 0.0018
vn 0.7989 -0.6014 0.0018
vn -0.4353 -0.7537 0.4923
vn -0.4351 -0.7538 0.4924
vn -0.4352 -0.7539 0.4921
vn -0.4353 -0.7538 0.4923
vn -0.4353 -0.7537 0.4924
vn -0.4351 -0.7538 0.4925
vn -0.4352 -0.7539 0.4922
vn -0.4351 -0.7540 0.4922
vn -0.4351 -0.7539 0.4922
vn -0.4352 -0.7538 0.4923
vn -0.4352 -0.7537 0.4925
vn -0.4354 -0.7535 0.4926
vn -0.4349 -0.7541 0.4921
vn -0.4349 -0.7541 0.4922
vn -0.4352 -0.7536 0.4926
vn -0.4350 -0.7540 0.4922
vn -0.4350 -0.7538 0.4925
vn -0.4353 -0.7536 0.4925
vn -0.4351 -0.7537 0.4925
vn -0.4350 -0.7539 0.4924
vn -0.4349 -0.7539 0.4925
vn -0.4348 -0.7540 0.4924
vn -0.4355 -0.7536 0.4924
vn -0.4350 -0.7539 0.4923
vn -0.4354 -0.7537 0.4924
vn -0.4354 -0.7537 0.4923
vn -0.4352 -0.7538 0.4924
vn -0.4352 -0.7539 0.4923
vn -0.4352 -0.7537 0.4924
vn -0.4349 -0.7540 0.4923
vn -0.4354 -0.7536 0.4924
vn -0.4351 -0.7535 0.4928
vn -0.4352 -0.7541 0.4919
vn -0.4349 -0.7536 0.4928
vn -0.4351 -0.7536 0.4928
vn -0.4348 -0.7537 0.4929
vn -0.4353 -0.7538 0.4922
vn -0.4348 -0.7539 0.4925
vn -0.4354 -0.7534 0.4927
vn -0.4353 -0.7536 0.4924
vn -0.4353 -0.7541 0.4919
vn -0.4351 -0.7536 0.4927
vn -0.4352 -0.7538 0.4922
vn -0.4350 -0.7535 0.4929
vn -0.4353 -0.7540 0.4920
vn -0.4350 -0.7535 0.4930
vn -0.4351 -0.7536 0.4926
vn -0.4371 -0.7574 0.4850
vn -0.4383 -0.7595 0.4807
vn -0.4375 -0.7573 0.4849
vn -0.4319 -0.7484 0.5034
vn -0.4327 -0.7498 0.5006
vn -0.4331 -0.7500 0.5000
vn -0.4375 -0.7581 0.4836
vn -0.4323 -0.7491 0.5020
vn -0.4335 -0.7503 0.4991
vn -0.4331 -0.7505 0.4992
vn -0.4331 -0.7496 0.5005
vn -0.4395 -0.7607 0.4777
vn -0.4383 -0.7591 0.4814
vn -0.4339 -0.7507 0.4982
vn -0.4323 -0.7496 0.5012
vn -0.4354 -0.7539 0.4920
vn -0.4351 -0.7537 0.4927
vn -0.4351 -0.7537 0.4926
vn -0.4352 -0.7537 0.4926
vn -0.4354 -0.7540 0.4920
vn -0.4354 -0.7540 0.4919
vn -0.4350 -0.7537 0.4927
vn -0.4350 -0.7536 0.4927
vn -0.4353 -0.7539 0.4921
vn -0.4352 -0.7535 0.4928
vn -0.4354 -0.7536 0.4925
vn -0.4353 -0.7539 0.4922
vn -0.4352 -0.7541 0.4920
vn -0.4353 -0.7535 0.4926
vn -0.4353 -0.7535 0.4928
vn -0.4350 -0.7542 0.4919
vn -0.4351 -0.7540 0.4921
vn -0.4351 -0.7539 0.4923
vn -0.4353 -0.7534 0.4928
vn -0.4355 -0.7539 0.4919
vn -0.4350 -0.7536 0.4928
vn -0.4353 -0.7539 0.4920
vn -0.4350 -0.7537 0.4926
vn -0.4354 -0.7538 0.4921
vn -0.4349 -0.7537 0.4927
vn -0.4353 -0.7537 0.4925
vn -0.4348 -0.7537 0.4927
vn -0.4354 -0.7538 0.4922
vn 0.8661 -0.5000 -0.0000
vn 0.8660 -0.5001 -0.0001
vn 0.8661 -0.4999 -0.0000
vn 0.8661 -0.4999 0.0001
vn 0.8661 -0.4998 0.0001
vn 0.8660 -0.5000 -0.0001
vn 0.8662 -0.4996 -0.0004
vn 0.8662 -0.4997 -0.0004
vn 0.8662 -0.4998 -0.0005
vn 0.8658 -0.5004 0.0006
vn 0.8658 -0.5004 0.0007
vn 0.8659 -0.5003 0.0002
vn 0.8657 -0.5005 0.0007
vn 0.8659 -0.5003 0.0007
vn 0.8658 -0.5005 0.0006
vn 0.8660 -0.5000 0.0003
vn 0.8661 -0.4998 -0.0005
vn 0.0049 -0.4763 0.8793
vn 0.0049 -0.4767 0.8791
vn 0.0051 -0.4764 0.8792
vn 0.0051 -0.4767 0.8790
vn 0.0052 -0.4760 0.8794
vn 0.0051 -0.4760 0.8794
vn 0.0052 -0.4767 0.8790
vn 0.0051 -0.4761 0.8794
vn 0.0049 -0.4767 0.8790
vn 0.0051 -0.4765 0.8792
vn 0.0051 -0.4768 0.8790
vn 0.0053 -0.4765 0.8792
vn 0.0049 -0.4765 0.8791
vn 0.0051 -0.4762 0.8793
vn 0.0049 -0.4766 0.8791
vn 0.0051 -0.4763 0.8793
vn 0.0050 -0.4764 0.8792
vn 0.0053 -0.4759 0.8795
vn 0.0053 -0.4757 0.8796
vn 0.0053 -0.4760 0.8795
vn 0.0050 -0.4761 0.8794
vn 0.0050 -0.4768 0.8790
vn 0.0050 -0.4763 0.8792
vn 0.0050 -0.4763 0.8793
vn 0.0050 -0.4765 0.8792
vn 0.0052 -0.4762 0.8793
vn 0.0050 -0.4760 0.8795
vn 0.0047 -0.4759 0.8795
vn 0.0047 -0.4757 0.8796
vn 0.0052 -0.4765 0.8792
vn 0.0053 -0.4765 0.8791
vn 0.0045 -0.4756 0.8796
vn 0.0045 -0.4756 0.8797
vn 0.0051 -0.4758 0.8796
vn 0.0051 -0.4765 0.8791
vn 0.0049 -0.4760 0.8795
vn 0.0051 -0.4763 0.8792
vn 0.0051 -0.4766 0.8791
vn 0.0048 -0.4766 0.8791
vn 0.0053 -0.4760 0.8794
vn -0.0000 1.0000 -0.0000
vn 0.0554 0.9985 -0.0000
vn 0.0678 0.9977 -0.0000
vn 0.0676 0.9977 0.0002
vn 0.0800 0.9968 -0.0000
vn 0.0798 0.9968 0.0002
vn 0.0922 0.9957 0.0002
vn 0.0676 0.9977 -0.0000
vn 0.0552 0.9985 -0.0015
vn 0.0651 0.9979 0.0015
vn 0.0647 0.9979 -0.0015
vn 0.0675 0.9977 -0.0016
vn 0.0748 0.9972 0.0016
vn 0.0770 0.9970 -0.0014
vn 0.0870 0.9962 0.0016
vn 0.0774 0.9970 0.0014
vn 0.0743 0.9972 -0.0014
vn 0.0840 0.9965 0.0015
vn 0.0836 0.9965 -0.0015
vn 0.0865 0.9963 -0.0017
vn 0.0797 0.9968 -0.0017
vn 0.0897 0.9960 0.0014
vn 0.0893 0.9960 -0.0014
vn 0.0919 0.9958 -0.0016
vn 0.1312 0.9913 -0.0035
vn 0.1263 0.9920 0.0028
vn 0.1189 0.9929 -0.0030
vn 0.1281 0.9918 -0.0026
vn 0.1143 0.9934 0.0030
vn 0.1162 0.9932 -0.0031
vn 0.1116 0.9937 0.0029
vn 0.1238 0.9923 0.0030
vn 0.1067 0.9943 -0.0031
vn 0.1018 0.9948 0.0033
vn 0.0943 0.9955 -0.0027
vn 0.1039 0.9946 -0.0033
vn 0.1257 0.9921 -0.0031
vn 0.1211 0.9926 0.0028
vn 0.1135 0.9935 -0.0032
vn 0.1230 0.9924 -0.0032
vn 0.1063 0.9943 -0.0024
vn 0.1122 0.9937 0.0022
vn 0.1157 0.9933 -0.0023
vn 0.1183 0.9930 -0.0023
vn 0.1217 0.9926 0.0024
vn 0.1279 0.9918 -0.0022
vn 0.1338 0.9910 0.0025
vn 0.1243 0.9922 0.0025
vn 0.1255 0.9921 -0.0026
vn 0.1313 0.9913 0.0022
vn 0.1346 0.9909 -0.0022
vn 0.1376 0.9905 -0.0025
vn 0.1309 0.9914 -0.0024
vn 0.1367 0.9906 0.0022
vn 0.1399 0.9902 -0.0020
vn 0.1432 0.9897 -0.0027
vn 0.0930 0.9957 0.0013
vn 0.0968 0.9953 -0.0014
vn 0.1054 0.9944 0.0012
vn 0.0959 0.9954 0.0012
vn 0.1087 0.9941 -0.0012
vn 0.1078 0.9942 0.0014
vn 0.1116 0.9938 -0.0013
vn 0.0992 0.9951 -0.0012
vn 0.1175 0.9931 0.0015
vn 0.1210 0.9926 -0.0011
vn 0.1297 0.9916 0.0015
vn 0.1203 0.9927 0.0013
vn 0.0984 0.9951 0.0014
vn 0.1021 0.9948 -0.0014
vn 0.1108 0.9938 0.0013
vn 0.1013 0.9949 0.0013
vn 0.7880 -0.0000 0.6157
vn 0.7880 -0.0000 0.6156
vn 0.7880 -0.0002 0.6157
vn 0.7878 -0.0001 0.6159
vn 0.7880 0.0001 0.6156
vn 0.7881 -0.0000 0.6156
vn 0.7881 0.0001 0.6156
vn 0.7881 -0.0001 0.6156
vn 0.7880 -0.0001 0.6156
vn 0.7879 -0.0000 0.6158
vn 0.7879 0.0001 0.6158
vn 0.7880 0.0001 0.6157
vn 0.7882 -0.0003 0.6155
vn 0.7882 -0.0003 0.6154
vn 0.7881 -0.0003 0.6155
vn 0.7877 -0.0000 0.6161
vn 0.7880 -0.0004 0.6157
vn 0.7880 -0.0003 0.6157
vn 0.7881 -0.0001 0.6155
vn 0.7881 -0.0002 0.6156
vn 0.7877 -0.0001 0.6160
vn 0.7880 0.0002 0.6157
vn 0.7879 -0.0000 0.6157
vn 0.7881 -0.0002 0.6155
vn 0.7882 -0.0002 0.6155
vn 0.7879 0.0002 0.6158
vn 0.7877 0.0002 0.6160
vn 0.7879 0.0002 0.6157
vn 0.7879 -0.0000 0.6159
vn 0.7881 -0.0000 0.6155
vn 0.7883 -0.0001 0.6153
vn 0.7878 -0.0000 0.6159
vn 0.7882 -0.0001 0.6154
vn 0.7879 -0.0001 0.6157
vn 0.7882 -0.0000 0.6155
vn 0.7880 -0.0001 0.6157
vn 0.7882 -0.0000 0.6154
vn 0.7879 -0.0001 0.6158
vn 0.7883 0.0002 0.6153
vn 0.7881 0.0002 0.6156
vn 0.7883 -0.0000 0.6154
vn 0.7884 -0.0000 0.6152
vn 0.7878 -0.0000 0.6160
vn -0.0000 -1.0000 -0.0000
vn 0.8660 0.5001 0.0001
vn 0.8660 0.5000 0.0001
vn 0.8660 0.5000 -0.0002
vn 0.8661 0.4999 -0.0001
vn 0.8661 0.4999 0.0001
vn 0.8660 0.5001 -0.0001
vn 0.8660 0.5001 -0.0003
vn 0.8661 0.5000 -0.0000
vn 0.8660 0.5000 -0.0000
vn 0.8661 0.4999 -0.0000
vn 0.8660 0.5001 -0.0000
vn 0.8661 0.4999 0.0002
vn 0.8660 0.5001 -0.0002
vn 0.8660 0.5000 -0.0001
vn 0.8661 0.5000 0.0001
vn -0.4040 0.7008 0.5879
vn -0.4042 0.7009 0.5877
vn -0.4042 0.7007 0.5879
vn -0.4046 0.7006 0.5877
vn -0.4044 0.7008 0.5877
vn -0.4045 0.7007 0.5877
vn -0.4049 0.7008 0.5874
vn -0.4045 0.7006 0.5878
vn -0.4044 0.7007 0.5878
vn -0.4048 0.7006 0.5877
vn -0.4046 0.7006 0.5878
vn -0.4046 0.7009 0.5874
vn -0.4045 0.7007 0.5878
vn -0.4043 0.7009 0.5876
vn -0.4044 0.7007 0.5877
vn -0.4043 0.7008 0.5878
vn -0.4045 0.7008 0.5876
vn -0.4043 0.7007 0.5878
vn -0.4043 0.7007 0.5879
vn -0.4047 0.7005 0.5878
vn -0.4047 0.7006 0.5878
vn -0.4046 0.7005 0.5878
vn -0.4048 0.7005 0.5877
vn -0.4047 0.7007 0.5876
vn -0.4043 0.7004 0.5882
vn -0.4040 0.7006 0.5881
vn -0.4043 0.7003 0.5883
vn -0.4046 0.7005 0.5879
vn -0.4043 0.7008 0.5877
vn -0.4045 0.7009 0.5874
vn -0.4048 0.7005 0.5878
vn -0.4044 0.7006 0.5879
vn -0.4041 0.7006 0.5881
vn -0.4048 0.7008 0.5874
vn -0.4043 0.7009 0.5877
vn -0.4047 0.7010 0.5873
vn -0.4047 0.7004 0.5880
vn -0.4048 0.7006 0.5876
vn -0.4046 0.7008 0.5875
vn -0.4044 0.7003 0.5883
vn -0.4044 0.7006 0.5878
vn -0.4044 0.7003 0.5882
vn -0.4045 0.7008 0.5875
vn -0.4045 0.7005 0.5879
vn -0.4045 0.7006 0.5879
vn -0.4046 0.7007 0.5876
vn -0.4043 0.7002 0.5884
vn -0.4044 0.7005 0.5880
vn -0.4044 0.7004 0.5882
vn -0.4048 0.7011 0.5870
vn -0.4046 0.7010 0.5873
vn -0.4045 0.7004 0.5881
vn -0.4045 0.7005 0.5880
vn -0.4046 0.7007 0.5877
vn -0.4046 0.7002 0.5882
vn -0.4043 0.7010 0.5874
vn -0.4044 0.7004 0.5881
vn -0.4044 0.7013 0.5871
vn -0.4047 0.7005 0.5879
vn -0.4043 0.7011 0.5874
vn -0.4045 0.7007 0.5876
vn -0.4041 0.7005 0.5882
vn -0.4043 0.7005 0.5881
vn -0.4047 0.7009 0.5873
vn -0.4047 0.7009 0.5874
vn -0.4044 0.7002 0.5884
vn -0.4044 0.7005 0.5881
vn -0.4045 0.7004 0.5880
vn -0.4045 0.7006 0.5877
vn -0.4042 0.7003 0.5884
vn -0.4042 0.7006 0.5880
vn -0.4044 0.7011 0.5873
vn -0.4044 0.7010 0.5874
vn -0.4046 0.7008 0.5876
vn -0.4047 0.7008 0.5874
vn -0.4046 0.7004 0.5880
vn -0.4046 0.7004 0.5881
vn -0.9100 -0.4145 -0.0017
vn -0.9090 -0.4168 0.0016
vn -0.9044 -0.4267 -0.0016
vn -0.9089 -0.4170 -0.0016
vn -0.9034 -0.4288 0.0016
vn -0.9032 -0.4291 -0.0016
vn -0.9023 -0.4312 0.0016
vn -0.9079 -0.4191 0.0016
vn -0.8986 -0.4387 -0.0016
vn -0.8975 -0.4409 0.0018
vn -0.8926 -0.4509 -0.0014
vn -0.8974 -0.4413 -0.0017
vn -0.9078 -0.4194 -0.0014
vn -0.9068 -0.4215 0.0017
vn -0.9021 -0.4315 -0.0014
vn -0.9067 -0.4218 -0.0017
vn -0.8927 -0.4506 -0.0000
vn -0.8927 -0.4506 -0.0001
vn -0.8927 -0.4507 -0.0000
vn -0.8986 -0.4387 -0.0001
vn -0.8927 -0.4507 -0.0001
vn -0.8987 -0.4386 -0.0001
vn -0.8987 -0.4386 -0.0000
vn -0.8986 -0.4387 -0.0000
vn -0.8926 -0.4508 -0.0000
vn -0.9045 -0.4265 -0.0000
vn -0.9045 -0.4265 -0.0001
vn -0.9044 -0.4266 -0.0000
vn -0.9101 -0.4144 -0.0001
vn -0.9275 -0.3738 -0.0031
vn -0.9257 -0.3781 0.0035
vn -0.9224 -0.3862 -0.0029
vn -0.9266 -0.3761 -0.0035
vn -0.9206 -0.3905 0.0034
vn -0.9214 -0.3886 -0.0032
vn -0.9196 -0.3929 0.0033
vn -0.9247 -0.3806 0.0031
vn -0.9170 -0.3988 -0.0032
vn -0.9153 -0.4028 0.0030
vn -0.9117 -0.4107 -0.0033
vn -0.9160 -0.4011 -0.0032
vn -0.9255 -0.3787 -0.0032
vn -0.9237 -0.3830 0.0032
vn -0.9204 -0.3910 -0.0032
vn -0.9245 -0.3812 -0.0031
vn -0.9270 -0.3751 0.0015
vn -0.9232 -0.3842 -0.0014
vn -0.9229 -0.3850 0.0014
vn -0.9219 -0.3875 0.0015
vn -0.9190 -0.3942 -0.0015
vn -0.9175 -0.3976 0.0015
vn -0.9136 -0.4065 -0.0013
vn -0.9179 -0.3968 -0.0015
vn -0.9187 -0.3950 0.0013
vn -0.9148 -0.4040 -0.0015
vn -0.9144 -0.4048 0.0014
vn -0.9133 -0.4073 0.0015
vn -0.9165 -0.4001 0.0014
vn -0.9125 -0.4090 -0.0014
vn -0.9122 -0.4098 0.0016
vn -0.9112 -0.4121 0.0014
vn -0.9288 -0.3704 -0.0026
vn -0.9275 -0.3739 0.0025
vn -0.9297 -0.3683 -0.0024
vn -0.9248 -0.3804 -0.0027
vn -0.9284 -0.3716 0.0026
vn -0.9258 -0.3781 -0.0025
vn -0.9243 -0.3817 0.0029
vn -0.9234 -0.3838 0.0024
vn -0.9309 -0.3653 -0.0029
vn -0.9295 -0.3689 0.0024
vn -0.9317 -0.3633 -0.0024
vn -0.9268 -0.3754 -0.0027
vn -0.9206 -0.3904 -0.0028
vn -0.9191 -0.3940 0.0028
vn -0.9215 -0.3883 -0.0024
vn -0.9163 -0.4005 -0.0024
vn -0.8660 -0.5001 -0.0000
vn -0.8660 -0.5000 -0.0000
vn -0.3878 0.1866 0.9026
vn -0.3879 0.1867 0.9026
vn -0.3878 0.1867 0.9026
vn -0.3878 0.1866 0.9027
vn -0.3877 0.1865 0.9027
vn -0.3877 0.1866 0.9027
vn -0.3879 0.1868 0.9026
vn -0.8660 -0.5000 0.0001
vn -0.8660 -0.5001 0.0001
vn -0.8661 -0.4998 -0.0001
vn -0.8659 -0.5002 -0.0001
vn -0.8660 -0.5001 -0.0002
vn -0.8660 -0.5000 -0.0002
vn -0.8661 -0.4998 0.0005
vn -0.8662 -0.4997 0.0004
vn -0.8661 -0.4999 -0.0003
vn 0.2939 -0.5090 0.8090
vn 0.2938 -0.5091 0.8090
vn 0.2939 -0.5091 0.8090
vn 0.2938 -0.5090 0.8090
vn 0.2939 -0.5090 0.8091
vn 0.2940 -0.5090 0.8090
vn 0.2938 -0.5090 0.8091
vn 0.2940 -0.5091 0.8090
vn 0.2937 -0.5090 0.8091
vn 0.2936 -0.5091 0.8091
vn 0.2939 -0.5089 0.8091
vn 0.2938 -0.5089 0.8091
vn 0.2936 -0.5092 0.8090
vn 0.2940 -0.5089 0.8090
vn 0.2938 -0.5092 0.8090
vn 0.2938 -0.5092 0.8089
vn 0.4652 -0.8057 0.3665
vn 0.4652 -0.8058 0.3665
vn 0.4652 -0.8058 0.3664
vn 0.4653 -0.8058 0.3664
vn 0.4651 -0.8059 0.3664
vn 0.4653 -0.8057 0.3665
vn 0.4653 -0.8057 0.3664
vn 0.4652 -0.8057 0.3666
vn 0.9816 0.1908 0.0004
vn 0.9908 0.1356 -0.0004
vn 0.9909 0.1346 0.0002
vn 0.9906 0.1367 0.0003
vn 0.9968 0.0802 -0.0003
vn 0.9967 0.0811 0.0003
vn 0.9996 0.0271 -0.0002
vn 0.9966 0.0820 -0.0002
vn 0.9968 0.0796 0.0001
vn 0.9996 0.0266 -0.0001
vn 0.9997 0.0264 -0.0000
vn 0.9996 0.0268 -0.0000
vn 0.9966 0.0824 -0.0000
vn 0.9996 0.0275 -0.0000
vn 0.9782 0.2077 -0.0015
vn 0.9792 0.2029 0.0015
vn 0.9792 0.2029 -0.0015
vn 0.9889 0.1487 -0.0014
vn 0.9801 0.1983 0.0015
vn 0.9896 0.1441 -0.0015
vn 0.9902 0.1395 0.0014
vn 0.9896 0.1441 0.0015
vn 0.9801 0.1983 -0.0015
vn 0.9811 0.1937 0.0014
vn 0.9811 0.1937 -0.0014
vn 0.9902 0.1395 -0.0015
vn 0.9960 0.0896 -0.0015
vn 0.9964 0.0848 0.0015
vn 0.9964 0.0848 -0.0015
vn 0.9996 0.0298 -0.0014
vn 0.9641 0.2656 0.0017
vn 0.9653 0.2611 -0.0017
vn 0.9465 0.3227 0.0017
vn 0.9653 0.2611 0.0017
vn 0.9486 0.3166 -0.0030
vn 0.9485 0.3168 0.0030
vn 0.9510 0.3091 -0.0030
vn 0.9670 0.2548 -0.0030
vn 0.9255 0.3787 0.0031
vn 0.9289 0.3703 -0.0039
vn 0.9013 0.4333 0.0041
vn 0.9288 0.3705 0.0030
vn 0.9669 0.2550 0.0016
vn 0.9683 0.2496 -0.0021
vn 0.9510 0.3093 0.0022
vn 0.9683 0.2499 0.0017
vn -0.4532 -0.7849 -0.4226
vn -0.4531 -0.7849 -0.4226
vn -0.4532 -0.7848 -0.4227
vn -0.4531 -0.7849 -0.4227
vn -0.4532 -0.7848 -0.4226
vn -0.4532 -0.7849 -0.4227
vn -0.4533 -0.7849 -0.4224
vn -0.4532 -0.7850 -0.4224
vn -0.4532 -0.7849 -0.4225
vn -0.4531 -0.7848 -0.4227
vn -0.4530 -0.7849 -0.4227
vn -0.4533 -0.7848 -0.4226
vn -0.4533 -0.7849 -0.4225
vn -0.4532 -0.7850 -0.4225
vn -0.4532 -0.7847 -0.4229
vn -0.4532 -0.7848 -0.4228
vn -0.4532 -0.7850 -0.4223
vn -0.4531 -0.7847 -0.4230
vn -0.4531 -0.7850 -0.4225
vn -0.4531 -0.7850 -0.4224
vn -0.4530 -0.7847 -0.4232
vn -0.4534 -0.7851 -0.4220
vn -0.4532 -0.7851 -0.4220
vn -0.4533 -0.7851 -0.4221
vn -0.4532 -0.7851 -0.4221
vn -0.4531 -0.7848 -0.4228
vn -0.8660 0.5001 -0.0000
vn -0.8661 0.4999 0.0002
vn -0.8661 0.4999 -0.0001
vn -0.8661 0.4998 -0.0001
vn -0.8660 0.5001 0.0001
vn -0.8661 0.4999 -0.0000
vn -0.8661 0.4998 -0.0003
vn -0.8661 0.4999 -0.0002
vn -0.8661 0.4998 -0.0002
vn -0.8661 0.5000 -0.0000
vn -0.8657 0.5005 0.0007
vn -0.8659 0.5001 -0.0000
vn -0.8660 0.5000 -0.0002
vn -0.8660 0.5001 0.0002
vn -0.8660 0.5000 -0.0001
vn -0.8659 0.5002 0.0003
vn -0.8659 0.5002 0.0004
vn -0.8659 0.5001 0.0002
vn -0.8661 0.5000 -0.0001
vn -0.2462 -0.4264 -0.8703
vn 0.9140 -0.4057 0.0001
vn 0.9073 -0.4205 0.0001
vn 0.9073 -0.4205 -0.0000
vn 0.9072 -0.4206 -0.0000
vn 0.9004 -0.4350 -0.0000
vn 0.8933 -0.4495 -0.0000
vn 0.9174 -0.3979 0.0071
vn 0.9141 -0.4053 -0.0072
vn 0.9211 -0.3892 0.0074
vn 0.9109 -0.4126 0.0073
vn 0.9179 -0.3968 -0.0072
vn 0.9147 -0.4041 0.0073
vn 0.9113 -0.4116 -0.0073
vn 0.9075 -0.4200 -0.0073
vn 0.9246 -0.3808 0.0073
vn 0.9214 -0.3884 -0.0074
vn 0.9281 -0.3722 0.0072
vn 0.9183 -0.3958 0.0071
vn 0.9041 -0.4272 0.0072
vn 0.9006 -0.4345 -0.0071
vn 0.9080 -0.4189 0.0073
vn 0.8972 -0.4416 0.0073
vn 0.9376 -0.3476 -0.0032
vn 0.9364 -0.3509 0.0031
vn 0.9352 -0.3541 -0.0030
vn 0.9319 -0.3628 -0.0031
vn 0.9340 -0.3572 0.0032
vn 0.9293 -0.3692 -0.0031
vn 0.9281 -0.3723 0.0031
vn 0.9306 -0.3659 0.0032
vn 0.9327 -0.3605 -0.0032
vn 0.9315 -0.3638 0.0031
vn 0.9302 -0.3670 -0.0031
vn 0.9268 -0.3755 -0.0031
vn 0.9259 -0.3777 -0.0030
vn 0.9247 -0.3808 0.0031
vn 0.9233 -0.3840 -0.0031
vn 0.9196 -0.3928 -0.0032
vn 0.9515 -0.3076 0.0041
vn 0.9464 -0.3229 -0.0038
vn 0.9464 -0.3229 0.0040
vn 0.9486 -0.3166 0.0039
vn 0.9410 -0.3383 -0.0040
vn 0.9433 -0.3319 0.0039
vn 0.9378 -0.3471 -0.0040
vn 0.9433 -0.3319 -0.0040
vn 0.9410 -0.3383 0.0039
vn 0.9355 -0.3534 -0.0039
vn 0.9354 -0.3535 0.0040
vn 0.9378 -0.3471 0.0039
vn 0.9456 -0.3252 0.0041
vn 0.9403 -0.3403 -0.0038
vn 0.9403 -0.3404 0.0042
vn 0.9425 -0.3342 0.0037
vn 0.9542 -0.2988 0.0147
vn 0.9492 -0.3142 -0.0146
vn 0.9569 -0.2901 0.0144
vn 0.9492 -0.3142 0.0145
vn 0.9521 -0.3055 -0.0148
vn 0.9521 -0.3054 0.0146
vn 0.9470 -0.3208 -0.0146
vn 0.9440 -0.3297 -0.0150
vn 0.9596 -0.2808 0.0150
vn 0.9549 -0.2966 -0.0149
vn 0.9622 -0.2721 0.0147
vn 0.9549 -0.2965 0.0148
vn 0.9440 -0.3295 0.0146
vn 0.9385 -0.3449 -0.0148
vn 0.9471 -0.3206 0.0149
vn 0.9386 -0.3447 0.0147
vn 0.2462 0.4265 0.8703
vn 0.2462 0.4264 0.8704
vn 0.2461 0.4265 0.8704
vn 0.2463 0.4265 0.8703
vn 0.2462 0.4265 0.8704
vn 0.2463 0.4264 0.8704
vn 0.2463 0.4264 0.8703
vn 0.2461 0.4265 0.8703
vn 0.2461 0.4260 0.8706
vn 0.2462 0.4263 0.8704
vn 0.2462 0.4264 0.8703
vn 0.2461 0.4264 0.8704
vn 0.2462 0.4261 0.8705
vn 0.2463 0.4266 0.8703
vn 0.2462 0.4266 0.8703
vn 0.2460 0.4265 0.8704
vn 0.2464 0.4263 0.8704
vn 0.2483 0.4253 0.8703
vn 0.2479 0.4254 0.8704
vn 0.2443 0.4275 0.8704
vn 0.2476 0.4256 0.8704
vn 0.2453 0.4270 0.8704
vn 0.2452 0.4271 0.8703
vn 0.2442 0.4277 0.8703
vn 0.2469 0.4261 0.8703
vn 0.2442 0.4276 0.8704
vn 0.2469 0.4260 0.8704
vn 0.2480 0.4255 0.8703
vn 0.2466 0.4262 0.8704
vn 0.2465 0.4261 0.8704
vn 0.4532 0.7849 0.4226
vn 0.4531 0.7849 0.4226
vn 0.4532 0.7848 0.4226
vn 0.4532 0.7848 0.4227
vn 0.4531 0.7849 0.4227
vn 0.4532 0.7849 0.4227
vn 0.4533 0.7848 0.4227
vn 0.4530 0.7849 0.4227
vn 0.4531 0.7850 0.4225
vn 0.4532 0.7849 0.4225
vn 0.4531 0.7849 0.4225
vn 0.4533 0.7849 0.4224
vn 0.4531 0.7850 0.4226
vn 0.4532 0.7849 0.4224
vn 0.4532 0.7850 0.4224
vn 0.9063 -0.0000 -0.4226
vn 0.9063 -0.0000 -0.4227
vn 0.9063 -0.0000 -0.4225
vn 0.6157 -0.0000 -0.7880
vn 0.6156 -0.0000 -0.7880
vn 0.6156 0.0001 -0.7880
vn 0.6156 -0.0001 -0.7880
vn 0.6157 -0.0001 -0.7880
vn 0.6156 -0.0000 -0.7881
vn 0.6158 -0.0000 -0.7879
vn 0.6157 0.0001 -0.7880
vn 0.6157 0.0001 -0.7879
vn -0.1804 0.9836 -0.0035
vn -0.1752 0.9845 0.0034
vn -0.1700 0.9854 -0.0035
vn -0.1626 0.9867 -0.0035
vn -0.1648 0.9863 0.0034
vn -0.1523 0.9883 -0.0034
vn -0.1470 0.9891 0.0035
vn -0.1575 0.9875 0.0033
vn -0.1597 0.9872 -0.0033
vn -0.1545 0.9880 0.0036
vn -0.1491 0.9888 -0.0034
vn -0.1417 0.9899 -0.0034
vn -0.1449 0.9894 -0.0036
vn -0.1396 0.9902 0.0034
vn -0.1343 0.9909 -0.0034
vn -0.1272 0.9919 -0.0034
vn -0.0619 0.9981 -0.0000
vn -0.0873 0.9962 -0.0000
vn -0.0871 0.9962 -0.0002
vn -0.0872 0.9962 -0.0000
vn -0.0618 0.9981 -0.0001
vn -0.1123 0.9937 -0.0002
vn -0.1124 0.9937 -0.0000
vn -0.1377 0.9905 0.0001
vn -0.0872 0.9962 0.0001
vn -0.0646 0.9979 0.0081
vn -0.0771 0.9970 -0.0084
vn -0.0825 0.9966 0.0082
vn -0.0900 0.9959 0.0082
vn -0.0950 0.9954 -0.0082
vn -0.1077 0.9942 0.0082
vn -0.1202 0.9927 -0.0084
vn -0.1023 0.9947 -0.0081
vn -0.1003 0.9949 0.0082
vn -0.1128 0.9936 -0.0084
vn -0.1183 0.9929 0.0084
vn -0.1256 0.9920 0.0082
vn -0.1151 0.9933 0.0084
vn -0.1276 0.9918 -0.0082
vn -0.1330 0.9911 0.0082
vn -0.1403 0.9901 0.0083
vn -0.2174 0.9761 0.0049
vn -0.1998 0.9798 -0.0049
vn -0.1998 0.9798 0.0049
vn -0.2100 0.9777 0.0048
vn -0.1819 0.9833 -0.0051
vn -0.1924 0.9813 0.0049
vn -0.1748 0.9846 -0.0049
vn -0.1924 0.9813 -0.0049
vn -0.1819 0.9833 0.0049
vn -0.1642 0.9864 -0.0049
vn -0.1642 0.9864 0.0049
vn -0.1748 0.9846 0.0050
vn -0.2030 0.9792 0.0050
vn -0.1854 0.9827 -0.0047
vn -0.1854 0.9827 0.0050
vn -0.1956 0.9807 0.0049
vn -0.2248 0.9743 0.0119
vn -0.2071 0.9782 -0.0116
vn -0.2318 0.9727 0.0117
vn -0.2071 0.9782 0.0118
vn -0.2139 0.9768 -0.0122
vn -0.2141 0.9767 0.0116
vn -0.1965 0.9804 -0.0119
vn -0.1894 0.9818 -0.0118
vn -0.2392 0.9709 0.0119
vn -0.2217 0.9751 -0.0117
vn -0.2465 0.9691 0.0122
vn -0.2218 0.9750 0.0122
vn -0.1896 0.9818 0.0121
vn -0.1712 0.9852 -0.0122
vn -0.1967 0.9804 0.0119
vn -0.1715 0.9851 0.0116
vn -0.6157 -0.0000 0.7880
vn -0.6156 -0.0000 0.7880
vn -0.6156 -0.0001 0.7881
vn -0.6156 -0.0000 0.7881
vn -0.6157 0.0001 0.7880
vn -0.6158 -0.0000 0.7879
vn -0.6158 0.0001 0.7879
vn -0.6157 -0.0000 0.7879
vn -0.6156 -0.0001 0.7880
vn -0.6156 0.0001 0.7881
vn -0.6157 -0.0001 0.7880
vn -0.6159 0.0001 0.7878
vn -0.6156 0.0002 0.7880
vn -0.6155 -0.0000 0.7881
vn 0.8659 0.5002 -0.0000
vn 0.8659 0.5002 -0.0001
vn -0.2939 0.5090 -0.8090
vn -0.2938 0.5090 -0.8090
vn -0.2938 0.5090 -0.8091
vn -0.2939 0.5091 -0.8090
vn -0.2940 0.5091 -0.8090
vn -0.2939 0.5090 -0.8091
vn -0.2939 0.5091 -0.8089
vn -0.2938 0.5091 -0.8090
vn -0.2940 0.5090 -0.8090
vn -0.2939 0.5089 -0.8091
vn -0.2940 0.5091 -0.8089
vn -0.2938 0.5089 -0.8091
vn -0.2940 0.5089 -0.8091
vn -0.2937 0.5091 -0.8090
vn -0.2935 0.5092 -0.8091
vn -0.2937 0.5091 -0.8091
vn -0.2936 0.5091 -0.8091
vn -0.2940 0.5092 -0.8089
vn -0.2939 0.5092 -0.8089
vn -0.2937 0.5089 -0.8092
vn -0.7532 -0.6578 0.0049
vn -0.7598 -0.6501 -0.0050
vn -0.7482 -0.6635 0.0047
vn -0.7599 -0.6501 0.0047
vn -0.7546 -0.6562 -0.0048
vn -0.7546 -0.6562 0.0049
vn -0.7611 -0.6486 -0.0049
vn -0.7662 -0.6426 -0.0048
vn -0.7429 -0.6694 0.0049
vn -0.7495 -0.6620 -0.0048
vn -0.7375 -0.6754 0.0050
vn -0.7495 -0.6620 0.0048
vn -0.7661 -0.6426 0.0047
vn -0.7724 -0.6351 -0.0048
vn -0.7611 -0.6486 0.0048
vn -0.7724 -0.6351 0.0049
vn -0.7326 -0.6806 0.0119
vn -0.7442 -0.6678 -0.0124
vn -0.7268 -0.6867 0.0128
vn -0.7442 -0.6678 0.0124
vn -0.7390 -0.6736 -0.0124
vn -0.7388 -0.6738 0.0129
vn -0.7510 -0.6602 -0.0128
vn -0.7559 -0.6546 -0.0123
vn -0.7216 -0.6922 0.0126
vn -0.7339 -0.6792 -0.0127
vn -0.7163 -0.6977 0.0124
vn -0.7338 -0.6793 0.0125
vn -0.7558 -0.6547 0.0128
vn -0.7675 -0.6409 -0.0126
vn -0.7509 -0.6603 0.0124
vn -0.7673 -0.6411 0.0126
vn -0.7632 -0.6462 -0.0034
vn -0.7663 -0.6425 0.0034
vn -0.7695 -0.6386 -0.0035
vn -0.7744 -0.6327 -0.0035
vn -0.7726 -0.6348 0.0035
vn -0.7807 -0.6249 -0.0035
vn -0.7837 -0.6211 0.0035
vn -0.7775 -0.6289 0.0036
vn -0.7759 -0.6309 -0.0036
vn -0.7789 -0.6271 0.0034
vn -0.7821 -0.6232 -0.0035
vn -0.7868 -0.6172 -0.0035
vn -0.7855 -0.6188 -0.0034
vn -0.7885 -0.6150 0.0034
vn -0.7916 -0.6111 -0.0035
vn -0.7964 -0.6048 -0.0036
vn -0.7874 -0.6164 0.0088
vn -0.7953 -0.6062 -0.0089
vn -0.8028 -0.5962 0.0088
vn -0.7922 -0.6103 0.0089
vn -0.8103 -0.5859 -0.0088
vn -0.8073 -0.5901 0.0089
vn -0.8149 -0.5796 -0.0089
vn -0.7999 -0.6001 -0.0088
vn -0.8176 -0.5757 0.0090
vn -0.8249 -0.5652 -0.0087
vn -0.8319 -0.5548 0.0090
vn -0.8221 -0.5693 0.0088
vn -0.7969 -0.6041 0.0090
vn -0.8045 -0.5938 -0.0088
vn -0.8119 -0.5838 0.0089
vn -0.8016 -0.5979 0.0087
vn -0.8334 -0.5526 -0.0000
vn -0.8334 -0.5526 -0.0001
vn -0.8334 -0.5527 -0.0000
vn -0.8192 -0.5736 -0.0001
vn -0.8191 -0.5736 -0.0001
vn -0.8191 -0.5736 -0.0000
vn -0.8044 -0.5941 -0.0000
vn -0.8044 -0.5941 -0.0002
vn -0.8043 -0.5942 -0.0000
vn -0.7890 -0.6144 -0.0001
vn 0.4099 0.2424 0.8793
vn 0.4104 0.2427 0.8790
vn 0.4100 0.2428 0.8792
vn 0.4103 0.2428 0.8790
vn 0.4096 0.2425 0.8794
vn 0.4097 0.2424 0.8794
vn 0.4104 0.2429 0.8790
vn 0.4096 0.2424 0.8795
vn 0.4102 0.2424 0.8792
vn 0.4104 0.2426 0.8790
vn 0.4100 0.2427 0.8792
vn 0.4105 0.2428 0.8790
vn 0.4101 0.2428 0.8791
vn 0.4099 0.2428 0.8792
vn 0.4102 0.2425 0.8792
vn 0.4098 0.2426 0.8793
vn 0.4099 0.2425 0.8793
vn 0.4103 0.2425 0.8791
vn 0.4102 0.2426 0.8791
vn 0.4099 0.2426 0.8793
vn 0.4102 0.2426 0.8792
vn 0.4101 0.2426 0.8792
vn 0.4100 0.2425 0.8792
vn 0.4098 0.2425 0.8793
vn 0.4100 0.2426 0.8792
vn 0.4101 0.2425 0.8792
vn 0.4100 0.2425 0.8793
vn 0.4095 0.2425 0.8795
vn 0.4093 0.2425 0.8796
vn 0.4098 0.2424 0.8794
vn 0.4104 0.2428 0.8790
vn 0.4103 0.2427 0.8791
vn 0.4097 0.2426 0.8794
vn 0.4103 0.2429 0.8790
vn 0.4101 0.2424 0.8792
vn 0.4096 0.2421 0.8795
vn 0.4100 0.2429 0.8792
vn 0.4095 0.2418 0.8797
vn 0.4098 0.2428 0.8793
vn 0.4096 0.2423 0.8795
vn 0.4098 0.2419 0.8795
vn 0.4097 0.2419 0.8796
vn 0.4095 0.2424 0.8795
vn 0.4102 0.2425 0.8791
vn 0.1642 -0.8255 0.5400
vn 0.4676 -0.6998 0.5400
vn 0.4242 -0.6349 0.6457
vn 0.6998 -0.4676 0.5400
vn 0.6349 -0.4242 0.6457
vn 0.7489 -0.1490 0.6457
vn 0.8255 -0.1642 0.5400
vn 0.5585 -0.3732 0.7408
vn 0.6588 -0.1310 0.7408
vn 0.5570 -0.1108 0.8231
vn -0.5570 -0.1108 0.8231
vn -0.6588 -0.1310 0.7408
vn -0.5585 -0.3732 0.7408
vn -0.7489 -0.1490 0.6457
vn -0.6349 -0.4242 0.6457
vn -0.6998 -0.4676 0.5400
vn -0.8255 -0.1642 0.5400
vn -0.4242 -0.6349 0.6457
vn -0.4676 -0.6998 0.5400
vn -0.1642 -0.8255 0.5400
vn -0.1003 -0.7618 0.6400
vn -0.4854 -0.5987 0.6371
vn -0.2684 -0.5124 0.8157
vn -0.3302 -0.5932 0.7342
vn -0.5444 -0.2282 0.8072
vn -0.3455 -0.3172 0.8832
vn -0.4962 0.0699 0.8654
vn -0.6121 -0.3053 0.7295
vn -0.2376 -0.2640 0.9348
vn -0.4222 0.2348 0.8756
vn -0.0649 -0.1843 0.9807
vn -0.1948 -0.1548 0.9686
vn -0.4440 -0.3707 0.8157
vn -0.5903 -0.0025 0.8072
vn -0.3205 -0.1530 0.9348
vn -0.4405 -0.1608 0.8832
vn 0.4405 -0.1608 0.8832
vn 0.5903 -0.0025 0.8072
vn 0.3205 -0.1530 0.9348
vn 0.4440 -0.3707 0.8157
vn 0.2775 -0.2011 0.9394
vn 0.4328 -0.5980 0.6746
vn -0.1061 -0.4082 0.9067
vn 0.2445 -0.4242 0.8719
vn 0.1940 -0.1775 0.9648
vn -0.0175 -0.1903 0.9816
vn 0.0589 -0.4517 0.8902
vn -0.1099 -0.3234 0.9399
vn 0.2590 -0.5565 0.7895
vn -0.0279 -0.8542 0.5193
vn -0.1889 -0.5046 0.8425
vn 0.0325 -0.6817 0.7309
vn -0.5365 0.8436 -0.0235
vn -0.5381 0.8426 0.0236
vn -0.4680 0.8834 -0.0244
vn -0.6213 0.7832 -0.0244
vn -0.4693 0.8827 0.0245
vn -0.5629 0.8262 -0.0245
vn -0.5641 0.8253 0.0245
vn -0.6225 0.7823 0.0245
vn -0.3995 0.9163 -0.0267
vn -0.3995 0.9163 0.0267
vn -0.3241 0.9456 -0.0267
vn -0.4985 0.8665 -0.0267
vn -0.7053 0.7085 -0.0252
vn -0.7060 0.7077 0.0250
vn -0.6545 0.7556 -0.0267
vn -0.7866 0.6169 -0.0264
vn 0.9934 0.1148 -0.0000
vn 0.9410 0.3384 -0.0000
vn 0.8390 0.5441 -0.0000
vn 0.6928 0.7211 -0.0000
vn 0.9942 0.1028 0.0310
vn 0.9748 0.2208 -0.0319
vn 0.9800 0.1963 0.0322
vn 0.9446 0.3267 0.0313
vn 0.9472 0.3189 -0.0337
vn 0.9077 0.4182 0.0337
vn 0.8459 0.5323 -0.0337
vn 0.8963 0.4422 -0.0337
vn 0.9554 0.2935 0.0339
vn 0.9070 0.4197 -0.0354
vn 0.9186 0.3936 0.0358
vn 0.8599 0.5093 0.0343
vn 0.8453 0.5333 0.0321
vn 0.7702 0.6370 -0.0321
vn 0.7858 0.6176 0.0321
vn 0.7014 0.7121 0.0321
vn 0.3281 0.9442 -0.0304
vn 0.4401 0.8974 0.0304
vn 0.4263 0.9041 -0.0304
vn 0.5373 0.8429 -0.0304
vn 0.5327 0.8457 0.0304
vn 0.6236 0.7812 -0.0304
vn 0.7137 0.6998 0.0304
vn 0.6355 0.7715 0.0304
vn 0.5197 0.8538 -0.0304
vn 0.6194 0.7845 0.0304
vn 0.6073 0.7939 -0.0304
vn 0.7028 0.7107 -0.0304
vn 0.7174 0.6960 -0.0304
vn 0.7965 0.6039 0.0304
vn 0.7871 0.6160 -0.0304
vn 0.8587 0.5115 -0.0304
vn 0.5757 0.8157 0.0564
vn 0.5348 0.8434 -0.0513
vn 0.5004 0.8643 0.0504
vn 0.7005 0.7122 0.0457
vn 0.4692 0.8818 -0.0473
vn 0.6280 0.7768 0.0473
vn 0.6007 0.7981 -0.0473
vn 0.6758 0.7355 -0.0473
vn 0.4160 0.9084 0.0418
vn 0.3968 0.9170 -0.0418
vn 0.3450 0.9377 0.0417
vn 0.5523 0.8326 0.0418
vn 0.7960 0.6039 0.0413
vn 0.7820 0.6219 -0.0408
vn 0.7291 0.6833 0.0383
vn 0.8672 0.4966 0.0377
vn -0.1379 0.9901 -0.0271
vn -0.0234 0.9994 0.0271
vn -0.0234 0.9994 -0.0271
vn 0.0534 0.9982 -0.0271
vn 0.0914 0.9954 0.0271
vn 0.1676 0.9855 -0.0272
vn 0.2795 0.9598 0.0271
vn 0.1676 0.9855 0.0271
vn 0.0914 0.9954 -0.0271
vn 0.2050 0.9784 0.0271
vn 0.2050 0.9784 -0.0271
vn 0.2795 0.9598 -0.0271
vn 0.2427 0.9697 -0.0271
vn 0.3524 0.9355 0.0271
vn 0.3524 0.9355 -0.0271
vn 0.4232 0.9056 -0.0271
vn 0.2227 0.9744 0.0295
vn 0.2253 0.9738 -0.0295
vn 0.1191 0.9925 0.0294
vn 0.3247 0.9454 0.0294
vn 0.1217 0.9921 -0.0294
vn 0.2236 0.9742 0.0295
vn 0.2262 0.9736 -0.0294
vn 0.3273 0.9445 -0.0294
vn 0.0142 0.9995 0.0294
vn 0.0169 0.9994 -0.0295
vn -0.0910 0.9954 0.0294
vn 0.1200 0.9923 0.0294
vn 0.4231 0.9056 0.0294
vn 0.4255 0.9045 -0.0294
vn 0.3256 0.9451 0.0295
vn 0.5167 0.8557 0.0295
vn -0.1857 0.9823 -0.0250
vn -0.1849 0.9824 0.0251
vn -0.0820 0.9963 -0.0254
vn -0.2719 0.9620 -0.0255
vn -0.0811 0.9964 0.0256
vn -0.1719 0.9848 -0.0256
vn -0.1709 0.9850 0.0256
vn -0.2709 0.9623 0.0256
vn 0.0217 0.9994 -0.0262
vn 0.0230 0.9994 0.0262
vn 0.1265 0.9916 -0.0261
vn -0.0689 0.9973 -0.0262
vn -0.3583 0.9332 -0.0259
vn -0.3573 0.9336 0.0261
vn -0.2617 0.9648 -0.0264
vn -0.4445 0.8954 -0.0266
vn -0.2148 0.9763 0.0280
vn -0.2162 0.9760 -0.0281
vn -0.2930 0.9557 0.0281
vn -0.1014 0.9944 0.0280
vn -0.2944 0.9553 -0.0281
vn -0.1815 0.9830 0.0280
vn -0.1829 0.9827 -0.0281
vn -0.1028 0.9943 -0.0281
vn -0.3694 0.9289 0.0281
vn -0.3707 0.9283 -0.0280
vn -0.4433 0.8960 0.0281
vn -0.2604 0.9651 0.0281
vn 0.0133 0.9995 0.0281
vn 0.0119 0.9995 -0.0281
vn -0.0675 0.9973 0.0280
vn 0.1279 0.9914 0.0281
vn 0.4990 0.8415 0.2070
vn 0.3026 0.9304 -0.2069
vn 0.3026 0.9305 0.2064
vn 0.2938 0.9330 0.2078
vn 0.0915 0.9738 -0.2084
vn 0.0823 0.9746 0.2081
vn -0.1331 0.9694 -0.2064
vn 0.0824 0.9751 -0.2061
vn 0.0915 0.9741 0.2067
vn -0.1240 0.9702 -0.2082
vn -0.1240 0.9701 0.2086
vn -0.1331 0.9693 0.2068
vn 0.0734 0.9759 0.2053
vn -0.1421 0.9678 -0.2076
vn -0.1421 0.9680 0.2069
vn -0.1512 0.9666 0.2069
vn -0.1241 0.9738 0.1907
vn -0.1067 0.9757 -0.1914
vn 0.0920 0.9767 0.1939
vn -0.1150 0.9741 0.1946
vn 0.1097 0.9750 -0.1932
vn 0.1012 0.9759 0.1933
vn 0.1188 0.9739 -0.1933
vn -0.0974 0.9762 -0.1936
vn 0.3038 0.9330 0.1928
vn 0.3205 0.9273 -0.1935
vn 0.5007 0.8438 0.1933
vn 0.3125 0.9302 0.1927
vn -0.1059 0.9755 0.1930
vn -0.0883 0.9771 -0.1934
vn 0.1103 0.9748 0.1937
vn -0.0968 0.9764 0.1932
vn -0.4652 0.8058 -0.3665
vn -0.4652 0.8057 -0.3665
vn -0.4653 0.8057 -0.3665
vn -0.4653 0.8057 -0.3664
vn -0.4653 0.8057 -0.3666
vn -0.4651 0.8058 -0.3665
vn -0.4652 0.8057 -0.3666
vn -0.4651 0.8058 -0.3666
vn -0.4651 0.8057 -0.3667
vn -0.4652 0.8059 -0.3663
vn -0.4652 0.8056 -0.3670
vn -0.4652 0.8059 -0.3662
vn -0.4652 0.8057 -0.3667
vn -0.4652 0.8055 -0.3670
vn -0.4653 0.8058 -0.3664
vn -0.4652 0.8058 -0.3664
vn -0.4652 0.8058 -0.3666
vn -0.4651 0.8057 -0.3666
vn -0.0000 -0.0000 -1.0000
vn -0.9063 -0.0000 0.4226
vn -0.9063 0.0001 0.4226
vn -0.9063 0.0001 0.4225
vn -0.9064 0.0001 0.4225
vn 0.6041 0.6288 0.4895
vn 0.7316 0.4745 0.4895
vn 0.8206 0.2951 0.4895
vn 0.8662 0.1001 0.4895
vn -0.6737 0.5584 0.4841
vn -0.5831 0.6420 0.4979
vn -0.5882 0.6476 0.4844
vn -0.5802 0.6550 0.4841
vn -0.4870 0.7179 0.4975
vn -0.4820 0.7301 0.4844
vn -0.3712 0.7840 0.4975
vn -0.4778 0.7237 0.4979
vn -0.4910 0.7238 0.4847
vn -0.3811 0.7795 0.4972
vn -0.3841 0.7856 0.4851
vn -0.3743 0.7905 0.4847
vn -0.4730 0.7362 0.4841
vn -0.3613 0.7884 0.4979
vn -0.3645 0.7953 0.4844
vn -0.3546 0.7999 0.4841
vn -0.3175 0.8101 0.4928
vn -0.3179 0.8111 0.4910
vn -0.3001 0.8167 0.4929
vn -0.3073 0.8140 0.4929
vn -0.3005 0.8177 0.4909
vn -0.2899 0.8204 0.4929
vn -0.2903 0.8214 0.4909
vn -0.3077 0.8151 0.4909
vn -0.2828 0.8229 0.4929
vn -0.2831 0.8239 0.4909
vn -0.2652 0.8286 0.4930
vn -0.2724 0.8263 0.4930
vn -0.2970 0.8178 0.4929
vn -0.2974 0.8189 0.4909
vn -0.2796 0.8239 0.4930
vn -0.2869 0.8214 0.4930
vn -0.2576 0.8302 0.4944
vn -0.2761 0.8272 0.4894
vn -0.2752 0.8246 0.4942
vn -0.2500 0.8325 0.4945
vn -0.2936 0.8211 0.4895
vn -0.2680 0.8270 0.4942
vn -0.2864 0.8236 0.4895
vn -0.2688 0.8296 0.4894
vn -0.2927 0.8186 0.4941
vn -0.3110 0.8146 0.4896
vn -0.3100 0.8123 0.4941
vn -0.2855 0.8212 0.4941
vn -0.2434 0.8345 0.4943
vn -0.2614 0.8319 0.4894
vn -0.2607 0.8293 0.4943
vn -0.2358 0.8366 0.4944
vn -0.2082 0.8319 0.5144
vn -0.2155 0.8612 0.4603
vn 0.0128 0.8567 0.5157
vn -0.1829 0.8370 0.5157
vn 0.0133 0.8885 0.4587
vn 0.0385 0.8551 0.5171
vn 0.0400 0.8885 0.4572
vn -0.1897 0.8681 0.4587
vn 0.2325 0.8237 0.5171
vn 0.2416 0.8559 0.4572
vn 0.4361 0.7355 0.5185
vn 0.2569 0.8156 0.5185
vn -0.1576 0.8413 0.5171
vn -0.1637 0.8741 0.4573
vn 0.0641 0.8526 0.5186
vn -0.1321 0.8448 0.5185
vn 0.2080 0.8453 0.4921
vn 0.2097 0.8521 0.4795
vn 0.1955 0.8489 0.4910
vn 0.5055 0.7095 0.4911
vn 0.1968 0.8546 0.4805
vn 0.4951 0.7175 0.4900
vn 0.4978 0.7213 0.4816
vn 0.5088 0.7143 0.4805
vn 0.1829 0.8523 0.4900
vn 0.1838 0.8569 0.4816
vn 0.1702 0.8556 0.4889
vn 0.4846 0.7253 0.4889
vn 0.7320 0.4734 0.4900
vn 0.7359 0.4759 0.4816
vn 0.7253 0.4846 0.4889
vn 0.8556 0.1702 0.4889
vn 0.0575 0.8789 0.4735
vn 0.0813 0.8565 0.5096
vn 0.1862 0.8631 0.4695
vn -0.0419 0.8812 0.4709
vn 0.2055 0.8332 0.5134
vn 0.0880 0.8799 0.4669
vn 0.1103 0.8496 0.5158
vn -0.0156 0.8588 0.5120
vn 0.3116 0.8285 0.4654
vn 0.3247 0.7920 0.5171
vn 0.4309 0.7756 0.4612
vn 0.2168 0.8596 0.4628
vn -0.1411 0.8722 0.4683
vn -0.1120 0.8502 0.5144
vn -0.0115 0.8856 0.4643
vn -0.2387 0.8521 0.4658
vn 0.5267 0.6687 0.5248
vn 0.5785 0.6758 0.4568
vn 0.4236 0.7418 0.5199
vn 0.6683 0.5347 0.5172
vn 0.4708 0.7514 0.4623
vn 0.5837 0.6301 0.5122
vn 0.6255 0.6222 0.4707
vn 0.7132 0.5243 0.4653
vn 0.3102 0.7991 0.5149
vn 0.3532 0.8102 0.4677
vn 0.1886 0.8393 0.5099
vn 0.4848 0.7126 0.5071
vn 0.7760 0.3719 0.5094
vn 0.8091 0.3479 0.4737
vn 0.7138 0.4859 0.5043
vn 0.8437 0.1913 0.5015
vn -0.8603 0.1711 0.4802
vn -0.7183 0.4957 0.4881
vn -0.7293 0.4873 0.4802
vn -0.7225 0.4986 0.4790
vn -0.4740 0.7329 0.4881
vn -0.4767 0.7371 0.4790
vn -0.1444 0.8601 0.4893
vn -0.4626 0.7393 0.4893
vn -0.4873 0.7293 0.4802
vn -0.1574 0.8585 0.4881
vn -0.1711 0.8603 0.4802
vn -0.1583 0.8634 0.4790
vn -0.4659 0.7447 0.4779
vn -0.1314 0.8615 0.4904
vn -0.1455 0.8663 0.4779
vn -0.1326 0.8690 0.4767
vn -0.3666 0.7629 0.5326
vn -0.4329 0.7828 0.4470
vn -0.5754 0.6280 0.5240
vn -0.2790 0.8021 0.5280
vn -0.6374 0.6204 0.4570
vn -0.5021 0.6916 0.5193
vn -0.5612 0.6866 0.4623
vn -0.3407 0.8242 0.4524
vn -0.7367 0.4381 0.5152
vn -0.7848 0.4077 0.4668
vn -0.8362 0.2110 0.5063
vn -0.6838 0.5214 0.5104
vn -0.1870 0.8313 0.5234
vn -0.2445 0.8548 0.4577
vn -0.4214 0.7467 0.5145
vn -0.0918 0.8500 0.5187
vn -0.6754 0.5240 0.5190
vn -0.7494 0.4766 0.4596
vn -0.7507 0.4170 0.5125
vn -0.5954 0.6147 0.5174
vn -0.8097 0.3557 0.4668
vn -0.6850 0.5194 0.5110
vn -0.7505 0.4661 0.4684
vn -0.6740 0.5770 0.4613
vn -0.8088 0.2999 0.5059
vn -0.8504 0.2287 0.4739
vn -0.8483 0.1768 0.4991
vn -0.7590 0.4119 0.5043
vn -0.5032 0.6932 0.5159
vn -0.5853 0.6657 0.4630
vn -0.6054 0.6115 0.5094
vn -0.4008 0.7581 0.5144
vn -0.8687 0.0669 0.4909
vn -0.8482 0.1992 0.4909
vn -0.8076 0.3268 0.4909
vn -0.7480 0.4467 0.4909
vn -0.8687 0.0670 0.4909
vn -0.6964 0.7176 0.0106
vn -0.6971 0.7169 -0.0115
vn -0.7222 0.6916 0.0102
vn -0.6020 0.7984 0.0110
vn -0.7225 0.6912 -0.0114
vn -0.6343 0.7730 0.0114
vn -0.6347 0.7727 -0.0114
vn -0.6025 0.7980 -0.0114
vn -0.7478 0.6639 0.0095
vn -0.7478 0.6639 -0.0095
vn -0.7699 0.6381 0.0095
vn -0.6630 0.7485 0.0095
vn -0.5044 0.8634 0.0109
vn -0.5046 0.8633 -0.0112
vn -0.5405 0.8413 0.0107
vn -0.4053 0.9141 0.0110
vn -0.9956 0.0937 -0.0000
vn -0.9606 0.2779 -0.0000
vn -0.9588 0.2838 -0.0080
vn -0.9533 0.3019 0.0081
vn -0.9495 0.3137 -0.0080
vn -0.9950 0.0999 -0.0080
vn -0.8884 0.4591 0.0067
vn -0.8796 0.4757 -0.0090
vn -0.7859 0.6183 0.0084
vn -0.8708 0.4915 0.0071
vn -0.9940 0.1093 -0.0000
vn -0.9937 0.1120 -0.0060
vn -0.9445 0.3286 0.0054
vn -0.9926 0.1212 0.0015
vn -0.9969 0.0769 -0.0149
vn -0.9651 0.2615 0.0150
vn -0.9734 0.2286 -0.0149
vn -0.9651 0.2615 -0.0149
vn -0.9136 0.4063 0.0150
vn -0.9136 0.4063 -0.0149
vn -0.8217 0.5697 0.0149
vn -0.8993 0.4371 0.0149
vn -0.9269 0.3750 -0.0149
vn -0.8406 0.5415 0.0149
vn -0.8585 0.5126 -0.0149
vn -0.8406 0.5415 -0.0149
vn -0.8993 0.4371 -0.0149
vn -0.8019 0.5972 0.0149
vn -0.8217 0.5697 -0.0149
vn -0.8019 0.5972 -0.0149
s 0
f 1//1 2//1 3//1
f 2//2 4//2 3//2
f 2//3 5//3 4//3
f 3//4 4//4 6//4
f 5//5 7//5 4//5
f 7//6 8//6 4//6
f 7//7 9//7 8//7
f 4//8 8//8 6//8
f 5//9 10//9 7//9
f 10//10 11//10 7//10
f 10//11 12//11 11//11
f 7//12 11//12 9//12
f 6//13 8//13 13//13
f 8//14 14//14 13//14
f 8//15 9//15 14//15
f 13//16 14//16 15//16
f 16//17 17//17 18//17
f 17//18 19//18 18//18
f 17//19 20//19 19//19
f 18//18 19//18 21//18
f 20//19 22//19 19//19
f 22//19 23//19 19//19
f 22//19 24//19 23//19
f 19//18 23//18 21//18
f 20//20 25//20 22//20
f 25//20 26//20 22//20
f 25//21 27//21 26//21
f 22//20 26//20 24//20
f 21//18 23//18 28//18
f 23//18 29//18 28//18
f 23//19 24//19 29//19
f 28//18 29//18 30//18
f 1//22 31//22 32//22
f 31//23 33//23 32//23
f 31//24 34//24 33//24
f 32//25 33//25 35//25
f 34//26 36//26 33//26
f 36//27 37//27 33//27
f 36//28 38//28 37//28
f 33//29 37//29 35//29
f 34//30 39//30 36//30
f 39//31 40//31 36//31
f 39//32 41//32 40//32
f 36//33 40//33 38//33
f 35//34 37//34 42//34
f 37//35 43//35 42//35
f 37//36 38//36 43//36
f 42//37 43//37 27//37
f 12//38 44//38 45//38
f 44//39 46//39 45//39
f 44//40 47//40 46//40
f 45//41 46//41 48//41
f 47//42 49//42 46//42
f 49//43 50//43 46//43
f 49//44 20//44 50//44
f 46//45 50//45 48//45
f 47//46 51//46 49//46
f 51//47 25//47 49//47
f 51//48 27//48 25//48
f 49//49 25//49 20//49
f 48//50 50//50 52//50
f 50//51 17//51 52//51
f 50//52 20//52 17//52
f 52//53 17//53 16//53
f 12//54 10//54 44//54
f 10//55 53//55 44//55
f 10//56 5//56 53//56
f 44//57 53//57 47//57
f 5//58 54//58 53//58
f 54//59 55//59 53//59
f 54//60 35//60 55//60
f 53//61 55//61 47//61
f 5//62 2//62 54//62
f 2//63 32//63 54//63
f 2//64 1//64 32//64
f 54//65 32//65 35//65
f 47//66 55//66 51//66
f 55//67 42//67 51//67
f 55//68 35//68 42//68
f 51//69 42//69 27//69
f 56//70 57//70 58//70
f 57//71 59//71 58//71
f 57//72 60//72 59//72
f 58//73 59//73 61//73
f 60//74 62//74 59//74
f 62//75 63//75 59//75
f 62//76 38//76 63//76
f 59//77 63//77 61//77
f 60//78 64//78 62//78
f 64//79 43//79 62//79
f 64//80 27//80 43//80
f 62//81 43//81 38//81
f 61//82 63//82 65//82
f 63//83 40//83 65//83
f 63//84 38//84 40//84
f 65//85 40//85 41//85
f 66//86 67//86 68//86
f 67//87 69//87 68//87
f 67//88 70//88 69//88
f 68//89 69//89 71//89
f 70//90 72//90 69//90
f 72//91 73//91 69//91
f 72//92 74//92 73//92
f 69//93 73//93 71//93
f 70//94 75//94 72//94
f 75//95 76//95 72//95
f 75//96 77//96 76//96
f 72//97 76//97 74//97
f 71//98 73//98 78//98
f 73//99 79//99 78//99
f 73//100 74//100 79//100
f 78//101 79//101 80//101
f 66//102 81//102 82//102
f 81//103 83//103 82//103
f 81//104 84//104 83//104
f 82//105 83//105 85//105
f 84//106 86//106 83//106
f 86//107 87//107 83//107
f 86//108 88//108 87//108
f 83//109 87//109 85//109
f 84//110 89//110 86//110
f 89//111 90//111 86//111
f 89//112 56//112 90//112
f 86//113 90//113 88//113
f 85//114 87//114 91//114
f 87//115 92//115 91//115
f 87//116 88//116 92//116
f 91//117 92//117 93//117
f 66//118 68//118 81//118
f 68//119 94//119 81//119
f 68//120 71//120 94//120
f 81//121 94//121 84//121
f 71//122 95//122 94//122
f 95//123 96//123 94//123
f 95//124 97//124 96//124
f 94//125 96//125 84//125
f 71//126 78//126 95//126
f 78//127 98//127 95//127
f 78//128 80//128 98//128
f 95//129 98//129 97//129
f 84//130 96//130 89//130
f 96//131 99//131 89//131
f 96//132 97//132 99//132
f 89//133 99//133 56//133
f 56//134 100//134 90//134
f 100//135 101//135 90//135
f 100//136 102//136 101//136
f 90//137 101//137 88//137
f 102//138 103//138 101//138
f 103//139 104//139 101//139
f 103//140 105//140 104//140
f 101//141 104//141 88//141
f 102//142 106//142 103//142
f 106//143 107//143 103//143
f 106//144 108//144 107//144
f 103//145 107//145 105//145
f 88//146 104//146 92//146
f 104//147 109//147 92//147
f 104//148 105//148 109//148
f 92//149 109//149 93//149
f 108//150 106//150 110//150
f 106//151 111//151 110//151
f 106//152 102//152 111//152
f 110//153 111//153 112//153
f 102//154 113//154 111//154
f 113//155 114//155 111//155
f 113//156 61//156 114//156
f 111//157 114//157 112//157
f 102//158 100//158 113//158
f 100//159 58//159 113//159
f 100//160 56//160 58//160
f 113//161 58//161 61//161
f 112//162 114//162 115//162
f 114//163 65//163 115//163
f 114//164 61//164 65//164
f 115//165 65//165 41//165
f 116//166 117//166 118//166
f 117//167 119//167 118//167
f 117//168 120//168 119//168
f 118//169 119//169 121//169
f 120//170 122//170 119//170
f 122//171 123//171 119//171
f 122//172 124//172 123//172
f 119//173 123//173 121//173
f 120//174 125//174 122//174
f 125//175 126//175 122//175
f 125//176 80//176 126//176
f 122//177 126//177 124//177
f 121//178 123//178 127//178
f 123//179 128//179 127//179
f 123//180 124//180 128//180
f 127//181 128//181 129//181
f 80//182 79//182 126//182
f 79//183 130//183 126//183
f 79//184 74//184 130//184
f 126//185 130//185 124//185
f 74//186 131//186 130//186
f 131//187 132//187 130//187
f 131//188 133//188 132//188
f 130//189 132//189 124//189
f 74//190 76//190 131//190
f 76//191 134//191 131//191
f 76//192 77//192 134//192
f 131//193 134//193 133//193
f 124//194 132//194 128//194
f 132//195 135//195 128//195
f 132//196 133//196 135//196
f 128//197 135//197 129//197
f 27//198 136//198 26//198
f 136//199 137//199 26//199
f 136//199 138//199 137//199
f 26//200 137//200 24//200
f 138//201 139//201 137//201
f 139//201 140//201 137//201
f 139//202 141//202 140//202
f 137//201 140//201 24//201
f 138//201 142//201 139//201
f 142//202 143//202 139//202
f 142//202 144//202 143//202
f 139//202 143//202 141//202
f 24//203 140//203 29//203
f 140//202 145//202 29//202
f 140//202 141//202 145//202
f 29//204 145//204 30//204
f 144//205 142//205 146//205
f 142//206 147//206 146//206
f 142//207 138//207 147//207
f 146//208 147//208 148//208
f 138//209 149//209 147//209
f 149//210 150//210 147//210
f 149//211 60//211 150//211
f 147//212 150//212 148//212
f 138//213 136//213 149//213
f 136//214 64//214 149//214
f 136//215 27//215 64//215
f 149//216 64//216 60//216
f 148//217 150//217 151//217
f 150//218 57//218 151//218
f 150//219 60//219 57//219
f 151//220 57//220 56//220
f 129//221 152//221 153//221
f 152//221 154//221 153//221
f 152//222 155//222 154//222
f 153//223 154//223 156//223
f 155//222 157//222 154//222
f 157//222 158//222 154//222
f 157//222 159//222 158//222
f 154//221 158//221 156//221
f 155//224 160//224 157//224
f 160//224 161//224 157//224
f 160//225 162//225 161//225
f 157//226 161//226 159//226
f 156//221 158//221 163//221
f 158//221 164//221 163//221
f 158//227 159//227 164//227
f 163//228 164//228 165//228
f 162//229 160//229 166//229
f 160//230 167//230 166//230
f 160//231 155//231 167//231
f 166//232 167//232 168//232
f 155//233 169//233 167//233
f 169//234 170//234 167//234
f 169//235 171//235 170//235
f 167//236 170//236 168//236
f 155//237 152//237 169//237
f 152//238 172//238 169//238
f 152//239 129//239 172//239
f 169//240 172//240 171//240
f 168//241 170//241 173//241
f 170//242 174//242 173//242
f 170//243 171//243 174//243
f 173//244 174//244 175//244
f 176//245 177//245 178//245
f 177//246 179//246 178//246
f 177//247 180//247 179//247
f 178//248 179//248 181//248
f 180//249 182//249 179//249
f 182//250 183//250 179//250
f 182//251 133//251 183//251
f 179//252 183//252 181//252
f 180//253 184//253 182//253
f 184//254 135//254 182//254
f 184//255 129//255 135//255
f 182//256 135//256 133//256
f 181//257 183//257 185//257
f 183//258 134//258 185//258
f 183//259 133//259 134//259
f 185//260 134//260 77//260
f 129//261 184//261 172//261
f 184//262 186//262 172//262
f 184//263 180//263 186//263
f 172//264 186//264 171//264
f 180//265 187//265 186//265
f 187//266 188//266 186//266
f 187//267 189//267 188//267
f 186//268 188//268 171//268
f 180//269 177//269 187//269
f 177//270 190//270 187//270
f 177//271 176//271 190//271
f 187//272 190//272 189//272
f 171//273 188//273 174//273
f 188//274 191//274 174//274
f 188//275 189//275 191//275
f 174//276 191//276 175//276
f 56//277 192//277 151//277
f 192//278 193//278 151//278
f 192//279 194//279 193//279
f 151//280 193//280 148//280
f 194//281 195//281 193//281
f 195//282 196//282 193//282
f 195//283 197//283 196//283
f 193//284 196//284 148//284
f 194//285 198//285 195//285
f 198//286 199//286 195//286
f 198//287 116//287 199//287
f 195//288 199//288 197//288
f 148//289 196//289 146//289
f 196//290 200//290 146//290
f 196//291 197//291 200//291
f 146//292 200//292 144//292
f 80//293 125//293 98//293
f 125//294 201//294 98//294
f 125//295 120//295 201//295
f 98//296 201//296 97//296
f 120//297 202//297 201//297
f 202//298 203//298 201//298
f 202//299 194//299 203//299
f 201//300 203//300 97//300
f 120//301 117//301 202//301
f 117//302 198//302 202//302
f 117//303 116//303 198//303
f 202//304 198//304 194//304
f 97//305 203//305 99//305
f 203//306 192//306 99//306
f 203//307 194//307 192//307
f 99//308 192//308 56//308
f 162//309 166//309 204//309
f 166//309 205//309 204//309
f 166//310 168//310 205//310
f 204//309 205//309 206//309
f 168//311 207//311 205//311
f 207//312 208//312 205//312
f 207//313 209//313 208//313
f 205//314 208//314 206//314
f 168//315 173//315 207//315
f 173//316 210//316 207//316
f 173//317 175//317 210//317
f 207//318 210//318 209//318
f 206//319 208//319 211//319
f 208//320 212//320 211//320
f 208//321 209//321 212//321
f 211//322 212//322 213//322
f 165//323 214//323 215//323
f 214//323 216//323 215//323
f 214//324 217//324 216//324
f 215//323 216//323 218//323
f 217//324 219//324 216//324
f 219//325 220//325 216//325
f 219//326 221//326 220//326
f 216//327 220//327 218//327
f 217//328 222//328 219//328
f 222//329 223//329 219//329
f 222//330 213//330 223//330
f 219//331 223//331 221//331
f 218//327 220//327 224//327
f 220//332 225//332 224//332
f 220//333 221//333 225//333
f 224//332 225//332 226//332
f 165//334 164//334 214//334
f 164//335 227//335 214//335
f 164//336 159//336 227//336
f 214//337 227//337 217//337
f 159//338 228//338 227//338
f 228//338 229//338 227//338
f 228//339 206//339 229//339
f 227//338 229//338 217//338
f 159//340 161//340 228//340
f 161//341 204//341 228//341
f 161//342 162//342 204//342
f 228//343 204//343 206//343
f 217//344 229//344 222//344
f 229//345 211//345 222//345
f 229//345 206//345 211//345
f 222//346 211//346 213//346
f 230//347 231//347 232//347
f 231//348 233//348 232//348
f 231//348 234//348 233//348
f 232//349 233//349 235//349
f 234//350 236//350 233//350
f 236//351 237//351 233//351
f 236//352 238//352 237//352
f 233//351 237//351 235//351
f 234//350 239//350 236//350
f 239//353 240//353 236//353
f 239//353 129//353 240//353
f 236//352 240//352 238//352
f 235//354 237//354 241//354
f 237//355 242//355 241//355
f 237//355 238//355 242//355
f 241//356 242//356 243//356
f 243//357 244//357 245//357
f 244//358 246//358 245//358
f 244//358 247//358 246//358
f 245//359 246//359 248//359
f 247//360 249//360 246//360
f 249//361 250//361 246//361
f 249//362 251//362 250//362
f 246//361 250//361 248//361
f 247//360 252//360 249//360
f 252//363 253//363 249//363
f 252//363 144//363 253//363
f 249//362 253//362 251//362
f 248//364 250//364 254//364
f 250//365 255//365 254//365
f 250//365 251//365 255//365
f 254//366 255//366 256//366
f 257//367 258//367 259//367
f 258//368 260//368 259//368
f 258//369 261//369 260//369
f 259//370 260//370 262//370
f 261//371 263//371 260//371
f 263//372 264//372 260//372
f 263//373 248//373 264//373
f 260//374 264//374 262//374
f 261//375 265//375 263//375
f 265//376 245//376 263//376
f 265//377 243//377 245//377
f 263//378 245//378 248//378
f 262//379 264//379 266//379
f 264//380 254//380 266//380
f 264//381 248//381 254//381
f 266//382 254//382 256//382
f 257//383 267//383 258//383
f 267//384 268//384 258//384
f 267//385 269//385 268//385
f 258//386 268//386 261//386
f 269//387 270//387 268//387
f 270//388 271//388 268//388
f 270//389 235//389 271//389
f 268//390 271//390 261//390
f 269//391 272//391 270//391
f 272//392 232//392 270//392
f 272//393 230//393 232//393
f 270//394 232//394 235//394
f 261//395 271//395 265//395
f 271//396 241//396 265//396
f 271//397 235//397 241//397
f 265//398 241//398 243//398
f 273//399 274//399 275//399
f 274//400 276//400 275//400
f 274//401 277//401 276//401
f 275//402 276//402 278//402
f 277//403 279//403 276//403
f 279//404 280//404 276//404
f 279//405 85//405 280//405
f 276//406 280//406 278//406
f 277//407 281//407 279//407
f 281//408 82//408 279//408
f 281//409 66//409 82//409
f 279//410 82//410 85//410
f 278//411 280//411 282//411
f 280//412 91//412 282//412
f 280//413 85//413 91//413
f 282//414 91//414 93//414
f 283//415 284//415 285//415
f 284//416 286//416 285//416
f 284//417 287//417 286//417
f 285//418 286//418 288//418
f 287//419 289//419 286//419
f 289//420 290//420 286//420
f 289//421 291//421 290//421
f 286//422 290//422 288//422
f 287//423 292//423 289//423
f 292//424 293//424 289//424
f 292//425 294//425 293//425
f 289//426 293//426 291//426
f 288//427 290//427 295//427
f 290//428 296//428 295//428
f 290//429 291//429 296//429
f 295//430 296//430 297//430
f 66//431 298//431 67//431
f 298//432 299//432 67//432
f 298//433 300//433 299//433
f 67//434 299//434 70//434
f 300//435 301//435 299//435
f 301//436 302//436 299//436
f 301//437 303//437 302//437
f 299//438 302//438 70//438
f 300//439 304//439 301//439
f 304//440 305//440 301//440
f 304//441 306//441 305//441
f 301//442 305//442 303//442
f 70//443 302//443 75//443
f 302//444 307//444 75//444
f 302//445 303//445 307//445
f 75//446 307//446 77//446
f 306//447 304//447 308//447
f 304//448 309//448 308//448
f 304//449 300//449 309//449
f 308//450 309//450 310//450
f 300//451 311//451 309//451
f 311//452 312//452 309//452
f 311//453 313//453 312//453
f 309//454 312//454 310//454
f 300//455 298//455 311//455
f 298//456 314//456 311//456
f 298//457 66//457 314//457
f 311//458 314//458 313//458
f 310//459 312//459 315//459
f 312//460 316//460 315//460
f 312//461 313//461 316//461
f 315//462 316//462 317//462
f 317//463 318//463 319//463
f 318//464 320//464 319//464
f 318//465 321//465 320//465
f 319//466 320//466 322//466
f 321//467 323//467 320//467
f 323//468 324//468 320//468
f 323//469 325//469 324//469
f 320//470 324//470 322//470
f 321//471 326//471 323//471
f 326//472 327//472 323//472
f 326//473 297//473 327//473
f 323//474 327//474 325//474
f 322//475 324//475 328//475
f 324//476 329//476 328//476
f 324//477 325//477 329//477
f 328//478 329//478 330//478
f 297//479 326//479 331//479
f 326//480 332//480 331//480
f 326//481 321//481 332//481
f 331//482 332//482 333//482
f 321//483 334//483 332//483
f 334//484 335//484 332//484
f 334//485 313//485 335//485
f 332//486 335//486 333//486
f 321//487 318//487 334//487
f 318//488 316//488 334//488
f 318//489 317//489 316//489
f 334//490 316//490 313//490
f 333//491 335//491 336//491
f 335//492 314//492 336//492
f 335//493 313//493 314//493
f 336//494 314//494 66//494
f 297//495 337//495 327//495
f 337//496 338//496 327//496
f 337//497 339//497 338//497
f 327//498 338//498 325//498
f 339//499 340//499 338//499
f 340//500 341//500 338//500
f 340//501 342//501 341//501
f 338//502 341//502 325//502
f 339//503 343//503 340//503
f 343//504 344//504 340//504
f 343//505 345//505 344//505
f 340//506 344//506 342//506
f 325//507 341//507 329//507
f 341//508 346//508 329//508
f 341//509 342//509 346//509
f 329//510 346//510 330//510
f 345//511 347//511 348//511
f 347//511 349//511 348//511
f 347//512 350//512 349//512
f 348//511 349//511 351//511
f 350//512 352//512 349//512
f 352//512 353//512 349//512
f 352//512 354//512 353//512
f 349//511 353//511 351//511
f 350//513 355//513 352//513
f 355//513 356//513 352//513
f 355//514 294//514 356//514
f 352//513 356//513 354//513
f 351//511 353//511 357//511
f 353//511 358//511 357//511
f 353//512 354//512 358//512
f 357//511 358//511 359//511
f 345//515 343//515 347//515
f 343//516 360//516 347//516
f 343//517 339//517 360//517
f 347//518 360//518 350//518
f 339//519 361//519 360//519
f 361//520 362//520 360//520
f 361//521 291//521 362//521
f 360//522 362//522 350//522
f 339//523 337//523 361//523
f 337//524 296//524 361//524
f 337//525 297//525 296//525
f 361//526 296//526 291//526
f 350//527 362//527 355//527
f 362//528 293//528 355//528
f 362//529 291//529 293//529
f 355//530 293//530 294//530
f 283//531 363//531 364//531
f 363//532 365//532 364//532
f 363//533 366//533 365//533
f 364//534 365//534 367//534
f 366//535 368//535 365//535
f 368//536 369//536 365//536
f 368//537 277//537 369//537
f 365//538 369//538 367//538
f 366//539 370//539 368//539
f 370//540 281//540 368//540
f 370//541 66//541 281//541
f 368//542 281//542 277//542
f 367//543 369//543 371//543
f 369//544 274//544 371//544
f 369//545 277//545 274//545
f 371//546 274//546 273//546
f 283//547 285//547 363//547
f 285//548 372//548 363//548
f 285//549 288//549 372//549
f 363//550 372//550 366//550
f 288//551 373//551 372//551
f 373//552 374//552 372//552
f 373//553 333//553 374//553
f 372//554 374//554 366//554
f 288//555 295//555 373//555
f 295//556 331//556 373//556
f 295//557 297//557 331//557
f 373//558 331//558 333//558
f 366//559 374//559 370//559
f 374//560 336//560 370//560
f 374//561 333//561 336//561
f 370//562 336//562 66//562
f 375//563 376//563 377//563
f 376//563 378//563 377//563
f 376//563 379//563 378//563
f 377//563 378//563 380//563
f 379//563 381//563 378//563
f 381//563 382//563 378//563
f 381//563 383//563 382//563
f 378//563 382//563 380//563
f 379//563 384//563 381//563
f 384//563 385//563 381//563
f 384//563 386//563 385//563
f 381//563 385//563 383//563
f 380//563 382//563 387//563
f 382//563 388//563 387//563
f 382//563 383//563 388//563
f 387//563 388//563 389//563
f 390//563 391//563 392//563
f 391//563 393//563 392//563
f 391//563 394//563 393//563
f 392//563 393//563 395//563
f 394//563 396//563 393//563
f 396//563 397//563 393//563
f 396//563 398//563 397//563
f 393//563 397//563 395//563
f 394//563 399//563 396//563
f 399//563 400//563 396//563
f 399//563 401//563 400//563
f 396//563 400//563 398//563
f 395//563 397//563 402//563
f 397//563 403//563 402//563
f 397//563 398//563 403//563
f 402//563 403//563 404//563
f 390//563 405//563 391//563
f 405//563 406//563 391//563
f 405//563 407//563 406//563
f 391//563 406//563 394//563
f 407//563 408//563 406//563
f 408//563 409//563 406//563
f 408//563 410//563 409//563
f 406//563 409//563 394//563
f 407//563 411//563 408//563
f 411//563 412//563 408//563
f 411//563 413//563 412//563
f 408//563 412//563 410//563
f 394//563 409//563 399//563
f 409//563 414//563 399//563
f 409//563 410//563 414//563
f 399//563 414//563 401//563
f 404//563 403//563 415//563
f 403//563 416//563 415//563
f 403//563 398//563 416//563
f 415//563 416//563 417//563
f 398//563 418//563 416//563
f 418//563 419//563 416//563
f 418//563 410//563 419//563
f 416//563 419//563 417//563
f 398//563 400//563 418//563
f 400//563 414//563 418//563
f 400//563 401//563 414//563
f 418//563 414//563 410//563
f 417//563 419//563 420//563
f 419//563 412//563 420//563
f 419//563 410//563 412//563
f 420//563 412//563 413//563
f 375//563 377//563 421//563
f 377//563 422//563 421//563
f 377//563 380//563 422//563
f 421//563 422//563 423//563
f 380//563 424//563 422//563
f 424//563 425//563 422//563
f 424//563 426//563 425//563
f 422//563 425//563 423//563
f 380//563 387//563 424//563
f 387//563 427//563 424//563
f 387//563 389//563 427//563
f 424//563 427//563 426//563
f 423//563 425//563 428//563
f 425//563 429//563 428//563
f 425//563 426//563 429//563
f 428//563 429//563 430//563
f 390//563 431//563 432//563
f 431//563 433//563 432//563
f 431//563 434//563 433//563
f 432//563 433//563 435//563
f 434//563 436//563 433//563
f 436//563 437//563 433//563
f 436//563 438//563 437//563
f 433//563 437//563 435//563
f 434//563 439//563 436//563
f 439//563 440//563 436//563
f 439//563 375//563 440//563
f 436//563 440//563 438//563
f 435//563 437//563 441//563
f 437//563 442//563 441//563
f 437//563 438//563 442//563
f 441//563 442//563 443//563
f 404//563 415//563 444//563
f 415//563 445//563 444//563
f 415//563 417//563 445//563
f 444//563 445//563 446//563
f 417//563 447//563 445//563
f 447//563 448//563 445//563
f 447//563 449//563 448//563
f 445//563 448//563 446//563
f 417//563 420//563 447//563
f 420//563 450//563 447//563
f 420//563 413//563 450//563
f 447//563 450//563 449//563
f 446//563 448//563 451//563
f 448//563 452//563 451//563
f 448//563 449//563 452//563
f 451//563 452//563 443//563
f 404//563 444//563 453//563
f 444//563 454//563 453//563
f 444//563 446//563 454//563
f 453//563 454//563 455//563
f 446//563 456//563 454//563
f 456//563 457//563 454//563
f 456//563 458//563 457//563
f 454//563 457//563 455//563
f 446//563 451//563 456//563
f 451//563 459//563 456//563
f 451//563 443//563 459//563
f 456//563 459//563 458//563
f 455//563 457//563 460//563
f 457//563 461//563 460//563
f 457//563 458//563 461//563
f 460//563 461//563 386//563
f 390//563 432//563 405//563
f 432//563 462//563 405//563
f 432//563 435//563 462//563
f 405//563 462//563 407//563
f 435//563 463//563 462//563
f 463//563 464//563 462//563
f 463//563 449//563 464//563
f 462//563 464//563 407//563
f 435//563 441//563 463//563
f 441//563 452//563 463//563
f 441//563 443//563 452//563
f 463//563 452//563 449//563
f 407//563 464//563 411//563
f 464//563 450//563 411//563
f 464//563 449//563 450//563
f 411//563 450//563 413//563
f 386//563 461//563 465//563
f 461//563 466//563 465//563
f 461//563 458//563 466//563
f 465//563 466//563 467//563
f 458//563 468//563 466//563
f 468//563 469//563 466//563
f 468//563 470//563 469//563
f 466//563 469//563 467//563
f 458//563 459//563 468//563
f 459//563 471//563 468//563
f 459//563 443//563 471//563
f 468//563 471//563 470//563
f 467//563 469//563 472//563
f 469//563 473//563 472//563
f 469//563 470//563 473//563
f 472//563 473//563 430//563
f 386//563 465//563 385//563
f 465//563 474//563 385//563
f 465//563 467//563 474//563
f 385//563 474//563 383//563
f 467//563 475//563 474//563
f 475//563 476//563 474//563
f 475//563 426//563 476//563
f 474//563 476//563 383//563
f 467//563 472//563 475//563
f 472//563 429//563 475//563
f 472//563 430//563 429//563
f 475//563 429//563 426//563
f 383//563 476//563 388//563
f 476//563 427//563 388//563
f 476//563 426//563 427//563
f 388//563 427//563 389//563
f 375//563 421//563 440//563
f 421//563 477//563 440//563
f 421//563 423//563 477//563
f 440//563 477//563 438//563
f 423//563 478//563 477//563
f 478//563 479//563 477//563
f 478//563 470//563 479//563
f 477//563 479//563 438//563
f 423//563 428//563 478//563
f 428//563 473//563 478//563
f 428//563 430//563 473//563
f 478//563 473//563 470//563
f 438//563 479//563 442//563
f 479//563 471//563 442//563
f 479//563 470//563 471//563
f 442//563 471//563 443//563
f 390//564 480//564 431//564
f 480//564 481//564 431//564
f 480//564 482//564 481//564
f 431//564 481//564 434//564
f 482//565 483//565 481//565
f 483//565 484//565 481//565
f 483//564 485//564 484//564
f 481//564 484//564 434//564
f 482//564 486//564 483//564
f 486//564 487//564 483//564
f 486//564 488//564 487//564
f 483//564 487//564 485//564
f 434//564 484//564 439//564
f 484//564 489//564 439//564
f 484//564 485//564 489//564
f 439//564 489//564 375//564
f 375//566 490//566 376//566
f 490//567 491//567 376//567
f 490//568 492//568 491//568
f 376//568 491//568 379//568
f 492//566 493//566 491//566
f 493//566 494//566 491//566
f 493//567 495//567 494//567
f 491//566 494//566 379//566
f 492//566 496//566 493//566
f 496//567 497//567 493//567
f 496//568 498//568 497//568
f 493//568 497//568 495//568
f 379//569 494//569 384//569
f 494//569 499//569 384//569
f 494//567 495//567 499//567
f 384//566 499//566 386//566
f 488//570 500//570 501//570
f 500//570 502//570 501//570
f 500//570 503//570 502//570
f 501//567 502//567 504//567
f 503//570 505//570 502//570
f 505//571 506//571 502//571
f 505//571 507//571 506//571
f 502//570 506//570 504//570
f 503//566 508//566 505//566
f 508//566 509//566 505//566
f 508//570 510//570 509//570
f 505//570 509//570 507//570
f 504//566 506//566 511//566
f 506//566 512//566 511//566
f 506//570 507//570 512//570
f 511//566 512//566 513//566
f 510//568 514//568 509//568
f 514//572 515//572 509//572
f 514//572 516//572 515//572
f 509//567 515//567 507//567
f 516//568 517//568 515//568
f 517//567 518//567 515//567
f 517//567 519//567 518//567
f 515//567 518//567 507//567
f 516//573 520//573 517//573
f 520//574 521//574 517//574
f 520//575 522//575 521//575
f 517//576 521//576 519//576
f 507//567 518//567 512//567
f 518//567 523//567 512//567
f 518//576 519//576 523//576
f 512//572 523//572 513//572
f 386//567 499//567 524//567
f 499//577 525//577 524//577
f 499//568 495//568 525//568
f 524//566 525//566 526//566
f 495//568 527//568 525//568
f 527//567 528//567 525//567
f 527//566 529//566 528//566
f 525//567 528//567 526//567
f 495//568 497//568 527//568
f 497//568 530//568 527//568
f 497//568 498//568 530//568
f 527//568 530//568 529//568
f 526//568 528//568 531//568
f 528//568 532//568 531//568
f 528//566 529//566 532//566
f 531//568 532//568 533//568
f 488//578 534//578 535//578
f 534//575 536//575 535//575
f 534//578 537//578 536//578
f 535//578 536//578 538//578
f 537//579 539//579 536//579
f 539//580 540//580 536//580
f 539//581 541//581 540//581
f 536//580 540//580 538//580
f 537//578 542//578 539//578
f 542//582 543//582 539//582
f 542//572 544//572 543//572
f 539//578 543//578 541//578
f 538//583 540//583 545//583
f 540//578 546//578 545//578
f 540//578 541//578 546//578
f 545//581 546//581 547//581
f 488//572 548//572 534//572
f 548//577 549//577 534//577
f 548//566 550//566 549//566
f 534//577 549//577 537//577
f 550//577 551//577 549//577
f 551//583 552//583 549//583
f 551//566 553//566 552//566
f 549//567 552//567 537//567
f 550//567 554//567 551//567
f 554//567 555//567 551//567
f 554//583 522//583 555//583
f 551//577 555//577 553//577
f 537//568 552//568 542//568
f 552//580 556//580 542//580
f 552//584 553//584 556//584
f 542//585 556//585 544//585
f 375//572 489//572 557//572
f 489//572 558//572 557//572
f 489//579 485//579 558//579
f 557//578 558//578 559//578
f 485//579 560//579 558//579
f 560//578 561//578 558//578
f 560//578 538//578 561//578
f 558//578 561//578 559//578
f 485//572 487//572 560//572
f 487//572 535//572 560//572
f 487//572 488//572 535//572
f 560//578 535//578 538//578
f 559//572 561//572 562//572
f 561//572 545//572 562//572
f 561//572 538//572 545//572
f 562//578 545//578 547//578
f 386//568 524//568 563//568
f 524//568 564//568 563//568
f 524//568 526//568 564//568
f 563//578 564//578 565//578
f 526//568 566//568 564//568
f 566//578 567//578 564//578
f 566//578 568//578 567//578
f 564//578 567//578 565//578
f 526//568 531//568 566//568
f 531//579 569//579 566//579
f 531//584 533//584 569//584
f 566//586 569//586 568//586
f 565//566 567//566 570//566
f 567//577 571//577 570//577
f 567//566 568//566 571//566
f 570//584 571//584 572//584
f 375//572 573//572 574//572
f 573//577 575//577 574//577
f 573//580 576//580 575//580
f 574//573 575//573 577//573
f 576//587 578//587 575//587
f 578//570 579//570 575//570
f 578//570 568//570 579//570
f 575//581 579//581 577//581
f 576//572 580//572 578//572
f 580//572 571//572 578//572
f 580//587 572//587 571//587
f 578//573 571//573 568//573
f 577//573 579//573 581//573
f 579//588 569//588 581//588
f 579//588 568//588 569//588
f 581//587 569//587 533//587
f 386//578 582//578 583//578
f 582//578 584//578 583//578
f 582//572 585//572 584//572
f 583//578 584//578 586//578
f 585//572 587//572 584//572
f 587//572 588//572 584//572
f 587//572 589//572 588//572
f 584//578 588//578 586//578
f 585//578 590//578 587//578
f 590//578 591//578 587//578
f 590//579 547//579 591//579
f 587//578 591//578 589//578
f 586//578 588//578 592//578
f 588//578 593//578 592//578
f 588//572 589//572 593//572
f 592//578 593//578 510//578
f 510//578 593//578 594//578
f 593//572 595//572 594//572
f 593//572 589//572 595//572
f 594//572 595//572 596//572
f 589//578 597//578 595//578
f 597//578 598//578 595//578
f 597//572 541//572 598//572
f 595//578 598//578 596//578
f 589//578 591//578 597//578
f 591//572 546//572 597//572
f 591//572 547//572 546//572
f 597//577 546//577 541//577
f 596//580 598//580 599//580
f 598//580 543//580 599//580
f 598//577 541//577 543//577
f 599//578 543//578 544//578
f 488//568 501//568 548//568
f 501//567 600//567 548//567
f 501//571 504//571 600//571
f 548//570 600//570 550//570
f 504//571 601//571 600//571
f 601//567 602//567 600//567
f 601//570 519//570 602//570
f 600//568 602//568 550//568
f 504//571 511//571 601//571
f 511//589 523//589 601//589
f 511//568 513//568 523//568
f 601//578 523//578 519//578
f 550//570 602//570 554//570
f 602//572 521//572 554//572
f 602//571 519//571 521//571
f 554//572 521//572 522//572
f 510//568 594//568 514//568
f 594//570 603//570 514//570
f 594//573 596//573 603//573
f 514//590 603//590 516//590
f 596//581 604//581 603//581
f 604//572 605//572 603//572
f 604//572 553//572 605//572
f 603//580 605//580 516//580
f 596//573 599//573 604//573
f 599//588 556//588 604//588
f 599//588 544//588 556//588
f 604//587 556//587 553//587
f 516//590 605//590 520//590
f 605//570 555//570 520//570
f 605//573 553//573 555//573
f 520//588 555//588 522//588
f 375//579 557//579 573//579
f 557//578 606//578 573//578
f 557//581 559//581 606//581
f 573//578 606//578 576//578
f 559//577 607//577 606//577
f 607//572 608//572 606//572
f 607//581 609//581 608//581
f 606//572 608//572 576//572
f 559//572 562//572 607//572
f 562//578 610//578 607//578
f 562//578 547//578 610//578
f 607//581 610//581 609//581
f 576//572 608//572 580//572
f 608//578 611//578 580//578
f 608//578 609//578 611//578
f 580//578 611//578 572//578
f 375//577 574//577 490//577
f 574//581 612//581 490//581
f 574//581 577//581 612//581
f 490//568 612//568 492//568
f 577//567 613//567 612//567
f 613//590 614//590 612//590
f 613//590 529//590 614//590
f 612//572 614//572 492//572
f 577//568 581//568 613//568
f 581//572 532//572 613//572
f 581//572 533//572 532//572
f 613//566 532//566 529//566
f 492//572 614//572 496//572
f 614//570 530//570 496//570
f 614//570 529//570 530//570
f 496//568 530//568 498//568
f 386//578 563//578 582//578
f 563//572 615//572 582//572
f 563//572 565//572 615//572
f 582//572 615//572 585//572
f 565//578 616//578 615//578
f 616//578 617//578 615//578
f 616//580 609//580 617//580
f 615//578 617//578 585//578
f 565//573 570//573 616//573
f 570//580 611//580 616//580
f 570//579 572//579 611//579
f 616//579 611//579 609//579
f 585//581 617//581 590//581
f 617//580 610//580 590//580
f 617//580 609//580 610//580
f 590//580 610//580 547//580
f 618//591 619//591 620//591
f 619//591 621//591 620//591
f 619//591 622//591 621//591
f 620//592 621//592 623//592
f 622//592 624//592 621//592
f 624//592 625//592 621//592
f 624//592 626//592 625//592
f 621//592 625//592 623//592
f 622//592 627//592 624//592
f 627//591 628//591 624//591
f 627//591 629//591 628//591
f 624//592 628//592 626//592
f 623//592 625//592 630//592
f 625//592 631//592 630//592
f 625//592 626//592 631//592
f 630//592 631//592 632//592
f 629//592 633//592 628//592
f 633//592 634//592 628//592
f 633//592 635//592 634//592
f 628//592 634//592 626//592
f 635//592 636//592 634//592
f 636//592 637//592 634//592
f 636//592 638//592 637//592
f 634//592 637//592 626//592
f 635//592 639//592 636//592
f 639//592 640//592 636//592
f 639//592 641//592 640//592
f 636//592 640//592 638//592
f 626//592 637//592 631//592
f 637//592 642//592 631//592
f 637//592 638//592 642//592
f 631//592 642//592 632//592
f 641//593 643//593 640//593
f 643//593 644//593 640//593
f 643//594 645//594 644//594
f 640//593 644//593 638//593
f 645//595 646//595 644//595
f 646//596 647//596 644//596
f 646//596 648//596 647//596
f 644//597 647//597 638//597
f 645//598 649//598 646//598
f 649//599 650//599 646//599
f 649//600 651//600 650//600
f 646//601 650//601 648//601
f 638//602 647//602 642//602
f 647//603 652//603 642//603
f 647//604 648//604 652//604
f 642//605 652//605 632//605
f 641//606 653//606 643//606
f 653//607 654//607 643//607
f 653//608 655//608 654//608
f 643//609 654//609 645//609
f 655//610 656//610 654//610
f 656//611 657//611 654//611
f 656//612 658//612 657//612
f 654//613 657//613 645//613
f 655//614 659//614 656//614
f 659//615 660//615 656//615
f 659//616 661//616 660//616
f 656//617 660//617 658//617
f 645//618 657//618 649//618
f 657//619 662//619 649//619
f 657//620 658//620 662//620
f 649//621 662//621 651//621
f 663//622 664//622 665//622
f 664//623 666//623 665//623
f 664//624 667//624 666//624
f 665//625 666//625 668//625
f 667//626 669//626 666//626
f 669//627 670//627 666//627
f 669//628 671//628 670//628
f 666//629 670//629 668//629
f 667//630 672//630 669//630
f 672//631 673//631 669//631
f 672//632 661//632 673//632
f 669//633 673//633 671//633
f 668//634 670//634 674//634
f 670//635 675//635 674//635
f 670//636 671//636 675//636
f 674//637 675//637 676//637
f 651//638 677//638 678//638
f 677//639 679//639 678//639
f 677//640 680//640 679//640
f 678//641 679//641 681//641
f 680//642 682//642 679//642
f 682//643 683//643 679//643
f 682//644 684//644 683//644
f 679//645 683//645 681//645
f 680//646 685//646 682//646
f 685//647 686//647 682//647
f 685//648 663//648 686//648
f 682//649 686//649 684//649
f 681//650 683//650 687//650
f 683//651 688//651 687//651
f 683//652 684//652 688//652
f 687//653 688//653 689//653
f 661//654 672//654 660//654
f 672//655 690//655 660//655
f 672//656 667//656 690//656
f 660//657 690//657 658//657
f 667//658 691//658 690//658
f 691//659 692//659 690//659
f 691//660 680//660 692//660
f 690//661 692//661 658//661
f 667//662 664//662 691//662
f 664//663 685//663 691//663
f 664//664 663//664 685//664
f 691//665 685//665 680//665
f 658//666 692//666 662//666
f 692//667 677//667 662//667
f 692//668 680//668 677//668
f 662//669 677//669 651//669
f 676//670 693//670 694//670
f 693//671 695//671 694//671
f 693//671 696//671 695//671
f 694//672 695//672 697//672
f 696//673 698//673 695//673
f 698//670 699//670 695//670
f 698//671 700//671 699//671
f 695//672 699//672 697//672
f 696//674 701//674 698//674
f 701//671 702//671 698//671
f 701//675 703//675 702//675
f 698//671 702//671 700//671
f 697//671 699//671 704//671
f 699//671 705//671 704//671
f 699//675 700//675 705//675
f 704//676 705//676 706//676
f 707//677 708//677 709//677
f 708//678 710//678 709//678
f 708//673 711//673 710//673
f 709//671 710//671 712//671
f 711//671 713//671 710//671
f 713//675 714//675 710//675
f 713//679 700//679 714//679
f 710//675 714//675 712//675
f 711//671 715//671 713//671
f 715//673 705//673 713//673
f 715//678 706//678 705//678
f 713//674 705//674 700//674
f 712//677 714//677 716//677
f 714//678 702//678 716//678
f 714//673 700//673 702//673
f 716//671 702//671 703//671
f 676//673 694//673 674//673
f 694//680 717//680 674//680
f 694//681 697//681 717//681
f 674//682 717//682 668//682
f 697//681 718//681 717//681
f 718//676 719//676 717//676
f 718//678 720//678 719//678
f 717//683 719//683 668//683
f 697//684 704//684 718//684
f 704//684 721//684 718//684
f 704//681 706//681 721//681
f 718//685 721//685 720//685
f 668//686 719//686 665//686
f 719//686 722//686 665//686
f 719//687 720//687 722//687
f 665//688 722//688 663//688
f 723//679 724//679 725//679
f 724//687 726//687 725//687
f 724//680 727//680 726//680
f 725//687 726//687 728//687
f 727//689 729//689 726//689
f 729//679 730//679 726//679
f 729//687 731//687 730//687
f 726//679 730//679 728//679
f 727//690 732//690 729//690
f 732//691 733//691 729//691
f 732//691 734//691 733//691
f 729//692 733//692 731//692
f 728//693 730//693 735//693
f 730//680 736//680 735//680
f 730//687 731//687 736//687
f 735//686 736//686 737//686
f 689//694 688//694 738//694
f 688//695 739//695 738//695
f 688//696 684//696 739//696
f 738//697 739//697 740//697
f 684//698 741//698 739//698
f 741//696 742//696 739//696
f 741//698 743//698 742//698
f 739//698 742//698 740//698
f 684//686 686//686 741//686
f 686//699 744//699 741//699
f 686//691 663//691 744//691
f 741//674 744//674 743//674
f 740//700 742//700 745//700
f 742//700 746//700 745//700
f 742//674 743//674 746//674
f 745//689 746//689 747//689
f 707//701 748//701 708//701
f 748//701 749//701 708//701
f 748//701 750//701 749//701
f 708//674 749//674 711//674
f 750//701 751//701 749//701
f 751//680 752//680 749//680
f 751//674 753//674 752//674
f 749//680 752//680 711//680
f 750//678 754//678 751//678
f 754//678 755//678 751//678
f 754//701 747//701 755//701
f 751//702 755//702 753//702
f 711//701 752//701 715//701
f 752//701 756//701 715//701
f 752//701 753//701 756//701
f 715//701 756//701 706//701
f 663//703 722//703 744//703
f 722//701 757//701 744//701
f 722//704 720//704 757//704
f 744//674 757//674 743//674
f 720//705 758//705 757//705
f 758//706 759//706 757//706
f 758//685 753//685 759//685
f 757//674 759//674 743//674
f 720//707 721//707 758//707
f 721//694 756//694 758//694
f 721//708 706//708 756//708
f 758//701 756//701 753//701
f 743//709 759//709 746//709
f 759//700 755//700 746//700
f 759//710 753//710 755//710
f 746//701 755//701 747//701
f 723//679 760//679 761//679
f 760//679 762//679 761//679
f 760//680 763//680 762//680
f 761//711 762//711 764//711
f 763//680 765//680 762//680
f 765//712 766//712 762//712
f 765//679 767//679 766//679
f 762//713 766//713 764//713
f 763//696 768//696 765//696
f 768//711 769//711 765//711
f 768//714 770//714 769//714
f 765//715 769//715 767//715
f 764//716 766//716 771//716
f 766//698 772//698 771//698
f 766//688 767//688 772//688
f 771//679 772//679 703//679
f 676//717 773//717 693//717
f 773//718 774//718 693//718
f 773//719 775//719 774//719
f 693//720 774//720 696//720
f 775//721 776//721 774//721
f 776//722 777//722 774//722
f 776//723 764//723 777//723
f 774//724 777//724 696//724
f 775//725 778//725 776//725
f 778//726 761//726 776//726
f 778//727 723//727 761//727
f 776//728 761//728 764//728
f 696//729 777//729 701//729
f 777//730 771//730 701//730
f 777//731 764//731 771//731
f 701//726 771//726 703//726
f 723//696 779//696 760//696
f 779//680 780//680 760//680
f 779//732 781//732 780//732
f 760//711 780//711 763//711
f 781//732 782//732 780//732
f 782//733 783//733 780//733
f 782//733 784//733 783//733
f 780//734 783//734 763//734
f 781//680 785//680 782//680
f 785//698 786//698 782//698
f 785//696 787//696 786//696
f 782//734 786//734 784//734
f 763//698 783//698 768//698
f 783//696 788//696 768//696
f 783//696 784//696 788//696
f 768//696 788//696 770//696
f 787//679 789//679 786//679
f 789//686 790//686 786//686
f 789//704 791//704 790//704
f 786//686 790//686 784//686
f 791//735 792//735 790//735
f 792//735 793//735 790//735
f 792//735 794//735 793//735
f 790//679 793//679 784//679
f 791//679 795//679 792//679
f 795//736 796//736 792//736
f 795//732 707//732 796//732
f 792//684 796//684 794//684
f 784//679 793//679 788//679
f 793//737 797//737 788//737
f 793//737 794//737 797//737
f 788//735 797//735 770//735
f 723//706 798//706 779//706
f 798//680 799//680 779//680
f 798//704 800//704 799//704
f 779//738 799//738 781//738
f 800//688 801//688 799//688
f 801//688 802//688 799//688
f 801//680 803//680 802//680
f 799//739 802//739 781//739
f 800//740 804//740 801//740
f 804//740 805//740 801//740
f 804//688 806//688 805//688
f 801//740 805//740 803//740
f 781//680 802//680 785//680
f 802//740 807//740 785//740
f 802//688 803//688 807//688
f 785//740 807//740 787//740
f 734//741 808//741 733//741
f 808//742 809//742 733//742
f 808//678 810//678 809//678
f 733//743 809//743 731//743
f 810//744 811//744 809//744
f 811//745 812//745 809//745
f 811//746 813//746 812//746
f 809//680 812//680 731//680
f 810//747 814//747 811//747
f 814//747 815//747 811//747
f 814//748 806//748 815//748
f 811//741 815//741 813//741
f 731//678 812//678 736//678
f 812//678 816//678 736//678
f 812//749 813//749 816//749
f 736//750 816//750 737//750
f 734//684 817//684 808//684
f 817//735 818//735 808//735
f 817//680 819//680 818//680
f 808//684 818//684 810//684
f 819//688 820//688 818//688
f 820//688 821//688 818//688
f 820//676 803//676 821//676
f 818//684 821//684 810//684
f 819//684 822//684 820//684
f 822//684 807//684 820//684
f 822//684 787//684 807//684
f 820//676 807//676 803//676
f 810//680 821//680 814//680
f 821//735 805//735 814//735
f 821//684 803//684 805//684
f 814//679 805//679 806//679
f 689//679 823//679 824//679
f 823//680 825//680 824//680
f 823//711 826//711 825//711
f 824//680 825//680 827//680
f 826//680 828//680 825//680
f 828//688 829//688 825//688
f 828//680 819//680 829//680
f 825//679 829//679 827//679
f 826//679 830//679 828//679
f 830//679 822//679 828//679
f 830//679 787//679 822//679
f 828//679 822//679 819//679
f 827//679 829//679 831//679
f 829//679 817//679 831//679
f 829//688 819//688 817//688
f 831//679 817//679 734//679
f 723//686 725//686 798//686
f 725//738 832//738 798//738
f 725//738 728//738 832//738
f 798//700 832//700 800//700
f 728//686 833//686 832//686
f 833//686 834//686 832//686
f 833//738 813//738 834//738
f 832//751 834//751 800//751
f 728//712 735//712 833//712
f 735//734 816//734 833//734
f 735//695 737//695 816//695
f 833//738 816//738 813//738
f 800//751 834//751 804//751
f 834//700 815//700 804//700
f 834//687 813//687 815//687
f 804//738 815//738 806//738
f 689//688 835//688 823//688
f 835//752 836//752 823//752
f 835//706 837//706 836//706
f 823//735 836//735 826//735
f 837//673 838//673 836//673
f 838//688 839//688 836//688
f 838//739 791//739 839//739
f 836//753 839//753 826//753
f 837//673 840//673 838//673
f 840//735 795//735 838//735
f 840//680 707//680 795//680
f 838//739 795//739 791//739
f 826//732 839//732 830//732
f 839//673 789//673 830//673
f 839//711 791//711 789//711
f 830//688 789//688 787//688
f 689//754 738//754 835//754
f 738//754 841//754 835//754
f 738//755 740//755 841//755
f 835//756 841//756 837//756
f 740//757 842//757 841//757
f 842//758 843//758 841//758
f 842//689 750//689 843//689
f 841//756 843//756 837//756
f 740//757 745//757 842//757
f 745//759 754//759 842//759
f 745//759 747//759 754//759
f 842//689 754//689 750//689
f 837//754 843//754 840//754
f 843//738 748//738 840//738
f 843//755 750//755 748//755
f 840//680 748//680 707//680
f 770//674 797//674 769//674
f 797//679 844//679 769//679
f 797//679 794//679 844//679
f 769//671 844//671 767//671
f 794//674 845//674 844//674
f 845//704 846//704 844//704
f 845//752 712//752 846//752
f 844//675 846//675 767//675
f 794//674 796//674 845//674
f 796//679 709//679 845//679
f 796//679 707//679 709//679
f 845//675 709//675 712//675
f 767//679 846//679 772//679
f 846//674 716//674 772//674
f 846//674 712//674 716//674
f 772//680 716//680 703//680
f 510//591 847//591 848//591
f 847//591 849//591 848//591
f 847//592 850//592 849//592
f 848//592 849//592 851//592
f 850//760 852//760 849//760
f 852//592 853//592 849//592
f 852//760 854//760 853//760
f 849//592 853//592 851//592
f 850//761 855//761 852//761
f 855//591 856//591 852//591
f 855//592 857//592 856//592
f 852//592 856//592 854//592
f 851//592 853//592 858//592
f 853//592 859//592 858//592
f 853//591 854//591 859//591
f 858//592 859//592 404//592
f 860//762 861//762 862//762
f 861//591 863//591 862//591
f 861//591 864//591 863//591
f 862//591 863//591 865//591
f 864//762 866//762 863//762
f 866//762 867//762 863//762
f 866//591 850//591 867//591
f 863//762 867//762 865//762
f 864//763 868//763 866//763
f 868//764 855//764 866//764
f 868//764 857//764 855//764
f 866//761 855//761 850//761
f 865//591 867//591 869//591
f 867//592 847//592 869//592
f 867//592 850//592 847//592
f 869//762 847//762 510//762
f 510//592 848//592 592//592
f 848//592 870//592 592//592
f 848//592 851//592 870//592
f 592//592 870//592 586//592
f 851//592 871//592 870//592
f 871//592 872//592 870//592
f 871//765 455//765 872//765
f 870//592 872//592 586//592
f 851//592 858//592 871//592
f 858//592 453//592 871//592
f 858//592 404//592 453//592
f 871//592 453//592 455//592
f 586//592 872//592 583//592
f 872//592 460//592 583//592
f 872//765 455//765 460//765
f 583//592 460//592 386//592
f 404//766 859//766 873//766
f 859//767 874//767 873//767
f 859//768 854//768 874//768
f 873//769 874//769 875//769
f 854//592 876//592 874//592
f 876//770 877//770 874//770
f 876//771 878//771 877//771
f 874//772 877//772 875//772
f 854//592 856//592 876//592
f 856//773 879//773 876//773
f 856//774 857//774 879//774
f 876//775 879//775 878//775
f 875//767 877//767 880//767
f 877//766 881//766 880//766
f 877//776 878//776 881//776
f 880//772 881//772 882//772
f 77//777 307//777 883//777
f 307//778 884//778 883//778
f 307//779 303//779 884//779
f 883//780 884//780 885//780
f 303//781 886//781 884//781
f 886//782 887//782 884//782
f 886//783 888//783 887//783
f 884//784 887//784 885//784
f 303//777 305//777 886//777
f 305//785 889//785 886//785
f 305//786 306//786 889//786
f 886//787 889//787 888//787
f 885//782 887//782 890//782
f 887//787 891//787 890//787
f 887//780 888//780 891//780
f 890//787 891//787 892//787
f 893//788 894//788 895//788
f 894//788 896//788 895//788
f 894//789 897//789 896//789
f 895//790 896//790 898//790
f 897//790 899//790 896//790
f 899//790 900//790 896//790
f 899//789 901//789 900//789
f 896//790 900//790 898//790
f 897//790 902//790 899//790
f 902//789 903//789 899//789
f 902//789 892//789 903//789
f 899//789 903//789 901//789
f 898//790 900//790 904//790
f 900//789 905//789 904//789
f 900//789 901//789 905//789
f 904//791 905//791 906//791
f 907//792 908//792 909//792
f 908//793 910//793 909//793
f 908//793 911//793 910//793
f 909//793 910//793 912//793
f 911//790 913//790 910//790
f 913//790 914//790 910//790
f 913//793 915//793 914//793
f 910//790 914//790 912//790
f 911//790 916//790 913//790
f 916//793 917//793 913//793
f 916//793 918//793 917//793
f 913//793 917//793 915//793
f 912//792 914//792 919//792
f 914//793 920//793 919//793
f 914//793 915//793 920//793
f 919//793 920//793 921//793
f 907//790 909//790 922//790
f 909//793 923//793 922//793
f 909//793 912//793 923//793
f 922//793 923//793 924//793
f 912//790 925//790 923//790
f 925//790 926//790 923//790
f 925//793 927//793 926//793
f 923//790 926//790 924//790
f 912//790 919//790 925//790
f 919//793 928//793 925//793
f 919//793 921//793 928//793
f 925//793 928//793 927//793
f 924//790 926//790 929//790
f 926//793 930//793 929//793
f 926//793 927//793 930//793
f 929//793 930//793 931//793
f 317//793 932//793 933//793
f 932//793 934//793 933//793
f 932//793 935//793 934//793
f 933//793 934//793 936//793
f 935//793 937//793 934//793
f 937//793 938//793 934//793
f 937//793 939//793 938//793
f 934//793 938//793 936//793
f 935//793 940//793 937//793
f 940//793 941//793 937//793
f 940//793 931//793 941//793
f 937//793 941//793 939//793
f 936//793 938//793 942//793
f 938//794 943//794 942//794
f 938//795 939//795 943//795
f 942//796 943//796 906//796
f 77//797 883//797 944//797
f 883//797 945//797 944//797
f 883//798 885//798 945//798
f 944//797 945//797 946//797
f 885//787 947//787 945//787
f 947//787 948//787 945//787
f 947//798 897//798 948//798
f 945//797 948//797 946//797
f 885//784 890//784 947//784
f 890//797 902//797 947//797
f 890//787 892//787 902//787
f 947//797 902//797 897//797
f 946//797 948//797 949//797
f 948//797 894//797 949//797
f 948//798 897//798 894//798
f 949//797 894//797 893//797
f 882//792 950//792 951//792
f 950//792 952//792 951//792
f 950//793 953//793 952//793
f 951//790 952//790 954//790
f 953//799 955//799 952//799
f 955//792 956//792 952//792
f 955//792 911//792 956//792
f 952//792 956//792 954//792
f 953//799 957//799 955//799
f 957//800 916//800 955//800
f 957//793 918//793 916//793
f 955//790 916//790 911//790
f 954//793 956//793 958//793
f 956//793 908//793 958//793
f 956//793 911//793 908//793
f 958//790 908//790 907//790
f 893//792 959//792 960//792
f 959//801 961//801 960//801
f 959//801 962//801 961//801
f 960//801 961//801 963//801
f 962//792 964//792 961//792
f 964//792 965//792 961//792
f 964//792 927//792 965//792
f 961//792 965//792 963//792
f 962//792 966//792 964//792
f 966//792 930//792 964//792
f 966//792 931//792 930//792
f 964//792 930//792 927//792
f 963//792 965//792 967//792
f 965//792 928//792 967//792
f 965//792 927//792 928//792
f 967//792 928//792 921//792
f 857//793 968//793 969//793
f 968//801 970//801 969//801
f 968//793 971//793 970//793
f 969//792 970//792 972//792
f 971//790 973//790 970//790
f 973//790 974//790 970//790
f 973//793 915//793 974//793
f 970//802 974//802 972//802
f 971//790 975//790 973//790
f 975//793 920//793 973//793
f 975//793 921//793 920//793
f 973//793 920//793 915//793
f 972//790 974//790 976//790
f 974//793 917//793 976//793
f 974//793 915//793 917//793
f 976//793 917//793 918//793
f 317//793 977//793 932//793
f 977//793 978//793 932//793
f 977//790 979//790 978//790
f 932//793 978//793 935//793
f 979//790 980//790 978//790
f 980//792 981//792 978//792
f 980//792 924//792 981//792
f 978//793 981//793 935//793
f 979//793 982//793 980//793
f 982//793 922//793 980//793
f 982//790 907//790 922//790
f 980//801 922//801 924//801
f 935//793 981//793 940//793
f 981//793 929//793 940//793
f 981//790 924//790 929//790
f 940//793 929//793 931//793
f 857//793 969//793 879//793
f 969//792 983//792 879//792
f 969//792 972//792 983//792
f 879//792 983//792 878//792
f 972//790 984//790 983//790
f 984//792 985//792 983//792
f 984//793 953//793 985//793
f 983//800 985//800 878//800
f 972//790 976//790 984//790
f 976//793 957//793 984//793
f 976//793 918//793 957//793
f 984//793 957//793 953//793
f 878//793 985//793 881//793
f 985//793 950//793 881//793
f 985//793 953//793 950//793
f 881//793 950//793 882//793
f 317//793 986//793 315//793
f 986//803 987//803 315//803
f 986//804 988//804 987//804
f 315//802 987//802 310//802
f 988//805 989//805 987//805
f 989//806 990//806 987//806
f 989//807 888//807 990//807
f 987//806 990//806 310//806
f 988//808 991//808 989//808
f 991//809 891//809 989//809
f 991//810 892//810 891//810
f 989//811 891//811 888//811
f 310//812 990//812 308//812
f 990//777 889//777 308//777
f 990//813 888//813 889//813
f 308//814 889//814 306//814
f 893//815 895//815 959//815
f 895//815 992//815 959//815
f 895//790 898//790 992//790
f 959//789 992//789 962//789
f 898//790 993//790 992//790
f 993//790 994//790 992//790
f 993//790 939//790 994//790
f 992//790 994//790 962//790
f 898//790 904//790 993//790
f 904//789 943//789 993//789
f 904//789 906//789 943//789
f 993//815 943//815 939//815
f 962//790 994//790 966//790
f 994//790 941//790 966//790
f 994//790 939//790 941//790
f 966//790 941//790 931//790
f 317//793 933//793 986//793
f 933//793 995//793 986//793
f 933//793 936//793 995//793
f 986//793 995//793 988//793
f 936//793 996//793 995//793
f 996//793 997//793 995//793
f 996//816 901//816 997//816
f 995//793 997//793 988//793
f 936//793 942//793 996//793
f 942//816 905//816 996//816
f 942//816 906//816 905//816
f 996//816 905//816 901//816
f 988//793 997//793 991//793
f 997//816 903//816 991//816
f 997//816 901//816 903//816
f 991//816 903//816 892//816
f 998//817 999//817 1000//817
f 999//817 1001//817 1000//817
f 999//817 1002//817 1001//817
f 1000//817 1001//817 1003//817
f 1002//817 1004//817 1001//817
f 1004//817 1005//817 1001//817
f 1004//817 1006//817 1005//817
f 1001//817 1005//817 1003//817
f 1002//817 1007//817 1004//817
f 1007//817 1008//817 1004//817
f 1007//817 1009//817 1008//817
f 1004//817 1008//817 1006//817
f 1003//817 1005//817 1010//817
f 1005//817 1011//817 1010//817
f 1005//817 1006//817 1011//817
f 1010//817 1011//817 1012//817
f 1009//817 1013//817 1008//817
f 1013//817 1014//817 1008//817
f 1013//817 1015//817 1014//817
f 1008//817 1014//817 1006//817
f 1015//817 1016//817 1014//817
f 1016//817 1017//817 1014//817
f 1016//817 1018//817 1017//817
f 1014//817 1017//817 1006//817
f 1015//817 1019//817 1016//817
f 1019//817 1020//817 1016//817
f 1019//817 1021//817 1020//817
f 1016//817 1020//817 1018//817
f 1006//817 1017//817 1011//817
f 1017//817 1022//817 1011//817
f 1017//817 1018//817 1022//817
f 1011//817 1022//817 1012//817
f 998//818 1023//818 999//818
f 1023//818 1024//818 999//818
f 1023//819 1025//819 1024//819
f 999//818 1024//818 1002//818
f 1025//819 1026//819 1024//819
f 1026//819 1027//819 1024//819
f 1026//820 1028//820 1027//820
f 1024//818 1027//818 1002//818
f 1025//821 1029//821 1026//821
f 1029//822 1030//822 1026//822
f 1029//823 1031//823 1030//823
f 1026//822 1030//822 1028//822
f 1002//818 1027//818 1007//818
f 1027//818 1032//818 1007//818
f 1027//824 1028//824 1032//824
f 1007//818 1032//818 1009//818
f 998//825 1033//825 1023//825
f 1033//826 1034//826 1023//826
f 1033//827 1035//827 1034//827
f 1023//828 1034//828 1025//828
f 1035//829 1036//829 1034//829
f 1036//830 1037//830 1034//830
f 1036//831 1038//831 1037//831
f 1034//832 1037//832 1025//832
f 1035//833 1039//833 1036//833
f 1039//834 1040//834 1036//834
f 1039//835 1041//835 1040//835
f 1036//836 1040//836 1038//836
f 1025//837 1037//837 1029//837
f 1037//838 1042//838 1029//838
f 1037//839 1038//839 1042//839
f 1029//840 1042//840 1031//840
f 1043//841 1044//841 1045//841
f 1044//842 1046//842 1045//842
f 1044//843 1047//843 1046//843
f 1045//844 1046//844 1048//844
f 1047//845 1049//845 1046//845
f 1049//846 1050//846 1046//846
f 1049//847 1051//847 1050//847
f 1046//848 1050//848 1048//848
f 1047//849 1052//849 1049//849
f 1052//850 1053//850 1049//850
f 1052//851 1041//851 1053//851
f 1049//852 1053//852 1051//852
f 1048//853 1050//853 1054//853
f 1050//854 1055//854 1054//854
f 1050//855 1051//855 1055//855
f 1054//856 1055//856 1056//856
f 1031//857 1057//857 1058//857
f 1057//858 1059//858 1058//858
f 1057//859 1060//859 1059//859
f 1058//860 1059//860 1061//860
f 1060//861 1062//861 1059//861
f 1062//862 1063//862 1059//862
f 1062//863 1064//863 1063//863
f 1059//864 1063//864 1061//864
f 1060//865 1065//865 1062//865
f 1065//866 1066//866 1062//866
f 1065//867 1043//867 1066//867
f 1062//868 1066//868 1064//868
f 1061//869 1063//869 1067//869
f 1063//870 1068//870 1067//870
f 1063//871 1064//871 1068//871
f 1067//872 1068//872 1069//872
f 1041//873 1052//873 1040//873
f 1052//874 1070//874 1040//874
f 1052//875 1047//875 1070//875
f 1040//876 1070//876 1038//876
f 1047//877 1071//877 1070//877
f 1071//878 1072//878 1070//878
f 1071//879 1060//879 1072//879
f 1070//880 1072//880 1038//880
f 1047//881 1044//881 1071//881
f 1044//882 1065//882 1071//882
f 1044//883 1043//883 1065//883
f 1071//884 1065//884 1060//884
f 1038//885 1072//885 1042//885
f 1072//886 1057//886 1042//886
f 1072//887 1060//887 1057//887
f 1042//888 1057//888 1031//888
f 1056//889 1073//889 1054//889
f 1073//889 1074//889 1054//889
f 1073//889 1075//889 1074//889
f 1054//889 1074//889 1048//889
f 1075//890 1076//890 1074//890
f 1076//890 1077//890 1074//890
f 1076//890 1078//890 1077//890
f 1074//890 1077//890 1048//890
f 1075//891 1079//891 1076//891
f 1079//892 1080//892 1076//892
f 1079//892 1081//892 1080//892
f 1076//893 1080//893 1078//893
f 1048//890 1077//890 1045//890
f 1077//890 1082//890 1045//890
f 1077//894 1078//894 1082//894
f 1045//895 1082//895 1043//895
f 1069//896 1068//896 1083//896
f 1068//897 1084//897 1083//897
f 1068//889 1064//889 1084//889
f 1083//890 1084//890 1085//890
f 1064//889 1086//889 1084//889
f 1086//889 1087//889 1084//889
f 1086//890 1088//890 1087//890
f 1084//889 1087//889 1085//889
f 1064//889 1066//889 1086//889
f 1066//889 1089//889 1086//889
f 1066//898 1043//898 1089//898
f 1086//899 1089//899 1088//899
f 1085//900 1087//900 1090//900
f 1087//900 1091//900 1090//900
f 1087//900 1088//900 1091//900
f 1090//900 1091//900 1092//900
f 1043//900 1082//900 1089//900
f 1082//893 1093//893 1089//893
f 1082//890 1078//890 1093//890
f 1089//900 1093//900 1088//900
f 1078//900 1094//900 1093//900
f 1094//893 1095//893 1093//893
f 1094//901 1096//901 1095//901
f 1093//900 1095//900 1088//900
f 1078//893 1080//893 1094//893
f 1080//902 1097//902 1094//902
f 1080//902 1081//902 1097//902
f 1094//903 1097//903 1096//903
f 1088//900 1095//900 1091//900
f 1095//900 1098//900 1091//900
f 1095//904 1096//904 1098//904
f 1091//900 1098//900 1092//900
f 1099//889 1100//889 1101//889
f 1100//889 1102//889 1101//889
f 1100//900 1103//900 1102//900
f 1101//900 1102//900 1104//900
f 1103//900 1105//900 1102//900
f 1105//889 1106//889 1102//889
f 1105//889 1107//889 1106//889
f 1102//900 1106//900 1104//900
f 1103//900 1108//900 1105//900
f 1108//900 1109//900 1105//900
f 1108//900 1110//900 1109//900
f 1105//889 1109//889 1107//889
f 1104//905 1106//905 1111//905
f 1106//906 1112//906 1111//906
f 1106//906 1107//906 1112//906
f 1111//900 1112//900 1113//900
f 1114//900 1115//900 1116//900
f 1115//907 1117//907 1116//907
f 1115//908 1118//908 1117//908
f 1116//909 1117//909 1119//909
f 1118//900 1120//900 1117//900
f 1120//900 1121//900 1117//900
f 1120//900 1096//900 1121//900
f 1117//909 1121//909 1119//909
f 1118//900 1122//900 1120//900
f 1122//907 1098//907 1120//907
f 1122//908 1092//908 1098//908
f 1120//909 1098//909 1096//909
f 1119//907 1121//907 1123//907
f 1121//910 1097//910 1123//910
f 1121//900 1096//900 1097//900
f 1123//900 1097//900 1081//900
f 1099//911 1124//911 1125//911
f 1124//889 1126//889 1125//889
f 1124//889 1127//889 1126//889
f 1125//889 1126//889 1128//889
f 1127//889 1129//889 1126//889
f 1129//889 1130//889 1126//889
f 1129//889 1131//889 1130//889
f 1126//889 1130//889 1128//889
f 1127//889 1132//889 1129//889
f 1132//889 1133//889 1129//889
f 1132//889 1134//889 1133//889
f 1129//889 1133//889 1131//889
f 1128//889 1130//889 1135//889
f 1130//889 1136//889 1135//889
f 1130//911 1131//911 1136//911
f 1135//889 1136//889 1137//889
f 1069//912 1083//912 1138//912
f 1083//912 1139//912 1138//912
f 1083//896 1085//896 1139//896
f 1138//900 1139//900 1140//900
f 1085//907 1141//907 1139//907
f 1141//900 1142//900 1139//900
f 1141//900 1118//900 1142//900
f 1139//900 1142//900 1140//900
f 1085//907 1090//907 1141//907
f 1090//896 1122//896 1141//896
f 1090//913 1092//913 1122//913
f 1141//914 1122//914 1118//914
f 1140//907 1142//907 1143//907
f 1142//896 1115//896 1143//896
f 1142//912 1118//912 1115//912
f 1143//914 1115//914 1114//914
f 1099//896 1101//896 1124//896
f 1101//896 1144//896 1124//896
f 1101//896 1104//896 1144//896
f 1124//896 1144//896 1127//896
f 1104//896 1145//896 1144//896
f 1145//897 1146//897 1144//897
f 1145//896 1147//896 1146//896
f 1144//896 1146//896 1127//896
f 1104//915 1111//915 1145//915
f 1111//916 1148//916 1145//916
f 1111//914 1113//914 1148//914
f 1145//896 1148//896 1147//896
f 1127//896 1146//896 1132//896
f 1146//896 1149//896 1132//896
f 1146//896 1147//896 1149//896
f 1132//896 1149//896 1134//896
f 1069//917 1138//917 1150//917
f 1138//918 1151//918 1150//918
f 1138//918 1140//918 1151//918
f 1150//919 1151//919 1152//919
f 1140//917 1153//917 1151//917
f 1153//920 1154//920 1151//920
f 1153//917 1155//917 1154//917
f 1151//919 1154//919 1152//919
f 1140//898 1143//898 1153//898
f 1143//898 1156//898 1153//898
f 1143//921 1114//921 1156//921
f 1153//898 1156//898 1155//898
f 1152//919 1154//919 1157//919
f 1154//921 1158//921 1157//921
f 1154//898 1155//898 1158//898
f 1157//921 1158//921 1137//921
f 1137//922 1158//922 1159//922
f 1158//920 1160//920 1159//920
f 1158//917 1155//917 1160//917
f 1159//923 1160//923 1161//923
f 1155//924 1162//924 1160//924
f 1162//924 1163//924 1160//924
f 1162//920 1164//920 1163//920
f 1160//923 1163//923 1161//923
f 1155//925 1156//925 1162//925
f 1156//923 1165//923 1162//923
f 1156//924 1114//924 1165//924
f 1162//898 1165//898 1164//898
f 1161//923 1163//923 1166//923
f 1163//923 1167//923 1166//923
f 1163//918 1164//918 1167//918
f 1166//920 1167//920 1168//920
f 1110//922 1169//922 1109//922
f 1169//924 1170//924 1109//924
f 1169//922 1171//922 1170//922
f 1109//924 1170//924 1107//924
f 1171//926 1172//926 1170//926
f 1172//926 1173//926 1170//926
f 1172//924 1147//924 1173//924
f 1170//926 1173//926 1107//926
f 1171//922 1174//922 1172//922
f 1174//926 1149//926 1172//926
f 1174//926 1134//926 1149//926
f 1172//926 1149//926 1147//926
f 1107//927 1173//927 1112//927
f 1173//928 1148//928 1112//928
f 1173//926 1147//926 1148//926
f 1112//928 1148//928 1113//928
f 1056//898 1175//898 1073//898
f 1175//889 1176//889 1073//889
f 1175//889 1177//889 1176//889
f 1073//889 1176//889 1075//889
f 1177//929 1178//929 1176//929
f 1178//925 1179//925 1176//925
f 1178//898 1180//898 1179//898
f 1176//925 1179//925 1075//925
f 1177//925 1181//925 1178//925
f 1181//898 1182//898 1178//898
f 1181//898 1168//898 1182//898
f 1178//898 1182//898 1180//898
f 1075//925 1179//925 1079//925
f 1179//889 1183//889 1079//889
f 1179//889 1180//889 1183//889
f 1079//889 1183//889 1081//889
f 1110//889 1184//889 1169//889
f 1184//889 1185//889 1169//889
f 1184//890 1186//890 1185//890
f 1169//894 1185//894 1171//894
f 1186//894 1187//894 1185//894
f 1187//890 1188//890 1185//890
f 1187//890 1131//890 1188//890
f 1185//890 1188//890 1171//890
f 1186//894 1189//894 1187//894
f 1189//890 1136//890 1187//890
f 1189//890 1137//890 1136//890
f 1187//890 1136//890 1131//890
f 1171//890 1188//890 1174//890
f 1188//890 1133//890 1174//890
f 1188//890 1131//890 1133//890
f 1174//890 1133//890 1134//890
f 1069//889 1150//889 1190//889
f 1150//889 1191//889 1190//889
f 1150//889 1152//889 1191//889
f 1190//889 1191//889 1192//889
f 1152//889 1193//889 1191//889
f 1193//889 1194//889 1191//889
f 1193//889 1186//889 1194//889
f 1191//889 1194//889 1192//889
f 1152//889 1157//889 1193//889
f 1157//889 1189//889 1193//889
f 1157//889 1137//889 1189//889
f 1193//889 1189//889 1186//889
f 1192//889 1194//889 1195//889
f 1194//889 1184//889 1195//889
f 1194//889 1186//889 1184//889
f 1195//889 1184//889 1110//889
f 1056//898 1196//898 1175//898
f 1196//898 1197//898 1175//898
f 1196//898 1198//898 1197//898
f 1175//898 1197//898 1177//898
f 1198//898 1199//898 1197//898
f 1199//898 1200//898 1197//898
f 1199//898 1201//898 1200//898
f 1197//898 1200//898 1177//898
f 1198//898 1202//898 1199//898
f 1202//898 1203//898 1199//898
f 1202//898 1099//898 1203//898
f 1199//898 1203//898 1201//898
f 1177//930 1200//930 1181//930
f 1200//930 1204//930 1181//930
f 1200//930 1201//930 1204//930
f 1181//898 1204//898 1168//898
f 1099//894 1125//894 1203//894
f 1125//894 1205//894 1203//894
f 1125//894 1128//894 1205//894
f 1203//894 1205//894 1201//894
f 1128//894 1206//894 1205//894
f 1206//894 1207//894 1205//894
f 1206//894 1161//894 1207//894
f 1205//894 1207//894 1201//894
f 1128//894 1135//894 1206//894
f 1135//894 1159//894 1206//894
f 1135//890 1137//890 1159//890
f 1206//894 1159//894 1161//894
f 1201//899 1207//899 1204//899
f 1207//931 1166//931 1204//931
f 1207//894 1161//894 1166//894
f 1204//920 1166//920 1168//920
f 1168//917 1167//917 1182//917
f 1167//917 1208//917 1182//917
f 1167//925 1164//925 1208//925
f 1182//917 1208//917 1180//917
f 1164//925 1209//925 1208//925
f 1209//925 1210//925 1208//925
f 1209//925 1119//925 1210//925
f 1208//898 1210//898 1180//898
f 1164//898 1165//898 1209//898
f 1165//898 1116//898 1209//898
f 1165//917 1114//917 1116//917
f 1209//917 1116//917 1119//917
f 1180//898 1210//898 1183//898
f 1210//917 1123//917 1183//917
f 1210//925 1119//925 1123//925
f 1183//898 1123//898 1081//898
f 1099//932 1211//932 1100//932
f 1211//932 1212//932 1100//932
f 1211//932 1213//932 1212//932
f 1100//932 1212//932 1103//932
f 1213//932 1214//932 1212//932
f 1214//932 1215//932 1212//932
f 1214//932 1216//932 1215//932
f 1212//932 1215//932 1103//932
f 1213//932 1217//932 1214//932
f 1217//932 1218//932 1214//932
f 1217//932 1219//932 1218//932
f 1214//932 1218//932 1216//932
f 1103//932 1215//932 1108//932
f 1215//932 1220//932 1108//932
f 1215//932 1216//932 1220//932
f 1108//932 1220//932 1110//932
f 1099//932 1221//932 1211//932
f 1221//932 1222//932 1211//932
f 1221//932 1223//932 1222//932
f 1211//932 1222//932 1213//932
f 1223//932 1224//932 1222//932
f 1224//932 1225//932 1222//932
f 1224//932 1226//932 1225//932
f 1222//932 1225//932 1213//932
f 1223//932 1227//932 1224//932
f 1227//932 1228//932 1224//932
f 1227//932 1229//932 1228//932
f 1224//932 1228//932 1226//932
f 1213//932 1225//932 1217//932
f 1225//932 1230//932 1217//932
f 1225//932 1226//932 1230//932
f 1217//932 1230//932 1219//932
f 1231//932 1232//932 1233//932
f 1232//932 1234//932 1233//932
f 1232//932 1235//932 1234//932
f 1233//932 1234//932 1236//932
f 1235//932 1237//932 1234//932
f 1237//932 1238//932 1234//932
f 1237//932 1226//932 1238//932
f 1234//932 1238//932 1236//932
f 1235//932 1239//932 1237//932
f 1239//932 1230//932 1237//932
f 1239//932 1219//932 1230//932
f 1237//932 1230//932 1226//932
f 1236//932 1238//932 1240//932
f 1238//932 1228//932 1240//932
f 1238//932 1226//932 1228//932
f 1240//932 1228//932 1229//932
f 1110//932 1220//932 1241//932
f 1220//932 1242//932 1241//932
f 1220//932 1216//932 1242//932
f 1241//932 1242//932 1243//932
f 1216//932 1244//932 1242//932
f 1244//932 1245//932 1242//932
f 1244//932 1235//932 1245//932
f 1242//932 1245//932 1243//932
f 1216//932 1218//932 1244//932
f 1218//932 1239//932 1244//932
f 1218//932 1219//932 1239//932
f 1244//932 1239//932 1235//932
f 1243//932 1245//932 1246//932
f 1245//932 1232//932 1246//932
f 1245//932 1235//932 1232//932
f 1246//932 1232//932 1231//932
f 1247//933 1248//933 1249//933
f 1248//933 1250//933 1249//933
f 1248//934 1251//934 1250//934
f 1249//933 1250//933 1252//933
f 1251//935 1253//935 1250//935
f 1253//936 1254//936 1250//936
f 1253//937 1255//937 1254//937
f 1250//938 1254//938 1252//938
f 1251//939 1256//939 1253//939
f 1256//933 1257//933 1253//933
f 1256//937 1258//937 1257//937
f 1253//933 1257//933 1255//933
f 1252//937 1254//937 1259//937
f 1254//935 1260//935 1259//935
f 1254//939 1255//939 1260//939
f 1259//935 1260//935 1261//935
f 1258//940 1262//940 1257//940
f 1262//938 1263//938 1257//938
f 1262//933 1264//933 1263//933
f 1257//938 1263//938 1255//938
f 1264//933 1265//933 1263//933
f 1265//941 1266//941 1263//941
f 1265//940 1267//940 1266//940
f 1263//941 1266//941 1255//941
f 1264//933 1268//933 1265//933
f 1268//933 1269//933 1265//933
f 1268//933 1270//933 1269//933
f 1265//942 1269//942 1267//942
f 1255//933 1266//933 1260//933
f 1266//933 1271//933 1260//933
f 1266//933 1267//933 1271//933
f 1260//940 1271//940 1261//940
f 1272//942 1273//942 1274//942
f 1273//943 1275//943 1274//943
f 1273//944 1276//944 1275//944
f 1274//941 1275//941 1277//941
f 1276//944 1278//944 1275//944
f 1278//942 1279//942 1275//942
f 1278//943 1267//943 1279//943
f 1275//942 1279//942 1277//942
f 1276//945 1280//945 1278//945
f 1280//946 1271//946 1278//946
f 1280//942 1261//942 1271//942
f 1278//944 1271//944 1267//944
f 1277//942 1279//942 1281//942
f 1279//943 1269//943 1281//943
f 1279//943 1267//943 1269//943
f 1281//934 1269//934 1270//934
f 1272//937 1282//937 1273//937
f 1282//934 1283//934 1273//934
f 1282//937 1284//937 1283//937
f 1273//947 1283//947 1276//947
f 1284//934 1285//934 1283//934
f 1285//934 1286//934 1283//934
f 1285//934 1252//934 1286//934
f 1283//934 1286//934 1276//934
f 1284//934 1287//934 1285//934
f 1287//934 1249//934 1285//934
f 1287//934 1247//934 1249//934
f 1285//934 1249//934 1252//934
f 1276//934 1286//934 1280//934
f 1286//934 1259//934 1280//934
f 1286//934 1252//934 1259//934
f 1280//935 1259//935 1261//935
f 1288//948 1289//948 1290//948
f 1289//949 1291//949 1290//949
f 1289//950 1292//950 1291//950
f 1290//951 1291//951 1293//951
f 1292//952 1294//952 1291//952
f 1294//953 1295//953 1291//953
f 1294//954 1296//954 1295//954
f 1291//955 1295//955 1293//955
f 1292//956 1297//956 1294//956
f 1297//953 1298//953 1294//953
f 1297//955 1299//955 1298//955
f 1294//957 1298//957 1296//957
f 1293//958 1295//958 1300//958
f 1295//958 1301//958 1300//958
f 1295//959 1296//959 1301//959
f 1300//960 1301//960 1302//960
f 1288//961 1303//961 1304//961
f 1303//962 1305//962 1304//962
f 1303//963 1306//963 1305//963
f 1304//964 1305//964 1307//964
f 1306//965 1308//965 1305//965
f 1308//965 1309//965 1305//965
f 1308//966 1310//966 1309//966
f 1305//967 1309//967 1307//967
f 1306//967 1311//967 1308//967
f 1311//968 1312//968 1308//968
f 1311//958 1313//958 1312//958
f 1308//969 1312//969 1310//969
f 1307//970 1309//970 1314//970
f 1309//971 1315//971 1314//971
f 1309//964 1310//964 1315//964
f 1314//972 1315//972 1316//972
f 1288//973 1290//973 1303//973
f 1290//974 1317//974 1303//974
f 1290//975 1293//975 1317//975
f 1303//952 1317//952 1306//952
f 1293//975 1318//975 1317//975
f 1318//975 1319//975 1317//975
f 1318//975 1320//975 1319//975
f 1317//975 1319//975 1306//975
f 1293//975 1300//975 1318//975
f 1300//976 1321//976 1318//976
f 1300//977 1302//977 1321//977
f 1318//974 1321//974 1320//974
f 1306//975 1319//975 1311//975
f 1319//975 1322//975 1311//975
f 1319//975 1320//975 1322//975
f 1311//975 1322//975 1313//975
f 1258//978 1323//978 1262//978
f 1323//978 1324//978 1262//978
f 1323//960 1325//960 1324//960
f 1262//975 1324//975 1264//975
f 1325//960 1326//960 1324//960
f 1326//953 1327//953 1324//953
f 1326//975 1328//975 1327//975
f 1324//955 1327//955 1264//955
f 1325//958 1329//958 1326//958
f 1329//958 1330//958 1326//958
f 1329//960 1331//960 1330//960
f 1326//979 1330//979 1328//979
f 1264//960 1327//960 1268//960
f 1327//960 1332//960 1268//960
f 1327//978 1328//978 1332//978
f 1268//960 1332//960 1270//960
f 1333//974 1334//974 1335//974
f 1334//980 1336//980 1335//980
f 1334//981 1337//981 1336//981
f 1335//982 1336//982 1338//982
f 1337//983 1339//983 1336//983
f 1339//955 1340//955 1336//955
f 1339//955 1320//955 1340//955
f 1336//955 1340//955 1338//955
f 1337//982 1341//982 1339//982
f 1341//955 1322//955 1339//955
f 1341//955 1313//955 1322//955
f 1339//955 1322//955 1320//955
f 1338//955 1340//955 1342//955
f 1340//984 1321//984 1342//984
f 1340//974 1320//974 1321//974
f 1342//985 1321//985 1302//985
f 1343//986 1344//986 1345//986
f 1344//987 1346//987 1345//987
f 1344//988 1347//988 1346//988
f 1345//989 1346//989 1348//989
f 1347//990 1349//990 1346//990
f 1349//959 1350//959 1346//959
f 1349//953 1351//953 1350//953
f 1346//958 1350//958 1348//958
f 1347//991 1352//991 1349//991
f 1352//992 1353//992 1349//992
f 1352//953 1354//953 1353//953
f 1349//992 1353//992 1351//992
f 1348//992 1350//992 1355//992
f 1350//986 1356//986 1355//986
f 1350//993 1351//993 1356//993
f 1355//953 1356//953 1270//953
f 1270//994 1356//994 1357//994
f 1356//974 1358//974 1357//974
f 1356//955 1351//955 1358//955
f 1357//992 1358//992 1359//992
f 1351//995 1360//995 1358//995
f 1360//995 1361//995 1358//995
f 1360//993 1362//993 1361//993
f 1358//992 1361//992 1359//992
f 1351//986 1353//986 1360//986
f 1353//986 1363//986 1360//986
f 1353//992 1354//992 1363//992
f 1360//996 1363//996 1362//996
f 1359//992 1361//992 1364//992
f 1361//992 1365//992 1364//992
f 1361//997 1362//997 1365//997
f 1364//992 1365//992 1299//992
f 1343//991 1345//991 1366//991
f 1345//964 1367//964 1366//964
f 1345//998 1348//998 1367//998
f 1366//988 1367//988 1368//988
f 1348//986 1369//986 1367//986
f 1369//991 1370//991 1367//991
f 1369//953 1371//953 1370//953
f 1367//999 1370//999 1368//999
f 1348//953 1355//953 1369//953
f 1355//953 1372//953 1369//953
f 1355//953 1270//953 1372//953
f 1369//955 1372//955 1371//955
f 1368//953 1370//953 1373//953
f 1370//958 1374//958 1373//958
f 1370//1000 1371//1000 1374//1000
f 1373//991 1374//991 1375//991
f 1333//953 1376//953 1334//953
f 1376//953 1377//953 1334//953
f 1376//1001 1378//1001 1377//1001
f 1334//1002 1377//1002 1337//1002
f 1378//1003 1379//1003 1377//1003
f 1379//1004 1380//1004 1377//1004
f 1379//1002 1310//1002 1380//1002
f 1377//1004 1380//1004 1337//1004
f 1378//1005 1381//1005 1379//1005
f 1381//998 1315//998 1379//998
f 1381//989 1316//989 1315//989
f 1379//1006 1315//1006 1310//1006
f 1337//1007 1380//1007 1341//1007
f 1380//1008 1312//1008 1341//1008
f 1380//953 1310//953 1312//953
f 1341//1001 1312//1001 1313//1001
f 1375//951 1382//951 1383//951
f 1382//950 1384//950 1383//950
f 1382//950 1385//950 1384//950
f 1383//1009 1384//1009 1386//1009
f 1385//1001 1387//1001 1384//1001
f 1387//958 1388//958 1384//958
f 1387//958 1325//958 1388//958
f 1384//1010 1388//1010 1386//1010
f 1385//1001 1389//1001 1387//1001
f 1389//1001 1329//1001 1387//1001
f 1389//1001 1331//1001 1329//1001
f 1387//955 1329//955 1325//955
f 1386//956 1388//956 1390//956
f 1388//1001 1323//1001 1390//1001
f 1388//1001 1325//1001 1323//1001
f 1390//1000 1323//1000 1258//1000
f 1343//964 1391//964 1392//964
f 1391//953 1393//953 1392//953
f 1391//1011 1394//1011 1393//1011
f 1392//1004 1393//1004 1395//1004
f 1394//1012 1396//1012 1393//1012
f 1396//1012 1397//1012 1393//1012
f 1396//983 1378//983 1397//983
f 1393//995 1397//995 1395//995
f 1394//995 1398//995 1396//995
f 1398//1004 1381//1004 1396//1004
f 1398//1013 1316//1013 1381//1013
f 1396//953 1381//953 1378//953
f 1395//1014 1397//1014 1399//1014
f 1397//996 1376//996 1399//996
f 1397//958 1378//958 1376//958
f 1399//953 1376//953 1333//953
f 1354//1001 1400//1001 1363//1001
f 1400//1001 1401//1001 1363//1001
f 1400//1001 1402//1001 1401//1001
f 1363//1015 1401//1015 1362//1015
f 1402//1016 1403//1016 1401//1016
f 1403//986 1404//986 1401//986
f 1403//952 1296//952 1404//952
f 1401//1017 1404//1017 1362//1017
f 1402//972 1405//972 1403//972
f 1405//996 1301//996 1403//996
f 1405//971 1302//971 1301//971
f 1403//959 1301//959 1296//959
f 1362//1018 1404//1018 1365//1018
f 1404//1001 1298//1001 1365//1001
f 1404//972 1296//972 1298//972
f 1365//953 1298//953 1299//953
f 1375//992 1374//992 1382//992
f 1374//955 1406//955 1382//955
f 1374//1000 1371//1000 1406//1000
f 1382//1019 1406//1019 1385//1019
f 1371//963 1407//963 1406//963
f 1407//963 1408//963 1406//963
f 1407//1000 1328//1000 1408//1000
f 1406//1019 1408//1019 1385//1019
f 1371//1020 1372//1020 1407//1020
f 1372//993 1332//993 1407//993
f 1372//955 1270//955 1332//955
f 1407//993 1332//993 1328//993
f 1385//992 1408//992 1389//992
f 1408//955 1330//955 1389//955
f 1408//1000 1328//1000 1330//1000
f 1389//955 1330//955 1331//955
f 1343//956 1392//956 1344//956
f 1392//991 1409//991 1344//991
f 1392//958 1395//958 1409//958
f 1344//1001 1409//1001 1347//1001
f 1395//1001 1410//1001 1409//1001
f 1410//1000 1411//1000 1409//1000
f 1410//956 1412//956 1411//956
f 1409//958 1411//958 1347//958
f 1395//993 1399//993 1410//993
f 1399//1008 1413//1008 1410//1008
f 1399//1021 1333//1021 1413//1021
f 1410//1008 1413//1008 1412//1008
f 1347//991 1411//991 1352//991
f 1411//953 1414//953 1352//953
f 1411//995 1412//995 1414//995
f 1352//1001 1414//1001 1354//1001
f 1343//1022 1366//1022 1415//1022
f 1366//1012 1416//1012 1415//1012
f 1366//995 1368//995 1416//995
f 1415//1001 1416//1001 1417//1001
f 1368//958 1418//958 1416//958
f 1418//986 1419//986 1416//986
f 1418//1021 1386//1021 1419//1021
f 1416//955 1419//955 1417//955
f 1368//995 1373//995 1418//995
f 1373//995 1383//995 1418//995
f 1373//1001 1375//1001 1383//1001
f 1418//960 1383//960 1386//960
f 1417//960 1419//960 1420//960
f 1419//955 1390//955 1420//955
f 1419//1021 1386//1021 1390//1021
f 1420//1014 1390//1014 1258//1014
f 1258//995 1421//995 1420//995
f 1421//955 1422//955 1420//955
f 1421//993 1423//993 1422//993
f 1420//955 1422//955 1417//955
f 1423//993 1424//993 1422//993
f 1424//991 1425//991 1422//991
f 1424//991 1394//991 1425//991
f 1422//995 1425//995 1417//995
f 1423//955 1426//955 1424//955
f 1426//995 1398//995 1424//995
f 1426//995 1316//995 1398//995
f 1424//995 1398//995 1394//995
f 1417//995 1425//995 1415//995
f 1425//955 1391//955 1415//955
f 1425//993 1394//993 1391//993
f 1415//955 1391//955 1343//955
f 1354//1001 1414//1001 1400//1001
f 1414//953 1427//953 1400//953
f 1414//989 1412//989 1427//989
f 1400//951 1427//951 1402//951
f 1412//1023 1428//1023 1427//1023
f 1428//958 1429//958 1427//958
f 1428//979 1338//979 1429//979
f 1427//951 1429//951 1402//951
f 1412//1024 1413//1024 1428//1024
f 1413//1023 1335//1023 1428//1023
f 1413//1023 1333//1023 1335//1023
f 1428//977 1335//977 1338//977
f 1402//977 1429//977 1405//977
f 1429//977 1342//977 1405//977
f 1429//979 1338//979 1342//979
f 1405//969 1342//969 1302//969
f 1430//1025 1431//1025 1432//1025
f 1431//1026 1433//1026 1432//1026
f 1431//1027 1434//1027 1433//1027
f 1432//1028 1433//1028 1435//1028
f 1434//1029 1436//1029 1433//1029
f 1436//1030 1437//1030 1433//1030
f 1436//1031 1438//1031 1437//1031
f 1433//1032 1437//1032 1435//1032
f 1434//1033 1439//1033 1436//1033
f 1439//1034 1440//1034 1436//1034
f 1439//1035 1441//1035 1440//1035
f 1436//1036 1440//1036 1438//1036
f 1435//1037 1437//1037 1442//1037
f 1437//1038 1443//1038 1442//1038
f 1437//1039 1438//1039 1443//1039
f 1442//1040 1443//1040 1444//1040
f 1445//1041 1446//1041 1447//1041
f 1446//1042 1448//1042 1447//1042
f 1446//1043 1449//1043 1448//1043
f 1447//1044 1448//1044 1450//1044
f 1449//1045 1451//1045 1448//1045
f 1451//1046 1452//1046 1448//1046
f 1451//1047 1434//1047 1452//1047
f 1448//1048 1452//1048 1450//1048
f 1449//1043 1453//1043 1451//1043
f 1453//1049 1439//1049 1451//1049
f 1453//1049 1441//1049 1439//1049
f 1451//1047 1439//1047 1434//1047
f 1450//1050 1452//1050 1454//1050
f 1452//1051 1431//1051 1454//1051
f 1452//1052 1434//1052 1431//1052
f 1454//1053 1431//1053 1430//1053
f 1288//1054 1455//1054 1289//1054
f 1455//1055 1456//1055 1289//1055
f 1455//1056 1457//1056 1456//1056
f 1289//1057 1456//1057 1292//1057
f 1457//1058 1458//1058 1456//1058
f 1458//1059 1459//1059 1456//1059
f 1458//1060 1460//1060 1459//1060
f 1456//1061 1459//1061 1292//1061
f 1457//1062 1461//1062 1458//1062
f 1461//1063 1462//1063 1458//1063
f 1461//1064 1444//1064 1462//1064
f 1458//1065 1462//1065 1460//1065
f 1292//1066 1459//1066 1297//1066
f 1459//1067 1463//1067 1297//1067
f 1459//1068 1460//1068 1463//1068
f 1297//1069 1463//1069 1299//1069
f 1288//1070 1464//1070 1455//1070
f 1464//1071 1465//1071 1455//1071
f 1464//1072 1466//1072 1465//1072
f 1455//1073 1465//1073 1457//1073
f 1466//1074 1467//1074 1465//1074
f 1467//1075 1468//1075 1465//1075
f 1467//1076 1435//1076 1468//1076
f 1465//1077 1468//1077 1457//1077
f 1466//1078 1469//1078 1467//1078
f 1469//1079 1432//1079 1467//1079
f 1469//1080 1430//1080 1432//1080
f 1467//1081 1432//1081 1435//1081
f 1457//1082 1468//1082 1461//1082
f 1468//1083 1442//1083 1461//1083
f 1468//1084 1435//1084 1442//1084
f 1461//1085 1442//1085 1444//1085
f 1288//1086 1304//1086 1464//1086
f 1304//1087 1470//1087 1464//1087
f 1304//1088 1307//1088 1470//1088
f 1464//1089 1470//1089 1466//1089
f 1307//1090 1471//1090 1470//1090
f 1471//1091 1472//1091 1470//1091
f 1471//1092 1473//1092 1472//1092
f 1470//1093 1472//1093 1466//1093
f 1307//1094 1314//1094 1471//1094
f 1314//1095 1474//1095 1471//1095
f 1314//1096 1316//1096 1474//1096
f 1471//1097 1474//1097 1473//1097
f 1466//1098 1472//1098 1469//1098
f 1472//1099 1475//1099 1469//1099
f 1472//1100 1473//1100 1475//1100
f 1469//1101 1475//1101 1430//1101
f 1441//1102 1453//1102 1476//1102
f 1453//1103 1477//1103 1476//1103
f 1453//1102 1449//1102 1477//1102
f 1476//1103 1477//1103 1478//1103
f 1449//1103 1479//1103 1477//1103
f 1479//1103 1480//1103 1477//1103
f 1479//1103 1481//1103 1480//1103
f 1477//1103 1480//1103 1478//1103
f 1449//1102 1446//1102 1479//1102
f 1446//1103 1482//1103 1479//1103
f 1446//1102 1445//1102 1482//1102
f 1479//1103 1482//1103 1481//1103
f 1478//1103 1480//1103 1483//1103
f 1480//1103 1484//1103 1483//1103
f 1480//1103 1481//1103 1484//1103
f 1483//1103 1484//1103 1485//1103
f 1445//1103 1486//1103 1482//1103
f 1486//1103 1487//1103 1482//1103
f 1486//1103 1488//1103 1487//1103
f 1482//1103 1487//1103 1481//1103
f 1488//1103 1489//1103 1487//1103
f 1489//1103 1490//1103 1487//1103
f 1489//1103 1491//1103 1490//1103
f 1487//1103 1490//1103 1481//1103
f 1488//1103 1492//1103 1489//1103
f 1492//1103 1493//1103 1489//1103
f 1492//1103 1494//1103 1493//1103
f 1489//1103 1493//1103 1491//1103
f 1481//1103 1490//1103 1484//1103
f 1490//1103 1495//1103 1484//1103
f 1490//1103 1491//1103 1495//1103
f 1484//1103 1495//1103 1485//1103
f 1231//563 1233//563 1496//563
f 1233//563 1497//563 1496//563
f 1233//563 1236//563 1497//563
f 1496//563 1497//563 1498//563
f 1236//563 1499//563 1497//563
f 1499//563 1500//563 1497//563
f 1499//563 1501//563 1500//563
f 1497//563 1500//563 1498//563
f 1236//563 1240//563 1499//563
f 1240//563 1502//563 1499//563
f 1240//563 1229//563 1502//563
f 1499//563 1502//563 1501//563
f 1498//563 1500//563 1503//563
f 1500//563 1504//563 1503//563
f 1500//563 1501//563 1504//563
f 1503//563 1504//563 1505//563
f 1231//563 1496//563 1506//563
f 1496//563 1507//563 1506//563
f 1496//563 1498//563 1507//563
f 1506//563 1507//563 1508//563
f 1498//563 1509//563 1507//563
f 1509//563 1510//563 1507//563
f 1509//563 1511//563 1510//563
f 1507//563 1510//563 1508//563
f 1498//563 1503//563 1509//563
f 1503//563 1512//563 1509//563
f 1503//563 1505//563 1512//563
f 1509//563 1512//563 1511//563
f 1508//563 1510//563 1513//563
f 1510//563 1514//563 1513//563
f 1510//563 1511//563 1514//563
f 1513//563 1514//563 1515//563
f 1516//563 1517//563 1518//563
f 1517//563 1519//563 1518//563
f 1517//563 1520//563 1519//563
f 1518//563 1519//563 1521//563
f 1520//563 1522//563 1519//563
f 1522//563 1523//563 1519//563
f 1522//563 1524//563 1523//563
f 1519//563 1523//563 1521//563
f 1520//563 1525//563 1522//563
f 1525//563 1526//563 1522//563
f 1525//563 1515//563 1526//563
f 1522//563 1526//563 1524//563
f 1521//563 1523//563 1527//563
f 1523//563 1528//563 1527//563
f 1523//563 1524//563 1528//563
f 1527//563 1528//563 1529//563
f 1229//563 1530//563 1502//563
f 1530//563 1531//563 1502//563
f 1530//563 1532//563 1531//563
f 1502//563 1531//563 1501//563
f 1532//563 1533//563 1531//563
f 1533//563 1534//563 1531//563
f 1533//563 1535//563 1534//563
f 1531//563 1534//563 1501//563
f 1532//563 1536//563 1533//563
f 1536//563 1537//563 1533//563
f 1536//563 1529//563 1537//563
f 1533//563 1537//563 1535//563
f 1501//563 1534//563 1504//563
f 1534//563 1538//563 1504//563
f 1534//563 1535//563 1538//563
f 1504//563 1538//563 1505//563
f 1529//563 1528//563 1537//563
f 1528//563 1539//563 1537//563
f 1528//563 1524//563 1539//563
f 1537//563 1539//563 1535//563
f 1524//563 1540//563 1539//563
f 1540//563 1541//563 1539//563
f 1540//563 1511//563 1541//563
f 1539//563 1541//563 1535//563
f 1524//563 1526//563 1540//563
f 1526//563 1514//563 1540//563
f 1526//563 1515//563 1514//563
f 1540//563 1514//563 1511//563
f 1535//563 1541//563 1538//563
f 1541//563 1512//563 1538//563
f 1541//563 1511//563 1512//563
f 1538//563 1512//563 1505//563
f 1229//563 1542//563 1530//563
f 1542//563 1543//563 1530//563
f 1542//563 1544//563 1543//563
f 1530//563 1543//563 1532//563
f 1544//563 1545//563 1543//563
f 1545//563 1546//563 1543//563
f 1545//563 1547//563 1546//563
f 1543//563 1546//563 1532//563
f 1544//563 1548//563 1545//563
f 1548//563 1549//563 1545//563
f 1548//563 1550//563 1549//563
f 1545//563 1549//563 1547//563
f 1532//563 1546//563 1536//563
f 1546//563 1551//563 1536//563
f 1546//563 1547//563 1551//563
f 1536//563 1551//563 1529//563
f 1516//563 1518//563 1552//563
f 1518//563 1553//563 1552//563
f 1518//563 1521//563 1553//563
f 1552//563 1553//563 1554//563
f 1521//563 1555//563 1553//563
f 1555//563 1556//563 1553//563
f 1555//563 1547//563 1556//563
f 1553//563 1556//563 1554//563
f 1521//563 1527//563 1555//563
f 1527//563 1551//563 1555//563
f 1527//563 1529//563 1551//563
f 1555//563 1551//563 1547//563
f 1554//563 1556//563 1557//563
f 1556//563 1549//563 1557//563
f 1556//563 1547//563 1549//563
f 1557//563 1549//563 1550//563
f 175//563 191//563 1558//563
f 191//563 1559//563 1558//563
f 191//563 189//563 1559//563
f 1558//563 1559//563 1560//563
f 189//563 1561//563 1559//563
f 1561//563 1562//563 1559//563
f 1561//563 1563//563 1562//563
f 1559//563 1562//563 1560//563
f 189//563 190//563 1561//563
f 190//563 1564//563 1561//563
f 190//563 176//563 1564//563
f 1561//563 1564//563 1563//563
f 1560//563 1562//563 1565//563
f 1562//563 1566//563 1565//563
f 1562//563 1563//563 1566//563
f 1565//563 1566//563 893//563
f 176//563 178//563 1564//563
f 178//563 1567//563 1564//563
f 178//563 181//563 1567//563
f 1564//563 1567//563 1563//563
f 181//563 1568//563 1567//563
f 1568//563 1569//563 1567//563
f 1568//563 946//563 1569//563
f 1567//563 1569//563 1563//563
f 181//563 185//563 1568//563
f 185//563 944//563 1568//563
f 185//563 77//563 944//563
f 1568//563 944//563 946//563
f 1563//563 1569//563 1566//563
f 1569//563 949//563 1566//563
f 1569//563 946//563 949//563
f 1566//563 949//563 893//563
f 41//563 1570//563 115//563
f 1570//563 1571//563 115//563
f 1570//563 1572//563 1571//563
f 115//563 1571//563 112//563
f 1572//563 1573//563 1571//563
f 1573//563 1574//563 1571//563
f 1573//563 1575//563 1574//563
f 1571//563 1574//563 112//563
f 1572//563 1576//563 1573//563
f 1576//563 1577//563 1573//563
f 1576//563 1578//563 1577//563
f 1573//563 1577//563 1575//563
f 112//563 1574//563 110//563
f 1574//563 1579//563 110//563
f 1574//563 1575//563 1579//563
f 110//563 1579//563 108//563
f 93//563 109//563 1580//563
f 109//563 1581//563 1580//563
f 109//563 105//563 1581//563
f 1580//563 1581//563 1582//563
f 105//563 1583//563 1581//563
f 1583//563 1584//563 1581//563
f 1583//563 1585//563 1584//563
f 1581//563 1584//563 1582//563
f 105//563 107//563 1583//563
f 107//563 1586//563 1583//563
f 107//563 108//563 1586//563
f 1583//563 1586//563 1585//563
f 1582//563 1584//563 1587//563
f 1584//563 1588//563 1587//563
f 1584//563 1585//563 1588//563
f 1587//563 1588//563 1589//563
f 41//563 1590//563 1570//563
f 1590//563 1591//563 1570//563
f 1590//563 1592//563 1591//563
f 1570//563 1591//563 1572//563
f 1592//563 1593//563 1591//563
f 1593//563 1594//563 1591//563
f 1593//563 1595//563 1594//563
f 1591//563 1594//563 1572//563
f 1592//563 1596//563 1593//563
f 1596//563 1597//563 1593//563
f 1596//563 1598//563 1597//563
f 1593//563 1597//563 1595//563
f 1572//563 1594//563 1576//563
f 1594//563 1599//563 1576//563
f 1594//563 1595//563 1599//563
f 1576//563 1599//563 1578//563
f 108//563 1579//563 1586//563
f 1579//563 1600//563 1586//563
f 1579//563 1575//563 1600//563
f 1586//563 1600//563 1585//563
f 1575//563 1601//563 1600//563
f 1601//563 1602//563 1600//563
f 1601//563 1603//563 1602//563
f 1600//563 1602//563 1585//563
f 1575//563 1577//563 1601//563
f 1577//563 1604//563 1601//563
f 1577//563 1578//563 1604//563
f 1601//563 1604//563 1603//563
f 1585//563 1602//563 1588//563
f 1602//563 1605//563 1588//563
f 1602//563 1603//563 1605//563
f 1588//563 1605//563 1589//563
f 93//563 1580//563 1606//563
f 1580//563 1607//563 1606//563
f 1580//563 1582//563 1607//563
f 1606//563 1607//563 1608//563
f 1582//563 1609//563 1607//563
f 1609//563 1610//563 1607//563
f 1609//563 1611//563 1610//563
f 1607//563 1610//563 1608//563
f 1582//563 1587//563 1609//563
f 1587//563 1612//563 1609//563
f 1587//563 1589//563 1612//563
f 1609//563 1612//563 1611//563
f 1608//563 1610//563 1613//563
f 1610//563 1614//563 1613//563
f 1610//563 1611//563 1614//563
f 1613//563 1614//563 1615//563
f 1598//563 1616//563 1617//563
f 1616//563 1618//563 1617//563
f 1616//563 1619//563 1618//563
f 1617//563 1618//563 1620//563
f 1619//563 1621//563 1618//563
f 1621//563 1622//563 1618//563
f 1621//563 1611//563 1622//563
f 1618//563 1622//563 1620//563
f 1619//563 1623//563 1621//563
f 1623//563 1614//563 1621//563
f 1623//563 1615//563 1614//563
f 1621//563 1614//563 1611//563
f 1620//563 1622//563 1624//563
f 1622//563 1612//563 1624//563
f 1622//563 1611//563 1612//563
f 1624//563 1612//563 1589//563
f 1578//563 1599//563 1604//563
f 1599//563 1625//563 1604//563
f 1599//563 1595//563 1625//563
f 1604//563 1625//563 1603//563
f 1595//563 1626//563 1625//563
f 1626//563 1627//563 1625//563
f 1626//563 1620//563 1627//563
f 1625//563 1627//563 1603//563
f 1595//563 1597//563 1626//563
f 1597//563 1617//563 1626//563
f 1597//563 1598//563 1617//563
f 1626//563 1617//563 1620//563
f 1603//563 1627//563 1605//563
f 1627//563 1624//563 1605//563
f 1627//563 1620//563 1624//563
f 1605//563 1624//563 1589//563
f 1628//1104 1629//1104 1630//1104
f 1629//1105 1631//1105 1630//1105
f 1629//1104 1632//1104 1631//1104
f 1630//1106 1631//1106 1633//1106
f 1632//1107 1634//1107 1631//1107
f 1634//1108 1635//1108 1631//1108
f 1634//1105 1636//1105 1635//1105
f 1631//1108 1635//1108 1633//1108
f 1632//1107 1637//1107 1634//1107
f 1637//1106 1638//1106 1634//1106
f 1637//1105 1639//1105 1638//1105
f 1634//1106 1638//1106 1636//1106
f 1633//1106 1635//1106 1640//1106
f 1635//1106 1641//1106 1640//1106
f 1635//1105 1636//1105 1641//1105
f 1640//1104 1641//1104 1615//1104
f 1628//1107 1630//1107 1642//1107
f 1630//1107 1643//1107 1642//1107
f 1630//1106 1633//1106 1643//1106
f 1642//1107 1643//1107 1644//1107
f 1633//1106 1645//1106 1643//1106
f 1645//1106 1646//1106 1643//1106
f 1645//1106 1619//1106 1646//1106
f 1643//1107 1646//1107 1644//1107
f 1633//1106 1640//1106 1645//1106
f 1640//1106 1623//1106 1645//1106
f 1640//1106 1615//1106 1623//1106
f 1645//1106 1623//1106 1619//1106
f 1644//1107 1646//1107 1647//1107
f 1646//1107 1616//1107 1647//1107
f 1646//1106 1619//1106 1616//1106
f 1647//1104 1616//1104 1598//1104
f 1639//1109 1637//1109 1648//1109
f 1637//1108 1649//1108 1648//1108
f 1637//1108 1632//1108 1649//1108
f 1648//1106 1649//1106 1650//1106
f 1632//1107 1651//1107 1649//1107
f 1651//1107 1652//1107 1649//1107
f 1651//1110 1653//1110 1652//1110
f 1649//1107 1652//1107 1650//1107
f 1632//1107 1629//1107 1651//1107
f 1629//1110 1654//1110 1651//1110
f 1629//1110 1628//1110 1654//1110
f 1651//1110 1654//1110 1653//1110
f 1650//1105 1652//1105 1655//1105
f 1652//1110 1656//1110 1655//1110
f 1652//1110 1653//1110 1656//1110
f 1655//1107 1656//1107 1657//1107
f 1272//1103 1658//1103 1659//1103
f 1658//1103 1660//1103 1659//1103
f 1658//1103 1661//1103 1660//1103
f 1659//1103 1660//1103 1662//1103
f 1661//1103 1663//1103 1660//1103
f 1663//1103 1664//1103 1660//1103
f 1663//1103 1665//1103 1664//1103
f 1660//1103 1664//1103 1662//1103
f 1661//1103 1666//1103 1663//1103
f 1666//1103 1667//1103 1663//1103
f 1666//1103 1668//1103 1667//1103
f 1663//1103 1667//1103 1665//1103
f 1662//1111 1664//1111 1669//1111
f 1664//1111 1670//1111 1669//1111
f 1664//1103 1665//1103 1670//1103
f 1669//1103 1670//1103 1671//1103
f 1639//1112 1672//1112 1673//1112
f 1672//1113 1674//1113 1673//1113
f 1672//1103 1675//1103 1674//1103
f 1673//1113 1674//1113 1676//1113
f 1675//1102 1677//1102 1674//1102
f 1677//1112 1678//1112 1674//1112
f 1677//1113 1665//1113 1678//1113
f 1674//1112 1678//1112 1676//1112
f 1675//1102 1679//1102 1677//1102
f 1679//1103 1670//1103 1677//1103
f 1679//1103 1671//1103 1670//1103
f 1677//1103 1670//1103 1665//1103
f 1676//1102 1678//1102 1680//1102
f 1678//1103 1667//1103 1680//1103
f 1678//1113 1665//1113 1667//1113
f 1680//1103 1667//1103 1668//1103
f 1639//1114 1648//1114 1672//1114
f 1648//1115 1681//1115 1672//1115
f 1648//1115 1650//1115 1681//1115
f 1672//1115 1681//1115 1675//1115
f 1650//1116 1682//1116 1681//1116
f 1682//1117 1683//1117 1681//1117
f 1682//1118 1684//1118 1683//1118
f 1681//1114 1683//1114 1675//1114
f 1650//1115 1655//1115 1682//1115
f 1655//1115 1685//1115 1682//1115
f 1655//1115 1657//1115 1685//1115
f 1682//1115 1685//1115 1684//1115
f 1675//1114 1683//1114 1679//1114
f 1683//1119 1686//1119 1679//1119
f 1683//1119 1684//1119 1686//1119
f 1679//1118 1686//1118 1671//1118
f 1247//563 1687//563 1688//563
f 1687//563 1689//563 1688//563
f 1687//563 1690//563 1689//563
f 1688//563 1689//563 1691//563
f 1690//563 1692//563 1689//563
f 1692//563 1693//563 1689//563
f 1692//563 1694//563 1693//563
f 1689//563 1693//563 1691//563
f 1690//563 1695//563 1692//563
f 1695//563 1696//563 1692//563
f 1695//563 1697//563 1696//563
f 1692//563 1696//563 1694//563
f 1691//563 1693//563 1698//563
f 1693//563 1699//563 1698//563
f 1693//563 1694//563 1699//563
f 1698//563 1699//563 1700//563
f 1701//563 1702//563 1703//563
f 1702//563 1704//563 1703//563
f 1702//563 1705//563 1704//563
f 1703//563 1704//563 1706//563
f 1705//563 1707//563 1704//563
f 1707//563 1708//563 1704//563
f 1707//563 1694//563 1708//563
f 1704//563 1708//563 1706//563
f 1705//563 1709//563 1707//563
f 1709//563 1699//563 1707//563
f 1709//563 1700//563 1699//563
f 1707//563 1699//563 1694//563
f 1706//563 1708//563 1710//563
f 1708//563 1696//563 1710//563
f 1708//563 1694//563 1696//563
f 1710//563 1696//563 1697//563
f 1711//563 1712//563 1713//563
f 1712//563 1714//563 1713//563
f 1712//563 1715//563 1714//563
f 1713//563 1714//563 1716//563
f 1715//563 1717//563 1714//563
f 1717//563 1718//563 1714//563
f 1717//563 1705//563 1718//563
f 1714//563 1718//563 1716//563
f 1715//563 1719//563 1717//563
f 1719//563 1709//563 1717//563
f 1719//563 1700//563 1709//563
f 1717//563 1709//563 1705//563
f 1716//563 1718//563 1720//563
f 1718//563 1702//563 1720//563
f 1718//563 1705//563 1702//563
f 1720//563 1702//563 1701//563
f 1272//563 1721//563 1722//563
f 1721//563 1723//563 1722//563
f 1721//563 1724//563 1723//563
f 1722//563 1723//563 1725//563
f 1724//563 1726//563 1723//563
f 1726//563 1727//563 1723//563
f 1726//563 1706//563 1727//563
f 1723//563 1727//563 1725//563
f 1724//563 1728//563 1726//563
f 1728//563 1703//563 1726//563
f 1728//563 1701//563 1703//563
f 1726//563 1703//563 1706//563
f 1725//563 1727//563 1729//563
f 1727//563 1710//563 1729//563
f 1727//563 1706//563 1710//563
f 1729//563 1710//563 1697//563
f 1272//563 1722//563 1282//563
f 1722//563 1730//563 1282//563
f 1722//563 1725//563 1730//563
f 1282//563 1730//563 1284//563
f 1725//563 1731//563 1730//563
f 1731//563 1732//563 1730//563
f 1731//563 1690//563 1732//563
f 1730//563 1732//563 1284//563
f 1725//563 1729//563 1731//563
f 1729//563 1695//563 1731//563
f 1729//563 1697//563 1695//563
f 1731//563 1695//563 1690//563
f 1284//563 1732//563 1287//563
f 1732//563 1687//563 1287//563
f 1732//563 1690//563 1687//563
f 1287//563 1687//563 1247//563
f 1272//563 1659//563 1721//563
f 1659//563 1733//563 1721//563
f 1659//563 1662//563 1733//563
f 1721//563 1733//563 1724//563
f 1662//563 1734//563 1733//563
f 1734//563 1735//563 1733//563
f 1734//563 1736//563 1735//563
f 1733//563 1735//563 1724//563
f 1662//563 1669//563 1734//563
f 1669//563 1737//563 1734//563
f 1669//563 1671//563 1737//563
f 1734//563 1737//563 1736//563
f 1724//563 1735//563 1728//563
f 1735//563 1738//563 1728//563
f 1735//563 1736//563 1738//563
f 1728//563 1738//563 1701//563
f 1671//563 1739//563 1737//563
f 1739//563 1740//563 1737//563
f 1739//563 1741//563 1740//563
f 1737//563 1740//563 1736//563
f 1741//563 1742//563 1740//563
f 1742//563 1743//563 1740//563
f 1742//563 1716//563 1743//563
f 1740//563 1743//563 1736//563
f 1741//563 1744//563 1742//563
f 1744//563 1713//563 1742//563
f 1744//563 1711//563 1713//563
f 1742//563 1713//563 1716//563
f 1736//563 1743//563 1738//563
f 1743//563 1720//563 1738//563
f 1743//563 1716//563 1720//563
f 1738//563 1720//563 1701//563
f 1745//1120 1746//1120 1747//1120
f 1746//1121 1748//1121 1747//1121
f 1746//1120 1749//1120 1748//1120
f 1747//1121 1748//1121 1750//1121
f 1749//1120 1751//1120 1748//1120
f 1751//1120 1752//1120 1748//1120
f 1751//1122 1753//1122 1752//1122
f 1748//1120 1752//1120 1750//1120
f 1749//1122 1754//1122 1751//1122
f 1754//1120 1755//1120 1751//1120
f 1754//1120 1756//1120 1755//1120
f 1751//1120 1755//1120 1753//1120
f 1750//1120 1752//1120 1757//1120
f 1752//1120 1758//1120 1757//1120
f 1752//1122 1753//1122 1758//1122
f 1757//1120 1758//1120 1759//1120
f 1272//1120 1760//1120 1761//1120
f 1760//1120 1762//1120 1761//1120
f 1760//1120 1763//1120 1762//1120
f 1761//1122 1762//1122 1764//1122
f 1763//1123 1765//1123 1762//1123
f 1765//1123 1766//1123 1762//1123
f 1765//1120 1767//1120 1766//1120
f 1762//1122 1766//1122 1764//1122
f 1763//1122 1768//1122 1765//1122
f 1768//1120 1769//1120 1765//1120
f 1768//1120 1770//1120 1769//1120
f 1765//1120 1769//1120 1767//1120
f 1764//1120 1766//1120 1771//1120
f 1766//1123 1772//1123 1771//1123
f 1766//1122 1767//1122 1772//1122
f 1771//1123 1772//1123 1745//1123
f 1770//1121 1773//1121 1769//1121
f 1773//1123 1774//1123 1769//1123
f 1773//1120 1775//1120 1774//1120
f 1769//1120 1774//1120 1767//1120
f 1775//1120 1776//1120 1774//1120
f 1776//1120 1777//1120 1774//1120
f 1776//1120 1778//1120 1777//1120
f 1774//1120 1777//1120 1767//1120
f 1775//1120 1779//1120 1776//1120
f 1779//1120 1780//1120 1776//1120
f 1779//1120 1781//1120 1780//1120
f 1776//1120 1780//1120 1778//1120
f 1767//1122 1777//1122 1772//1122
f 1777//1122 1782//1122 1772//1122
f 1777//1122 1778//1122 1782//1122
f 1772//1120 1782//1120 1745//1120
f 1272//1122 1274//1122 1760//1122
f 1274//1122 1783//1122 1760//1122
f 1274//1124 1277//1124 1783//1124
f 1760//1122 1783//1122 1763//1122
f 1277//1125 1784//1125 1783//1125
f 1784//1122 1785//1122 1783//1122
f 1784//1122 1786//1122 1785//1122
f 1783//1120 1785//1120 1763//1120
f 1277//1125 1281//1125 1784//1125
f 1281//1124 1787//1124 1784//1124
f 1281//1122 1270//1122 1787//1122
f 1784//1124 1787//1124 1786//1124
f 1763//1120 1785//1120 1768//1120
f 1785//1120 1788//1120 1768//1120
f 1785//1122 1786//1122 1788//1122
f 1768//1120 1788//1120 1770//1120
f 1759//1122 1758//1122 1789//1122
f 1758//1122 1790//1122 1789//1122
f 1758//1120 1753//1120 1790//1120
f 1789//1120 1790//1120 1791//1120
f 1753//1122 1792//1122 1790//1122
f 1792//1122 1793//1122 1790//1122
f 1792//1122 1794//1122 1793//1122
f 1790//1120 1793//1120 1791//1120
f 1753//1120 1755//1120 1792//1120
f 1755//1120 1795//1120 1792//1120
f 1755//1120 1756//1120 1795//1120
f 1792//1122 1795//1122 1794//1122
f 1791//1123 1793//1123 1796//1123
f 1793//1122 1797//1122 1796//1122
f 1793//1120 1794//1120 1797//1120
f 1796//1122 1797//1122 1485//1122
f 1798//1120 1799//1120 1800//1120
f 1799//1120 1801//1120 1800//1120
f 1799//1122 1802//1122 1801//1122
f 1800//1120 1801//1120 1803//1120
f 1802//1120 1804//1120 1801//1120
f 1804//1122 1805//1122 1801//1122
f 1804//1122 1791//1122 1805//1122
f 1801//1120 1805//1120 1803//1120
f 1802//1120 1806//1120 1804//1120
f 1806//1120 1789//1120 1804//1120
f 1806//1120 1759//1120 1789//1120
f 1804//1120 1789//1120 1791//1120
f 1803//1122 1805//1122 1807//1122
f 1805//1120 1796//1120 1807//1120
f 1805//1123 1791//1123 1796//1123
f 1807//1120 1796//1120 1485//1120
f 1745//1120 1747//1120 1808//1120
f 1747//1120 1809//1120 1808//1120
f 1747//1120 1750//1120 1809//1120
f 1808//1121 1809//1121 1810//1121
f 1750//1120 1811//1120 1809//1120
f 1811//1120 1812//1120 1809//1120
f 1811//1120 1813//1120 1812//1120
f 1809//1121 1812//1121 1810//1121
f 1750//1121 1757//1121 1811//1121
f 1757//1121 1814//1121 1811//1121
f 1757//1121 1759//1121 1814//1121
f 1811//1120 1814//1120 1813//1120
f 1810//1120 1812//1120 1815//1120
f 1812//1120 1816//1120 1815//1120
f 1812//1120 1813//1120 1816//1120
f 1815//1121 1816//1121 1817//1121
f 1781//1120 1818//1120 1819//1120
f 1818//1120 1820//1120 1819//1120
f 1818//1120 1821//1120 1820//1120
f 1819//1120 1820//1120 1822//1120
f 1821//1120 1823//1120 1820//1120
f 1823//1120 1824//1120 1820//1120
f 1823//1120 1825//1120 1824//1120
f 1820//1120 1824//1120 1822//1120
f 1821//1121 1826//1121 1823//1121
f 1826//1124 1827//1124 1823//1124
f 1826//1124 1441//1124 1827//1124
f 1823//1120 1827//1120 1825//1120
f 1822//1120 1824//1120 1828//1120
f 1824//1121 1829//1121 1828//1121
f 1824//1120 1825//1120 1829//1120
f 1828//1121 1829//1121 1756//1121
f 1444//1126 1443//1126 1830//1126
f 1443//1122 1831//1122 1830//1122
f 1443//1122 1438//1122 1831//1122
f 1830//1127 1831//1127 1832//1127
f 1438//1121 1833//1121 1831//1121
f 1833//1122 1834//1122 1831//1122
f 1833//1121 1821//1121 1834//1121
f 1831//1124 1834//1124 1832//1124
f 1438//1124 1440//1124 1833//1124
f 1440//1120 1826//1120 1833//1120
f 1440//1120 1441//1120 1826//1120
f 1833//1121 1826//1121 1821//1121
f 1832//1126 1834//1126 1835//1126
f 1834//1120 1818//1120 1835//1120
f 1834//1120 1821//1120 1818//1120
f 1835//1120 1818//1120 1781//1120
f 1668//1128 1836//1128 1837//1128
f 1836//1120 1838//1120 1837//1120
f 1836//1122 1839//1122 1838//1122
f 1837//1122 1838//1122 1840//1122
f 1839//1122 1841//1122 1838//1122
f 1841//1120 1842//1120 1838//1120
f 1841//1120 1843//1120 1842//1120
f 1838//1122 1842//1122 1840//1122
f 1839//1120 1844//1120 1841//1120
f 1844//1122 1845//1122 1841//1122
f 1844//1120 1846//1120 1845//1120
f 1841//1122 1845//1122 1843//1122
f 1840//1122 1842//1122 1847//1122
f 1842//1120 1848//1120 1847//1120
f 1842//1120 1843//1120 1848//1120
f 1847//1120 1848//1120 1849//1120
f 1272//1120 1761//1120 1850//1120
f 1761//1120 1851//1120 1850//1120
f 1761//1120 1764//1120 1851//1120
f 1850//1122 1851//1122 1852//1122
f 1764//1120 1853//1120 1851//1120
f 1853//1120 1854//1120 1851//1120
f 1853//1120 1810//1120 1854//1120
f 1851//1120 1854//1120 1852//1120
f 1764//1120 1771//1120 1853//1120
f 1771//1122 1808//1122 1853//1122
f 1771//1122 1745//1122 1808//1122
f 1853//1120 1808//1120 1810//1120
f 1852//1120 1854//1120 1855//1120
f 1854//1122 1815//1122 1855//1122
f 1854//1122 1810//1122 1815//1122
f 1855//1120 1815//1120 1817//1120
f 1798//1120 1856//1120 1799//1120
f 1856//1120 1857//1120 1799//1120
f 1856//1122 1858//1122 1857//1122
f 1799//1122 1857//1122 1802//1122
f 1858//1120 1859//1120 1857//1120
f 1859//1120 1860//1120 1857//1120
f 1859//1120 1861//1120 1860//1120
f 1857//1120 1860//1120 1802//1120
f 1858//1120 1862//1120 1859//1120
f 1862//1120 1863//1120 1859//1120
f 1862//1120 1846//1120 1863//1120
f 1859//1120 1863//1120 1861//1120
f 1802//1120 1860//1120 1806//1120
f 1860//1120 1864//1120 1806//1120
f 1860//1120 1861//1120 1864//1120
f 1806//1120 1864//1120 1759//1120
f 1798//1120 1865//1120 1856//1120
f 1865//1120 1866//1120 1856//1120
f 1865//1120 1867//1120 1866//1120
f 1856//1120 1866//1120 1858//1120
f 1867//1120 1868//1120 1866//1120
f 1868//1120 1869//1120 1866//1120
f 1868//1120 1843//1120 1869//1120
f 1866//1120 1869//1120 1858//1120
f 1867//1122 1870//1122 1868//1122
f 1870//1122 1848//1122 1868//1122
f 1870//1120 1849//1120 1848//1120
f 1868//1120 1848//1120 1843//1120
f 1858//1120 1869//1120 1862//1120
f 1869//1120 1845//1120 1862//1120
f 1869//1122 1843//1122 1845//1122
f 1862//1120 1845//1120 1846//1120
f 1745//1120 1782//1120 1746//1120
f 1782//1120 1871//1120 1746//1120
f 1782//1125 1778//1125 1871//1125
f 1746//1120 1871//1120 1749//1120
f 1778//1122 1872//1122 1871//1122
f 1872//1122 1873//1122 1871//1122
f 1872//1122 1822//1122 1873//1122
f 1871//1122 1873//1122 1749//1122
f 1778//1122 1780//1122 1872//1122
f 1780//1122 1819//1122 1872//1122
f 1780//1122 1781//1122 1819//1122
f 1872//1120 1819//1120 1822//1120
f 1749//1120 1873//1120 1754//1120
f 1873//1120 1828//1120 1754//1120
f 1873//1120 1822//1120 1828//1120
f 1754//1120 1828//1120 1756//1120
f 1441//1123 1476//1123 1827//1123
f 1476//1122 1874//1122 1827//1122
f 1476//1120 1478//1120 1874//1120
f 1827//1122 1874//1122 1825//1122
f 1478//1120 1875//1120 1874//1120
f 1875//1122 1876//1122 1874//1122
f 1875//1122 1794//1122 1876//1122
f 1874//1120 1876//1120 1825//1120
f 1478//1120 1483//1120 1875//1120
f 1483//1122 1797//1122 1875//1122
f 1483//1120 1485//1120 1797//1120
f 1875//1120 1797//1120 1794//1120
f 1825//1120 1876//1120 1829//1120
f 1876//1120 1795//1120 1829//1120
f 1876//1122 1794//1122 1795//1122
f 1829//1120 1795//1120 1756//1120
f 1272//1125 1850//1125 1658//1125
f 1850//1120 1877//1120 1658//1120
f 1850//1121 1852//1121 1877//1121
f 1658//1120 1877//1120 1661//1120
f 1852//1120 1878//1120 1877//1120
f 1878//1120 1879//1120 1877//1120
f 1878//1120 1880//1120 1879//1120
f 1877//1121 1879//1121 1661//1121
f 1852//1120 1855//1120 1878//1120
f 1855//1121 1881//1121 1878//1121
f 1855//1125 1817//1125 1881//1125
f 1878//1121 1881//1121 1880//1121
f 1661//1121 1879//1121 1666//1121
f 1879//1120 1882//1120 1666//1120
f 1879//1120 1880//1120 1882//1120
f 1666//1129 1882//1129 1668//1129
f 1759//1121 1883//1121 1814//1121
f 1883//1122 1884//1122 1814//1122
f 1883//1122 1885//1122 1884//1122
f 1814//1120 1884//1120 1813//1120
f 1885//1122 1886//1122 1884//1122
f 1886//1120 1887//1120 1884//1120
f 1886//1120 1880//1120 1887//1120
f 1884//1120 1887//1120 1813//1120
f 1885//1122 1888//1122 1886//1122
f 1888//1122 1882//1122 1886//1122
f 1888//1128 1668//1128 1882//1128
f 1886//1120 1882//1120 1880//1120
f 1813//1120 1887//1120 1816//1120
f 1887//1120 1881//1120 1816//1120
f 1887//1120 1880//1120 1881//1120
f 1816//1122 1881//1122 1817//1122
f 1270//1122 1357//1122 1787//1122
f 1357//1122 1889//1122 1787//1122
f 1357//1122 1359//1122 1889//1122
f 1787//1130 1889//1130 1786//1130
f 1359//1122 1890//1122 1889//1122
f 1890//1124 1891//1124 1889//1124
f 1890//1124 1892//1124 1891//1124
f 1889//1124 1891//1124 1786//1124
f 1359//1122 1364//1122 1890//1122
f 1364//1122 1893//1122 1890//1122
f 1364//1122 1299//1122 1893//1122
f 1890//1131 1893//1131 1892//1131
f 1786//1122 1891//1122 1788//1122
f 1891//1122 1894//1122 1788//1122
f 1891//1122 1892//1122 1894//1122
f 1788//1124 1894//1124 1770//1124
f 1759//1120 1864//1120 1883//1120
f 1864//1122 1895//1122 1883//1122
f 1864//1120 1861//1120 1895//1120
f 1883//1120 1895//1120 1885//1120
f 1861//1120 1896//1120 1895//1120
f 1896//1120 1897//1120 1895//1120
f 1896//1120 1839//1120 1897//1120
f 1895//1120 1897//1120 1885//1120
f 1861//1120 1863//1120 1896//1120
f 1863//1122 1844//1122 1896//1122
f 1863//1120 1846//1120 1844//1120
f 1896//1122 1844//1122 1839//1122
f 1885//1120 1897//1120 1888//1120
f 1897//1120 1836//1120 1888//1120
f 1897//1125 1839//1125 1836//1125
f 1888//1132 1836//1132 1668//1132
f 1770//1122 1894//1122 1773//1122
f 1894//1120 1898//1120 1773//1120
f 1894//1120 1892//1120 1898//1120
f 1773//1120 1898//1120 1775//1120
f 1892//1122 1899//1122 1898//1122
f 1899//1120 1900//1120 1898//1120
f 1899//1120 1901//1120 1900//1120
f 1898//1120 1900//1120 1775//1120
f 1892//1121 1893//1121 1899//1121
f 1893//1120 1902//1120 1899//1120
f 1893//1120 1299//1120 1902//1120
f 1899//1120 1902//1120 1901//1120
f 1775//1120 1900//1120 1779//1120
f 1900//1122 1903//1122 1779//1122
f 1900//1122 1901//1122 1903//1122
f 1779//1120 1903//1120 1781//1120
f 1444//1121 1830//1121 1462//1121
f 1830//1120 1904//1120 1462//1120
f 1830//1133 1832//1133 1904//1133
f 1462//1120 1904//1120 1460//1120
f 1832//1134 1905//1134 1904//1134
f 1905//1123 1906//1123 1904//1123
f 1905//1123 1901//1123 1906//1123
f 1904//1120 1906//1120 1460//1120
f 1832//1134 1835//1134 1905//1134
f 1835//1133 1903//1133 1905//1133
f 1835//1120 1781//1120 1903//1120
f 1905//1125 1903//1125 1901//1125
f 1460//1135 1906//1135 1463//1135
f 1906//1125 1902//1125 1463//1125
f 1906//1123 1901//1123 1902//1123
f 1463//1125 1902//1125 1299//1125
f 1907//1136 1908//1136 1909//1136
f 1908//1137 1910//1137 1909//1137
f 1908//1137 1911//1137 1910//1137
f 1909//1137 1910//1137 1912//1137
f 1911//1137 1913//1137 1910//1137
f 1913//1137 1914//1137 1910//1137
f 1913//1137 1915//1137 1914//1137
f 1910//1137 1914//1137 1912//1137
f 1911//1137 1916//1137 1913//1137
f 1916//1137 1917//1137 1913//1137
f 1916//1137 1918//1137 1917//1137
f 1913//1137 1917//1137 1915//1137
f 1912//1138 1914//1138 1919//1138
f 1914//1139 1920//1139 1919//1139
f 1914//1137 1915//1137 1920//1137
f 1919//1136 1920//1136 1615//1136
f 1921//1137 1922//1137 1923//1137
f 1922//1137 1924//1137 1923//1137
f 1922//1137 1925//1137 1924//1137
f 1923//1137 1924//1137 1926//1137
f 1925//1137 1927//1137 1924//1137
f 1927//1137 1928//1137 1924//1137
f 1927//1137 1929//1137 1928//1137
f 1924//1137 1928//1137 1926//1137
f 1925//1137 1930//1137 1927//1137
f 1930//1137 1931//1137 1927//1137
f 1930//1137 1932//1137 1931//1137
f 1927//1137 1931//1137 1929//1137
f 1926//1137 1928//1137 1933//1137
f 1928//1137 1934//1137 1933//1137
f 1928//1137 1929//1137 1934//1137
f 1933//1137 1934//1137 1935//1137
f 283//1138 364//1138 1936//1138
f 364//1138 1937//1138 1936//1138
f 364//1136 367//1136 1937//1136
f 1936//1137 1937//1137 1938//1137
f 367//1136 1939//1136 1937//1136
f 1939//1137 1940//1137 1937//1137
f 1939//1137 1941//1137 1940//1137
f 1937//1137 1940//1137 1938//1137
f 367//1137 371//1137 1939//1137
f 371//1137 1942//1137 1939//1137
f 371//1137 273//1137 1942//1137
f 1939//1136 1942//1136 1941//1136
f 1938//1137 1940//1137 1943//1137
f 1940//1137 1944//1137 1943//1137
f 1940//1137 1941//1137 1944//1137
f 1943//1137 1944//1137 1932//1137
f 93//1137 1606//1137 1945//1137
f 1606//1137 1946//1137 1945//1137
f 1606//1137 1608//1137 1946//1137
f 1945//1137 1946//1137 1947//1137
f 1608//1137 1948//1137 1946//1137
f 1948//1137 1949//1137 1946//1137
f 1948//1136 1950//1136 1949//1136
f 1946//1136 1949//1136 1947//1136
f 1608//1137 1613//1137 1948//1137
f 1613//1137 1951//1137 1948//1137
f 1613//1137 1615//1137 1951//1137
f 1948//1136 1951//1136 1950//1136
f 1947//1138 1949//1138 1952//1138
f 1949//1138 1953//1138 1952//1138
f 1949//1138 1950//1138 1953//1138
f 1952//1136 1953//1136 1954//1136
f 273//1137 1955//1137 1942//1137
f 1955//1137 1956//1137 1942//1137
f 1955//1137 1957//1137 1956//1137
f 1942//1136 1956//1136 1941//1136
f 1957//1137 1958//1137 1956//1137
f 1958//1137 1959//1137 1956//1137
f 1958//1137 1929//1137 1959//1137
f 1956//1137 1959//1137 1941//1137
f 1957//1137 1960//1137 1958//1137
f 1960//1136 1934//1136 1958//1136
f 1960//1136 1935//1136 1934//1136
f 1958//1137 1934//1137 1929//1137
f 1941//1137 1959//1137 1944//1137
f 1959//1137 1931//1137 1944//1137
f 1959//1137 1929//1137 1931//1137
f 1944//1137 1931//1137 1932//1137
f 273//1137 1961//1137 1955//1137
f 1961//1137 1962//1137 1955//1137
f 1961//1137 1963//1137 1962//1137
f 1955//1137 1962//1137 1957//1137
f 1963//1137 1964//1137 1962//1137
f 1964//1137 1965//1137 1962//1137
f 1964//1137 1966//1137 1965//1137
f 1962//1137 1965//1137 1957//1137
f 1963//1137 1967//1137 1964//1137
f 1967//1137 1968//1137 1964//1137
f 1967//1137 1954//1137 1968//1137
f 1964//1137 1968//1137 1966//1137
f 1957//1137 1965//1137 1960//1137
f 1965//1137 1969//1137 1960//1137
f 1965//1137 1966//1137 1969//1137
f 1960//1137 1969//1137 1935//1137
f 1639//1137 1673//1137 1970//1137
f 1673//1137 1971//1137 1970//1137
f 1673//1137 1676//1137 1971//1137
f 1970//1137 1971//1137 1972//1137
f 1676//1137 1973//1137 1971//1137
f 1973//1137 1974//1137 1971//1137
f 1973//1137 1975//1137 1974//1137
f 1971//1137 1974//1137 1972//1137
f 1676//1137 1680//1137 1973//1137
f 1680//1137 1976//1137 1973//1137
f 1680//1138 1668//1138 1976//1138
f 1973//1137 1976//1137 1975//1137
f 1972//1137 1974//1137 1977//1137
f 1974//1137 1978//1137 1977//1137
f 1974//1137 1975//1137 1978//1137
f 1977//1137 1978//1137 1979//1137
f 1935//1137 1980//1137 1981//1137
f 1980//1137 1982//1137 1981//1137
f 1980//1137 1983//1137 1982//1137
f 1981//1137 1982//1137 1984//1137
f 1983//1137 1985//1137 1982//1137
f 1985//1137 1986//1137 1982//1137
f 1985//1137 1987//1137 1986//1137
f 1982//1137 1986//1137 1984//1137
f 1983//1137 1988//1137 1985//1137
f 1988//1137 1989//1137 1985//1137
f 1988//1137 1907//1137 1989//1137
f 1985//1137 1989//1137 1987//1137
f 1984//1137 1986//1137 1990//1137
f 1986//1137 1991//1137 1990//1137
f 1986//1137 1987//1137 1991//1137
f 1990//1137 1991//1137 1979//1137
f 1921//1137 1992//1137 1993//1137
f 1992//1137 1994//1137 1993//1137
f 1992//1137 1995//1137 1994//1137
f 1993//1137 1994//1137 1996//1137
f 1995//1137 1997//1137 1994//1137
f 1997//1137 1998//1137 1994//1137
f 1997//1137 1975//1137 1998//1137
f 1994//1137 1998//1137 1996//1137
f 1995//1137 1999//1137 1997//1137
f 1999//1137 1978//1137 1997//1137
f 1999//1137 1979//1137 1978//1137
f 1997//1137 1978//1137 1975//1137
f 1996//1137 1998//1137 2000//1137
f 1998//1137 1976//1137 2000//1137
f 1998//1137 1975//1137 1976//1137
f 2000//1140 1976//1140 1668//1140
f 1921//1137 1923//1137 1992//1137
f 1923//1137 2001//1137 1992//1137
f 1923//1137 1926//1137 2001//1137
f 1992//1137 2001//1137 1995//1137
f 1926//1137 2002//1137 2001//1137
f 2002//1137 2003//1137 2001//1137
f 2002//1137 1984//1137 2003//1137
f 2001//1137 2003//1137 1995//1137
f 1926//1137 1933//1137 2002//1137
f 1933//1137 1981//1137 2002//1137
f 1933//1137 1935//1137 1981//1137
f 2002//1137 1981//1137 1984//1137
f 1995//1137 2003//1137 1999//1137
f 2003//1137 1990//1137 1999//1137
f 2003//1137 1984//1137 1990//1137
f 1999//1137 1990//1137 1979//1137
f 1935//1136 2004//1136 1980//1136
f 2004//1136 2005//1136 1980//1136
f 2004//1136 2006//1136 2005//1136
f 1980//1137 2005//1137 1983//1137
f 2006//1136 2007//1136 2005//1136
f 2007//1136 2008//1136 2005//1136
f 2007//1137 1911//1137 2008//1137
f 2005//1137 2008//1137 1983//1137
f 2006//1136 2009//1136 2007//1136
f 2009//1137 1916//1137 2007//1137
f 2009//1138 1918//1138 1916//1138
f 2007//1137 1916//1137 1911//1137
f 1983//1137 2008//1137 1988//1137
f 2008//1137 1908//1137 1988//1137
f 2008//1137 1911//1137 1908//1137
f 1988//1137 1908//1137 1907//1137
f 1954//1137 1953//1137 2010//1137
f 1953//1137 2011//1137 2010//1137
f 1953//1138 1950//1138 2011//1138
f 2010//1137 2011//1137 2012//1137
f 1950//1137 2013//1137 2011//1137
f 2013//1141 2014//1141 2011//1141
f 2013//1137 1915//1137 2014//1137
f 2011//1141 2014//1141 2012//1141
f 1950//1137 1951//1137 2013//1137
f 1951//1137 1920//1137 2013//1137
f 1951//1137 1615//1137 1920//1137
f 2013//1137 1920//1137 1915//1137
f 2012//1137 2014//1137 2015//1137
f 2014//1138 1917//1138 2015//1138
f 2014//1137 1915//1137 1917//1137
f 2015//1141 1917//1141 1918//1141
f 1935//1137 1969//1137 2004//1137
f 1969//1137 2016//1137 2004//1137
f 1969//1137 1966//1137 2016//1137
f 2004//1137 2016//1137 2006//1137
f 1966//1137 2017//1137 2016//1137
f 2017//1137 2018//1137 2016//1137
f 2017//1137 2012//1137 2018//1137
f 2016//1137 2018//1137 2006//1137
f 1966//1137 1968//1137 2017//1137
f 1968//1137 2010//1137 2017//1137
f 1968//1137 1954//1137 2010//1137
f 2017//1137 2010//1137 2012//1137
f 2006//1137 2018//1137 2009//1137
f 2018//1137 2015//1137 2009//1137
f 2018//1137 2012//1137 2015//1137
f 2009//1142 2015//1142 1918//1142
f 1615//1143 1641//1143 1919//1143
f 1641//1143 2019//1143 1919//1143
f 1641//1143 1636//1143 2019//1143
f 1919//1138 2019//1138 1912//1138
f 1636//1143 2020//1143 2019//1143
f 2020//1137 2021//1137 2019//1137
f 2020//1138 2022//1138 2021//1138
f 2019//1137 2021//1137 1912//1137
f 1636//1143 1638//1143 2020//1143
f 1638//1143 2023//1143 2020//1143
f 1638//1143 1639//1143 2023//1143
f 2020//1138 2023//1138 2022//1138
f 1912//1137 2021//1137 1909//1137
f 2021//1137 2024//1137 1909//1137
f 2021//1137 2022//1137 2024//1137
f 1909//1143 2024//1143 1907//1143
f 1979//1137 1991//1137 1977//1137
f 1991//1137 2025//1137 1977//1137
f 1991//1137 1987//1137 2025//1137
f 1977//1137 2025//1137 1972//1137
f 1987//1137 2026//1137 2025//1137
f 2026//1137 2027//1137 2025//1137
f 2026//1137 2022//1137 2027//1137
f 2025//1137 2027//1137 1972//1137
f 1987//1137 1989//1137 2026//1137
f 1989//1137 2024//1137 2026//1137
f 1989//1137 1907//1137 2024//1137
f 2026//1137 2024//1137 2022//1137
f 1972//1137 2027//1137 1970//1137
f 2027//1137 2023//1137 1970//1137
f 2027//1137 2022//1137 2023//1137
f 1970//1137 2023//1137 1639//1137
f 93//1137 1945//1137 282//1137
f 1945//1137 2028//1137 282//1137
f 1945//1136 1947//1136 2028//1136
f 282//1137 2028//1137 278//1137
f 1947//1137 2029//1137 2028//1137
f 2029//1137 2030//1137 2028//1137
f 2029//1136 1963//1136 2030//1136
f 2028//1137 2030//1137 278//1137
f 1947//1137 1952//1137 2029//1137
f 1952//1137 1967//1137 2029//1137
f 1952//1141 1954//1141 1967//1141
f 2029//1137 1967//1137 1963//1137
f 278//1137 2030//1137 275//1137
f 2030//1137 1961//1137 275//1137
f 2030//1137 1963//1137 1961//1137
f 275//1136 1961//1136 273//1136
f 2031//1144 2032//1144 2033//1144
f 2032//1145 2034//1145 2033//1145
f 2032//1146 2035//1146 2034//1146
f 2033//1147 2034//1147 2036//1147
f 2035//1148 2037//1148 2034//1148
f 2037//1149 2038//1149 2034//1149
f 2037//1150 351//1150 2038//1150
f 2034//1151 2038//1151 2036//1151
f 2035//1152 2039//1152 2037//1152
f 2039//1153 348//1153 2037//1153
f 2039//1154 345//1154 348//1154
f 2037//1155 348//1155 351//1155
f 2036//1156 2038//1156 2040//1156
f 2038//1157 357//1157 2040//1157
f 2038//1157 351//1157 357//1157
f 2040//1157 357//1157 359//1157
f 2041//1158 2042//1158 2043//1158
f 2042//1159 2044//1159 2043//1159
f 2042//1160 2045//1160 2044//1160
f 2043//1161 2044//1161 2046//1161
f 2045//1162 2047//1162 2044//1162
f 2047//1163 2048//1163 2044//1163
f 2047//1164 2036//1164 2048//1164
f 2044//1165 2048//1165 2046//1165
f 2045//1166 2049//1166 2047//1166
f 2049//1167 2033//1167 2047//1167
f 2049//1168 2031//1168 2033//1168
f 2047//1169 2033//1169 2036//1169
f 2046//1170 2048//1170 2050//1170
f 2048//1171 2040//1171 2050//1171
f 2048//1172 2036//1172 2040//1172
f 2050//1173 2040//1173 359//1173
f 2041//1174 2051//1174 2042//1174
f 2051//1175 2052//1175 2042//1175
f 2051//1176 2053//1176 2052//1176
f 2042//1177 2052//1177 2045//1177
f 2053//1178 2054//1178 2052//1178
f 2054//1179 2055//1179 2052//1179
f 2054//1180 2056//1180 2055//1180
f 2052//1181 2055//1181 2045//1181
f 2053//1182 2057//1182 2054//1182
f 2057//1183 2058//1183 2054//1183
f 2057//1184 2059//1184 2058//1184
f 2054//1185 2058//1185 2056//1185
f 2045//1186 2055//1186 2049//1186
f 2055//1187 2060//1187 2049//1187
f 2055//1188 2056//1188 2060//1188
f 2049//1189 2060//1189 2031//1189
f 345//1190 2061//1190 344//1190
f 2061//1190 2062//1190 344//1190
f 2061//1190 2063//1190 2062//1190
f 344//1190 2062//1190 342//1190
f 2063//1190 2064//1190 2062//1190
f 2064//1190 2065//1190 2062//1190
f 2064//1190 2066//1190 2065//1190
f 2062//1190 2065//1190 342//1190
f 2063//1190 2067//1190 2064//1190
f 2067//1190 2068//1190 2064//1190
f 2067//1190 2069//1190 2068//1190
f 2064//1190 2068//1190 2066//1190
f 342//1190 2065//1190 346//1190
f 2065//1190 2070//1190 346//1190
f 2065//1190 2066//1190 2070//1190
f 346//1190 2070//1190 330//1190
f 907//1191 2071//1191 2072//1191
f 2071//1191 2073//1191 2072//1191
f 2071//1191 2074//1191 2073//1191
f 2072//1190 2073//1190 2075//1190
f 2074//1190 2076//1190 2073//1190
f 2076//1190 2077//1190 2073//1190
f 2076//1190 2078//1190 2077//1190
f 2073//1190 2077//1190 2075//1190
f 2074//1190 2079//1190 2076//1190
f 2079//1190 2080//1190 2076//1190
f 2079//1190 2081//1190 2080//1190
f 2076//1191 2080//1191 2078//1191
f 2075//1191 2077//1191 2082//1191
f 2077//1191 2083//1191 2082//1191
f 2077//1191 2078//1191 2083//1191
f 2082//1192 2083//1192 2084//1192
f 2085//1191 2086//1191 2087//1191
f 2086//1191 2088//1191 2087//1191
f 2086//1190 2089//1190 2088//1190
f 2087//1191 2088//1191 2090//1191
f 2089//1190 2091//1190 2088//1190
f 2091//1193 2092//1193 2088//1193
f 2091//1191 2093//1191 2092//1191
f 2088//1193 2092//1193 2090//1193
f 2089//1191 2094//1191 2091//1191
f 2094//1191 2095//1191 2091//1191
f 2094//1190 2096//1190 2095//1190
f 2091//1191 2095//1191 2093//1191
f 2090//1190 2092//1190 2097//1190
f 2092//1190 2098//1190 2097//1190
f 2092//1191 2093//1191 2098//1191
f 2097//1193 2098//1193 2099//1193
f 2085//1191 2100//1191 2101//1191
f 2100//1191 2102//1191 2101//1191
f 2100//1190 2103//1190 2102//1190
f 2101//1191 2102//1191 2104//1191
f 2103//1190 2105//1190 2102//1190
f 2105//1191 2106//1191 2102//1191
f 2105//1191 2107//1191 2106//1191
f 2102//1191 2106//1191 2104//1191
f 2103//1194 2108//1194 2105//1194
f 2108//1192 2109//1192 2105//1192
f 2108//1191 2110//1191 2109//1191
f 2105//1195 2109//1195 2107//1195
f 2104//1190 2106//1190 2111//1190
f 2106//1190 2112//1190 2111//1190
f 2106//1190 2107//1190 2112//1190
f 2111//1191 2112//1191 2081//1191
f 330//1190 2070//1190 2113//1190
f 2070//1190 2114//1190 2113//1190
f 2070//1190 2066//1190 2114//1190
f 2113//1195 2114//1195 2115//1195
f 2066//1191 2116//1191 2114//1191
f 2116//1190 2117//1190 2114//1190
f 2116//1190 2118//1190 2117//1190
f 2114//1190 2117//1190 2115//1190
f 2066//1191 2068//1191 2116//1191
f 2068//1190 2119//1190 2116//1190
f 2068//1190 2069//1190 2119//1190
f 2116//1190 2119//1190 2118//1190
f 2115//1191 2117//1191 2120//1191
f 2117//1190 2121//1190 2120//1190
f 2117//1190 2118//1190 2121//1190
f 2120//1195 2121//1195 2122//1195
f 2123//1190 2124//1190 2125//1190
f 2124//1190 2126//1190 2125//1190
f 2124//1190 2127//1190 2126//1190
f 2125//1190 2126//1190 2128//1190
f 2127//1190 2129//1190 2126//1190
f 2129//1190 2130//1190 2126//1190
f 2129//1190 2131//1190 2130//1190
f 2126//1190 2130//1190 2128//1190
f 2127//1190 2132//1190 2129//1190
f 2132//1190 2133//1190 2129//1190
f 2132//1190 2134//1190 2133//1190
f 2129//1190 2133//1190 2131//1190
f 2128//1190 2130//1190 2135//1190
f 2130//1190 2136//1190 2135//1190
f 2130//1190 2131//1190 2136//1190
f 2135//1190 2136//1190 2069//1190
f 907//1191 2137//1191 2138//1191
f 2137//1191 2139//1191 2138//1191
f 2137//1190 2140//1190 2139//1190
f 2138//1190 2139//1190 2141//1190
f 2140//1190 2142//1190 2139//1190
f 2142//1190 2143//1190 2139//1190
f 2142//1190 2131//1190 2143//1190
f 2139//1190 2143//1190 2141//1190
f 2140//1190 2144//1190 2142//1190
f 2144//1190 2136//1190 2142//1190
f 2144//1190 2069//1190 2136//1190
f 2142//1190 2136//1190 2131//1190
f 2141//1190 2143//1190 2145//1190
f 2143//1190 2133//1190 2145//1190
f 2143//1190 2131//1190 2133//1190
f 2145//1191 2133//1191 2134//1191
f 317//1190 319//1190 2146//1190
f 319//1190 2147//1190 2146//1190
f 319//1190 322//1190 2147//1190
f 2146//1190 2147//1190 2148//1190
f 322//1195 2149//1195 2147//1195
f 2149//1195 2150//1195 2147//1195
f 2149//1190 2115//1190 2150//1190
f 2147//1193 2150//1193 2148//1193
f 322//1191 328//1191 2149//1191
f 328//1191 2113//1191 2149//1191
f 328//1191 330//1191 2113//1191
f 2149//1190 2113//1190 2115//1190
f 2148//1190 2150//1190 2151//1190
f 2150//1195 2120//1195 2151//1195
f 2150//1191 2115//1191 2120//1191
f 2151//1195 2120//1195 2122//1195
f 345//1191 2039//1191 2152//1191
f 2039//1191 2153//1191 2152//1191
f 2039//1190 2035//1190 2153//1190
f 2152//1191 2153//1191 2154//1191
f 2035//1190 2155//1190 2153//1190
f 2155//1191 2156//1191 2153//1191
f 2155//1191 2157//1191 2156//1191
f 2153//1191 2156//1191 2154//1191
f 2035//1190 2032//1190 2155//1190
f 2032//1190 2158//1190 2155//1190
f 2032//1191 2031//1191 2158//1191
f 2155//1191 2158//1191 2157//1191
f 2154//1190 2156//1190 2159//1190
f 2156//1190 2160//1190 2159//1190
f 2156//1190 2157//1190 2160//1190
f 2159//1190 2160//1190 2161//1190
f 345//1190 2152//1190 2061//1190
f 2152//1190 2162//1190 2061//1190
f 2152//1190 2154//1190 2162//1190
f 2061//1190 2162//1190 2063//1190
f 2154//1190 2163//1190 2162//1190
f 2163//1190 2164//1190 2162//1190
f 2163//1190 2165//1190 2164//1190
f 2162//1190 2164//1190 2063//1190
f 2154//1190 2159//1190 2163//1190
f 2159//1190 2166//1190 2163//1190
f 2159//1190 2161//1190 2166//1190
f 2163//1190 2166//1190 2165//1190
f 2063//1190 2164//1190 2067//1190
f 2164//1190 2167//1190 2067//1190
f 2164//1190 2165//1190 2167//1190
f 2067//1190 2167//1190 2069//1190
f 907//1190 2138//1190 2071//1190
f 2138//1190 2168//1190 2071//1190
f 2138//1190 2141//1190 2168//1190
f 2071//1190 2168//1190 2074//1190
f 2141//1191 2169//1191 2168//1191
f 2169//1190 2170//1190 2168//1190
f 2169//1190 2171//1190 2170//1190
f 2168//1190 2170//1190 2074//1190
f 2141//1191 2145//1191 2169//1191
f 2145//1190 2172//1190 2169//1190
f 2145//1190 2134//1190 2172//1190
f 2169//1190 2172//1190 2171//1190
f 2074//1190 2170//1190 2079//1190
f 2170//1191 2173//1191 2079//1191
f 2170//1191 2171//1191 2173//1191
f 2079//1190 2173//1190 2081//1190
f 2123//1190 2125//1190 2174//1190
f 2125//1190 2175//1190 2174//1190
f 2125//1190 2128//1190 2175//1190
f 2174//1190 2175//1190 2176//1190
f 2128//1191 2177//1191 2175//1191
f 2177//1191 2178//1191 2175//1191
f 2177//1190 2165//1190 2178//1190
f 2175//1191 2178//1191 2176//1191
f 2128//1191 2135//1191 2177//1191
f 2135//1191 2167//1191 2177//1191
f 2135//1191 2069//1191 2167//1191
f 2177//1190 2167//1190 2165//1190
f 2176//1191 2178//1191 2179//1191
f 2178//1190 2166//1190 2179//1190
f 2178//1190 2165//1190 2166//1190
f 2179//1190 2166//1190 2161//1190
f 488//1191 2180//1191 500//1191
f 2180//1191 2181//1191 500//1191
f 2180//1193 2182//1193 2181//1193
f 500//1191 2181//1191 503//1191
f 2182//1193 2183//1193 2181//1193
f 2183//1193 2184//1193 2181//1193
f 2183//1196 2185//1196 2184//1196
f 2181//1191 2184//1191 503//1191
f 2182//1191 2186//1191 2183//1191
f 2186//1191 2187//1191 2183//1191
f 2186//1191 2188//1191 2187//1191
f 2183//1192 2187//1192 2185//1192
f 503//1192 2184//1192 508//1192
f 2184//1192 2189//1192 508//1192
f 2184//1196 2185//1196 2189//1196
f 508//1191 2189//1191 510//1191
f 390//1197 2190//1197 2191//1197
f 2190//1197 2192//1197 2191//1197
f 2190//1191 2193//1191 2192//1191
f 2191//1192 2192//1192 2194//1192
f 2193//1190 2195//1190 2192//1190
f 2195//1192 2196//1192 2192//1192
f 2195//1193 2197//1193 2196//1193
f 2192//1192 2196//1192 2194//1192
f 2193//1190 2198//1190 2195//1190
f 2198//1190 2199//1190 2195//1190
f 2198//1191 2084//1191 2199//1191
f 2195//1190 2199//1190 2197//1190
f 2194//1198 2196//1198 2200//1198
f 2196//1198 2201//1198 2200//1198
f 2196//1191 2197//1191 2201//1191
f 2200//1190 2201//1190 2110//1190
f 2123//1191 2202//1191 2124//1191
f 2202//1190 2203//1190 2124//1190
f 2202//1190 2204//1190 2203//1190
f 2124//1190 2203//1190 2127//1190
f 2204//1191 2205//1191 2203//1191
f 2205//1191 2206//1191 2203//1191
f 2205//1190 2207//1190 2206//1190
f 2203//1190 2206//1190 2127//1190
f 2204//1190 2208//1190 2205//1190
f 2208//1190 2209//1190 2205//1190
f 2208//1191 2096//1191 2209//1191
f 2205//1190 2209//1190 2207//1190
f 2127//1191 2206//1191 2132//1191
f 2206//1191 2210//1191 2132//1191
f 2206//1190 2207//1190 2210//1190
f 2132//1191 2210//1191 2134//1191
f 510//1191 2189//1191 2211//1191
f 2189//1191 2212//1191 2211//1191
f 2189//1191 2185//1191 2212//1191
f 2211//1198 2212//1198 2213//1198
f 2185//1191 2214//1191 2212//1191
f 2214//1191 2215//1191 2212//1191
f 2214//1193 2216//1193 2215//1193
f 2212//1192 2215//1192 2213//1192
f 2185//1194 2187//1194 2214//1194
f 2187//1198 2217//1198 2214//1198
f 2187//1198 2188//1198 2217//1198
f 2214//1191 2217//1191 2216//1191
f 2213//1192 2215//1192 2218//1192
f 2215//1194 2219//1194 2218//1194
f 2215//1191 2216//1191 2219//1191
f 2218//1194 2219//1194 2220//1194
f 2134//1190 2210//1190 2221//1190
f 2210//1190 2222//1190 2221//1190
f 2210//1190 2207//1190 2222//1190
f 2221//1190 2222//1190 2223//1190
f 2207//1191 2224//1191 2222//1191
f 2224//1190 2225//1190 2222//1190
f 2224//1190 2089//1190 2225//1190
f 2222//1190 2225//1190 2223//1190
f 2207//1191 2209//1191 2224//1191
f 2209//1190 2094//1190 2224//1190
f 2209//1190 2096//1190 2094//1190
f 2224//1190 2094//1190 2089//1190
f 2223//1191 2225//1191 2226//1191
f 2225//1190 2086//1190 2226//1190
f 2225//1190 2089//1190 2086//1190
f 2226//1190 2086//1190 2085//1190
f 2134//1190 2221//1190 2172//1190
f 2221//1190 2227//1190 2172//1190
f 2221//1190 2223//1190 2227//1190
f 2172//1190 2227//1190 2171//1190
f 2223//1190 2228//1190 2227//1190
f 2228//1190 2229//1190 2227//1190
f 2228//1190 2104//1190 2229//1190
f 2227//1190 2229//1190 2171//1190
f 2223//1191 2226//1191 2228//1191
f 2226//1195 2101//1195 2228//1195
f 2226//1193 2085//1193 2101//1193
f 2228//1190 2101//1190 2104//1190
f 2171//1190 2229//1190 2173//1190
f 2229//1190 2111//1190 2173//1190
f 2229//1190 2104//1190 2111//1190
f 2173//1195 2111//1195 2081//1195
f 488//1190 2230//1190 2231//1190
f 2230//1190 2232//1190 2231//1190
f 2230//1190 2233//1190 2232//1190
f 2231//1190 2232//1190 2234//1190
f 2233//1191 2235//1191 2232//1191
f 2235//1190 2236//1190 2232//1190
f 2235//1190 2237//1190 2236//1190
f 2232//1190 2236//1190 2234//1190
f 2233//1191 2238//1191 2235//1191
f 2238//1191 2239//1191 2235//1191
f 2238//1191 2099//1191 2239//1191
f 2235//1190 2239//1190 2237//1190
f 2234//1190 2236//1190 2240//1190
f 2236//1190 2241//1190 2240//1190
f 2236//1190 2237//1190 2241//1190
f 2240//1190 2241//1190 2242//1190
f 907//1191 2243//1191 2137//1191
f 2243//1190 2244//1190 2137//1190
f 2243//1190 2245//1190 2244//1190
f 2137//1190 2244//1190 2140//1190
f 2245//1190 2246//1190 2244//1190
f 2246//1190 2247//1190 2244//1190
f 2246//1190 2118//1190 2247//1190
f 2244//1191 2247//1191 2140//1191
f 2245//1190 2248//1190 2246//1190
f 2248//1191 2121//1191 2246//1191
f 2248//1191 2122//1191 2121//1191
f 2246//1191 2121//1191 2118//1191
f 2140//1191 2247//1191 2144//1191
f 2247//1191 2119//1191 2144//1191
f 2247//1190 2118//1190 2119//1190
f 2144//1190 2119//1190 2069//1190
f 2081//1193 2112//1193 2080//1193
f 2112//1193 2249//1193 2080//1193
f 2112//1190 2107//1190 2249//1190
f 2080//1191 2249//1191 2078//1191
f 2107//1194 2250//1194 2249//1194
f 2250//1196 2251//1196 2249//1196
f 2250//1196 2197//1196 2251//1196
f 2249//1191 2251//1191 2078//1191
f 2107//1192 2109//1192 2250//1192
f 2109//1191 2201//1191 2250//1191
f 2109//1191 2110//1191 2201//1191
f 2250//1191 2201//1191 2197//1191
f 2078//1193 2251//1193 2083//1193
f 2251//1192 2199//1192 2083//1192
f 2251//1194 2197//1194 2199//1194
f 2083//1192 2199//1192 2084//1192
f 2096//1190 2252//1190 2095//1190
f 2252//1193 2253//1193 2095//1193
f 2252//1191 2254//1191 2253//1191
f 2095//1191 2253//1191 2093//1191
f 2254//1190 2255//1190 2253//1190
f 2255//1190 2256//1190 2253//1190
f 2255//1190 2237//1190 2256//1190
f 2253//1191 2256//1191 2093//1191
f 2254//1190 2257//1190 2255//1190
f 2257//1191 2241//1191 2255//1191
f 2257//1191 2242//1191 2241//1191
f 2255//1191 2241//1191 2237//1191
f 2093//1191 2256//1191 2098//1191
f 2256//1190 2239//1190 2098//1190
f 2256//1190 2237//1190 2239//1190
f 2098//1190 2239//1190 2099//1190
f 488//1193 2231//1193 2180//1193
f 2231//1193 2258//1193 2180//1193
f 2231//1192 2234//1192 2258//1192
f 2180//1193 2258//1193 2182//1193
f 2234//1195 2259//1195 2258//1195
f 2259//1199 2260//1199 2258//1199
f 2259//1190 2261//1190 2260//1190
f 2258//1193 2260//1193 2182//1193
f 2234//1193 2240//1193 2259//1193
f 2240//1193 2262//1193 2259//1193
f 2240//1193 2242//1193 2262//1193
f 2259//1190 2262//1190 2261//1190
f 2182//1190 2260//1190 2186//1190
f 2260//1195 2263//1195 2186//1195
f 2260//1193 2261//1193 2263//1193
f 2186//1199 2263//1199 2188//1199
f 2123//1190 2174//1190 2264//1190
f 2174//1191 2265//1191 2264//1191
f 2174//1190 2176//1190 2265//1190
f 2264//1191 2265//1191 2266//1191
f 2176//1190 2267//1190 2265//1190
f 2267//1190 2268//1190 2265//1190
f 2267//1190 2269//1190 2268//1190
f 2265//1190 2268//1190 2266//1190
f 2176//1191 2179//1191 2267//1191
f 2179//1190 2270//1190 2267//1190
f 2179//1190 2161//1190 2270//1190
f 2267//1190 2270//1190 2269//1190
f 2266//1190 2268//1190 2271//1190
f 2268//1190 2272//1190 2271//1190
f 2268//1190 2269//1190 2272//1190
f 2271//1190 2272//1190 2059//1190
f 390//1190 2273//1190 480//1190
f 2273//1190 2274//1190 480//1190
f 2273//1190 2275//1190 2274//1190
f 480//1190 2274//1190 482//1190
f 2275//1190 2276//1190 2274//1190
f 2276//1191 2277//1191 2274//1191
f 2276//1191 2278//1191 2277//1191
f 2274//1190 2277//1190 482//1190
f 2275//1191 2279//1191 2276//1191
f 2279//1190 2280//1190 2276//1190
f 2279//1190 2085//1190 2280//1190
f 2276//1190 2280//1190 2278//1190
f 482//1190 2277//1190 486//1190
f 2277//1191 2281//1191 486//1191
f 2277//1190 2278//1190 2281//1190
f 486//1191 2281//1191 488//1191
f 2031//1193 2060//1193 2158//1193
f 2060//1190 2282//1190 2158//1190
f 2060//1190 2056//1190 2282//1190
f 2158//1190 2282//1190 2157//1190
f 2056//1190 2283//1190 2282//1190
f 2283//1191 2284//1191 2282//1191
f 2283//1191 2269//1191 2284//1191
f 2282//1191 2284//1191 2157//1191
f 2056//1190 2058//1190 2283//1190
f 2058//1191 2272//1191 2283//1191
f 2058//1191 2059//1191 2272//1191
f 2283//1193 2272//1193 2269//1193
f 2157//1190 2284//1190 2160//1190
f 2284//1190 2270//1190 2160//1190
f 2284//1190 2269//1190 2270//1190
f 2160//1190 2270//1190 2161//1190
f 390//1200 2191//1200 2273//1200
f 2191//1193 2285//1193 2273//1193
f 2191//1201 2194//1201 2285//1201
f 2273//1193 2285//1193 2275//1193
f 2194//1201 2286//1201 2285//1201
f 2286//1202 2287//1202 2285//1202
f 2286//1202 2103//1202 2287//1202
f 2285//1200 2287//1200 2275//1200
f 2194//1193 2200//1193 2286//1193
f 2200//1200 2108//1200 2286//1200
f 2200//1190 2110//1190 2108//1190
f 2286//1200 2108//1200 2103//1200
f 2275//1200 2287//1200 2279//1200
f 2287//1193 2100//1193 2279//1193
f 2287//1190 2103//1190 2100//1190
f 2279//1190 2100//1190 2085//1190
f 488//1190 2281//1190 2230//1190
f 2281//1191 2288//1191 2230//1191
f 2281//1191 2278//1191 2288//1191
f 2230//1192 2288//1192 2233//1192
f 2278//1191 2289//1191 2288//1191
f 2289//1191 2290//1191 2288//1191
f 2289//1191 2090//1191 2290//1191
f 2288//1195 2290//1195 2233//1195
f 2278//1191 2280//1191 2289//1191
f 2280//1191 2087//1191 2289//1191
f 2280//1191 2085//1191 2087//1191
f 2289//1191 2087//1191 2090//1191
f 2233//1195 2290//1195 2238//1195
f 2290//1195 2097//1195 2238//1195
f 2290//1191 2090//1191 2097//1191
f 2238//1195 2097//1195 2099//1195
f 317//1190 2146//1190 977//1190
f 2146//1190 2291//1190 977//1190
f 2146//1190 2148//1190 2291//1190
f 977//1191 2291//1191 979//1191
f 2148//1195 2292//1195 2291//1195
f 2292//1191 2293//1191 2291//1191
f 2292//1191 2245//1191 2293//1191
f 2291//1191 2293//1191 979//1191
f 2148//1190 2151//1190 2292//1190
f 2151//1191 2248//1191 2292//1191
f 2151//1191 2122//1191 2248//1191
f 2292//1193 2248//1193 2245//1193
f 979//1190 2293//1190 982//1190
f 2293//1190 2243//1190 982//1190
f 2293//1190 2245//1190 2243//1190
f 982//1191 2243//1191 907//1191
f 882//1191 951//1191 2294//1191
f 951//1191 2295//1191 2294//1191
f 951//1203 954//1203 2295//1203
f 2294//1193 2295//1193 2296//1193
f 954//1203 2297//1203 2295//1203
f 2297//1204 2298//1204 2295//1204
f 2297//1193 2075//1193 2298//1193
f 2295//1204 2298//1204 2296//1204
f 954//1191 958//1191 2297//1191
f 958//1192 2072//1192 2297//1192
f 958//1192 907//1192 2072//1192
f 2297//1190 2072//1190 2075//1190
f 2296//1198 2298//1198 2299//1198
f 2298//1198 2082//1198 2299//1198
f 2298//1191 2075//1191 2082//1191
f 2299//1190 2082//1190 2084//1190
f 2123//1191 2300//1191 2301//1191
f 2300//1191 2302//1191 2301//1191
f 2300//1198 2303//1198 2302//1198
f 2301//1191 2302//1191 2304//1191
f 2303//1198 2305//1198 2302//1198
f 2305//1193 2306//1193 2302//1193
f 2305//1191 2307//1191 2306//1191
f 2302//1193 2306//1193 2304//1193
f 2303//1191 2308//1191 2305//1191
f 2308//1193 2309//1193 2305//1193
f 2308//1193 2220//1193 2309//1193
f 2305//1198 2309//1198 2307//1198
f 2304//1198 2306//1198 2310//1198
f 2306//1198 2311//1198 2310//1198
f 2306//1191 2307//1191 2311//1191
f 2310//1190 2311//1190 2242//1190
f 390//1205 2312//1205 2190//1205
f 2312//1192 2313//1192 2190//1192
f 2312//1206 2314//1206 2313//1206
f 2190//1207 2313//1207 2193//1207
f 2314//1207 2315//1207 2313//1207
f 2315//1205 2316//1205 2313//1205
f 2315//1205 2296//1205 2316//1205
f 2313//1206 2316//1206 2193//1206
f 2314//1207 2317//1207 2315//1207
f 2317//1206 2294//1206 2315//1206
f 2317//1206 882//1206 2294//1206
f 2315//1206 2294//1206 2296//1206
f 2193//1206 2316//1206 2198//1206
f 2316//1207 2299//1207 2198//1207
f 2316//1207 2296//1207 2299//1207
f 2198//1207 2299//1207 2084//1207
f 2123//1190 2301//1190 2202//1190
f 2301//1190 2318//1190 2202//1190
f 2301//1193 2304//1193 2318//1193
f 2202//1190 2318//1190 2204//1190
f 2304//1193 2319//1193 2318//1193
f 2319//1190 2320//1190 2318//1190
f 2319//1190 2254//1190 2320//1190
f 2318//1190 2320//1190 2204//1190
f 2304//1193 2310//1193 2319//1193
f 2310//1193 2257//1193 2319//1193
f 2310//1193 2242//1193 2257//1193
f 2319//1190 2257//1190 2254//1190
f 2204//1193 2320//1193 2208//1193
f 2320//1191 2252//1191 2208//1191
f 2320//1193 2254//1193 2252//1193
f 2208//1190 2252//1190 2096//1190
f 2242//1198 2311//1198 2262//1198
f 2311//1198 2321//1198 2262//1198
f 2311//1199 2307//1199 2321//1199
f 2262//1198 2321//1198 2261//1198
f 2307//1199 2322//1199 2321//1199
f 2322//1199 2323//1199 2321//1199
f 2322//1199 2216//1199 2323//1199
f 2321//1198 2323//1198 2261//1198
f 2307//1198 2309//1198 2322//1198
f 2309//1208 2219//1208 2322//1208
f 2309//1209 2220//1209 2219//1209
f 2322//1193 2219//1193 2216//1193
f 2261//1198 2323//1198 2263//1198
f 2323//1198 2217//1198 2263//1198
f 2323//1199 2216//1199 2217//1199
f 2263//1198 2217//1198 2188//1198
f 390//1205 392//1205 2312//1205
f 392//1205 2324//1205 2312//1205
f 392//1210 395//1210 2324//1210
f 2312//1211 2324//1211 2314//1211
f 395//1210 2325//1210 2324//1210
f 2325//1212 2326//1212 2324//1212
f 2325//1213 875//1213 2326//1213
f 2324//1214 2326//1214 2314//1214
f 395//1205 402//1205 2325//1205
f 402//1215 873//1215 2325//1215
f 402//1215 404//1215 873//1215
f 2325//1203 873//1203 875//1203
f 2314//1210 2326//1210 2317//1210
f 2326//1210 880//1210 2317//1210
f 2326//1192 875//1192 880//1192
f 2317//1208 880//1208 882//1208
f 510//1216 2211//1216 2327//1216
f 2211//1216 2328//1216 2327//1216
f 2211//1217 2213//1217 2328//1217
f 2327//1216 2328//1216 2329//1216
f 2213//1218 2330//1218 2328//1218
f 2330//1216 2331//1216 2328//1216
f 2330//1216 2332//1216 2331//1216
f 2328//1216 2331//1216 2329//1216
f 2213//1218 2218//1218 2330//1218
f 2218//1218 2333//1218 2330//1218
f 2218//1218 2220//1218 2333//1218
f 2330//1216 2333//1216 2332//1216
f 2329//1218 2331//1218 2334//1218
f 2331//1219 2335//1219 2334//1219
f 2331//1218 2332//1218 2335//1218
f 2334//1220 2335//1220 2336//1220
f 386//1221 2337//1221 2338//1221
f 2337//564 2339//564 2338//564
f 2337//1222 2340//1222 2339//1222
f 2338//564 2339//564 2341//564
f 2340//1223 2342//1223 2339//1223
f 2342//1224 2343//1224 2339//1224
f 2342//1222 2344//1222 2343//1222
f 2339//1221 2343//1221 2341//1221
f 2340//1221 2345//1221 2342//1221
f 2345//1225 2346//1225 2342//1225
f 2345//1221 2347//1221 2346//1221
f 2342//564 2346//564 2344//564
f 2341//1221 2343//1221 2348//1221
f 2343//1226 2349//1226 2348//1226
f 2343//1227 2344//1227 2349//1227
f 2348//1226 2349//1226 723//1226
f 723//1225 2349//1225 724//1225
f 2349//1218 2350//1218 724//1218
f 2349//1228 2344//1228 2350//1228
f 724//1218 2350//1218 727//1218
f 2344//1229 2351//1229 2350//1229
f 2351//1225 2352//1225 2350//1225
f 2351//1225 2353//1225 2352//1225
f 2350//1225 2352//1225 727//1225
f 2344//1229 2346//1229 2351//1229
f 2346//1229 2354//1229 2351//1229
f 2346//1229 2347//1229 2354//1229
f 2351//1225 2354//1225 2353//1225
f 727//1229 2352//1229 732//1229
f 2352//1230 2355//1230 732//1230
f 2352//1221 2353//1221 2355//1221
f 732//1230 2355//1230 734//1230
f 734//1229 2355//1229 2356//1229
f 2355//1229 2357//1229 2356//1229
f 2355//1223 2353//1223 2357//1223
f 2356//1229 2357//1229 2358//1229
f 2353//1223 2359//1223 2357//1223
f 2359//1223 2360//1223 2357//1223
f 2359//1223 2361//1223 2360//1223
f 2357//564 2360//564 2358//564
f 2353//1223 2354//1223 2359//1223
f 2354//1231 2362//1231 2359//1231
f 2354//1220 2347//1220 2362//1220
f 2359//1232 2362//1232 2361//1232
f 2358//564 2360//564 2363//564
f 2360//1223 2364//1223 2363//1223
f 2360//1223 2361//1223 2364//1223
f 2363//1223 2364//1223 2336//1223
f 386//1220 2365//1220 2337//1220
f 2365//1220 2366//1220 2337//1220
f 2365//564 2367//564 2366//564
f 2337//1223 2366//1223 2340//1223
f 2367//564 2368//564 2366//564
f 2368//565 2369//565 2366//565
f 2368//1229 2361//1229 2369//1229
f 2366//565 2369//565 2340//565
f 2367//564 2370//564 2368//564
f 2370//564 2364//564 2368//564
f 2370//1220 2336//1220 2364//1220
f 2368//1233 2364//1233 2361//1233
f 2340//565 2369//565 2345//565
f 2369//1223 2362//1223 2345//1223
f 2369//1224 2361//1224 2362//1224
f 2345//565 2362//565 2347//565
f 386//564 583//564 2365//564
f 583//564 2371//564 2365//564
f 583//564 586//564 2371//564
f 2365//1234 2371//1234 2367//1234
f 586//564 2372//564 2371//564
f 2372//1220 2373//1220 2371//1220
f 2372//1220 2329//1220 2373//1220
f 2371//1218 2373//1218 2367//1218
f 586//1223 592//1223 2372//1223
f 592//1223 2327//1223 2372//1223
f 592//1220 510//1220 2327//1220
f 2372//565 2327//565 2329//565
f 2367//564 2373//564 2370//564
f 2373//564 2334//564 2370//564
f 2373//1223 2329//1223 2334//1223
f 2370//1220 2334//1220 2336//1220
f 632//568 2374//568 630//568
f 2374//568 2375//568 630//568
f 2374//570 2376//570 2375//570
f 630//567 2375//567 623//567
f 2376//570 2377//570 2375//570
f 2377//570 2378//570 2375//570
f 2377//568 2379//568 2378//568
f 2375//570 2378//570 623//570
f 2376//570 2380//570 2377//570
f 2380//567 2381//567 2377//567
f 2380//566 2382//566 2381//566
f 2377//568 2381//568 2379//568
f 623//572 2378//572 620//572
f 2378//566 2383//566 620//566
f 2378//567 2379//567 2383//567
f 620//570 2383//570 618//570
f 2384//568 2385//568 2386//568
f 2385//568 2387//568 2386//568
f 2385//568 2388//568 2387//568
f 2386//570 2387//570 2389//570
f 2388//567 2390//567 2387//567
f 2390//577 2391//577 2387//577
f 2390//570 2392//570 2391//570
f 2387//577 2391//577 2389//577
f 2388//567 2393//567 2390//567
f 2393//568 2394//568 2390//568
f 2393//568 2395//568 2394//568
f 2390//568 2394//568 2392//568
f 2389//567 2391//567 2396//567
f 2391//568 2397//568 2396//568
f 2391//570 2392//570 2397//570
f 2396//568 2397//568 2382//568
f 2398//567 2399//567 2400//567
f 2399//567 2401//567 2400//567
f 2399//567 2402//567 2401//567
f 2400//570 2401//570 2403//570
f 2402//570 2404//570 2401//570
f 2404//570 2405//570 2401//570
f 2404//567 2406//567 2405//567
f 2401//570 2405//570 2403//570
f 2402//570 2407//570 2404//570
f 2407//568 2408//568 2404//568
f 2407//568 2409//568 2408//568
f 2404//567 2408//567 2406//567
f 2403//570 2405//570 2410//570
f 2405//570 2411//570 2410//570
f 2405//570 2406//570 2411//570
f 2410//570 2411//570 2412//570
f 689//568 2413//568 687//568
f 2413//567 2414//567 687//567
f 2413//570 2415//570 2414//570
f 687//568 2414//568 681//568
f 2415//570 2416//570 2414//570
f 2416//570 2417//570 2414//570
f 2416//567 2418//567 2417//567
f 2414//570 2417//570 681//570
f 2415//570 2419//570 2416//570
f 2419//568 2420//568 2416//568
f 2419//568 2421//568 2420//568
f 2416//567 2420//567 2418//567
f 681//566 2417//566 678//566
f 2417//570 2422//570 678//570
f 2417//567 2418//567 2422//567
f 678//570 2422//570 651//570
f 618//568 2383//568 2423//568
f 2383//570 2424//570 2423//570
f 2383//570 2379//570 2424//570
f 2423//570 2424//570 2425//570
f 2379//570 2426//570 2424//570
f 2426//567 2427//567 2424//567
f 2426//567 2428//567 2427//567
f 2424//568 2427//568 2425//568
f 2379//570 2381//570 2426//570
f 2381//570 2429//570 2426//570
f 2381//566 2382//566 2429//566
f 2426//568 2429//568 2428//568
f 2425//568 2427//568 2430//568
f 2427//570 2431//570 2430//570
f 2427//570 2428//570 2431//570
f 2430//567 2431//567 2432//567
f 632//567 2433//567 2374//567
f 2433//567 2434//567 2374//567
f 2433//568 2435//568 2434//568
f 2374//567 2434//567 2376//567
f 2435//568 2436//568 2434//568
f 2436//567 2437//567 2434//567
f 2436//567 2438//567 2437//567
f 2434//567 2437//567 2376//567
f 2435//567 2439//567 2436//567
f 2439//567 2440//567 2436//567
f 2439//571 2441//571 2440//571
f 2436//567 2440//567 2438//567
f 2376//570 2437//570 2380//570
f 2437//570 2442//570 2380//570
f 2437//570 2438//570 2442//570
f 2380//570 2442//570 2382//570
f 618//570 2423//570 2443//570
f 2423//568 2444//568 2443//568
f 2423//570 2425//570 2444//570
f 2443//567 2444//567 2445//567
f 2425//570 2446//570 2444//570
f 2446//577 2447//577 2444//577
f 2446//577 2448//577 2447//577
f 2444//567 2447//567 2445//567
f 2425//568 2430//568 2446//568
f 2430//570 2449//570 2446//570
f 2430//570 2432//570 2449//570
f 2446//567 2449//567 2448//567
f 2445//568 2447//568 2450//568
f 2447//568 2451//568 2450//568
f 2447//570 2448//570 2451//570
f 2450//568 2451//568 2398//568
f 632//570 652//570 2433//570
f 652//570 2452//570 2433//570
f 652//570 648//570 2452//570
f 2433//570 2452//570 2435//570
f 648//570 2453//570 2452//570
f 2453//570 2454//570 2452//570
f 2453//570 2455//570 2454//570
f 2452//570 2454//570 2435//570
f 648//567 650//567 2453//567
f 650//568 2456//568 2453//568
f 650//570 651//570 2456//570
f 2453//570 2456//570 2455//570
f 2435//570 2454//570 2439//570
f 2454//570 2457//570 2439//570
f 2454//570 2455//570 2457//570
f 2439//578 2457//578 2441//578
f 734//570 2458//570 2459//570
f 2458//570 2460//570 2459//570
f 2458//567 2461//567 2460//567
f 2459//570 2460//570 2462//570
f 2461//567 2463//567 2460//567
f 2463//570 2464//570 2460//570
f 2463//570 2465//570 2464//570
f 2460//570 2464//570 2462//570
f 2461//570 2466//570 2463//570
f 2466//570 2467//570 2463//570
f 2466//567 2384//567 2467//567
f 2463//570 2467//570 2465//570
f 2462//567 2464//567 2468//567
f 2464//567 2469//567 2468//567
f 2464//570 2465//570 2469//570
f 2468//570 2469//570 2421//570
f 2336//570 2470//570 2471//570
f 2470//568 2472//568 2471//568
f 2470//567 2473//567 2472//567
f 2471//568 2472//568 2474//568
f 2473//567 2475//567 2472//567
f 2475//570 2476//570 2472//570
f 2475//570 2477//570 2476//570
f 2472//570 2476//570 2474//570
f 2473//567 2478//567 2475//567
f 2478//567 2479//567 2475//567
f 2478//568 2409//568 2479//568
f 2475//570 2479//570 2477//570
f 2474//570 2476//570 2480//570
f 2476//570 2481//570 2480//570
f 2476//570 2477//570 2481//570
f 2480//567 2481//567 2395//567
f 651//567 2422//567 2456//567
f 2422//567 2482//567 2456//567
f 2422//568 2418//568 2482//568
f 2456//570 2482//570 2455//570
f 2418//570 2483//570 2482//570
f 2483//570 2484//570 2482//570
f 2483//568 2485//568 2484//568
f 2482//570 2484//570 2455//570
f 2418//570 2420//570 2483//570
f 2420//567 2486//567 2483//567
f 2420//567 2421//567 2486//567
f 2483//568 2486//568 2485//568
f 2455//570 2484//570 2457//570
f 2484//568 2487//568 2457//568
f 2484//568 2485//568 2487//568
f 2457//567 2487//567 2441//567
f 2398//570 2451//570 2399//570
f 2451//570 2488//570 2399//570
f 2451//567 2448//567 2488//567
f 2399//570 2488//570 2402//570
f 2448//567 2489//567 2488//567
f 2489//567 2490//567 2488//567
f 2489//567 2491//567 2490//567
f 2488//570 2490//570 2402//570
f 2448//567 2449//567 2489//567
f 2449//567 2492//567 2489//567
f 2449//570 2432//570 2492//570
f 2489//567 2492//567 2491//567
f 2402//570 2490//570 2407//570
f 2490//570 2493//570 2407//570
f 2490//567 2491//567 2493//567
f 2407//570 2493//570 2409//570
f 2384//567 2386//567 2494//567
f 2386//577 2495//577 2494//577
f 2386//570 2389//570 2495//570
f 2494//566 2495//566 2496//566
f 2389//570 2497//570 2495//570
f 2497//568 2498//568 2495//568
f 2497//1235 2438//1235 2498//1235
f 2495//567 2498//567 2496//567
f 2389//567 2396//567 2497//567
f 2396//567 2442//567 2497//567
f 2396//568 2382//568 2442//568
f 2497//570 2442//570 2438//570
f 2496//570 2498//570 2499//570
f 2498//570 2440//570 2499//570
f 2498//567 2438//567 2440//567
f 2499//570 2440//570 2441//570
f 2395//567 2500//567 2394//567
f 2500//567 2501//567 2394//567
f 2500//567 2502//567 2501//567
f 2394//567 2501//567 2392//567
f 2502//567 2503//567 2501//567
f 2503//570 2504//570 2501//570
f 2503//570 2428//570 2504//570
f 2501//577 2504//577 2392//577
f 2502//567 2505//567 2503//567
f 2505//567 2431//567 2503//567
f 2505//567 2432//567 2431//567
f 2503//570 2431//570 2428//570
f 2392//577 2504//577 2397//577
f 2504//567 2429//567 2397//567
f 2504//568 2428//568 2429//568
f 2397//567 2429//567 2382//567
f 2384//568 2494//568 2467//568
f 2494//570 2506//570 2467//570
f 2494//570 2496//570 2506//570
f 2467//570 2506//570 2465//570
f 2496//570 2507//570 2506//570
f 2507//570 2508//570 2506//570
f 2507//570 2485//570 2508//570
f 2506//570 2508//570 2465//570
f 2496//570 2499//570 2507//570
f 2499//570 2487//570 2507//570
f 2499//572 2441//572 2487//572
f 2507//570 2487//570 2485//570
f 2465//570 2508//570 2469//570
f 2508//570 2486//570 2469//570
f 2508//570 2485//570 2486//570
f 2469//570 2486//570 2421//570
f 2395//567 2481//567 2500//567
f 2481//568 2509//568 2500//568
f 2481//567 2477//567 2509//567
f 2500//570 2509//570 2502//570
f 2477//568 2510//568 2509//568
f 2510//570 2511//570 2509//570
f 2510//570 2491//570 2511//570
f 2509//570 2511//570 2502//570
f 2477//568 2479//568 2510//568
f 2479//567 2493//567 2510//567
f 2479//570 2409//570 2493//570
f 2510//567 2493//567 2491//567
f 2502//567 2511//567 2505//567
f 2511//568 2492//568 2505//568
f 2511//567 2491//567 2492//567
f 2505//570 2492//570 2432//570
f 734//568 2356//568 2458//568
f 2356//568 2512//568 2458//568
f 2356//570 2358//570 2512//570
f 2458//568 2512//568 2461//568
f 2358//570 2513//570 2512//570
f 2513//568 2514//568 2512//568
f 2513//568 2515//568 2514//568
f 2512//568 2514//568 2461//568
f 2358//570 2363//570 2513//570
f 2363//568 2516//568 2513//568
f 2363//568 2336//568 2516//568
f 2513//568 2516//568 2515//568
f 2461//568 2514//568 2466//568
f 2514//568 2517//568 2466//568
f 2514//568 2515//568 2517//568
f 2466//570 2517//570 2384//570
f 2336//577 2471//577 2516//577
f 2471//572 2518//572 2516//572
f 2471//568 2474//568 2518//568
f 2516//577 2518//577 2515//577
f 2474//568 2519//568 2518//568
f 2519//568 2520//568 2518//568
f 2519//568 2388//568 2520//568
f 2518//577 2520//577 2515//577
f 2474//572 2480//572 2519//572
f 2480//577 2393//577 2519//577
f 2480//568 2395//568 2393//568
f 2519//577 2393//577 2388//577
f 2515//577 2520//577 2517//577
f 2520//577 2385//577 2517//577
f 2520//568 2388//568 2385//568
f 2517//570 2385//570 2384//570
f 689//567 824//567 2413//567
f 824//567 2521//567 2413//567
f 824//567 827//567 2521//567
f 2413//570 2521//570 2415//570
f 827//567 2522//567 2521//567
f 2522//570 2523//570 2521//570
f 2522//570 2462//570 2523//570
f 2521//570 2523//570 2415//570
f 827//567 831//567 2522//567
f 831//567 2459//567 2522//567
f 831//567 734//567 2459//567
f 2522//570 2459//570 2462//570
f 2415//567 2523//567 2419//567
f 2523//567 2468//567 2419//567
f 2523//568 2462//568 2468//568
f 2419//567 2468//567 2421//567
f 2336//570 2524//570 2470//570
f 2524//567 2525//567 2470//567
f 2524//567 2526//567 2525//567
f 2470//570 2525//570 2473//570
f 2526//567 2527//567 2525//567
f 2527//567 2528//567 2525//567
f 2527//567 2406//567 2528//567
f 2525//570 2528//570 2473//570
f 2526//568 2529//568 2527//568
f 2529//567 2411//567 2527//567
f 2529//567 2412//567 2411//567
f 2527//570 2411//570 2406//570
f 2473//570 2528//570 2478//570
f 2528//570 2408//570 2478//570
f 2528//567 2406//567 2408//567
f 2478//567 2408//567 2409//567
f 2398//1236 2530//1236 2450//1236
f 2530//1237 2531//1237 2450//1237
f 2530//1238 2532//1238 2531//1238
f 2450//1239 2531//1239 2445//1239
f 2532//1240 2533//1240 2531//1240
f 2533//1240 2534//1240 2531//1240
f 2533//1241 622//1241 2534//1241
f 2531//1240 2534//1240 2445//1240
f 2532//1240 2535//1240 2533//1240
f 2535//1241 627//1241 2533//1241
f 2535//1241 629//1241 627//1241
f 2533//1241 627//1241 622//1241
f 2445//1240 2534//1240 2443//1240
f 2534//1241 619//1241 2443//1241
f 2534//1241 622//1241 619//1241
f 2443//1241 619//1241 618//1241
f 2398//1242 2536//1242 2530//1242
f 2536//1243 2537//1243 2530//1243
f 2536//1244 2538//1244 2537//1244
f 2530//1245 2537//1245 2532//1245
f 2538//1246 2539//1246 2537//1246
f 2539//1247 2540//1247 2537//1247
f 2539//1248 2541//1248 2540//1248
f 2537//1249 2540//1249 2532//1249
f 2538//1250 2542//1250 2539//1250
f 2542//1251 2543//1251 2539//1251
f 2542//1252 2544//1252 2543//1252
f 2539//1253 2543//1253 2541//1253
f 2532//1254 2540//1254 2535//1254
f 2540//1255 2545//1255 2535//1255
f 2540//1256 2541//1256 2545//1256
f 2535//1257 2545//1257 629//1257
f 2412//1258 2546//1258 2410//1258
f 2546//1259 2547//1259 2410//1259
f 2546//1260 2548//1260 2547//1260
f 2410//1261 2547//1261 2403//1261
f 2548//1262 2549//1262 2547//1262
f 2549//1263 2550//1263 2547//1263
f 2549//1264 2538//1264 2550//1264
f 2547//1265 2550//1265 2403//1265
f 2548//1266 2551//1266 2549//1266
f 2551//1267 2542//1267 2549//1267
f 2551//1268 2544//1268 2542//1268
f 2549//1269 2542//1269 2538//1269
f 2403//1270 2550//1270 2400//1270
f 2550//1271 2536//1271 2400//1271
f 2550//1272 2538//1272 2536//1272
f 2400//1273 2536//1273 2398//1273
f 2552//1274 2553//1274 2554//1274
f 2553//1275 2555//1275 2554//1275
f 2553//1276 2556//1276 2555//1276
f 2554//1277 2555//1277 2557//1277
f 2556//1278 2558//1278 2555//1278
f 2558//1279 2559//1279 2555//1279
f 2558//1280 2548//1280 2559//1280
f 2555//1281 2559//1281 2557//1281
f 2556//1282 2560//1282 2558//1282
f 2560//1283 2551//1283 2558//1283
f 2560//1284 2544//1284 2551//1284
f 2558//1285 2551//1285 2548//1285
f 2557//1286 2559//1286 2561//1286
f 2559//1287 2546//1287 2561//1287
f 2559//1288 2548//1288 2546//1288
f 2561//1289 2546//1289 2412//1289
f 2552//1290 2562//1290 2553//1290
f 2562//1291 2563//1291 2553//1291
f 2562//1292 2564//1292 2563//1292
f 2553//1293 2563//1293 2556//1293
f 2564//1294 2565//1294 2563//1294
f 2565//1295 2566//1295 2563//1295
f 2565//1296 2567//1296 2566//1296
f 2563//1297 2566//1297 2556//1297
f 2564//1298 2568//1298 2565//1298
f 2568//1299 2569//1299 2565//1299
f 2568//1300 2570//1300 2569//1300
f 2565//1301 2569//1301 2567//1301
f 2556//1302 2566//1302 2560//1302
f 2566//1303 2571//1303 2560//1303
f 2566//1304 2567//1304 2571//1304
f 2560//1305 2571//1305 2544//1305
f 2572//1306 2573//1306 2574//1306
f 2573//1306 2575//1306 2574//1306
f 2573//1307 2576//1307 2575//1307
f 2574//1308 2575//1308 2577//1308
f 2576//1307 2578//1307 2575//1307
f 2578//1306 2579//1306 2575//1306
f 2578//1309 2580//1309 2579//1309
f 2575//1309 2579//1309 2577//1309
f 2576//1310 2581//1310 2578//1310
f 2581//1310 2582//1310 2578//1310
f 2581//1307 2583//1307 2582//1307
f 2578//1306 2582//1306 2580//1306
f 2577//1307 2579//1307 2584//1307
f 2579//1307 2585//1307 2584//1307
f 2579//1307 2580//1307 2585//1307
f 2584//1307 2585//1307 2586//1307
f 641//1307 2587//1307 2588//1307
f 2587//1307 2589//1307 2588//1307
f 2587//1306 2590//1306 2589//1306
f 2588//1311 2589//1311 2591//1311
f 2590//1306 2592//1306 2589//1306
f 2592//1306 2593//1306 2589//1306
f 2592//1309 2594//1309 2593//1309
f 2589//1310 2593//1310 2591//1310
f 2590//1307 2595//1307 2592//1307
f 2595//1307 2596//1307 2592//1307
f 2595//1310 2597//1310 2596//1310
f 2592//1309 2596//1309 2594//1309
f 2591//1310 2593//1310 2598//1310
f 2593//1310 2599//1310 2598//1310
f 2593//1307 2594//1307 2599//1307
f 2598//1310 2599//1310 2600//1310
f 641//1310 2588//1310 653//1310
f 2588//1310 2601//1310 653//1310
f 2588//1307 2591//1307 2601//1307
f 653//1310 2601//1310 655//1310
f 2591//1307 2602//1307 2601//1307
f 2602//1306 2603//1306 2601//1306
f 2602//1307 2604//1307 2603//1307
f 2601//1306 2603//1306 655//1306
f 2591//1310 2598//1310 2602//1310
f 2598//1310 2605//1310 2602//1310
f 2598//1306 2600//1306 2605//1306
f 2602//1310 2605//1310 2604//1310
f 655//1307 2603//1307 659//1307
f 2603//1307 2606//1307 659//1307
f 2603//1307 2604//1307 2606//1307
f 659//1310 2606//1310 661//1310
f 2607//1306 2608//1306 2609//1306
f 2608//1312 2610//1312 2609//1312
f 2608//1306 2611//1306 2610//1306
f 2609//1307 2610//1307 2612//1307
f 2611//1306 2613//1306 2610//1306
f 2613//1306 2614//1306 2610//1306
f 2613//1313 2580//1313 2614//1313
f 2610//1307 2614//1307 2612//1307
f 2611//1311 2615//1311 2613//1311
f 2615//1307 2585//1307 2613//1307
f 2615//1307 2586//1307 2585//1307
f 2613//1307 2585//1307 2580//1307
f 2612//1307 2614//1307 2616//1307
f 2614//1311 2582//1311 2616//1311
f 2614//1306 2580//1306 2582//1306
f 2616//1311 2582//1311 2583//1311
f 510//1306 2617//1306 869//1306
f 2617//1307 2618//1307 869//1307
f 2617//1307 2619//1307 2618//1307
f 869//1307 2618//1307 865//1307
f 2619//1307 2620//1307 2618//1307
f 2620//1306 2621//1306 2618//1306
f 2620//1310 2622//1310 2621//1310
f 2618//1306 2621//1306 865//1306
f 2619//1307 2623//1307 2620//1307
f 2623//1307 2624//1307 2620//1307
f 2623//1310 2625//1310 2624//1310
f 2620//1307 2624//1307 2622//1307
f 865//1307 2621//1307 862//1307
f 2621//1307 2626//1307 862//1307
f 2621//1310 2622//1310 2626//1310
f 862//1314 2626//1314 860//1314
f 386//1306 2627//1306 2628//1306
f 2627//1306 2629//1306 2628//1306
f 2627//1307 2630//1307 2629//1307
f 2628//1310 2629//1310 2631//1310
f 2630//1307 2632//1307 2629//1307
f 2632//1309 2633//1309 2629//1309
f 2632//1306 2634//1306 2633//1306
f 2629//1311 2633//1311 2631//1311
f 2630//1306 2635//1306 2632//1306
f 2635//1306 2636//1306 2632//1306
f 2635//1306 2637//1306 2636//1306
f 2632//1307 2636//1307 2634//1307
f 2631//1315 2633//1315 2638//1315
f 2633//1307 2639//1307 2638//1307
f 2633//1306 2634//1306 2639//1306
f 2638//1307 2639//1307 2640//1307
f 386//1307 2628//1307 2641//1307
f 2628//1307 2642//1307 2641//1307
f 2628//1306 2631//1306 2642//1306
f 2641//1307 2642//1307 2643//1307
f 2631//1306 2644//1306 2642//1306
f 2644//1315 2645//1315 2642//1315
f 2644//1311 2646//1311 2645//1311
f 2642//1307 2645//1307 2643//1307
f 2631//1306 2638//1306 2644//1306
f 2638//1306 2647//1306 2644//1306
f 2638//1306 2640//1306 2647//1306
f 2644//1306 2647//1306 2646//1306
f 2643//1306 2645//1306 2648//1306
f 2645//1306 2649//1306 2648//1306
f 2645//1312 2646//1312 2649//1312
f 2648//1306 2649//1306 2650//1306
f 641//1307 639//1307 2651//1307
f 639//1310 2652//1310 2651//1310
f 639//1306 635//1306 2652//1306
f 2651//1307 2652//1307 2653//1307
f 635//1311 2654//1311 2652//1311
f 2654//1310 2655//1310 2652//1310
f 2654//1307 2656//1307 2655//1307
f 2652//1310 2655//1310 2653//1310
f 635//1311 633//1311 2654//1311
f 633//1306 2657//1306 2654//1306
f 633//1310 629//1310 2657//1310
f 2654//1309 2657//1309 2656//1309
f 2653//1310 2655//1310 2658//1310
f 2655//1307 2659//1307 2658//1307
f 2655//1307 2656//1307 2659//1307
f 2658//1310 2659//1310 2660//1310
f 2661//1307 2662//1307 2663//1307
f 2662//1309 2664//1309 2663//1309
f 2662//1306 2665//1306 2664//1306
f 2663//1311 2664//1311 2666//1311
f 2665//1310 2667//1310 2664//1310
f 2667//1310 2668//1310 2664//1310
f 2667//1306 2669//1306 2668//1306
f 2664//1311 2668//1311 2666//1311
f 2665//1307 2670//1307 2667//1307
f 2670//1307 2671//1307 2667//1307
f 2670//1307 2640//1307 2671//1307
f 2667//1306 2671//1306 2669//1306
f 2666//1309 2668//1309 2672//1309
f 2668//1307 2673//1307 2672//1307
f 2668//1307 2669//1307 2673//1307
f 2672//1307 2673//1307 2674//1307
f 2661//1307 2675//1307 2676//1307
f 2675//1316 2677//1316 2676//1316
f 2675//1307 2678//1307 2677//1307
f 2676//1311 2677//1311 2679//1311
f 2678//1310 2680//1310 2677//1310
f 2680//1310 2681//1310 2677//1310
f 2680//1307 2612//1307 2681//1307
f 2677//1306 2681//1306 2679//1306
f 2678//1310 2682//1310 2680//1310
f 2682//1307 2609//1307 2680//1307
f 2682//1307 2607//1307 2609//1307
f 2680//1307 2609//1307 2612//1307
f 2679//1306 2681//1306 2683//1306
f 2681//1307 2616//1307 2683//1307
f 2681//1307 2612//1307 2616//1307
f 2683//1312 2616//1312 2583//1312
f 2684//1306 2685//1306 2686//1306
f 2685//1306 2687//1306 2686//1306
f 2685//1307 2688//1307 2687//1307
f 2686//1310 2687//1310 2689//1310
f 2688//1307 2690//1307 2687//1307
f 2690//1307 2691//1307 2687//1307
f 2690//1307 2692//1307 2691//1307
f 2687//1307 2691//1307 2689//1307
f 2688//1306 2693//1306 2690//1306
f 2693//1306 2694//1306 2690//1306
f 2693//1307 2607//1307 2694//1307
f 2690//1306 2694//1306 2692//1306
f 2689//1307 2691//1307 2695//1307
f 2691//1307 2696//1307 2695//1307
f 2691//1307 2692//1307 2696//1307
f 2695//1307 2696//1307 2697//1307
f 2661//1308 2663//1308 2698//1308
f 2663//1308 2699//1308 2698//1308
f 2663//1308 2666//1308 2699//1308
f 2698//1307 2699//1307 2700//1307
f 2666//1313 2701//1313 2699//1313
f 2701//1306 2702//1306 2699//1306
f 2701//1307 2703//1307 2702//1307
f 2699//1306 2702//1306 2700//1306
f 2666//1306 2672//1306 2701//1306
f 2672//1307 2704//1307 2701//1307
f 2672//1307 2674//1307 2704//1307
f 2701//1307 2704//1307 2703//1307
f 2700//1306 2702//1306 2705//1306
f 2702//1307 2706//1307 2705//1307
f 2702//1307 2703//1307 2706//1307
f 2705//1307 2706//1307 2600//1307
f 386//1310 2338//1310 2627//1310
f 2338//1307 2707//1307 2627//1307
f 2338//1306 2341//1306 2707//1306
f 2627//1307 2707//1307 2630//1307
f 2341//1310 2708//1310 2707//1310
f 2708//1316 2709//1316 2707//1316
f 2708//1307 2710//1307 2709//1307
f 2707//1307 2709//1307 2630//1307
f 2341//1306 2348//1306 2708//1306
f 2348//1306 2711//1306 2708//1306
f 2348//1307 723//1307 2711//1307
f 2708//1311 2711//1311 2710//1311
f 2630//1310 2709//1310 2635//1310
f 2709//1307 2712//1307 2635//1307
f 2709//1307 2710//1307 2712//1307
f 2635//1307 2712//1307 2637//1307
f 2661//1310 2698//1310 2713//1310
f 2698//1307 2714//1307 2713//1307
f 2698//1307 2700//1307 2714//1307
f 2713//1307 2714//1307 2715//1307
f 2700//1310 2716//1310 2714//1310
f 2716//1306 2717//1306 2714//1306
f 2716//1306 2594//1306 2717//1306
f 2714//1307 2717//1307 2715//1307
f 2700//1310 2705//1310 2716//1310
f 2705//1307 2599//1307 2716//1307
f 2705//1307 2600//1307 2599//1307
f 2716//1307 2599//1307 2594//1307
f 2715//1307 2717//1307 2718//1307
f 2717//1307 2596//1307 2718//1307
f 2717//1306 2594//1306 2596//1306
f 2718//1307 2596//1307 2597//1307
f 2661//1307 2676//1307 2662//1307
f 2676//1307 2719//1307 2662//1307
f 2676//1307 2679//1307 2719//1307
f 2662//1316 2719//1316 2665//1316
f 2679//1307 2720//1307 2719//1307
f 2720//1307 2721//1307 2719//1307
f 2720//1307 2722//1307 2721//1307
f 2719//1310 2721//1310 2665//1310
f 2679//1306 2683//1306 2720//1306
f 2683//1306 2723//1306 2720//1306
f 2683//1307 2583//1307 2723//1307
f 2720//1310 2723//1310 2722//1310
f 2665//1306 2721//1306 2670//1306
f 2721//1306 2724//1306 2670//1306
f 2721//1307 2722//1307 2724//1307
f 2670//1306 2724//1306 2640//1306
f 2640//1307 2639//1307 2671//1307
f 2639//1307 2725//1307 2671//1307
f 2639//1309 2634//1309 2725//1309
f 2671//1317 2725//1317 2669//1317
f 2634//1309 2726//1309 2725//1309
f 2726//1306 2727//1306 2725//1306
f 2726//1306 2728//1306 2727//1306
f 2725//1317 2727//1317 2669//1317
f 2634//1307 2636//1307 2726//1307
f 2636//1306 2729//1306 2726//1306
f 2636//1306 2637//1306 2729//1306
f 2726//1306 2729//1306 2728//1306
f 2669//1307 2727//1307 2673//1307
f 2727//1307 2730//1307 2673//1307
f 2727//1306 2728//1306 2730//1306
f 2673//1317 2730//1317 2674//1317
f 510//1306 2731//1306 2617//1306
f 2731//1309 2732//1309 2617//1309
f 2731//1307 2733//1307 2732//1307
f 2617//1307 2732//1307 2619//1307
f 2733//1310 2734//1310 2732//1310
f 2734//1310 2735//1310 2732//1310
f 2734//1310 2736//1310 2735//1310
f 2732//1306 2735//1306 2619//1306
f 2733//1310 2737//1310 2734//1310
f 2737//1306 2738//1306 2734//1306
f 2737//1310 2739//1310 2738//1310
f 2734//1306 2738//1306 2736//1306
f 2619//1310 2735//1310 2623//1310
f 2735//1310 2740//1310 2623//1310
f 2735//1310 2736//1310 2740//1310
f 2623//1307 2740//1307 2625//1307
f 2741//1310 2742//1310 2743//1310
f 2742//1310 2744//1310 2743//1310
f 2742//1310 2745//1310 2744//1310
f 2743//1307 2744//1307 2746//1307
f 2745//1310 2747//1310 2744//1310
f 2747//1310 2748//1310 2744//1310
f 2747//1310 2728//1310 2748//1310
f 2744//1307 2748//1307 2746//1307
f 2745//1310 2749//1310 2747//1310
f 2749//1306 2730//1306 2747//1306
f 2749//1308 2674//1308 2730//1308
f 2747//1306 2730//1306 2728//1306
f 2746//1307 2748//1307 2750//1307
f 2748//1307 2729//1307 2750//1307
f 2748//1307 2728//1307 2729//1307
f 2750//1307 2729//1307 2637//1307
f 661//1306 2606//1306 2751//1306
f 2606//1311 2752//1311 2751//1311
f 2606//1311 2604//1311 2752//1311
f 2751//1307 2752//1307 2753//1307
f 2604//1310 2754//1310 2752//1310
f 2754//1310 2755//1310 2752//1310
f 2754//1307 2756//1307 2755//1307
f 2752//1307 2755//1307 2753//1307
f 2604//1307 2605//1307 2754//1307
f 2605//1310 2757//1310 2754//1310
f 2605//1310 2600//1310 2757//1310
f 2754//1310 2757//1310 2756//1310
f 2753//1306 2755//1306 2758//1306
f 2755//1306 2759//1306 2758//1306
f 2755//1306 2756//1306 2759//1306
f 2758//1307 2759//1307 2760//1307
f 2761//1310 2762//1310 2763//1310
f 2762//1307 2764//1307 2763//1307
f 2762//1307 2765//1307 2764//1307
f 2763//1316 2764//1316 2766//1316
f 2765//1310 2767//1310 2764//1310
f 2767//1310 2768//1310 2764//1310
f 2767//1307 2692//1307 2768//1307
f 2764//1306 2768//1306 2766//1306
f 2765//1307 2769//1307 2767//1307
f 2769//1307 2696//1307 2767//1307
f 2769//1310 2697//1310 2696//1310
f 2767//1307 2696//1307 2692//1307
f 2766//1306 2768//1306 2770//1306
f 2768//1306 2694//1306 2770//1306
f 2768//1306 2692//1306 2694//1306
f 2770//1307 2694//1307 2607//1307
f 2684//1308 2771//1308 2685//1308
f 2771//1306 2772//1306 2685//1306
f 2771//1306 2773//1306 2772//1306
f 2685//1307 2772//1307 2688//1307
f 2773//1307 2774//1307 2772//1307
f 2774//1308 2775//1308 2772//1308
f 2774//1308 2611//1308 2775//1308
f 2772//1312 2775//1312 2688//1312
f 2773//1307 2776//1307 2774//1307
f 2776//1309 2615//1309 2774//1309
f 2776//1309 2586//1309 2615//1309
f 2774//1312 2615//1312 2611//1312
f 2688//1309 2775//1309 2693//1309
f 2775//1307 2608//1307 2693//1307
f 2775//1317 2611//1317 2608//1317
f 2693//1307 2608//1307 2607//1307
f 2570//1307 2777//1307 2778//1307
f 2777//1307 2779//1307 2778//1307
f 2777//1307 2780//1307 2779//1307
f 2778//1310 2779//1310 2781//1310
f 2780//1307 2782//1307 2779//1307
f 2782//1307 2783//1307 2779//1307
f 2782//1307 2784//1307 2783//1307
f 2779//1310 2783//1310 2781//1310
f 2780//1310 2785//1310 2782//1310
f 2785//1310 2786//1310 2782//1310
f 2785//1307 2625//1307 2786//1307
f 2782//1307 2786//1307 2784//1307
f 2781//1310 2783//1310 2787//1310
f 2783//1310 2788//1310 2787//1310
f 2783//1310 2784//1310 2788//1310
f 2787//1307 2788//1307 2789//1307
f 629//1310 2545//1310 2790//1310
f 2545//1307 2791//1307 2790//1307
f 2545//1310 2541//1310 2791//1310
f 2790//1307 2791//1307 2792//1307
f 2541//1310 2793//1310 2791//1310
f 2793//1307 2794//1307 2791//1307
f 2793//1306 2795//1306 2794//1306
f 2791//1307 2794//1307 2792//1307
f 2541//1310 2543//1310 2793//1310
f 2543//1310 2796//1310 2793//1310
f 2543//1310 2544//1310 2796//1310
f 2793//1310 2796//1310 2795//1310
f 2792//1307 2794//1307 2797//1307
f 2794//1310 2798//1310 2797//1310
f 2794//1306 2795//1306 2798//1306
f 2797//1310 2798//1310 2799//1310
f 676//1312 675//1312 2800//1312
f 675//1311 2801//1311 2800//1311
f 675//1311 671//1311 2801//1311
f 2800//1307 2801//1307 2802//1307
f 671//1312 2803//1312 2801//1312
f 2803//1306 2804//1306 2801//1306
f 2803//1306 2753//1306 2804//1306
f 2801//1306 2804//1306 2802//1306
f 671//1307 673//1307 2803//1307
f 673//1306 2751//1306 2803//1306
f 673//1310 661//1310 2751//1310
f 2803//1306 2751//1306 2753//1306
f 2802//1306 2804//1306 2805//1306
f 2804//1307 2758//1307 2805//1307
f 2804//1307 2753//1307 2758//1307
f 2805//1307 2758//1307 2760//1307
f 2544//1306 2571//1306 2806//1306
f 2571//1307 2807//1307 2806//1307
f 2571//1307 2567//1307 2807//1307
f 2806//1310 2807//1310 2808//1310
f 2567//1306 2809//1306 2807//1306
f 2809//1306 2810//1306 2807//1306
f 2809//1311 2781//1311 2810//1311
f 2807//1310 2810//1310 2808//1310
f 2567//1310 2569//1310 2809//1310
f 2569//1307 2778//1307 2809//1307
f 2569//1307 2570//1307 2778//1307
f 2809//1307 2778//1307 2781//1307
f 2808//1307 2810//1307 2811//1307
f 2810//1307 2787//1307 2811//1307
f 2810//1307 2781//1307 2787//1307
f 2811//1307 2787//1307 2789//1307
f 2741//1310 2812//1310 2742//1310
f 2812//1306 2813//1306 2742//1306
f 2812//1306 2814//1306 2813//1306
f 2742//1307 2813//1307 2745//1307
f 2814//1306 2815//1306 2813//1306
f 2815//1307 2816//1307 2813//1307
f 2815//1307 2817//1307 2816//1307
f 2813//1307 2816//1307 2745//1307
f 2814//1306 2818//1306 2815//1306
f 2818//1310 2819//1310 2815//1310
f 2818//1307 2760//1307 2819//1307
f 2815//1310 2819//1310 2817//1310
f 2745//1307 2816//1307 2749//1307
f 2816//1307 2820//1307 2749//1307
f 2816//1307 2817//1307 2820//1307
f 2749//1307 2820//1307 2674//1307
f 2640//1306 2724//1306 2647//1306
f 2724//1311 2821//1311 2647//1311
f 2724//1311 2722//1311 2821//1311
f 2647//1308 2821//1308 2646//1308
f 2722//1306 2822//1306 2821//1306
f 2822//1306 2823//1306 2821//1306
f 2822//1311 2824//1311 2823//1311
f 2821//1308 2823//1308 2646//1308
f 2722//1310 2723//1310 2822//1310
f 2723//1307 2825//1307 2822//1307
f 2723//1311 2583//1311 2825//1311
f 2822//1311 2825//1311 2824//1311
f 2646//1311 2823//1311 2649//1311
f 2823//1306 2826//1306 2649//1306
f 2823//1317 2824//1317 2826//1317
f 2649//1310 2826//1310 2650//1310
f 641//1309 2651//1309 2587//1309
f 2651//1306 2827//1306 2587//1306
f 2651//1307 2653//1307 2827//1307
f 2587//1310 2827//1310 2590//1310
f 2653//1310 2828//1310 2827//1310
f 2828//1310 2829//1310 2827//1310
f 2828//1307 2830//1307 2829//1307
f 2827//1310 2829//1310 2590//1310
f 2653//1307 2658//1307 2828//1307
f 2658//1307 2831//1307 2828//1307
f 2658//1310 2660//1310 2831//1310
f 2828//1309 2831//1309 2830//1309
f 2590//1309 2829//1309 2595//1309
f 2829//1309 2832//1309 2595//1309
f 2829//1307 2830//1307 2832//1307
f 2595//1310 2832//1310 2597//1310
f 2572//1307 2833//1307 2573//1307
f 2833//1307 2834//1307 2573//1307
f 2833//1306 2835//1306 2834//1306
f 2573//1307 2834//1307 2576//1307
f 2835//1316 2836//1316 2834//1316
f 2836//1306 2837//1306 2834//1306
f 2836//1306 2824//1306 2837//1306
f 2834//1306 2837//1306 2576//1306
f 2835//1307 2838//1307 2836//1307
f 2838//1307 2826//1307 2836//1307
f 2838//1310 2650//1310 2826//1310
f 2836//1317 2826//1317 2824//1317
f 2576//1310 2837//1310 2581//1310
f 2837//1307 2825//1307 2581//1307
f 2837//1306 2824//1306 2825//1306
f 2581//1307 2825//1307 2583//1307
f 2600//1307 2706//1307 2757//1307
f 2706//1307 2839//1307 2757//1307
f 2706//1307 2703//1307 2839//1307
f 2757//1307 2839//1307 2756//1307
f 2703//1307 2840//1307 2839//1307
f 2840//1307 2841//1307 2839//1307
f 2840//1307 2817//1307 2841//1307
f 2839//1307 2841//1307 2756//1307
f 2703//1307 2704//1307 2840//1307
f 2704//1307 2820//1307 2840//1307
f 2704//1307 2674//1307 2820//1307
f 2840//1307 2820//1307 2817//1307
f 2756//1306 2841//1306 2759//1306
f 2841//1306 2819//1306 2759//1306
f 2841//1306 2817//1306 2819//1306
f 2759//1307 2819//1307 2760//1307
f 629//1307 2842//1307 2657//1307
f 2842//1312 2843//1312 2657//1312
f 2842//1306 2844//1306 2843//1306
f 2657//1309 2843//1309 2656//1309
f 2844//1310 2845//1310 2843//1310
f 2845//1307 2846//1307 2843//1307
f 2845//1307 2847//1307 2846//1307
f 2843//1307 2846//1307 2656//1307
f 2844//1307 2848//1307 2845//1307
f 2848//1307 2849//1307 2845//1307
f 2848//1307 2761//1307 2849//1307
f 2845//1307 2849//1307 2847//1307
f 2656//1306 2846//1306 2659//1306
f 2846//1306 2850//1306 2659//1306
f 2846//1306 2847//1306 2850//1306
f 2659//1307 2850//1307 2660//1307
f 2661//1310 2851//1310 2675//1310
f 2851//1307 2852//1307 2675//1307
f 2851//1311 2853//1311 2852//1311
f 2675//1307 2852//1307 2678//1307
f 2853//1311 2854//1311 2852//1311
f 2854//1307 2855//1307 2852//1307
f 2854//1306 2856//1306 2855//1306
f 2852//1310 2855//1310 2678//1310
f 2853//1307 2857//1307 2854//1307
f 2857//1310 2858//1310 2854//1310
f 2857//1310 2859//1310 2858//1310
f 2854//1306 2858//1306 2856//1306
f 2678//1306 2855//1306 2682//1306
f 2855//1306 2860//1306 2682//1306
f 2855//1306 2856//1306 2860//1306
f 2682//1310 2860//1310 2607//1310
f 2861//1307 2862//1307 2863//1307
f 2862//1310 2864//1310 2863//1310
f 2862//1307 2865//1307 2864//1307
f 2863//1306 2864//1306 2866//1306
f 2865//1307 2867//1307 2864//1307
f 2867//1307 2868//1307 2864//1307
f 2867//1307 2869//1307 2868//1307
f 2864//1306 2868//1306 2866//1306
f 2865//1306 2870//1306 2867//1306
f 2870//1306 2871//1306 2867//1306
f 2870//1307 2799//1307 2871//1307
f 2867//1310 2871//1310 2869//1310
f 2866//1310 2868//1310 2872//1310
f 2868//1310 2873//1310 2872//1310
f 2868//1307 2869//1307 2873//1307
f 2872//1306 2873//1306 2789//1306
f 2661//1306 2713//1306 2851//1306
f 2713//1306 2874//1306 2851//1306
f 2713//1307 2715//1307 2874//1307
f 2851//1306 2874//1306 2853//1306
f 2715//1307 2875//1307 2874//1307
f 2875//1309 2876//1309 2874//1309
f 2875//1306 2877//1306 2876//1306
f 2874//1309 2876//1309 2853//1309
f 2715//1306 2718//1306 2875//1306
f 2718//1306 2878//1306 2875//1306
f 2718//1307 2597//1307 2878//1307
f 2875//1306 2878//1306 2877//1306
f 2853//1307 2876//1307 2857//1307
f 2876//1307 2879//1307 2857//1307
f 2876//1307 2877//1307 2879//1307
f 2857//1307 2879//1307 2859//1307
f 629//1306 2790//1306 2842//1306
f 2790//1311 2880//1311 2842//1311
f 2790//1307 2792//1307 2880//1307
f 2842//1307 2880//1307 2844//1307
f 2792//1307 2881//1307 2880//1307
f 2881//1307 2882//1307 2880//1307
f 2881//1307 2883//1307 2882//1307
f 2880//1310 2882//1310 2844//1310
f 2792//1310 2797//1310 2881//1310
f 2797//1310 2884//1310 2881//1310
f 2797//1306 2799//1306 2884//1306
f 2881//1307 2884//1307 2883//1307
f 2844//1306 2882//1306 2848//1306
f 2882//1310 2885//1310 2848//1310
f 2882//1310 2883//1310 2885//1310
f 2848//1306 2885//1306 2761//1306
f 2544//1307 2806//1307 2796//1307
f 2806//1307 2886//1307 2796//1307
f 2806//1306 2808//1306 2886//1306
f 2796//1307 2886//1307 2795//1307
f 2808//1306 2887//1306 2886//1306
f 2887//1310 2888//1310 2886//1310
f 2887//1310 2869//1310 2888//1310
f 2886//1307 2888//1307 2795//1307
f 2808//1306 2811//1306 2887//1306
f 2811//1316 2873//1316 2887//1316
f 2811//1306 2789//1306 2873//1306
f 2887//1307 2873//1307 2869//1307
f 2795//1307 2888//1307 2798//1307
f 2888//1310 2871//1310 2798//1310
f 2888//1310 2869//1310 2871//1310
f 2798//1310 2871//1310 2799//1310
f 2625//1307 2740//1307 2786//1307
f 2740//1310 2889//1310 2786//1310
f 2740//1310 2736//1310 2889//1310
f 2786//1307 2889//1307 2784//1307
f 2736//1310 2890//1310 2889//1310
f 2890//1307 2891//1307 2889//1307
f 2890//1307 2892//1307 2891//1307
f 2889//1307 2891//1307 2784//1307
f 2736//1310 2738//1310 2890//1310
f 2738//1307 2893//1307 2890//1307
f 2738//1307 2739//1307 2893//1307
f 2890//1307 2893//1307 2892//1307
f 2784//1310 2891//1310 2788//1310
f 2891//1310 2894//1310 2788//1310
f 2891//1310 2892//1310 2894//1310
f 2788//1307 2894//1307 2789//1307
f 2861//1307 2895//1307 2862//1307
f 2895//1307 2896//1307 2862//1307
f 2895//1307 2897//1307 2896//1307
f 2862//1307 2896//1307 2865//1307
f 2897//1306 2898//1306 2896//1306
f 2898//1309 2899//1309 2896//1309
f 2898//1312 2900//1312 2899//1312
f 2896//1307 2899//1307 2865//1307
f 2897//1310 2901//1310 2898//1310
f 2901//1307 2902//1307 2898//1307
f 2901//1310 2697//1310 2902//1310
f 2898//1307 2902//1307 2900//1307
f 2865//1310 2899//1310 2870//1310
f 2899//1310 2903//1310 2870//1310
f 2899//1310 2900//1310 2903//1310
f 2870//1307 2903//1307 2799//1307
f 2761//1306 2885//1306 2762//1306
f 2885//1306 2904//1306 2762//1306
f 2885//1306 2883//1306 2904//1306
f 2762//1306 2904//1306 2765//1306
f 2883//1307 2905//1307 2904//1307
f 2905//1307 2906//1307 2904//1307
f 2905//1306 2900//1306 2906//1306
f 2904//1307 2906//1307 2765//1307
f 2883//1307 2884//1307 2905//1307
f 2884//1307 2903//1307 2905//1307
f 2884//1306 2799//1306 2903//1306
f 2905//1306 2903//1306 2900//1306
f 2765//1307 2906//1307 2769//1307
f 2906//1307 2902//1307 2769//1307
f 2906//1307 2900//1307 2902//1307
f 2769//1310 2902//1310 2697//1310
f 2861//1307 2863//1307 2907//1307
f 2863//1307 2908//1307 2907//1307
f 2863//1307 2866//1307 2908//1307
f 2907//1306 2908//1306 2909//1306
f 2866//1307 2910//1307 2908//1307
f 2910//1307 2911//1307 2908//1307
f 2910//1306 2892//1306 2911//1306
f 2908//1307 2911//1307 2909//1307
f 2866//1307 2872//1307 2910//1307
f 2872//1307 2894//1307 2910//1307
f 2872//1307 2789//1307 2894//1307
f 2910//1306 2894//1306 2892//1306
f 2909//1307 2911//1307 2912//1307
f 2911//1306 2893//1306 2912//1306
f 2911//1306 2892//1306 2893//1306
f 2912//1307 2893//1307 2739//1307
f 2761//1307 2763//1307 2913//1307
f 2763//1307 2914//1307 2913//1307
f 2763//1311 2766//1311 2914//1311
f 2913//1307 2914//1307 2915//1307
f 2766//1307 2916//1307 2914//1307
f 2916//1306 2917//1306 2914//1306
f 2916//1307 2856//1307 2917//1307
f 2914//1306 2917//1306 2915//1306
f 2766//1310 2770//1310 2916//1310
f 2770//1310 2860//1310 2916//1310
f 2770//1307 2607//1307 2860//1307
f 2916//1307 2860//1307 2856//1307
f 2915//1307 2917//1307 2918//1307
f 2917//1311 2858//1311 2918//1311
f 2917//1310 2856//1310 2858//1310
f 2918//1306 2858//1306 2859//1306
f 2597//1307 2832//1307 2878//1307
f 2832//1306 2919//1306 2878//1306
f 2832//1310 2830//1310 2919//1310
f 2878//1306 2919//1306 2877//1306
f 2830//1310 2920//1310 2919//1310
f 2920//1307 2921//1307 2919//1307
f 2920//1306 2922//1306 2921//1306
f 2919//1307 2921//1307 2877//1307
f 2830//1306 2831//1306 2920//1306
f 2831//1307 2923//1307 2920//1307
f 2831//1307 2660//1307 2923//1307
f 2920//1310 2923//1310 2922//1310
f 2877//1307 2921//1307 2879//1307
f 2921//1307 2924//1307 2879//1307
f 2921//1312 2922//1312 2924//1312
f 2879//1307 2924//1307 2859//1307
f 2761//1307 2913//1307 2849//1307
f 2913//1306 2925//1306 2849//1306
f 2913//1313 2915//1313 2925//1313
f 2849//1309 2925//1309 2847//1309
f 2915//1317 2926//1317 2925//1317
f 2926//1317 2927//1317 2925//1317
f 2926//1317 2922//1317 2927//1317
f 2925//1312 2927//1312 2847//1312
f 2915//1307 2918//1307 2926//1307
f 2918//1306 2924//1306 2926//1306
f 2918//1306 2859//1306 2924//1306
f 2926//1309 2924//1309 2922//1309
f 2847//1306 2927//1306 2850//1306
f 2927//1307 2923//1307 2850//1307
f 2927//1317 2922//1317 2923//1317
f 2850//1307 2923//1307 2660//1307
f 510//1310 2928//1310 2929//1310
f 2928//1310 2930//1310 2929//1310
f 2928//1308 2931//1308 2930//1308
f 2929//1312 2930//1312 2932//1312
f 2931//1310 2933//1310 2930//1310
f 2933//1307 2934//1307 2930//1307
f 2933//1310 2577//1310 2934//1310
f 2930//1312 2934//1312 2932//1312
f 2931//1310 2935//1310 2933//1310
f 2935//1310 2574//1310 2933//1310
f 2935//1312 2572//1312 2574//1312
f 2933//1310 2574//1310 2577//1310
f 2932//1311 2934//1311 2936//1311
f 2934//1311 2584//1311 2936//1311
f 2934//1310 2577//1310 2584//1310
f 2936//1308 2584//1308 2586//1308
f 860//1318 2626//1318 2937//1318
f 2626//1310 2938//1310 2937//1310
f 2626//1306 2622//1306 2938//1306
f 2937//1310 2938//1310 2939//1310
f 2622//1306 2940//1306 2938//1306
f 2940//1310 2941//1310 2938//1310
f 2940//1307 2780//1307 2941//1307
f 2938//1306 2941//1306 2939//1306
f 2622//1307 2624//1307 2940//1307
f 2624//1307 2785//1307 2940//1307
f 2624//1306 2625//1306 2785//1306
f 2940//1307 2785//1307 2780//1307
f 2939//1310 2941//1310 2942//1310
f 2941//1307 2777//1307 2942//1307
f 2941//1307 2780//1307 2777//1307
f 2942//1310 2777//1310 2570//1310
f 510//1307 2943//1307 2944//1307
f 2943//1306 2945//1306 2944//1306
f 2943//1306 2946//1306 2945//1306
f 2944//1306 2945//1306 2947//1306
f 2946//1307 2948//1307 2945//1307
f 2948//1307 2949//1307 2945//1307
f 2948//1306 2950//1306 2949//1306
f 2945//1307 2949//1307 2947//1307
f 2946//1307 2951//1307 2948//1307
f 2951//1306 2952//1306 2948//1306
f 2951//1310 2684//1310 2952//1310
f 2948//1306 2952//1306 2950//1306
f 2947//1307 2949//1307 2953//1307
f 2949//1310 2954//1310 2953//1310
f 2949//1306 2950//1306 2954//1306
f 2953//1310 2954//1310 2861//1310
f 723//1310 2955//1310 2711//1310
f 2955//1309 2956//1309 2711//1309
f 2955//1319 2957//1319 2956//1319
f 2711//1316 2956//1316 2710//1316
f 2957//1320 2958//1320 2956//1320
f 2958//1307 2959//1307 2956//1307
f 2958//1306 2746//1306 2959//1306
f 2956//1307 2959//1307 2710//1307
f 2957//1306 2960//1306 2958//1306
f 2960//1306 2743//1306 2958//1306
f 2960//1306 2741//1306 2743//1306
f 2958//1306 2743//1306 2746//1306
f 2710//1307 2959//1307 2712//1307
f 2959//1307 2750//1307 2712//1307
f 2959//1307 2746//1307 2750//1307
f 2712//1307 2750//1307 2637//1307
f 676//1307 2961//1307 773//1307
f 2961//1306 2962//1306 773//1306
f 2961//1306 2963//1306 2962//1306
f 773//1309 2962//1309 775//1309
f 2963//1307 2964//1307 2962//1307
f 2964//1307 2965//1307 2962//1307
f 2964//1307 2957//1307 2965//1307
f 2962//1309 2965//1309 775//1309
f 2963//1307 2966//1307 2964//1307
f 2966//1307 2960//1307 2964//1307
f 2966//1307 2741//1307 2960//1307
f 2964//1307 2960//1307 2957//1307
f 775//1306 2965//1306 778//1306
f 2965//1307 2955//1307 778//1307
f 2965//1307 2957//1307 2955//1307
f 778//1307 2955//1307 723//1307
f 510//1317 2944//1317 2731//1317
f 2944//1307 2967//1307 2731//1307
f 2944//1306 2947//1306 2967//1306
f 2731//1307 2967//1307 2733//1307
f 2947//1306 2968//1306 2967//1306
f 2968//1306 2969//1306 2967//1306
f 2968//1312 2909//1312 2969//1312
f 2967//1310 2969//1310 2733//1310
f 2947//1307 2953//1307 2968//1307
f 2953//1307 2907//1307 2968//1307
f 2953//1310 2861//1310 2907//1310
f 2968//1309 2907//1309 2909//1309
f 2733//1310 2969//1310 2737//1310
f 2969//1310 2912//1310 2737//1310
f 2969//1307 2909//1307 2912//1307
f 2737//1307 2912//1307 2739//1307
f 676//1307 2800//1307 2961//1307
f 2800//1310 2970//1310 2961//1310
f 2800//1317 2802//1317 2970//1317
f 2961//1310 2970//1310 2963//1310
f 2802//1317 2971//1317 2970//1317
f 2971//1316 2972//1316 2970//1316
f 2971//1310 2814//1310 2972//1310
f 2970//1307 2972//1307 2963//1307
f 2802//1306 2805//1306 2971//1306
f 2805//1307 2818//1307 2971//1307
f 2805//1307 2760//1307 2818//1307
f 2971//1307 2818//1307 2814//1307
f 2963//1307 2972//1307 2966//1307
f 2972//1307 2812//1307 2966//1307
f 2972//1306 2814//1306 2812//1306
f 2966//1307 2812//1307 2741//1307
f 2684//1307 2686//1307 2952//1307
f 2686//1307 2973//1307 2952//1307
f 2686//1310 2689//1310 2973//1310
f 2952//1307 2973//1307 2950//1307
f 2689//1307 2974//1307 2973//1307
f 2974//1307 2975//1307 2973//1307
f 2974//1307 2897//1307 2975//1307
f 2973//1307 2975//1307 2950//1307
f 2689//1307 2695//1307 2974//1307
f 2695//1307 2901//1307 2974//1307
f 2695//1307 2697//1307 2901//1307
f 2974//1307 2901//1307 2897//1307
f 2950//1307 2975//1307 2954//1307
f 2975//1307 2895//1307 2954//1307
f 2975//1307 2897//1307 2895//1307
f 2954//1307 2895//1307 2861//1307
f 386//1306 2641//1306 2976//1306
f 2641//1321 2977//1321 2976//1321
f 2641//1307 2643//1307 2977//1307
f 2976//1308 2977//1308 2978//1308
f 2643//1307 2979//1307 2977//1307
f 2979//1306 2980//1306 2977//1306
f 2979//1321 2835//1321 2980//1321
f 2977//1312 2980//1312 2978//1312
f 2643//1307 2648//1307 2979//1307
f 2648//1312 2838//1312 2979//1312
f 2648//1312 2650//1312 2838//1312
f 2979//1322 2838//1322 2835//1322
f 2978//1312 2980//1312 2981//1312
f 2980//1317 2833//1317 2981//1317
f 2980//1308 2835//1308 2833//1308
f 2981//1308 2833//1308 2572//1308
f 510//1311 2929//1311 2943//1311
f 2929//1312 2982//1312 2943//1312
f 2929//1308 2932//1308 2982//1308
f 2943//1308 2982//1308 2946//1308
f 2932//1308 2983//1308 2982//1308
f 2983//1310 2984//1310 2982//1310
f 2983//1310 2773//1310 2984//1310
f 2982//1310 2984//1310 2946//1310
f 2932//1308 2936//1308 2983//1308
f 2936//1308 2776//1308 2983//1308
f 2936//1312 2586//1312 2776//1312
f 2983//1307 2776//1307 2773//1307
f 2946//1312 2984//1312 2951//1312
f 2984//1311 2771//1311 2951//1311
f 2984//1311 2773//1311 2771//1311
f 2951//1308 2771//1308 2684//1308
f 386//1323 2976//1323 583//1323
f 2976//1324 2985//1324 583//1324
f 2976//1325 2978//1325 2985//1325
f 583//1326 2985//1326 586//1326
f 2978//1327 2986//1327 2985//1327
f 2986//1328 2987//1328 2985//1328
f 2986//1329 2931//1329 2987//1329
f 2985//1324 2987//1324 586//1324
f 2978//1326 2981//1326 2986//1326
f 2981//1330 2935//1330 2986//1330
f 2981//1331 2572//1331 2935//1331
f 2986//1332 2935//1332 2931//1332
f 586//1333 2987//1333 592//1333
f 2987//1334 2928//1334 592//1334
f 2987//1325 2931//1325 2928//1325
f 592//1335 2928//1335 510//1335
f 921//1336 2988//1336 2989//1336
f 2988//1336 2990//1336 2989//1336
f 2988//1336 2991//1336 2990//1336
f 2989//1337 2990//1337 2992//1337
f 2991//1336 2993//1336 2990//1336
f 2993//1336 2994//1336 2990//1336
f 2993//1336 2995//1336 2994//1336
f 2990//1336 2994//1336 2992//1336
f 2991//1336 2996//1336 2993//1336
f 2996//1336 2997//1336 2993//1336
f 2996//1336 2998//1336 2997//1336
f 2993//1336 2997//1336 2995//1336
f 2992//1336 2994//1336 2999//1336
f 2994//1337 3000//1337 2999//1337
f 2994//1337 2995//1337 3000//1337
f 2999//1336 3000//1336 3001//1336
f 226//1336 3002//1336 3003//1336
f 3002//1337 3004//1337 3003//1337
f 3002//1337 3005//1337 3004//1337
f 3003//1336 3004//1336 3006//1336
f 3005//1337 3007//1337 3004//1337
f 3007//1336 3008//1336 3004//1336
f 3007//1336 3009//1336 3008//1336
f 3004//1336 3008//1336 3006//1336
f 3005//1337 3010//1337 3007//1337
f 3010//1337 3011//1337 3007//1337
f 3010//1336 3012//1336 3011//1336
f 3007//1336 3011//1336 3009//1336
f 3006//1336 3008//1336 3013//1336
f 3008//1336 3014//1336 3013//1336
f 3008//1336 3009//1336 3014//1336
f 3013//1337 3014//1337 3015//1337
f 226//1338 3016//1338 3002//1338
f 3016//1337 3017//1337 3002//1337
f 3016//1337 3018//1337 3017//1337
f 3002//1336 3017//1336 3005//1336
f 3018//1338 3019//1338 3017//1338
f 3019//1339 3020//1339 3017//1339
f 3019//1336 3021//1336 3020//1336
f 3017//1336 3020//1336 3005//1336
f 3018//1337 3022//1337 3019//1337
f 3022//1337 3023//1337 3019//1337
f 3022//1338 3024//1338 3023//1338
f 3019//1337 3023//1337 3021//1337
f 3005//1336 3020//1336 3010//1336
f 3020//1336 3025//1336 3010//1336
f 3020//1336 3021//1336 3025//1336
f 3010//1336 3025//1336 3012//1336
f 3026//1336 3027//1336 3028//1336
f 3027//1336 3029//1336 3028//1336
f 3027//1336 3030//1336 3029//1336
f 3028//1336 3029//1336 3031//1336
f 3030//1337 3032//1337 3029//1337
f 3032//1337 3033//1337 3029//1337
f 3032//1337 3009//1337 3033//1337
f 3029//1336 3033//1336 3031//1336
f 3030//1337 3034//1337 3032//1337
f 3034//1336 3014//1336 3032//1336
f 3034//1336 3015//1336 3014//1336
f 3032//1336 3014//1336 3009//1336
f 3031//1336 3033//1336 3035//1336
f 3033//1337 3011//1337 3035//1337
f 3033//1337 3009//1337 3011//1337
f 3035//1337 3011//1337 3012//1337
f 175//1340 3036//1340 210//1340
f 3036//1336 3037//1336 210//1336
f 3036//1338 3038//1338 3037//1338
f 210//1337 3037//1337 209//1337
f 3038//1339 3039//1339 3037//1339
f 3039//1337 3040//1337 3037//1337
f 3039//1337 3041//1337 3040//1337
f 3037//1337 3040//1337 209//1337
f 3038//1341 3042//1341 3039//1341
f 3042//1339 3043//1339 3039//1339
f 3042//1342 3044//1342 3043//1342
f 3039//1337 3043//1337 3041//1337
f 209//1337 3040//1337 212//1337
f 3040//1343 3045//1343 212//1343
f 3040//1336 3041//1336 3045//1336
f 212//1340 3045//1340 213//1340
f 893//1339 3046//1339 3047//1339
f 3046//1336 3048//1336 3047//1336
f 3046//1337 3049//1337 3048//1337
f 3047//1344 3048//1344 3050//1344
f 3049//1337 3051//1337 3048//1337
f 3051//1337 3052//1337 3048//1337
f 3051//1337 3053//1337 3052//1337
f 3048//1337 3052//1337 3050//1337
f 3049//1337 3054//1337 3051//1337
f 3054//1344 3055//1344 3051//1344
f 3054//1344 3001//1344 3055//1344
f 3051//1345 3055//1345 3053//1345
f 3050//1339 3052//1339 3056//1339
f 3052//1341 3057//1341 3056//1341
f 3052//1341 3053//1341 3057//1341
f 3056//1337 3057//1337 3044//1337
f 2998//1337 3058//1337 3059//1337
f 3058//1336 3060//1336 3059//1336
f 3058//1336 3061//1336 3060//1336
f 3059//1336 3060//1336 3062//1336
f 3061//1336 3063//1336 3060//1336
f 3063//1336 3064//1336 3060//1336
f 3063//1336 3021//1336 3064//1336
f 3060//1336 3064//1336 3062//1336
f 3061//1336 3065//1336 3063//1336
f 3065//1336 3025//1336 3063//1336
f 3065//1336 3012//1336 3025//1336
f 3063//1336 3025//1336 3021//1336
f 3062//1337 3064//1337 3066//1337
f 3064//1337 3023//1337 3066//1337
f 3064//1337 3021//1337 3023//1337
f 3066//1337 3023//1337 3024//1337
f 3026//1337 3067//1337 3068//1337
f 3067//1337 3069//1337 3068//1337
f 3067//1336 3070//1336 3069//1336
f 3068//1337 3069//1337 3071//1337
f 3070//1336 3072//1336 3069//1336
f 3072//1337 3073//1337 3069//1337
f 3072//1337 3074//1337 3073//1337
f 3069//1337 3073//1337 3071//1337
f 3070//1337 3075//1337 3072//1337
f 3075//1337 3076//1337 3072//1337
f 3075//1336 3077//1336 3076//1336
f 3072//1337 3076//1337 3074//1337
f 3071//1336 3073//1336 3078//1336
f 3073//1336 3079//1336 3078//1336
f 3073//1337 3074//1337 3079//1337
f 3078//1337 3079//1337 3080//1337
f 857//1336 3081//1336 968//1336
f 3081//1336 3082//1336 968//1336
f 3081//1336 3083//1336 3082//1336
f 968//1337 3082//1337 971//1337
f 3083//1336 3084//1336 3082//1336
f 3084//1337 3085//1337 3082//1337
f 3084//1336 3086//1336 3085//1336
f 3082//1337 3085//1337 971//1337
f 3083//1336 3087//1336 3084//1336
f 3087//1336 3088//1336 3084//1336
f 3087//1336 3080//1336 3088//1336
f 3084//1336 3088//1336 3086//1336
f 971//1336 3085//1336 975//1336
f 3085//1336 3089//1336 975//1336
f 3085//1336 3086//1336 3089//1336
f 975//1336 3089//1336 921//1336
f 226//1336 225//1336 3016//1336
f 225//1336 3090//1336 3016//1336
f 225//1339 221//1339 3090//1339
f 3016//1336 3090//1336 3018//1336
f 221//1336 3091//1336 3090//1336
f 3091//1337 3092//1337 3090//1337
f 3091//1340 3093//1340 3092//1340
f 3090//1337 3092//1337 3018//1337
f 221//1336 223//1336 3091//1336
f 223//1337 3094//1337 3091//1337
f 223//1345 213//1345 3094//1345
f 3091//1337 3094//1337 3093//1337
f 3018//1337 3092//1337 3022//1337
f 3092//1337 3095//1337 3022//1337
f 3092//1337 3093//1337 3095//1337
f 3022//1336 3095//1336 3024//1336
f 213//1336 3045//1336 3094//1336
f 3045//1336 3096//1336 3094//1336
f 3045//1336 3041//1336 3096//1336
f 3094//1341 3096//1341 3093//1341
f 3041//1336 3097//1336 3096//1336
f 3097//1341 3098//1341 3096//1341
f 3097//1340 3099//1340 3098//1340
f 3096//1340 3098//1340 3093//1340
f 3041//1346 3043//1346 3097//1346
f 3043//1344 3100//1344 3097//1344
f 3043//1339 3044//1339 3100//1339
f 3097//1337 3100//1337 3099//1337
f 3093//1340 3098//1340 3095//1340
f 3098//1341 3101//1341 3095//1341
f 3098//1341 3099//1341 3101//1341
f 3095//1336 3101//1336 3024//1336
f 857//1336 868//1336 3081//1336
f 868//1337 3102//1337 3081//1337
f 868//1337 864//1337 3102//1337
f 3081//1336 3102//1336 3083//1336
f 864//1336 3103//1336 3102//1336
f 3103//1337 3104//1337 3102//1337
f 3103//1337 3105//1337 3104//1337
f 3102//1336 3104//1336 3083//1336
f 864//1336 861//1336 3103//1336
f 861//1336 3106//1336 3103//1336
f 861//1347 860//1347 3106//1347
f 3103//1337 3106//1337 3105//1337
f 3083//1336 3104//1336 3087//1336
f 3104//1336 3107//1336 3087//1336
f 3104//1336 3105//1336 3107//1336
f 3087//1336 3107//1336 3080//1336
f 175//1348 1558//1348 3036//1348
f 1558//1345 3108//1345 3036//1345
f 1558//1345 1560//1345 3108//1345
f 3036//1336 3108//1336 3038//1336
f 1560//1348 3109//1348 3108//1348
f 3109//1344 3110//1344 3108//1344
f 3109//1349 3050//1349 3110//1349
f 3108//1336 3110//1336 3038//1336
f 1560//1339 1565//1339 3109//1339
f 1565//1340 3047//1340 3109//1340
f 1565//1340 893//1340 3047//1340
f 3109//1350 3047//1350 3050//1350
f 3038//1340 3110//1340 3042//1340
f 3110//1340 3056//1340 3042//1340
f 3110//1339 3050//1339 3056//1339
f 3042//1336 3056//1336 3044//1336
f 2998//1337 3111//1337 3058//1337
f 3111//1336 3112//1336 3058//1336
f 3111//1336 3113//1336 3112//1336
f 3058//1336 3112//1336 3061//1336
f 3113//1337 3114//1337 3112//1337
f 3114//1337 3115//1337 3112//1337
f 3114//1336 3116//1336 3115//1336
f 3112//1337 3115//1337 3061//1337
f 3113//1336 3117//1336 3114//1336
f 3117//1336 3118//1336 3114//1336
f 3117//1337 3077//1337 3118//1337
f 3114//1336 3118//1336 3116//1336
f 3061//1337 3115//1337 3065//1337
f 3115//1336 3119//1336 3065//1336
f 3115//1336 3116//1336 3119//1336
f 3065//1336 3119//1336 3012//1336
f 921//1337 3120//1337 2988//1337
f 3120//1337 3121//1337 2988//1337
f 3120//1337 3122//1337 3121//1337
f 2988//1336 3121//1336 2991//1336
f 3122//1336 3123//1336 3121//1336
f 3123//1336 3124//1336 3121//1336
f 3123//1337 3113//1337 3124//1337
f 3121//1336 3124//1336 2991//1336
f 3122//1336 3125//1336 3123//1336
f 3125//1336 3117//1336 3123//1336
f 3125//1337 3077//1337 3117//1337
f 3123//1336 3117//1336 3113//1336
f 2991//1336 3124//1336 2996//1336
f 3124//1336 3111//1336 2996//1336
f 3124//1336 3113//1336 3111//1336
f 2996//1337 3111//1337 2998//1337
f 3044//1340 3057//1340 3100//1340
f 3057//1336 3126//1336 3100//1336
f 3057//1336 3053//1336 3126//1336
f 3100//1336 3126//1336 3099//1336
f 3053//1340 3127//1340 3126//1340
f 3127//1340 3128//1340 3126//1340
f 3127//1336 3129//1336 3128//1336
f 3126//1340 3128//1340 3099//1340
f 3053//1339 3055//1339 3127//1339
f 3055//1339 3130//1339 3127//1339
f 3055//1337 3001//1337 3130//1337
f 3127//1336 3130//1336 3129//1336
f 3099//1337 3128//1337 3101//1337
f 3128//1336 3131//1336 3101//1336
f 3128//1336 3129//1336 3131//1336
f 3101//1336 3131//1336 3024//1336
f 3026//1336 3028//1336 3067//1336
f 3028//1336 3132//1336 3067//1336
f 3028//1336 3031//1336 3132//1336
f 3067//1337 3132//1337 3070//1337
f 3031//1336 3133//1336 3132//1336
f 3133//1336 3134//1336 3132//1336
f 3133//1336 3116//1336 3134//1336
f 3132//1337 3134//1337 3070//1337
f 3031//1336 3035//1336 3133//1336
f 3035//1337 3119//1337 3133//1337
f 3035//1337 3012//1337 3119//1337
f 3133//1337 3119//1337 3116//1337
f 3070//1337 3134//1337 3075//1337
f 3134//1337 3118//1337 3075//1337
f 3134//1336 3116//1336 3118//1336
f 3075//1337 3118//1337 3077//1337
f 921//1336 3089//1336 3120//1336
f 3089//1336 3135//1336 3120//1336
f 3089//1337 3086//1337 3135//1337
f 3120//1337 3135//1337 3122//1337
f 3086//1337 3136//1337 3135//1337
f 3136//1336 3137//1336 3135//1336
f 3136//1336 3074//1336 3137//1336
f 3135//1337 3137//1337 3122//1337
f 3086//1337 3088//1337 3136//1337
f 3088//1337 3079//1337 3136//1337
f 3088//1337 3080//1337 3079//1337
f 3136//1336 3079//1336 3074//1336
f 3122//1337 3137//1337 3125//1337
f 3137//1337 3076//1337 3125//1337
f 3137//1337 3074//1337 3076//1337
f 3125//1336 3076//1336 3077//1336
f 2998//1337 3059//1337 2997//1337
f 3059//1337 3138//1337 2997//1337
f 3059//1339 3062//1339 3138//1339
f 2997//1337 3138//1337 2995//1337
f 3062//1339 3139//1339 3138//1339
f 3139//1336 3140//1336 3138//1336
f 3139//1337 3129//1337 3140//1337
f 3138//1337 3140//1337 2995//1337
f 3062//1337 3066//1337 3139//1337
f 3066//1337 3131//1337 3139//1337
f 3066//1337 3024//1337 3131//1337
f 3139//1337 3131//1337 3129//1337
f 2995//1336 3140//1336 3000//1336
f 3140//1337 3130//1337 3000//1337
f 3140//1337 3129//1337 3130//1337
f 3000//1337 3130//1337 3001//1337
f 860//1347 3141//1347 3106//1347
f 3141//1336 3142//1336 3106//1336
f 3141//1336 3143//1336 3142//1336
f 3106//1336 3142//1336 3105//1336
f 3143//1336 3144//1336 3142//1336
f 3144//1337 3145//1337 3142//1337
f 3144//1336 3071//1336 3145//1336
f 3142//1337 3145//1337 3105//1337
f 3143//1336 3146//1336 3144//1336
f 3146//1336 3068//1336 3144//1336
f 3146//1336 3026//1336 3068//1336
f 3144//1336 3068//1336 3071//1336
f 3105//1336 3145//1336 3107//1336
f 3145//1337 3078//1337 3107//1337
f 3145//1336 3071//1336 3078//1336
f 3107//1337 3078//1337 3080//1337
f 893//1336 960//1336 3046//1336
f 960//1336 3147//1336 3046//1336
f 960//1341 963//1341 3147//1341
f 3046//1336 3147//1336 3049//1336
f 963//1336 3148//1336 3147//1336
f 3148//1336 3149//1336 3147//1336
f 3148//1341 2992//1341 3149//1341
f 3147//1336 3149//1336 3049//1336
f 963//1337 967//1337 3148//1337
f 967//1337 2989//1337 3148//1337
f 967//1336 921//1336 2989//1336
f 3148//1337 2989//1337 2992//1337
f 3049//1336 3149//1336 3054//1336
f 3149//1336 2999//1336 3054//1336
f 3149//1341 2992//1341 2999//1341
f 3054//1336 2999//1336 3001//1336
f 3026//1336 3150//1336 3027//1336
f 3150//1337 3151//1337 3027//1337
f 3150//1337 3152//1337 3151//1337
f 3027//1336 3151//1336 3030//1336
f 3152//1336 3153//1336 3151//1336
f 3153//1336 3154//1336 3151//1336
f 3153//1336 3155//1336 3154//1336
f 3151//1336 3154//1336 3030//1336
f 3152//1336 3156//1336 3153//1336
f 3156//1336 3157//1336 3153//1336
f 3156//1336 3158//1336 3157//1336
f 3153//1337 3157//1337 3155//1337
f 3030//1337 3154//1337 3034//1337
f 3154//1336 3159//1336 3034//1336
f 3154//1336 3155//1336 3159//1336
f 3034//1336 3159//1336 3015//1336
f 3160//1351 3161//1351 3162//1351
f 3161//1351 3163//1351 3162//1351
f 3161//1351 3164//1351 3163//1351
f 3162//1351 3163//1351 3165//1351
f 3164//1351 3166//1351 3163//1351
f 3166//1351 3167//1351 3163//1351
f 3166//1351 3168//1351 3167//1351
f 3163//1351 3167//1351 3165//1351
f 3164//1351 3169//1351 3166//1351
f 3169//1351 3170//1351 3166//1351
f 3169//1351 3171//1351 3170//1351
f 3166//1351 3170//1351 3168//1351
f 3165//1351 3167//1351 3172//1351
f 3167//1351 3173//1351 3172//1351
f 3167//1351 3168//1351 3173//1351
f 3172//1351 3173//1351 3174//1351
f 3175//1351 3176//1351 3177//1351
f 3176//1351 3178//1351 3177//1351
f 3176//1351 3179//1351 3178//1351
f 3177//1351 3178//1351 3180//1351
f 3179//1351 3181//1351 3178//1351
f 3181//1351 3182//1351 3178//1351
f 3181//1351 3183//1351 3182//1351
f 3178//1351 3182//1351 3180//1351
f 3179//1351 3184//1351 3181//1351
f 3184//1351 3185//1351 3181//1351
f 3184//1351 3186//1351 3185//1351
f 3181//1351 3185//1351 3183//1351
f 3180//1351 3182//1351 3187//1351
f 3182//1351 3188//1351 3187//1351
f 3182//1351 3183//1351 3188//1351
f 3187//1351 3188//1351 3189//1351
f 3190//1351 3191//1351 3192//1351
f 3191//1351 3193//1351 3192//1351
f 3191//1351 3194//1351 3193//1351
f 3192//1351 3193//1351 3195//1351
f 3194//1351 3196//1351 3193//1351
f 3196//1351 3197//1351 3193//1351
f 3196//1351 3198//1351 3197//1351
f 3193//1351 3197//1351 3195//1351
f 3194//1351 3199//1351 3196//1351
f 3199//1351 3200//1351 3196//1351
f 3199//1351 3175//1351 3200//1351
f 3196//1351 3200//1351 3198//1351
f 3195//1351 3197//1351 3201//1351
f 3197//1351 3202//1351 3201//1351
f 3197//1351 3198//1351 3202//1351
f 3201//1351 3202//1351 3203//1351
f 1516//1351 3204//1351 3205//1351
f 3204//1351 3206//1351 3205//1351
f 3204//1351 3207//1351 3206//1351
f 3205//1351 3206//1351 3208//1351
f 3207//1351 3209//1351 3206//1351
f 3209//1351 3210//1351 3206//1351
f 3209//1351 3211//1351 3210//1351
f 3206//1351 3210//1351 3208//1351
f 3207//1351 3212//1351 3209//1351
f 3212//1351 3213//1351 3209//1351
f 3212//1351 3214//1351 3213//1351
f 3209//1351 3213//1351 3211//1351
f 3208//1351 3210//1351 3215//1351
f 3210//1351 3216//1351 3215//1351
f 3210//1351 3211//1351 3216//1351
f 3215//1351 3216//1351 3217//1351
f 3160//1351 3162//1351 3218//1351
f 3162//1351 3219//1351 3218//1351
f 3162//1351 3165//1351 3219//1351
f 3218//1351 3219//1351 3220//1351
f 3165//1351 3221//1351 3219//1351
f 3221//1351 3222//1351 3219//1351
f 3221//1351 3223//1351 3222//1351
f 3219//1351 3222//1351 3220//1351
f 3165//1351 3172//1351 3221//1351
f 3172//1351 3224//1351 3221//1351
f 3172//1351 3174//1351 3224//1351
f 3221//1351 3224//1351 3223//1351
f 3220//1351 3222//1351 3225//1351
f 3222//1351 3226//1351 3225//1351
f 3222//1351 3223//1351 3226//1351
f 3225//1351 3226//1351 3189//1351
f 3175//1351 3177//1351 3227//1351
f 3177//1351 3228//1351 3227//1351
f 3177//1351 3180//1351 3228//1351
f 3227//1351 3228//1351 3229//1351
f 3180//1351 3230//1351 3228//1351
f 3230//1351 3231//1351 3228//1351
f 3230//1351 3223//1351 3231//1351
f 3228//1351 3231//1351 3229//1351
f 3180//1351 3187//1351 3230//1351
f 3187//1351 3226//1351 3230//1351
f 3187//1351 3189//1351 3226//1351
f 3230//1351 3226//1351 3223//1351
f 3229//1351 3231//1351 3232//1351
f 3231//1351 3224//1351 3232//1351
f 3231//1351 3223//1351 3224//1351
f 3232//1351 3224//1351 3174//1351
f 3175//1351 3227//1351 3200//1351
f 3227//1351 3233//1351 3200//1351
f 3227//1351 3229//1351 3233//1351
f 3200//1351 3233//1351 3198//1351
f 3229//1351 3234//1351 3233//1351
f 3234//1351 3235//1351 3233//1351
f 3234//1351 3236//1351 3235//1351
f 3233//1351 3235//1351 3198//1351
f 3229//1351 3232//1351 3234//1351
f 3232//1351 3237//1351 3234//1351
f 3232//1351 3174//1351 3237//1351
f 3234//1351 3237//1351 3236//1351
f 3198//1351 3235//1351 3202//1351
f 3235//1351 3238//1351 3202//1351
f 3235//1351 3236//1351 3238//1351
f 3202//1351 3238//1351 3203//1351
f 3160//1351 3218//1351 3239//1351
f 3218//1351 3240//1351 3239//1351
f 3218//1351 3220//1351 3240//1351
f 3239//1351 3240//1351 3241//1351
f 3220//1351 3242//1351 3240//1351
f 3242//1351 3243//1351 3240//1351
f 3242//1351 3244//1351 3243//1351
f 3240//1351 3243//1351 3241//1351
f 3220//1351 3225//1351 3242//1351
f 3225//1351 3245//1351 3242//1351
f 3225//1351 3189//1351 3245//1351
f 3242//1351 3245//1351 3244//1351
f 3241//1351 3243//1351 3246//1351
f 3243//1351 3247//1351 3246//1351
f 3243//1351 3244//1351 3247//1351
f 3246//1351 3247//1351 3214//1351
f 3186//1351 3248//1351 3185//1351
f 3248//1351 3249//1351 3185//1351
f 3248//1351 3250//1351 3249//1351
f 3185//1351 3249//1351 3183//1351
f 3250//1351 3251//1351 3249//1351
f 3251//1351 3252//1351 3249//1351
f 3251//1351 3253//1351 3252//1351
f 3249//1351 3252//1351 3183//1351
f 3250//1351 3254//1351 3251//1351
f 3254//1351 3255//1351 3251//1351
f 3254//1351 3217//1351 3255//1351
f 3251//1351 3255//1351 3253//1351
f 3183//1351 3252//1351 3188//1351
f 3252//1351 3256//1351 3188//1351
f 3252//1351 3253//1351 3256//1351
f 3188//1351 3256//1351 3189//1351
f 3203//1351 3238//1351 3257//1351
f 3238//1351 3258//1351 3257//1351
f 3238//1351 3236//1351 3258//1351
f 3257//1351 3258//1351 3259//1351
f 3236//1351 3260//1351 3258//1351
f 3260//1351 3261//1351 3258//1351
f 3260//1351 3168//1351 3261//1351
f 3258//1351 3261//1351 3259//1351
f 3236//1351 3237//1351 3260//1351
f 3237//1351 3173//1351 3260//1351
f 3237//1351 3174//1351 3173//1351
f 3260//1351 3173//1351 3168//1351
f 3259//1351 3261//1351 3262//1351
f 3261//1351 3170//1351 3262//1351
f 3261//1351 3168//1351 3170//1351
f 3262//1351 3170//1351 3171//1351
f 3189//1351 3256//1351 3245//1351
f 3256//1351 3263//1351 3245//1351
f 3256//1351 3253//1351 3263//1351
f 3245//1351 3263//1351 3244//1351
f 3253//1351 3264//1351 3263//1351
f 3264//1351 3265//1351 3263//1351
f 3264//1351 3211//1351 3265//1351
f 3263//1351 3265//1351 3244//1351
f 3253//1351 3255//1351 3264//1351
f 3255//1351 3216//1351 3264//1351
f 3255//1351 3217//1351 3216//1351
f 3264//1351 3216//1351 3211//1351
f 3244//1351 3265//1351 3247//1351
f 3265//1351 3213//1351 3247//1351
f 3265//1351 3211//1351 3213//1351
f 3247//1351 3213//1351 3214//1351
f 1516//1351 3266//1351 3204//1351
f 3266//1352 3267//1352 3204//1352
f 3266//1352 3268//1352 3267//1352
f 3204//1352 3267//1352 3207//1352
f 3268//1353 3269//1353 3267//1353
f 3269//1353 3270//1353 3267//1353
f 3269//1352 3271//1352 3270//1352
f 3267//1351 3270//1351 3207//1351
f 3268//1353 3272//1353 3269//1353
f 3272//1352 3273//1352 3269//1352
f 3272//1352 3274//1352 3273//1352
f 3269//1352 3273//1352 3271//1352
f 3207//1351 3270//1351 3212//1351
f 3270//1353 3275//1353 3212//1353
f 3270//1351 3271//1351 3275//1351
f 3212//1353 3275//1353 3214//1353
f 3160//1352 3239//1352 3276//1352
f 3239//1351 3277//1351 3276//1351
f 3239//1351 3241//1351 3277//1351
f 3276//1351 3277//1351 3278//1351
f 3241//1351 3279//1351 3277//1351
f 3279//1351 3280//1351 3277//1351
f 3279//1351 3271//1351 3280//1351
f 3277//1351 3280//1351 3278//1351
f 3241//1351 3246//1351 3279//1351
f 3246//1351 3275//1351 3279//1351
f 3246//1351 3214//1351 3275//1351
f 3279//1351 3275//1351 3271//1351
f 3278//1351 3280//1351 3281//1351
f 3280//1351 3273//1351 3281//1351
f 3280//1351 3271//1351 3273//1351
f 3281//1351 3273//1351 3274//1351
f 1516//1351 3205//1351 3282//1351
f 3205//1351 3283//1351 3282//1351
f 3205//1351 3208//1351 3283//1351
f 3282//1351 3283//1351 3284//1351
f 3208//1351 3285//1351 3283//1351
f 3285//1351 3286//1351 3283//1351
f 3285//1351 3250//1351 3286//1351
f 3283//1351 3286//1351 3284//1351
f 3208//1351 3215//1351 3285//1351
f 3215//1351 3254//1351 3285//1351
f 3215//1351 3217//1351 3254//1351
f 3285//1351 3254//1351 3250//1351
f 3284//1351 3286//1351 3287//1351
f 3286//1351 3248//1351 3287//1351
f 3286//1351 3250//1351 3248//1351
f 3287//1351 3248//1351 3186//1351
f 1516//1351 1552//1351 3266//1351
f 1552//1351 3288//1351 3266//1351
f 1552//1351 1554//1351 3288//1351
f 3266//1351 3288//1351 3268//1351
f 1554//1351 3289//1351 3288//1351
f 3289//1351 3290//1351 3288//1351
f 3289//1351 3291//1351 3290//1351
f 3288//1352 3290//1352 3268//1352
f 1554//1351 1557//1351 3289//1351
f 1557//1351 3292//1351 3289//1351
f 1557//1351 1550//1351 3292//1351
f 3289//1351 3292//1351 3291//1351
f 3268//1351 3290//1351 3272//1351
f 3290//1351 3293//1351 3272//1351
f 3290//1351 3291//1351 3293//1351
f 3272//1351 3293//1351 3274//1351
f 3294//932 3295//932 3296//932
f 3295//932 3297//932 3296//932
f 3295//932 3298//932 3297//932
f 3296//932 3297//932 3299//932
f 3298//932 3300//932 3297//932
f 3300//932 3301//932 3297//932
f 3300//932 1520//932 3301//932
f 3297//932 3301//932 3299//932
f 3298//932 3302//932 3300//932
f 3302//932 1525//932 3300//932
f 3302//932 1515//932 1525//932
f 3300//932 1525//932 1520//932
f 3299//932 3301//932 3303//932
f 3301//932 1517//932 3303//932
f 3301//932 1520//932 1517//932
f 3303//932 1517//932 1516//932
f 3186//932 3304//932 3287//932
f 3304//932 3305//932 3287//932
f 3304//932 3306//932 3305//932
f 3287//932 3305//932 3284//932
f 3306//932 3307//932 3305//932
f 3307//932 3308//932 3305//932
f 3307//932 3299//932 3308//932
f 3305//932 3308//932 3284//932
f 3306//932 3309//932 3307//932
f 3309//932 3296//932 3307//932
f 3309//932 3294//932 3296//932
f 3307//932 3296//932 3299//932
f 3284//932 3308//932 3282//932
f 3308//932 3303//932 3282//932
f 3308//932 3299//932 3303//932
f 3282//932 3303//932 1516//932
f 3310//1354 3311//1354 3312//1354
f 3311//1354 3313//1354 3312//1354
f 3311//1354 3314//1354 3313//1354
f 3312//1354 3313//1354 3315//1354
f 3314//1354 3316//1354 3313//1354
f 3316//1354 3317//1354 3313//1354
f 3316//1354 3318//1354 3317//1354
f 3313//1354 3317//1354 3315//1354
f 3314//1354 3319//1354 3316//1354
f 3319//1354 3320//1354 3316//1354
f 3319//1354 3321//1354 3320//1354
f 3316//1354 3320//1354 3318//1354
f 3315//1354 3317//1354 3322//1354
f 3317//1354 3323//1354 3322//1354
f 3317//1354 3318//1354 3323//1354
f 3322//1354 3323//1354 3324//1354
f 1231//1354 1506//1354 3325//1354
f 1506//1354 3326//1354 3325//1354
f 1506//1354 1508//1354 3326//1354
f 3325//1354 3326//1354 3327//1354
f 1508//1354 3328//1354 3326//1354
f 3328//1354 3329//1354 3326//1354
f 3328//1354 3330//1354 3329//1354
f 3326//1354 3329//1354 3327//1354
f 1508//1354 1513//1354 3328//1354
f 1513//1354 3331//1354 3328//1354
f 1513//1354 1515//1354 3331//1354
f 3328//1354 3331//1354 3330//1354
f 3327//1354 3329//1354 3332//1354
f 3329//1354 3333//1354 3332//1354
f 3329//1355 3330//1355 3333//1355
f 3332//1354 3333//1354 3334//1354
f 1110//1354 1241//1354 3335//1354
f 1241//1356 3336//1356 3335//1356
f 1241//1356 1243//1356 3336//1356
f 3335//1357 3336//1357 3337//1357
f 1243//1354 3338//1354 3336//1354
f 3338//1354 3339//1354 3336//1354
f 3338//1354 3340//1354 3339//1354
f 3336//1357 3339//1357 3337//1357
f 1243//1354 1246//1354 3338//1354
f 1246//1354 3341//1354 3338//1354
f 1246//1354 1231//1354 3341//1354
f 3338//1354 3341//1354 3340//1354
f 3337//1356 3339//1356 3342//1356
f 3339//1354 3343//1354 3342//1354
f 3339//1354 3340//1354 3343//1354
f 3342//1354 3343//1354 3344//1354
f 3324//1354 3323//1354 3345//1354
f 3323//1354 3346//1354 3345//1354
f 3323//1354 3318//1354 3346//1354
f 3345//1354 3346//1354 3347//1354
f 3318//1354 3348//1354 3346//1354
f 3348//1354 3349//1354 3346//1354
f 3348//1354 3350//1354 3349//1354
f 3346//1354 3349//1354 3347//1354
f 3318//1354 3320//1354 3348//1354
f 3320//1354 3351//1354 3348//1354
f 3320//1354 3321//1354 3351//1354
f 3348//1354 3351//1354 3350//1354
f 3347//1354 3349//1354 3352//1354
f 3349//1354 3353//1354 3352//1354
f 3349//1354 3350//1354 3353//1354
f 3352//1354 3353//1354 3334//1354
f 1231//1354 3354//1354 3355//1354
f 3354//1355 3356//1355 3355//1355
f 3354//1354 3357//1354 3356//1354
f 3355//1354 3356//1354 3358//1354
f 3357//1354 3359//1354 3356//1354
f 3359//1354 3360//1354 3356//1354
f 3359//1354 3361//1354 3360//1354
f 3356//1354 3360//1354 3358//1354
f 3357//1354 3362//1354 3359//1354
f 3362//1354 3363//1354 3359//1354
f 3362//1354 3321//1354 3363//1354
f 3359//1354 3363//1354 3361//1354
f 3358//1354 3360//1354 3364//1354
f 3360//1354 3365//1354 3364//1354
f 3360//1354 3361//1354 3365//1354
f 3364//1354 3365//1354 3366//1354
f 1231//1354 3325//1354 3354//1354
f 3325//1354 3367//1354 3354//1354
f 3325//1354 3327//1354 3367//1354
f 3354//1354 3367//1354 3357//1354
f 3327//1354 3368//1354 3367//1354
f 3368//1354 3369//1354 3367//1354
f 3368//1354 3350//1354 3369//1354
f 3367//1354 3369//1354 3357//1354
f 3327//1354 3332//1354 3368//1354
f 3332//1354 3353//1354 3368//1354
f 3332//1354 3334//1354 3353//1354
f 3368//1354 3353//1354 3350//1354
f 3357//1355 3369//1355 3362//1355
f 3369//1354 3351//1354 3362//1354
f 3369//1354 3350//1354 3351//1354
f 3362//1354 3351//1354 3321//1354
f 3370//1355 3371//1355 3372//1355
f 3371//1354 3373//1354 3372//1354
f 3371//1354 3374//1354 3373//1354
f 3372//1354 3373//1354 3375//1354
f 3374//1354 3376//1354 3373//1354
f 3376//1354 3377//1354 3373//1354
f 3376//1354 3378//1354 3377//1354
f 3373//1354 3377//1354 3375//1354
f 3374//1354 3379//1354 3376//1354
f 3379//1354 3380//1354 3376//1354
f 3379//1355 3381//1355 3380//1355
f 3376//1358 3380//1358 3378//1358
f 3375//1354 3377//1354 3382//1354
f 3377//1354 3383//1354 3382//1354
f 3377//1354 3378//1354 3383//1354
f 3382//1354 3383//1354 3344//1354
f 1231//1354 3355//1354 3341//1354
f 3355//1354 3384//1354 3341//1354
f 3355//1354 3358//1354 3384//1354
f 3341//1354 3384//1354 3340//1354
f 3358//1354 3385//1354 3384//1354
f 3385//1354 3386//1354 3384//1354
f 3385//1354 3387//1354 3386//1354
f 3384//1354 3386//1354 3340//1354
f 3358//1354 3364//1354 3385//1354
f 3364//1354 3388//1354 3385//1354
f 3364//1354 3366//1354 3388//1354
f 3385//1354 3388//1354 3387//1354
f 3340//1355 3386//1355 3343//1355
f 3386//1355 3389//1355 3343//1355
f 3386//1355 3387//1355 3389//1355
f 3343//1354 3389//1354 3344//1354
f 3370//1355 3390//1355 3371//1355
f 3390//1354 3391//1354 3371//1354
f 3390//1354 3392//1354 3391//1354
f 3371//1354 3391//1354 3374//1354
f 3392//1355 3393//1355 3391//1355
f 3393//1354 3394//1354 3391//1354
f 3393//1355 3395//1355 3394//1355
f 3391//1354 3394//1354 3374//1354
f 3392//1354 3396//1354 3393//1354
f 3396//1354 3397//1354 3393//1354
f 3396//1354 3398//1354 3397//1354
f 3393//1355 3397//1355 3395//1355
f 3374//1354 3394//1354 3379//1354
f 3394//1354 3399//1354 3379//1354
f 3394//1358 3395//1358 3399//1358
f 3379//1356 3399//1356 3381//1356
f 3370//1354 3400//1354 3401//1354
f 3400//1354 3402//1354 3401//1354
f 3400//1354 3403//1354 3402//1354
f 3401//1354 3402//1354 3404//1354
f 3403//1354 3405//1354 3402//1354
f 3405//1354 3406//1354 3402//1354
f 3405//1354 3361//1354 3406//1354
f 3402//1354 3406//1354 3404//1354
f 3403//1354 3407//1354 3405//1354
f 3407//1354 3365//1354 3405//1354
f 3407//1354 3366//1354 3365//1354
f 3405//1354 3365//1354 3361//1354
f 3404//1354 3406//1354 3408//1354
f 3406//1354 3363//1354 3408//1354
f 3406//1354 3361//1354 3363//1354
f 3408//1354 3363//1354 3321//1354
f 1021//1354 3409//1354 3410//1354
f 3409//1354 3411//1354 3410//1354
f 3409//1354 3412//1354 3411//1354
f 3410//1354 3411//1354 3413//1354
f 3412//1354 3414//1354 3411//1354
f 3414//1354 3415//1354 3411//1354
f 3414//1354 3416//1354 3415//1354
f 3411//1354 3415//1354 3413//1354
f 3412//1354 3417//1354 3414//1354
f 3417//1354 3418//1354 3414//1354
f 3417//1354 3419//1354 3418//1354
f 3414//1354 3418//1354 3416//1354
f 3413//1354 3415//1354 3420//1354
f 3415//1354 3421//1354 3420//1354
f 3415//1354 3416//1354 3421//1354
f 3420//1354 3421//1354 3422//1354
f 3370//1354 3401//1354 3423//1354
f 3401//1354 3424//1354 3423//1354
f 3401//1354 3404//1354 3424//1354
f 3423//1354 3424//1354 3425//1354
f 3404//1354 3426//1354 3424//1354
f 3426//1354 3427//1354 3424//1354
f 3426//1354 3428//1354 3427//1354
f 3424//1354 3427//1354 3425//1354
f 3404//1354 3408//1354 3426//1354
f 3408//1354 3429//1354 3426//1354
f 3408//1354 3321//1354 3429//1354
f 3426//1354 3429//1354 3428//1354
f 3425//1354 3427//1354 3430//1354
f 3427//1354 3431//1354 3430//1354
f 3427//1354 3428//1354 3431//1354
f 3430//1354 3431//1354 3432//1354
f 3310//1354 3433//1354 3434//1354
f 3433//1354 3435//1354 3434//1354
f 3433//1354 3436//1354 3435//1354
f 3434//1354 3435//1354 3437//1354
f 3436//1354 3438//1354 3435//1354
f 3438//1354 3439//1354 3435//1354
f 3438//1354 3440//1354 3439//1354
f 3435//1354 3439//1354 3437//1354
f 3436//1354 3441//1354 3438//1354
f 3441//1354 3442//1354 3438//1354
f 3441//1354 3419//1354 3442//1354
f 3438//1354 3442//1354 3440//1354
f 3437//1354 3439//1354 3443//1354
f 3439//1354 3444//1354 3443//1354
f 3439//1354 3440//1354 3444//1354
f 3443//1354 3444//1354 3445//1354
f 3310//1354 3312//1354 3446//1354
f 3312//1354 3447//1354 3446//1354
f 3312//1354 3315//1354 3447//1354
f 3446//1354 3447//1354 3448//1354
f 3315//1354 3449//1354 3447//1354
f 3449//1354 3450//1354 3447//1354
f 3449//1354 3451//1354 3450//1354
f 3447//1354 3450//1354 3448//1354
f 3315//1354 3322//1354 3449//1354
f 3322//1354 3452//1354 3449//1354
f 3322//1354 3324//1354 3452//1354
f 3449//1354 3452//1354 3451//1354
f 3448//1354 3450//1354 3453//1354
f 3450//1354 3454//1354 3453//1354
f 3450//1354 3451//1354 3454//1354
f 3453//1354 3454//1354 3455//1354
f 3370//1354 3456//1354 3457//1354
f 3456//1354 3458//1354 3457//1354
f 3456//1354 3459//1354 3458//1354
f 3457//1355 3458//1355 3460//1355
f 3459//1354 3461//1354 3458//1354
f 3461//1354 3462//1354 3458//1354
f 3461//1354 3463//1354 3462//1354
f 3458//1354 3462//1354 3460//1354
f 3459//1354 3464//1354 3461//1354
f 3464//1355 3465//1355 3461//1355
f 3464//1354 3466//1354 3465//1354
f 3461//1354 3465//1354 3463//1354
f 3460//1354 3462//1354 3467//1354
f 3462//1354 3468//1354 3467//1354
f 3462//1354 3463//1354 3468//1354
f 3467//1354 3468//1354 3469//1354
f 1069//1358 3470//1358 3471//1358
f 3470//1358 3472//1358 3471//1358
f 3470//1356 3473//1356 3472//1356
f 3471//1358 3472//1358 3474//1358
f 3473//1356 3475//1356 3472//1356
f 3475//1356 3476//1356 3472//1356
f 3475//1356 3395//1356 3476//1356
f 3472//1358 3476//1358 3474//1358
f 3473//1358 3477//1358 3475//1358
f 3477//1358 3399//1358 3475//1358
f 3477//1356 3381//1356 3399//1356
f 3475//1358 3399//1358 3395//1358
f 3474//1354 3476//1354 3478//1354
f 3476//1354 3397//1354 3478//1354
f 3476//1354 3395//1354 3397//1354
f 3478//1354 3397//1354 3398//1354
f 3370//1354 3423//1354 3456//1354
f 3423//1354 3479//1354 3456//1354
f 3423//1355 3425//1355 3479//1355
f 3456//1354 3479//1354 3459//1354
f 3425//1354 3480//1354 3479//1354
f 3480//1354 3481//1354 3479//1354
f 3480//1354 3482//1354 3481//1354
f 3479//1354 3481//1354 3459//1354
f 3425//1354 3430//1354 3480//1354
f 3430//1354 3483//1354 3480//1354
f 3430//1354 3432//1354 3483//1354
f 3480//1354 3483//1354 3482//1354
f 3459//1354 3481//1354 3464//1354
f 3481//1354 3484//1354 3464//1354
f 3481//1354 3482//1354 3484//1354
f 3464//1354 3484//1354 3466//1354
f 3370//1354 3457//1354 3390//1354
f 3457//1354 3485//1354 3390//1354
f 3457//1354 3460//1354 3485//1354
f 3390//1354 3485//1354 3392//1354
f 3460//1354 3486//1354 3485//1354
f 3486//1354 3487//1354 3485//1354
f 3486//1355 3488//1355 3487//1355
f 3485//1354 3487//1354 3392//1354
f 3460//1354 3467//1354 3486//1354
f 3467//1354 3489//1354 3486//1354
f 3467//1354 3469//1354 3489//1354
f 3486//1354 3489//1354 3488//1354
f 3392//1354 3487//1354 3396//1354
f 3487//1354 3490//1354 3396//1354
f 3487//1354 3488//1354 3490//1354
f 3396//1354 3490//1354 3398//1354
f 1021//1354 3491//1354 3409//1354
f 3491//1354 3492//1354 3409//1354
f 3491//1354 3493//1354 3492//1354
f 3409//1354 3492//1354 3412//1354
f 3493//1354 3494//1354 3492//1354
f 3494//1354 3495//1354 3492//1354
f 3494//1354 3440//1354 3495//1354
f 3492//1354 3495//1354 3412//1354
f 3493//1354 3496//1354 3494//1354
f 3496//1354 3444//1354 3494//1354
f 3496//1354 3445//1354 3444//1354
f 3494//1354 3444//1354 3440//1354
f 3412//1354 3495//1354 3417//1354
f 3495//1354 3442//1354 3417//1354
f 3495//1354 3440//1354 3442//1354
f 3417//1354 3442//1354 3419//1354
f 3370//1354 3372//1354 3400//1354
f 3372//1354 3497//1354 3400//1354
f 3372//1354 3375//1354 3497//1354
f 3400//1354 3497//1354 3403//1354
f 3375//1354 3498//1354 3497//1354
f 3498//1354 3499//1354 3497//1354
f 3498//1354 3387//1354 3499//1354
f 3497//1354 3499//1354 3403//1354
f 3375//1354 3382//1354 3498//1354
f 3382//1354 3389//1354 3498//1354
f 3382//1354 3344//1354 3389//1354
f 3498//1355 3389//1355 3387//1355
f 3403//1354 3499//1354 3407//1354
f 3499//1354 3388//1354 3407//1354
f 3499//1354 3387//1354 3388//1354
f 3407//1354 3388//1354 3366//1354
f 1009//1354 3500//1354 3501//1354
f 3500//1354 3502//1354 3501//1354
f 3500//1354 3503//1354 3502//1354
f 3501//1354 3502//1354 3504//1354
f 3503//1354 3505//1354 3502//1354
f 3505//1354 3506//1354 3502//1354
f 3505//1354 3463//1354 3506//1354
f 3502//1354 3506//1354 3504//1354
f 3503//1354 3507//1354 3505//1354
f 3507//1354 3468//1354 3505//1354
f 3507//1354 3469//1354 3468//1354
f 3505//1354 3468//1354 3463//1354
f 3504//1354 3506//1354 3508//1354
f 3506//1354 3465//1354 3508//1354
f 3506//1354 3463//1354 3465//1354
f 3508//1354 3465//1354 3466//1354
f 3310//1354 3446//1354 3433//1354
f 3446//1354 3509//1354 3433//1354
f 3446//1354 3448//1354 3509//1354
f 3433//1354 3509//1354 3436//1354
f 3448//1354 3510//1354 3509//1354
f 3510//1354 3511//1354 3509//1354
f 3510//1354 3512//1354 3511//1354
f 3509//1354 3511//1354 3436//1354
f 3448//1354 3453//1354 3510//1354
f 3453//1354 3513//1354 3510//1354
f 3453//1354 3455//1354 3513//1354
f 3510//1354 3513//1354 3512//1354
f 3436//1354 3511//1354 3441//1354
f 3511//1354 3514//1354 3441//1354
f 3511//1354 3512//1354 3514//1354
f 3441//1354 3514//1354 3419//1354
f 1009//1354 1032//1354 3500//1354
f 1032//1354 3515//1354 3500//1354
f 1032//1354 1028//1354 3515//1354
f 3500//1354 3515//1354 3503//1354
f 1028//1354 3516//1354 3515//1354
f 3516//1354 3517//1354 3515//1354
f 3516//1354 3518//1354 3517//1354
f 3515//1354 3517//1354 3503//1354
f 1028//1354 1030//1354 3516//1354
f 1030//1354 3519//1354 3516//1354
f 1030//1354 1031//1354 3519//1354
f 3516//1354 3519//1354 3518//1354
f 3503//1354 3517//1354 3507//1354
f 3517//1354 3520//1354 3507//1354
f 3517//1354 3518//1354 3520//1354
f 3507//1354 3520//1354 3469//1354
f 1069//1355 3471//1355 1067//1355
f 3471//1355 3521//1355 1067//1355
f 3471//1356 3474//1356 3521//1356
f 1067//1358 3521//1358 1061//1358
f 3474//1356 3522//1356 3521//1356
f 3522//1354 3523//1354 3521//1354
f 3522//1354 3524//1354 3523//1354
f 3521//1358 3523//1358 1061//1358
f 3474//1355 3478//1355 3522//1355
f 3478//1354 3525//1354 3522//1354
f 3478//1354 3398//1354 3525//1354
f 3522//1354 3525//1354 3524//1354
f 1061//1355 3523//1355 1058//1355
f 3523//1354 3526//1354 1058//1354
f 3523//1354 3524//1354 3526//1354
f 1058//1354 3526//1354 1031//1354
f 3310//1354 3527//1354 3311//1354
f 3527//1354 3528//1354 3311//1354
f 3527//1354 3529//1354 3528//1354
f 3311//1354 3528//1354 3314//1354
f 3529//1354 3530//1354 3528//1354
f 3530//1354 3531//1354 3528//1354
f 3530//1354 3428//1354 3531//1354
f 3528//1354 3531//1354 3314//1354
f 3529//1354 3532//1354 3530//1354
f 3532//1354 3431//1354 3530//1354
f 3532//1354 3432//1354 3431//1354
f 3530//1354 3431//1354 3428//1354
f 3314//1354 3531//1354 3319//1354
f 3531//1354 3429//1354 3319//1354
f 3531//1354 3428//1354 3429//1354
f 3319//1354 3429//1354 3321//1354
f 3310//1354 3434//1354 3533//1354
f 3434//1354 3534//1354 3533//1354
f 3434//1354 3437//1354 3534//1354
f 3533//1354 3534//1354 3535//1354
f 3437//1354 3536//1354 3534//1354
f 3536//1354 3537//1354 3534//1354
f 3536//1354 3538//1354 3537//1354
f 3534//1354 3537//1354 3535//1354
f 3437//1354 3443//1354 3536//1354
f 3443//1354 3539//1354 3536//1354
f 3443//1354 3445//1354 3539//1354
f 3536//1354 3539//1354 3538//1354
f 3535//1354 3537//1354 3540//1354
f 3537//1354 3541//1354 3540//1354
f 3537//1354 3538//1354 3541//1354
f 3540//1354 3541//1354 3466//1354
f 3422//1354 3421//1354 3542//1354
f 3421//1354 3543//1354 3542//1354
f 3421//1354 3416//1354 3543//1354
f 3542//1354 3543//1354 3544//1354
f 3416//1354 3545//1354 3543//1354
f 3545//1354 3546//1354 3543//1354
f 3545//1354 3547//1354 3546//1354
f 3543//1354 3546//1354 3544//1354
f 3416//1354 3418//1354 3545//1354
f 3418//1354 3548//1354 3545//1354
f 3418//1354 3419//1354 3548//1354
f 3545//1354 3548//1354 3547//1354
f 3544//1354 3546//1354 3549//1354
f 3546//1354 3550//1354 3549//1354
f 3546//1354 3547//1354 3550//1354
f 3549//1354 3550//1354 3551//1354
f 3422//1354 3542//1354 3552//1354
f 3542//1354 3553//1354 3552//1354
f 3542//1354 3544//1354 3553//1354
f 3552//1354 3553//1354 3554//1354
f 3544//1354 3555//1354 3553//1354
f 3555//1354 3556//1354 3553//1354
f 3555//1354 3557//1354 3556//1354
f 3553//1354 3556//1354 3554//1354
f 3544//1354 3549//1354 3555//1354
f 3549//1354 3558//1354 3555//1354
f 3549//1354 3551//1354 3558//1354
f 3555//1354 3558//1354 3557//1354
f 3554//1354 3556//1354 3559//1354
f 3556//1354 3560//1354 3559//1354
f 3556//1354 3557//1354 3560//1354
f 3559//1354 3560//1354 3561//1354
f 3294//1354 3562//1354 3563//1354
f 3562//1354 3564//1354 3563//1354
f 3562//1354 3565//1354 3564//1354
f 3563//1354 3564//1354 3566//1354
f 3565//1354 3567//1354 3564//1354
f 3567//1354 3568//1354 3564//1354
f 3567//1354 3569//1354 3568//1354
f 3564//1354 3568//1354 3566//1354
f 3565//1354 3570//1354 3567//1354
f 3570//1354 3571//1354 3567//1354
f 3570//1354 3551//1354 3571//1354
f 3567//1354 3571//1354 3569//1354
f 3566//1354 3568//1354 3572//1354
f 3568//1354 3573//1354 3572//1354
f 3568//1354 3569//1354 3573//1354
f 3572//1354 3573//1354 3574//1354
f 1009//1354 3501//1354 3575//1354
f 3501//1354 3576//1354 3575//1354
f 3501//1354 3504//1354 3576//1354
f 3575//1355 3576//1355 3577//1355
f 3504//1354 3578//1354 3576//1354
f 3578//1354 3579//1354 3576//1354
f 3578//1354 3580//1354 3579//1354
f 3576//1354 3579//1354 3577//1354
f 3504//1354 3508//1354 3578//1354
f 3508//1355 3581//1355 3578//1355
f 3508//1354 3466//1354 3581//1354
f 3578//1354 3581//1354 3580//1354
f 3577//1354 3579//1354 3582//1354
f 3579//1354 3583//1354 3582//1354
f 3579//1355 3580//1355 3583//1355
f 3582//1354 3583//1354 3584//1354
f 3310//1354 3533//1354 3527//1354
f 3533//1354 3585//1354 3527//1354
f 3533//1354 3535//1354 3585//1354
f 3527//1354 3585//1354 3529//1354
f 3535//1354 3586//1354 3585//1354
f 3586//1354 3587//1354 3585//1354
f 3586//1354 3482//1354 3587//1354
f 3585//1354 3587//1354 3529//1354
f 3535//1354 3540//1354 3586//1354
f 3540//1354 3484//1354 3586//1354
f 3540//1354 3466//1354 3484//1354
f 3586//1354 3484//1354 3482//1354
f 3529//1354 3587//1354 3532//1354
f 3587//1354 3483//1354 3532//1354
f 3587//1354 3482//1354 3483//1354
f 3532//1354 3483//1354 3432//1354
f 1021//1354 3588//1354 3491//1354
f 3588//1354 3589//1354 3491//1354
f 3588//1354 3590//1354 3589//1354
f 3491//1354 3589//1354 3493//1354
f 3590//1354 3591//1354 3589//1354
f 3591//1354 3592//1354 3589//1354
f 3591//1354 3593//1354 3592//1354
f 3589//1354 3592//1354 3493//1354
f 3590//1354 3594//1354 3591//1354
f 3594//1354 3595//1354 3591//1354
f 3594//1354 3584//1354 3595//1354
f 3591//1354 3595//1354 3593//1354
f 3493//1354 3592//1354 3496//1354
f 3592//1354 3596//1354 3496//1354
f 3592//1354 3593//1354 3596//1354
f 3496//1354 3596//1354 3445//1354
f 3466//1354 3541//1354 3581//1354
f 3541//1354 3597//1354 3581//1354
f 3541//1354 3538//1354 3597//1354
f 3581//1354 3597//1354 3580//1354
f 3538//1355 3598//1355 3597//1355
f 3598//1354 3599//1354 3597//1354
f 3598//1354 3593//1354 3599//1354
f 3597//1354 3599//1354 3580//1354
f 3538//1354 3539//1354 3598//1354
f 3539//1354 3596//1354 3598//1354
f 3539//1354 3445//1354 3596//1354
f 3598//1354 3596//1354 3593//1354
f 3580//1354 3599//1354 3583//1354
f 3599//1354 3595//1354 3583//1354
f 3599//1354 3593//1354 3595//1354
f 3583//1354 3595//1354 3584//1354
f 1031//1354 3526//1354 3519//1354
f 3526//1354 3600//1354 3519//1354
f 3526//1354 3524//1354 3600//1354
f 3519//1354 3600//1354 3518//1354
f 3524//1354 3601//1354 3600//1354
f 3601//1354 3602//1354 3600//1354
f 3601//1354 3488//1354 3602//1354
f 3600//1354 3602//1354 3518//1354
f 3524//1354 3525//1354 3601//1354
f 3525//1354 3490//1354 3601//1354
f 3525//1354 3398//1354 3490//1354
f 3601//1354 3490//1354 3488//1354
f 3518//1354 3602//1354 3520//1354
f 3602//1354 3489//1354 3520//1354
f 3602//1354 3488//1354 3489//1354
f 3520//1354 3489//1354 3469//1354
f 3419//1354 3514//1354 3603//1354
f 3514//1354 3604//1354 3603//1354
f 3514//1354 3512//1354 3604//1354
f 3603//1354 3604//1354 3605//1354
f 3512//1354 3606//1354 3604//1354
f 3606//1354 3607//1354 3604//1354
f 3606//1354 3608//1354 3607//1354
f 3604//1354 3607//1354 3605//1354
f 3512//1354 3513//1354 3606//1354
f 3513//1354 3609//1354 3606//1354
f 3513//1354 3455//1354 3609//1354
f 3606//1354 3609//1354 3608//1354
f 3605//1354 3607//1354 3610//1354
f 3607//1354 3611//1354 3610//1354
f 3607//1354 3608//1354 3611//1354
f 3610//1354 3611//1354 3574//1354
f 3419//1354 3603//1354 3548//1354
f 3603//1354 3612//1354 3548//1354
f 3603//1354 3605//1354 3612//1354
f 3548//1354 3612//1354 3547//1354
f 3605//1354 3613//1354 3612//1354
f 3613//1354 3614//1354 3612//1354
f 3613//1354 3569//1354 3614//1354
f 3612//1354 3614//1354 3547//1354
f 3605//1354 3610//1354 3613//1354
f 3610//1354 3573//1354 3613//1354
f 3610//1354 3574//1354 3573//1354
f 3613//1354 3573//1354 3569//1354
f 3547//1354 3614//1354 3550//1354
f 3614//1354 3571//1354 3550//1354
f 3614//1354 3569//1354 3571//1354
f 3550//1354 3571//1354 3551//1354
f 1009//1354 3575//1354 1013//1354
f 3575//1354 3615//1354 1013//1354
f 3575//1354 3577//1354 3615//1354
f 1013//1354 3615//1354 1015//1354
f 3577//1354 3616//1354 3615//1354
f 3616//1354 3617//1354 3615//1354
f 3616//1354 3590//1354 3617//1354
f 3615//1354 3617//1354 1015//1354
f 3577//1354 3582//1354 3616//1354
f 3582//1354 3594//1354 3616//1354
f 3582//1354 3584//1354 3594//1354
f 3616//1355 3594//1355 3590//1355
f 1015//1354 3617//1354 1019//1354
f 3617//1354 3588//1354 1019//1354
f 3617//1354 3590//1354 3588//1354
f 1019//1354 3588//1354 1021//1354
f 1515//1354 3302//1354 3618//1354
f 3302//1354 3619//1354 3618//1354
f 3302//1354 3298//1354 3619//1354
f 3618//1354 3619//1354 3620//1354
f 3298//1354 3621//1354 3619//1354
f 3621//1354 3622//1354 3619//1354
f 3621//1354 3623//1354 3622//1354
f 3619//1354 3622//1354 3620//1354
f 3298//1354 3295//1354 3621//1354
f 3295//1354 3624//1354 3621//1354
f 3295//1354 3294//1354 3624//1354
f 3621//1354 3624//1354 3623//1354
f 3620//1354 3622//1354 3625//1354
f 3622//1354 3626//1354 3625//1354
f 3622//1354 3623//1354 3626//1354
f 3625//1354 3626//1354 3324//1354
f 1069//1359 1190//1359 3470//1359
f 1190//1359 3627//1359 3470//1359
f 1190//1359 1192//1359 3627//1359
f 3470//1360 3627//1360 3473//1360
f 1192//1359 3628//1359 3627//1359
f 3628//1360 3629//1360 3627//1360
f 3628//1360 3630//1360 3629//1360
f 3627//1360 3629//1360 3473//1360
f 1192//1359 1195//1359 3628//1359
f 1195//1359 3631//1359 3628//1359
f 1195//1359 1110//1359 3631//1359
f 3628//1360 3631//1360 3630//1360
f 3473//1359 3629//1359 3477//1359
f 3629//1359 3632//1359 3477//1359
f 3629//1359 3630//1359 3632//1359
f 3477//1360 3632//1360 3381//1360
f 1110//1361 3335//1361 3631//1361
f 3335//1362 3633//1362 3631//1362
f 3335//1361 3337//1361 3633//1361
f 3631//1354 3633//1354 3630//1354
f 3337//1361 3634//1361 3633//1361
f 3634//1354 3635//1354 3633//1354
f 3634//1359 3378//1359 3635//1359
f 3633//1354 3635//1354 3630//1354
f 3337//1359 3342//1359 3634//1359
f 3342//1355 3383//1355 3634//1355
f 3342//1354 3344//1354 3383//1354
f 3634//1354 3383//1354 3378//1354
f 3630//1361 3635//1361 3632//1361
f 3635//1361 3380//1361 3632//1361
f 3635//1359 3378//1359 3380//1359
f 3632//1355 3380//1355 3381//1355
f 3294//1354 3563//1354 3624//1354
f 3563//1354 3636//1354 3624//1354
f 3563//1354 3566//1354 3636//1354
f 3624//1354 3636//1354 3623//1354
f 3566//1354 3637//1354 3636//1354
f 3637//1354 3638//1354 3636//1354
f 3637//1354 3639//1354 3638//1354
f 3636//1354 3638//1354 3623//1354
f 3566//1354 3572//1354 3637//1354
f 3572//1354 3640//1354 3637//1354
f 3572//1354 3574//1354 3640//1354
f 3637//1354 3640//1354 3639//1354
f 3623//1354 3638//1354 3626//1354
f 3638//1354 3641//1354 3626//1354
f 3638//1354 3639//1354 3641//1354
f 3626//1354 3641//1354 3324//1354
f 1515//1354 3618//1354 3331//1354
f 3618//1354 3642//1354 3331//1354
f 3618//1354 3620//1354 3642//1354
f 3331//1354 3642//1354 3330//1354
f 3620//1354 3643//1354 3642//1354
f 3643//1354 3644//1354 3642//1354
f 3643//1354 3347//1354 3644//1354
f 3642//1354 3644//1354 3330//1354
f 3620//1354 3625//1354 3643//1354
f 3625//1354 3345//1354 3643//1354
f 3625//1354 3324//1354 3345//1354
f 3643//1354 3345//1354 3347//1354
f 3330//1354 3644//1354 3333//1354
f 3644//1354 3352//1354 3333//1354
f 3644//1355 3347//1355 3352//1355
f 3333//1354 3352//1354 3334//1354
f 3324//1354 3641//1354 3452//1354
f 3641//1355 3645//1355 3452//1355
f 3641//1354 3639//1354 3645//1354
f 3452//1354 3645//1354 3451//1354
f 3639//1354 3646//1354 3645//1354
f 3646//1354 3647//1354 3645//1354
f 3646//1354 3608//1354 3647//1354
f 3645//1354 3647//1354 3451//1354
f 3639//1354 3640//1354 3646//1354
f 3640//1354 3611//1354 3646//1354
f 3640//1354 3574//1354 3611//1354
f 3646//1354 3611//1354 3608//1354
f 3451//1354 3647//1354 3454//1354
f 3647//1355 3609//1355 3454//1355
f 3647//1354 3608//1354 3609//1354
f 3454//1354 3609//1354 3455//1354
f 3294//1354 3648//1354 3562//1354
f 3648//1354 3649//1354 3562//1354
f 3648//1354 3650//1354 3649//1354
f 3562//1354 3649//1354 3565//1354
f 3650//1354 3651//1354 3649//1354
f 3651//1354 3652//1354 3649//1354
f 3651//1354 3557//1354 3652//1354
f 3649//1354 3652//1354 3565//1354
f 3650//1354 3653//1354 3651//1354
f 3653//1354 3560//1354 3651//1354
f 3653//1354 3561//1354 3560//1354
f 3651//1354 3560//1354 3557//1354
f 3565//1354 3652//1354 3570//1354
f 3652//1354 3558//1354 3570//1354
f 3652//1354 3557//1354 3558//1354
f 3570//1354 3558//1354 3551//1354
f 3561//1363 3654//1363 3559//1363
f 3654//1364 3655//1364 3559//1364
f 3654//1365 3656//1365 3655//1365
f 3559//1366 3655//1366 3554//1366
f 3656//1367 3657//1367 3655//1367
f 3657//1368 3658//1368 3655//1368
f 3657//1369 3659//1369 3658//1369
f 3655//1370 3658//1370 3554//1370
f 3656//1371 3660//1371 3657//1371
f 3660//1372 3661//1372 3657//1372
f 3660//1373 3662//1373 3661//1373
f 3657//1374 3661//1374 3659//1374
f 3554//1375 3658//1375 3552//1375
f 3658//1376 3663//1376 3552//1376
f 3658//1377 3659//1377 3663//1377
f 3552//1378 3663//1378 3422//1378
f 1021//1379 3664//1379 1020//1379
f 3664//1379 3665//1379 1020//1379
f 3664//1380 3666//1380 3665//1380
f 1020//1379 3665//1379 1018//1379
f 3666//1381 3667//1381 3665//1381
f 3667//1382 3668//1382 3665//1382
f 3667//1382 3669//1382 3668//1382
f 3665//1383 3668//1383 1018//1383
f 3666//1384 3670//1384 3667//1384
f 3670//1385 3671//1385 3667//1385
f 3670//1386 3662//1386 3671//1386
f 3667//1385 3671//1385 3669//1385
f 1018//1379 3668//1379 1022//1379
f 3668//1379 3672//1379 1022//1379
f 3668//1387 3669//1387 3672//1387
f 1022//1379 3672//1379 1012//1379
f 1021//1388 3410//1388 3664//1388
f 3410//1389 3673//1389 3664//1389
f 3410//1390 3413//1390 3673//1390
f 3664//1391 3673//1391 3666//1391
f 3413//1392 3674//1392 3673//1392
f 3674//1393 3675//1393 3673//1393
f 3674//1394 3659//1394 3675//1394
f 3673//1395 3675//1395 3666//1395
f 3413//1396 3420//1396 3674//1396
f 3420//1397 3663//1397 3674//1397
f 3420//1398 3422//1398 3663//1398
f 3674//1399 3663//1399 3659//1399
f 3666//1400 3675//1400 3670//1400
f 3675//1401 3661//1401 3670//1401
f 3675//1402 3659//1402 3661//1402
f 3670//1403 3661//1403 3662//1403
f 3676//1404 3677//1404 3678//1404
f 3677//1405 3679//1405 3678//1405
f 3677//1406 3680//1406 3679//1406
f 3678//1407 3679//1407 3681//1407
f 3680//1408 3682//1408 3679//1408
f 3682//1409 3683//1409 3679//1409
f 3682//1410 3656//1410 3683//1410
f 3679//1411 3683//1411 3681//1411
f 3680//1412 3684//1412 3682//1412
f 3684//1413 3660//1413 3682//1413
f 3684//1414 3662//1414 3660//1414
f 3682//1415 3660//1415 3656//1415
f 3681//1416 3683//1416 3685//1416
f 3683//1417 3654//1417 3685//1417
f 3683//1418 3656//1418 3654//1418
f 3685//1419 3654//1419 3561//1419
f 3676//1420 3686//1420 3677//1420
f 3686//1421 3687//1421 3677//1421
f 3686//1422 3688//1422 3687//1422
f 3677//1423 3687//1423 3680//1423
f 3688//1424 3689//1424 3687//1424
f 3689//1425 3690//1425 3687//1425
f 3689//1426 3691//1426 3690//1426
f 3687//1427 3690//1427 3680//1427
f 3688//1428 3692//1428 3689//1428
f 3692//1429 3693//1429 3689//1429
f 3692//1430 3694//1430 3693//1430
f 3689//1431 3693//1431 3691//1431
f 3680//1432 3690//1432 3684//1432
f 3690//1433 3695//1433 3684//1433
f 3690//1434 3691//1434 3695//1434
f 3684//1435 3695//1435 3662//1435
f 1229//1436 3696//1436 3697//1436
f 3696//1436 3698//1436 3697//1436
f 3696//1436 3699//1436 3698//1436
f 3697//1436 3698//1436 3700//1436
f 3699//1436 3701//1436 3698//1436
f 3701//1436 3702//1436 3698//1436
f 3701//1436 3703//1436 3702//1436
f 3698//1436 3702//1436 3700//1436
f 3699//1436 3704//1436 3701//1436
f 3704//1436 3705//1436 3701//1436
f 3704//1436 3706//1436 3705//1436
f 3701//1436 3705//1436 3703//1436
f 3700//1436 3702//1436 3707//1436
f 3702//1436 3708//1436 3707//1436
f 3702//1436 3703//1436 3708//1436
f 3707//1436 3708//1436 3709//1436
f 998//1436 1000//1436 3710//1436
f 1000//1436 3711//1436 3710//1436
f 1000//1436 1003//1436 3711//1436
f 3710//1436 3711//1436 3712//1436
f 1003//1436 3713//1436 3711//1436
f 3713//1436 3714//1436 3711//1436
f 3713//1436 3715//1436 3714//1436
f 3711//1436 3714//1436 3712//1436
f 1003//1436 1010//1436 3713//1436
f 1010//1436 3716//1436 3713//1436
f 1010//1436 1012//1436 3716//1436
f 3713//1436 3716//1436 3715//1436
f 3712//1436 3714//1436 3717//1436
f 3714//1436 3718//1436 3717//1436
f 3714//1436 3715//1436 3718//1436
f 3717//1436 3718//1436 3706//1436
f 1012//1436 3672//1436 3719//1436
f 3672//1436 3720//1436 3719//1436
f 3672//1436 3669//1436 3720//1436
f 3719//1436 3720//1436 3721//1436
f 3669//1436 3722//1436 3720//1436
f 3722//1436 3723//1436 3720//1436
f 3722//1436 3724//1436 3723//1436
f 3720//1436 3723//1436 3721//1436
f 3669//1436 3671//1436 3722//1436
f 3671//1436 3725//1436 3722//1436
f 3671//1436 3662//1436 3725//1436
f 3722//1436 3725//1436 3724//1436
f 3721//1436 3723//1436 3726//1436
f 3723//1436 3727//1436 3726//1436
f 3723//1436 3724//1436 3727//1436
f 3726//1436 3727//1436 3709//1436
f 1229//1437 3728//1437 3729//1437
f 3728//1436 3730//1436 3729//1436
f 3728//1437 3731//1437 3730//1437
f 3729//1436 3730//1436 3732//1436
f 3731//1437 3733//1437 3730//1437
f 3733//1438 3734//1438 3730//1438
f 3733//1439 3735//1439 3734//1439
f 3730//1436 3734//1436 3732//1436
f 3731//1436 3736//1436 3733//1436
f 3736//1436 3737//1436 3733//1436
f 3736//1436 3738//1436 3737//1436
f 3733//1436 3737//1436 3735//1436
f 3732//1436 3734//1436 3739//1436
f 3734//1436 3740//1436 3739//1436
f 3734//1439 3735//1439 3740//1439
f 3739//1436 3740//1436 3741//1436
f 1229//1436 3729//1436 3696//1436
f 3729//1436 3742//1436 3696//1436
f 3729//1436 3732//1436 3742//1436
f 3696//1436 3742//1436 3699//1436
f 3732//1436 3743//1436 3742//1436
f 3743//1436 3744//1436 3742//1436
f 3743//1436 3745//1436 3744//1436
f 3742//1436 3744//1436 3699//1436
f 3732//1436 3739//1436 3743//1436
f 3739//1436 3746//1436 3743//1436
f 3739//1436 3741//1436 3746//1436
f 3743//1436 3746//1436 3745//1436
f 3699//1436 3744//1436 3704//1436
f 3744//1436 3747//1436 3704//1436
f 3744//1436 3745//1436 3747//1436
f 3704//1436 3747//1436 3706//1436
f 1012//1436 3719//1436 3716//1436
f 3719//1436 3748//1436 3716//1436
f 3719//1436 3721//1436 3748//1436
f 3716//1436 3748//1436 3715//1436
f 3721//1436 3749//1436 3748//1436
f 3749//1436 3750//1436 3748//1436
f 3749//1436 3703//1436 3750//1436
f 3748//1436 3750//1436 3715//1436
f 3721//1436 3726//1436 3749//1436
f 3726//1436 3708//1436 3749//1436
f 3726//1436 3709//1436 3708//1436
f 3749//1436 3708//1436 3703//1436
f 3715//1436 3750//1436 3718//1436
f 3750//1436 3705//1436 3718//1436
f 3750//1436 3703//1436 3705//1436
f 3718//1436 3705//1436 3706//1436
f 998//1436 3710//1436 3751//1436
f 3710//1436 3752//1436 3751//1436
f 3710//1436 3712//1436 3752//1436
f 3751//1437 3752//1437 3753//1437
f 3712//1436 3754//1436 3752//1436
f 3754//1436 3755//1436 3752//1436
f 3754//1436 3756//1436 3755//1436
f 3752//1437 3755//1437 3753//1437
f 3712//1437 3717//1437 3754//1437
f 3717//1436 3757//1436 3754//1436
f 3717//1436 3706//1436 3757//1436
f 3754//1436 3757//1436 3756//1436
f 3753//1440 3755//1440 3758//1440
f 3755//1436 3759//1436 3758//1436
f 3755//1436 3756//1436 3759//1436
f 3758//1436 3759//1436 3760//1436
f 1056//1437 1055//1437 3761//1437
f 1055//1437 3762//1437 3761//1437
f 1055//1437 1051//1437 3762//1437
f 3761//1437 3762//1437 3763//1437
f 1051//1441 3764//1441 3762//1441
f 3764//1442 3765//1442 3762//1442
f 3764//1440 3766//1440 3765//1440
f 3762//1437 3765//1437 3763//1437
f 1051//1436 1053//1436 3764//1436
f 1053//1437 3767//1437 3764//1437
f 1053//1437 1041//1437 3767//1437
f 3764//1437 3767//1437 3766//1437
f 3763//1437 3765//1437 3768//1437
f 3765//1441 3769//1441 3768//1441
f 3765//1443 3766//1443 3769//1443
f 3768//1441 3769//1441 3770//1441
f 1099//1437 3771//1437 1221//1437
f 3771//1437 3772//1437 1221//1437
f 3771//1437 3773//1437 3772//1437
f 1221//1436 3772//1436 1223//1436
f 3773//1437 3774//1437 3772//1437
f 3774//1436 3775//1436 3772//1436
f 3774//1436 3731//1436 3775//1436
f 3772//1436 3775//1436 1223//1436
f 3773//1444 3776//1444 3774//1444
f 3776//1436 3736//1436 3774//1436
f 3776//1436 3738//1436 3736//1436
f 3774//1436 3736//1436 3731//1436
f 1223//1436 3775//1436 1227//1436
f 3775//1436 3728//1436 1227//1436
f 3775//1436 3731//1436 3728//1436
f 1227//1436 3728//1436 1229//1436
f 3694//1436 3777//1436 3778//1436
f 3777//1436 3779//1436 3778//1436
f 3777//1436 3780//1436 3779//1436
f 3778//1436 3779//1436 3781//1436
f 3780//1436 3782//1436 3779//1436
f 3782//1436 3783//1436 3779//1436
f 3782//1436 3784//1436 3783//1436
f 3779//1436 3783//1436 3781//1436
f 3780//1436 3785//1436 3782//1436
f 3785//1436 3786//1436 3782//1436
f 3785//1445 3787//1445 3786//1445
f 3782//1436 3786//1436 3784//1436
f 3781//1436 3783//1436 3788//1436
f 3783//1436 3789//1436 3788//1436
f 3783//1436 3784//1436 3789//1436
f 3788//1436 3789//1436 3790//1436
f 3662//1436 3791//1436 3725//1436
f 3791//1436 3792//1436 3725//1436
f 3791//1436 3793//1436 3792//1436
f 3725//1436 3792//1436 3724//1436
f 3793//1436 3794//1436 3792//1436
f 3794//1436 3795//1436 3792//1436
f 3794//1436 3796//1436 3795//1436
f 3792//1436 3795//1436 3724//1436
f 3793//1436 3797//1436 3794//1436
f 3797//1436 3798//1436 3794//1436
f 3797//1436 3790//1436 3798//1436
f 3794//1436 3798//1436 3796//1436
f 3724//1436 3795//1436 3727//1436
f 3795//1436 3799//1436 3727//1436
f 3795//1436 3796//1436 3799//1436
f 3727//1436 3799//1436 3709//1436
f 3741//1446 3800//1446 3746//1446
f 3800//1436 3801//1436 3746//1436
f 3800//1440 3802//1440 3801//1440
f 3746//1436 3801//1436 3745//1436
f 3802//1437 3803//1437 3801//1437
f 3803//1436 3804//1436 3801//1436
f 3803//1436 3756//1436 3804//1436
f 3801//1436 3804//1436 3745//1436
f 3802//1437 3805//1437 3803//1437
f 3805//1436 3759//1436 3803//1436
f 3805//1446 3760//1446 3759//1446
f 3803//1436 3759//1436 3756//1436
f 3745//1436 3804//1436 3747//1436
f 3804//1436 3757//1436 3747//1436
f 3804//1436 3756//1436 3757//1436
f 3747//1436 3757//1436 3706//1436
f 998//1436 3751//1436 1033//1436
f 3751//1444 3806//1444 1033//1444
f 3751//1437 3753//1437 3806//1437
f 1033//1438 3806//1438 1035//1438
f 3753//1436 3807//1436 3806//1436
f 3807//1436 3808//1436 3806//1436
f 3807//1436 3809//1436 3808//1436
f 3806//1436 3808//1436 1035//1436
f 3753//1440 3758//1440 3807//1440
f 3758//1439 3810//1439 3807//1439
f 3758//1439 3760//1439 3810//1439
f 3807//1436 3810//1436 3809//1436
f 1035//1437 3808//1437 1039//1437
f 3808//1440 3811//1440 1039//1440
f 3808//1436 3809//1436 3811//1436
f 1039//1440 3811//1440 1041//1440
f 1041//1439 3811//1439 3767//1439
f 3811//1439 3812//1439 3767//1439
f 3811//1436 3809//1436 3812//1436
f 3767//1439 3812//1439 3766//1439
f 3809//1436 3813//1436 3812//1436
f 3813//1436 3814//1436 3812//1436
f 3813//1436 3815//1436 3814//1436
f 3812//1439 3814//1439 3766//1439
f 3809//1436 3810//1436 3813//1436
f 3810//1436 3816//1436 3813//1436
f 3810//1439 3760//1439 3816//1439
f 3813//1436 3816//1436 3815//1436
f 3766//1439 3814//1439 3769//1439
f 3814//1439 3817//1439 3769//1439
f 3814//1436 3815//1436 3817//1436
f 3769//1439 3817//1439 3770//1439
f 3662//1436 3695//1436 3791//1436
f 3695//1436 3818//1436 3791//1436
f 3695//1436 3691//1436 3818//1436
f 3791//1436 3818//1436 3793//1436
f 3691//1436 3819//1436 3818//1436
f 3819//1436 3820//1436 3818//1436
f 3819//1436 3781//1436 3820//1436
f 3818//1436 3820//1436 3793//1436
f 3691//1436 3693//1436 3819//1436
f 3693//1436 3778//1436 3819//1436
f 3693//1436 3694//1436 3778//1436
f 3819//1436 3778//1436 3781//1436
f 3793//1436 3820//1436 3797//1436
f 3820//1436 3788//1436 3797//1436
f 3820//1436 3781//1436 3788//1436
f 3797//1436 3788//1436 3790//1436
f 3741//1438 3821//1438 3800//1438
f 3821//1439 3822//1439 3800//1439
f 3821//1436 3823//1436 3822//1436
f 3800//1440 3822//1440 3802//1440
f 3823//1440 3824//1440 3822//1440
f 3824//1439 3825//1439 3822//1439
f 3824//1438 3815//1438 3825//1438
f 3822//1436 3825//1436 3802//1436
f 3823//1440 3826//1440 3824//1440
f 3826//1436 3817//1436 3824//1436
f 3826//1439 3770//1439 3817//1439
f 3824//1446 3817//1446 3815//1446
f 3802//1436 3825//1436 3805//1436
f 3825//1440 3816//1440 3805//1440
f 3825//1440 3815//1440 3816//1440
f 3805//1438 3816//1438 3760//1438
f 3741//1440 3740//1440 3821//1440
f 3740//1440 3827//1440 3821//1440
f 3740//1439 3735//1439 3827//1439
f 3821//1436 3827//1436 3823//1436
f 3735//1436 3828//1436 3827//1436
f 3828//1440 3829//1440 3827//1440
f 3828//1440 3830//1440 3829//1440
f 3827//1439 3829//1439 3823//1439
f 3735//1436 3737//1436 3828//1436
f 3737//1439 3831//1439 3828//1439
f 3737//1440 3738//1440 3831//1440
f 3828//1439 3831//1439 3830//1439
f 3823//1439 3829//1439 3826//1439
f 3829//1436 3832//1436 3826//1436
f 3829//1436 3830//1436 3832//1436
f 3826//1440 3832//1440 3770//1440
f 1056//1439 3761//1439 3833//1439
f 3761//1439 3834//1439 3833//1439
f 3761//1439 3763//1439 3834//1439
f 3833//1439 3834//1439 3835//1439
f 3763//1437 3836//1437 3834//1437
f 3836//1439 3837//1439 3834//1439
f 3836//1437 3830//1437 3837//1437
f 3834//1439 3837//1439 3835//1439
f 3763//1439 3768//1439 3836//1439
f 3768//1439 3832//1439 3836//1439
f 3768//1447 3770//1447 3832//1447
f 3836//1439 3832//1439 3830//1439
f 3835//1440 3837//1440 3838//1440
f 3837//1447 3831//1447 3838//1447
f 3837//1439 3830//1439 3831//1439
f 3838//1447 3831//1447 3738//1447
f 3787//1448 3839//1448 3786//1448
f 3839//1436 3840//1436 3786//1436
f 3839//1436 3841//1436 3840//1436
f 3786//1436 3840//1436 3784//1436
f 3841//1436 3842//1436 3840//1436
f 3842//1436 3843//1436 3840//1436
f 3842//1436 3796//1436 3843//1436
f 3840//1436 3843//1436 3784//1436
f 3841//1436 3844//1436 3842//1436
f 3844//1436 3799//1436 3842//1436
f 3844//1436 3709//1436 3799//1436
f 3842//1436 3799//1436 3796//1436
f 3784//1436 3843//1436 3789//1436
f 3843//1436 3798//1436 3789//1436
f 3843//1436 3796//1436 3798//1436
f 3789//1436 3798//1436 3790//1436
f 1229//1436 3697//1436 3845//1436
f 3697//1436 3846//1436 3845//1436
f 3697//1436 3700//1436 3846//1436
f 3845//1436 3846//1436 3847//1436
f 3700//1436 3848//1436 3846//1436
f 3848//1436 3849//1436 3846//1436
f 3848//1436 3841//1436 3849//1436
f 3846//1436 3849//1436 3847//1436
f 3700//1436 3707//1436 3848//1436
f 3707//1436 3844//1436 3848//1436
f 3707//1436 3709//1436 3844//1436
f 3848//1436 3844//1436 3841//1436
f 3847//1436 3849//1436 3850//1436
f 3849//1436 3839//1436 3850//1436
f 3849//1436 3841//1436 3839//1436
f 3850//1445 3839//1445 3787//1445
f 1056//1436 3833//1436 1196//1436
f 3833//1436 3851//1436 1196//1436
f 3833//1436 3835//1436 3851//1436
f 1196//1436 3851//1436 1198//1436
f 3835//1436 3852//1436 3851//1436
f 3852//1436 3853//1436 3851//1436
f 3852//1436 3773//1436 3853//1436
f 3851//1436 3853//1436 1198//1436
f 3835//1449 3838//1449 3852//1449
f 3838//1449 3776//1449 3852//1449
f 3838//1436 3738//1436 3776//1436
f 3852//1449 3776//1449 3773//1449
f 1198//1436 3853//1436 1202//1436
f 3853//1436 3771//1436 1202//1436
f 3853//1436 3773//1436 3771//1436
f 1202//1436 3771//1436 1099//1436
f 3854//941 3855//941 3856//941
f 3855//941 3857//941 3856//941
f 3855//941 3858//941 3857//941
f 3856//941 3857//941 3859//941
f 3858//941 3860//941 3857//941
f 3860//941 3861//941 3857//941
f 3860//941 1715//941 3861//941
f 3857//941 3861//941 3859//941
f 3858//941 3862//941 3860//941
f 3862//941 1719//941 3860//941
f 3862//941 1700//941 1719//941
f 3860//941 1719//941 1715//941
f 3859//941 3861//941 3863//941
f 3861//941 1712//941 3863//941
f 3861//941 1715//941 1712//941
f 3863//941 1712//941 1711//941
f 3864//941 3865//941 3866//941
f 3865//1450 3867//1450 3866//1450
f 3865//1450 3868//1450 3867//1450
f 3866//1451 3867//1451 3869//1451
f 3868//941 3870//941 3867//941
f 3870//941 3871//941 3867//941
f 3870//941 3859//941 3871//941
f 3867//941 3871//941 3869//941
f 3868//941 3872//941 3870//941
f 3872//941 3856//941 3870//941
f 3872//941 3854//941 3856//941
f 3870//941 3856//941 3859//941
f 3869//941 3871//941 3873//941
f 3871//941 3863//941 3873//941
f 3871//941 3859//941 3863//941
f 3873//941 3863//941 1711//941
f 1247//1452 1688//1452 3874//1452
f 1688//1452 3875//1452 3874//1452
f 1688//1453 1691//1453 3875//1453
f 3874//1452 3875//1452 3876//1452
f 1691//1452 3877//1452 3875//1452
f 3877//1454 3878//1454 3875//1454
f 3877//1452 3879//1452 3878//1452
f 3875//1454 3878//1454 3876//1454
f 1691//1453 1698//1453 3877//1453
f 1698//1453 3880//1453 3877//1453
f 1698//1452 1700//1452 3880//1452
f 3877//1452 3880//1452 3879//1452
f 3876//1455 3878//1455 3881//1455
f 3878//1455 3882//1455 3881//1455
f 3878//1456 3879//1456 3882//1456
f 3881//1453 3882//1453 3883//1453
f 3884//1455 3885//1455 3886//1455
f 3885//1452 3887//1452 3886//1452
f 3885//1452 3888//1452 3887//1452
f 3886//1452 3887//1452 3889//1452
f 3888//1452 3890//1452 3887//1452
f 3890//1452 3891//1452 3887//1452
f 3890//1452 3892//1452 3891//1452
f 3887//1455 3891//1455 3889//1455
f 3888//1452 3893//1452 3890//1452
f 3893//1452 3894//1452 3890//1452
f 3893//1452 3895//1452 3894//1452
f 3890//1452 3894//1452 3892//1452
f 3889//1452 3891//1452 3896//1452
f 3891//1452 3897//1452 3896//1452
f 3891//1452 3892//1452 3897//1452
f 3896//1452 3897//1452 3898//1452
f 1247//1452 3899//1452 1248//1452
f 3899//1454 3900//1454 1248//1454
f 3899//1457 3901//1457 3900//1457
f 1248//1454 3900//1454 1251//1454
f 3901//1457 3902//1457 3900//1457
f 3902//1452 3903//1452 3900//1452
f 3902//1456 3904//1456 3903//1456
f 3900//1452 3903//1452 1251//1452
f 3901//1454 3905//1454 3902//1454
f 3905//1452 3906//1452 3902//1452
f 3905//1452 3907//1452 3906//1452
f 3902//1455 3906//1455 3904//1455
f 1251//1458 3903//1458 1256//1458
f 3903//1459 3908//1459 1256//1459
f 3903//1460 3904//1460 3908//1460
f 1256//1453 3908//1453 1258//1453
f 1445//1452 3909//1452 3910//1452
f 3909//1452 3911//1452 3910//1452
f 3909//1452 3912//1452 3911//1452
f 3910//1452 3911//1452 3913//1452
f 3912//1452 3914//1452 3911//1452
f 3914//1452 3915//1452 3911//1452
f 3914//1452 3916//1452 3915//1452
f 3911//1452 3915//1452 3913//1452
f 3912//1452 3917//1452 3914//1452
f 3917//1452 3918//1452 3914//1452
f 3917//1455 3919//1455 3918//1455
f 3914//1452 3918//1452 3916//1452
f 3913//1452 3915//1452 3920//1452
f 3915//1452 3921//1452 3920//1452
f 3915//1452 3916//1452 3921//1452
f 3920//1452 3921//1452 3922//1452
f 1430//1453 3923//1453 1454//1453
f 3923//1455 3924//1455 1454//1455
f 3923//1455 3925//1455 3924//1455
f 1454//1452 3924//1452 1450//1452
f 3925//1452 3926//1452 3924//1452
f 3926//1457 3927//1457 3924//1457
f 3926//1452 3912//1452 3927//1452
f 3924//1457 3927//1457 1450//1457
f 3925//1452 3928//1452 3926//1452
f 3928//1452 3917//1452 3926//1452
f 3928//1459 3919//1459 3917//1459
f 3926//1452 3917//1452 3912//1452
f 1450//1455 3927//1455 1447//1455
f 3927//1455 3909//1455 1447//1455
f 3927//1456 3912//1456 3909//1456
f 1447//1455 3909//1455 1445//1455
f 3929//1452 3930//1452 3931//1452
f 3930//1452 3932//1452 3931//1452
f 3930//1452 3933//1452 3932//1452
f 3931//1452 3932//1452 3934//1452
f 3933//1452 3935//1452 3932//1452
f 3935//1460 3936//1460 3932//1460
f 3935//1460 3937//1460 3936//1460
f 3932//1452 3936//1452 3934//1452
f 3933//1452 3938//1452 3935//1452
f 3938//1452 3939//1452 3935//1452
f 3938//1452 3940//1452 3939//1452
f 3935//1452 3939//1452 3937//1452
f 3934//1452 3936//1452 3941//1452
f 3936//1452 3942//1452 3941//1452
f 3936//1452 3937//1452 3942//1452
f 3941//1452 3942//1452 3943//1452
f 3929//1452 3944//1452 3945//1452
f 3944//1452 3946//1452 3945//1452
f 3944//1452 3947//1452 3946//1452
f 3945//1452 3946//1452 3948//1452
f 3947//1452 3949//1452 3946//1452
f 3949//1455 3950//1455 3946//1455
f 3949//1452 3888//1452 3950//1452
f 3946//1452 3950//1452 3948//1452
f 3947//1452 3951//1452 3949//1452
f 3951//1452 3893//1452 3949//1452
f 3951//1452 3895//1452 3893//1452
f 3949//1452 3893//1452 3888//1452
f 3948//1452 3950//1452 3952//1452
f 3950//1452 3885//1452 3952//1452
f 3950//1452 3888//1452 3885//1452
f 3952//1452 3885//1452 3884//1452
f 3953//1460 3954//1460 3955//1460
f 3954//1452 3956//1452 3955//1452
f 3954//1452 3957//1452 3956//1452
f 3955//1452 3956//1452 3958//1452
f 3957//1455 3959//1455 3956//1455
f 3959//1455 3960//1455 3956//1455
f 3959//1452 3916//1452 3960//1452
f 3956//1452 3960//1452 3958//1452
f 3957//1452 3961//1452 3959//1452
f 3961//1452 3921//1452 3959//1452
f 3961//1452 3922//1452 3921//1452
f 3959//1452 3921//1452 3916//1452
f 3958//1452 3960//1452 3962//1452
f 3960//1455 3918//1455 3962//1455
f 3960//1452 3916//1452 3918//1452
f 3962//1455 3918//1455 3919//1455
f 3963//1455 3964//1455 3965//1455
f 3964//1452 3966//1452 3965//1452
f 3964//1457 3967//1457 3966//1457
f 3965//1459 3966//1459 3968//1459
f 3967//1455 3969//1455 3966//1455
f 3969//1452 3970//1452 3966//1452
f 3969//1452 3971//1452 3970//1452
f 3966//1453 3970//1453 3968//1453
f 3967//1455 3972//1455 3969//1455
f 3972//1452 3973//1452 3969//1452
f 3972//1452 1494//1452 3973//1452
f 3969//1452 3973//1452 3971//1452
f 3968//1452 3970//1452 3974//1452
f 3970//1452 3975//1452 3974//1452
f 3970//1452 3971//1452 3975//1452
f 3974//1455 3975//1455 3884//1455
f 3929//1459 3976//1459 3977//1459
f 3976//1455 3978//1455 3977//1455
f 3976//1452 3979//1452 3978//1452
f 3977//1455 3978//1455 3980//1455
f 3979//1452 3981//1452 3978//1452
f 3981//1452 3982//1452 3978//1452
f 3981//1452 3957//1452 3982//1452
f 3978//1459 3982//1459 3980//1459
f 3979//1452 3983//1452 3981//1452
f 3983//1455 3961//1455 3981//1455
f 3983//1452 3922//1452 3961//1452
f 3981//1452 3961//1452 3957//1452
f 3980//1453 3982//1453 3984//1453
f 3982//1452 3954//1452 3984//1452
f 3982//1452 3957//1452 3954//1452
f 3984//1452 3954//1452 3953//1452
f 1247//1452 3985//1452 3899//1452
f 3985//1455 3986//1455 3899//1455
f 3985//1452 3987//1452 3986//1452
f 3899//1455 3986//1455 3901//1455
f 3987//1452 3988//1452 3986//1452
f 3988//1455 3989//1455 3986//1455
f 3988//1459 3990//1459 3989//1459
f 3986//1452 3989//1452 3901//1452
f 3987//1452 3991//1452 3988//1452
f 3991//1452 3992//1452 3988//1452
f 3991//1452 3993//1452 3992//1452
f 3988//1454 3992//1454 3990//1454
f 3901//1454 3989//1454 3905//1454
f 3989//1454 3994//1454 3905//1454
f 3989//1459 3990//1459 3994//1459
f 3905//1452 3994//1452 3907//1452
f 3995//1460 3996//1460 3997//1460
f 3996//1452 3998//1452 3997//1452
f 3996//1454 3999//1454 3998//1454
f 3997//1455 3998//1455 4000//1455
f 3999//1452 4001//1452 3998//1452
f 4001//1460 4002//1460 3998//1460
f 4001//1460 4003//1460 4002//1460
f 3998//1454 4002//1454 4000//1454
f 3999//1455 4004//1455 4001//1455
f 4004//1452 4005//1452 4001//1452
f 4004//1459 4006//1459 4005//1459
f 4001//1452 4005//1452 4003//1452
f 4000//1459 4002//1459 4007//1459
f 4002//1459 4008//1459 4007//1459
f 4002//1460 4003//1460 4008//1460
f 4007//1454 4008//1454 3919//1454
f 3995//1452 3997//1452 4009//1452
f 3997//1459 4010//1459 4009//1459
f 3997//1459 4000//1459 4010//1459
f 4009//1452 4010//1452 4011//1452
f 4000//1459 4012//1459 4010//1459
f 4012//1452 4013//1452 4010//1452
f 4012//1460 4014//1460 4013//1460
f 4010//1455 4013//1455 4011//1455
f 4000//1453 4007//1453 4012//1453
f 4007//1461 4015//1461 4012//1461
f 4007//1460 3919//1460 4015//1460
f 4012//1461 4015//1461 4014//1461
f 4011//1455 4013//1455 4016//1455
f 4013//1452 4017//1452 4016//1452
f 4013//1452 4014//1452 4017//1452
f 4016//1460 4017//1460 4018//1460
f 3929//1452 3977//1452 3930//1452
f 3977//1452 4019//1452 3930//1452
f 3977//1460 3980//1460 4019//1460
f 3930//1459 4019//1459 3933//1459
f 3980//1460 4020//1460 4019//1460
f 4020//1460 4021//1460 4019//1460
f 4020//1460 4022//1460 4021//1460
f 4019//1453 4021//1453 3933//1453
f 3980//1454 3984//1454 4020//1454
f 3984//1459 4023//1459 4020//1459
f 3984//1459 3953//1459 4023//1459
f 4020//1453 4023//1453 4022//1453
f 3933//1459 4021//1459 3938//1459
f 4021//1459 4024//1459 3938//1459
f 4021//1452 4022//1452 4024//1452
f 3938//1452 4024//1452 3940//1452
f 3995//1455 4025//1455 3996//1455
f 4025//1453 4026//1453 3996//1453
f 4025//1459 4027//1459 4026//1459
f 3996//1454 4026//1454 3999//1454
f 4027//1462 4028//1462 4026//1462
f 4028//1455 4029//1455 4026//1455
f 4028//1455 4030//1455 4029//1455
f 4026//1452 4029//1452 3999//1452
f 4027//1462 4031//1462 4028//1462
f 4031//1462 4032//1462 4028//1462
f 4031//1456 3907//1456 4032//1456
f 4028//1455 4032//1455 4030//1455
f 3999//1452 4029//1452 4004//1452
f 4029//1453 4033//1453 4004//1453
f 4029//1461 4030//1461 4033//1461
f 4004//1453 4033//1453 4006//1453
f 3854//1452 4034//1452 4035//1452
f 4034//1452 4036//1452 4035//1452
f 4034//1452 4037//1452 4036//1452
f 4035//1452 4036//1452 4038//1452
f 4037//1452 4039//1452 4036//1452
f 4039//1452 4040//1452 4036//1452
f 4039//1452 3892//1452 4040//1452
f 4036//1452 4040//1452 4038//1452
f 4037//1452 4041//1452 4039//1452
f 4041//1455 3897//1455 4039//1455
f 4041//1452 3898//1452 3897//1452
f 4039//1455 3897//1455 3892//1455
f 4038//1452 4040//1452 4042//1452
f 4040//1452 3894//1452 4042//1452
f 4040//1452 3892//1452 3894//1452
f 4042//1452 3894//1452 3895//1452
f 1494//1452 4043//1452 3973//1452
f 4043//1452 4044//1452 3973//1452
f 4043//1455 4045//1455 4044//1455
f 3973//1452 4044//1452 3971//1452
f 4045//1455 4046//1455 4044//1455
f 4046//1455 4047//1455 4044//1455
f 4046//1455 4048//1455 4047//1455
f 4044//1452 4047//1452 3971//1452
f 4045//1452 4049//1452 4046//1452
f 4049//1452 4050//1452 4046//1452
f 4049//1452 4051//1452 4050//1452
f 4046//1452 4050//1452 4048//1452
f 3971//1452 4047//1452 3975//1452
f 4047//1452 4052//1452 3975//1452
f 4047//1455 4048//1455 4052//1455
f 3975//1452 4052//1452 3884//1452
f 3929//1459 3945//1459 4053//1459
f 3945//1452 4054//1452 4053//1452
f 3945//1455 3948//1455 4054//1455
f 4053//1452 4054//1452 4055//1452
f 3948//1455 4056//1455 4054//1455
f 4056//1455 4057//1455 4054//1455
f 4056//1452 4048//1452 4057//1452
f 4054//1455 4057//1455 4055//1455
f 3948//1452 3952//1452 4056//1452
f 3952//1455 4052//1455 4056//1455
f 3952//1452 3884//1452 4052//1452
f 4056//1452 4052//1452 4048//1452
f 4055//1452 4057//1452 4058//1452
f 4057//1452 4050//1452 4058//1452
f 4057//1452 4048//1452 4050//1452
f 4058//1455 4050//1455 4051//1455
f 3907//1455 3994//1455 4032//1455
f 3994//1455 4059//1455 4032//1455
f 3994//1455 3990//1455 4059//1455
f 4032//1455 4059//1455 4030//1455
f 3990//1463 4060//1463 4059//1463
f 4060//1463 4061//1463 4059//1463
f 4060//1455 4062//1455 4061//1455
f 4059//1461 4061//1461 4030//1461
f 3990//1461 3992//1461 4060//1461
f 3992//1455 4063//1455 4060//1455
f 3992//1452 3993//1452 4063//1452
f 4060//1455 4063//1455 4062//1455
f 4030//1457 4061//1457 4033//1457
f 4061//1455 4064//1455 4033//1455
f 4061//1452 4062//1452 4064//1452
f 4033//1452 4064//1452 4006//1452
f 1247//1452 3874//1452 3985//1452
f 3874//1452 4065//1452 3985//1452
f 3874//1452 3876//1452 4065//1452
f 3985//1452 4065//1452 3987//1452
f 3876//1459 4066//1459 4065//1459
f 4066//1456 4067//1456 4065//1456
f 4066//1456 4068//1456 4067//1456
f 4065//1452 4067//1452 3987//1452
f 3876//1455 3881//1455 4066//1455
f 3881//1452 4069//1452 4066//1452
f 3881//1452 3883//1452 4069//1452
f 4066//1452 4069//1452 4068//1452
f 3987//1452 4067//1452 3991//1452
f 4067//1452 4070//1452 3991//1452
f 4067//1456 4068//1456 4070//1456
f 3991//1452 4070//1452 3993//1452
f 1430//1459 4071//1459 3923//1459
f 4071//1457 4072//1457 3923//1457
f 4071//1452 4073//1452 4072//1452
f 3923//1452 4072//1452 3925//1452
f 4073//1457 4074//1457 4072//1457
f 4074//1452 4075//1452 4072//1452
f 4074//1455 4014//1455 4075//1455
f 4072//1452 4075//1452 3925//1452
f 4073//1457 4076//1457 4074//1457
f 4076//1459 4017//1459 4074//1459
f 4076//1459 4018//1459 4017//1459
f 4074//1455 4017//1455 4014//1455
f 3925//1452 4075//1452 3928//1452
f 4075//1459 4015//1459 3928//1459
f 4075//1459 4014//1459 4015//1459
f 3928//1459 4015//1459 3919//1459
f 3953//1456 3955//1456 4077//1456
f 3955//1457 4078//1457 4077//1457
f 3955//1457 3958//1457 4078//1457
f 4077//1455 4078//1455 4079//1455
f 3958//1452 4080//1452 4078//1452
f 4080//1455 4081//1455 4078//1455
f 4080//1452 4003//1452 4081//1452
f 4078//1455 4081//1455 4079//1455
f 3958//1455 3962//1455 4080//1455
f 3962//1455 4008//1455 4080//1455
f 3962//1455 3919//1455 4008//1455
f 4080//1457 4008//1457 4003//1457
f 4079//1457 4081//1457 4082//1457
f 4081//1457 4005//1457 4082//1457
f 4081//1457 4003//1457 4005//1457
f 4082//1455 4005//1455 4006//1455
f 1430//1455 1475//1455 4071//1455
f 1475//1452 4083//1452 4071//1452
f 1475//1452 1473//1452 4083//1452
f 4071//1452 4083//1452 4073//1452
f 1473//1452 4084//1452 4083//1452
f 4084//1452 4085//1452 4083//1452
f 4084//1452 4086//1452 4085//1452
f 4083//1452 4085//1452 4073//1452
f 1473//1452 1474//1452 4084//1452
f 1474//1455 4087//1455 4084//1455
f 1474//1459 1316//1459 4087//1459
f 4084//1452 4087//1452 4086//1452
f 4073//1452 4085//1452 4076//1452
f 4085//1452 4088//1452 4076//1452
f 4085//1452 4086//1452 4088//1452
f 4076//1459 4088//1459 4018//1459
f 3953//1459 4089//1459 4090//1459
f 4089//1457 4091//1457 4090//1457
f 4089//1456 4092//1456 4091//1456
f 4090//1457 4091//1457 4093//1457
f 4092//1462 4094//1462 4091//1462
f 4094//1455 4095//1455 4091//1455
f 4094//1457 4068//1457 4095//1457
f 4091//1459 4095//1459 4093//1459
f 4092//1452 4096//1452 4094//1452
f 4096//1452 4070//1452 4094//1452
f 4096//1455 3993//1455 4070//1455
f 4094//1460 4070//1460 4068//1460
f 4093//1459 4095//1459 4097//1459
f 4095//1457 4069//1457 4097//1457
f 4095//1457 4068//1457 4069//1457
f 4097//1457 4069//1457 3883//1457
f 3963//1452 3965//1452 4098//1452
f 3965//1452 4099//1452 4098//1452
f 3965//1455 3968//1455 4099//1455
f 4098//1455 4099//1455 4100//1455
f 3968//1452 4101//1452 4099//1452
f 4101//1452 4102//1452 4099//1452
f 4101//1452 3889//1452 4102//1452
f 4099//1455 4102//1455 4100//1455
f 3968//1452 3974//1452 4101//1452
f 3974//1452 3886//1452 4101//1452
f 3974//1455 3884//1455 3886//1455
f 4101//1452 3886//1452 3889//1452
f 4100//1455 4102//1455 4103//1455
f 4102//1452 3896//1452 4103//1452
f 4102//1452 3889//1452 3896//1452
f 4103//1452 3896//1452 3898//1452
f 3929//1459 4053//1459 3976//1459
f 4053//1452 4104//1452 3976//1452
f 4053//1452 4055//1452 4104//1452
f 3976//1452 4104//1452 3979//1452
f 4055//1455 4105//1455 4104//1455
f 4105//1455 4106//1455 4104//1455
f 4105//1452 4107//1452 4106//1452
f 4104//1455 4106//1455 3979//1455
f 4055//1457 4058//1457 4105//1457
f 4058//1457 4108//1457 4105//1457
f 4058//1455 4051//1455 4108//1455
f 4105//1452 4108//1452 4107//1452
f 3979//1455 4106//1455 3983//1455
f 4106//1452 4109//1452 3983//1452
f 4106//1452 4107//1452 4109//1452
f 3983//1452 4109//1452 3922//1452
f 4110//1452 4111//1452 4112//1452
f 4111//1452 4113//1452 4112//1452
f 4111//1452 4114//1452 4113//1452
f 4112//1452 4113//1452 4115//1452
f 4114//1452 4116//1452 4113//1452
f 4116//1455 4117//1455 4113//1455
f 4116//1452 4100//1452 4117//1452
f 4113//1455 4117//1455 4115//1455
f 4114//1452 4118//1452 4116//1452
f 4118//1452 4098//1452 4116//1452
f 4118//1452 3963//1452 4098//1452
f 4116//1452 4098//1452 4100//1452
f 4115//1452 4117//1452 4119//1452
f 4117//1455 4103//1455 4119//1455
f 4117//1453 4100//1453 4103//1453
f 4119//1455 4103//1455 3898//1455
f 3953//1459 4090//1459 4023//1459
f 4090//1455 4120//1455 4023//1455
f 4090//1452 4093//1452 4120//1452
f 4023//1457 4120//1457 4022//1457
f 4093//1453 4121//1453 4120//1453
f 4121//1455 4122//1455 4120//1455
f 4121//1455 4123//1455 4122//1455
f 4120//1452 4122//1452 4022//1452
f 4093//1459 4097//1459 4121//1459
f 4097//1455 4124//1455 4121//1455
f 4097//1460 3883//1460 4124//1460
f 4121//1455 4124//1455 4123//1455
f 4022//1452 4122//1452 4024//1452
f 4122//1453 4125//1453 4024//1453
f 4122//1454 4123//1454 4125//1454
f 4024//1455 4125//1455 3940//1455
f 3953//1455 4077//1455 4089//1455
f 4077//1455 4126//1455 4089//1455
f 4077//1455 4079//1455 4126//1455
f 4089//1455 4126//1455 4092//1455
f 4079//1457 4127//1457 4126//1457
f 4127//1457 4128//1457 4126//1457
f 4127//1455 4062//1455 4128//1455
f 4126//1457 4128//1457 4092//1457
f 4079//1457 4082//1457 4127//1457
f 4082//1452 4064//1452 4127//1452
f 4082//1452 4006//1452 4064//1452
f 4127//1452 4064//1452 4062//1452
f 4092//1454 4128//1454 4096//1454
f 4128//1455 4063//1455 4096//1455
f 4128//1455 4062//1455 4063//1455
f 4096//1455 4063//1455 3993//1455
f 3943//1455 3942//1455 4129//1455
f 3942//1455 4130//1455 4129//1455
f 3942//1455 3937//1455 4130//1455
f 4129//1455 4130//1455 4131//1455
f 3937//1455 4132//1455 4130//1455
f 4132//1455 4133//1455 4130//1455
f 4132//1459 4123//1459 4133//1459
f 4130//1455 4133//1455 4131//1455
f 3937//1455 3939//1455 4132//1455
f 3939//1455 4125//1455 4132//1455
f 3939//1455 3940//1455 4125//1455
f 4132//1457 4125//1457 4123//1457
f 4131//1461 4133//1461 4134//1461
f 4133//1464 4124//1464 4134//1464
f 4133//1459 4123//1459 4124//1459
f 4134//1460 4124//1460 3883//1460
f 1700//1460 4135//1460 4136//1460
f 4135//1460 4137//1460 4136//1460
f 4135//1452 4138//1452 4137//1452
f 4136//1460 4137//1460 4139//1460
f 4138//1465 4140//1465 4137//1465
f 4140//1460 4141//1460 4137//1460
f 4140//1460 4142//1460 4141//1460
f 4137//1460 4141//1460 4139//1460
f 4138//1466 4143//1466 4140//1466
f 4143//1467 4144//1467 4140//1467
f 4143//1460 3895//1460 4144//1460
f 4140//1468 4144//1468 4142//1468
f 4139//1459 4141//1459 4145//1459
f 4141//1452 4146//1452 4145//1452
f 4141//1460 4142//1460 4146//1460
f 4145//1452 4146//1452 3943//1452
f 3854//1455 4035//1455 3855//1455
f 4035//1452 4147//1452 3855//1452
f 4035//1452 4038//1452 4147//1452
f 3855//1452 4147//1452 3858//1452
f 4038//1455 4148//1455 4147//1455
f 4148//1455 4149//1455 4147//1455
f 4148//1455 4138//1455 4149//1455
f 4147//1452 4149//1452 3858//1452
f 4038//1455 4042//1455 4148//1455
f 4042//1452 4143//1452 4148//1452
f 4042//1452 3895//1452 4143//1452
f 4148//1452 4143//1452 4138//1452
f 3858//1452 4149//1452 3862//1452
f 4149//1452 4135//1452 3862//1452
f 4149//1452 4138//1452 4135//1452
f 3862//1455 4135//1455 1700//1455
f 3854//1452 4150//1452 4034//1452
f 4150//1455 4151//1455 4034//1455
f 4150//1455 4152//1455 4151//1455
f 4034//1452 4151//1452 4037//1452
f 4152//1455 4153//1455 4151//1455
f 4153//1452 4154//1452 4151//1452
f 4153//1452 4115//1452 4154//1452
f 4151//1452 4154//1452 4037//1452
f 4152//1455 4155//1455 4153//1455
f 4155//1452 4112//1452 4153//1452
f 4155//1452 4110//1452 4112//1452
f 4153//1452 4112//1452 4115//1452
f 4037//1452 4154//1452 4041//1452
f 4154//1452 4119//1452 4041//1452
f 4154//1452 4115//1452 4119//1452
f 4041//1455 4119//1455 3898//1455
f 1258//1457 4156//1457 1421//1457
f 4156//1457 4157//1457 1421//1457
f 4156//1452 4158//1452 4157//1452
f 1421//1452 4157//1452 1423//1452
f 4158//1452 4159//1452 4157//1452
f 4159//1457 4160//1457 4157//1457
f 4159//1457 4161//1457 4160//1457
f 4157//1455 4160//1455 1423//1455
f 4158//1462 4162//1462 4159//1462
f 4162//1469 4163//1469 4159//1469
f 4162//1455 3995//1455 4163//1455
f 4159//1469 4163//1469 4161//1469
f 1423//1452 4160//1452 1426//1452
f 4160//1454 4164//1454 1426//1454
f 4160//1454 4161//1454 4164//1454
f 1426//1457 4164//1457 1316//1457
f 1316//1452 4164//1452 4087//1452
f 4164//1452 4165//1452 4087//1452
f 4164//1455 4161//1455 4165//1455
f 4087//1470 4165//1470 4086//1470
f 4161//1458 4166//1458 4165//1458
f 4166//1455 4167//1455 4165//1455
f 4166//1455 4011//1455 4167//1455
f 4165//1470 4167//1470 4086//1470
f 4161//1456 4163//1456 4166//1456
f 4163//1455 4009//1455 4166//1455
f 4163//1452 3995//1452 4009//1452
f 4166//1455 4009//1455 4011//1455
f 4086//1455 4167//1455 4088//1455
f 4167//1455 4016//1455 4088//1455
f 4167//1455 4011//1455 4016//1455
f 4088//1461 4016//1461 4018//1461
f 1700//1460 4136//1460 3880//1460
f 4136//1452 4168//1452 3880//1452
f 4136//1452 4139//1452 4168//1452
f 3880//1455 4168//1455 3879//1455
f 4139//1452 4169//1452 4168//1452
f 4169//1460 4170//1460 4168//1460
f 4169//1460 4131//1460 4170//1460
f 4168//1460 4170//1460 3879//1460
f 4139//1452 4145//1452 4169//1452
f 4145//1460 4129//1460 4169//1460
f 4145//1460 3943//1460 4129//1460
f 4169//1460 4129//1460 4131//1460
f 3879//1459 4170//1459 3882//1459
f 4170//1459 4134//1459 3882//1459
f 4170//1467 4131//1467 4134//1467
f 3882//1452 4134//1452 3883//1452
f 1258//1452 3908//1452 4156//1452
f 3908//1455 4171//1455 4156//1455
f 3908//1454 3904//1454 4171//1454
f 4156//1456 4171//1456 4158//1456
f 3904//1454 4172//1454 4171//1454
f 4172//1454 4173//1454 4171//1454
f 4172//1463 4027//1463 4173//1463
f 4171//1462 4173//1462 4158//1462
f 3904//1456 3906//1456 4172//1456
f 3906//1452 4031//1452 4172//1452
f 3906//1452 3907//1452 4031//1452
f 4172//1452 4031//1452 4027//1452
f 4158//1458 4173//1458 4162//1458
f 4173//1455 4025//1455 4162//1455
f 4173//1471 4027//1471 4025//1471
f 4162//1455 4025//1455 3995//1455
f 1445//1455 3910//1455 4174//1455
f 3910//1455 4175//1455 4174//1455
f 3910//1455 3913//1455 4175//1455
f 4174//1455 4175//1455 4176//1455
f 3913//1455 4177//1455 4175//1455
f 4177//1452 4178//1452 4175//1452
f 4177//1455 4107//1455 4178//1455
f 4175//1455 4178//1455 4176//1455
f 3913//1455 3920//1455 4177//1455
f 3920//1452 4109//1452 4177//1452
f 3920//1455 3922//1455 4109//1455
f 4177//1452 4109//1452 4107//1452
f 4176//1455 4178//1455 4179//1455
f 4178//1455 4108//1455 4179//1455
f 4178//1455 4107//1455 4108//1455
f 4179//1452 4108//1452 4051//1452
f 3929//1452 3931//1452 3944//1452
f 3931//1452 4180//1452 3944//1452
f 3931//1455 3934//1455 4180//1455
f 3944//1452 4180//1452 3947//1452
f 3934//1455 4181//1455 4180//1455
f 4181//1452 4182//1452 4180//1452
f 4181//1452 4142//1452 4182//1452
f 4180//1452 4182//1452 3947//1452
f 3934//1452 3941//1452 4181//1452
f 3941//1452 4146//1452 4181//1452
f 3941//1452 3943//1452 4146//1452
f 4181//1452 4146//1452 4142//1452
f 3947//1452 4182//1452 3951//1452
f 4182//1459 4144//1459 3951//1459
f 4182//1452 4142//1452 4144//1452
f 3951//1459 4144//1459 3895//1459
f 1445//1452 4174//1452 1486//1452
f 4174//1452 4183//1452 1486//1452
f 4174//1452 4176//1452 4183//1452
f 1486//1452 4183//1452 1488//1452
f 4176//1452 4184//1452 4183//1452
f 4184//1452 4185//1452 4183//1452
f 4184//1452 4045//1452 4185//1452
f 4183//1452 4185//1452 1488//1452
f 4176//1452 4179//1452 4184//1452
f 4179//1452 4049//1452 4184//1452
f 4179//1452 4051//1452 4049//1452
f 4184//1452 4049//1452 4045//1452
f 1488//1455 4185//1455 1492//1455
f 4185//1455 4043//1455 1492//1455
f 4185//1455 4045//1455 4043//1455
f 1492//1452 4043//1452 1494//1452
f 4110//1472 4186//1472 4187//1472
f 4186//1473 4188//1473 4187//1473
f 4186//1474 4189//1474 4188//1474
f 4187//1475 4188//1475 4190//1475
f 4189//1476 4191//1476 4188//1476
f 4191//1477 4192//1477 4188//1477
f 4191//1478 4193//1478 4192//1478
f 4188//1479 4192//1479 4190//1479
f 4189//1480 4194//1480 4191//1480
f 4194//1481 4195//1481 4191//1481
f 4194//1482 4196//1482 4195//1482
f 4191//1483 4195//1483 4193//1483
f 4190//1484 4192//1484 4197//1484
f 4192//1485 4198//1485 4197//1485
f 4192//1486 4193//1486 4198//1486
f 4197//1487 4198//1487 1798//1487
f 4196//1488 4199//1488 4195//1488
f 4199//1489 4200//1489 4195//1489
f 4199//1490 4201//1490 4200//1490
f 4195//1491 4200//1491 4193//1491
f 4201//1492 4202//1492 4200//1492
f 4202//1493 4203//1493 4200//1493
f 4202//1494 1867//1494 4203//1494
f 4200//1495 4203//1495 4193//1495
f 4201//1496 4204//1496 4202//1496
f 4204//1497 1870//1497 4202//1497
f 4204//1498 1849//1498 1870//1498
f 4202//1499 1870//1499 1867//1499
f 4193//1500 4203//1500 4198//1500
f 4203//1501 1865//1501 4198//1501
f 4203//1502 1867//1502 1865//1502
f 4198//1503 1865//1503 1798//1503
f 4110//1504 4187//1504 4111//1504
f 4187//1505 4205//1505 4111//1505
f 4187//1506 4190//1506 4205//1506
f 4111//1507 4205//1507 4114//1507
f 4190//1508 4206//1508 4205//1508
f 4206//1509 4207//1509 4205//1509
f 4206//1510 4208//1510 4207//1510
f 4205//1511 4207//1511 4114//1511
f 4190//1512 4197//1512 4206//1512
f 4197//1513 4209//1513 4206//1513
f 4197//1514 1798//1514 4209//1514
f 4206//1515 4209//1515 4208//1515
f 4114//1516 4207//1516 4118//1516
f 4207//1517 4210//1517 4118//1517
f 4207//1518 4208//1518 4210//1518
f 4118//1519 4210//1519 3963//1519
f 1798//1520 4211//1520 4209//1520
f 4211//1521 4212//1521 4209//1521
f 4211//1522 4213//1522 4212//1522
f 4209//1523 4212//1523 4208//1523
f 4213//1524 4214//1524 4212//1524
f 4214//1525 4215//1525 4212//1525
f 4214//1526 3967//1526 4215//1526
f 4212//1527 4215//1527 4208//1527
f 4213//1528 4216//1528 4214//1528
f 4216//1529 3972//1529 4214//1529
f 4216//1530 1494//1530 3972//1530
f 4214//1531 3972//1531 3967//1531
f 4208//1532 4215//1532 4210//1532
f 4215//1533 3964//1533 4210//1533
f 4215//1534 3967//1534 3964//1534
f 4210//1535 3964//1535 3963//1535
f 1485//1536 1495//1536 1807//1536
f 1495//1537 4217//1537 1807//1537
f 1495//1538 1491//1538 4217//1538
f 1807//1539 4217//1539 1803//1539
f 1491//1537 4218//1537 4217//1537
f 4218//1540 4219//1540 4217//1540
f 4218//1541 4213//1541 4219//1541
f 4217//1540 4219//1540 1803//1540
f 1491//1538 1493//1538 4218//1538
f 1493//1538 4216//1538 4218//1538
f 1493//1538 1494//1538 4216//1538
f 4218//1541 4216//1541 4213//1541
f 1803//1542 4219//1542 1800//1542
f 4219//1543 4211//1543 1800//1543
f 4219//1544 4213//1544 4211//1544
f 1800//1545 4211//1545 1798//1545
f 4220//817 4221//817 4222//817
f 4221//817 4223//817 4222//817
f 4221//817 4224//817 4223//817
f 4222//817 4223//817 4225//817
f 4224//817 4226//817 4223//817
f 4226//817 4227//817 4223//817
f 4226//817 4228//817 4227//817
f 4223//817 4227//817 4225//817
f 4224//817 4229//817 4226//817
f 4229//817 4230//817 4226//817
f 4229//817 1550//817 4230//817
f 4226//817 4230//817 4228//817
f 4225//817 4227//817 4231//817
f 4227//817 4232//817 4231//817
f 4227//817 4228//817 4232//817
f 4231//817 4232//817 3787//817
f 1550//817 1548//817 4230//817
f 1548//817 4233//817 4230//817
f 1548//817 1544//817 4233//817
f 4230//817 4233//817 4228//817
f 1544//817 4234//817 4233//817
f 4234//817 4235//817 4233//817
f 4234//817 3847//817 4235//817
f 4233//817 4235//817 4228//817
f 1544//817 1542//817 4234//817
f 1542//817 3845//817 4234//817
f 1542//817 1229//817 3845//817
f 4234//817 3845//817 3847//817
f 4228//817 4235//817 4232//817
f 4235//817 3850//817 4232//817
f 4235//817 3847//817 3850//817
f 4232//817 3850//817 3787//817
f 4220//817 4236//817 4221//817
f 4236//817 4237//817 4221//817
f 4236//817 4238//817 4237//817
f 4221//817 4237//817 4224//817
f 4238//817 4239//817 4237//817
f 4239//817 4240//817 4237//817
f 4239//817 3291//817 4240//817
f 4237//817 4240//817 4224//817
f 4238//817 4241//817 4239//817
f 4241//817 3293//817 4239//817
f 4241//817 3274//817 3293//817
f 4239//817 3293//817 3291//817
f 4224//817 4240//817 4229//817
f 4240//817 3292//817 4229//817
f 4240//817 3291//817 3292//817
f 4229//817 3292//817 1550//817
f 4242//1546 4243//1546 4244//1546
f 4243//1547 4245//1547 4244//1547
f 4243//1548 4246//1548 4245//1548
f 4244//1549 4245//1549 4247//1549
f 4246//1550 4248//1550 4245//1550
f 4248//1551 4249//1551 4245//1551
f 4248//1552 4250//1552 4249//1552
f 4245//1553 4249//1553 4247//1553
f 4246//1554 4251//1554 4248//1554
f 4251//1555 4252//1555 4248//1555
f 4251//1556 4253//1556 4252//1556
f 4248//1552 4252//1552 4250//1552
f 4247//1553 4249//1553 4254//1553
f 4249//1549 4255//1549 4254//1549
f 4249//1557 4250//1557 4255//1557
f 4254//1549 4255//1549 4256//1549
f 4257//1558 4258//1558 4259//1558
f 4258//1559 4260//1559 4259//1559
f 4258//1560 4261//1560 4260//1560
f 4259//1561 4260//1561 4262//1561
f 4261//1562 4263//1562 4260//1562
f 4263//1562 4264//1562 4260//1562
f 4263//1563 4265//1563 4264//1563
f 4260//1561 4264//1561 4262//1561
f 4261//1561 4266//1561 4263//1561
f 4266//1564 4267//1564 4263//1564
f 4266//1563 4256//1563 4267//1563
f 4263//1564 4267//1564 4265//1564
f 4262//1565 4264//1565 4268//1565
f 4264//1564 4269//1564 4268//1564
f 4264//1563 4265//1563 4269//1563
f 4268//1564 4269//1564 4270//1564
f 3160//1562 4271//1562 3161//1562
f 4271//1566 4272//1566 3161//1566
f 4271//1566 4273//1566 4272//1566
f 3161//1566 4272//1566 3164//1566
f 4273//1562 4274//1562 4272//1562
f 4274//1562 4275//1562 4272//1562
f 4274//1566 4276//1566 4275//1566
f 4272//1562 4275//1562 3164//1562
f 4273//1562 4277//1562 4274//1562
f 4277//1567 4278//1567 4274//1567
f 4277//1568 4279//1568 4278//1568
f 4274//1567 4278//1567 4276//1567
f 3164//1569 4275//1569 3169//1569
f 4275//1570 4280//1570 3169//1570
f 4275//1566 4276//1566 4280//1566
f 3169//1571 4280//1571 3171//1571
f 3160//1562 4281//1562 4271//1562
f 4281//1571 4282//1571 4271//1571
f 4281//1571 4283//1571 4282//1571
f 4271//1567 4282//1567 4273//1567
f 4283//1562 4284//1562 4282//1562
f 4284//1562 4285//1562 4282//1562
f 4284//1567 4286//1567 4285//1567
f 4282//1562 4285//1562 4273//1562
f 4283//1562 4287//1562 4284//1562
f 4287//1566 4288//1566 4284//1566
f 4287//1567 4289//1567 4288//1567
f 4284//1566 4288//1566 4286//1566
f 4273//1562 4285//1562 4277//1562
f 4285//1571 4290//1571 4277//1571
f 4285//1571 4286//1571 4290//1571
f 4277//1571 4290//1571 4279//1571
f 3171//1572 4280//1572 4291//1572
f 4280//1572 4292//1572 4291//1572
f 4280//1572 4276//1572 4292//1572
f 4291//1564 4292//1564 4293//1564
f 4276//1572 4294//1572 4292//1572
f 4294//1564 4295//1564 4292//1564
f 4294//1567 4296//1567 4295//1567
f 4292//1564 4295//1564 4293//1564
f 4276//1572 4278//1572 4294//1572
f 4278//1568 4297//1568 4294//1568
f 4278//1567 4279//1567 4297//1567
f 4294//1568 4297//1568 4296//1568
f 4293//1572 4295//1572 4298//1572
f 4295//1573 4299//1573 4298//1573
f 4295//1574 4296//1574 4299//1574
f 4298//1573 4299//1573 4270//1573
f 4257//1572 4300//1572 4301//1572
f 4300//1567 4302//1567 4301//1567
f 4300//1566 4303//1566 4302//1566
f 4301//1566 4302//1566 4304//1566
f 4303//1572 4305//1572 4302//1572
f 4305//1572 4306//1572 4302//1572
f 4305//1562 4286//1562 4306//1562
f 4302//1568 4306//1568 4304//1568
f 4303//1562 4307//1562 4305//1562
f 4307//1562 4290//1562 4305//1562
f 4307//1572 4279//1572 4290//1572
f 4305//1562 4290//1562 4286//1562
f 4304//1568 4306//1568 4308//1568
f 4306//1562 4288//1562 4308//1562
f 4306//1562 4286//1562 4288//1562
f 4308//1562 4288//1562 4289//1562
f 3160//1565 4309//1565 4281//1565
f 4309//1571 4310//1571 4281//1571
f 4309//1571 4311//1571 4310//1571
f 4281//1571 4310//1571 4283//1571
f 4311//1562 4312//1562 4310//1562
f 4312//1562 4313//1562 4310//1562
f 4312//1571 4314//1571 4313//1571
f 4310//1562 4313//1562 4283//1562
f 4311//1565 4315//1565 4312//1565
f 4315//1571 4316//1571 4312//1571
f 4315//1571 4317//1571 4316//1571
f 4312//1571 4316//1571 4314//1571
f 4283//1562 4313//1562 4287//1562
f 4313//1571 4318//1571 4287//1571
f 4313//1571 4314//1571 4318//1571
f 4287//1571 4318//1571 4289//1571
f 4220//1568 4319//1568 4320//1568
f 4319//1568 4321//1568 4320//1568
f 4319//1568 4322//1568 4321//1568
f 4320//1568 4321//1568 4323//1568
f 4322//1565 4324//1565 4321//1565
f 4324//1565 4325//1565 4321//1565
f 4324//1568 4314//1568 4325//1568
f 4321//1565 4325//1565 4323//1565
f 4322//1565 4326//1565 4324//1565
f 4326//1571 4318//1571 4324//1571
f 4326//1571 4289//1571 4318//1571
f 4324//1568 4318//1568 4314//1568
f 4323//1565 4325//1565 4327//1565
f 4325//1568 4316//1568 4327//1568
f 4325//1568 4314//1568 4316//1568
f 4327//1568 4316//1568 4317//1568
f 3160//1565 3276//1565 4309//1565
f 3276//1571 4328//1571 4309//1571
f 3276//1571 3278//1571 4328//1571
f 4309//1571 4328//1571 4311//1571
f 3278//1562 4329//1562 4328//1562
f 4329//1569 4330//1569 4328//1569
f 4329//1568 4331//1568 4330//1568
f 4328//1565 4330//1565 4311//1565
f 3278//1562 3281//1562 4329//1562
f 3281//1568 4332//1568 4329//1568
f 3281//1572 3274//1572 4332//1572
f 4329//1560 4332//1560 4331//1560
f 4311//1565 4330//1565 4315//1565
f 4330//1571 4333//1571 4315//1571
f 4330//1568 4331//1568 4333//1568
f 4315//1571 4333//1571 4317//1571
f 4242//1575 4244//1575 4334//1575
f 4244//1551 4335//1551 4334//1551
f 4244//1576 4247//1576 4335//1576
f 4334//1546 4335//1546 4336//1546
f 4247//1577 4337//1577 4335//1577
f 4337//1577 4338//1577 4335//1577
f 4337//1576 4261//1576 4338//1576
f 4335//1546 4338//1546 4336//1546
f 4247//1575 4254//1575 4337//1575
f 4254//1575 4266//1575 4337//1575
f 4254//1557 4256//1557 4266//1557
f 4337//1551 4266//1551 4261//1551
f 4336//1575 4338//1575 4339//1575
f 4338//1551 4258//1551 4339//1551
f 4338//1576 4261//1576 4258//1576
f 4339//1546 4258//1546 4257//1546
f 3171//1567 4291//1567 4340//1567
f 4291//1567 4341//1567 4340//1567
f 4291//1571 4293//1571 4341//1571
f 4340//1567 4341//1567 4342//1567
f 4293//1562 4343//1562 4341//1562
f 4343//1567 4344//1567 4341//1567
f 4343//1578 4265//1578 4344//1578
f 4341//1567 4344//1567 4342//1567
f 4293//1562 4298//1562 4343//1562
f 4298//1550 4269//1550 4343//1550
f 4298//1578 4270//1578 4269//1578
f 4343//1550 4269//1550 4265//1550
f 4342//1562 4344//1562 4345//1562
f 4344//1550 4267//1550 4345//1550
f 4344//1578 4265//1578 4267//1578
f 4345//1550 4267//1550 4256//1550
f 4253//1579 4346//1579 4252//1579
f 4346//1580 4347//1580 4252//1580
f 4346//1581 4348//1581 4347//1581
f 4252//1556 4347//1556 4250//1556
f 4348//1582 4349//1582 4347//1582
f 4349//1556 4350//1556 4347//1556
f 4349//1583 4342//1583 4350//1583
f 4347//1556 4350//1556 4250//1556
f 4348//1584 4351//1584 4349//1584
f 4351//1585 4340//1585 4349//1585
f 4351//1567 3171//1567 4340//1567
f 4349//1586 4340//1586 4342//1586
f 4250//1567 4350//1567 4255//1567
f 4350//1587 4345//1587 4255//1587
f 4350//1583 4342//1583 4345//1583
f 4255//1588 4345//1588 4256//1588
f 4257//1563 4259//1563 4300//1563
f 4259//1560 4352//1560 4300//1560
f 4259//1562 4262//1562 4352//1562
f 4300//1567 4352//1567 4303//1567
f 4262//1562 4353//1562 4352//1562
f 4353//1565 4354//1565 4352//1565
f 4353//1565 4296//1565 4354//1565
f 4352//1562 4354//1562 4303//1562
f 4262//1562 4268//1562 4353//1562
f 4268//1563 4299//1563 4353//1563
f 4268//1589 4270//1589 4299//1589
f 4353//1563 4299//1563 4296//1563
f 4303//1562 4354//1562 4307//1562
f 4354//1562 4297//1562 4307//1562
f 4354//1562 4296//1562 4297//1562
f 4307//1565 4297//1565 4279//1565
f 4220//1572 4320//1572 4236//1572
f 4320//1568 4355//1568 4236//1568
f 4320//1568 4323//1568 4355//1568
f 4236//1572 4355//1572 4238//1572
f 4323//1561 4356//1561 4355//1561
f 4356//1565 4357//1565 4355//1565
f 4356//1570 4331//1570 4357//1570
f 4355//1562 4357//1562 4238//1562
f 4323//1569 4327//1569 4356//1569
f 4327//1568 4333//1568 4356//1568
f 4327//1568 4317//1568 4333//1568
f 4356//1568 4333//1568 4331//1568
f 4238//1572 4357//1572 4241//1572
f 4357//1572 4332//1572 4241//1572
f 4357//1570 4331//1570 4332//1570
f 4241//1568 4332//1568 3274//1568
f 116//1590 118//1590 4358//1590
f 118//1591 4359//1591 4358//1591
f 118//1591 121//1591 4359//1591
f 4358//1592 4359//1592 4360//1592
f 121//1593 4361//1593 4359//1593
f 4361//1594 4362//1594 4359//1594
f 4361//1595 234//1595 4362//1595
f 4359//1594 4362//1594 4360//1594
f 121//1593 127//1593 4361//1593
f 127//1596 239//1596 4361//1596
f 127//1596 129//1596 239//1596
f 4361//1595 239//1595 234//1595
f 4360//1597 4362//1597 4363//1597
f 4362//1598 231//1598 4363//1598
f 4362//1598 234//1598 231//1598
f 4363//1599 231//1599 230//1599
f 256//1600 255//1600 4364//1600
f 255//1601 4365//1601 4364//1601
f 255//1601 251//1601 4365//1601
f 4364//1602 4365//1602 4366//1602
f 251//1603 4367//1603 4365//1603
f 4367//1604 4368//1604 4365//1604
f 4367//1605 197//1605 4368//1605
f 4365//1604 4368//1604 4366//1604
f 251//1603 253//1603 4367//1603
f 253//1606 200//1606 4367//1606
f 253//1606 144//1606 200//1606
f 4367//1605 200//1605 197//1605
f 4366//1607 4368//1607 4369//1607
f 4368//1608 199//1608 4369//1608
f 4368//1608 197//1608 199//1608
f 4369//1609 199//1609 116//1609
f 116//1610 4370//1610 4369//1610
f 4370//1611 4371//1611 4369//1611
f 4370//1612 4372//1612 4371//1612
f 4369//1613 4371//1613 4366//1613
f 4372//1614 4373//1614 4371//1614
f 4373//1615 4374//1615 4371//1615
f 4373//1616 262//1616 4374//1616
f 4371//1617 4374//1617 4366//1617
f 4372//1618 4375//1618 4373//1618
f 4375//1619 259//1619 4373//1619
f 4375//1620 257//1620 259//1620
f 4373//1621 259//1621 262//1621
f 4366//1622 4374//1622 4364//1622
f 4374//1623 266//1623 4364//1623
f 4374//1624 262//1624 266//1624
f 4364//1625 266//1625 256//1625
f 230//1626 272//1626 4363//1626
f 272//1627 4376//1627 4363//1627
f 272//1628 269//1628 4376//1628
f 4363//1629 4376//1629 4360//1629
f 269//1630 4377//1630 4376//1630
f 4377//1631 4378//1631 4376//1631
f 4377//1632 4372//1632 4378//1632
f 4376//1633 4378//1633 4360//1633
f 269//1634 267//1634 4377//1634
f 267//1635 4375//1635 4377//1635
f 267//1636 257//1636 4375//1636
f 4377//1637 4375//1637 4372//1637
f 4360//1638 4378//1638 4358//1638
f 4378//1639 4370//1639 4358//1639
f 4378//1640 4372//1640 4370//1640
f 4358//1641 4370//1641 116//1641
f 4257//563 4379//563 4380//563
f 4379//563 4381//563 4380//563
f 4379//563 4382//563 4381//563
f 4380//563 4381//563 4383//563
f 4382//563 4384//563 4381//563
f 4384//563 4385//563 4381//563
f 4384//563 4386//563 4385//563
f 4381//563 4385//563 4383//563
f 4382//563 4387//563 4384//563
f 4387//563 4388//563 4384//563
f 4387//563 4389//563 4388//563
f 4384//563 4388//563 4386//563
f 4383//563 4385//563 4390//563
f 4385//563 4391//563 4390//563
f 4385//563 4386//563 4391//563
f 4390//563 4391//563 4392//563
f 4257//563 4380//563 4339//563
f 4380//563 4393//563 4339//563
f 4380//563 4383//563 4393//563
f 4339//563 4393//563 4336//563
f 4383//563 4394//563 4393//563
f 4394//563 4395//563 4393//563
f 4394//563 4396//563 4395//563
f 4393//563 4395//563 4336//563
f 4383//563 4390//563 4394//563
f 4390//563 4397//563 4394//563
f 4390//563 4392//563 4397//563
f 4394//563 4397//563 4396//563
f 4336//563 4395//563 4334//563
f 4395//563 4398//563 4334//563
f 4395//563 4396//563 4398//563
f 4334//563 4398//563 4242//563
f 3203//1642 4399//1642 3201//1642
f 4399//1643 4400//1643 3201//1643
f 4399//1644 4401//1644 4400//1644
f 3201//1645 4400//1645 3195//1645
f 4401//1646 4402//1646 4400//1646
f 4402//1647 4403//1647 4400//1647
f 4402//1648 4404//1648 4403//1648
f 4400//1649 4403//1649 3195//1649
f 4401//1650 4405//1650 4402//1650
f 4405//1651 4406//1651 4402//1651
f 4405//1652 4407//1652 4406//1652
f 4402//1653 4406//1653 4404//1653
f 3195//1654 4403//1654 3192//1654
f 4403//1655 4408//1655 3192//1655
f 4403//1656 4404//1656 4408//1656
f 3192//1657 4408//1657 3190//1657
f 226//1658 4409//1658 224//1658
f 4409//1658 4410//1658 224//1658
f 4409//1659 4411//1659 4410//1659
f 224//1658 4410//1658 218//1658
f 4411//1659 4412//1659 4410//1659
f 4412//1659 4413//1659 4410//1659
f 4412//1659 4414//1659 4413//1659
f 4410//1658 4413//1658 218//1658
f 4411//1660 4415//1660 4412//1660
f 4415//1660 4416//1660 4412//1660
f 4415//1661 4417//1661 4416//1661
f 4412//1660 4416//1660 4414//1660
f 218//1658 4413//1658 215//1658
f 4413//1658 4418//1658 215//1658
f 4413//1659 4414//1659 4418//1659
f 215//1658 4418//1658 165//1658
f 226//1662 3003//1662 4409//1662
f 3003//1663 4419//1663 4409//1663
f 3003//1664 3006//1664 4419//1664
f 4409//1665 4419//1665 4411//1665
f 3006//1666 4420//1666 4419//1666
f 4420//1667 4421//1667 4419//1667
f 4420//1668 4422//1668 4421//1668
f 4419//1669 4421//1669 4411//1669
f 3006//1670 3013//1670 4420//1670
f 3013//1671 4423//1671 4420//1671
f 3013//1672 3015//1672 4423//1672
f 4420//1673 4423//1673 4422//1673
f 4411//1674 4421//1674 4415//1674
f 4421//1675 4424//1675 4415//1675
f 4421//1676 4422//1676 4424//1676
f 4415//1677 4424//1677 4417//1677
f 4425//1678 4426//1678 4427//1678
f 4426//1679 4428//1679 4427//1679
f 4426//1680 4429//1680 4428//1680
f 4427//1681 4428//1681 4430//1681
f 4429//1682 4431//1682 4428//1682
f 4431//1683 4432//1683 4428//1683
f 4431//1684 4422//1684 4432//1684
f 4428//1685 4432//1685 4430//1685
f 4429//1686 4433//1686 4431//1686
f 4433//1687 4424//1687 4431//1687
f 4433//1688 4417//1688 4424//1688
f 4431//1689 4424//1689 4422//1689
f 4430//1690 4432//1690 4434//1690
f 4432//1691 4423//1691 4434//1691
f 4432//1692 4422//1692 4423//1692
f 4434//1693 4423//1693 3015//1693
f 3158//1694 4435//1694 3157//1694
f 4435//1695 4436//1695 3157//1695
f 4435//1696 4437//1696 4436//1696
f 3157//1697 4436//1697 3155//1697
f 4437//1698 4438//1698 4436//1698
f 4438//1699 4439//1699 4436//1699
f 4438//1700 4430//1700 4439//1700
f 4436//1701 4439//1701 3155//1701
f 4437//1702 4440//1702 4438//1702
f 4440//1703 4427//1703 4438//1703
f 4440//1704 4425//1704 4427//1704
f 4438//1705 4427//1705 4430//1705
f 3155//1706 4439//1706 3159//1706
f 4439//1707 4434//1707 3159//1707
f 4439//1708 4430//1708 4434//1708
f 3159//1709 4434//1709 3015//1709
f 4407//1710 4441//1710 4442//1710
f 4441//1711 4443//1711 4442//1711
f 4441//1712 4444//1712 4443//1712
f 4442//1713 4443//1713 4445//1713
f 4444//1714 4446//1714 4443//1714
f 4446//1715 4447//1715 4443//1715
f 4446//1716 4437//1716 4447//1716
f 4443//1717 4447//1717 4445//1717
f 4444//1718 4448//1718 4446//1718
f 4448//1719 4440//1719 4446//1719
f 4448//1720 4425//1720 4440//1720
f 4446//1721 4440//1721 4437//1721
f 4445//1722 4447//1722 4449//1722
f 4447//1723 4435//1723 4449//1723
f 4447//1724 4437//1724 4435//1724
f 4449//1725 4435//1725 3158//1725
f 4425//1726 4450//1726 4426//1726
f 4450//1727 4451//1727 4426//1727
f 4450//1728 4452//1728 4451//1728
f 4426//1729 4451//1729 4429//1729
f 4452//1730 4453//1730 4451//1730
f 4453//1731 4454//1731 4451//1731
f 4453//1732 4455//1732 4454//1732
f 4451//1733 4454//1733 4429//1733
f 4452//1734 4456//1734 4453//1734
f 4456//1735 4457//1735 4453//1735
f 4456//1736 3171//1736 4457//1736
f 4453//1737 4457//1737 4455//1737
f 4429//1738 4454//1738 4433//1738
f 4454//1739 4458//1739 4433//1739
f 4454//1740 4455//1740 4458//1740
f 4433//1741 4458//1741 4417//1741
f 3171//1742 4456//1742 3262//1742
f 4456//1743 4459//1743 3262//1743
f 4456//1744 4452//1744 4459//1744
f 3262//1745 4459//1745 3259//1745
f 4452//1746 4460//1746 4459//1746
f 4460//1747 4461//1747 4459//1747
f 4460//1748 4462//1748 4461//1748
f 4459//1749 4461//1749 3259//1749
f 4452//1750 4450//1750 4460//1750
f 4450//1751 4463//1751 4460//1751
f 4450//1752 4425//1752 4463//1752
f 4460//1753 4463//1753 4462//1753
f 3259//1754 4461//1754 3257//1754
f 4461//1755 4464//1755 3257//1755
f 4461//1756 4462//1756 4464//1756
f 3257//1757 4464//1757 3203//1757
f 4407//1758 4405//1758 4441//1758
f 4405//1759 4465//1759 4441//1759
f 4405//1760 4401//1760 4465//1760
f 4441//1761 4465//1761 4444//1761
f 4401//1762 4466//1762 4465//1762
f 4466//1763 4467//1763 4465//1763
f 4466//1764 4462//1764 4467//1764
f 4465//1765 4467//1765 4444//1765
f 4401//1766 4399//1766 4466//1766
f 4399//1767 4464//1767 4466//1767
f 4399//1768 3203//1768 4464//1768
f 4466//1769 4464//1769 4462//1769
f 4444//1770 4467//1770 4448//1770
f 4467//1771 4463//1771 4448//1771
f 4467//1772 4462//1772 4463//1772
f 4448//1773 4463//1773 4425//1773
f 4417//1774 4468//1774 4469//1774
f 4468//1775 4470//1775 4469//1775
f 4468//1776 4471//1776 4470//1776
f 4469//1777 4470//1777 4472//1777
f 4471//1778 4473//1778 4470//1778
f 4473//1779 4474//1779 4470//1779
f 4473//1780 4246//1780 4474//1780
f 4470//1781 4474//1781 4472//1781
f 4471//1782 4475//1782 4473//1782
f 4475//1783 4251//1783 4473//1783
f 4475//1784 4253//1784 4251//1784
f 4473//1785 4251//1785 4246//1785
f 4472//1786 4474//1786 4476//1786
f 4474//1787 4243//1787 4476//1787
f 4474//1788 4246//1788 4243//1788
f 4476//1789 4243//1789 4242//1789
f 4253//1790 4475//1790 4346//1790
f 4475//1791 4477//1791 4346//1791
f 4475//1792 4471//1792 4477//1792
f 4346//1793 4477//1793 4348//1793
f 4471//1794 4478//1794 4477//1794
f 4478//1795 4479//1795 4477//1795
f 4478//1796 4455//1796 4479//1796
f 4477//1797 4479//1797 4348//1797
f 4471//1798 4468//1798 4478//1798
f 4468//1799 4458//1799 4478//1799
f 4468//1800 4417//1800 4458//1800
f 4478//1801 4458//1801 4455//1801
f 4348//1802 4479//1802 4351//1802
f 4479//1803 4457//1803 4351//1803
f 4479//1804 4455//1804 4457//1804
f 4351//1805 4457//1805 3171//1805
f 1//1806 3//1806 4480//1806
f 3//1806 4481//1806 4480//1806
f 3//1806 6//1806 4481//1806
f 4480//1806 4481//1806 4482//1806
f 6//1806 4483//1806 4481//1806
f 4483//1806 4484//1806 4481//1806
f 4483//1806 4485//1806 4484//1806
f 4481//1806 4484//1806 4482//1806
f 6//1806 13//1806 4483//1806
f 13//1806 4486//1806 4483//1806
f 13//1806 15//1806 4486//1806
f 4483//1806 4486//1806 4485//1806
f 4482//1806 4484//1806 4487//1806
f 4484//1806 4488//1806 4487//1806
f 4484//1806 4485//1806 4488//1806
f 4487//1806 4488//1806 4489//1806
f 3864//1806 4490//1806 4491//1806
f 4490//1806 4492//1806 4491//1806
f 4490//1806 4493//1806 4492//1806
f 4491//1806 4492//1806 4494//1806
f 4493//1806 4495//1806 4492//1806
f 4495//1806 4496//1806 4492//1806
f 4495//1806 4497//1806 4496//1806
f 4492//1806 4496//1806 4494//1806
f 4493//1806 4498//1806 4495//1806
f 4498//1806 4499//1806 4495//1806
f 4498//1806 4500//1806 4499//1806
f 4495//1806 4499//1806 4497//1806
f 4494//1806 4496//1806 4501//1806
f 4496//1806 4502//1806 4501//1806
f 4496//1806 4497//1806 4502//1806
f 4501//1806 4502//1806 4489//1806
f 1711//1806 4503//1806 4504//1806
f 4503//1806 4505//1806 4504//1806
f 4503//1806 4506//1806 4505//1806
f 4504//1806 4505//1806 4507//1806
f 4506//1806 4508//1806 4505//1806
f 4508//1806 4509//1806 4505//1806
f 4508//1806 4510//1806 4509//1806
f 4505//1806 4509//1806 4507//1806
f 4506//1806 4511//1806 4508//1806
f 4511//1806 4512//1806 4508//1806
f 4511//1806 4513//1806 4512//1806
f 4508//1806 4512//1806 4510//1806
f 4507//1806 4509//1806 4514//1806
f 4509//1806 4515//1806 4514//1806
f 4509//1806 4510//1806 4515//1806
f 4514//1806 4515//1806 4516//1806
f 1628//1806 4517//1806 4518//1806
f 4517//1806 4519//1806 4518//1806
f 4517//1806 4520//1806 4519//1806
f 4518//1806 4519//1806 4521//1806
f 4520//1806 4522//1806 4519//1806
f 4522//1807 4523//1807 4519//1807
f 4522//1807 4524//1807 4523//1807
f 4519//1806 4523//1806 4521//1806
f 4520//1806 4525//1806 4522//1806
f 4525//1806 4526//1806 4522//1806
f 4525//1806 4527//1806 4526//1806
f 4522//1807 4526//1807 4524//1807
f 4521//1806 4523//1806 4528//1806
f 4523//1806 4529//1806 4528//1806
f 4523//1806 4524//1806 4529//1806
f 4528//1807 4529//1807 4500//1807
f 1//1806 4480//1806 4530//1806
f 4480//1806 4531//1806 4530//1806
f 4480//1806 4482//1806 4531//1806
f 4530//1806 4531//1806 4532//1806
f 4482//1806 4533//1806 4531//1806
f 4533//1806 4534//1806 4531//1806
f 4533//1806 4535//1806 4534//1806
f 4531//1806 4534//1806 4532//1806
f 4482//1806 4487//1806 4533//1806
f 4487//1806 4536//1806 4533//1806
f 4487//1806 4489//1806 4536//1806
f 4533//1806 4536//1806 4535//1806
f 4532//1806 4534//1806 4537//1806
f 4534//1806 4538//1806 4537//1806
f 4534//1806 4535//1806 4538//1806
f 4537//1806 4538//1806 4527//1806
f 4489//1806 4502//1806 4536//1806
f 4502//1806 4539//1806 4536//1806
f 4502//1806 4497//1806 4539//1806
f 4536//1806 4539//1806 4535//1806
f 4497//1806 4540//1806 4539//1806
f 4540//1806 4541//1806 4539//1806
f 4540//1806 4524//1806 4541//1806
f 4539//1806 4541//1806 4535//1806
f 4497//1806 4499//1806 4540//1806
f 4499//1806 4529//1806 4540//1806
f 4499//1807 4500//1807 4529//1807
f 4540//1806 4529//1806 4524//1806
f 4535//1807 4541//1807 4538//1807
f 4541//1807 4526//1807 4538//1807
f 4541//1807 4524//1807 4526//1807
f 4538//1806 4526//1806 4527//1806
f 1628//1807 4518//1807 4542//1807
f 4518//1807 4543//1807 4542//1807
f 4518//1808 4521//1808 4543//1808
f 4542//1806 4543//1806 4544//1806
f 4521//1808 4545//1808 4543//1808
f 4545//1806 4546//1806 4543//1806
f 4545//1806 4547//1806 4546//1806
f 4543//1806 4546//1806 4544//1806
f 4521//1807 4528//1807 4545//1807
f 4528//1807 4548//1807 4545//1807
f 4528//1807 4500//1807 4548//1807
f 4545//1806 4548//1806 4547//1806
f 4544//1806 4546//1806 4549//1806
f 4546//1806 4550//1806 4549//1806
f 4546//1806 4547//1806 4550//1806
f 4549//1807 4550//1807 4513//1807
f 3864//1806 4551//1806 4490//1806
f 4551//1806 4552//1806 4490//1806
f 4551//1806 4553//1806 4552//1806
f 4490//1807 4552//1807 4493//1807
f 4553//1806 4554//1806 4552//1806
f 4554//1806 4555//1806 4552//1806
f 4554//1806 4556//1806 4555//1806
f 4552//1806 4555//1806 4493//1806
f 4553//1807 4557//1807 4554//1807
f 4557//1807 4558//1807 4554//1807
f 4557//1806 4516//1806 4558//1806
f 4554//1806 4558//1806 4556//1806
f 4493//1806 4555//1806 4498//1806
f 4555//1806 4559//1806 4498//1806
f 4555//1806 4556//1806 4559//1806
f 4498//1806 4559//1806 4500//1806
f 4560//1806 4561//1806 4562//1806
f 4561//1806 4563//1806 4562//1806
f 4561//1808 4564//1808 4563//1808
f 4562//1806 4563//1806 4565//1806
f 4564//1809 4566//1809 4563//1809
f 4566//1809 4567//1809 4563//1809
f 4566//1810 4568//1810 4567//1810
f 4563//1806 4567//1806 4565//1806
f 4564//1811 4569//1811 4566//1811
f 4569//1811 4570//1811 4566//1811
f 4569//1806 4571//1806 4570//1806
f 4566//1812 4570//1812 4568//1812
f 4565//1806 4567//1806 4572//1806
f 4567//1806 4573//1806 4572//1806
f 4567//1806 4568//1806 4573//1806
f 4572//1806 4573//1806 4574//1806
f 1//1806 4530//1806 4575//1806
f 4530//1806 4576//1806 4575//1806
f 4530//1806 4532//1806 4576//1806
f 4575//1806 4576//1806 4577//1806
f 4532//1806 4578//1806 4576//1806
f 4578//1806 4579//1806 4576//1806
f 4578//1806 4580//1806 4579//1806
f 4576//1806 4579//1806 4577//1806
f 4532//1806 4537//1806 4578//1806
f 4537//1806 4581//1806 4578//1806
f 4537//1807 4527//1807 4581//1807
f 4578//1806 4581//1806 4580//1806
f 4577//1806 4579//1806 4582//1806
f 4579//1806 4583//1806 4582//1806
f 4579//1806 4580//1806 4583//1806
f 4582//1807 4583//1807 4560//1807
f 1628//1806 4584//1806 4517//1806
f 4584//1806 4585//1806 4517//1806
f 4584//1806 4586//1806 4585//1806
f 4517//1806 4585//1806 4520//1806
f 4586//1806 4587//1806 4585//1806
f 4587//1806 4588//1806 4585//1806
f 4587//1806 4589//1806 4588//1806
f 4585//1806 4588//1806 4520//1806
f 4586//1806 4590//1806 4587//1806
f 4590//1806 4591//1806 4587//1806
f 4590//1806 4571//1806 4591//1806
f 4587//1806 4591//1806 4589//1806
f 4520//1806 4588//1806 4525//1806
f 4588//1806 4592//1806 4525//1806
f 4588//1806 4589//1806 4592//1806
f 4525//1806 4592//1806 4527//1806
f 4500//1806 4559//1806 4548//1806
f 4559//1806 4593//1806 4548//1806
f 4559//1806 4556//1806 4593//1806
f 4548//1806 4593//1806 4547//1806
f 4556//1806 4594//1806 4593//1806
f 4594//1806 4595//1806 4593//1806
f 4594//1806 4510//1806 4595//1806
f 4593//1806 4595//1806 4547//1806
f 4556//1806 4558//1806 4594//1806
f 4558//1806 4515//1806 4594//1806
f 4558//1806 4516//1806 4515//1806
f 4594//1806 4515//1806 4510//1806
f 4547//1806 4595//1806 4550//1806
f 4595//1806 4512//1806 4550//1806
f 4595//1806 4510//1806 4512//1806
f 4550//1806 4512//1806 4513//1806
f 4527//1807 4592//1807 4581//1807
f 4592//1806 4596//1806 4581//1806
f 4592//1806 4589//1806 4596//1806
f 4581//1811 4596//1811 4580//1811
f 4589//1806 4597//1806 4596//1806
f 4597//1811 4598//1811 4596//1811
f 4597//1806 4564//1806 4598//1806
f 4596//1806 4598//1806 4580//1806
f 4589//1806 4591//1806 4597//1806
f 4591//1806 4569//1806 4597//1806
f 4591//1806 4571//1806 4569//1806
f 4597//1813 4569//1813 4564//1813
f 4580//1806 4598//1806 4583//1806
f 4598//1807 4561//1807 4583//1807
f 4598//1808 4564//1808 4561//1808
f 4583//1807 4561//1807 4560//1807
f 1//1806 4575//1806 4599//1806
f 4575//1806 4600//1806 4599//1806
f 4575//1806 4577//1806 4600//1806
f 4599//1806 4600//1806 4601//1806
f 4577//1806 4602//1806 4600//1806
f 4602//1808 4603//1808 4600//1808
f 4602//1808 4565//1808 4603//1808
f 4600//1806 4603//1806 4601//1806
f 4577//1806 4582//1806 4602//1806
f 4582//1806 4562//1806 4602//1806
f 4582//1806 4560//1806 4562//1806
f 4602//1806 4562//1806 4565//1806
f 4601//1806 4603//1806 4604//1806
f 4603//1806 4572//1806 4604//1806
f 4603//1806 4565//1806 4572//1806
f 4604//1806 4572//1806 4574//1806
f 1657//1814 4605//1814 4606//1814
f 4605//1815 4607//1815 4606//1815
f 4605//1812 4608//1812 4607//1812
f 4606//1815 4607//1815 4609//1815
f 4608//1807 4610//1807 4607//1807
f 4610//1808 4611//1808 4607//1808
f 4610//1816 4506//1816 4611//1816
f 4607//1817 4611//1817 4609//1817
f 4608//1815 4612//1815 4610//1815
f 4612//1818 4511//1818 4610//1818
f 4612//1816 4513//1816 4511//1816
f 4610//1818 4511//1818 4506//1818
f 4609//1817 4611//1817 4613//1817
f 4611//1814 4503//1814 4613//1814
f 4611//1819 4506//1819 4503//1819
f 4613//1818 4503//1818 1711//1818
f 1628//1806 4542//1806 1654//1806
f 4542//1806 4614//1806 1654//1806
f 4542//1806 4544//1806 4614//1806
f 1654//1806 4614//1806 1653//1806
f 4544//1806 4615//1806 4614//1806
f 4615//1806 4616//1806 4614//1806
f 4615//1806 4608//1806 4616//1806
f 4614//1806 4616//1806 1653//1806
f 4544//1820 4549//1820 4615//1820
f 4549//1806 4612//1806 4615//1806
f 4549//1807 4513//1807 4612//1807
f 4615//1806 4612//1806 4608//1806
f 1653//1806 4616//1806 1656//1806
f 4616//1812 4605//1812 1656//1812
f 4616//1821 4608//1821 4605//1821
f 1656//1812 4605//1812 1657//1812
f 41//1806 39//1806 4617//1806
f 39//1811 4618//1811 4617//1811
f 39//1811 34//1811 4618//1811
f 4617//1806 4618//1806 4619//1806
f 34//1806 4620//1806 4618//1806
f 4620//1806 4621//1806 4618//1806
f 4620//1806 4601//1806 4621//1806
f 4618//1806 4621//1806 4619//1806
f 34//1806 31//1806 4620//1806
f 31//1806 4599//1806 4620//1806
f 31//1806 1//1806 4599//1806
f 4620//1806 4599//1806 4601//1806
f 4619//1806 4621//1806 4622//1806
f 4621//1806 4604//1806 4622//1806
f 4621//1806 4601//1806 4604//1806
f 4622//1806 4604//1806 4574//1806
f 3864//1806 3866//1806 4551//1806
f 3866//1806 4623//1806 4551//1806
f 3866//1806 3869//1806 4623//1806
f 4551//1806 4623//1806 4553//1806
f 3869//1808 4624//1808 4623//1808
f 4624//1806 4625//1806 4623//1806
f 4624//1806 4507//1806 4625//1806
f 4623//1806 4625//1806 4553//1806
f 3869//1808 3873//1808 4624//1808
f 3873//1806 4504//1806 4624//1806
f 3873//1806 1711//1806 4504//1806
f 4624//1806 4504//1806 4507//1806
f 4553//1806 4625//1806 4557//1806
f 4625//1806 4514//1806 4557//1806
f 4625//1806 4507//1806 4514//1806
f 4557//1808 4514//1808 4516//1808
f 1628//1814 1642//1814 4584//1814
f 1642//1812 4626//1812 4584//1812
f 1642//1806 1644//1806 4626//1806
f 4584//1812 4626//1812 4586//1812
f 1644//1806 4627//1806 4626//1806
f 4627//1822 4628//1822 4626//1822
f 4627//1807 4629//1807 4628//1807
f 4626//1812 4628//1812 4586//1812
f 1644//1806 1647//1806 4627//1806
f 1647//1806 4630//1806 4627//1806
f 1647//1806 1598//1806 4630//1806
f 4627//1806 4630//1806 4629//1806
f 4586//1806 4628//1806 4590//1806
f 4628//1806 4631//1806 4590//1806
f 4628//1807 4629//1807 4631//1807
f 4590//1806 4631//1806 4571//1806
f 1657//1823 4606//1823 1685//1823
f 4606//1815 4632//1815 1685//1815
f 4606//1815 4609//1815 4632//1815
f 1685//1812 4632//1812 1684//1812
f 4609//1813 4633//1813 4632//1813
f 4633//1812 4634//1812 4632//1812
f 4633//1815 1741//1815 4634//1815
f 4632//1812 4634//1812 1684//1812
f 4609//1810 4613//1810 4633//1810
f 4613//1812 1744//1812 4633//1812
f 4613//1813 1711//1813 1744//1813
f 4633//1815 1744//1815 1741//1815
f 1684//1810 4634//1810 1686//1810
f 4634//1812 1739//1812 1686//1812
f 4634//1812 1741//1812 1739//1812
f 1686//1815 1739//1815 1671//1815
f 1598//1806 4635//1806 4630//1806
f 4635//1806 4636//1806 4630//1806
f 4635//1806 4637//1806 4636//1806
f 4630//1806 4636//1806 4629//1806
f 4637//1806 4638//1806 4636//1806
f 4638//1806 4639//1806 4636//1806
f 4638//1806 4568//1806 4639//1806
f 4636//1806 4639//1806 4629//1806
f 4637//1806 4640//1806 4638//1806
f 4640//1806 4573//1806 4638//1806
f 4640//1806 4574//1806 4573//1806
f 4638//1806 4573//1806 4568//1806
f 4629//1807 4639//1807 4631//1807
f 4639//1806 4570//1806 4631//1806
f 4639//1806 4568//1806 4570//1806
f 4631//1806 4570//1806 4571//1806
f 41//1806 4617//1806 1590//1806
f 4617//1806 4641//1806 1590//1806
f 4617//1806 4619//1806 4641//1806
f 1590//1806 4641//1806 1592//1806
f 4619//1806 4642//1806 4641//1806
f 4642//1806 4643//1806 4641//1806
f 4642//1806 4637//1806 4643//1806
f 4641//1806 4643//1806 1592//1806
f 4619//1806 4622//1806 4642//1806
f 4622//1806 4640//1806 4642//1806
f 4622//1806 4574//1806 4640//1806
f 4642//1807 4640//1807 4637//1807
f 1592//1806 4643//1806 1596//1806
f 4643//1806 4635//1806 1596//1806
f 4643//1806 4637//1806 4635//1806
f 1596//1806 4635//1806 1598//1806
f 860//1824 4644//1824 4645//1824
f 4644//1824 4646//1824 4645//1824
f 4644//1824 4647//1824 4646//1824
f 4645//1824 4646//1824 4648//1824
f 4647//1824 4649//1824 4646//1824
f 4649//1824 4650//1824 4646//1824
f 4649//1824 4651//1824 4650//1824
f 4646//1824 4650//1824 4648//1824
f 4647//1824 4652//1824 4649//1824
f 4652//1824 4653//1824 4649//1824
f 4652//1824 4654//1824 4653//1824
f 4649//1824 4653//1824 4651//1824
f 4648//1824 4650//1824 4655//1824
f 4650//1824 4656//1824 4655//1824
f 4650//1824 4651//1824 4656//1824
f 4655//1824 4656//1824 2220//1824
f 16//1824 4657//1824 4658//1824
f 4657//1824 4659//1824 4658//1824
f 4657//1824 4660//1824 4659//1824
f 4658//1824 4659//1824 4661//1824
f 4660//1824 4662//1824 4659//1824
f 4662//1824 4663//1824 4659//1824
f 4662//1824 4664//1824 4663//1824
f 4659//1824 4663//1824 4661//1824
f 4660//1824 4665//1824 4662//1824
f 4665//1824 4666//1824 4662//1824
f 4665//1824 4667//1824 4666//1824
f 4662//1824 4666//1824 4664//1824
f 4661//1824 4663//1824 4668//1824
f 4663//1824 4669//1824 4668//1824
f 4663//1824 4664//1824 4669//1824
f 4668//1824 4669//1824 4670//1824
f 4407//1824 4671//1824 4406//1824
f 4671//1824 4672//1824 4406//1824
f 4671//1824 4673//1824 4672//1824
f 4406//1824 4672//1824 4404//1824
f 4673//1824 4674//1824 4672//1824
f 4674//1824 4675//1824 4672//1824
f 4674//1824 4676//1824 4675//1824
f 4672//1824 4675//1824 4404//1824
f 4673//1824 4677//1824 4674//1824
f 4677//1824 4678//1824 4674//1824
f 4677//1824 4667//1824 4678//1824
f 4674//1824 4678//1824 4676//1824
f 4404//1824 4675//1824 4408//1824
f 4675//1824 4679//1824 4408//1824
f 4675//1824 4676//1824 4679//1824
f 4408//1824 4679//1824 3190//1824
f 2336//1824 4680//1824 4681//1824
f 4680//1824 4682//1824 4681//1824
f 4680//1824 4683//1824 4682//1824
f 4681//1824 4682//1824 4684//1824
f 4683//1824 4685//1824 4682//1824
f 4685//1824 4686//1824 4682//1824
f 4685//1824 4687//1824 4686//1824
f 4682//1824 4686//1824 4684//1824
f 4683//1824 4688//1824 4685//1824
f 4688//1824 4689//1824 4685//1824
f 4688//1824 4654//1824 4689//1824
f 4685//1824 4689//1824 4687//1824
f 4684//1824 4686//1824 4690//1824
f 4686//1824 4691//1824 4690//1824
f 4686//1824 4687//1824 4691//1824
f 4690//1824 4691//1824 4692//1824
f 2059//1824 4693//1824 4694//1824
f 4693//1824 4695//1824 4694//1824
f 4693//1824 4696//1824 4695//1824
f 4694//1824 4695//1824 4697//1824
f 4696//1824 4698//1824 4695//1824
f 4698//1824 4699//1824 4695//1824
f 4698//1824 4700//1824 4699//1824
f 4695//1824 4699//1824 4697//1824
f 4696//1824 4701//1824 4698//1824
f 4701//1824 4702//1824 4698//1824
f 4701//1824 4703//1824 4702//1824
f 4698//1824 4702//1824 4700//1824
f 4697//1824 4699//1824 4704//1824
f 4699//1824 4705//1824 4704//1824
f 4699//1824 4700//1824 4705//1824
f 4704//1824 4705//1824 3158//1824
f 4706//1824 4707//1824 4708//1824
f 4707//1824 4709//1824 4708//1824
f 4707//1824 4710//1824 4709//1824
f 4708//1824 4709//1824 4711//1824
f 4710//1824 4712//1824 4709//1824
f 4712//1824 4713//1824 4709//1824
f 4712//1824 4714//1824 4713//1824
f 4709//1824 4713//1824 4711//1824
f 4710//1824 4715//1824 4712//1824
f 4715//1824 4716//1824 4712//1824
f 4715//1824 4717//1824 4716//1824
f 4712//1824 4716//1824 4714//1824
f 4711//1824 4713//1824 4718//1824
f 4713//1824 4719//1824 4718//1824
f 4713//1824 4714//1824 4719//1824
f 4718//1824 4719//1824 4720//1824
f 3787//1824 4721//1824 4722//1824
f 4721//1824 4723//1824 4722//1824
f 4721//1824 4724//1824 4723//1824
f 4722//1824 4723//1824 4725//1824
f 4724//1824 4726//1824 4723//1824
f 4726//1824 4727//1824 4723//1824
f 4726//1824 4728//1824 4727//1824
f 4723//1824 4727//1824 4725//1824
f 4724//1824 4729//1824 4726//1824
f 4729//1824 4730//1824 4726//1824
f 4729//1824 4717//1824 4730//1824
f 4726//1824 4730//1824 4728//1824
f 4725//1824 4727//1824 4731//1824
f 4727//1824 4732//1824 4731//1824
f 4727//1824 4728//1824 4732//1824
f 4731//1824 4732//1824 4733//1824
f 4734//1824 4735//1824 4736//1824
f 4735//1824 4737//1824 4736//1824
f 4735//1824 4738//1824 4737//1824
f 4736//1824 4737//1824 4739//1824
f 4738//1824 4740//1824 4737//1824
f 4740//1824 4741//1824 4737//1824
f 4740//1824 4742//1824 4741//1824
f 4737//1824 4741//1824 4739//1824
f 4738//1824 4743//1824 4740//1824
f 4743//1824 4744//1824 4740//1824
f 4743//1824 4692//1824 4744//1824
f 4740//1824 4744//1824 4742//1824
f 4739//1824 4741//1824 4745//1824
f 4741//1824 4746//1824 4745//1824
f 4741//1824 4742//1824 4746//1824
f 4745//1824 4746//1824 4747//1824
f 4706//1824 4748//1824 4707//1824
f 4748//1824 4749//1824 4707//1824
f 4748//1824 4750//1824 4749//1824
f 4707//1824 4749//1824 4710//1824
f 4750//1824 4751//1824 4749//1824
f 4751//1824 4752//1824 4749//1824
f 4751//1824 4728//1824 4752//1824
f 4749//1824 4752//1824 4710//1824
f 4750//1824 4753//1824 4751//1824
f 4753//1824 4732//1824 4751//1824
f 4753//1824 4733//1824 4732//1824
f 4751//1824 4732//1824 4728//1824
f 4710//1824 4752//1824 4715//1824
f 4752//1824 4730//1824 4715//1824
f 4752//1824 4728//1824 4730//1824
f 4715//1824 4730//1824 4717//1824
f 4754//1824 4755//1824 4756//1824
f 4755//1824 4757//1824 4756//1824
f 4755//1824 4758//1824 4757//1824
f 4756//1824 4757//1824 4759//1824
f 4758//1824 4760//1824 4757//1824
f 4760//1824 4761//1824 4757//1824
f 4760//1824 4762//1824 4761//1824
f 4757//1824 4761//1824 4759//1824
f 4758//1824 4763//1824 4760//1824
f 4763//1824 4764//1824 4760//1824
f 4763//1824 4765//1824 4764//1824
f 4760//1824 4764//1824 4762//1824
f 4759//1824 4761//1824 4766//1824
f 4761//1824 4767//1824 4766//1824
f 4761//1824 4762//1824 4767//1824
f 4766//1824 4767//1824 4768//1824
f 4407//1824 4769//1824 4671//1824
f 4769//1824 4770//1824 4671//1824
f 4769//1824 4771//1824 4770//1824
f 4671//1824 4770//1824 4673//1824
f 4771//1824 4772//1824 4770//1824
f 4772//1824 4773//1824 4770//1824
f 4772//1824 4774//1824 4773//1824
f 4770//1824 4773//1824 4673//1824
f 4771//1824 4775//1824 4772//1824
f 4775//1824 4776//1824 4772//1824
f 4775//1824 4777//1824 4776//1824
f 4772//1824 4776//1824 4774//1824
f 4673//1824 4773//1824 4677//1824
f 4773//1824 4778//1824 4677//1824
f 4773//1824 4774//1824 4778//1824
f 4677//1824 4778//1824 4667//1824
f 1668//1824 4779//1824 4780//1824
f 4779//1824 4781//1824 4780//1824
f 4779//1824 4782//1824 4781//1824
f 4780//1824 4781//1824 4783//1824
f 4782//1824 4784//1824 4781//1824
f 4784//1824 4785//1824 4781//1824
f 4784//1824 4786//1824 4785//1824
f 4781//1824 4785//1824 4783//1824
f 4782//1824 4787//1824 4784//1824
f 4787//1824 4788//1824 4784//1824
f 4787//1824 4789//1824 4788//1824
f 4784//1824 4788//1824 4786//1824
f 4783//1824 4785//1824 4790//1824
f 4785//1824 4791//1824 4790//1824
f 4785//1824 4786//1824 4791//1824
f 4790//1824 4791//1824 4792//1824
f 4793//1824 4794//1824 4795//1824
f 4794//1824 4796//1824 4795//1824
f 4794//1824 4797//1824 4796//1824
f 4795//1824 4796//1824 4798//1824
f 4797//1824 4799//1824 4796//1824
f 4799//1824 4800//1824 4796//1824
f 4799//1824 4801//1824 4800//1824
f 4796//1824 4800//1824 4798//1824
f 4797//1824 4802//1824 4799//1824
f 4802//1824 4803//1824 4799//1824
f 4802//1824 4804//1824 4803//1824
f 4799//1824 4803//1824 4801//1824
f 4798//1824 4800//1824 4805//1824
f 4800//1824 4806//1824 4805//1824
f 4800//1824 4801//1824 4806//1824
f 4805//1824 4806//1824 4807//1824
f 4808//1824 4809//1824 4810//1824
f 4809//1824 4811//1824 4810//1824
f 4809//1824 4812//1824 4811//1824
f 4810//1824 4811//1824 4813//1824
f 4812//1824 4814//1824 4811//1824
f 4814//1824 4815//1824 4811//1824
f 4814//1824 4816//1824 4815//1824
f 4811//1824 4815//1824 4813//1824
f 4812//1824 4817//1824 4814//1824
f 4817//1824 4818//1824 4814//1824
f 4817//1824 4819//1824 4818//1824
f 4814//1824 4818//1824 4816//1824
f 4813//1824 4815//1824 4820//1824
f 4815//1824 4821//1824 4820//1824
f 4815//1824 4816//1824 4821//1824
f 4820//1824 4821//1824 4822//1824
f 2220//1824 4656//1824 2333//1824
f 4656//1824 4823//1824 2333//1824
f 4656//1824 4651//1824 4823//1824
f 2333//1824 4823//1824 2332//1824
f 4651//1824 4824//1824 4823//1824
f 4824//1824 4825//1824 4823//1824
f 4824//1824 4683//1824 4825//1824
f 4823//1824 4825//1824 2332//1824
f 4651//1824 4653//1824 4824//1824
f 4653//1824 4688//1824 4824//1824
f 4653//1824 4654//1824 4688//1824
f 4824//1824 4688//1824 4683//1824
f 2332//1824 4825//1824 2335//1824
f 4825//1824 4680//1824 2335//1824
f 4825//1824 4683//1824 4680//1824
f 2335//1824 4680//1824 2336//1824
f 16//1824 4658//1824 52//1824
f 4658//1824 4826//1824 52//1824
f 4658//1824 4661//1824 4826//1824
f 52//1824 4826//1824 48//1824
f 4661//1824 4827//1824 4826//1824
f 4827//1824 4828//1824 4826//1824
f 4827//1824 4829//1824 4828//1824
f 4826//1824 4828//1824 48//1824
f 4661//1824 4668//1824 4827//1824
f 4668//1824 4830//1824 4827//1824
f 4668//1824 4670//1824 4830//1824
f 4827//1824 4830//1824 4829//1824
f 48//1824 4828//1824 45//1824
f 4828//1824 4831//1824 45//1824
f 4828//1824 4829//1824 4831//1824
f 45//1824 4831//1824 12//1824
f 359//1824 358//1824 4832//1824
f 358//1824 4833//1824 4832//1824
f 358//1824 354//1824 4833//1824
f 4832//1824 4833//1824 4834//1824
f 354//1824 4835//1824 4833//1824
f 4835//1824 4836//1824 4833//1824
f 4835//1824 4837//1824 4836//1824
f 4833//1824 4836//1824 4834//1824
f 354//1824 356//1824 4835//1824
f 356//1824 4838//1824 4835//1824
f 356//1824 294//1824 4838//1824
f 4835//1824 4838//1824 4837//1824
f 4834//1824 4836//1824 4839//1824
f 4836//1824 4840//1824 4839//1824
f 4836//1824 4837//1824 4840//1824
f 4839//1824 4840//1824 4765//1824
f 4841//1824 4842//1824 4843//1824
f 4842//1824 4844//1824 4843//1824
f 4842//1824 4845//1824 4844//1824
f 4843//1824 4844//1824 4846//1824
f 4845//1824 4847//1824 4844//1824
f 4847//1824 4848//1824 4844//1824
f 4847//1824 4759//1824 4848//1824
f 4844//1824 4848//1824 4846//1824
f 4845//1824 4849//1824 4847//1824
f 4849//1824 4756//1824 4847//1824
f 4849//1824 4754//1824 4756//1824
f 4847//1824 4756//1824 4759//1824
f 4846//1824 4848//1824 4850//1824
f 4848//1824 4766//1824 4850//1824
f 4848//1824 4759//1824 4766//1824
f 4850//1824 4766//1824 4768//1824
f 4851//1824 4852//1824 4853//1824
f 4852//1824 4854//1824 4853//1824
f 4852//1824 4855//1824 4854//1824
f 4853//1824 4854//1824 4856//1824
f 4855//1824 4857//1824 4854//1824
f 4857//1824 4858//1824 4854//1824
f 4857//1824 4859//1824 4858//1824
f 4854//1824 4858//1824 4856//1824
f 4855//1824 4860//1824 4857//1824
f 4860//1824 4861//1824 4857//1824
f 4860//1824 4789//1824 4861//1824
f 4857//1824 4861//1824 4859//1824
f 4856//1824 4858//1824 4862//1824
f 4858//1824 4863//1824 4862//1824
f 4858//1824 4859//1824 4863//1824
f 4862//1824 4863//1824 4864//1824
f 4793//1824 4865//1824 4794//1824
f 4865//1824 4866//1824 4794//1824
f 4865//1824 4867//1824 4866//1824
f 4794//1824 4866//1824 4797//1824
f 4867//1824 4868//1824 4866//1824
f 4868//1824 4869//1824 4866//1824
f 4868//1824 4870//1824 4869//1824
f 4866//1824 4869//1824 4797//1824
f 4867//1824 4871//1824 4868//1824
f 4871//1824 4872//1824 4868//1824
f 4871//1824 4720//1824 4872//1824
f 4868//1824 4872//1824 4870//1824
f 4797//1824 4869//1824 4802//1824
f 4869//1824 4873//1824 4802//1824
f 4869//1824 4870//1824 4873//1824
f 4802//1824 4873//1824 4804//1824
f 3676//1824 4874//1824 3686//1824
f 4874//1824 4875//1824 3686//1824
f 4874//1824 4876//1824 4875//1824
f 3686//1824 4875//1824 3688//1824
f 4876//1824 4877//1824 4875//1824
f 4877//1824 4878//1824 4875//1824
f 4877//1824 4879//1824 4878//1824
f 4875//1824 4878//1824 3688//1824
f 4876//1824 4880//1824 4877//1824
f 4880//1824 4881//1824 4877//1824
f 4880//1824 4882//1824 4881//1824
f 4877//1824 4881//1824 4879//1824
f 3688//1824 4878//1824 3692//1824
f 4878//1824 4883//1824 3692//1824
f 4878//1824 4879//1824 4883//1824
f 3692//1824 4883//1824 3694//1824
f 294//1824 4884//1824 4838//1824
f 4884//1824 4885//1824 4838//1824
f 4884//1824 4886//1824 4885//1824
f 4838//1824 4885//1824 4837//1824
f 4886//1824 4887//1824 4885//1824
f 4887//1824 4888//1824 4885//1824
f 4887//1824 4762//1824 4888//1824
f 4885//1824 4888//1824 4837//1824
f 4886//1824 4889//1824 4887//1824
f 4889//1824 4767//1824 4887//1824
f 4889//1824 4768//1824 4767//1824
f 4887//1824 4767//1824 4762//1824
f 4837//1824 4888//1824 4840//1824
f 4888//1824 4764//1824 4840//1824
f 4888//1824 4762//1824 4764//1824
f 4840//1824 4764//1824 4765//1824
f 283//1824 4890//1824 284//1824
f 4890//1824 4891//1824 284//1824
f 4890//1824 4892//1824 4891//1824
f 284//1824 4891//1824 287//1824
f 4892//1824 4893//1824 4891//1824
f 4893//1824 4894//1824 4891//1824
f 4893//1824 4886//1824 4894//1824
f 4891//1824 4894//1824 287//1824
f 4892//1824 4895//1824 4893//1824
f 4895//1824 4889//1824 4893//1824
f 4895//1824 4768//1824 4889//1824
f 4893//1824 4889//1824 4886//1824
f 287//1824 4894//1824 292//1824
f 4894//1824 4884//1824 292//1824
f 4894//1824 4886//1824 4884//1824
f 292//1824 4884//1824 294//1824
f 4734//1824 4736//1824 4896//1824
f 4736//1824 4897//1824 4896//1824
f 4736//1824 4739//1824 4897//1824
f 4896//1824 4897//1824 4898//1824
f 4739//1824 4899//1824 4897//1824
f 4899//1824 4900//1824 4897//1824
f 4899//1824 4901//1824 4900//1824
f 4897//1824 4900//1824 4898//1824
f 4739//1824 4745//1824 4899//1824
f 4745//1824 4902//1824 4899//1824
f 4745//1824 4747//1824 4902//1824
f 4899//1824 4902//1824 4901//1824
f 4898//1824 4900//1824 4903//1824
f 4900//1824 4904//1824 4903//1824
f 4900//1824 4901//1824 4904//1824
f 4903//1824 4904//1824 4905//1824
f 4734//1824 4896//1824 4906//1824
f 4896//1824 4907//1824 4906//1824
f 4896//1824 4898//1824 4907//1824
f 4906//1824 4907//1824 4908//1824
f 4898//1824 4909//1824 4907//1824
f 4909//1824 4910//1824 4907//1824
f 4909//1824 4911//1824 4910//1824
f 4907//1824 4910//1824 4908//1824
f 4898//1824 4903//1824 4909//1824
f 4903//1824 4912//1824 4909//1824
f 4903//1824 4905//1824 4912//1824
f 4909//1824 4912//1824 4911//1824
f 4908//1824 4910//1824 4913//1824
f 4910//1824 4914//1824 4913//1824
f 4910//1824 4911//1824 4914//1824
f 4913//1824 4914//1824 4915//1824
f 4196//1824 4916//1824 4199//1824
f 4916//1824 4917//1824 4199//1824
f 4916//1824 4918//1824 4917//1824
f 4199//1824 4917//1824 4201//1824
f 4918//1824 4919//1824 4917//1824
f 4919//1824 4920//1824 4917//1824
f 4919//1824 4921//1824 4920//1824
f 4917//1824 4920//1824 4201//1824
f 4918//1824 4922//1824 4919//1824
f 4922//1824 4923//1824 4919//1824
f 4922//1824 4924//1824 4923//1824
f 4919//1824 4923//1824 4921//1824
f 4201//1824 4920//1824 4204//1824
f 4920//1824 4925//1824 4204//1824
f 4920//1824 4921//1824 4925//1824
f 4204//1824 4925//1824 1849//1824
f 4926//1824 4927//1824 4928//1824
f 4927//1824 4929//1824 4928//1824
f 4927//1824 4930//1824 4929//1824
f 4928//1824 4929//1824 4931//1824
f 4930//1824 4932//1824 4929//1824
f 4932//1824 4933//1824 4929//1824
f 4932//1824 4911//1824 4933//1824
f 4929//1824 4933//1824 4931//1824
f 4930//1824 4934//1824 4932//1824
f 4934//1824 4914//1824 4932//1824
f 4934//1824 4915//1824 4914//1824
f 4932//1824 4914//1824 4911//1824
f 4931//1824 4933//1824 4935//1824
f 4933//1824 4912//1824 4935//1824
f 4933//1824 4911//1824 4912//1824
f 4935//1824 4912//1824 4905//1824
f 4851//1824 4936//1824 4852//1824
f 4936//1824 4937//1824 4852//1824
f 4936//1824 4938//1824 4937//1824
f 4852//1824 4937//1824 4855//1824
f 4938//1824 4939//1824 4937//1824
f 4939//1824 4940//1824 4937//1824
f 4939//1824 4786//1824 4940//1824
f 4937//1824 4940//1824 4855//1824
f 4938//1824 4941//1824 4939//1824
f 4941//1824 4791//1824 4939//1824
f 4941//1824 4792//1824 4791//1824
f 4939//1824 4791//1824 4786//1824
f 4855//1824 4940//1824 4860//1824
f 4940//1824 4788//1824 4860//1824
f 4940//1824 4786//1824 4788//1824
f 4860//1824 4788//1824 4789//1824
f 4808//1824 4942//1824 4809//1824
f 4942//1824 4943//1824 4809//1824
f 4942//1824 4944//1824 4943//1824
f 4809//1824 4943//1824 4812//1824
f 4944//1824 4945//1824 4943//1824
f 4945//1824 4946//1824 4943//1824
f 4945//1824 4947//1824 4946//1824
f 4943//1824 4946//1824 4812//1824
f 4944//1824 4948//1824 4945//1824
f 4948//1824 4949//1824 4945//1824
f 4948//1824 4864//1824 4949//1824
f 4945//1824 4949//1824 4947//1824
f 4812//1824 4946//1824 4817//1824
f 4946//1824 4950//1824 4817//1824
f 4946//1824 4947//1824 4950//1824
f 4817//1824 4950//1824 4819//1824
f 15//1824 4951//1824 4952//1824
f 4951//1824 4953//1824 4952//1824
f 4951//1824 4954//1824 4953//1824
f 4952//1824 4953//1824 4955//1824
f 4954//1824 4956//1824 4953//1824
f 4956//1824 4957//1824 4953//1824
f 4956//1824 4892//1824 4957//1824
f 4953//1824 4957//1824 4955//1824
f 4954//1824 4958//1824 4956//1824
f 4958//1824 4895//1824 4956//1824
f 4958//1824 4768//1824 4895//1824
f 4956//1824 4895//1824 4892//1824
f 4955//1824 4957//1824 4959//1824
f 4957//1824 4890//1824 4959//1824
f 4957//1824 4892//1824 4890//1824
f 4959//1824 4890//1824 283//1824
f 4960//1824 4961//1824 4962//1824
f 4961//1824 4963//1824 4962//1824
f 4961//1824 4964//1824 4963//1824
f 4962//1824 4963//1824 4965//1824
f 4964//1824 4966//1824 4963//1824
f 4966//1824 4967//1824 4963//1824
f 4966//1824 4901//1824 4967//1824
f 4963//1824 4967//1824 4965//1824
f 4964//1824 4968//1824 4966//1824
f 4968//1824 4904//1824 4966//1824
f 4968//1824 4905//1824 4904//1824
f 4966//1824 4904//1824 4901//1824
f 4965//1824 4967//1824 4969//1824
f 4967//1824 4902//1824 4969//1824
f 4967//1824 4901//1824 4902//1824
f 4969//1824 4902//1824 4747//1824
f 4407//1824 4442//1824 4769//1824
f 4442//1824 4970//1824 4769//1824
f 4442//1824 4445//1824 4970//1824
f 4769//1824 4970//1824 4771//1824
f 4445//1824 4971//1824 4970//1824
f 4971//1824 4972//1824 4970//1824
f 4971//1824 4973//1824 4972//1824
f 4970//1824 4972//1824 4771//1824
f 4445//1824 4449//1824 4971//1824
f 4449//1824 4974//1824 4971//1824
f 4449//1824 3158//1824 4974//1824
f 4971//1824 4974//1824 4973//1824
f 4771//1824 4972//1824 4775//1824
f 4972//1824 4975//1824 4775//1824
f 4972//1824 4973//1824 4975//1824
f 4775//1824 4975//1824 4777//1824
f 4841//1824 4976//1824 4977//1824
f 4976//1824 4978//1824 4977//1824
f 4976//1824 4979//1824 4978//1824
f 4977//1824 4978//1824 4980//1824
f 4979//1824 4981//1824 4978//1824
f 4981//1824 4982//1824 4978//1824
f 4981//1824 4774//1824 4982//1824
f 4978//1824 4982//1824 4980//1824
f 4979//1824 4983//1824 4981//1824
f 4983//1824 4778//1824 4981//1824
f 4983//1824 4667//1824 4778//1824
f 4981//1824 4778//1824 4774//1824
f 4980//1824 4982//1824 4984//1824
f 4982//1824 4776//1824 4984//1824
f 4982//1824 4774//1824 4776//1824
f 4984//1824 4776//1824 4777//1824
f 2552//1824 2554//1824 4985//1824
f 2554//1824 4986//1824 4985//1824
f 2554//1824 2557//1824 4986//1824
f 4985//1824 4986//1824 4987//1824
f 2557//1824 4988//1824 4986//1824
f 4988//1824 4989//1824 4986//1824
f 4988//1824 4990//1824 4989//1824
f 4986//1824 4989//1824 4987//1824
f 2557//1824 2561//1824 4988//1824
f 2561//1824 4991//1824 4988//1824
f 2561//1824 2412//1824 4991//1824
f 4988//1824 4991//1824 4990//1824
f 4987//1824 4989//1824 4992//1824
f 4989//1824 4993//1824 4992//1824
f 4989//1824 4990//1824 4993//1824
f 4992//1824 4993//1824 4994//1824
f 15//1824 14//1824 4995//1824
f 14//1824 4996//1824 4995//1824
f 14//1824 9//1824 4996//1824
f 4995//1824 4996//1824 4997//1824
f 9//1824 4998//1824 4996//1824
f 4998//1824 4999//1824 4996//1824
f 4998//1824 4829//1824 4999//1824
f 4996//1824 4999//1824 4997//1824
f 9//1824 11//1824 4998//1824
f 11//1824 4831//1824 4998//1824
f 11//1824 12//1824 4831//1824
f 4998//1824 4831//1824 4829//1824
f 4997//1824 4999//1824 5000//1824
f 4999//1824 4830//1824 5000//1824
f 4999//1824 4829//1824 4830//1824
f 5000//1824 4830//1824 4670//1824
f 1849//1824 4925//1824 5001//1824
f 4925//1824 5002//1824 5001//1824
f 4925//1824 4921//1824 5002//1824
f 5001//1824 5002//1824 5003//1824
f 4921//1824 5004//1824 5002//1824
f 5004//1824 5005//1824 5002//1824
f 5004//1824 5006//1824 5005//1824
f 5002//1824 5005//1824 5003//1824
f 4921//1824 4923//1824 5004//1824
f 4923//1824 5007//1824 5004//1824
f 4923//1824 4924//1824 5007//1824
f 5004//1824 5007//1824 5006//1824
f 5003//1824 5005//1824 5008//1824
f 5005//1824 5009//1824 5008//1824
f 5005//1824 5006//1824 5009//1824
f 5008//1824 5009//1824 5010//1824
f 15//1824 4995//1824 4951//1824
f 4995//1824 5011//1824 4951//1824
f 4995//1824 4997//1824 5011//1824
f 4951//1824 5011//1824 4954//1824
f 4997//1824 5012//1824 5011//1824
f 5012//1824 5013//1824 5011//1824
f 5012//1824 5014//1824 5013//1824
f 5011//1824 5013//1824 4954//1824
f 4997//1824 5000//1824 5012//1824
f 5000//1824 5015//1824 5012//1824
f 5000//1824 4670//1824 5015//1824
f 5012//1824 5015//1824 5014//1824
f 4954//1824 5013//1824 4958//1824
f 5013//1824 5016//1824 4958//1824
f 5013//1824 5014//1824 5016//1824
f 4958//1824 5016//1824 4768//1824
f 5017//1824 5018//1824 5019//1824
f 5018//1824 5020//1824 5019//1824
f 5018//1824 5021//1824 5020//1824
f 5019//1824 5020//1824 5022//1824
f 5021//1824 5023//1824 5020//1824
f 5023//1824 5024//1824 5020//1824
f 5023//1824 5025//1824 5024//1824
f 5020//1824 5024//1824 5022//1824
f 5021//1824 5026//1824 5023//1824
f 5026//1824 5027//1824 5023//1824
f 5026//1824 5028//1824 5027//1824
f 5023//1824 5027//1824 5025//1824
f 5022//1824 5024//1824 5029//1824
f 5024//1824 5030//1824 5029//1824
f 5024//1824 5025//1824 5030//1824
f 5029//1824 5030//1824 4882//1824
f 3694//1824 4883//1824 5031//1824
f 4883//1824 5032//1824 5031//1824
f 4883//1824 4879//1824 5032//1824
f 5031//1824 5032//1824 5033//1824
f 4879//1824 5034//1824 5032//1824
f 5034//1824 5035//1824 5032//1824
f 5034//1824 5036//1824 5035//1824
f 5032//1824 5035//1824 5033//1824
f 4879//1824 4881//1824 5034//1824
f 4881//1824 5037//1824 5034//1824
f 4881//1824 4882//1824 5037//1824
f 5034//1824 5037//1824 5036//1824
f 5033//1824 5035//1824 5038//1824
f 5035//1824 5039//1824 5038//1824
f 5035//1824 5036//1824 5039//1824
f 5038//1824 5039//1824 5040//1824
f 4926//1824 5041//1824 5042//1824
f 5041//1824 5043//1824 5042//1824
f 5041//1824 5044//1824 5043//1824
f 5042//1824 5043//1824 5045//1824
f 5044//1824 5046//1824 5043//1824
f 5046//1824 5047//1824 5043//1824
f 5046//1824 5048//1824 5047//1824
f 5043//1824 5047//1824 5045//1824
f 5044//1824 5049//1824 5046//1824
f 5049//1824 5050//1824 5046//1824
f 5049//1824 5051//1824 5050//1824
f 5046//1824 5050//1824 5048//1824
f 5045//1824 5047//1824 5052//1824
f 5047//1824 5053//1824 5052//1824
f 5047//1824 5048//1824 5053//1824
f 5052//1824 5053//1824 4994//1824
f 4841//1824 4977//1824 4842//1824
f 4977//1824 5054//1824 4842//1824
f 4977//1824 4980//1824 5054//1824
f 4842//1824 5054//1824 4845//1824
f 4980//1824 5055//1824 5054//1824
f 5055//1824 5056//1824 5054//1824
f 5055//1824 5057//1824 5056//1824
f 5054//1824 5056//1824 4845//1824
f 4980//1824 4984//1824 5055//1824
f 4984//1824 5058//1824 5055//1824
f 4984//1824 4777//1824 5058//1824
f 5055//1824 5058//1824 5057//1824
f 4845//1824 5056//1824 4849//1824
f 5056//1824 5059//1824 4849//1824
f 5056//1824 5057//1824 5059//1824
f 4849//1824 5059//1824 4754//1824
f 2552//1824 4985//1824 5060//1824
f 4985//1824 5061//1824 5060//1824
f 4985//1824 4987//1824 5061//1824
f 5060//1824 5061//1824 5062//1824
f 4987//1824 5063//1824 5061//1824
f 5063//1824 5064//1824 5061//1824
f 5063//1824 5048//1824 5064//1824
f 5061//1824 5064//1824 5062//1824
f 4987//1824 4992//1824 5063//1824
f 4992//1824 5053//1824 5063//1824
f 4992//1824 4994//1824 5053//1824
f 5063//1824 5053//1824 5048//1824
f 5062//1824 5064//1824 5065//1824
f 5064//1824 5050//1824 5065//1824
f 5064//1824 5048//1824 5050//1824
f 5065//1824 5050//1824 5051//1824
f 4804//1824 4873//1824 5066//1824
f 4873//1824 5067//1824 5066//1824
f 4873//1824 4870//1824 5067//1824
f 5066//1824 5067//1824 5068//1824
f 4870//1824 5069//1824 5067//1824
f 5069//1824 5070//1824 5067//1824
f 5069//1824 4714//1824 5070//1824
f 5067//1824 5070//1824 5068//1824
f 4870//1824 4872//1824 5069//1824
f 4872//1824 4719//1824 5069//1824
f 4872//1824 4720//1824 4719//1824
f 5069//1824 4719//1824 4714//1824
f 5068//1824 5070//1824 5071//1824
f 5070//1824 4716//1824 5071//1824
f 5070//1824 4714//1824 4716//1824
f 5071//1824 4716//1824 4717//1824
f 359//1824 5072//1824 2050//1824
f 5072//1824 5073//1824 2050//1824
f 5072//1824 5074//1824 5073//1824
f 2050//1824 5073//1824 2046//1824
f 5074//1824 5075//1824 5073//1824
f 5075//1824 5076//1824 5073//1824
f 5075//1824 5077//1824 5076//1824
f 5073//1824 5076//1824 2046//1824
f 5074//1824 5078//1824 5075//1824
f 5078//1824 5079//1824 5075//1824
f 5078//1824 5080//1824 5079//1824
f 5075//1824 5079//1824 5077//1824
f 2046//1824 5076//1824 2043//1824
f 5076//1824 5081//1824 2043//1824
f 5076//1824 5077//1824 5081//1824
f 2043//1824 5081//1824 2041//1824
f 4754//1824 5059//1824 5082//1824
f 5059//1824 5083//1824 5082//1824
f 5059//1824 5057//1824 5083//1824
f 5082//1824 5083//1824 5084//1824
f 5057//1824 5085//1824 5083//1824
f 5085//1824 5086//1824 5083//1824
f 5085//1824 5087//1824 5086//1824
f 5083//1824 5086//1824 5084//1824
f 5057//1824 5058//1824 5085//1824
f 5058//1824 5088//1824 5085//1824
f 5058//1824 4777//1824 5088//1824
f 5085//1824 5088//1824 5087//1824
f 5084//1824 5086//1824 5089//1824
f 5086//1824 5090//1824 5089//1824
f 5086//1824 5087//1824 5090//1824
f 5089//1824 5090//1824 4703//1824
f 16//1824 5091//1824 4657//1824
f 5091//1824 5092//1824 4657//1824
f 5091//1824 5093//1824 5092//1824
f 4657//1824 5092//1824 4660//1824
f 5093//1824 5094//1824 5092//1824
f 5094//1824 5095//1824 5092//1824
f 5094//1824 4676//1824 5095//1824
f 5092//1824 5095//1824 4660//1824
f 5093//1824 5096//1824 5094//1824
f 5096//1824 4679//1824 5094//1824
f 5096//1824 3190//1824 4679//1824
f 5094//1824 4679//1824 4676//1824
f 4660//1824 5095//1824 4665//1824
f 5095//1824 4678//1824 4665//1824
f 5095//1824 4676//1824 4678//1824
f 4665//1824 4678//1824 4667//1824
f 5097//1824 5098//1824 5099//1824
f 5098//1824 5100//1824 5099//1824
f 5098//1824 5101//1824 5100//1824
f 5099//1824 5100//1824 5102//1824
f 5101//1824 5103//1824 5100//1824
f 5103//1824 5104//1824 5100//1824
f 5103//1824 5105//1824 5104//1824
f 5100//1824 5104//1824 5102//1824
f 5101//1824 5106//1824 5103//1824
f 5106//1824 5107//1824 5103//1824
f 5106//1824 5108//1824 5107//1824
f 5103//1824 5107//1824 5105//1824
f 5102//1824 5104//1824 5109//1824
f 5104//1824 5110//1824 5109//1824
f 5104//1824 5105//1824 5110//1824
f 5109//1824 5110//1824 4924//1824
f 359//1824 4832//1824 5072//1824
f 4832//1824 5111//1824 5072//1824
f 4832//1824 4834//1824 5111//1824
f 5072//1824 5111//1824 5074//1824
f 4834//1824 5112//1824 5111//1824
f 5112//1824 5113//1824 5111//1824
f 5112//1824 5114//1824 5113//1824
f 5111//1824 5113//1824 5074//1824
f 4834//1824 4839//1824 5112//1824
f 4839//1824 5115//1824 5112//1824
f 4839//1824 4765//1824 5115//1824
f 5112//1824 5115//1824 5114//1824
f 5074//1824 5113//1824 5078//1824
f 5113//1824 5116//1824 5078//1824
f 5113//1824 5114//1824 5116//1824
f 5078//1824 5116//1824 5080//1824
f 4926//1824 5042//1824 5117//1824
f 5042//1824 5118//1824 5117//1824
f 5042//1824 5045//1824 5118//1824
f 5117//1824 5118//1824 5119//1824
f 5045//1824 5120//1824 5118//1824
f 5120//1824 5121//1824 5118//1824
f 5120//1824 5122//1824 5121//1824
f 5118//1824 5121//1824 5119//1824
f 5045//1824 5052//1824 5120//1824
f 5052//1824 5123//1824 5120//1824
f 5052//1824 4994//1824 5123//1824
f 5120//1824 5123//1824 5122//1824
f 5119//1824 5121//1824 5124//1824
f 5121//1824 5125//1824 5124//1824
f 5121//1824 5122//1824 5125//1824
f 5124//1824 5125//1824 5126//1824
f 5127//1824 5128//1824 5129//1824
f 5128//1824 5130//1824 5129//1824
f 5128//1824 5131//1824 5130//1824
f 5129//1824 5130//1824 5132//1824
f 5131//1824 5133//1824 5130//1824
f 5133//1824 5134//1824 5130//1824
f 5133//1824 5025//1824 5134//1824
f 5130//1824 5134//1824 5132//1824
f 5131//1824 5135//1824 5133//1824
f 5135//1824 5030//1824 5133//1824
f 5135//1824 4882//1824 5030//1824
f 5133//1824 5030//1824 5025//1824
f 5132//1824 5134//1824 5136//1824
f 5134//1824 5027//1824 5136//1824
f 5134//1824 5025//1824 5027//1824
f 5136//1824 5027//1824 5028//1824
f 5017//1824 5019//1824 5137//1824
f 5019//1824 5138//1824 5137//1824
f 5019//1824 5022//1824 5138//1824
f 5137//1824 5138//1824 5139//1824
f 5022//1824 5140//1824 5138//1824
f 5140//1824 5141//1824 5138//1824
f 5140//1824 5142//1824 5141//1824
f 5138//1824 5141//1824 5139//1824
f 5022//1824 5029//1824 5140//1824
f 5029//1824 5143//1824 5140//1824
f 5029//1824 4882//1824 5143//1824
f 5140//1824 5143//1824 5142//1824
f 5139//1824 5141//1824 5144//1824
f 5141//1824 5145//1824 5144//1824
f 5141//1824 5142//1824 5145//1824
f 5144//1824 5145//1824 5146//1824
f 4819//1824 4950//1824 5147//1824
f 4950//1824 5148//1824 5147//1824
f 4950//1824 4947//1824 5148//1824
f 5147//1824 5148//1824 5149//1824
f 4947//1824 5150//1824 5148//1824
f 5150//1824 5151//1824 5148//1824
f 5150//1824 4859//1824 5151//1824
f 5148//1824 5151//1824 5149//1824
f 4947//1824 4949//1824 5150//1824
f 4949//1824 4863//1824 5150//1824
f 4949//1824 4864//1824 4863//1824
f 5150//1824 4863//1824 4859//1824
f 5149//1824 5151//1824 5152//1824
f 5151//1824 4861//1824 5152//1824
f 5151//1824 4859//1824 4861//1824
f 5152//1824 4861//1824 4789//1824
f 3676//1824 3678//1824 5153//1824
f 3678//1824 5154//1824 5153//1824
f 3678//1824 3681//1824 5154//1824
f 5153//1824 5154//1824 5155//1824
f 3681//1824 5156//1824 5154//1824
f 5156//1824 5157//1824 5154//1824
f 5156//1824 5158//1824 5157//1824
f 5154//1824 5157//1824 5155//1824
f 3681//1824 3685//1824 5156//1824
f 3685//1824 5159//1824 5156//1824
f 3685//1824 3561//1824 5159//1824
f 5156//1824 5159//1824 5158//1824
f 5155//1824 5157//1824 5160//1824
f 5157//1824 5161//1824 5160//1824
f 5157//1824 5158//1824 5161//1824
f 5160//1824 5161//1824 5146//1824
f 3787//1824 5162//1824 4721//1824
f 5162//1824 5163//1824 4721//1824
f 5162//1824 5164//1824 5163//1824
f 4721//1824 5163//1824 4724//1824
f 5164//1824 5165//1824 5163//1824
f 5165//1824 5166//1824 5163//1824
f 5165//1824 5068//1824 5166//1824
f 5163//1824 5166//1824 4724//1824
f 5164//1824 5167//1824 5165//1824
f 5167//1824 5066//1824 5165//1824
f 5167//1824 4804//1824 5066//1824
f 5165//1824 5066//1824 5068//1824
f 4724//1824 5166//1824 4729//1824
f 5166//1824 5071//1824 4729//1824
f 5166//1824 5068//1824 5071//1824
f 4729//1824 5071//1824 4717//1824
f 5168//1824 5169//1824 5170//1824
f 5169//1824 5171//1824 5170//1824
f 5169//1824 5172//1824 5171//1824
f 5170//1824 5171//1824 5173//1824
f 5172//1824 5174//1824 5171//1824
f 5174//1824 5175//1824 5171//1824
f 5174//1824 5105//1824 5175//1824
f 5171//1824 5175//1824 5173//1824
f 5172//1824 5176//1824 5174//1824
f 5176//1824 5110//1824 5174//1824
f 5176//1824 4924//1824 5110//1824
f 5174//1824 5110//1824 5105//1824
f 5173//1824 5175//1824 5177//1824
f 5175//1824 5107//1824 5177//1824
f 5175//1824 5105//1824 5107//1824
f 5177//1824 5107//1824 5108//1824
f 2059//1824 5178//1824 4693//1824
f 5178//1824 5179//1824 4693//1824
f 5178//1824 5180//1824 5179//1824
f 4693//1824 5179//1824 4696//1824
f 5180//1824 5181//1824 5179//1824
f 5181//1824 5182//1824 5179//1824
f 5181//1824 5183//1824 5182//1824
f 5179//1824 5182//1824 4696//1824
f 5180//1824 5184//1824 5181//1824
f 5184//1824 5185//1824 5181//1824
f 5184//1824 5186//1824 5185//1824
f 5181//1824 5185//1824 5183//1824
f 4696//1824 5182//1824 4701//1824
f 5182//1824 5187//1824 4701//1824
f 5182//1824 5183//1824 5187//1824
f 4701//1824 5187//1824 4703//1824
f 3676//1824 5153//1824 4874//1824
f 5153//1824 5188//1824 4874//1824
f 5153//1824 5155//1824 5188//1824
f 4874//1824 5188//1824 4876//1824
f 5155//1824 5189//1824 5188//1824
f 5189//1824 5190//1824 5188//1824
f 5189//1824 5142//1824 5190//1824
f 5188//1824 5190//1824 4876//1824
f 5155//1824 5160//1824 5189//1824
f 5160//1824 5145//1824 5189//1824
f 5160//1824 5146//1824 5145//1824
f 5189//1824 5145//1824 5142//1824
f 4876//1824 5190//1824 4880//1824
f 5190//1824 5143//1824 4880//1824
f 5190//1824 5142//1824 5143//1824
f 4880//1824 5143//1824 4882//1824
f 4692//1824 4691//1824 4744//1824
f 4691//1824 5191//1824 4744//1824
f 4691//1824 4687//1824 5191//1824
f 4744//1824 5191//1824 4742//1824
f 4687//1824 5192//1824 5191//1824
f 5192//1824 5193//1824 5191//1824
f 5192//1824 5194//1824 5193//1824
f 5191//1824 5193//1824 4742//1824
f 4687//1824 4689//1824 5192//1824
f 4689//1824 5195//1824 5192//1824
f 4689//1824 4654//1824 5195//1824
f 5192//1824 5195//1824 5194//1824
f 4742//1824 5193//1824 4746//1824
f 5193//1824 5196//1824 4746//1824
f 5193//1824 5194//1824 5196//1824
f 4746//1824 5196//1824 4747//1824
f 4841//1824 5197//1824 4976//1824
f 5197//1824 5198//1824 4976//1824
f 5197//1824 5199//1824 5198//1824
f 4976//1824 5198//1824 4979//1824
f 5199//1824 5200//1824 5198//1824
f 5200//1824 5201//1824 5198//1824
f 5200//1824 4664//1824 5201//1824
f 5198//1824 5201//1824 4979//1824
f 5199//1824 5202//1824 5200//1824
f 5202//1824 4669//1824 5200//1824
f 5202//1824 4670//1824 4669//1824
f 5200//1824 4669//1824 4664//1824
f 4979//1824 5201//1824 4983//1824
f 5201//1824 4666//1824 4983//1824
f 5201//1824 4664//1824 4666//1824
f 4983//1824 4666//1824 4667//1824
f 4110//1824 5203//1824 4186//1824
f 5203//1824 5204//1824 4186//1824
f 5203//1824 5205//1824 5204//1824
f 4186//1824 5204//1824 4189//1824
f 5205//1824 5206//1824 5204//1824
f 5206//1824 5207//1824 5204//1824
f 5206//1824 5208//1824 5207//1824
f 5204//1824 5207//1824 4189//1824
f 5205//1824 5209//1824 5206//1824
f 5209//1824 5210//1824 5206//1824
f 5209//1824 5211//1824 5210//1824
f 5206//1824 5210//1824 5208//1824
f 4189//1824 5207//1824 4194//1824
f 5207//1824 5212//1824 4194//1824
f 5207//1824 5208//1824 5212//1824
f 4194//1824 5212//1824 4196//1824
f 5097//1824 5099//1824 5213//1824
f 5099//1824 5214//1824 5213//1824
f 5099//1824 5102//1824 5214//1824
f 5213//1824 5214//1824 5215//1824
f 5102//1824 5216//1824 5214//1824
f 5216//1824 5217//1824 5214//1824
f 5216//1824 5218//1824 5217//1824
f 5214//1824 5217//1824 5215//1824
f 5102//1824 5109//1824 5216//1824
f 5109//1824 5219//1824 5216//1824
f 5109//1824 4924//1824 5219//1824
f 5216//1824 5219//1824 5218//1824
f 5215//1824 5217//1824 5220//1824
f 5217//1824 5221//1824 5220//1824
f 5217//1824 5218//1824 5221//1824
f 5220//1824 5221//1824 5211//1824
f 1668//1824 5222//1824 4779//1824
f 5222//1824 5223//1824 4779//1824
f 5222//1824 5224//1824 5223//1824
f 4779//1824 5223//1824 4782//1824
f 5224//1824 5225//1824 5223//1824
f 5225//1824 5226//1824 5223//1824
f 5225//1824 5149//1824 5226//1824
f 5223//1824 5226//1824 4782//1824
f 5224//1824 5227//1824 5225//1824
f 5227//1824 5147//1824 5225//1824
f 5227//1824 4819//1824 5147//1824
f 5225//1824 5147//1824 5149//1824
f 4782//1824 5226//1824 4787//1824
f 5226//1824 5152//1824 4787//1824
f 5226//1824 5149//1824 5152//1824
f 4787//1824 5152//1824 4789//1824
f 3158//1824 4705//1824 4974//1824
f 4705//1824 5228//1824 4974//1824
f 4705//1824 4700//1824 5228//1824
f 4974//1824 5228//1824 4973//1824
f 4700//1824 5229//1824 5228//1824
f 5229//1824 5230//1824 5228//1824
f 5229//1824 5087//1824 5230//1824
f 5228//1824 5230//1824 4973//1824
f 4700//1824 4702//1824 5229//1824
f 4702//1824 5090//1824 5229//1824
f 4702//1824 4703//1824 5090//1824
f 5229//1824 5090//1824 5087//1824
f 4973//1824 5230//1824 4975//1824
f 5230//1824 5088//1824 4975//1824
f 5230//1824 5087//1824 5088//1824
f 4975//1824 5088//1824 4777//1824
f 4960//1824 4962//1824 5231//1824
f 4962//1824 5232//1824 5231//1824
f 4962//1824 4965//1824 5232//1824
f 5231//1824 5232//1824 5233//1824
f 4965//1824 5234//1824 5232//1824
f 5234//1824 5235//1824 5232//1824
f 5234//1824 5194//1824 5235//1824
f 5232//1824 5235//1824 5233//1824
f 4965//1824 4969//1824 5234//1824
f 4969//1824 5196//1824 5234//1824
f 4969//1824 4747//1824 5196//1824
f 5234//1824 5196//1824 5194//1824
f 5233//1824 5235//1824 5236//1824
f 5235//1824 5195//1824 5236//1824
f 5235//1824 5194//1824 5195//1824
f 5236//1824 5195//1824 4654//1824
f 2552//1824 5060//1824 2562//1824
f 5060//1824 5237//1824 2562//1824
f 5060//1824 5062//1824 5237//1824
f 2562//1824 5237//1824 2564//1824
f 5062//1824 5238//1824 5237//1824
f 5238//1824 5239//1824 5237//1824
f 5238//1824 5240//1824 5239//1824
f 5237//1824 5239//1824 2564//1824
f 5062//1824 5065//1824 5238//1824
f 5065//1824 5241//1824 5238//1824
f 5065//1824 5051//1824 5241//1824
f 5238//1824 5241//1824 5240//1824
f 2564//1824 5239//1824 2568//1824
f 5239//1824 5242//1824 2568//1824
f 5239//1824 5240//1824 5242//1824
f 2568//1824 5242//1824 2570//1824
f 3864//1824 5243//1824 3865//1824
f 5243//1824 5244//1824 3865//1824
f 5243//1824 5245//1824 5244//1824
f 3865//1824 5244//1824 3868//1824
f 5245//1824 5246//1824 5244//1824
f 5246//1824 5247//1824 5244//1824
f 5246//1824 5248//1824 5247//1824
f 5244//1824 5247//1824 3868//1824
f 5245//1824 5249//1824 5246//1824
f 5249//1824 5250//1824 5246//1824
f 5249//1824 5251//1824 5250//1824
f 5246//1824 5250//1824 5248//1824
f 3868//1824 5247//1824 3872//1824
f 5247//1824 5252//1824 3872//1824
f 5247//1824 5248//1824 5252//1824
f 3872//1824 5252//1824 3854//1824
f 4196//1824 5212//1824 4916//1824
f 5212//1824 5253//1824 4916//1824
f 5212//1824 5208//1824 5253//1824
f 4916//1824 5253//1824 4918//1824
f 5208//1824 5254//1824 5253//1824
f 5254//1824 5255//1824 5253//1824
f 5254//1824 5218//1824 5255//1824
f 5253//1824 5255//1824 4918//1824
f 5208//1824 5210//1824 5254//1824
f 5210//1824 5221//1824 5254//1824
f 5210//1824 5211//1824 5221//1824
f 5254//1824 5221//1824 5218//1824
f 4918//1824 5255//1824 4922//1824
f 5255//1824 5219//1824 4922//1824
f 5255//1824 5218//1824 5219//1824
f 4922//1824 5219//1824 4924//1824
f 4754//1824 5082//1824 5256//1824
f 5082//1824 5257//1824 5256//1824
f 5082//1824 5084//1824 5257//1824
f 5256//1824 5257//1824 5258//1824
f 5084//1824 5259//1824 5257//1824
f 5259//1824 5260//1824 5257//1824
f 5259//1824 5183//1824 5260//1824
f 5257//1824 5260//1824 5258//1824
f 5084//1824 5089//1824 5259//1824
f 5089//1824 5187//1824 5259//1824
f 5089//1824 4703//1824 5187//1824
f 5259//1824 5187//1824 5183//1824
f 5258//1824 5260//1824 5261//1824
f 5260//1824 5185//1824 5261//1824
f 5260//1824 5183//1824 5185//1824
f 5261//1824 5185//1824 5186//1824
f 4841//1824 4843//1824 5197//1824
f 4843//1824 5262//1824 5197//1824
f 4843//1824 4846//1824 5262//1824
f 5197//1824 5262//1824 5199//1824
f 4846//1824 5263//1824 5262//1824
f 5263//1824 5264//1824 5262//1824
f 5263//1824 5014//1824 5264//1824
f 5262//1824 5264//1824 5199//1824
f 4846//1824 4850//1824 5263//1824
f 4850//1824 5016//1824 5263//1824
f 4850//1824 4768//1824 5016//1824
f 5263//1824 5016//1824 5014//1824
f 5199//1824 5264//1824 5202//1824
f 5264//1824 5015//1824 5202//1824
f 5264//1824 5014//1824 5015//1824
f 5202//1824 5015//1824 4670//1824
f 2041//1824 5265//1824 2051//1824
f 5265//1824 5266//1824 2051//1824
f 5265//1824 5267//1824 5266//1824
f 2051//1824 5266//1824 2053//1824
f 5267//1824 5268//1824 5266//1824
f 5268//1824 5269//1824 5266//1824
f 5268//1824 5180//1824 5269//1824
f 5266//1824 5269//1824 2053//1824
f 5267//1824 5270//1824 5268//1824
f 5270//1824 5184//1824 5268//1824
f 5270//1824 5186//1824 5184//1824
f 5268//1824 5184//1824 5180//1824
f 2053//1824 5269//1824 2057//1824
f 5269//1824 5178//1824 2057//1824
f 5269//1824 5180//1824 5178//1824
f 2057//1824 5178//1824 2059//1824
f 5127//1824 5271//1824 5128//1824
f 5271//1824 5272//1824 5128//1824
f 5271//1824 5273//1824 5272//1824
f 5128//1824 5272//1824 5131//1824
f 5273//1824 5274//1824 5272//1824
f 5274//1824 5275//1824 5272//1824
f 5274//1824 5036//1824 5275//1824
f 5272//1824 5275//1824 5131//1824
f 5273//1824 5276//1824 5274//1824
f 5276//1824 5039//1824 5274//1824
f 5276//1824 5040//1824 5039//1824
f 5274//1824 5039//1824 5036//1824
f 5131//1824 5275//1824 5135//1824
f 5275//1824 5037//1824 5135//1824
f 5275//1824 5036//1824 5037//1824
f 5135//1824 5037//1824 4882//1824
f 4754//1824 5277//1824 4755//1824
f 5277//1824 5278//1824 4755//1824
f 5277//1824 5279//1824 5278//1824
f 4755//1824 5278//1824 4758//1824
f 5279//1824 5280//1824 5278//1824
f 5280//1824 5281//1824 5278//1824
f 5280//1824 5114//1824 5281//1824
f 5278//1824 5281//1824 4758//1824
f 5279//1824 5282//1824 5280//1824
f 5282//1824 5116//1824 5280//1824
f 5282//1824 5080//1824 5116//1824
f 5280//1824 5116//1824 5114//1824
f 4758//1824 5281//1824 4763//1824
f 5281//1824 5115//1824 4763//1824
f 5281//1824 5114//1824 5115//1824
f 4763//1824 5115//1824 4765//1824
f 5168//1824 5283//1824 5169//1824
f 5283//1824 5284//1824 5169//1824
f 5283//1824 5285//1824 5284//1824
f 5169//1824 5284//1824 5172//1824
f 5285//1824 5286//1824 5284//1824
f 5286//1824 5287//1824 5284//1824
f 5286//1824 5006//1824 5287//1824
f 5284//1824 5287//1824 5172//1824
f 5285//1824 5288//1824 5286//1824
f 5288//1824 5009//1824 5286//1824
f 5288//1824 5010//1824 5009//1824
f 5286//1824 5009//1824 5006//1824
f 5172//1824 5287//1824 5176//1824
f 5287//1824 5007//1824 5176//1824
f 5287//1824 5006//1824 5007//1824
f 5176//1824 5007//1824 4924//1824
f 2041//1824 5081//1824 5265//1824
f 5081//1824 5289//1824 5265//1824
f 5081//1824 5077//1824 5289//1824
f 5265//1824 5289//1824 5267//1824
f 5077//1824 5290//1824 5289//1824
f 5290//1824 5291//1824 5289//1824
f 5290//1824 5292//1824 5291//1824
f 5289//1824 5291//1824 5267//1824
f 5077//1824 5079//1824 5290//1824
f 5079//1824 5293//1824 5290//1824
f 5079//1824 5080//1824 5293//1824
f 5290//1824 5293//1824 5292//1824
f 5267//1824 5291//1824 5270//1824
f 5291//1824 5294//1824 5270//1824
f 5291//1824 5292//1824 5294//1824
f 5270//1824 5294//1824 5186//1824
f 4734//1824 4906//1824 5295//1824
f 4906//1824 5296//1824 5295//1824
f 4906//1824 4908//1824 5296//1824
f 5295//1824 5296//1824 5297//1824
f 4908//1824 5298//1824 5296//1824
f 5298//1824 5299//1824 5296//1824
f 5298//1824 5300//1824 5299//1824
f 5296//1824 5299//1824 5297//1824
f 4908//1824 4913//1824 5298//1824
f 4913//1824 5301//1824 5298//1824
f 4913//1824 4915//1824 5301//1824
f 5298//1824 5301//1824 5300//1824
f 5297//1824 5299//1824 5302//1824
f 5299//1824 5303//1824 5302//1824
f 5299//1824 5300//1824 5303//1824
f 5302//1824 5303//1824 5126//1824
f 4926//1824 5117//1824 4927//1824
f 5117//1824 5304//1824 4927//1824
f 5117//1824 5119//1824 5304//1824
f 4927//1824 5304//1824 4930//1824
f 5119//1824 5305//1824 5304//1824
f 5305//1824 5306//1824 5304//1824
f 5305//1824 5300//1824 5306//1824
f 5304//1824 5306//1824 4930//1824
f 5119//1824 5124//1824 5305//1824
f 5124//1824 5303//1824 5305//1824
f 5124//1824 5126//1824 5303//1824
f 5305//1824 5303//1824 5300//1824
f 4930//1824 5306//1824 4934//1824
f 5306//1824 5301//1824 4934//1824
f 5306//1824 5300//1824 5301//1824
f 4934//1824 5301//1824 4915//1824
f 4754//1824 5256//1824 5277//1824
f 5256//1824 5307//1824 5277//1824
f 5256//1824 5258//1824 5307//1824
f 5277//1824 5307//1824 5279//1824
f 5258//1824 5308//1824 5307//1824
f 5308//1824 5309//1824 5307//1824
f 5308//1824 5292//1824 5309//1824
f 5307//1824 5309//1824 5279//1824
f 5258//1824 5261//1824 5308//1824
f 5261//1824 5294//1824 5308//1824
f 5261//1824 5186//1824 5294//1824
f 5308//1824 5294//1824 5292//1824
f 5279//1824 5309//1824 5282//1824
f 5309//1824 5293//1824 5282//1824
f 5309//1824 5292//1824 5293//1824
f 5282//1824 5293//1824 5080//1824
f 5127//1824 5129//1824 5310//1824
f 5129//1824 5311//1824 5310//1824
f 5129//1824 5132//1824 5311//1824
f 5310//1824 5311//1824 5312//1824
f 5132//1824 5313//1824 5311//1824
f 5313//1824 5314//1824 5311//1824
f 5313//1824 5315//1824 5314//1824
f 5311//1824 5314//1824 5312//1824
f 5132//1824 5136//1824 5313//1824
f 5136//1824 5316//1824 5313//1824
f 5136//1824 5028//1824 5316//1824
f 5313//1824 5316//1824 5315//1824
f 5312//1824 5314//1824 5317//1824
f 5314//1824 5318//1824 5317//1824
f 5314//1824 5315//1824 5318//1824
f 5317//1824 5318//1824 4807//1824
f 4793//1824 4795//1824 5319//1824
f 4795//1824 5320//1824 5319//1824
f 4795//1824 4798//1824 5320//1824
f 5319//1824 5320//1824 5321//1824
f 4798//1824 5322//1824 5320//1824
f 5322//1824 5323//1824 5320//1824
f 5322//1824 5315//1824 5323//1824
f 5320//1824 5323//1824 5321//1824
f 4798//1824 4805//1824 5322//1824
f 4805//1824 5318//1824 5322//1824
f 4805//1824 4807//1824 5318//1824
f 5322//1824 5318//1824 5315//1824
f 5321//1824 5323//1824 5324//1824
f 5323//1824 5316//1824 5324//1824
f 5323//1824 5315//1824 5316//1824
f 5324//1824 5316//1824 5028//1824
f 5168//1824 5170//1824 5325//1824
f 5170//1824 5326//1824 5325//1824
f 5170//1824 5173//1824 5326//1824
f 5325//1824 5326//1824 5327//1824
f 5173//1824 5328//1824 5326//1824
f 5328//1824 5329//1824 5326//1824
f 5328//1824 5330//1824 5329//1824
f 5326//1824 5329//1824 5327//1824
f 5173//1824 5177//1824 5328//1824
f 5177//1824 5331//1824 5328//1824
f 5177//1824 5108//1824 5331//1824
f 5328//1824 5331//1824 5330//1824
f 5327//1824 5329//1824 5332//1824
f 5329//1824 5333//1824 5332//1824
f 5329//1824 5330//1824 5333//1824
f 5332//1824 5333//1824 4822//1824
f 4808//1824 4810//1824 5334//1824
f 4810//1824 5335//1824 5334//1824
f 4810//1824 4813//1824 5335//1824
f 5334//1824 5335//1824 5336//1824
f 4813//1824 5337//1824 5335//1824
f 5337//1824 5338//1824 5335//1824
f 5337//1824 5330//1824 5338//1824
f 5335//1824 5338//1824 5336//1824
f 4813//1824 4820//1824 5337//1824
f 4820//1824 5333//1824 5337//1824
f 4820//1824 4822//1824 5333//1824
f 5337//1824 5333//1824 5330//1824
f 5336//1824 5338//1824 5339//1824
f 5338//1824 5331//1824 5339//1824
f 5338//1824 5330//1824 5331//1824
f 5339//1824 5331//1824 5108//1824
f 2123//1824 5340//1824 2300//1824
f 5340//1824 5341//1824 2300//1824
f 5340//1824 5342//1824 5341//1824
f 2300//1824 5341//1824 2303//1824
f 5342//1824 5343//1824 5341//1824
f 5343//1824 5344//1824 5341//1824
f 5343//1824 5345//1824 5344//1824
f 5341//1824 5344//1824 2303//1824
f 5342//1824 5346//1824 5343//1824
f 5346//1824 5347//1824 5343//1824
f 5346//1824 5348//1824 5347//1824
f 5343//1824 5347//1824 5345//1824
f 2303//1824 5344//1824 2308//1824
f 5344//1824 5349//1824 2308//1824
f 5344//1824 5345//1824 5349//1824
f 2308//1824 5349//1824 2220//1824
f 860//1824 5350//1824 3141//1824
f 5350//1824 5351//1824 3141//1824
f 5350//1824 5352//1824 5351//1824
f 3141//1824 5351//1824 3143//1824
f 5352//1824 5353//1824 5351//1824
f 5353//1824 5354//1824 5351//1824
f 5353//1824 5355//1824 5354//1824
f 5351//1824 5354//1824 3143//1824
f 5352//1824 5356//1824 5353//1824
f 5356//1824 5357//1824 5353//1824
f 5356//1824 5348//1824 5357//1824
f 5353//1824 5357//1824 5355//1824
f 3143//1824 5354//1824 3146//1824
f 5354//1824 5358//1824 3146//1824
f 5354//1824 5355//1824 5358//1824
f 3146//1824 5358//1824 3026//1824
f 2123//1824 5359//1824 5340//1824
f 5359//1824 5360//1824 5340//1824
f 5359//1824 5361//1824 5360//1824
f 5340//1824 5360//1824 5342//1824
f 5361//1824 5362//1824 5360//1824
f 5362//1824 5363//1824 5360//1824
f 5362//1824 5355//1824 5363//1824
f 5360//1824 5363//1824 5342//1824
f 5361//1824 5364//1824 5362//1824
f 5364//1824 5358//1824 5362//1824
f 5364//1824 3026//1824 5358//1824
f 5362//1824 5358//1824 5355//1824
f 5342//1824 5363//1824 5346//1824
f 5363//1824 5357//1824 5346//1824
f 5363//1824 5355//1824 5357//1824
f 5346//1824 5357//1824 5348//1824
f 3561//1824 5365//1824 5366//1824
f 5365//1824 5367//1824 5366//1824
f 5365//1824 5368//1824 5367//1824
f 5366//1824 5367//1824 5369//1824
f 5368//1824 5370//1824 5367//1824
f 5370//1824 5371//1824 5367//1824
f 5370//1824 5372//1824 5371//1824
f 5367//1824 5371//1824 5369//1824
f 5368//1824 5373//1824 5370//1824
f 5373//1824 5374//1824 5370//1824
f 5373//1824 4706//1824 5374//1824
f 5370//1824 5374//1824 5372//1824
f 5369//1824 5371//1824 5375//1824
f 5371//1824 5376//1824 5375//1824
f 5371//1824 5372//1824 5376//1824
f 5375//1824 5376//1824 5017//1824
f 4808//1824 5377//1824 4942//1824
f 5377//1824 5378//1824 4942//1824
f 5377//1824 5379//1824 5378//1824
f 4942//1824 5378//1824 4944//1824
f 5379//1824 5380//1824 5378//1824
f 5380//1824 5381//1824 5378//1824
f 5380//1824 5382//1824 5381//1824
f 5378//1824 5381//1824 4944//1824
f 5379//1824 5383//1824 5380//1824
f 5383//1824 5384//1824 5380//1824
f 5383//1824 5097//1824 5384//1824
f 5380//1824 5384//1824 5382//1824
f 4944//1824 5381//1824 4948//1824
f 5381//1824 5385//1824 4948//1824
f 5381//1824 5382//1824 5385//1824
f 4948//1824 5385//1824 4864//1824
f 1668//1824 5386//1824 2000//1824
f 5386//1824 5387//1824 2000//1824
f 5386//1824 5388//1824 5387//1824
f 2000//1824 5387//1824 1996//1824
f 5388//1824 5389//1824 5387//1824
f 5389//1824 5390//1824 5387//1824
f 5389//1824 5391//1824 5390//1824
f 5387//1824 5390//1824 1996//1824
f 5388//1824 5392//1824 5389//1824
f 5392//1824 5393//1824 5389//1824
f 5392//1824 3864//1824 5393//1824
f 5389//1824 5393//1824 5391//1824
f 1996//1824 5390//1824 1993//1824
f 5390//1824 5394//1824 1993//1824
f 5390//1824 5391//1824 5394//1824
f 1993//1824 5394//1824 1921//1824
f 1921//1824 5395//1824 1922//1824
f 5395//1824 5396//1824 1922//1824
f 5395//1824 5397//1824 5396//1824
f 1922//1824 5396//1824 1925//1824
f 5397//1824 5398//1824 5396//1824
f 5398//1824 5399//1824 5396//1824
f 5398//1824 5400//1824 5399//1824
f 5396//1824 5399//1824 1925//1824
f 5397//1824 5401//1824 5398//1824
f 5401//1824 5402//1824 5398//1824
f 5401//1824 4489//1824 5402//1824
f 5398//1824 5402//1824 5400//1824
f 1925//1824 5399//1824 1930//1824
f 5399//1824 5403//1824 1930//1824
f 5399//1824 5400//1824 5403//1824
f 1930//1824 5403//1824 1932//1824
f 16//1824 5404//1824 5091//1824
f 5404//1824 5405//1824 5091//1824
f 5404//1824 5406//1824 5405//1824
f 5091//1824 5405//1824 5093//1824
f 5406//1824 5407//1824 5405//1824
f 5407//1824 5408//1824 5405//1824
f 5407//1824 5409//1824 5408//1824
f 5405//1824 5408//1824 5093//1824
f 5406//1824 5410//1824 5407//1824
f 5410//1824 5411//1824 5407//1824
f 5410//1824 5412//1824 5411//1824
f 5407//1824 5411//1824 5409//1824
f 5093//1824 5408//1824 5096//1824
f 5408//1824 5413//1824 5096//1824
f 5408//1824 5409//1824 5413//1824
f 5096//1824 5413//1824 3190//1824
f 5412//1824 5414//1824 5415//1824
f 5414//1824 5416//1824 5415//1824
f 5414//1824 5417//1824 5416//1824
f 5415//1824 5416//1824 5418//1824
f 5417//1824 5419//1824 5416//1824
f 5419//1824 5420//1824 5416//1824
f 5419//1824 5421//1824 5420//1824
f 5416//1824 5420//1824 5418//1824
f 5417//1824 5422//1824 5419//1824
f 5422//1824 5423//1824 5419//1824
f 5422//1824 5424//1824 5423//1824
f 5419//1824 5423//1824 5421//1824
f 5418//1824 5420//1824 5425//1824
f 5420//1824 5426//1824 5425//1824
f 5420//1824 5421//1824 5426//1824
f 5425//1824 5426//1824 3175//1824
f 5424//1824 5427//1824 5428//1824
f 5427//1824 5429//1824 5428//1824
f 5427//1824 5430//1824 5429//1824
f 5428//1824 5429//1824 5431//1824
f 5430//1824 5432//1824 5429//1824
f 5432//1824 5433//1824 5429//1824
f 5432//1824 5434//1824 5433//1824
f 5429//1824 5433//1824 5431//1824
f 5430//1824 5435//1824 5432//1824
f 5435//1824 5436//1824 5432//1824
f 5435//1824 3787//1824 5436//1824
f 5432//1824 5436//1824 5434//1824
f 5431//1824 5433//1824 5437//1824
f 5433//1824 5438//1824 5437//1824
f 5433//1824 5434//1824 5438//1824
f 5437//1824 5438//1824 3186//1824
f 4793//1824 5439//1824 4865//1824
f 5439//1824 5440//1824 4865//1824
f 5439//1824 5441//1824 5440//1824
f 4865//1824 5440//1824 4867//1824
f 5441//1824 5442//1824 5440//1824
f 5442//1824 5443//1824 5440//1824
f 5442//1824 5444//1824 5443//1824
f 5440//1824 5443//1824 4867//1824
f 5441//1824 5445//1824 5442//1824
f 5445//1824 5446//1824 5442//1824
f 5445//1824 5017//1824 5446//1824
f 5442//1824 5446//1824 5444//1824
f 4867//1824 5443//1824 4871//1824
f 5443//1824 5447//1824 4871//1824
f 5443//1824 5444//1824 5447//1824
f 4871//1824 5447//1824 4720//1824
f 3854//1824 5448//1824 4150//1824
f 5448//1824 5449//1824 4150//1824
f 5448//1824 5450//1824 5449//1824
f 4150//1824 5449//1824 4152//1824
f 5450//1824 5451//1824 5449//1824
f 5451//1824 5452//1824 5449//1824
f 5451//1824 5453//1824 5452//1824
f 5449//1824 5452//1824 4152//1824
f 5450//1824 5454//1824 5451//1824
f 5454//1824 5455//1824 5451//1824
f 5454//1824 4851//1824 5455//1824
f 5451//1824 5455//1824 5453//1824
f 4152//1824 5452//1824 4155//1824
f 5452//1824 5456//1824 4155//1824
f 5452//1824 5453//1824 5456//1824
f 4155//1824 5456//1824 4110//1824
f 1932//1824 5457//1824 1943//1824
f 5457//1824 5458//1824 1943//1824
f 5457//1824 5459//1824 5458//1824
f 1943//1824 5458//1824 1938//1824
f 5459//1824 5460//1824 5458//1824
f 5460//1824 5461//1824 5458//1824
f 5460//1824 4955//1824 5461//1824
f 5458//1824 5461//1824 1938//1824
f 5459//1824 5462//1824 5460//1824
f 5462//1824 4952//1824 5460//1824
f 5462//1824 15//1824 4952//1824
f 5460//1824 4952//1824 4955//1824
f 1938//1824 5461//1824 1936//1824
f 5461//1824 4959//1824 1936//1824
f 5461//1824 4955//1824 4959//1824
f 1936//1824 4959//1824 283//1824
f 3158//1824 3156//1824 4704//1824
f 3156//1824 5463//1824 4704//1824
f 3156//1824 3152//1824 5463//1824
f 4704//1824 5463//1824 4697//1824
f 3152//1824 5464//1824 5463//1824
f 5464//1824 5465//1824 5463//1824
f 5464//1824 5466//1824 5465//1824
f 5463//1824 5465//1824 4697//1824
f 3152//1824 3150//1824 5464//1824
f 3150//1824 5467//1824 5464//1824
f 3150//1824 3026//1824 5467//1824
f 5464//1824 5467//1824 5466//1824
f 4697//1824 5465//1824 4694//1824
f 5465//1824 5468//1824 4694//1824
f 5465//1824 5466//1824 5468//1824
f 4694//1824 5468//1824 2059//1824
f 4110//1824 5456//1824 5469//1824
f 5456//1824 5470//1824 5469//1824
f 5456//1824 5453//1824 5470//1824
f 5469//1824 5470//1824 5471//1824
f 5453//1824 5472//1824 5470//1824
f 5472//1824 5473//1824 5470//1824
f 5472//1824 5474//1824 5473//1824
f 5470//1824 5473//1824 5471//1824
f 5453//1824 5455//1824 5472//1824
f 5455//1824 5475//1824 5472//1824
f 5455//1824 4851//1824 5475//1824
f 5472//1824 5475//1824 5474//1824
f 5471//1824 5473//1824 5476//1824
f 5473//1824 5477//1824 5476//1824
f 5473//1824 5474//1824 5477//1824
f 5476//1824 5477//1824 5097//1824
f 3026//1824 5364//1824 5467//1824
f 5364//1824 5478//1824 5467//1824
f 5364//1824 5361//1824 5478//1824
f 5467//1824 5478//1824 5466//1824
f 5361//1824 5479//1824 5478//1824
f 5479//1824 5480//1824 5478//1824
f 5479//1824 2266//1824 5480//1824
f 5478//1824 5480//1824 5466//1824
f 5361//1824 5359//1824 5479//1824
f 5359//1824 2264//1824 5479//1824
f 5359//1824 2123//1824 2264//1824
f 5479//1824 2264//1824 2266//1824
f 5466//1824 5480//1824 5468//1824
f 5480//1824 2271//1824 5468//1824
f 5480//1824 2266//1824 2271//1824
f 5468//1824 2271//1824 2059//1824
f 3175//1824 3199//1824 5425//1824
f 3199//1824 5481//1824 5425//1824
f 3199//1824 3194//1824 5481//1824
f 5425//1824 5481//1824 5418//1824
f 3194//1824 5482//1824 5481//1824
f 5482//1824 5483//1824 5481//1824
f 5482//1824 5409//1824 5483//1824
f 5481//1824 5483//1824 5418//1824
f 3194//1824 3191//1824 5482//1824
f 3191//1824 5413//1824 5482//1824
f 3191//1824 3190//1824 5413//1824
f 5482//1824 5413//1824 5409//1824
f 5418//1824 5483//1824 5415//1824
f 5483//1824 5411//1824 5415//1824
f 5483//1824 5409//1824 5411//1824
f 5415//1824 5411//1824 5412//1824
f 3175//1824 5426//1824 3176//1824
f 5426//1824 5484//1824 3176//1824
f 5426//1824 5421//1824 5484//1824
f 3176//1824 5484//1824 3179//1824
f 5421//1824 5485//1824 5484//1824
f 5485//1824 5486//1824 5484//1824
f 5485//1824 5431//1824 5486//1824
f 5484//1824 5486//1824 3179//1824
f 5421//1824 5423//1824 5485//1824
f 5423//1824 5428//1824 5485//1824
f 5423//1824 5424//1824 5428//1824
f 5485//1824 5428//1824 5431//1824
f 3179//1824 5486//1824 3184//1824
f 5486//1824 5437//1824 3184//1824
f 5486//1824 5431//1824 5437//1824
f 3184//1824 5437//1824 3186//1824
f 4489//1824 4488//1824 5402//1824
f 4488//1824 5487//1824 5402//1824
f 4488//1824 4485//1824 5487//1824
f 5402//1824 5487//1824 5400//1824
f 4485//1824 5488//1824 5487//1824
f 5488//1824 5489//1824 5487//1824
f 5488//1824 5459//1824 5489//1824
f 5487//1824 5489//1824 5400//1824
f 4485//1824 4486//1824 5488//1824
f 4486//1824 5462//1824 5488//1824
f 4486//1824 15//1824 5462//1824
f 5488//1824 5462//1824 5459//1824
f 5400//1824 5489//1824 5403//1824
f 5489//1824 5457//1824 5403//1824
f 5489//1824 5459//1824 5457//1824
f 5403//1824 5457//1824 1932//1824
f 1921//1824 5394//1824 5395//1824
f 5394//1824 5490//1824 5395//1824
f 5394//1824 5391//1824 5490//1824
f 5395//1824 5490//1824 5397//1824
f 5391//1824 5491//1824 5490//1824
f 5491//1824 5492//1824 5490//1824
f 5491//1824 4494//1824 5492//1824
f 5490//1824 5492//1824 5397//1824
f 5391//1824 5393//1824 5491//1824
f 5393//1824 4491//1824 5491//1824
f 5393//1824 3864//1824 4491//1824
f 5491//1824 4491//1824 4494//1824
f 5397//1824 5492//1824 5401//1824
f 5492//1824 4501//1824 5401//1824
f 5492//1824 4494//1824 4501//1824
f 5401//1824 4501//1824 4489//1824
f 3294//1824 5493//1824 5494//1824
f 5493//1824 5495//1824 5494//1824
f 5493//1824 5496//1824 5495//1824
f 5494//1824 5495//1824 5497//1824
f 5496//1824 5498//1824 5495//1824
f 5498//1824 5499//1824 5495//1824
f 5498//1824 4750//1824 5499//1824
f 5495//1824 5499//1824 5497//1824
f 5496//1824 5500//1824 5498//1824
f 5500//1824 4753//1824 5498//1824
f 5500//1824 4733//1824 4753//1824
f 5498//1824 4753//1824 4750//1824
f 5497//1824 5499//1824 5501//1824
f 5499//1824 4748//1824 5501//1824
f 5499//1824 4750//1824 4748//1824
f 5501//1824 4748//1824 4706//1824
f 3294//1824 5494//1824 3648//1824
f 5494//1824 5502//1824 3648//1824
f 5494//1824 5497//1824 5502//1824
f 3648//1824 5502//1824 3650//1824
f 5497//1824 5503//1824 5502//1824
f 5503//1824 5504//1824 5502//1824
f 5503//1824 5368//1824 5504//1824
f 5502//1824 5504//1824 3650//1824
f 5497//1824 5501//1824 5503//1824
f 5501//1824 5373//1824 5503//1824
f 5501//1824 4706//1824 5373//1824
f 5503//1824 5373//1824 5368//1824
f 3650//1824 5504//1824 3653//1824
f 5504//1824 5365//1824 3653//1824
f 5504//1824 5368//1824 5365//1824
f 3653//1824 5365//1824 3561//1824
f 4706//1824 4708//1824 5374//1824
f 4708//1824 5505//1824 5374//1824
f 4708//1824 4711//1824 5505//1824
f 5374//1824 5505//1824 5372//1824
f 4711//1824 5506//1824 5505//1824
f 5506//1824 5507//1824 5505//1824
f 5506//1824 5444//1824 5507//1824
f 5505//1824 5507//1824 5372//1824
f 4711//1824 4718//1824 5506//1824
f 4718//1824 5447//1824 5506//1824
f 4718//1824 4720//1824 5447//1824
f 5506//1824 5447//1824 5444//1824
f 5372//1824 5507//1824 5376//1824
f 5507//1824 5446//1824 5376//1824
f 5507//1824 5444//1824 5446//1824
f 5376//1824 5446//1824 5017//1824
f 2412//1824 5508//1824 5509//1824
f 5508//1824 5510//1824 5509//1824
f 5508//1824 5511//1824 5510//1824
f 5509//1824 5510//1824 5512//1824
f 5511//1824 5513//1824 5510//1824
f 5513//1824 5514//1824 5510//1824
f 5513//1824 5515//1824 5514//1824
f 5510//1824 5514//1824 5512//1824
f 5511//1824 5516//1824 5513//1824
f 5516//1824 5517//1824 5513//1824
f 5516//1824 4692//1824 5517//1824
f 5513//1824 5517//1824 5515//1824
f 5512//1824 5514//1824 5518//1824
f 5514//1824 5519//1824 5518//1824
f 5514//1824 5515//1824 5519//1824
f 5518//1824 5519//1824 5126//1824
f 4851//1824 4853//1824 5475//1824
f 4853//1824 5520//1824 5475//1824
f 4853//1824 4856//1824 5520//1824
f 5475//1824 5520//1824 5474//1824
f 4856//1824 5521//1824 5520//1824
f 5521//1824 5522//1824 5520//1824
f 5521//1824 5382//1824 5522//1824
f 5520//1824 5522//1824 5474//1824
f 4856//1824 4862//1824 5521//1824
f 4862//1824 5385//1824 5521//1824
f 4862//1824 4864//1824 5385//1824
f 5521//1824 5385//1824 5382//1824
f 5474//1824 5522//1824 5477//1824
f 5522//1824 5384//1824 5477//1824
f 5522//1824 5382//1824 5384//1824
f 5477//1824 5384//1824 5097//1824
f 2412//1824 5509//1824 4991//1824
f 5509//1824 5523//1824 4991//1824
f 5509//1824 5512//1824 5523//1824
f 4991//1824 5523//1824 4990//1824
f 5512//1824 5524//1824 5523//1824
f 5524//1824 5525//1824 5523//1824
f 5524//1824 5122//1824 5525//1824
f 5523//1824 5525//1824 4990//1824
f 5512//1824 5518//1824 5524//1824
f 5518//1824 5125//1824 5524//1824
f 5518//1824 5126//1824 5125//1824
f 5524//1824 5125//1824 5122//1824
f 4990//1824 5525//1824 4993//1824
f 5525//1824 5123//1824 4993//1824
f 5525//1824 5122//1824 5123//1824
f 4993//1824 5123//1824 4994//1824
f 3561//1824 5366//1824 5159//1824
f 5366//1824 5526//1824 5159//1824
f 5366//1824 5369//1824 5526//1824
f 5159//1824 5526//1824 5158//1824
f 5369//1824 5527//1824 5526//1824
f 5527//1824 5528//1824 5526//1824
f 5527//1824 5139//1824 5528//1824
f 5526//1824 5528//1824 5158//1824
f 5369//1824 5375//1824 5527//1824
f 5375//1824 5137//1824 5527//1824
f 5375//1824 5017//1824 5137//1824
f 5527//1824 5137//1824 5139//1824
f 5158//1824 5528//1824 5161//1824
f 5528//1824 5144//1824 5161//1824
f 5528//1824 5139//1824 5144//1824
f 5161//1824 5144//1824 5146//1824
f 2570//1824 5529//1824 5530//1824
f 5529//1824 5531//1824 5530//1824
f 5529//1824 5532//1824 5531//1824
f 5530//1824 5531//1824 5533//1824
f 5532//1824 5534//1824 5531//1824
f 5534//1824 5535//1824 5531//1824
f 5534//1824 4931//1824 5535//1824
f 5531//1824 5535//1824 5533//1824
f 5532//1824 5536//1824 5534//1824
f 5536//1824 4928//1824 5534//1824
f 5536//1824 4926//1824 4928//1824
f 5534//1824 4928//1824 4931//1824
f 5533//1824 5535//1824 5537//1824
f 5535//1824 4935//1824 5537//1824
f 5535//1824 4931//1824 4935//1824
f 5537//1824 4935//1824 4905//1824
f 860//1824 5538//1824 5539//1824
f 5538//1824 5540//1824 5539//1824
f 5538//1824 5541//1824 5540//1824
f 5539//1824 5540//1824 5542//1824
f 5541//1824 5543//1824 5540//1824
f 5543//1824 5544//1824 5540//1824
f 5543//1824 4964//1824 5544//1824
f 5540//1824 5544//1824 5542//1824
f 5541//1824 5545//1824 5543//1824
f 5545//1824 4968//1824 5543//1824
f 5545//1824 4905//1824 4968//1824
f 5543//1824 4968//1824 4964//1824
f 5542//1824 5544//1824 5546//1824
f 5544//1824 4961//1824 5546//1824
f 5544//1824 4964//1824 4961//1824
f 5546//1824 4961//1824 4960//1824
f 860//1824 2937//1824 5538//1824
f 2937//1824 5547//1824 5538//1824
f 2937//1824 2939//1824 5547//1824
f 5538//1824 5547//1824 5541//1824
f 2939//1824 5548//1824 5547//1824
f 5548//1824 5549//1824 5547//1824
f 5548//1824 5533//1824 5549//1824
f 5547//1824 5549//1824 5541//1824
f 2939//1824 2942//1824 5548//1824
f 2942//1824 5530//1824 5548//1824
f 2942//1824 2570//1824 5530//1824
f 5548//1824 5530//1824 5533//1824
f 5541//1824 5549//1824 5545//1824
f 5549//1824 5537//1824 5545//1824
f 5549//1824 5533//1824 5537//1824
f 5545//1824 5537//1824 4905//1824
f 3854//1824 5252//1824 5550//1824
f 5252//1824 5551//1824 5550//1824
f 5252//1824 5248//1824 5551//1824
f 5550//1824 5551//1824 5552//1824
f 5248//1824 5553//1824 5551//1824
f 5553//1824 5554//1824 5551//1824
f 5553//1824 5555//1824 5554//1824
f 5551//1824 5554//1824 5552//1824
f 5248//1824 5250//1824 5553//1824
f 5250//1824 5556//1824 5553//1824
f 5250//1824 5251//1824 5556//1824
f 5553//1824 5556//1824 5555//1824
f 5552//1824 5554//1824 5557//1824
f 5554//1824 5558//1824 5557//1824
f 5554//1824 5555//1824 5558//1824
f 5557//1824 5558//1824 4792//1824
f 4793//1824 5319//1824 5439//1824
f 5319//1824 5559//1824 5439//1824
f 5319//1824 5321//1824 5559//1824
f 5439//1824 5559//1824 5441//1824
f 5321//1824 5560//1824 5559//1824
f 5560//1824 5561//1824 5559//1824
f 5560//1824 5021//1824 5561//1824
f 5559//1824 5561//1824 5441//1824
f 5321//1824 5324//1824 5560//1824
f 5324//1824 5026//1824 5560//1824
f 5324//1824 5028//1824 5026//1824
f 5560//1824 5026//1824 5021//1824
f 5441//1824 5561//1824 5445//1824
f 5561//1824 5018//1824 5445//1824
f 5561//1824 5021//1824 5018//1824
f 5445//1824 5018//1824 5017//1824
f 4110//1824 5469//1824 5203//1824
f 5469//1824 5562//1824 5203//1824
f 5469//1824 5471//1824 5562//1824
f 5203//1824 5562//1824 5205//1824
f 5471//1824 5563//1824 5562//1824
f 5563//1824 5564//1824 5562//1824
f 5563//1824 5215//1824 5564//1824
f 5562//1824 5564//1824 5205//1824
f 5471//1824 5476//1824 5563//1824
f 5476//1824 5213//1824 5563//1824
f 5476//1824 5097//1824 5213//1824
f 5563//1824 5213//1824 5215//1824
f 5205//1824 5564//1824 5209//1824
f 5564//1824 5220//1824 5209//1824
f 5564//1824 5215//1824 5220//1824
f 5209//1824 5220//1824 5211//1824
f 1668//1824 5565//1824 5566//1824
f 5565//1824 5567//1824 5566//1824
f 5565//1824 5568//1824 5567//1824
f 5566//1824 5567//1824 5569//1824
f 5568//1824 5570//1824 5567//1824
f 5570//1824 5571//1824 5567//1824
f 5570//1824 5285//1824 5571//1824
f 5567//1824 5571//1824 5569//1824
f 5568//1824 5572//1824 5570//1824
f 5572//1824 5288//1824 5570//1824
f 5572//1824 5010//1824 5288//1824
f 5570//1824 5288//1824 5285//1824
f 5569//1824 5571//1824 5573//1824
f 5571//1824 5283//1824 5573//1824
f 5571//1824 5285//1824 5283//1824
f 5573//1824 5283//1824 5168//1824
f 4734//1824 5295//1824 4735//1824
f 5295//1824 5574//1824 4735//1824
f 5295//1824 5297//1824 5574//1824
f 4735//1824 5574//1824 4738//1824
f 5297//1824 5575//1824 5574//1824
f 5575//1824 5576//1824 5574//1824
f 5575//1824 5515//1824 5576//1824
f 5574//1824 5576//1824 4738//1824
f 5297//1824 5302//1824 5575//1824
f 5302//1824 5519//1824 5575//1824
f 5302//1824 5126//1824 5519//1824
f 5575//1824 5519//1824 5515//1824
f 4738//1824 5576//1824 4743//1824
f 5576//1824 5517//1824 4743//1824
f 5576//1824 5515//1824 5517//1824
f 4743//1824 5517//1824 4692//1824
f 1668//1824 1837//1824 5565//1824
f 1837//1824 5577//1824 5565//1824
f 1837//1824 1840//1824 5577//1824
f 5565//1824 5577//1824 5568//1824
f 1840//1824 5578//1824 5577//1824
f 5578//1824 5579//1824 5577//1824
f 5578//1824 5003//1824 5579//1824
f 5577//1824 5579//1824 5568//1824
f 1840//1824 1847//1824 5578//1824
f 1847//1824 5001//1824 5578//1824
f 1847//1824 1849//1824 5001//1824
f 5578//1824 5001//1824 5003//1824
f 5568//1824 5579//1824 5572//1824
f 5579//1824 5008//1824 5572//1824
f 5579//1824 5003//1824 5008//1824
f 5572//1824 5008//1824 5010//1824
f 3854//1824 5550//1824 5448//1824
f 5550//1824 5580//1824 5448//1824
f 5550//1824 5552//1824 5580//1824
f 5448//1824 5580//1824 5450//1824
f 5552//1824 5581//1824 5580//1824
f 5581//1824 5582//1824 5580//1824
f 5581//1824 4938//1824 5582//1824
f 5580//1824 5582//1824 5450//1824
f 5552//1824 5557//1824 5581//1824
f 5557//1824 4941//1824 5581//1824
f 5557//1824 4792//1824 4941//1824
f 5581//1824 4941//1824 4938//1824
f 5450//1824 5582//1824 5454//1824
f 5582//1824 4936//1824 5454//1824
f 5582//1824 4938//1824 4936//1824
f 5454//1824 4936//1824 4851//1824
f 2336//1824 4681//1824 2524//1824
f 4681//1824 5583//1824 2524//1824
f 4681//1824 4684//1824 5583//1824
f 2524//1824 5583//1824 2526//1824
f 4684//1824 5584//1824 5583//1824
f 5584//1824 5585//1824 5583//1824
f 5584//1824 5511//1824 5585//1824
f 5583//1824 5585//1824 2526//1824
f 4684//1824 4690//1824 5584//1824
f 4690//1824 5516//1824 5584//1824
f 4690//1824 4692//1824 5516//1824
f 5584//1824 5516//1824 5511//1824
f 2526//1824 5585//1824 2529//1824
f 5585//1824 5508//1824 2529//1824
f 5585//1824 5511//1824 5508//1824
f 2529//1824 5508//1824 2412//1824
f 1668//1824 5566//1824 5586//1824
f 5566//1824 5587//1824 5586//1824
f 5566//1824 5569//1824 5587//1824
f 5586//1824 5587//1824 5588//1824
f 5569//1824 5589//1824 5587//1824
f 5589//1824 5590//1824 5587//1824
f 5589//1824 5327//1824 5590//1824
f 5587//1824 5590//1824 5588//1824
f 5569//1824 5573//1824 5589//1824
f 5573//1824 5325//1824 5589//1824
f 5573//1824 5168//1824 5325//1824
f 5589//1824 5325//1824 5327//1824
f 5588//1824 5590//1824 5591//1824
f 5590//1824 5332//1824 5591//1824
f 5590//1824 5327//1824 5332//1824
f 5591//1824 5332//1824 4822//1824
f 3787//1824 5592//1824 5593//1824
f 5592//1824 5594//1824 5593//1824
f 5592//1824 5595//1824 5594//1824
f 5593//1824 5594//1824 5596//1824
f 5595//1824 5597//1824 5594//1824
f 5597//1824 5598//1824 5594//1824
f 5597//1824 5273//1824 5598//1824
f 5594//1824 5598//1824 5596//1824
f 5595//1824 5599//1824 5597//1824
f 5599//1824 5276//1824 5597//1824
f 5599//1824 5040//1824 5276//1824
f 5597//1824 5276//1824 5273//1824
f 5596//1824 5598//1824 5600//1824
f 5598//1824 5271//1824 5600//1824
f 5598//1824 5273//1824 5271//1824
f 5600//1824 5271//1824 5127//1824
f 3694//1824 5031//1824 3777//1824
f 5031//1824 5601//1824 3777//1824
f 5031//1824 5033//1824 5601//1824
f 3777//1824 5601//1824 3780//1824
f 5033//1824 5602//1824 5601//1824
f 5602//1824 5603//1824 5601//1824
f 5602//1824 5595//1824 5603//1824
f 5601//1824 5603//1824 3780//1824
f 5033//1824 5038//1824 5602//1824
f 5038//1824 5599//1824 5602//1824
f 5038//1824 5040//1824 5599//1824
f 5602//1824 5599//1824 5595//1824
f 3780//1824 5603//1824 3785//1824
f 5603//1824 5592//1824 3785//1824
f 5603//1824 5595//1824 5592//1824
f 3785//1824 5592//1824 3787//1824
f 4808//1824 5334//1824 5377//1824
f 5334//1824 5604//1824 5377//1824
f 5334//1824 5336//1824 5604//1824
f 5377//1824 5604//1824 5379//1824
f 5336//1824 5605//1824 5604//1824
f 5605//1824 5606//1824 5604//1824
f 5605//1824 5101//1824 5606//1824
f 5604//1824 5606//1824 5379//1824
f 5336//1824 5339//1824 5605//1824
f 5339//1824 5106//1824 5605//1824
f 5339//1824 5108//1824 5106//1824
f 5605//1824 5106//1824 5101//1824
f 5379//1824 5606//1824 5383//1824
f 5606//1824 5098//1824 5383//1824
f 5606//1824 5101//1824 5098//1824
f 5383//1824 5098//1824 5097//1824
f 3787//1824 5593//1824 5607//1824
f 5593//1824 5608//1824 5607//1824
f 5593//1824 5596//1824 5608//1824
f 5607//1824 5608//1824 5609//1824
f 5596//1824 5610//1824 5608//1824
f 5610//1824 5611//1824 5608//1824
f 5610//1824 5312//1824 5611//1824
f 5608//1824 5611//1824 5609//1824
f 5596//1824 5600//1824 5610//1824
f 5600//1824 5310//1824 5610//1824
f 5600//1824 5127//1824 5310//1824
f 5610//1824 5310//1824 5312//1824
f 5609//1824 5611//1824 5612//1824
f 5611//1824 5317//1824 5612//1824
f 5611//1824 5312//1824 5317//1824
f 5612//1824 5317//1824 4807//1824
f 3787//1824 5607//1824 5162//1824
f 5607//1824 5613//1824 5162//1824
f 5607//1824 5609//1824 5613//1824
f 5162//1824 5613//1824 5164//1824
f 5609//1824 5614//1824 5613//1824
f 5614//1824 5615//1824 5613//1824
f 5614//1824 4801//1824 5615//1824
f 5613//1824 5615//1824 5164//1824
f 5609//1824 5612//1824 5614//1824
f 5612//1824 4806//1824 5614//1824
f 5612//1824 4807//1824 4806//1824
f 5614//1824 4806//1824 4801//1824
f 5164//1824 5615//1824 5167//1824
f 5615//1824 4803//1824 5167//1824
f 5615//1824 4801//1824 4803//1824
f 5167//1824 4803//1824 4804//1824
f 1668//1824 5586//1824 5222//1824
f 5586//1824 5616//1824 5222//1824
f 5586//1824 5588//1824 5616//1824
f 5222//1824 5616//1824 5224//1824
f 5588//1824 5617//1824 5616//1824
f 5617//1824 5618//1824 5616//1824
f 5617//1824 4816//1824 5618//1824
f 5616//1824 5618//1824 5224//1824
f 5588//1824 5591//1824 5617//1824
f 5591//1824 4821//1824 5617//1824
f 5591//1824 4822//1824 4821//1824
f 5617//1824 4821//1824 4816//1824
f 5224//1824 5618//1824 5227//1824
f 5618//1824 4818//1824 5227//1824
f 5618//1824 4816//1824 4818//1824
f 5227//1824 4818//1824 4819//1824
f 2570//1824 5242//1824 5529//1824
f 5242//1824 5619//1824 5529//1824
f 5242//1824 5240//1824 5619//1824
f 5529//1824 5619//1824 5532//1824
f 5240//1824 5620//1824 5619//1824
f 5620//1824 5621//1824 5619//1824
f 5620//1824 5044//1824 5621//1824
f 5619//1824 5621//1824 5532//1824
f 5240//1824 5241//1824 5620//1824
f 5241//1824 5049//1824 5620//1824
f 5241//1824 5051//1824 5049//1824
f 5620//1824 5049//1824 5044//1824
f 5532//1824 5621//1824 5536//1824
f 5621//1824 5041//1824 5536//1824
f 5621//1824 5044//1824 5041//1824
f 5536//1824 5041//1824 4926//1824
f 860//1824 4645//1824 5350//1824
f 4645//1824 5622//1824 5350//1824
f 4645//1824 4648//1824 5622//1824
f 5350//1824 5622//1824 5352//1824
f 4648//1824 5623//1824 5622//1824
f 5623//1824 5624//1824 5622//1824
f 5623//1824 5345//1824 5624//1824
f 5622//1824 5624//1824 5352//1824
f 4648//1824 4655//1824 5623//1824
f 4655//1824 5349//1824 5623//1824
f 4655//1824 2220//1824 5349//1824
f 5623//1824 5349//1824 5345//1824
f 5352//1824 5624//1824 5356//1824
f 5624//1824 5347//1824 5356//1824
f 5624//1824 5345//1824 5347//1824
f 5356//1824 5347//1824 5348//1824
f 3864//1824 5392//1824 5625//1824
f 5392//1824 5626//1824 5625//1824
f 5392//1824 5388//1824 5626//1824
f 5625//1824 5626//1824 5627//1824
f 5388//1824 5628//1824 5626//1824
f 5628//1824 5629//1824 5626//1824
f 5628//1824 4783//1824 5629//1824
f 5626//1824 5629//1824 5627//1824
f 5388//1824 5386//1824 5628//1824
f 5386//1824 4780//1824 5628//1824
f 5386//1824 1668//1824 4780//1824
f 5628//1824 4780//1824 4783//1824
f 5627//1824 5629//1824 5630//1824
f 5629//1824 4790//1824 5630//1824
f 5629//1824 4783//1824 4790//1824
f 5630//1824 4790//1824 4792//1824
f 3186//1824 5631//1824 3304//1824
f 5631//1824 5632//1824 3304//1824
f 5631//1824 5633//1824 5632//1824
f 3304//1824 5632//1824 3306//1824
f 5633//1824 5634//1824 5632//1824
f 5634//1824 5635//1824 5632//1824
f 5634//1824 5496//1824 5635//1824
f 5632//1824 5635//1824 3306//1824
f 5633//1824 5636//1824 5634//1824
f 5636//1824 5500//1824 5634//1824
f 5636//1824 4733//1824 5500//1824
f 5634//1824 5500//1824 5496//1824
f 3306//1824 5635//1824 3309//1824
f 5635//1824 5493//1824 3309//1824
f 5635//1824 5496//1824 5493//1824
f 3309//1824 5493//1824 3294//1824
f 3186//1824 5438//1824 5631//1824
f 5438//1824 5637//1824 5631//1824
f 5438//1824 5434//1824 5637//1824
f 5631//1824 5637//1824 5633//1824
f 5434//1824 5638//1824 5637//1824
f 5638//1824 5639//1824 5637//1824
f 5638//1824 4725//1824 5639//1824
f 5637//1824 5639//1824 5633//1824
f 5434//1824 5436//1824 5638//1824
f 5436//1824 4722//1824 5638//1824
f 5436//1824 3787//1824 4722//1824
f 5638//1824 4722//1824 4725//1824
f 5633//1824 5639//1824 5636//1824
f 5639//1824 4731//1824 5636//1824
f 5639//1824 4725//1824 4731//1824
f 5636//1824 4731//1824 4733//1824
f 860//1824 5539//1824 4644//1824
f 5539//1824 5640//1824 4644//1824
f 5539//1824 5542//1824 5640//1824
f 4644//1824 5640//1824 4647//1824
f 5542//1824 5641//1824 5640//1824
f 5641//1824 5642//1824 5640//1824
f 5641//1824 5233//1824 5642//1824
f 5640//1824 5642//1824 4647//1824
f 5542//1824 5546//1824 5641//1824
f 5546//1824 5231//1824 5641//1824
f 5546//1824 4960//1824 5231//1824
f 5641//1824 5231//1824 5233//1824
f 4647//1824 5642//1824 4652//1824
f 5642//1824 5236//1824 4652//1824
f 5642//1824 5233//1824 5236//1824
f 4652//1824 5236//1824 4654//1824
f 3864//1824 5625//1824 5243//1824
f 5625//1824 5643//1824 5243//1824
f 5625//1824 5627//1824 5643//1824
f 5243//1824 5643//1824 5245//1824
f 5627//1824 5644//1824 5643//1824
f 5644//1824 5645//1824 5643//1824
f 5644//1824 5555//1824 5645//1824
f 5643//1824 5645//1824 5245//1824
f 5627//1824 5630//1824 5644//1824
f 5630//1824 5558//1824 5644//1824
f 5630//1824 4792//1824 5558//1824
f 5644//1824 5558//1824 5555//1824
f 5245//1824 5645//1824 5249//1824
f 5645//1824 5556//1824 5249//1824
f 5645//1824 5555//1824 5556//1824
f 5249//1824 5556//1824 5251//1824
f 4257//1825 5646//1825 5647//1825
f 5646//1825 5648//1825 5647//1825
f 5646//1825 5649//1825 5648//1825
f 5647//1825 5648//1825 5650//1825
f 5649//1825 5651//1825 5648//1825
f 5651//1825 5652//1825 5648//1825
f 5651//1825 5653//1825 5652//1825
f 5648//1825 5652//1825 5650//1825
f 5649//1825 5654//1825 5651//1825
f 5654//1825 5655//1825 5651//1825
f 5654//1825 5656//1825 5655//1825
f 5651//1825 5655//1825 5653//1825
f 5650//1825 5652//1825 5657//1825
f 5652//1825 5658//1825 5657//1825
f 5652//1825 5653//1825 5658//1825
f 5657//1825 5658//1825 5659//1825
f 5412//1825 5410//1825 5660//1825
f 5410//1825 5661//1825 5660//1825
f 5410//1825 5406//1825 5661//1825
f 5660//1825 5661//1825 5662//1825
f 5406//1825 5663//1825 5661//1825
f 5663//1825 5664//1825 5661//1825
f 5663//1825 5665//1825 5664//1825
f 5661//1825 5664//1825 5662//1825
f 5406//1825 5404//1825 5663//1825
f 5404//1825 5666//1825 5663//1825
f 5404//1826 16//1826 5666//1826
f 5663//1825 5666//1825 5665//1825
f 5662//1825 5664//1825 5667//1825
f 5664//1825 5668//1825 5667//1825
f 5664//1825 5665//1825 5668//1825
f 5667//1825 5668//1825 5669//1825
f 4257//1825 5647//1825 4379//1825
f 5647//1825 5670//1825 4379//1825
f 5647//1825 5650//1825 5670//1825
f 4379//1825 5670//1825 4382//1825
f 5650//1825 5671//1825 5670//1825
f 5671//1825 5672//1825 5670//1825
f 5671//1825 5673//1825 5672//1825
f 5670//1825 5672//1825 4382//1825
f 5650//1825 5657//1825 5671//1825
f 5657//1825 5674//1825 5671//1825
f 5657//1825 5659//1825 5674//1825
f 5671//1825 5674//1825 5673//1825
f 4382//1825 5672//1825 4387//1825
f 5672//1825 5675//1825 4387//1825
f 5672//1825 5673//1825 5675//1825
f 4387//1825 5675//1825 4389//1825
f 5669//1825 5676//1825 5677//1825
f 5676//1825 5678//1825 5677//1825
f 5676//1825 5679//1825 5678//1825
f 5677//1825 5678//1825 5680//1825
f 5679//1825 5681//1825 5678//1825
f 5681//1825 5682//1825 5678//1825
f 5681//1825 5683//1825 5682//1825
f 5678//1825 5682//1825 5680//1825
f 5679//1825 5684//1825 5681//1825
f 5684//1825 5685//1825 5681//1825
f 5684//1825 5686//1825 5685//1825
f 5681//1825 5685//1825 5683//1825
f 5680//1825 5682//1825 5687//1825
f 5682//1825 5688//1825 5687//1825
f 5682//1825 5683//1825 5688//1825
f 5687//1825 5688//1825 5689//1825
f 5412//1825 5660//1825 5690//1825
f 5660//1825 5691//1825 5690//1825
f 5660//1825 5662//1825 5691//1825
f 5690//1825 5691//1825 5692//1825
f 5662//1825 5693//1825 5691//1825
f 5693//1825 5694//1825 5691//1825
f 5693//1825 5680//1825 5694//1825
f 5691//1825 5694//1825 5692//1825
f 5662//1825 5667//1825 5693//1825
f 5667//1825 5677//1825 5693//1825
f 5667//1825 5669//1825 5677//1825
f 5693//1825 5677//1825 5680//1825
f 5692//1825 5694//1825 5695//1825
f 5694//1825 5687//1825 5695//1825
f 5694//1825 5680//1825 5687//1825
f 5695//1825 5687//1825 5689//1825
f 5424//1825 5422//1825 5696//1825
f 5422//1825 5697//1825 5696//1825
f 5422//1825 5417//1825 5697//1825
f 5696//1825 5697//1825 5698//1825
f 5417//1825 5699//1825 5697//1825
f 5699//1825 5700//1825 5697//1825
f 5699//1825 5692//1825 5700//1825
f 5697//1825 5700//1825 5698//1825
f 5417//1825 5414//1825 5699//1825
f 5414//1825 5690//1825 5699//1825
f 5414//1825 5412//1825 5690//1825
f 5699//1825 5690//1825 5692//1825
f 5698//1825 5700//1825 5701//1825
f 5700//1825 5695//1825 5701//1825
f 5700//1825 5692//1825 5695//1825
f 5701//1825 5695//1825 5689//1825
f 5686//1825 5702//1825 5685//1825
f 5702//1825 5703//1825 5685//1825
f 5702//1825 5704//1825 5703//1825
f 5685//1825 5703//1825 5683//1825
f 5704//1825 5705//1825 5703//1825
f 5705//1825 5706//1825 5703//1825
f 5705//1825 5707//1825 5706//1825
f 5703//1825 5706//1825 5683//1825
f 5704//1825 5708//1825 5705//1825
f 5708//1825 5709//1825 5705//1825
f 5708//1825 5656//1825 5709//1825
f 5705//1825 5709//1825 5707//1825
f 5683//1825 5706//1825 5688//1825
f 5706//1825 5710//1825 5688//1825
f 5706//1825 5707//1825 5710//1825
f 5688//1825 5710//1825 5689//1825
f 5686//1825 5711//1825 5702//1825
f 5711//1825 5712//1825 5702//1825
f 5711//1825 5713//1825 5712//1825
f 5702//1825 5712//1825 5704//1825
f 5713//1825 5714//1825 5712//1825
f 5714//1825 5715//1825 5712//1825
f 5714//1825 5653//1825 5715//1825
f 5712//1825 5715//1825 5704//1825
f 5713//1825 5716//1825 5714//1825
f 5716//1825 5658//1825 5714//1825
f 5716//1825 5659//1825 5658//1825
f 5714//1825 5658//1825 5653//1825
f 5704//1825 5715//1825 5708//1825
f 5715//1825 5655//1825 5708//1825
f 5715//1825 5653//1825 5655//1825
f 5708//1825 5655//1825 5656//1825
f 4289//1825 5717//1825 5718//1825
f 5717//1825 5719//1825 5718//1825
f 5717//1825 5720//1825 5719//1825
f 5718//1825 5719//1825 5721//1825
f 5720//1825 5722//1825 5719//1825
f 5722//1825 5723//1825 5719//1825
f 5722//1825 5707//1825 5723//1825
f 5719//1825 5723//1825 5721//1825
f 5720//1825 5724//1825 5722//1825
f 5724//1825 5710//1825 5722//1825
f 5724//1825 5689//1825 5710//1825
f 5722//1825 5710//1825 5707//1825
f 5721//1825 5723//1825 5725//1825
f 5723//1825 5709//1825 5725//1825
f 5723//1825 5707//1825 5709//1825
f 5725//1825 5709//1825 5656//1825
f 5424//1825 5726//1825 5427//1825
f 5726//1825 5727//1825 5427//1825
f 5726//1825 5728//1825 5727//1825
f 5427//1825 5727//1825 5430//1825
f 5728//1825 5729//1825 5727//1825
f 5729//1825 5730//1825 5727//1825
f 5729//1825 5731//1825 5730//1825
f 5727//1825 5730//1825 5430//1825
f 5728//1825 5732//1825 5729//1825
f 5732//1825 5733//1825 5729//1825
f 5732//1825 5734//1825 5733//1825
f 5729//1825 5733//1825 5731//1825
f 5430//1825 5730//1825 5435//1825
f 5730//1825 5735//1825 5435//1825
f 5730//1825 5731//1825 5735//1825
f 5435//1827 5735//1827 3787//1827
f 4289//1825 5736//1825 5717//1825
f 5736//1825 5737//1825 5717//1825
f 5736//1825 5738//1825 5737//1825
f 5717//1825 5737//1825 5720//1825
f 5738//1825 5739//1825 5737//1825
f 5739//1825 5740//1825 5737//1825
f 5739//1825 5741//1825 5740//1825
f 5737//1825 5740//1825 5720//1825
f 5738//1825 5742//1825 5739//1825
f 5742//1825 5743//1825 5739//1825
f 5742//1825 5734//1825 5743//1825
f 5739//1825 5743//1825 5741//1825
f 5720//1825 5740//1825 5724//1825
f 5740//1825 5744//1825 5724//1825
f 5740//1825 5741//1825 5744//1825
f 5724//1825 5744//1825 5689//1825
f 4220//1825 4222//1825 5745//1825
f 4222//1825 5746//1825 5745//1825
f 4222//1825 4225//1825 5746//1825
f 5745//1825 5746//1825 5747//1825
f 4225//1825 5748//1825 5746//1825
f 5748//1825 5749//1825 5746//1825
f 5748//1825 5731//1825 5749//1825
f 5746//1825 5749//1825 5747//1825
f 4225//1825 4231//1825 5748//1825
f 4231//1825 5735//1825 5748//1825
f 4231//1828 3787//1828 5735//1828
f 5748//1825 5735//1825 5731//1825
f 5747//1825 5749//1825 5750//1825
f 5749//1825 5733//1825 5750//1825
f 5749//1825 5731//1825 5733//1825
f 5750//1825 5733//1825 5734//1825
f 4220//1825 5745//1825 4319//1825
f 5745//1825 5751//1825 4319//1825
f 5745//1825 5747//1825 5751//1825
f 4319//1825 5751//1825 4322//1825
f 5747//1825 5752//1825 5751//1825
f 5752//1825 5753//1825 5751//1825
f 5752//1825 5738//1825 5753//1825
f 5751//1825 5753//1825 4322//1825
f 5747//1825 5750//1825 5752//1825
f 5750//1825 5742//1825 5752//1825
f 5750//1825 5734//1825 5742//1825
f 5752//1825 5742//1825 5738//1825
f 4322//1825 5753//1825 4326//1825
f 5753//1825 5736//1825 4326//1825
f 5753//1825 5738//1825 5736//1825
f 4326//1825 5736//1825 4289//1825
f 5424//1825 5696//1825 5726//1825
f 5696//1825 5754//1825 5726//1825
f 5696//1825 5698//1825 5754//1825
f 5726//1825 5754//1825 5728//1825
f 5698//1825 5755//1825 5754//1825
f 5755//1825 5756//1825 5754//1825
f 5755//1825 5741//1825 5756//1825
f 5754//1825 5756//1825 5728//1825
f 5698//1825 5701//1825 5755//1825
f 5701//1825 5744//1825 5755//1825
f 5701//1825 5689//1825 5744//1825
f 5755//1825 5744//1825 5741//1825
f 5728//1825 5756//1825 5732//1825
f 5756//1825 5743//1825 5732//1825
f 5756//1825 5741//1825 5743//1825
f 5732//1825 5743//1825 5734//1825
f 5669//1825 5757//1825 5676//1825
f 5757//1825 5758//1825 5676//1825
f 5757//1825 5759//1825 5758//1825
f 5676//1825 5758//1825 5679//1825
f 5759//1825 5760//1825 5758//1825
f 5760//1825 5761//1825 5758//1825
f 5760//1825 5713//1825 5761//1825
f 5758//1825 5761//1825 5679//1825
f 5759//1825 5762//1825 5760//1825
f 5762//1825 5716//1825 5760//1825
f 5762//1825 5659//1825 5716//1825
f 5760//1825 5716//1825 5713//1825
f 5679//1825 5761//1825 5684//1825
f 5761//1825 5711//1825 5684//1825
f 5761//1825 5713//1825 5711//1825
f 5684//1825 5711//1825 5686//1825
f 4389//1825 5675//1825 5763//1825
f 5675//1825 5764//1825 5763//1825
f 5675//1826 5673//1826 5764//1826
f 5763//1825 5764//1825 5765//1825
f 5673//1825 5766//1825 5764//1825
f 5766//1825 5767//1825 5764//1825
f 5766//1825 5759//1825 5767//1825
f 5764//1825 5767//1825 5765//1825
f 5673//1825 5674//1825 5766//1825
f 5674//1825 5762//1825 5766//1825
f 5674//1825 5659//1825 5762//1825
f 5766//1825 5762//1825 5759//1825
f 5765//1825 5767//1825 5768//1825
f 5767//1825 5757//1825 5768//1825
f 5767//1825 5759//1825 5757//1825
f 5768//1825 5757//1825 5669//1825
f 4257//1825 4301//1825 5646//1825
f 4301//1825 5769//1825 5646//1825
f 4301//1825 4304//1825 5769//1825
f 5646//1825 5769//1825 5649//1825
f 4304//1825 5770//1825 5769//1825
f 5770//1825 5771//1825 5769//1825
f 5770//1825 5721//1825 5771//1825
f 5769//1825 5771//1825 5649//1825
f 4304//1825 4308//1825 5770//1825
f 4308//1825 5718//1825 5770//1825
f 4308//1825 4289//1825 5718//1825
f 5770//1825 5718//1825 5721//1825
f 5649//1825 5771//1825 5654//1825
f 5771//1825 5725//1825 5654//1825
f 5771//1825 5721//1825 5725//1825
f 5654//1825 5725//1825 5656//1825
f 4417//1829 5772//1829 4416//1829
f 5772//1830 5773//1830 4416//1830
f 5772//1830 5774//1830 5773//1830
f 4416//1830 5773//1830 4414//1830
f 5774//1831 5775//1831 5773//1831
f 5775//1831 5776//1831 5773//1831
f 5775//1832 156//1832 5776//1832
f 5773//1831 5776//1831 4414//1831
f 5774//1831 5777//1831 5775//1831
f 5777//1832 153//1832 5775//1832
f 5777//1832 129//1832 153//1832
f 5775//1832 153//1832 156//1832
f 4414//1831 5776//1831 4418//1831
f 5776//1832 163//1832 4418//1832
f 5776//1832 156//1832 163//1832
f 4418//1832 163//1832 165//1832
f 5778//1833 5779//1833 5780//1833
f 5779//1834 5781//1834 5780//1834
f 5779//1835 5782//1835 5781//1835
f 5780//1836 5781//1836 5783//1836
f 5782//1837 5784//1837 5781//1837
f 5784//1838 5785//1838 5781//1838
f 5784//1839 5786//1839 5785//1839
f 5781//1840 5785//1840 5783//1840
f 5782//1841 5787//1841 5784//1841
f 5787//1842 5788//1842 5784//1842
f 5787//1843 5789//1843 5788//1843
f 5784//1844 5788//1844 5786//1844
f 5783//1845 5785//1845 5790//1845
f 5785//1846 5791//1846 5790//1846
f 5785//1847 5786//1847 5791//1847
f 5790//1848 5791//1848 4389//1848
f 5789//1849 5792//1849 5788//1849
f 5792//1850 5793//1850 5788//1850
f 5792//1851 5794//1851 5793//1851
f 5788//1852 5793//1852 5786//1852
f 5794//1853 5795//1853 5793//1853
f 5795//1854 5796//1854 5793//1854
f 5795//1855 4386//1855 5796//1855
f 5793//1856 5796//1856 5786//1856
f 5794//1857 5797//1857 5795//1857
f 5797//1858 4391//1858 5795//1858
f 5797//1859 4392//1859 4391//1859
f 5795//1860 4391//1860 4386//1860
f 5786//1861 5796//1861 5791//1861
f 5796//1862 4388//1862 5791//1862
f 5796//1863 4386//1863 4388//1863
f 5791//1864 4388//1864 4389//1864
f 4392//1865 5797//1865 4397//1865
f 5797//1866 5798//1866 4397//1866
f 5797//1867 5794//1867 5798//1867
f 4397//1868 5798//1868 4396//1868
f 5794//1869 5799//1869 5798//1869
f 5799//1870 5800//1870 5798//1870
f 5799//1871 5801//1871 5800//1871
f 5798//1872 5800//1872 4396//1872
f 5794//1873 5792//1873 5799//1873
f 5792//1874 5802//1874 5799//1874
f 5792//1875 5789//1875 5802//1875
f 5799//1876 5802//1876 5801//1876
f 4396//1877 5800//1877 4398//1877
f 5800//1878 5803//1878 4398//1878
f 5800//1879 5801//1879 5803//1879
f 4398//1880 5803//1880 4242//1880
f 5789//1881 5804//1881 5802//1881
f 5804//1882 5805//1882 5802//1882
f 5804//1883 5806//1883 5805//1883
f 5802//1884 5805//1884 5801//1884
f 5806//1885 5807//1885 5805//1885
f 5807//1886 5808//1886 5805//1886
f 5807//1887 4472//1887 5808//1887
f 5805//1888 5808//1888 5801//1888
f 5806//1889 5809//1889 5807//1889
f 5809//1890 4469//1890 5807//1890
f 5809//1891 4417//1891 4469//1891
f 5807//1892 4469//1892 4472//1892
f 5801//1893 5808//1893 5803//1893
f 5808//1894 4476//1894 5803//1894
f 5808//1895 4472//1895 4476//1895
f 5803//1896 4476//1896 4242//1896
f 5810//1897 5811//1897 5812//1897
f 5811//1898 5813//1898 5812//1898
f 5811//1899 5814//1899 5813//1899
f 5812//1900 5813//1900 5815//1900
f 5814//1901 5816//1901 5813//1901
f 5816//1902 5817//1902 5813//1902
f 5816//1903 238//1903 5817//1903
f 5813//1904 5817//1904 5815//1904
f 5814//1905 5818//1905 5816//1905
f 5818//1906 242//1906 5816//1906
f 5818//1907 243//1907 242//1907
f 5816//1908 242//1908 238//1908
f 5815//1909 5817//1909 5819//1909
f 5817//1910 240//1910 5819//1910
f 5817//1911 238//1911 240//1911
f 5819//1912 240//1912 129//1912
f 5810//1913 5820//1913 5821//1913
f 5820//1914 5822//1914 5821//1914
f 5820//1915 5823//1915 5822//1915
f 5821//1916 5822//1916 5824//1916
f 5823//1917 5825//1917 5822//1917
f 5825//1918 5826//1918 5822//1918
f 5825//1919 5806//1919 5826//1919
f 5822//1920 5826//1920 5824//1920
f 5823//1921 5827//1921 5825//1921
f 5827//1922 5809//1922 5825//1922
f 5827//1923 4417//1923 5809//1923
f 5825//1924 5809//1924 5806//1924
f 5824//1925 5826//1925 5828//1925
f 5826//1926 5804//1926 5828//1926
f 5826//1927 5806//1927 5804//1927
f 5828//1928 5804//1928 5789//1928
f 4417//1929 5827//1929 5772//1929
f 5827//1930 5829//1930 5772//1930
f 5827//1931 5823//1931 5829//1931
f 5772//1932 5829//1932 5774//1932
f 5823//1933 5830//1933 5829//1933
f 5830//1934 5831//1934 5829//1934
f 5830//1935 5815//1935 5831//1935
f 5829//1936 5831//1936 5774//1936
f 5823//1937 5820//1937 5830//1937
f 5820//1938 5812//1938 5830//1938
f 5820//1939 5810//1939 5812//1939
f 5830//1940 5812//1940 5815//1940
f 5774//1941 5831//1941 5777//1941
f 5831//1942 5819//1942 5777//1942
f 5831//1943 5815//1943 5819//1943
f 5777//1944 5819//1944 129//1944
f 144//1945 252//1945 5832//1945
f 252//1946 5833//1946 5832//1946
f 252//1947 247//1947 5833//1947
f 5832//1948 5833//1948 5834//1948
f 247//1949 5835//1949 5833//1949
f 5835//1950 5836//1950 5833//1950
f 5835//1951 5814//1951 5836//1951
f 5833//1952 5836//1952 5834//1952
f 247//1953 244//1953 5835//1953
f 244//1954 5818//1954 5835//1954
f 244//1955 243//1955 5818//1955
f 5835//1956 5818//1956 5814//1956
f 5834//1957 5836//1957 5837//1957
f 5836//1958 5811//1958 5837//1958
f 5836//1959 5814//1959 5811//1959
f 5837//1960 5811//1960 5810//1960
f 5789//1961 5838//1961 5828//1961
f 5838//1962 5839//1962 5828//1962
f 5838//1963 5840//1963 5839//1963
f 5828//1964 5839//1964 5824//1964
f 5840//1965 5841//1965 5839//1965
f 5841//1966 5842//1966 5839//1966
f 5841//1967 5834//1967 5842//1967
f 5839//1968 5842//1968 5824//1968
f 5840//1969 5843//1969 5841//1969
f 5843//1970 5832//1970 5841//1970
f 5843//1971 144//1971 5832//1971
f 5841//1972 5832//1972 5834//1972
f 5824//1973 5842//1973 5821//1973
f 5842//1974 5837//1974 5821//1974
f 5842//1975 5834//1975 5837//1975
f 5821//1976 5837//1976 5810//1976
f 5778//1977 5844//1977 5779//1977
f 5844//1978 5845//1978 5779//1978
f 5844//1979 5846//1979 5845//1979
f 5779//1980 5845//1980 5782//1980
f 5846//1981 5847//1981 5845//1981
f 5847//1982 5848//1982 5845//1982
f 5847//1983 5840//1983 5848//1983
f 5845//1984 5848//1984 5782//1984
f 5846//1985 5849//1985 5847//1985
f 5849//1986 5843//1986 5847//1986
f 5849//1987 144//1987 5843//1987
f 5847//1988 5843//1988 5840//1988
f 5782//1989 5848//1989 5787//1989
f 5848//1990 5838//1990 5787//1990
f 5848//1991 5840//1991 5838//1991
f 5787//1992 5838//1992 5789//1992
f 144//1993 5849//1993 143//1993
f 5849//1993 5850//1993 143//1993
f 5849//1994 5846//1994 5850//1994
f 143//1993 5850//1993 141//1993
f 5846//1994 5851//1994 5850//1994
f 5851//1994 5852//1994 5850//1994
f 5851//1994 5853//1994 5852//1994
f 5850//1993 5852//1993 141//1993
f 5846//1995 5844//1995 5851//1995
f 5844//1995 5854//1995 5851//1995
f 5844//1996 5778//1996 5854//1996
f 5851//1995 5854//1995 5853//1995
f 141//1993 5852//1993 145//1993
f 5852//1993 5855//1993 145//1993
f 5852//1994 5853//1994 5855//1994
f 145//1997 5855//1997 30//1997
f 5669//1998 5856//1998 5768//1998
f 5856//1999 5857//1999 5768//1999
f 5856//2000 5858//2000 5857//2000
f 5768//2001 5857//2001 5765//2001
f 5858//2002 5859//2002 5857//2002
f 5859//2003 5860//2003 5857//2003
f 5859//2004 5783//2004 5860//2004
f 5857//2005 5860//2005 5765//2005
f 5858//2006 5861//2006 5859//2006
f 5861//2007 5780//2007 5859//2007
f 5861//2008 5778//2008 5780//2008
f 5859//2009 5780//2009 5783//2009
f 5765//2010 5860//2010 5763//2010
f 5860//2011 5790//2011 5763//2011
f 5860//2012 5783//2012 5790//2012
f 5763//2013 5790//2013 4389//2013
f 30//2014 5862//2014 28//2014
f 5862//2014 5863//2014 28//2014
f 5862//2015 5864//2015 5863//2015
f 28//2014 5863//2014 21//2014
f 5864//2016 5865//2016 5863//2016
f 5865//2017 5866//2017 5863//2017
f 5865//2018 5665//2018 5866//2018
f 5863//2019 5866//2019 21//2019
f 5864//2020 5867//2020 5865//2020
f 5867//2021 5668//2021 5865//2021
f 5867//2022 5669//2022 5668//2022
f 5865//2023 5668//2023 5665//2023
f 21//2024 5866//2024 18//2024
f 5866//2025 5666//2025 18//2025
f 5866//2026 5665//2026 5666//2026
f 18//2027 5666//2027 16//2027
f 30//2028 5855//2028 5862//2028
f 5855//2029 5868//2029 5862//2029
f 5855//2030 5853//2030 5868//2030
f 5862//2031 5868//2031 5864//2031
f 5853//2032 5869//2032 5868//2032
f 5869//2033 5870//2033 5868//2033
f 5869//2034 5858//2034 5870//2034
f 5868//2035 5870//2035 5864//2035
f 5853//2036 5854//2036 5869//2036
f 5854//2037 5861//2037 5869//2037
f 5854//2038 5778//2038 5861//2038
f 5869//2039 5861//2039 5858//2039
f 5864//2040 5870//2040 5867//2040
f 5870//2041 5856//2041 5867//2041
f 5870//2042 5858//2042 5856//2042
f 5867//2043 5856//2043 5669//2043
