# Blender 4.3.2
# www.blender.org
mtllib mixer_r25mm.mtl
o Body1
v 0.004228 0.020834 0.003272
v 0.004432 0.020834 0.002998
v 0.004347 0.020933 0.003110
v 0.004421 0.021005 0.002993
v 0.004324 0.021128 0.003094
v 0.004389 0.021177 0.002982
v 0.004278 0.021314 0.003061
v 0.004338 0.021333 0.002964
v 0.004210 0.021487 0.003012
v 0.004266 0.021484 0.002938
v 0.004425 0.021487 0.002698
v 0.004373 0.021455 0.002810
v 0.004475 0.021430 0.002674
v 0.004572 0.021409 0.002531
v 0.004615 0.021487 0.002369
v 0.004520 0.021641 0.002320
v 0.004681 0.021641 0.001985
v 0.004563 0.021771 0.001935
v 0.004696 0.021771 0.001598
v 0.004558 0.021875 0.001551
v 0.004662 0.021875 0.001215
v 0.004509 0.021949 0.001175
v 0.004585 0.021949 0.000844
v 0.004420 0.021991 0.000814
v 0.004469 0.021991 0.000490
v 0.004311 0.022000 0.000699
v 0.004354 0.022000 0.000351
v 0.004494 0.021991 0.000164
v 0.004369 0.022000 0.000000
v 0.004494 0.021991 -0.000164
v 0.004354 0.022000 -0.000351
v 0.004469 0.021991 -0.000490
v 0.004311 0.022000 -0.000699
v 0.004420 0.021991 -0.000814
v 0.004238 0.022000 -0.001043
v 0.004347 0.021991 -0.001133
v 0.004138 0.022000 -0.001379
v 0.004250 0.021991 -0.001446
v 0.004010 0.022000 -0.001707
v 0.004130 0.021991 -0.001751
v 0.003988 0.021991 -0.002047
v 0.004284 0.021949 -0.001816
v 0.004136 0.021949 -0.002123
v 0.004430 0.021875 -0.001878
v 0.004277 0.021875 -0.002195
v 0.004563 0.021771 -0.001935
v 0.004406 0.021771 -0.002261
v 0.004681 0.021641 -0.001985
v 0.004520 0.021641 -0.002320
v 0.004780 0.021487 -0.002027
v 0.004615 0.021487 -0.002369
v 0.004746 0.021378 -0.002232
v 0.004662 0.021392 -0.002383
v 0.004662 0.021392 0.002383
v 0.004746 0.021378 0.002232
v 0.004780 0.021487 0.002027
v 0.004822 0.021368 0.002079
v 0.004891 0.021363 0.001926
v 0.004919 0.021487 0.001673
v 0.004950 0.021361 0.001774
v 0.005003 0.021363 0.001621
v 0.005051 0.021368 0.001460
v 0.005031 0.021487 0.001311
v 0.004927 0.021641 0.001284
v 0.005010 0.021641 0.000922
v 0.004884 0.021771 0.000899
v 0.004938 0.021771 0.000541
v 0.004793 0.021875 0.000526
v 0.004819 0.021875 0.000175
v 0.004661 0.021949 0.000170
v 0.004661 0.021949 -0.000170
v 0.005092 0.021378 0.001295
v 0.005127 0.021392 0.001126
v 0.005115 0.021487 0.000942
v 0.005154 0.021409 0.000955
v 0.005173 0.021430 0.000785
v 0.005184 0.021455 0.000616
v 0.005172 0.021487 0.000567
v 0.005065 0.021641 0.000555
v 0.005093 0.021641 0.000185
v 0.004965 0.021771 0.000181
v 0.004965 0.021771 -0.000181
v 0.004819 0.021875 -0.000175
v 0.004793 0.021875 -0.000526
v 0.004635 0.021949 -0.000508
v 0.004585 0.021949 -0.000844
v 0.005185 0.021484 0.000450
v 0.005200 0.021487 0.000189
v 0.005093 0.021641 -0.000185
v 0.004938 0.021771 -0.000541
v 0.004740 0.021875 -0.000873
v 0.004509 0.021949 -0.001175
v 0.005257 0.021333 0.000476
v 0.005284 0.021314 0.000192
v 0.005200 0.021487 -0.000189
v 0.005284 0.021314 -0.000192
v 0.005185 0.021484 -0.000450
v 0.005258 0.021333 -0.000476
v 0.005308 0.021177 -0.000494
v 0.005341 0.021128 -0.000194
v 0.005340 0.021005 -0.000505
v 0.005370 0.020933 -0.000196
v 0.005352 0.020834 -0.000510
v 0.005374 0.020834 -0.000170
v 0.005370 0.020933 0.000196
v 0.005374 0.020834 0.000170
v 0.005352 0.020834 0.000510
v 0.005340 0.021005 0.000505
v 0.005341 0.021128 0.000194
v 0.005308 0.021177 0.000494
v 0.005172 0.021487 -0.000567
v 0.005184 0.021455 -0.000616
v 0.005173 0.021430 -0.000785
v 0.005115 0.021487 -0.000942
v 0.005154 0.021409 -0.000955
v 0.005127 0.021392 -0.001126
v 0.005031 0.021487 -0.001311
v 0.005092 0.021378 -0.001295
v 0.005051 0.021368 -0.001460
v 0.004919 0.021487 -0.001673
v 0.005003 0.021363 -0.001621
v 0.004950 0.021361 -0.001774
v 0.004891 0.021363 -0.001926
v 0.004822 0.021368 -0.002079
v 0.004572 0.021409 -0.002531
v 0.004475 0.021430 -0.002674
v 0.004425 0.021487 -0.002698
v 0.004373 0.021455 -0.002810
v 0.004266 0.021484 -0.002938
v 0.004210 0.021487 -0.003012
v 0.004338 0.021333 -0.002964
v 0.004278 0.021314 -0.003061
v 0.004389 0.021177 -0.002982
v 0.004324 0.021128 -0.003094
v 0.004421 0.021005 -0.002993
v 0.004347 0.020933 -0.003110
v 0.004432 0.020834 -0.002998
v 0.004228 0.020834 -0.003272
v 0.004102 0.020933 -0.003418
v 0.004006 0.020834 -0.003532
v 0.003834 0.020933 -0.003707
v 0.003767 0.020834 -0.003778
v 0.003761 0.021005 -0.003768
v 0.003814 0.021128 -0.003687
v 0.003744 0.021177 -0.003738
v 0.003773 0.021314 -0.003648
v 0.003717 0.021333 -0.003693
v 0.003714 0.021487 -0.003590
v 0.003679 0.021484 -0.003627
v 0.003434 0.021487 -0.003851
v 0.003569 0.021455 -0.003753
v 0.003451 0.021430 -0.003876
v 0.003325 0.021409 -0.003994
v 0.003136 0.021487 -0.004090
v 0.003071 0.021641 -0.004005
v 0.002763 0.021641 -0.004218
v 0.002693 0.021771 -0.004112
v 0.002377 0.021771 -0.004296
v 0.002308 0.021875 -0.004170
v 0.001989 0.021875 -0.004327
v 0.001923 0.021949 -0.004184
v 0.001604 0.021949 -0.004313
v 0.001547 0.021991 -0.004158
v 0.001231 0.021991 -0.004259
v 0.001485 0.022000 -0.004046
v 0.001145 0.022000 -0.004152
v 0.000908 0.021991 -0.004337
v 0.000798 0.022000 -0.004230
v 0.000580 0.021991 -0.004391
v 0.000445 0.022000 -0.004280
v 0.000249 0.021991 -0.004422
v 0.000089 0.022000 -0.004301
v -0.000083 0.021991 -0.004428
v -0.000267 0.022000 -0.004294
v -0.000415 0.021991 -0.004410
v -0.000622 0.022000 -0.004259
v -0.000744 0.021991 -0.004367
v -0.000972 0.022000 -0.004194
v -0.001070 0.021991 -0.004301
v -0.001316 0.022000 -0.004102
v -0.001390 0.021991 -0.004212
v -0.001651 0.022000 -0.003983
v -0.001700 0.021991 -0.004100
v -0.002004 0.021991 -0.003964
v -0.001763 0.021949 -0.004252
v -0.002079 0.021949 -0.004112
v -0.001824 0.021875 -0.004397
v -0.002150 0.021875 -0.004251
v -0.001879 0.021771 -0.004529
v -0.002215 0.021771 -0.004380
v -0.001928 0.021641 -0.004646
v -0.002272 0.021641 -0.004493
v -0.001969 0.021487 -0.004744
v -0.002320 0.021487 -0.004588
v -0.002197 0.021484 -0.004647
v -0.002210 0.021333 -0.004722
v 0.003193 0.021392 -0.004108
v 0.003056 0.021378 -0.004215
v 0.002821 0.021487 -0.004307
v 0.002916 0.021368 -0.004316
v 0.002775 0.021363 -0.004409
v 0.002634 0.021361 -0.004493
v 0.002490 0.021487 -0.004500
v 0.002439 0.021641 -0.004407
v 0.002102 0.021641 -0.004573
v 0.002049 0.021771 -0.004457
v 0.001709 0.021771 -0.004594
v 0.001659 0.021875 -0.004460
v 0.001320 0.021875 -0.004568
v 0.001276 0.021949 -0.004418
v 0.000942 0.021949 -0.004499
v 0.002489 0.021363 -0.004571
v 0.002337 0.021368 -0.004645
v 0.002146 0.021487 -0.004669
v 0.002179 0.021378 -0.004714
v 0.002016 0.021392 -0.004777
v 0.001790 0.021487 -0.004812
v 0.001850 0.021409 -0.004833
v 0.001683 0.021430 -0.004881
v 0.001516 0.021455 -0.004921
v 0.001424 0.021487 -0.004929
v 0.001395 0.021641 -0.004828
v 0.001029 0.021641 -0.004916
v 0.001003 0.021771 -0.004792
v 0.000641 0.021771 -0.004852
v 0.000622 0.021875 -0.004710
v 0.000267 0.021875 -0.004742
v 0.000258 0.021949 -0.004586
v -0.000086 0.021949 -0.004592
v 0.001350 0.021484 -0.004951
v 0.001051 0.021487 -0.005019
v 0.000657 0.021641 -0.004977
v 0.000275 0.021771 -0.004885
v -0.000089 0.021875 -0.004749
v -0.000430 0.021949 -0.004573
v 0.001389 0.021333 -0.005016
v 0.001067 0.021314 -0.005100
v 0.000671 0.021487 -0.005082
v 0.000682 0.021314 -0.005164
v 0.000437 0.021333 -0.005182
v 0.000428 0.021177 -0.005234
v 0.000689 0.021128 -0.005219
v 0.000422 0.021005 -0.005267
v 0.000693 0.020933 -0.005247
v 0.000420 0.020834 -0.005279
v 0.000763 0.020834 -0.005242
v 0.001085 0.020933 -0.005183
v 0.001103 0.020834 -0.005183
v 0.001439 0.020834 -0.005102
v 0.001433 0.021005 -0.005092
v 0.001079 0.021128 -0.005155
v 0.001416 0.021177 -0.005062
v 0.000451 0.021484 -0.005107
v 0.000288 0.021487 -0.005117
v 0.000282 0.021641 -0.005011
v -0.000094 0.021641 -0.005018
v -0.000092 0.021771 -0.004892
v -0.000458 0.021771 -0.004872
v -0.000445 0.021875 -0.004729
v -0.000798 0.021875 -0.004684
v -0.000772 0.021949 -0.004530
v -0.001110 0.021949 -0.004461
v 0.000285 0.021455 -0.005135
v 0.000114 0.021430 -0.005154
v -0.000096 0.021487 -0.005124
v -0.000060 0.021409 -0.005165
v -0.000235 0.021392 -0.005168
v -0.000480 0.021487 -0.005103
v -0.000410 0.021378 -0.005163
v -0.000583 0.021368 -0.005152
v -0.000752 0.021363 -0.005134
v -0.000862 0.021487 -0.005054
v -0.000844 0.021641 -0.004950
v -0.001213 0.021641 -0.004875
v -0.001182 0.021771 -0.004752
v -0.001535 0.021771 -0.004653
v -0.001490 0.021875 -0.004517
v -0.000915 0.021361 -0.005109
v -0.001077 0.021363 -0.005077
v -0.001238 0.021487 -0.004978
v -0.001241 0.021368 -0.005038
v -0.001408 0.021378 -0.004990
v -0.001608 0.021487 -0.004874
v -0.001573 0.021392 -0.004935
v -0.001737 0.021409 -0.004873
v -0.001897 0.021430 -0.004805
v -0.002051 0.021455 -0.004729
v -0.002357 0.021314 -0.004661
v -0.002220 0.021177 -0.004774
v -0.002382 0.021128 -0.004711
v -0.002226 0.021005 -0.004807
v -0.002395 0.020933 -0.004737
v -0.002228 0.020834 -0.004819
v -0.002537 0.020834 -0.004668
v -0.002744 0.020933 -0.004550
v -0.002837 0.020834 -0.004498
v -0.003077 0.020933 -0.004338
v -0.003124 0.020834 -0.004310
v -0.003115 0.021005 -0.004302
v -0.003061 0.021128 -0.004314
v -0.003088 0.021177 -0.004280
v -0.003028 0.021314 -0.004268
v -0.003047 0.021333 -0.004246
v -0.002981 0.021487 -0.004201
v -0.002988 0.021484 -0.004198
v -0.003133 0.021455 -0.004113
v -0.003287 0.021487 -0.003973
v -0.003277 0.021430 -0.004020
v -0.003417 0.021409 -0.003918
v -0.003576 0.021487 -0.003723
v -0.003553 0.021392 -0.003810
v -0.003685 0.021378 -0.003696
v -0.003809 0.021368 -0.003578
v -0.003846 0.021487 -0.003453
v -0.003766 0.021641 -0.003381
v -0.004010 0.021641 -0.003098
v -0.003909 0.021771 -0.003020
v -0.004125 0.021771 -0.002728
v -0.004004 0.021875 -0.002648
v -0.004191 0.021875 -0.002349
v -0.004053 0.021949 -0.002272
v -0.004213 0.021949 -0.001971
v -0.004062 0.021991 -0.001900
v -0.004193 0.021991 -0.001600
v -0.004077 0.022000 -0.001545
v -0.004302 0.021991 -0.001290
v -0.004192 0.022000 -0.001212
v -0.004387 0.021991 -0.000974
v -0.004278 0.022000 -0.000872
v -0.004448 0.021991 -0.000652
v -0.004336 0.022000 -0.000525
v -0.004485 0.021991 -0.000327
v -0.004365 0.022000 -0.000175
v -0.004497 0.021991 0.000000
v -0.004365 0.022000 0.000175
v -0.004485 0.021991 0.000327
v -0.004336 0.022000 0.000525
v -0.004448 0.021991 0.000652
v -0.004278 0.022000 0.000872
v -0.004387 0.021991 0.000974
v -0.004192 0.022000 0.001212
v -0.004302 0.021991 0.001290
v -0.004077 0.022000 0.001545
v -0.004193 0.021991 0.001600
v -0.004062 0.021991 0.001900
v -0.004349 0.021949 0.001659
v -0.004213 0.021949 0.001971
v -0.004497 0.021875 0.001716
v -0.004356 0.021875 0.002038
v -0.004633 0.021771 0.001767
v -0.004488 0.021771 0.002100
v -0.004752 0.021641 0.001813
v -0.004603 0.021641 0.002154
v -0.004853 0.021487 0.001851
v -0.004701 0.021487 0.002199
v -0.004716 0.021484 0.002169
v -0.004658 0.021455 0.002325
v -0.003927 0.021363 -0.003457
v -0.004036 0.021361 -0.003335
v -0.004094 0.021487 -0.003164
v -0.004139 0.021363 -0.003208
v -0.004239 0.021368 -0.003073
v -0.004320 0.021487 -0.002857
v -0.004335 0.021378 -0.002932
v -0.004427 0.021392 -0.002785
v -0.004512 0.021409 -0.002634
v -0.004523 0.021487 -0.002535
v -0.004429 0.021641 -0.002483
v -0.004603 0.021641 -0.002154
v -0.004488 0.021771 -0.002100
v -0.004633 0.021771 -0.001767
v -0.004497 0.021875 -0.001716
v -0.004613 0.021875 -0.001384
v -0.004462 0.021949 -0.001338
v -0.004550 0.021949 -0.001010
v -0.004589 0.021430 -0.002480
v -0.004658 0.021455 -0.002325
v -0.004701 0.021487 -0.002199
v -0.004716 0.021484 -0.002169
v -0.004853 0.021487 -0.001851
v -0.004775 0.021333 -0.002218
v -0.004930 0.021314 -0.001881
v -0.004816 0.021177 -0.002252
v -0.004983 0.021128 -0.001901
v -0.004843 0.021005 -0.002274
v -0.005010 0.020933 -0.001912
v -0.004853 0.020933 -0.002271
v -0.004991 0.020834 -0.001970
v -0.004852 0.020834 -0.002282
v -0.005109 0.020834 -0.001650
v -0.005140 0.020933 -0.001542
v -0.005112 0.021128 -0.001534
v -0.005194 0.021005 -0.001324
v -0.005159 0.021177 -0.001324
v -0.005206 0.020834 -0.001324
v -0.005058 0.021314 -0.001517
v -0.005106 0.021333 -0.001324
v -0.004978 0.021487 -0.001493
v -0.005029 0.021484 -0.001324
v -0.005077 0.021487 -0.001127
v -0.005085 0.021455 -0.001168
v -0.005134 0.021430 -0.001005
v -0.005147 0.021487 -0.000755
v -0.005175 0.021409 -0.000838
v -0.005209 0.021392 -0.000669
v -0.005190 0.021487 -0.000378
v -0.005235 0.021378 -0.000499
v -0.005253 0.021368 -0.000329
v -0.005264 0.021363 -0.000162
v -0.005204 0.021487 -0.000000
v -0.005097 0.021641 -0.000000
v -0.005083 0.021641 0.000371
v -0.004955 0.021771 0.000361
v -0.004914 0.021771 0.000721
v -0.004770 0.021875 0.000700
v -0.004705 0.021875 0.001045
v -0.004550 0.021949 0.001010
v -0.004462 0.021949 0.001338
v -0.005268 0.021361 -0.000000
v -0.005264 0.021363 0.000162
v -0.005190 0.021487 0.000378
v -0.005253 0.021368 0.000329
v -0.005235 0.021378 0.000499
v -0.005209 0.021392 0.000669
v -0.005147 0.021487 0.000755
v -0.005041 0.021641 0.000739
v -0.004972 0.021641 0.001104
v -0.004847 0.021771 0.001076
v -0.004753 0.021771 0.001426
v -0.004613 0.021875 0.001384
v -0.005175 0.021409 0.000838
v -0.005134 0.021430 0.001005
v -0.005077 0.021487 0.001127
v -0.005085 0.021455 0.001168
v -0.005029 0.021484 0.001324
v -0.004978 0.021487 0.001493
v -0.005106 0.021333 0.001324
v -0.005058 0.021314 0.001517
v -0.005159 0.021177 0.001324
v -0.005112 0.021128 0.001534
v -0.005194 0.021005 0.001324
v -0.005140 0.020933 0.001542
v -0.005206 0.020834 0.001324
v -0.005109 0.020834 0.001650
v -0.005010 0.020933 0.001912
v -0.004991 0.020834 0.001970
v -0.004853 0.020933 0.002271
v -0.004852 0.020834 0.002282
v -0.004843 0.021005 0.002274
v -0.004816 0.021177 0.002252
v -0.004983 0.021128 0.001901
v -0.004930 0.021314 0.001881
v -0.004775 0.021333 0.002218
v -0.004523 0.021487 0.002535
v -0.004589 0.021430 0.002480
v -0.004512 0.021409 0.002634
v -0.004320 0.021487 0.002857
v -0.004427 0.021392 0.002785
v -0.004335 0.021378 0.002932
v -0.004239 0.021368 0.003073
v -0.004094 0.021487 0.003164
v -0.004010 0.021641 0.003098
v -0.003766 0.021641 0.003381
v -0.003672 0.021771 0.003296
v -0.003414 0.021771 0.003554
v -0.003314 0.021875 0.003450
v -0.003046 0.021875 0.003682
v -0.002946 0.021949 0.003561
v -0.002671 0.021949 0.003765
v -0.002575 0.021991 0.003630
v -0.002296 0.021991 0.003808
v -0.002286 0.022000 0.003666
v -0.001975 0.022000 0.003837
v -0.002004 0.021991 0.003964
v -0.001651 0.022000 0.003983
v -0.001700 0.021991 0.004100
v -0.001390 0.021991 0.004212
v -0.001441 0.021949 0.004368
v -0.001070 0.021991 0.004301
v -0.001110 0.021949 0.004461
v -0.000744 0.021991 0.004367
v -0.000772 0.021949 0.004530
v -0.000415 0.021991 0.004410
v -0.000430 0.021949 0.004573
v -0.000083 0.021991 0.004428
v -0.000086 0.021949 0.004592
v 0.000249 0.021991 0.004422
v 0.000258 0.021949 0.004586
v 0.000580 0.021991 0.004391
v 0.000602 0.021949 0.004555
v 0.000908 0.021991 0.004337
v 0.000942 0.021949 0.004499
v 0.001231 0.021991 0.004259
v 0.001276 0.021949 0.004418
v 0.001547 0.021991 0.004158
v 0.001604 0.021949 0.004313
v 0.001854 0.021991 0.004034
v 0.001923 0.021949 0.004184
v 0.002152 0.021991 0.003889
v 0.002232 0.021949 0.004033
v 0.002437 0.021991 0.003721
v 0.002528 0.021949 0.003860
v 0.002710 0.021991 0.003534
v 0.002811 0.021949 0.003665
v 0.002968 0.021991 0.003327
v 0.003078 0.021949 0.003451
v 0.003209 0.021991 0.003102
v 0.003328 0.021949 0.003218
v 0.003433 0.021991 0.002860
v 0.003560 0.021949 0.002967
v 0.003638 0.021991 0.002603
v 0.003773 0.021949 0.002700
v 0.003823 0.021991 0.002331
v 0.003965 0.021949 0.002418
v 0.003988 0.021991 0.002047
v 0.004136 0.021949 0.002123
v 0.004130 0.021991 0.001751
v 0.004284 0.021949 0.001816
v 0.004250 0.021991 0.001446
v 0.004408 0.021949 0.001500
v 0.004347 0.021991 0.001133
v -0.004139 0.021363 0.003208
v -0.004036 0.021361 0.003335
v -0.003846 0.021487 0.003453
v -0.003927 0.021363 0.003457
v -0.003809 0.021368 0.003578
v -0.003685 0.021378 0.003696
v -0.003576 0.021487 0.003723
v -0.003503 0.021641 0.003646
v -0.003220 0.021641 0.003891
v -0.003138 0.021771 0.003793
v -0.002845 0.021771 0.004011
v -0.002762 0.021875 0.003893
v -0.002463 0.021875 0.004083
v -0.002382 0.021949 0.003949
v -0.002079 0.021949 0.004112
v -0.001763 0.021949 0.004252
v -0.003553 0.021392 0.003810
v -0.003417 0.021409 0.003918
v -0.003287 0.021487 0.003973
v -0.003277 0.021430 0.004020
v -0.003133 0.021455 0.004113
v -0.002988 0.021484 0.004198
v -0.002981 0.021487 0.004201
v -0.002919 0.021641 0.004114
v -0.002602 0.021641 0.004315
v -0.002537 0.021771 0.004207
v -0.002215 0.021771 0.004380
v -0.002150 0.021875 0.004251
v -0.001879 0.021771 0.004529
v -0.001824 0.021875 0.004397
v -0.001535 0.021771 0.004653
v -0.001490 0.021875 0.004517
v -0.001147 0.021875 0.004613
v -0.003047 0.021333 0.004246
v -0.003028 0.021314 0.004268
v -0.002657 0.021487 0.004406
v -0.002700 0.021314 0.004477
v -0.002320 0.021487 0.004588
v -0.002357 0.021314 0.004661
v -0.002210 0.021333 0.004722
v -0.002220 0.021177 0.004774
v -0.002382 0.021128 0.004711
v -0.002226 0.021005 0.004807
v -0.002395 0.020933 0.004737
v -0.002228 0.020834 0.004819
v -0.002537 0.020834 0.004668
v -0.002744 0.020933 0.004550
v -0.002837 0.020834 0.004498
v -0.003077 0.020933 0.004338
v -0.003124 0.020834 0.004310
v -0.003115 0.021005 0.004302
v -0.003061 0.021128 0.004314
v -0.003088 0.021177 0.004280
v -0.002197 0.021484 0.004647
v -0.001969 0.021487 0.004744
v -0.002272 0.021641 0.004493
v -0.001928 0.021641 0.004646
v -0.002051 0.021455 0.004729
v -0.001897 0.021430 0.004805
v -0.001608 0.021487 0.004874
v -0.001737 0.021409 0.004873
v -0.001573 0.021392 0.004935
v -0.001408 0.021378 0.004990
v -0.001238 0.021487 0.004978
v -0.001213 0.021641 0.004875
v -0.000844 0.021641 0.004950
v -0.000823 0.021771 0.004825
v -0.000458 0.021771 0.004872
v -0.000445 0.021875 0.004729
v -0.000089 0.021875 0.004749
v -0.001241 0.021368 0.005038
v -0.001077 0.021363 0.005077
v -0.000862 0.021487 0.005054
v -0.000915 0.021361 0.005109
v -0.000752 0.021363 0.005134
v -0.000583 0.021368 0.005152
v -0.000480 0.021487 0.005103
v -0.000470 0.021641 0.004998
v -0.000094 0.021641 0.005018
v -0.000092 0.021771 0.004892
v 0.000275 0.021771 0.004885
v 0.000267 0.021875 0.004742
v 0.000622 0.021875 0.004710
v -0.000410 0.021378 0.005163
v -0.000235 0.021392 0.005168
v -0.000096 0.021487 0.005124
v -0.000060 0.021409 0.005165
v 0.000114 0.021430 0.005154
v 0.000288 0.021487 0.005117
v 0.000285 0.021455 0.005135
v 0.000451 0.021484 0.005107
v 0.000671 0.021487 0.005082
v 0.000437 0.021333 0.005182
v 0.000682 0.021314 0.005164
v 0.000428 0.021177 0.005234
v 0.000689 0.021128 0.005219
v 0.000422 0.021005 0.005267
v 0.000693 0.020933 0.005247
v 0.000420 0.020834 0.005279
v 0.000763 0.020834 0.005242
v 0.001085 0.020933 0.005183
v 0.001103 0.020834 0.005183
v 0.001439 0.020834 0.005102
v 0.001433 0.021005 0.005092
v 0.001079 0.021128 0.005155
v 0.001416 0.021177 0.005062
v 0.001067 0.021314 0.005100
v 0.001389 0.021333 0.005016
v 0.001350 0.021484 0.004951
v 0.001051 0.021487 0.005019
v 0.001424 0.021487 0.004929
v 0.001395 0.021641 0.004828
v 0.001753 0.021641 0.004713
v 0.001709 0.021771 0.004594
v 0.002049 0.021771 0.004457
v 0.001989 0.021875 0.004327
v 0.002308 0.021875 0.004170
v 0.001516 0.021455 0.004921
v 0.001790 0.021487 0.004812
v 0.002102 0.021641 0.004573
v 0.002377 0.021771 0.004296
v 0.002614 0.021875 0.003991
v 0.001683 0.021430 0.004881
v 0.001850 0.021409 0.004833
v 0.002016 0.021392 0.004777
v 0.002146 0.021487 0.004669
v 0.002179 0.021378 0.004714
v 0.002337 0.021368 0.004645
v 0.002490 0.021487 0.004500
v 0.002489 0.021363 0.004571
v 0.002634 0.021361 0.004493
v 0.002821 0.021487 0.004307
v 0.002775 0.021363 0.004409
v 0.002916 0.021368 0.004316
v 0.003056 0.021378 0.004215
v 0.003136 0.021487 0.004090
v 0.003071 0.021641 0.004005
v 0.003363 0.021641 0.003771
v 0.003279 0.021771 0.003676
v 0.003545 0.021771 0.003428
v 0.003441 0.021875 0.003327
v 0.003682 0.021875 0.003068
v 0.003193 0.021392 0.004108
v 0.003325 0.021409 0.003994
v 0.003434 0.021487 0.003851
v 0.003451 0.021430 0.003876
v 0.003569 0.021455 0.003753
v 0.003679 0.021484 0.003627
v 0.003714 0.021487 0.003590
v 0.003637 0.021641 0.003516
v 0.003891 0.021641 0.003242
v 0.003793 0.021771 0.003160
v 0.004019 0.021771 0.002876
v 0.003902 0.021875 0.002792
v 0.004100 0.021875 0.002500
v 0.003717 0.021333 0.003693
v 0.003773 0.021314 0.003648
v 0.003973 0.021487 0.003310
v 0.004036 0.021314 0.003363
v 0.003744 0.021177 0.003738
v 0.003814 0.021128 0.003687
v 0.004080 0.021128 0.003400
v 0.003761 0.021005 0.003768
v 0.003834 0.020933 0.003707
v 0.004102 0.020933 0.003418
v 0.003767 0.020834 0.003778
v 0.004006 0.020834 0.003532
v 0.004238 0.022000 0.001043
v 0.004138 0.022000 0.001379
v 0.004010 0.022000 0.001707
v 0.003855 0.022000 0.002023
v 0.003675 0.022000 0.002326
v 0.003470 0.022000 0.002613
v 0.003243 0.022000 0.002883
v 0.002993 0.022000 0.003134
v 0.002724 0.022000 0.003364
v 0.002436 0.022000 0.003571
v 0.002133 0.022000 0.003755
v 0.001815 0.022000 0.003914
v 0.001485 0.022000 0.004046
v 0.001145 0.022000 0.004152
v 0.000798 0.022000 0.004230
v 0.000445 0.022000 0.004280
v 0.000089 0.022000 0.004301
v -0.000267 0.022000 0.004294
v -0.000622 0.022000 0.004259
v -0.000972 0.022000 0.004194
v -0.001316 0.022000 0.004102
v -0.002582 0.022000 0.003470
v -0.002841 0.021991 0.003433
v -0.003205 0.021949 0.003337
v -0.003564 0.021875 0.003200
v -0.003909 0.021771 0.003020
v -0.004231 0.021641 0.002798
v -0.002861 0.022000 0.003252
v -0.003090 0.021991 0.003217
v -0.003447 0.021949 0.003094
v -0.003794 0.021875 0.002932
v -0.004125 0.021771 0.002728
v -0.004429 0.021641 0.002483
v -0.003121 0.022000 0.003011
v -0.003323 0.021991 0.002983
v -0.003669 0.021949 0.002835
v -0.004004 0.021875 0.002648
v -0.004318 0.021771 0.002420
v -0.003359 0.022000 0.002751
v -0.003538 0.021991 0.002734
v -0.003872 0.021949 0.002561
v -0.004191 0.021875 0.002349
v -0.003576 0.022000 0.002472
v -0.003733 0.021991 0.002469
v -0.004053 0.021949 0.002272
v -0.003768 0.022000 0.002176
v -0.003908 0.021991 0.002191
v -0.003936 0.022000 0.001867
v -0.003936 0.022000 -0.001867
v -0.003908 0.021991 -0.002191
v -0.003872 0.021949 -0.002561
v -0.003794 0.021875 -0.002932
v -0.003672 0.021771 -0.003296
v -0.003503 0.021641 -0.003646
v -0.003768 0.022000 -0.002176
v -0.003733 0.021991 -0.002469
v -0.003669 0.021949 -0.002835
v -0.003564 0.021875 -0.003200
v -0.003414 0.021771 -0.003554
v -0.003220 0.021641 -0.003891
v -0.003576 0.022000 -0.002472
v -0.003538 0.021991 -0.002734
v -0.003447 0.021949 -0.003094
v -0.003314 0.021875 -0.003450
v -0.003138 0.021771 -0.003793
v -0.002919 0.021641 -0.004114
v -0.002657 0.021487 -0.004406
v -0.002700 0.021314 -0.004477
v -0.003359 0.022000 -0.002751
v -0.003323 0.021991 -0.002983
v -0.003205 0.021949 -0.003337
v -0.003046 0.021875 -0.003682
v -0.002845 0.021771 -0.004011
v -0.002602 0.021641 -0.004315
v -0.003121 0.022000 -0.003011
v -0.003090 0.021991 -0.003217
v -0.002946 0.021949 -0.003561
v -0.002762 0.021875 -0.003893
v -0.002537 0.021771 -0.004207
v -0.002861 0.022000 -0.003252
v -0.002841 0.021991 -0.003433
v -0.002671 0.021949 -0.003765
v -0.002463 0.021875 -0.004083
v -0.002582 0.022000 -0.003470
v -0.002575 0.021991 -0.003630
v -0.002382 0.021949 -0.003949
v -0.002286 0.022000 -0.003666
v -0.002296 0.021991 -0.003808
v -0.001975 0.022000 -0.003837
v 0.001815 0.022000 -0.003914
v 0.001854 0.021991 -0.004034
v 0.002232 0.021949 -0.004033
v 0.002614 0.021875 -0.003991
v 0.002994 0.021771 -0.003904
v 0.003363 0.021641 -0.003771
v 0.002152 0.021991 -0.003889
v 0.002133 0.022000 -0.003755
v 0.002437 0.021991 -0.003721
v 0.002436 0.022000 -0.003571
v 0.002710 0.021991 -0.003534
v 0.002724 0.022000 -0.003364
v 0.002968 0.021991 -0.003327
v 0.002993 0.022000 -0.003134
v 0.003209 0.021991 -0.003102
v 0.003243 0.022000 -0.002883
v 0.003433 0.021991 -0.002860
v 0.003470 0.022000 -0.002613
v 0.003638 0.021991 -0.002603
v 0.003675 0.022000 -0.002326
v 0.003823 0.021991 -0.002331
v 0.003855 0.022000 -0.002023
v -0.004968 0.021771 -0.000000
v -0.005083 0.021641 -0.000371
v -0.004955 0.021771 -0.000361
v -0.005041 0.021641 -0.000739
v -0.004914 0.021771 -0.000721
v -0.004972 0.021641 -0.001104
v -0.004847 0.021771 -0.001076
v -0.004875 0.021641 -0.001463
v -0.004753 0.021771 -0.001426
v -0.004752 0.021641 -0.001813
v -0.004823 0.021875 -0.000000
v -0.004809 0.021875 -0.000351
v -0.004770 0.021875 -0.000700
v -0.004705 0.021875 -0.001045
v -0.004809 0.021875 0.000351
v -0.004651 0.021949 0.000339
v -0.004664 0.021949 -0.000000
v -0.004651 0.021949 -0.000339
v -0.004613 0.021949 -0.000677
v 0.004333 0.021641 0.002642
v 0.004123 0.021641 0.002950
v 0.004224 0.021771 0.002576
v 0.004406 0.021771 0.002261
v 0.004277 0.021875 0.002195
v 0.004430 0.021875 0.001878
v 0.004817 0.021641 0.001639
v 0.004803 0.021771 0.001252
v 0.004740 0.021875 0.000873
v 0.004635 0.021949 0.000508
v 0.005065 0.021641 -0.000555
v 0.005010 0.021641 -0.000922
v 0.004927 0.021641 -0.001284
v 0.004817 0.021641 -0.001639
v 0.004884 0.021771 -0.000899
v 0.004662 0.021875 -0.001215
v 0.004408 0.021949 -0.001500
v 0.004803 0.021771 -0.001252
v 0.004696 0.021771 -0.001598
v 0.004558 0.021875 -0.001551
v 0.004333 0.021641 -0.002642
v 0.004123 0.021641 -0.002950
v 0.003891 0.021641 -0.003242
v 0.003973 0.021487 -0.003310
v 0.003637 0.021641 -0.003516
v 0.004224 0.021771 -0.002576
v 0.004019 0.021771 -0.002876
v 0.003793 0.021771 -0.003160
v 0.003545 0.021771 -0.003428
v 0.003279 0.021771 -0.003676
v 0.004100 0.021875 -0.002500
v 0.003902 0.021875 -0.002792
v 0.003682 0.021875 -0.003068
v 0.003441 0.021875 -0.003327
v 0.003183 0.021875 -0.003568
v 0.002906 0.021875 -0.003790
v 0.003965 0.021949 -0.002418
v 0.003773 0.021949 -0.002700
v 0.003560 0.021949 -0.002967
v 0.003328 0.021949 -0.003218
v 0.003078 0.021949 -0.003451
v 0.002811 0.021949 -0.003665
v 0.002528 0.021949 -0.003860
v 0.004080 0.021128 -0.003400
v 0.004036 0.021314 -0.003363
v 0.001753 0.021641 -0.004713
v 0.001360 0.021771 -0.004706
v 0.000974 0.021875 -0.004652
v 0.000602 0.021949 -0.004555
v -0.000470 0.021641 -0.004998
v -0.000823 0.021771 -0.004825
v -0.001147 0.021875 -0.004613
v -0.001441 0.021949 -0.004368
v -0.001575 0.021641 -0.004773
v -0.002729 0.021128 -0.004525
v -0.004231 0.021641 -0.002798
v -0.004318 0.021771 -0.002420
v -0.004356 0.021875 -0.002038
v -0.004349 0.021949 -0.001659
v -0.004613 0.021949 0.000677
v -0.004875 0.021641 0.001463
v -0.002729 0.021128 0.004525
v -0.001575 0.021641 0.004773
v -0.001182 0.021771 0.004752
v -0.000798 0.021875 0.004684
v 0.000282 0.021641 0.005011
v 0.000641 0.021771 0.004852
v 0.000974 0.021875 0.004652
v 0.000657 0.021641 0.004977
v 0.001003 0.021771 0.004792
v 0.001320 0.021875 0.004568
v 0.001029 0.021641 0.004916
v 0.001360 0.021771 0.004706
v 0.001659 0.021875 0.004460
v 0.002439 0.021641 0.004407
v 0.002693 0.021771 0.004112
v 0.002906 0.021875 0.003790
v 0.002763 0.021641 0.004218
v 0.002994 0.021771 0.003904
v 0.003183 0.021875 0.003568
v 0.003767 0.004664 -0.003778
v 0.003837 0.012749 -0.003710
v 0.004105 0.012749 -0.003420
v 0.004350 0.012749 -0.003112
v 0.004432 0.004664 -0.002998
v 0.004228 0.004664 -0.003272
v 0.004006 0.004664 -0.003532
v 0.005352 0.004664 -0.000510
v 0.005373 0.012749 -0.000196
v 0.005373 0.012749 0.000196
v 0.005352 0.004664 0.000510
v 0.005374 0.004664 0.000170
v 0.005374 0.004664 -0.000170
v 0.000420 0.004664 -0.005279
v 0.000694 0.012749 -0.005251
v 0.001086 0.012749 -0.005186
v 0.001439 0.004664 -0.005102
v 0.001103 0.004664 -0.005183
v 0.000763 0.004664 -0.005242
v 0.004432 0.004664 0.002998
v 0.004350 0.012749 0.003112
v 0.004105 0.012749 0.003420
v 0.003837 0.012749 0.003710
v 0.003767 0.004664 0.003778
v 0.004006 0.004664 0.003532
v 0.004228 0.004664 0.003272
v -0.003124 0.004664 -0.004310
v -0.003080 0.012749 -0.004341
v -0.002746 0.012749 -0.004553
v -0.002397 0.012749 -0.004740
v -0.002228 0.004664 -0.004819
v -0.002537 0.004664 -0.004668
v -0.002837 0.004664 -0.004498
v 0.001086 0.012749 0.005186
v 0.001103 0.004664 0.005183
v 0.001439 0.004664 0.005102
v 0.000694 0.012749 0.005251
v 0.000763 0.004664 0.005242
v 0.000420 0.004664 0.005279
v -0.005206 0.004664 -0.001324
v -0.005144 0.012749 -0.001543
v -0.005014 0.012749 -0.001913
v -0.004857 0.012749 -0.002272
v -0.004852 0.004664 -0.002282
v -0.004991 0.004664 -0.001970
v -0.005109 0.004664 -0.001650
v -0.002228 0.004664 0.004819
v -0.002397 0.012749 0.004740
v -0.002746 0.012749 0.004553
v -0.003080 0.012749 0.004341
v -0.003124 0.004664 0.004310
v -0.002837 0.004664 0.004498
v -0.002537 0.004664 0.004668
v -0.007517 0.003887 -0.007940
v -0.007902 0.003887 -0.007568
v -0.018701 0.003887 -0.017182
v -0.008268 0.003887 -0.007179
v -0.020429 0.003887 -0.015153
v -0.008615 0.003887 -0.006772
v -0.008940 0.003887 -0.006349
v -0.009245 0.003887 -0.005911
v -0.009245 0.004664 -0.005911
v -0.020429 0.010883 -0.015153
v -0.018701 0.010883 -0.017182
v -0.007517 0.004664 -0.007940
v -0.004852 0.004664 0.002282
v -0.004857 0.012749 0.002272
v -0.005014 0.012749 0.001913
v -0.005144 0.012749 0.001543
v -0.005206 0.004664 0.001324
v -0.005109 0.004664 0.001650
v -0.004991 0.004664 0.001970
v -0.009536 0.004664 -0.005445
v -0.009802 0.004664 -0.004965
v -0.010044 0.004664 -0.004473
v -0.010260 0.004664 -0.003969
v -0.010450 0.004664 -0.003454
v -0.010613 0.004664 -0.002932
v -0.010750 0.004664 -0.002401
v -0.010859 0.004664 -0.001865
v -0.010940 0.004664 -0.001324
v -0.007101 0.004664 -0.008302
v -0.006667 0.004664 -0.008644
v -0.006217 0.004664 -0.008964
v -0.005750 0.004664 -0.009261
v -0.005269 0.004664 -0.009535
v -0.004775 0.004664 -0.009784
v -0.004268 0.004664 -0.010008
v -0.003751 0.004664 -0.010207
v -0.003224 0.004664 -0.010381
v -0.000576 0.003887 -0.010840
v -0.001113 0.003887 -0.010800
v -0.003111 0.003887 -0.025000
v -0.001648 0.003887 -0.010733
v -0.005759 0.003887 -0.024540
v -0.002179 0.003887 -0.010641
v -0.002704 0.003887 -0.010523
v -0.003224 0.003887 -0.010381
v -0.005759 0.010883 -0.024540
v -0.003111 0.010883 -0.025000
v -0.000576 0.004664 -0.010840
v -0.000021 0.004664 -0.010855
v 0.000535 0.004664 -0.010842
v 0.001089 0.004664 -0.010802
v 0.001640 0.004664 -0.010734
v 0.002187 0.004664 -0.010639
v 0.002729 0.004664 -0.010517
v 0.003263 0.004664 -0.010369
v 0.003789 0.004664 -0.010194
v 0.004306 0.004664 -0.009993
v 0.006634 0.003887 -0.008669
v 0.006196 0.003887 -0.008978
v 0.013934 0.003887 -0.021121
v 0.005743 0.003887 -0.009265
v 0.011606 0.003887 -0.022444
v 0.005276 0.003887 -0.009531
v 0.004797 0.003887 -0.009773
v 0.004306 0.003887 -0.009993
v 0.011606 0.010883 -0.022444
v 0.013934 0.010883 -0.021121
v 0.006634 0.004664 -0.008669
v 0.007069 0.004664 -0.008329
v 0.007486 0.004664 -0.007967
v 0.007885 0.004664 -0.007586
v 0.008263 0.004664 -0.007185
v 0.008620 0.004664 -0.006766
v 0.008955 0.004664 -0.006330
v 0.009267 0.004664 -0.005877
v 0.009556 0.004664 -0.005410
v 0.009821 0.004664 -0.004929
v 0.010740 0.003887 -0.002441
v 0.010606 0.003887 -0.002955
v 0.024460 0.003887 -0.007359
v 0.010447 0.003887 -0.003462
v 0.023540 0.003887 -0.009847
v 0.010263 0.003887 -0.003961
v 0.010054 0.003887 -0.004450
v 0.009821 0.003887 -0.004929
v 0.023540 0.010883 -0.009847
v 0.024460 0.010883 -0.007359
v 0.010740 0.004664 -0.002441
v 0.010852 0.004664 -0.001905
v 0.010935 0.004664 -0.001364
v 0.010991 0.004664 -0.000820
v 0.011019 0.004664 -0.000274
v 0.011019 0.004664 0.000274
v 0.010991 0.004664 0.000820
v 0.010935 0.004664 0.001364
v 0.010852 0.004664 0.001905
v 0.010740 0.004664 0.002441
v 0.009821 0.003887 0.004929
v 0.010054 0.003887 0.004450
v 0.023540 0.003887 0.009847
v 0.010263 0.003887 0.003961
v 0.024460 0.003887 0.007359
v 0.010447 0.003887 0.003462
v 0.010606 0.003887 0.002955
v 0.010740 0.003887 0.002441
v 0.024460 0.010883 0.007359
v 0.023540 0.010883 0.009847
v 0.009821 0.004664 0.004929
v 0.009556 0.004664 0.005410
v 0.009267 0.004664 0.005877
v 0.008955 0.004664 0.006330
v 0.008620 0.004664 0.006766
v 0.008263 0.004664 0.007185
v 0.007885 0.004664 0.007586
v 0.007486 0.004664 0.007967
v 0.007069 0.004664 0.008329
v 0.006634 0.004664 0.008669
v 0.004306 0.003887 0.009993
v 0.004797 0.003887 0.009773
v 0.011606 0.003887 0.022444
v 0.005276 0.003887 0.009531
v 0.013934 0.003887 0.021121
v 0.005743 0.003887 0.009265
v 0.006196 0.003887 0.008978
v 0.006634 0.003887 0.008669
v 0.013934 0.010883 0.021121
v 0.011606 0.010883 0.022444
v 0.004306 0.004664 0.009993
v 0.003789 0.004664 0.010194
v 0.003263 0.004664 0.010369
v 0.002729 0.004664 0.010517
v 0.002187 0.004664 0.010639
v 0.001640 0.004664 0.010734
v 0.001089 0.004664 0.010802
v 0.000535 0.004664 0.010842
v -0.000021 0.004664 0.010855
v -0.000576 0.004664 0.010840
v -0.003224 0.003887 0.010381
v -0.002704 0.003887 0.010523
v -0.005759 0.003887 0.024540
v -0.002179 0.003887 0.010641
v -0.003111 0.003887 0.025000
v -0.001648 0.003887 0.010733
v -0.001113 0.003887 0.010800
v -0.000576 0.003887 0.010840
v -0.003111 0.010883 0.025000
v -0.005759 0.010883 0.024540
v -0.003224 0.004664 0.010381
v -0.003751 0.004664 0.010207
v -0.004268 0.004664 0.010008
v -0.004775 0.004664 0.009784
v -0.005269 0.004664 0.009535
v -0.005750 0.004664 0.009261
v -0.006217 0.004664 0.008964
v -0.006667 0.004664 0.008644
v -0.007101 0.004664 0.008302
v -0.007517 0.004664 0.007940
v -0.009245 0.004664 0.005911
v -0.020429 0.010883 0.015153
v -0.009245 0.003887 0.005911
v -0.020429 0.003887 0.015153
v -0.008940 0.003887 0.006349
v -0.008615 0.003887 0.006772
v -0.018701 0.003887 0.017182
v -0.008268 0.003887 0.007179
v -0.007902 0.003887 0.007568
v -0.007517 0.003887 0.007940
v -0.018701 0.010883 0.017182
v -0.025540 0.010883 -0.001324
v -0.010940 0.003887 -0.001324
v -0.025540 0.003887 -0.001324
v -0.010993 0.003887 -0.000796
v -0.011019 0.003887 -0.000265
v -0.025540 0.003887 0.001324
v -0.011019 0.003887 0.000265
v -0.010993 0.003887 0.000796
v -0.010940 0.003887 0.001324
v -0.025540 0.010883 0.001324
v -0.010940 0.004664 0.001324
v 0.000874 0.002099 0.001787
v -0.000874 0.002099 0.001787
v 0.000874 0.019435 0.001787
v -0.000874 0.019435 0.001787
v 0.000874 0.002099 0.002118
v 0.000874 0.019435 0.002118
v 0.001176 0.002099 0.002118
v 0.001176 0.019435 0.002118
v 0.002151 0.002099 0.001158
v 0.002151 0.019435 0.001158
v 0.002151 0.002099 0.000860
v 0.002151 0.019435 0.000860
v 0.001815 0.002099 0.000860
v 0.001815 0.019435 0.000860
v 0.001815 0.002099 -0.000860
v 0.001815 0.019435 -0.000860
v 0.002151 0.002099 -0.000860
v 0.002151 0.019435 -0.000860
v 0.002151 0.002099 -0.001158
v 0.002151 0.019435 -0.001158
v 0.001176 0.002099 -0.002118
v 0.001176 0.019435 -0.002118
v 0.000874 0.002099 -0.002118
v 0.000874 0.019435 -0.002118
v 0.000874 0.002099 -0.001787
v 0.000874 0.019435 -0.001787
v -0.000874 0.002099 -0.001787
v -0.000874 0.019435 -0.001787
v -0.000874 0.002099 0.002118
v -0.000874 0.019435 0.002118
v -0.001176 0.002099 0.002118
v -0.001176 0.019435 0.002118
v -0.002151 0.002099 0.001158
v -0.002151 0.019435 0.001158
v -0.002151 0.002099 0.000860
v -0.002151 0.019435 0.000860
v -0.001815 0.002099 0.000860
v -0.001815 0.019435 0.000860
v -0.001815 0.002099 -0.000860
v -0.001815 0.019435 -0.000860
v -0.002151 0.002099 -0.000860
v -0.002151 0.019435 -0.000860
v -0.002151 0.002099 -0.001158
v -0.002151 0.019435 -0.001158
v -0.001176 0.002099 -0.002118
v -0.001176 0.019435 -0.002118
v -0.000874 0.002099 -0.002118
v -0.000874 0.019435 -0.002118
v -0.000099 0.002099 -0.005294
v -0.000496 0.002099 -0.005273
v -0.000890 0.002099 -0.005222
v -0.001279 0.002099 -0.005143
v -0.001662 0.002099 -0.005036
v -0.002035 0.002099 -0.004901
v -0.002397 0.002099 -0.004740
v -0.002746 0.002099 -0.004553
v -0.003080 0.002099 -0.004341
v -0.003397 0.002099 -0.004105
v -0.003695 0.002099 -0.003847
v -0.003974 0.002099 -0.003567
v -0.004230 0.002099 -0.003269
v -0.004464 0.002099 -0.002952
v -0.004673 0.002099 -0.002619
v -0.004857 0.002099 -0.002272
v -0.005014 0.002099 -0.001913
v -0.005144 0.002099 -0.001543
v -0.005245 0.002099 -0.001165
v -0.005318 0.002099 -0.000780
v -0.005362 0.002099 -0.000391
v -0.005377 0.002099 0.000000
v -0.005362 0.002099 0.000391
v -0.005318 0.002099 0.000780
v -0.005245 0.002099 0.001165
v -0.005144 0.002099 0.001543
v -0.005014 0.002099 0.001913
v -0.004857 0.002099 0.002272
v -0.004673 0.002099 0.002619
v -0.004464 0.002099 0.002952
v -0.004230 0.002099 0.003269
v -0.003974 0.002099 0.003567
v -0.003695 0.002099 0.003847
v -0.003397 0.002099 0.004105
v -0.003080 0.002099 0.004341
v -0.002746 0.002099 0.004553
v -0.002397 0.002099 0.004740
v -0.002035 0.002099 0.004901
v -0.001662 0.002099 0.005036
v -0.001279 0.002099 0.005143
v -0.000890 0.002099 0.005222
v -0.000496 0.002099 0.005273
v -0.000099 0.002099 0.005294
v 0.000298 0.002099 0.005287
v 0.000694 0.002099 0.005251
v 0.001086 0.002099 0.005186
v 0.001471 0.002099 0.005093
v 0.001849 0.002099 0.004972
v 0.002217 0.002099 0.004824
v 0.002573 0.002099 0.004650
v 0.002915 0.002099 0.004450
v 0.003240 0.002099 0.004226
v 0.003548 0.002099 0.003978
v 0.003837 0.002099 0.003710
v 0.004105 0.002099 0.003420
v 0.004350 0.002099 0.003112
v 0.004572 0.002099 0.002788
v 0.004768 0.002099 0.002447
v 0.004939 0.002099 0.002094
v 0.005082 0.002099 0.001729
v 0.005198 0.002099 0.001355
v 0.005285 0.002099 0.000973
v 0.005344 0.002099 0.000586
v 0.005373 0.002099 0.000196
v 0.005373 0.002099 -0.000196
v 0.005344 0.002099 -0.000586
v 0.005285 0.002099 -0.000973
v 0.005198 0.002099 -0.001355
v 0.005082 0.002099 -0.001729
v 0.004939 0.002099 -0.002094
v 0.004768 0.002099 -0.002447
v 0.004572 0.002099 -0.002788
v 0.004350 0.002099 -0.003112
v 0.004105 0.002099 -0.003420
v 0.003837 0.002099 -0.003710
v 0.003548 0.002099 -0.003978
v 0.003240 0.002099 -0.004226
v 0.002915 0.002099 -0.004450
v 0.002573 0.002099 -0.004650
v 0.002217 0.002099 -0.004824
v 0.001849 0.002099 -0.004972
v 0.001471 0.002099 -0.005093
v 0.001086 0.002099 -0.005186
v 0.000694 0.002099 -0.005251
v 0.000298 0.002099 -0.005287
v -0.005362 0.002332 0.000391
v -0.005377 0.002332 0.000000
v -0.005362 0.002332 -0.000391
v -0.005318 0.002332 -0.000780
v -0.005245 0.002332 -0.001165
v -0.005144 0.002332 -0.001543
v -0.005014 0.002332 -0.001913
v -0.004857 0.002332 -0.002272
v -0.004673 0.002332 -0.002619
v -0.004464 0.002332 -0.002952
v -0.004230 0.002332 -0.003269
v -0.003974 0.002332 -0.003567
v -0.003695 0.002332 -0.003847
v -0.003397 0.002332 -0.004105
v -0.003080 0.002332 -0.004341
v -0.002746 0.002332 -0.004553
v -0.002397 0.002332 -0.004740
v -0.002035 0.002332 -0.004901
v -0.001662 0.002332 -0.005036
v -0.001279 0.002332 -0.005143
v -0.000890 0.002332 -0.005222
v -0.000496 0.002332 -0.005273
v -0.000099 0.002332 -0.005294
v 0.000298 0.002332 -0.005287
v 0.000694 0.002332 -0.005251
v 0.001086 0.002332 -0.005186
v 0.001471 0.002332 -0.005093
v 0.001849 0.002332 -0.004972
v 0.002217 0.002332 -0.004824
v 0.002573 0.002332 -0.004650
v 0.002915 0.002332 -0.004450
v 0.003240 0.002332 -0.004226
v 0.003548 0.002332 -0.003978
v 0.003837 0.002332 -0.003710
v 0.004105 0.002332 -0.003420
v 0.004350 0.002332 -0.003112
v 0.004572 0.002332 -0.002788
v 0.004768 0.002332 -0.002447
v 0.004939 0.002332 -0.002094
v 0.005082 0.002332 -0.001729
v 0.005198 0.002332 -0.001355
v 0.005285 0.002332 -0.000973
v 0.005344 0.002332 -0.000586
v 0.005373 0.002332 -0.000196
v 0.005373 0.002332 0.000196
v 0.005344 0.002332 0.000586
v 0.005285 0.002332 0.000973
v 0.005198 0.002332 0.001355
v 0.005082 0.002332 0.001729
v 0.004939 0.002332 0.002094
v 0.004768 0.002332 0.002447
v 0.004572 0.002332 0.002788
v 0.004350 0.002332 0.003112
v 0.004105 0.002332 0.003420
v 0.003837 0.002332 0.003710
v 0.003548 0.002332 0.003978
v 0.003240 0.002332 0.004226
v 0.002915 0.002332 0.004450
v 0.002573 0.002332 0.004650
v 0.002217 0.002332 0.004824
v 0.001849 0.002332 0.004972
v 0.001471 0.002332 0.005093
v 0.001086 0.002332 0.005186
v 0.000694 0.002332 0.005251
v 0.000298 0.002332 0.005287
v -0.000099 0.002332 0.005294
v -0.000496 0.002332 0.005273
v -0.000890 0.002332 0.005222
v -0.001279 0.002332 0.005143
v -0.001662 0.002332 0.005036
v -0.002035 0.002332 0.004901
v -0.002397 0.002332 0.004740
v -0.002746 0.002332 0.004553
v -0.003080 0.002332 0.004341
v -0.003397 0.002332 0.004105
v -0.003695 0.002332 0.003847
v -0.003974 0.002332 0.003567
v -0.004230 0.002332 0.003269
v -0.004464 0.002332 0.002952
v -0.004673 0.002332 0.002619
v -0.004857 0.002332 0.002272
v -0.005014 0.002332 0.001913
v -0.005144 0.002332 0.001543
v -0.005245 0.002332 0.001165
v -0.005318 0.002332 0.000780
v 0.009261 0.000000 0.000512
v 0.009261 0.002332 0.000512
v 0.009275 0.000000 0.000000
v 0.009275 0.002332 0.000000
v 0.009261 0.000000 -0.000512
v 0.009261 0.002332 -0.000512
v 0.009217 0.000000 -0.001023
v 0.009217 0.002332 -0.001023
v 0.009144 0.000000 -0.001530
v 0.009144 0.002332 -0.001530
v 0.009043 0.000000 -0.002033
v 0.009043 0.002332 -0.002033
v 0.008913 0.000000 -0.002529
v 0.008913 0.002332 -0.002529
v 0.008755 0.000000 -0.003017
v 0.008755 0.002332 -0.003017
v 0.008569 0.000000 -0.003496
v 0.008569 0.002332 -0.003496
v 0.008357 0.000000 -0.003963
v 0.008357 0.002332 -0.003963
v 0.008118 0.000000 -0.004418
v 0.008118 0.002332 -0.004418
v 0.007853 0.000000 -0.004860
v 0.007853 0.002332 -0.004860
v 0.007564 0.000000 -0.005286
v 0.007564 0.002332 -0.005286
v 0.007252 0.000000 -0.005695
v 0.007252 0.002332 -0.005695
v 0.006916 0.000000 -0.006087
v 0.006916 0.002332 -0.006087
v 0.006559 0.000000 -0.006459
v 0.006559 0.002332 -0.006459
v 0.006180 0.000000 -0.006811
v 0.006180 0.002332 -0.006811
v 0.005783 0.000000 -0.007141
v 0.005783 0.002332 -0.007141
v 0.005367 0.000000 -0.007450
v 0.005367 0.002332 -0.007450
v 0.004935 0.000000 -0.007734
v 0.004935 0.002332 -0.007734
v 0.004487 0.000000 -0.007994
v 0.004487 0.002332 -0.007994
v 0.004024 0.000000 -0.008230
v 0.004024 0.002332 -0.008230
v 0.003549 0.000000 -0.008439
v 0.003549 0.002332 -0.008439
v 0.003063 0.000000 -0.008622
v 0.003063 0.002332 -0.008622
v 0.002568 0.000000 -0.008777
v 0.002568 0.002332 -0.008777
v 0.002064 0.000000 -0.008905
v 0.002064 0.002332 -0.008905
v 0.001554 0.000000 -0.009005
v 0.001554 0.002332 -0.009005
v 0.001038 0.000000 -0.009077
v 0.001038 0.002332 -0.009077
v 0.000520 0.000000 -0.009120
v 0.000520 0.002332 -0.009120
v 0.000000 0.000000 -0.009134
v 0.000000 0.002332 -0.009134
v -0.000520 0.000000 -0.009120
v -0.000520 0.002332 -0.009120
v -0.001038 0.000000 -0.009077
v -0.001038 0.002332 -0.009077
v -0.001554 0.000000 -0.009005
v -0.001554 0.002332 -0.009005
v -0.002064 0.000000 -0.008905
v -0.002064 0.002332 -0.008905
v -0.002568 0.000000 -0.008777
v -0.002568 0.002332 -0.008777
v -0.003063 0.000000 -0.008622
v -0.003063 0.002332 -0.008622
v -0.003549 0.000000 -0.008439
v -0.003549 0.002332 -0.008439
v -0.004024 0.000000 -0.008230
v -0.004024 0.002332 -0.008230
v -0.004487 0.000000 -0.007994
v -0.004487 0.002332 -0.007994
v -0.004935 0.000000 -0.007734
v -0.004935 0.002332 -0.007734
v -0.005367 0.000000 -0.007450
v -0.005367 0.002332 -0.007450
v -0.005783 0.000000 -0.007141
v -0.005783 0.002332 -0.007141
v -0.006180 0.000000 -0.006811
v -0.006180 0.002332 -0.006811
v -0.006559 0.000000 -0.006459
v -0.006559 0.002332 -0.006459
v -0.006916 0.000000 -0.006087
v -0.006916 0.002332 -0.006087
v -0.007252 0.000000 -0.005695
v -0.007252 0.002332 -0.005695
v -0.007564 0.000000 -0.005286
v -0.007564 0.002332 -0.005286
v -0.007853 0.000000 -0.004860
v -0.007853 0.002332 -0.004860
v -0.008118 0.000000 -0.004418
v -0.008118 0.002332 -0.004418
v -0.008357 0.000000 -0.003963
v -0.008357 0.002332 -0.003963
v -0.008569 0.000000 -0.003496
v -0.008569 0.002332 -0.003496
v -0.008755 0.000000 -0.003017
v -0.008755 0.002332 -0.003017
v -0.008913 0.000000 -0.002529
v -0.008913 0.002332 -0.002529
v -0.009043 0.000000 -0.002033
v -0.009043 0.002332 -0.002033
v -0.009144 0.000000 -0.001530
v -0.009144 0.002332 -0.001530
v -0.009217 0.000000 -0.001023
v -0.009217 0.002332 -0.001023
v -0.009261 0.000000 -0.000512
v -0.009261 0.002332 -0.000512
v -0.009275 0.000000 -0.000000
v -0.009275 0.002332 -0.000000
v -0.009261 0.000000 0.000512
v -0.009261 0.002332 0.000512
v -0.009217 0.000000 0.001023
v -0.009217 0.002332 0.001023
v -0.009144 0.000000 0.001530
v -0.009144 0.002332 0.001530
v -0.009043 0.000000 0.002033
v -0.009043 0.002332 0.002033
v -0.008913 0.000000 0.002529
v -0.008913 0.002332 0.002529
v -0.008755 0.000000 0.003017
v -0.008755 0.002332 0.003017
v -0.008569 0.000000 0.003496
v -0.008569 0.002332 0.003496
v -0.008357 0.000000 0.003963
v -0.008357 0.002332 0.003963
v -0.008118 0.000000 0.004418
v -0.008118 0.002332 0.004418
v -0.007853 0.000000 0.004860
v -0.007853 0.002332 0.004860
v -0.007564 0.000000 0.005286
v -0.007564 0.002332 0.005286
v -0.007252 0.000000 0.005695
v -0.007252 0.002332 0.005695
v -0.006916 0.000000 0.006087
v -0.006916 0.002332 0.006087
v -0.006559 0.000000 0.006459
v -0.006559 0.002332 0.006459
v -0.006180 0.000000 0.006811
v -0.006180 0.002332 0.006811
v -0.005783 0.000000 0.007141
v -0.005783 0.002332 0.007141
v -0.005367 0.000000 0.007450
v -0.005367 0.002332 0.007450
v -0.004935 0.000000 0.007734
v -0.004935 0.002332 0.007734
v -0.004487 0.000000 0.007994
v -0.004487 0.002332 0.007994
v -0.004024 0.000000 0.008230
v -0.004024 0.002332 0.008230
v -0.003549 0.000000 0.008439
v -0.003549 0.002332 0.008439
v -0.003063 0.000000 0.008622
v -0.003063 0.002332 0.008622
v -0.002568 0.000000 0.008777
v -0.002568 0.002332 0.008777
v -0.002064 0.000000 0.008905
v -0.002064 0.002332 0.008905
v -0.001554 0.000000 0.009005
v -0.001554 0.002332 0.009005
v -0.001038 0.000000 0.009077
v -0.001038 0.002332 0.009077
v -0.000520 0.000000 0.009120
v -0.000520 0.002332 0.009120
v -0.000000 0.000000 0.009134
v -0.000000 0.002332 0.009134
v 0.000520 0.000000 0.009120
v 0.000520 0.002332 0.009120
v 0.001038 0.000000 0.009077
v 0.001038 0.002332 0.009077
v 0.001554 0.000000 0.009005
v 0.001554 0.002332 0.009005
v 0.002064 0.000000 0.008905
v 0.002064 0.002332 0.008905
v 0.002568 0.000000 0.008777
v 0.002568 0.002332 0.008777
v 0.003063 0.000000 0.008622
v 0.003063 0.002332 0.008622
v 0.003549 0.000000 0.008439
v 0.003549 0.002332 0.008439
v 0.004024 0.000000 0.008230
v 0.004024 0.002332 0.008230
v 0.004487 0.000000 0.007994
v 0.004487 0.002332 0.007994
v 0.004935 0.000000 0.007734
v 0.004935 0.002332 0.007734
v 0.005367 0.000000 0.007450
v 0.005367 0.002332 0.007450
v 0.005783 0.000000 0.007141
v 0.005783 0.002332 0.007141
v 0.006180 0.000000 0.006811
v 0.006180 0.002332 0.006811
v 0.006559 0.000000 0.006459
v 0.006559 0.002332 0.006459
v 0.006916 0.000000 0.006087
v 0.006916 0.002332 0.006087
v 0.007252 0.000000 0.005695
v 0.007252 0.002332 0.005695
v 0.007564 0.000000 0.005286
v 0.007564 0.002332 0.005286
v 0.007853 0.000000 0.004860
v 0.007853 0.002332 0.004860
v 0.008118 0.000000 0.004418
v 0.008118 0.002332 0.004418
v 0.008357 0.000000 0.003963
v 0.008357 0.002332 0.003963
v 0.008569 0.000000 0.003496
v 0.008569 0.002332 0.003496
v 0.008755 0.000000 0.003017
v 0.008755 0.002332 0.003017
v 0.008913 0.000000 0.002529
v 0.008913 0.002332 0.002529
v 0.009043 0.000000 0.002033
v 0.009043 0.002332 0.002033
v 0.009144 0.000000 0.001530
v 0.009144 0.002332 0.001530
v 0.009217 0.000000 0.001023
v 0.009217 0.002332 0.001023
v -0.007487 0.000000 -0.007966
v -0.007894 0.000000 -0.007576
v -0.008279 0.000000 -0.007166
v -0.008643 0.000000 -0.006737
v -0.008984 0.000000 -0.006290
v -0.009301 0.000000 -0.005826
v -0.009593 0.000000 -0.005347
v -0.009860 0.000000 -0.004853
v -0.010100 0.000000 -0.004347
v -0.010314 0.000000 -0.003829
v -0.010501 0.000000 -0.003301
v -0.010659 0.000000 -0.002765
v -0.010790 0.000000 -0.002220
v -0.010891 0.000000 -0.001671
v -0.010964 0.000000 -0.001116
v -0.011008 0.000000 -0.000559
v -0.011023 0.000000 0.000000
v -0.011008 0.000000 0.000559
v -0.010964 0.000000 0.001116
v -0.010891 0.000000 0.001671
v -0.010859 0.004664 0.001865
v -0.010790 0.000000 0.002220
v -0.010750 0.004664 0.002401
v -0.010659 0.000000 0.002765
v -0.010613 0.004664 0.002932
v -0.010501 0.000000 0.003301
v -0.010450 0.004664 0.003454
v -0.010314 0.000000 0.003829
v -0.010260 0.004664 0.003969
v -0.010100 0.000000 0.004347
v -0.010044 0.004664 0.004473
v -0.009860 0.000000 0.004853
v -0.009802 0.004664 0.004965
v -0.009593 0.000000 0.005347
v -0.009536 0.004664 0.005445
v -0.009301 0.000000 0.005826
v -0.008984 0.000000 0.006290
v -0.008643 0.000000 0.006737
v -0.008279 0.000000 0.007166
v -0.007894 0.000000 0.007576
v -0.007487 0.000000 0.007966
v -0.007061 0.000000 0.008335
v -0.006616 0.000000 0.008682
v -0.006153 0.000000 0.009006
v -0.005674 0.000000 0.009306
v -0.005180 0.000000 0.009582
v -0.004673 0.000000 0.009832
v -0.004153 0.000000 0.010055
v -0.003621 0.000000 0.010253
v -0.003081 0.000000 0.010423
v -0.002532 0.000000 0.010565
v -0.001976 0.000000 0.010679
v -0.001415 0.000000 0.010765
v -0.000851 0.000000 0.010823
v -0.000284 0.000000 0.010852
v 0.000284 0.000000 0.010852
v 0.000851 0.000000 0.010823
v 0.001415 0.000000 0.010765
v 0.001976 0.000000 0.010679
v 0.002532 0.000000 0.010565
v 0.003081 0.000000 0.010423
v 0.003621 0.000000 0.010253
v 0.004153 0.000000 0.010055
v 0.004673 0.000000 0.009832
v 0.005180 0.000000 0.009582
v 0.005674 0.000000 0.009306
v 0.006153 0.000000 0.009006
v 0.006616 0.000000 0.008682
v 0.007061 0.000000 0.008335
v 0.007487 0.000000 0.007966
v 0.007894 0.000000 0.007576
v 0.008279 0.000000 0.007166
v 0.008643 0.000000 0.006737
v 0.008984 0.000000 0.006290
v 0.009301 0.000000 0.005826
v 0.009593 0.000000 0.005347
v 0.009860 0.000000 0.004853
v 0.010100 0.000000 0.004347
v 0.010314 0.000000 0.003829
v 0.010501 0.000000 0.003301
v 0.010659 0.000000 0.002765
v 0.010790 0.000000 0.002220
v 0.010891 0.000000 0.001671
v 0.010964 0.000000 0.001116
v 0.011008 0.000000 0.000559
v 0.011023 0.000000 0.000000
v 0.011008 0.000000 -0.000559
v 0.010964 0.000000 -0.001116
v 0.010891 0.000000 -0.001671
v 0.010790 0.000000 -0.002220
v 0.010659 0.000000 -0.002765
v 0.010501 0.000000 -0.003301
v 0.010314 0.000000 -0.003829
v 0.010100 0.000000 -0.004347
v 0.009860 0.000000 -0.004853
v 0.009593 0.000000 -0.005347
v 0.009301 0.000000 -0.005826
v 0.008984 0.000000 -0.006290
v 0.008643 0.000000 -0.006737
v 0.008279 0.000000 -0.007166
v 0.007894 0.000000 -0.007576
v 0.007487 0.000000 -0.007966
v 0.007061 0.000000 -0.008335
v 0.006616 0.000000 -0.008682
v 0.006153 0.000000 -0.009006
v 0.005674 0.000000 -0.009306
v 0.005180 0.000000 -0.009582
v 0.004673 0.000000 -0.009832
v 0.004153 0.000000 -0.010055
v 0.003621 0.000000 -0.010253
v 0.003081 0.000000 -0.010423
v 0.002532 0.000000 -0.010565
v 0.001976 0.000000 -0.010679
v 0.001415 0.000000 -0.010765
v 0.000851 0.000000 -0.010823
v 0.000284 0.000000 -0.010852
v -0.000284 0.000000 -0.010852
v -0.000851 0.000000 -0.010823
v -0.001415 0.000000 -0.010765
v -0.001976 0.000000 -0.010679
v -0.002532 0.000000 -0.010565
v -0.003081 0.000000 -0.010423
v -0.003621 0.000000 -0.010253
v -0.004153 0.000000 -0.010055
v -0.004673 0.000000 -0.009832
v -0.005180 0.000000 -0.009582
v -0.005674 0.000000 -0.009306
v -0.006153 0.000000 -0.009006
v -0.006616 0.000000 -0.008682
v -0.007061 0.000000 -0.008335
vn 0.8013 0.0094 0.5981
vn 0.8238 0.0694 0.5626
vn 0.7937 0.1459 0.5906
vn 0.8109 0.1895 0.5537
vn 0.7667 0.2907 0.5725
vn 0.7766 0.3138 0.5462
vn 0.7242 0.4330 0.5367
vn 0.7270 0.4377 0.5290
vn 0.4348 0.8503 0.2965
vn 0.7073 0.5251 0.4733
vn 0.7474 0.4648 0.4747
vn 0.7553 0.4875 0.4380
vn 0.7546 0.4902 0.4361
vn 0.7110 0.5707 0.4109
vn 0.7394 0.5711 0.3567
vn 0.6436 0.6995 0.3105
vn 0.6647 0.6998 0.2615
vn 0.5408 0.8138 0.2127
vn 0.5549 0.8140 0.1716
vn 0.4033 0.9065 0.1247
vn 0.4113 0.9066 0.0942
vn 0.2361 0.9702 0.0541
vn 0.2394 0.9702 0.0362
vn 0.0742 0.9972 0.0112
vn 0.0711 0.9974 0.0089
vn 0.0751 0.9972 0.0056
vn 0.0715 0.9974 0.0030
vn 0.0754 0.9972 -0.0000
vn 0.0715 0.9974 -0.0030
vn 0.0751 0.9972 -0.0056
vn 0.0711 0.9974 -0.0089
vn 0.0742 0.9972 -0.0112
vn 0.0705 0.9974 -0.0148
vn 0.0728 0.9972 -0.0167
vn 0.0695 0.9974 -0.0207
vn 0.0709 0.9972 -0.0219
vn 0.0681 0.9973 -0.0266
vn 0.0685 0.9973 -0.0269
vn 0.0666 0.9973 -0.0321
vn 0.2186 0.9701 -0.1054
vn 0.3807 0.9063 -0.1837
vn 0.5237 0.8136 -0.2526
vn 0.6436 0.6995 -0.3105
vn 0.7394 0.5711 -0.3567
vn 0.7934 0.4733 -0.3827
vn 0.7958 0.4550 -0.3996
vn 0.7834 0.4528 0.4258
vn 0.7958 0.4550 0.3996
vn 0.7934 0.4733 0.3827
vn 0.8084 0.4538 0.3749
vn 0.8223 0.4481 0.3508
vn 0.8215 0.4698 0.3232
vn 0.8256 0.4641 0.3208
vn 0.8435 0.4485 0.2957
vn 0.8457 0.4623 0.2667
vn 0.8432 0.4701 0.2608
vn 0.7839 0.5716 0.2425
vn 0.7997 0.5719 0.1831
vn 0.6959 0.7003 0.1593
vn 0.7057 0.7004 0.1067
vn 0.5740 0.8143 0.0868
vn 0.5787 0.8144 0.0435
vn 0.4206 0.9067 0.0316
vn 0.4217 0.9067 -0.0000
vn 0.2420 0.9703 -0.0000
vn 0.2414 0.9703 -0.0181
vn 0.8607 0.4484 0.2412
vn 0.8645 0.4548 0.2137
vn 0.8551 0.4802 0.1958
vn 0.8671 0.4623 0.1857
vn 0.8738 0.4605 0.1561
vn 0.8503 0.5101 0.1295
vn 0.8462 0.5172 0.1280
vn 0.8110 0.5720 0.1226
vn 0.8179 0.5721 0.0615
vn 0.7116 0.7005 0.0535
vn 0.7136 0.7005 -0.0000
vn 0.5804 0.8144 -0.0000
vn 0.5787 0.8143 -0.0435
vn 0.4206 0.9067 -0.0316
vn 0.4171 0.9067 -0.0631
vn 0.2394 0.9702 -0.0362
vn 0.2361 0.9702 -0.0541
vn 0.8778 0.4705 0.0898
vn 0.4859 0.8733 0.0366
vn 0.8202 0.5721 -0.0000
vn 0.7116 0.7005 -0.0535
vn 0.5788 0.8143 -0.0435
vn 0.5740 0.8143 -0.0868
vn 0.4113 0.9066 -0.0942
vn 0.2315 0.9702 -0.0716
vn 0.8978 0.4368 0.0561
vn 0.8989 0.4348 0.0548
vn 0.9006 0.4347 -0.0000
vn 0.8988 0.4348 -0.0562
vn 0.8975 0.4378 -0.0537
vn 0.9473 0.3134 -0.0665
vn 0.9547 0.2921 -0.0562
vn 0.9791 0.1890 -0.0758
vn 0.9874 0.1466 -0.0590
vn 0.9946 0.0692 -0.0777
vn 0.9975 0.0289 -0.0652
vn 0.9990 0.0457 -0.0000
vn 0.9975 0.0289 0.0652
vn 0.9946 0.0692 0.0777
vn 0.9874 0.1466 0.0590
vn 0.9791 0.1890 0.0758
vn 0.9547 0.2921 0.0562
vn 0.9468 0.3148 0.0672
vn 0.4859 0.8733 -0.0366
vn 0.8778 0.4705 -0.0898
vn 0.8439 0.5203 -0.1306
vn 0.8493 0.5121 -0.1284
vn 0.8738 0.4605 -0.1561
vn 0.8671 0.4623 -0.1857
vn 0.8551 0.4802 -0.1958
vn 0.8645 0.4548 -0.2137
vn 0.8607 0.4484 -0.2412
vn 0.8432 0.4701 -0.2608
vn 0.8457 0.4623 -0.2667
vn 0.8435 0.4485 -0.2957
vn 0.8257 0.4641 -0.3208
vn 0.8215 0.4698 -0.3232
vn 0.7637 0.5714 -0.3004
vn 0.8223 0.4481 -0.3508
vn 0.8084 0.4538 -0.3749
vn 0.7834 0.4528 -0.4257
vn 0.7538 0.4913 -0.4364
vn 0.7556 0.4883 -0.4367
vn 0.7474 0.4648 -0.4747
vn 0.7073 0.5252 -0.4733
vn 0.4347 0.8504 -0.2965
vn 0.7275 0.4365 -0.5294
vn 0.7254 0.4330 -0.5350
vn 0.7772 0.3153 -0.5445
vn 0.7667 0.2907 -0.5725
vn 0.8109 0.1895 -0.5537
vn 0.7937 0.1459 -0.5906
vn 0.8238 0.0694 -0.5626
vn 0.8013 0.0094 -0.5981
vn 0.7800 0.0732 -0.6214
vn 0.7611 0.0091 -0.6485
vn 0.7320 0.0710 -0.6776
vn 0.7178 0.0137 -0.6961
vn 0.6759 0.0694 -0.7338
vn 0.7119 0.1456 -0.6871
vn 0.6642 0.1896 -0.7231
vn 0.6905 0.2902 -0.6626
vn 0.6553 0.3138 -0.6871
vn 0.6475 0.4323 -0.6276
vn 0.6368 0.4371 -0.6352
vn 0.4309 0.7744 -0.4632
vn 0.5720 0.5376 -0.6195
vn 0.5860 0.4679 -0.6616
vn 0.5612 0.4695 -0.6816
vn 0.5461 0.4886 -0.6805
vn 0.5149 0.5686 -0.6416
vn 0.4665 0.5682 -0.6779
vn 0.4066 0.6968 -0.5909
vn 0.3623 0.6965 -0.6194
vn 0.2952 0.8112 -0.5047
vn 0.2576 0.8110 -0.5253
vn 0.1876 0.9047 -0.3825
vn 0.1592 0.9046 -0.3954
vn 0.0915 0.9695 -0.2273
vn 0.0747 0.9695 -0.2335
vn 0.0229 0.9972 -0.0714
vn 0.0218 0.9973 -0.0702
vn 0.0177 0.9971 -0.0735
vn 0.0160 0.9973 -0.0713
vn 0.0124 0.9971 -0.0751
vn 0.0102 0.9973 -0.0721
vn 0.0069 0.9971 -0.0761
vn 0.0044 0.9974 -0.0725
vn 0.0014 0.9971 -0.0765
vn -0.0015 0.9974 -0.0726
vn -0.0042 0.9971 -0.0763
vn -0.0073 0.9974 -0.0724
vn -0.0097 0.9971 -0.0756
vn -0.0131 0.9973 -0.0718
vn -0.0151 0.9971 -0.0743
vn -0.0189 0.9973 -0.0708
vn -0.0203 0.9972 -0.0725
vn -0.0248 0.9973 -0.0696
vn -0.0253 0.9972 -0.0702
vn -0.0303 0.9972 -0.0681
vn -0.0997 0.9695 -0.2237
vn -0.1734 0.9047 -0.3892
vn -0.1735 0.9047 -0.3892
vn -0.2382 0.8109 -0.5346
vn -0.2382 0.8108 -0.5346
vn -0.2923 0.6960 -0.6558
vn -0.2923 0.6960 -0.6559
vn -0.3352 0.5673 -0.7522
vn -0.3353 0.5673 -0.7522
vn -0.1935 0.8798 -0.4341
vn -0.3876 0.4336 -0.8135
vn 0.5444 0.4551 -0.7046
vn 0.5248 0.4472 -0.7243
vn 0.5007 0.4689 -0.7276
vn 0.4987 0.4573 -0.7363
vn 0.4800 0.4439 -0.7567
vn 0.4512 0.4608 -0.7643
vn 0.4466 0.4665 -0.7635
vn 0.4156 0.5678 -0.7106
vn 0.3626 0.5674 -0.7393
vn 0.3161 0.6961 -0.6446
vn 0.2682 0.6958 -0.6662
vn 0.2186 0.8107 -0.5431
vn 0.1785 0.8105 -0.5578
vn 0.1300 0.9045 -0.4062
vn 0.1001 0.9044 -0.4148
vn 0.0575 0.9694 -0.2385
vn 0.0400 0.9694 -0.2422
vn 0.4295 0.4458 -0.7853
vn 0.4033 0.4519 -0.7957
vn 0.3892 0.4676 -0.7936
vn 0.3793 0.4485 -0.8093
vn 0.3545 0.4461 -0.8218
vn 0.3286 0.4751 -0.8163
vn 0.3266 0.4686 -0.8208
vn 0.3001 0.4531 -0.8394
vn 0.2705 0.4934 -0.8267
vn 0.2581 0.5318 -0.8066
vn 0.2511 0.5668 -0.7847
vn 0.1932 0.5666 -0.8010
vn 0.1685 0.6954 -0.6986
vn 0.1172 0.6952 -0.7092
vn 0.0956 0.8102 -0.5782
vn 0.0533 0.8102 -0.5838
vn 0.0388 0.9043 -0.4252
vn 0.0078 0.9042 -0.4270
vn 0.0045 0.9694 -0.2455
vn -0.0134 0.9694 -0.2452
vn 0.2360 0.4536 -0.8594
vn 0.1321 0.8257 -0.5485
vn 0.1344 0.5664 -0.8131
vn 0.0653 0.6951 -0.7159
vn 0.0107 0.8101 -0.5862
vn -0.0233 0.9042 -0.4264
vn -0.0312 0.9694 -0.2435
vn 0.2045 0.4313 -0.8787
vn 0.2038 0.4297 -0.8797
vn 0.1473 0.4294 -0.8910
vn 0.0996 0.4295 -0.8975
vn 0.0940 0.3096 -0.9462
vn 0.1071 0.2881 -0.9516
vn 0.0895 0.1865 -0.9784
vn 0.1097 0.1445 -0.9834
vn 0.0903 0.0682 -0.9936
vn 0.1084 0.0183 -0.9939
vn 0.1628 0.0573 -0.9850
vn 0.1710 0.0306 -0.9848
vn 0.2329 0.0423 -0.9716
vn 0.2394 0.0681 -0.9685
vn 0.2225 0.1445 -0.9642
vn 0.2351 0.1861 -0.9540
vn 0.2145 0.2882 -0.9332
vn 0.2223 0.3103 -0.9243
vn 0.0967 0.4332 -0.8961
vn 0.0419 0.8877 -0.4585
vn 0.0749 0.5663 -0.8208
vn 0.0150 0.5663 -0.8241
vn 0.0131 0.6951 -0.7188
vn -0.0392 0.6951 -0.7179
vn -0.0320 0.8101 -0.5854
vn -0.0745 0.8102 -0.5814
vn -0.0543 0.9043 -0.4235
vn -0.0849 0.9043 -0.4183
vn -0.0488 0.9694 -0.2405
vn -0.0662 0.9695 -0.2362
vn 0.0610 0.4787 -0.8759
vn 0.0264 0.4826 -0.8754
vn 0.0157 0.5068 -0.8619
vn -0.0005 0.4604 -0.8877
vn -0.0285 0.4500 -0.8926
vn -0.0481 0.4728 -0.8798
vn -0.0569 0.4559 -0.8882
vn -0.0835 0.4417 -0.8933
vn -0.1105 0.4601 -0.8810
vn -0.1126 0.4640 -0.8787
vn -0.1047 0.5664 -0.8175
vn -0.1639 0.5665 -0.8076
vn -0.1430 0.6953 -0.7044
vn -0.1939 0.6955 -0.6919
vn -0.1581 0.8104 -0.5641
vn -0.1986 0.8106 -0.5508
vn -0.1447 0.9045 -0.4012
vn -0.1388 0.4448 -0.8848
vn -0.1668 0.4527 -0.8759
vn -0.1759 0.4668 -0.8667
vn -0.1950 0.4471 -0.8730
vn -0.2220 0.4451 -0.8676
vn -0.2384 0.4686 -0.8507
vn -0.2452 0.4593 -0.8538
vn -0.2752 0.4467 -0.8513
vn -0.2936 0.4774 -0.8282
vn -0.2946 0.4964 -0.8166
vn -0.2795 0.5669 -0.7749
vn -0.3284 0.4613 -0.8242
vn -0.3405 0.5080 -0.7912
vn -0.3916 0.4306 -0.8132
vn -0.3971 0.3126 -0.8629
vn -0.4191 0.2889 -0.8608
vn -0.4021 0.1876 -0.8962
vn -0.4320 0.1449 -0.8901
vn -0.4081 0.0686 -0.9104
vn -0.4379 0.0088 -0.8990
vn -0.4717 0.0713 -0.8789
vn -0.4942 0.0126 -0.8692
vn -0.5351 0.0650 -0.8423
vn -0.5486 0.0216 -0.8358
vn -0.6187 0.0698 -0.7825
vn -0.5266 0.1450 -0.8377
vn -0.6149 0.1909 -0.7651
vn -0.5020 0.2889 -0.8152
vn -0.5742 0.3153 -0.7556
vn -0.4741 0.4306 -0.7680
vn -0.4901 0.4340 -0.7560
vn -0.4880 0.6009 -0.6330
vn -0.4978 0.5515 -0.6694
vn -0.5382 0.4749 -0.6963
vn -0.5657 0.4599 -0.6845
vn -0.5716 0.4863 -0.6609
vn -0.5877 0.4620 -0.6642
vn -0.6129 0.4454 -0.6527
vn -0.6265 0.4660 -0.6248
vn -0.6266 0.4662 -0.6246
vn -0.5823 0.5692 -0.5804
vn -0.6234 0.5697 -0.5356
vn -0.5430 0.6982 -0.4665
vn -0.5758 0.6986 -0.4248
vn -0.4687 0.8129 -0.3458
vn -0.4927 0.8132 -0.3098
vn -0.3583 0.9060 -0.2253
vn -0.3737 0.9062 -0.1978
vn -0.2146 0.9701 -0.1136
vn -0.2223 0.9701 -0.0972
vn -0.0674 0.9973 -0.0295
vn -0.0698 0.9973 -0.0245
vn -0.0689 0.9973 -0.0237
vn -0.0719 0.9972 -0.0193
vn -0.0700 0.9974 -0.0178
vn -0.0736 0.9972 -0.0140
vn -0.0708 0.9974 -0.0118
vn -0.0747 0.9972 -0.0084
vn -0.0714 0.9974 -0.0059
vn -0.0753 0.9972 -0.0028
vn -0.0715 0.9974 -0.0000
vn -0.0753 0.9972 0.0028
vn -0.0714 0.9974 0.0059
vn -0.0747 0.9972 0.0084
vn -0.0709 0.9974 0.0118
vn -0.0736 0.9972 0.0140
vn -0.0700 0.9974 0.0178
vn -0.0719 0.9972 0.0193
vn -0.0689 0.9973 0.0237
vn -0.0698 0.9973 0.0245
vn -0.0674 0.9973 0.0295
vn -0.2223 0.9701 0.0972
vn -0.3872 0.9063 0.1693
vn -0.5326 0.8137 0.2329
vn -0.6546 0.6997 0.2862
vn -0.7521 0.5712 0.3288
vn -0.6356 0.7202 0.2782
vn -0.8018 0.4537 0.3888
vn -0.6521 0.4461 -0.6130
vn -0.6680 0.4556 -0.5885
vn -0.6694 0.4702 -0.5751
vn -0.6890 0.4508 -0.5675
vn -0.7073 0.4495 -0.5456
vn -0.7105 0.4696 -0.5241
vn -0.7203 0.4577 -0.5213
vn -0.7414 0.4466 -0.5009
vn -0.7445 0.4717 -0.4724
vn -0.7416 0.4823 -0.4663
vn -0.6953 0.5705 -0.4372
vn -0.7257 0.5709 -0.3841
vn -0.6317 0.6994 -0.3344
vn -0.6546 0.6997 -0.2862
vn -0.5326 0.8137 -0.2329
vn -0.5482 0.8139 -0.1923
vn -0.3985 0.9065 -0.1398
vn -0.4076 0.9066 -0.1095
vn -0.2339 0.9702 -0.0629
vn -0.2379 0.9702 -0.0452
vn -0.7676 0.4571 -0.4493
vn -0.7670 0.4865 -0.4183
vn -0.7392 0.5482 -0.3912
vn -0.8018 0.4537 -0.3888
vn -0.6356 0.7202 -0.2782
vn -0.8264 0.4351 -0.3573
vn -0.8272 0.4339 -0.3570
vn -0.8690 0.3133 -0.3829
vn -0.8788 0.2914 -0.3778
vn -0.8967 0.1880 -0.4008
vn -0.9085 0.1462 -0.3915
vn -0.9099 0.1175 -0.3978
vn -0.9148 0.0561 -0.4000
vn -0.9130 0.0334 -0.4066
vn -0.6736 0.0707 -0.7357
vn -0.9378 0.0201 -0.3466
vn -0.9415 0.0669 -0.3303
vn -0.9335 0.1463 -0.3275
vn -0.9482 0.1465 -0.2820
vn -0.9478 0.1894 -0.2567
vn -0.9585 0.0119 -0.2849
vn -0.9630 0.0693 -0.2603
vn -0.9165 0.2918 -0.2737
vn -0.9141 0.3139 -0.2567
vn -0.8636 0.4345 -0.2559
vn -0.8628 0.4385 -0.2517
vn -0.4348 0.8929 -0.1168
vn -0.8412 0.4982 -0.2103
vn -0.8619 0.4720 -0.1853
vn -0.8457 0.5089 -0.1605
vn -0.8675 0.4732 -0.1536
vn -0.8827 0.4520 -0.1287
vn -0.8750 0.4739 -0.0989
vn -0.8777 0.4693 -0.0973
vn -0.8913 0.4476 -0.0724
vn -0.8880 0.4578 -0.0435
vn -0.8811 0.4718 -0.0331
vn -0.8196 0.5722 -0.0308
vn -0.8196 0.5721 0.0308
vn -0.7131 0.7005 0.0268
vn -0.7092 0.7005 0.0802
vn -0.5768 0.8143 0.0652
vn -0.5704 0.8142 0.1083
vn -0.4145 0.9066 0.0787
vn -0.4076 0.9066 0.1095
vn -0.2340 0.9702 0.0629
vn -0.2287 0.9702 0.0802
vn -0.8913 0.4531 -0.0150
vn -0.8913 0.4531 0.0150
vn -0.8811 0.4718 0.0331
vn -0.8880 0.4578 0.0435
vn -0.8913 0.4476 0.0724
vn -0.8777 0.4693 0.0973
vn -0.8750 0.4739 0.0989
vn -0.8150 0.5721 0.0921
vn -0.8059 0.5719 0.1530
vn -0.7013 0.7004 0.1331
vn -0.6895 0.7002 0.1853
vn -0.5609 0.8141 0.1507
vn -0.5482 0.8139 0.1923
vn -0.3985 0.9065 0.1398
vn -0.8827 0.4520 0.1287
vn -0.8675 0.4732 0.1536
vn -0.8457 0.5089 0.1605
vn -0.8619 0.4720 0.1853
vn -0.8412 0.4982 0.2103
vn -0.4348 0.8929 0.1168
vn -0.8634 0.4372 0.2519
vn -0.8639 0.4345 0.2548
vn -0.9139 0.3153 0.2556
vn -0.9165 0.2918 0.2737
vn -0.9478 0.1894 0.2567
vn -0.9482 0.1465 0.2820
vn -0.9630 0.0693 0.2603
vn -0.9585 0.0119 0.2849
vn -0.9415 0.0669 0.3303
vn -0.9378 0.0201 0.3466
vn -0.9148 0.0561 0.4000
vn -0.9130 0.0334 0.4066
vn -0.6736 0.0707 0.7357
vn -0.8967 0.1880 0.4008
vn -0.9085 0.1462 0.3915
vn -0.9099 0.1175 0.3978
vn -0.8788 0.2914 0.3778
vn -0.8696 0.3120 0.3826
vn -0.8265 0.4363 0.3558
vn -0.7392 0.5482 0.3912
vn -0.7670 0.4865 0.4183
vn -0.7676 0.4571 0.4493
vn -0.7416 0.4823 0.4663
vn -0.7445 0.4717 0.4724
vn -0.7414 0.4466 0.5009
vn -0.7203 0.4577 0.5213
vn -0.7105 0.4696 0.5241
vn -0.6611 0.5701 0.4878
vn -0.6234 0.5697 0.5356
vn -0.5430 0.6982 0.4665
vn -0.5073 0.6978 0.5057
vn -0.4131 0.8123 0.4118
vn -0.3819 0.8120 0.4415
vn -0.2779 0.9053 0.3212
vn -0.2537 0.9051 0.3411
vn -0.1458 0.9697 0.1960
vn -0.1311 0.9696 0.2064
vn -0.0405 0.9971 0.0637
vn -0.0353 0.9973 0.0641
vn -0.0355 0.9972 0.0662
vn -0.0303 0.9973 0.0674
vn -0.0303 0.9972 0.0681
vn -0.0253 0.9972 0.0702
vn -0.0831 0.9695 0.2306
vn -0.0662 0.9695 0.2362
vn -0.0488 0.9694 0.2405
vn -0.0312 0.9694 0.2435
vn -0.0134 0.9694 0.2452
vn 0.0045 0.9694 0.2455
vn 0.0223 0.9694 0.2445
vn 0.0400 0.9694 0.2422
vn 0.0576 0.9694 0.2385
vn 0.0575 0.9694 0.2385
vn 0.0747 0.9695 0.2335
vn 0.0915 0.9695 0.2273
vn 0.1078 0.9696 0.2198
vn 0.1235 0.9696 0.2112
vn 0.1385 0.9697 0.2013
vn 0.1528 0.9697 0.1904
vn 0.1662 0.9698 0.1784
vn 0.1788 0.9699 0.1655
vn 0.1903 0.9699 0.1517
vn 0.1904 0.9699 0.1516
vn 0.2009 0.9700 0.1370
vn 0.2103 0.9701 0.1215
vn 0.2186 0.9701 0.1054
vn 0.2257 0.9702 0.0888
vn 0.2315 0.9702 0.0716
vn -0.7073 0.4495 0.5456
vn -0.6890 0.4508 0.5675
vn -0.6694 0.4702 0.5751
vn -0.6680 0.4556 0.5885
vn -0.6521 0.4461 0.6130
vn -0.6264 0.4663 0.6246
vn -0.6266 0.4661 0.6246
vn -0.5823 0.5692 0.5804
vn -0.5381 0.5688 0.6220
vn -0.4688 0.6974 0.5420
vn -0.4279 0.6970 0.5754
vn -0.3486 0.8117 0.4687
vn -0.3134 0.8114 0.4934
vn -0.2282 0.9050 0.3592
vn -0.2014 0.9048 0.3752
vn -0.1157 0.9696 0.2156
vn -0.0997 0.9695 0.2237
vn -0.6129 0.4454 0.6527
vn -0.5877 0.4620 0.6642
vn -0.5716 0.4863 0.6609
vn -0.5657 0.4599 0.6845
vn -0.5382 0.4749 0.6963
vn -0.4984 0.5505 0.6698
vn -0.4893 0.5720 0.6583
vn -0.4910 0.5684 0.6602
vn -0.4413 0.5680 0.6947
vn -0.3847 0.6967 0.6056
vn -0.3394 0.6963 0.6324
vn -0.2766 0.8111 0.5154
vn -0.2382 0.8108 0.5346
vn -0.2382 0.8109 0.5346
vn -0.1987 0.8106 0.5509
vn -0.1986 0.8106 0.5508
vn -0.1581 0.8104 0.5641
vn -0.1151 0.9044 0.4108
vn -0.0849 0.9043 0.4183
vn -0.4901 0.4327 0.7567
vn -0.4810 0.4308 0.7636
vn -0.4839 0.4309 0.7617
vn -0.4268 0.4305 0.7953
vn -0.3929 0.4306 0.8125
vn -0.3984 0.3112 0.8628
vn -0.4191 0.2889 0.8608
vn -0.4021 0.1876 0.8962
vn -0.4320 0.1449 0.8901
vn -0.4081 0.0686 0.9104
vn -0.4379 0.0088 0.8990
vn -0.4717 0.0713 0.8789
vn -0.4942 0.0126 0.8692
vn -0.5351 0.0650 0.8423
vn -0.5486 0.0216 0.8358
vn -0.6187 0.0698 0.7825
vn -0.5266 0.1450 0.8377
vn -0.6149 0.1909 0.7651
vn -0.5020 0.2889 0.8152
vn -0.5791 0.3171 0.7510
vn -0.3873 0.4349 0.8129
vn -0.1935 0.8798 0.4341
vn -0.3353 0.5673 0.7522
vn -0.3352 0.5673 0.7522
vn -0.2923 0.6960 0.6559
vn -0.2923 0.6960 0.6558
vn -0.3405 0.5080 0.7912
vn -0.3284 0.4613 0.8242
vn -0.2946 0.4964 0.8166
vn -0.2936 0.4774 0.8282
vn -0.2752 0.4467 0.8513
vn -0.2452 0.4593 0.8538
vn -0.2384 0.4686 0.8507
vn -0.2223 0.5667 0.7934
vn -0.1639 0.5665 0.8076
vn -0.1430 0.6953 0.7044
vn -0.0913 0.6952 0.7130
vn -0.0745 0.8102 0.5814
vn -0.0320 0.8101 0.5854
vn -0.0233 0.9042 0.4264
vn 0.0078 0.9042 0.4270
vn -0.2220 0.4451 0.8676
vn -0.1950 0.4471 0.8730
vn -0.1759 0.4668 0.8667
vn -0.1668 0.4527 0.8759
vn -0.1388 0.4448 0.8848
vn -0.1104 0.4655 0.8781
vn -0.1127 0.4615 0.8799
vn -0.1047 0.5664 0.8175
vn -0.0450 0.5663 0.8230
vn -0.0392 0.6951 0.7179
vn 0.0131 0.6951 0.7188
vn 0.0107 0.8101 0.5862
vn 0.0533 0.8102 0.5838
vn 0.0388 0.9043 0.4252
vn 0.0696 0.9043 0.4212
vn -0.0835 0.4417 0.8933
vn -0.0569 0.4559 0.8882
vn -0.0481 0.4728 0.8798
vn -0.0285 0.4500 0.8926
vn -0.0005 0.4604 0.8877
vn 0.0157 0.5068 0.8619
vn 0.0264 0.4826 0.8754
vn 0.0610 0.4787 0.8759
vn 0.0419 0.8877 0.4584
vn 0.0967 0.4319 0.8967
vn 0.0987 0.4295 0.8976
vn 0.0932 0.3109 0.9459
vn 0.1071 0.2881 0.9516
vn 0.0895 0.1865 0.9784
vn 0.1097 0.1445 0.9834
vn 0.0903 0.0682 0.9936
vn 0.1084 0.0183 0.9939
vn 0.1628 0.0573 0.9850
vn 0.1710 0.0306 0.9848
vn 0.2329 0.0423 0.9716
vn 0.2394 0.0681 0.9685
vn 0.2225 0.1445 0.9642
vn 0.1614 0.1444 0.9763
vn 0.2351 0.1861 0.9540
vn 0.2145 0.2882 0.9332
vn 0.1562 0.2880 0.9448
vn 0.2218 0.3090 0.9248
vn 0.2026 0.4323 0.8787
vn 0.2047 0.4297 0.8795
vn 0.1322 0.8257 0.5485
vn 0.1932 0.5666 0.8010
vn 0.2511 0.5668 0.7847
vn 0.2190 0.6956 0.6843
vn 0.2682 0.6958 0.6662
vn 0.2186 0.8107 0.5431
vn 0.2576 0.8110 0.5253
vn 0.1876 0.9047 0.3825
vn 0.2149 0.9049 0.3674
vn 0.2360 0.4536 0.8594
vn 0.2581 0.5318 0.8066
vn 0.3076 0.5671 0.7641
vn 0.3161 0.6961 0.6446
vn 0.2952 0.8112 0.5047
vn 0.2411 0.9051 0.3504
vn 0.2705 0.4934 0.8267
vn 0.3001 0.4531 0.8394
vn 0.3266 0.4686 0.8208
vn 0.3286 0.4751 0.8163
vn 0.3545 0.4461 0.8218
vn 0.3793 0.4485 0.8093
vn 0.3892 0.4676 0.7936
vn 0.4033 0.4519 0.7957
vn 0.4295 0.4458 0.7853
vn 0.4466 0.4665 0.7635
vn 0.4512 0.4608 0.7643
vn 0.4800 0.4439 0.7567
vn 0.4987 0.4573 0.7363
vn 0.5007 0.4689 0.7276
vn 0.4665 0.5682 0.6779
vn 0.5149 0.5686 0.6416
vn 0.4487 0.6972 0.5591
vn 0.4884 0.6976 0.5242
vn 0.3977 0.8121 0.4269
vn 0.4279 0.8124 0.3961
vn 0.3113 0.9056 0.2881
vn 0.3314 0.9058 0.2641
vn 0.5248 0.4472 0.7243
vn 0.5444 0.4551 0.7046
vn 0.5461 0.4886 0.6805
vn 0.5612 0.4695 0.6816
vn 0.5860 0.4679 0.6616
vn 0.5720 0.5376 0.6195
vn 0.4312 0.7743 0.4631
vn 0.5605 0.5690 0.6017
vn 0.6032 0.5695 0.5584
vn 0.5255 0.6980 0.4864
vn 0.5597 0.6984 0.4459
vn 0.4557 0.8127 0.3630
vn 0.4810 0.8130 0.3280
vn 0.3498 0.9059 0.2385
vn 0.3663 0.9061 0.2117
vn 0.6372 0.4359 0.6356
vn 0.6453 0.4323 0.6299
vn 0.6618 0.4322 0.6126
vn 0.7051 0.4326 0.5618
vn 0.7052 0.4326 0.5618
vn 0.6530 0.3153 0.6886
vn 0.6905 0.2902 0.6626
vn 0.7023 0.2901 0.6501
vn 0.7484 0.2904 0.5963
vn 0.6642 0.1896 0.7231
vn 0.7119 0.1456 0.6871
vn 0.7260 0.1455 0.6721
vn 0.7738 0.1457 0.6165
vn 0.6759 0.0694 0.7338
vn 0.7178 0.0137 0.6961
vn 0.7320 0.0710 0.6776
vn 0.7611 0.0091 0.6485
vn 0.7800 0.0732 0.6214
vn 0.0705 0.9974 0.0148
vn 0.0728 0.9972 0.0167
vn 0.0695 0.9974 0.0207
vn 0.0709 0.9972 0.0219
vn 0.0681 0.9973 0.0266
vn 0.0685 0.9973 0.0269
vn 0.0666 0.9973 0.0321
vn 0.0655 0.9973 0.0321
vn 0.0646 0.9972 0.0373
vn 0.0623 0.9974 0.0371
vn 0.0621 0.9972 0.0424
vn 0.0588 0.9974 0.0419
vn 0.0591 0.9971 0.0471
vn 0.0551 0.9974 0.0465
vn 0.0557 0.9971 0.0515
vn 0.0511 0.9974 0.0508
vn 0.0518 0.9971 0.0556
vn 0.0469 0.9974 0.0549
vn 0.0475 0.9971 0.0592
vn 0.0424 0.9974 0.0588
vn 0.0429 0.9971 0.0624
vn 0.0377 0.9973 0.0624
vn 0.0380 0.9972 0.0650
vn 0.0328 0.9973 0.0658
vn 0.0329 0.9972 0.0672
vn 0.0278 0.9972 0.0689
vn 0.0276 0.9972 0.0688
vn 0.0229 0.9972 0.0714
vn 0.0218 0.9973 0.0702
vn 0.0177 0.9971 0.0735
vn 0.0160 0.9973 0.0713
vn 0.0124 0.9971 0.0751
vn 0.0102 0.9973 0.0721
vn 0.0069 0.9971 0.0761
vn 0.0044 0.9974 0.0725
vn 0.0014 0.9971 0.0765
vn -0.0015 0.9974 0.0726
vn -0.0042 0.9971 0.0763
vn -0.0073 0.9974 0.0724
vn -0.0097 0.9971 0.0756
vn -0.0131 0.9973 0.0718
vn -0.0151 0.9971 0.0743
vn -0.0189 0.9973 0.0708
vn -0.0203 0.9972 0.0725
vn -0.0248 0.9973 0.0696
vn -0.0401 0.9974 0.0606
vn -0.0453 0.9971 0.0608
vn -0.1596 0.9698 0.1846
vn -0.3005 0.9055 0.2996
vn -0.4421 0.8126 0.3798
vn -0.5758 0.6986 0.4248
vn -0.6611 0.5701 0.4877
vn -0.6953 0.5705 0.4372
vn -0.0447 0.9974 0.0569
vn -0.0497 0.9971 0.0574
vn -0.1726 0.9698 0.1721
vn -0.3216 0.9057 0.2763
vn -0.4687 0.8129 0.3458
vn -0.6054 0.6990 0.3806
vn -0.6953 0.5705 0.4371
vn -0.7257 0.5709 0.3841
vn -0.0490 0.9974 0.0529
vn -0.0538 0.9971 0.0536
vn -0.1847 0.9699 0.1587
vn -0.3409 0.9059 0.2515
vn -0.4927 0.8132 0.3098
vn -0.6317 0.6994 0.3344
vn -0.0531 0.9974 0.0487
vn -0.0574 0.9971 0.0494
vn -0.1957 0.9700 0.1444
vn -0.3408 0.9059 0.2515
vn -0.3583 0.9060 0.2253
vn -0.5141 0.8134 0.2721
vn -0.0570 0.9974 0.0442
vn -0.0607 0.9972 0.0448
vn -0.2057 0.9700 0.1293
vn -0.3738 0.9062 0.1978
vn -0.5141 0.8135 0.2721
vn -0.0606 0.9974 0.0395
vn -0.0634 0.9972 0.0399
vn -0.2146 0.9701 0.1136
vn -0.3737 0.9062 0.1978
vn -0.0640 0.9974 0.0346
vn -0.0657 0.9972 0.0348
vn -0.0671 0.9973 0.0294
vn -0.0671 0.9973 -0.0294
vn -0.0657 0.9972 -0.0348
vn -0.2057 0.9700 -0.1293
vn -0.3409 0.9059 -0.2515
vn -0.4421 0.8126 -0.3798
vn -0.5073 0.6978 -0.5057
vn -0.5381 0.5688 -0.6221
vn -0.0640 0.9974 -0.0346
vn -0.0634 0.9972 -0.0399
vn -0.1958 0.9700 -0.1444
vn -0.3408 0.9059 -0.2515
vn -0.3216 0.9057 -0.2763
vn -0.4131 0.8123 -0.4118
vn -0.4688 0.6974 -0.5420
vn -0.5381 0.5688 -0.6220
vn -0.4910 0.5684 -0.6602
vn -0.0606 0.9974 -0.0395
vn -0.0607 0.9972 -0.0448
vn -0.1957 0.9700 -0.1444
vn -0.1847 0.9699 -0.1587
vn -0.3005 0.9055 -0.2996
vn -0.3819 0.8120 -0.4415
vn -0.4279 0.6970 -0.5754
vn -0.4413 0.5680 -0.6947
vn -0.4839 0.4309 -0.7617
vn -0.4268 0.4305 -0.7953
vn -0.4527 0.2888 -0.8436
vn -0.0570 0.9974 -0.0442
vn -0.0574 0.9971 -0.0494
vn -0.1726 0.9698 -0.1721
vn -0.2779 0.9053 -0.3212
vn -0.3486 0.8117 -0.4687
vn -0.3847 0.6967 -0.6056
vn -0.3893 0.5676 -0.7254
vn -0.0531 0.9974 -0.0487
vn -0.0538 0.9971 -0.0536
vn -0.1596 0.9698 -0.1846
vn -0.2778 0.9053 -0.3212
vn -0.2537 0.9051 -0.3411
vn -0.3134 0.8114 -0.4934
vn -0.3394 0.6963 -0.6324
vn -0.0490 0.9974 -0.0529
vn -0.0497 0.9971 -0.0574
vn -0.1458 0.9697 -0.1960
vn -0.2282 0.9050 -0.3592
vn -0.2766 0.8111 -0.5154
vn -0.0447 0.9974 -0.0569
vn -0.0453 0.9971 -0.0608
vn -0.1311 0.9696 -0.2064
vn -0.2281 0.9050 -0.3592
vn -0.2014 0.9048 -0.3752
vn -0.0401 0.9974 -0.0606
vn -0.0405 0.9971 -0.0637
vn -0.1157 0.9696 -0.2156
vn -0.0353 0.9973 -0.0641
vn -0.0355 0.9972 -0.0662
vn -0.0303 0.9973 -0.0674
vn 0.0276 0.9972 -0.0688
vn 0.0277 0.9972 -0.0689
vn 0.1078 0.9696 -0.2198
vn 0.2149 0.9049 -0.3674
vn 0.3312 0.8115 -0.4814
vn 0.4487 0.6972 -0.5591
vn 0.5605 0.5690 -0.6017
vn 0.0329 0.9972 -0.0672
vn 0.0328 0.9973 -0.0658
vn 0.0380 0.9972 -0.0650
vn 0.0377 0.9973 -0.0624
vn 0.0429 0.9971 -0.0624
vn 0.0424 0.9974 -0.0588
vn 0.0475 0.9971 -0.0592
vn 0.0469 0.9974 -0.0549
vn 0.0518 0.9971 -0.0556
vn 0.0511 0.9974 -0.0508
vn 0.0557 0.9971 -0.0515
vn 0.0551 0.9974 -0.0465
vn 0.0591 0.9971 -0.0471
vn 0.0588 0.9974 -0.0419
vn 0.0621 0.9972 -0.0424
vn 0.0623 0.9974 -0.0371
vn 0.0646 0.9972 -0.0373
vn 0.0655 0.9973 -0.0321
vn -0.7131 0.7005 -0.0268
vn -0.7092 0.7005 -0.0802
vn -0.7013 0.7003 -0.1331
vn -0.7013 0.7004 -0.1331
vn -0.6895 0.7002 -0.1853
vn -0.6739 0.6999 -0.2364
vn -0.6739 0.7000 -0.2364
vn -0.5800 0.8144 -0.0218
vn -0.5768 0.8143 -0.0652
vn -0.5767 0.8143 -0.0652
vn -0.5704 0.8142 -0.1083
vn -0.5609 0.8141 -0.1507
vn -0.5800 0.8144 0.0218
vn -0.4214 0.9067 0.0158
vn -0.2419 0.9703 0.0091
vn -0.4214 0.9067 -0.0158
vn -0.4191 0.9067 -0.0474
vn -0.4145 0.9066 -0.0787
vn -0.4145 0.9067 -0.0787
vn -0.2418 0.9703 -0.0091
vn -0.2419 0.9703 -0.0091
vn -0.2405 0.9703 -0.0272
vn 0.6787 0.5703 0.4628
vn 0.6427 0.5699 0.5120
vn 0.5910 0.6988 0.4030
vn 0.6190 0.6992 0.3577
vn 0.5038 0.8133 0.2911
vn 0.5037 0.8133 0.2911
vn 0.3498 0.9060 0.2385
vn 0.5237 0.8136 0.2526
vn 0.3807 0.9063 0.1837
vn 0.7637 0.5714 0.3004
vn 0.6822 0.7001 0.2110
vn 0.5660 0.8142 0.1296
vn 0.4171 0.9067 0.0631
vn 0.2414 0.9703 0.0181
vn 0.3931 0.9064 0.1546
vn 0.7839 0.5717 0.2425
vn 0.5660 0.8141 0.1296
vn 0.4205 0.9067 0.0316
vn 0.2414 0.9703 0.0182
vn 0.5788 0.8143 0.0435
vn 0.2414 0.9703 -0.0182
vn 0.9564 0.2920 -0.0000
vn 0.9892 0.1465 -0.0000
vn 0.8201 0.5722 -0.0000
vn 0.8179 0.5721 -0.0615
vn 0.8110 0.5720 -0.1226
vn 0.7997 0.5719 -0.1831
vn 0.7839 0.5716 -0.2425
vn 0.7057 0.7004 -0.1067
vn 0.5660 0.8142 -0.1296
vn 0.4033 0.9065 -0.1247
vn 0.2257 0.9702 -0.0888
vn 0.6959 0.7003 -0.1593
vn 0.6822 0.7001 -0.2110
vn 0.6647 0.6998 -0.2615
vn 0.5660 0.8141 -0.1296
vn 0.5549 0.8140 -0.1716
vn 0.3931 0.9064 -0.1546
vn 0.5408 0.8138 -0.2127
vn 0.7110 0.5707 -0.4109
vn 0.6787 0.5703 -0.4628
vn 0.6427 0.5699 -0.5120
vn 0.6032 0.5695 -0.5584
vn 0.5606 0.5690 -0.6017
vn 0.6190 0.6992 -0.3577
vn 0.5910 0.6988 -0.4030
vn 0.5597 0.6984 -0.4459
vn 0.5255 0.6980 -0.4864
vn 0.4884 0.6976 -0.5242
vn 0.5037 0.8133 -0.2911
vn 0.4810 0.8130 -0.3280
vn 0.4557 0.8127 -0.3631
vn 0.4557 0.8127 -0.3630
vn 0.4279 0.8124 -0.3961
vn 0.3977 0.8121 -0.4269
vn 0.3655 0.8118 -0.4554
vn 0.2103 0.9701 -0.1215
vn 0.3662 0.9061 -0.2117
vn 0.3663 0.9061 -0.2117
vn 0.3498 0.9060 -0.2385
vn 0.3314 0.9058 -0.2641
vn 0.3112 0.9056 -0.2881
vn 0.3113 0.9056 -0.2881
vn 0.2894 0.9054 -0.3106
vn 0.2659 0.9052 -0.3314
vn 0.2660 0.9052 -0.3314
vn 0.2411 0.9051 -0.3504
vn 0.2411 0.9050 -0.3504
vn 0.2009 0.9700 -0.1370
vn 0.7738 0.1457 -0.6165
vn 0.7260 0.1455 -0.6721
vn 0.7052 0.4326 -0.5618
vn 0.7484 0.2904 -0.5963
vn 0.7023 0.2901 -0.6501
vn 0.1903 0.9699 -0.1516
vn 0.1904 0.9699 -0.1516
vn 0.6618 0.4322 -0.6126
vn 0.1788 0.9699 -0.1655
vn 0.1662 0.9698 -0.1784
vn 0.1528 0.9697 -0.1904
vn 0.1385 0.9697 -0.2013
vn 0.1235 0.9696 -0.2112
vn 0.3625 0.5674 -0.7393
vn 0.3076 0.5671 -0.7641
vn 0.2190 0.6956 -0.6843
vn 0.1374 0.8104 -0.5696
vn 0.0696 0.9043 -0.4212
vn 0.0223 0.9694 -0.2445
vn 0.1562 0.2880 -0.9448
vn 0.1614 0.1444 -0.9763
vn -0.0450 0.5663 -0.8230
vn -0.0914 0.6951 -0.7130
vn -0.1166 0.8103 -0.5743
vn -0.1151 0.9044 -0.4108
vn -0.0831 0.9695 -0.2306
vn -0.0913 0.6952 -0.7130
vn -0.1446 0.9045 -0.4011
vn -0.0542 0.9043 -0.4235
vn -0.2223 0.5667 -0.7934
vn -0.2437 0.6957 -0.6757
vn -0.1987 0.8106 -0.5509
vn -0.2437 0.6957 -0.6758
vn -0.4679 0.1449 -0.8718
vn -0.5305 0.1450 -0.8352
vn -0.5133 0.2891 -0.8080
vn -0.5133 0.2891 -0.8081
vn -0.6611 0.5701 -0.4877
vn -0.5757 0.6986 -0.4248
vn -0.6054 0.6990 -0.3806
vn -0.5141 0.8135 -0.2721
vn -0.3872 0.9063 -0.1693
vn -0.2287 0.9702 -0.0802
vn -0.6953 0.5705 -0.4371
vn -0.6318 0.6994 -0.3344
vn -0.5141 0.8134 -0.2721
vn -0.2288 0.9702 -0.0802
vn -0.2340 0.9702 -0.0629
vn -0.7521 0.5712 -0.3288
vn -0.9026 0.2915 -0.3167
vn -0.9026 0.2915 -0.3166
vn -0.8501 0.4341 -0.2982
vn -0.7743 0.5715 -0.2716
vn -0.7923 0.5718 -0.2129
vn -0.8059 0.5719 -0.1530
vn -0.8150 0.5721 -0.0921
vn -0.8059 0.5720 -0.1530
vn -0.8196 0.5721 -0.0308
vn -0.5608 0.8141 0.1507
vn -0.5767 0.8143 0.0652
vn -0.4191 0.9067 0.0474
vn -0.2405 0.9703 0.0272
vn -0.2379 0.9702 0.0452
vn -0.8059 0.5720 0.1530
vn -0.7923 0.5718 0.2129
vn -0.6739 0.7000 0.2364
vn -0.9335 0.1463 0.3275
vn -0.9026 0.2915 0.3166
vn -0.7743 0.5715 0.2716
vn -0.8501 0.4341 0.2982
vn -0.8270 0.4339 0.3576
vn -0.2281 0.9050 0.3592
vn -0.1735 0.9047 0.3892
vn -0.1734 0.9047 0.3892
vn -0.1447 0.9045 0.4012
vn -0.1446 0.9045 0.4011
vn -0.5133 0.2891 0.8081
vn -0.5305 0.1450 0.8352
vn -0.4679 0.1449 0.8718
vn -0.4527 0.2888 0.8436
vn -0.3893 0.5676 0.7254
vn -0.2795 0.5669 0.7749
vn -0.2437 0.6957 0.6758
vn -0.2437 0.6957 0.6757
vn -0.1939 0.6955 0.6919
vn -0.1166 0.8103 0.5743
vn -0.0913 0.6951 0.7130
vn -0.0543 0.9043 0.4235
vn -0.0542 0.9043 0.4235
vn 0.0150 0.5663 0.8241
vn 0.0653 0.6951 0.7159
vn 0.0956 0.8102 0.5782
vn 0.1001 0.9044 0.4148
vn 0.0749 0.5663 0.8208
vn 0.1172 0.6952 0.7092
vn 0.1374 0.8104 0.5696
vn 0.1300 0.9045 0.4062
vn 0.1344 0.5664 0.8131
vn 0.1685 0.6954 0.6986
vn 0.1785 0.8105 0.5578
vn 0.1592 0.9046 0.3954
vn 0.1473 0.4294 0.8910
vn 0.1875 0.9047 0.3825
vn 0.3625 0.5674 0.7393
vn 0.3623 0.6965 0.6194
vn 0.3312 0.8115 0.4814
vn 0.2411 0.9050 0.3504
vn 0.2659 0.9052 0.3314
vn 0.4156 0.5678 0.7106
vn 0.4066 0.6968 0.5909
vn 0.3655 0.8118 0.4554
vn 0.2660 0.9052 0.3314
vn 0.2894 0.9054 0.3106
vn 0.3112 0.9056 0.2881
vn 0.5606 0.5690 0.6017
vn 0.7017 -0.0000 -0.7125
vn 0.7179 0.0003 -0.6962
vn 0.7338 -0.0004 -0.6793
vn 0.7612 0.0003 -0.6486
vn 0.7821 -0.0005 -0.6231
vn 0.8014 0.0003 -0.5982
vn 0.8126 -0.0000 -0.5829
vn 0.8014 -0.0003 -0.5982
vn 0.7821 0.0005 -0.6231
vn 0.7612 -0.0003 -0.6486
vn 0.7338 0.0004 -0.6793
vn 0.7179 -0.0003 -0.6962
vn 0.9977 -0.0000 -0.0676
vn 0.9979 0.0001 -0.0652
vn 1.0000 -0.0001 -0.0000
vn 0.9979 0.0001 0.0652
vn 0.9977 -0.0000 0.0676
vn 0.9979 -0.0001 0.0652
vn 1.0000 0.0001 -0.0000
vn 0.9979 -0.0001 -0.0652
vn 0.1020 -0.0000 -0.9948
vn 0.1084 0.0002 -0.9941
vn 0.1631 -0.0003 -0.9866
vn 0.1711 0.0001 -0.9853
vn 0.2300 -0.0001 -0.9732
vn 0.2331 -0.0000 -0.9724
vn 0.2331 0.0001 -0.9724
vn 0.1711 -0.0001 -0.9853
vn 0.1631 0.0003 -0.9866
vn 0.1084 -0.0002 -0.9941
vn 0.8126 -0.0000 0.5829
vn 0.8014 0.0003 0.5982
vn 0.7821 -0.0005 0.6231
vn 0.7612 0.0003 0.6486
vn 0.7338 -0.0004 0.6793
vn 0.7179 0.0003 0.6962
vn 0.7017 -0.0000 0.7125
vn 0.7179 -0.0003 0.6962
vn 0.7338 0.0004 0.6793
vn 0.7612 -0.0003 0.6486
vn 0.7821 0.0005 0.6231
vn 0.8014 -0.0003 0.5982
vn -0.5710 -0.0000 -0.8210
vn -0.5487 0.0002 -0.8360
vn -0.5362 -0.0004 -0.8441
vn -0.4943 0.0003 -0.8693
vn -0.4729 -0.0004 -0.8811
vn -0.4379 0.0003 -0.8990
vn -0.4248 -0.0000 -0.9053
vn -0.4379 -0.0003 -0.8990
vn -0.4729 0.0004 -0.8811
vn -0.4943 -0.0003 -0.8693
vn -0.5362 0.0004 -0.8441
vn -0.5487 -0.0002 -0.8360
vn 0.2331 -0.0001 0.9724
vn 0.2300 0.0001 0.9732
vn 0.2331 -0.0000 0.9724
vn 0.1711 0.0001 0.9853
vn 0.1631 -0.0003 0.9866
vn 0.1631 0.0003 0.9866
vn 0.1084 -0.0002 0.9941
vn 0.1020 -0.0000 0.9948
vn 0.1084 0.0002 0.9941
vn 0.1711 -0.0001 0.9853
vn -0.9616 -0.0000 -0.2746
vn -0.9585 0.0003 -0.2850
vn -0.9436 -0.0004 -0.3310
vn -0.9380 0.0002 -0.3467
vn -0.9163 -0.0002 -0.4006
vn -0.9135 -0.0000 -0.4068
vn -0.9002 -0.0000 -0.4354
vn -0.9163 0.0002 -0.4006
vn -0.9380 -0.0002 -0.3467
vn -0.9436 0.0004 -0.3310
vn -0.9585 -0.0003 -0.2850
vn -0.4248 -0.0000 0.9053
vn -0.4379 0.0003 0.8990
vn -0.4729 -0.0004 0.8811
vn -0.4943 0.0003 0.8693
vn -0.5362 -0.0004 0.8441
vn -0.5487 0.0002 0.8360
vn -0.5710 -0.0000 0.8210
vn -0.5487 -0.0002 0.8360
vn -0.5362 0.0004 0.8441
vn -0.4943 -0.0003 0.8693
vn -0.4729 0.0004 0.8811
vn -0.4379 -0.0003 0.8990
vn -0.0000 1.0000 -0.0000
vn -0.0000 -1.0000 -0.0000
vn -0.6370 -0.0000 0.7709
vn -0.3512 0.8872 -0.2993
vn -0.3513 0.8872 -0.2993
vn -0.7612 -0.0000 -0.6486
vn 0.6370 -0.0000 -0.7709
vn -0.9002 -0.0000 0.4354
vn -0.9135 -0.0000 0.4068
vn -0.9163 -0.0002 0.4006
vn -0.9380 0.0002 0.3467
vn -0.9436 -0.0004 0.3310
vn -0.9585 0.0003 0.2850
vn -0.9616 -0.0000 0.2746
vn -0.9585 -0.0003 0.2850
vn -0.9436 0.0004 0.3310
vn -0.9380 -0.0002 0.3467
vn -0.9163 0.0002 0.4006
vn -0.9843 -0.0000 0.1762
vn -0.0795 0.8856 -0.4577
vn -0.1711 -0.0000 -0.9853
vn 0.9843 -0.0000 -0.1762
vn -0.8627 -0.0000 -0.5058
vn -0.8627 -0.0000 -0.5057
vn 0.2290 0.8862 -0.4028
vn 0.4943 -0.0000 -0.8693
vn 0.8627 -0.0000 0.5058
vn 0.8627 -0.0000 0.5057
vn -0.3374 -0.0000 -0.9414
vn -0.3374 -0.0000 -0.9413
vn 0.4313 0.8880 -0.1594
vn 0.9380 -0.0000 -0.3467
vn 0.3374 -0.0000 0.9414
vn 0.3374 -0.0000 -0.9414
vn 0.4313 0.8880 0.1594
vn 0.9380 -0.0000 0.3467
vn -0.3374 -0.0000 0.9414
vn 0.8627 -0.0000 -0.5058
vn 0.8627 -0.0000 -0.5057
vn 0.2290 0.8862 0.4028
vn 0.4943 -0.0000 0.8693
vn -0.8627 -0.0000 0.5058
vn -0.8627 -0.0000 0.5057
vn 0.9843 -0.0000 0.1762
vn -0.0795 0.8856 0.4577
vn -0.1711 -0.0000 0.9853
vn -0.9843 -0.0000 -0.1762
vn -0.6370 -0.0000 -0.7709
vn -0.6370 -0.0000 -0.7708
vn 0.6370 -0.0000 0.7709
vn -0.3512 0.8872 0.2993
vn -0.3513 0.8872 0.2993
vn -0.7612 -0.0000 0.6486
vn -0.0000 -0.0000 -1.0000
vn -0.0000 -0.0000 1.0000
vn -0.4591 0.8884 -0.0000
vn -1.0000 -0.0000 -0.0000
vn 1.0000 -0.0000 -0.0000
vn -0.7017 -0.0000 -0.7125
vn -0.7017 -0.0000 0.7125
vn -0.9993 -0.0000 0.0375
vn -0.9993 -0.0000 -0.0375
vn -0.9937 -0.0000 -0.1123
vn -0.9825 -0.0000 -0.1865
vn -0.9657 -0.0000 -0.2595
vn -0.9436 -0.0000 -0.3310
vn -0.9163 -0.0000 -0.4006
vn -0.8838 -0.0000 -0.4678
vn -0.8466 -0.0000 -0.5323
vn -0.8047 -0.0000 -0.5937
vn -0.7585 -0.0000 -0.6517
vn -0.7082 -0.0000 -0.7060
vn -0.6542 -0.0000 -0.7563
vn -0.5968 -0.0000 -0.8024
vn -0.5362 -0.0000 -0.8441
vn -0.4729 -0.0000 -0.8811
vn -0.4071 -0.0000 -0.9134
vn -0.3393 -0.0000 -0.9407
vn -0.2698 -0.0000 -0.9629
vn -0.1989 -0.0000 -0.9800
vn -0.1271 -0.0000 -0.9919
vn -0.0546 -0.0000 -0.9985
vn 0.0182 -0.0000 -0.9998
vn 0.0909 -0.0000 -0.9959
vn 0.1631 -0.0000 -0.9866
vn 0.2345 -0.0000 -0.9721
vn 0.3048 -0.0000 -0.9524
vn 0.3735 -0.0000 -0.9276
vn 0.4403 -0.0000 -0.8979
vn 0.5049 -0.0000 -0.8632
vn 0.5668 -0.0000 -0.8238
vn 0.6259 -0.0000 -0.7799
vn 0.6817 -0.0000 -0.7317
vn 0.7338 -0.0000 -0.6793
vn 0.7339 -0.0000 -0.6793
vn 0.7821 -0.0000 -0.6231
vn 0.8262 -0.0000 -0.5634
vn 0.8658 -0.0000 -0.5004
vn 0.9007 -0.0000 -0.4345
vn 0.9306 -0.0000 -0.3661
vn 0.9553 -0.0000 -0.2955
vn 0.9748 -0.0000 -0.2232
vn 0.9888 -0.0000 -0.1495
vn 0.9972 -0.0000 -0.0750
vn 0.9972 -0.0000 0.0750
vn 0.9888 -0.0000 0.1495
vn 0.9748 -0.0000 0.2232
vn 0.9553 -0.0000 0.2955
vn 0.9306 -0.0000 0.3661
vn 0.9007 -0.0000 0.4345
vn 0.8658 -0.0000 0.5004
vn 0.8262 -0.0000 0.5634
vn 0.7821 -0.0000 0.6231
vn 0.7338 -0.0000 0.6793
vn 0.6817 -0.0000 0.7317
vn 0.6259 -0.0000 0.7799
vn 0.5668 -0.0000 0.8238
vn 0.5049 -0.0000 0.8632
vn 0.4403 -0.0000 0.8979
vn 0.3735 -0.0000 0.9276
vn 0.3048 -0.0000 0.9524
vn 0.2345 -0.0000 0.9721
vn 0.1631 -0.0000 0.9866
vn 0.0909 -0.0000 0.9959
vn 0.0182 -0.0000 0.9998
vn -0.0546 -0.0000 0.9985
vn -0.1271 -0.0000 0.9919
vn -0.1989 -0.0000 0.9800
vn -0.2698 -0.0000 0.9629
vn -0.3393 -0.0000 0.9407
vn -0.4071 -0.0000 0.9134
vn -0.4729 -0.0000 0.8811
vn -0.5362 -0.0000 0.8441
vn -0.5968 -0.0000 0.8024
vn -0.6542 -0.0000 0.7563
vn -0.7082 -0.0000 0.7060
vn -0.7585 -0.0000 0.6517
vn -0.8047 -0.0000 0.5937
vn -0.8466 -0.0000 0.5323
vn -0.8838 -0.0000 0.4678
vn -0.9163 -0.0000 0.4006
vn -0.9436 -0.0000 0.3310
vn -0.9657 -0.0000 0.2595
vn -0.9825 -0.0000 0.1865
vn -0.9937 -0.0000 0.1123
vn -0.9996 -0.0000 -0.0285
vn -0.9996 -0.0000 0.0285
vn -0.9964 -0.0000 0.0853
vn -0.9899 -0.0000 0.1419
vn -0.9802 -0.0000 0.1980
vn -0.9674 -0.0000 0.2534
vn -0.9514 -0.0000 0.3079
vn -0.9324 -0.0000 0.3614
vn -0.9104 -0.0000 0.4137
vn -0.8856 -0.0000 0.4645
vn -0.8855 -0.0000 0.4645
vn -0.8579 -0.0000 0.5139
vn -0.8275 -0.0000 0.5615
vn -0.7946 -0.0000 0.6072
vn -0.7591 -0.0000 0.6509
vn -0.7214 -0.0000 0.6925
vn -0.6814 -0.0000 0.7319
vn -0.6394 -0.0000 0.7689
vn -0.5954 -0.0000 0.8034
vn -0.5497 -0.0000 0.8354
vn -0.5023 -0.0000 0.8647
vn -0.4535 -0.0000 0.8913
vn -0.4033 -0.0000 0.9151
vn -0.3519 -0.0000 0.9360
vn -0.2995 -0.0000 0.9541
vn -0.2462 -0.0000 0.9692
vn -0.1922 -0.0000 0.9813
vn -0.1377 -0.0000 0.9905
vn -0.0828 -0.0000 0.9966
vn -0.0276 -0.0000 0.9996
vn 0.0276 -0.0000 0.9996
vn 0.0828 -0.0000 0.9966
vn 0.1377 -0.0000 0.9905
vn 0.1922 -0.0000 0.9813
vn 0.2462 -0.0000 0.9692
vn 0.2995 -0.0000 0.9541
vn 0.3519 -0.0000 0.9360
vn 0.4033 -0.0000 0.9151
vn 0.4535 -0.0000 0.8913
vn 0.5023 -0.0000 0.8647
vn 0.5497 -0.0000 0.8354
vn 0.5954 -0.0000 0.8034
vn 0.6394 -0.0000 0.7689
vn 0.6814 -0.0000 0.7319
vn 0.7214 -0.0000 0.6925
vn 0.7591 -0.0000 0.6509
vn 0.7946 -0.0000 0.6072
vn 0.8275 -0.0000 0.5615
vn 0.8579 -0.0000 0.5139
vn 0.8855 -0.0000 0.4645
vn 0.8856 -0.0000 0.4645
vn 0.9104 -0.0000 0.4137
vn 0.9324 -0.0000 0.3614
vn 0.9514 -0.0000 0.3079
vn 0.9674 -0.0000 0.2534
vn 0.9802 -0.0000 0.1980
vn 0.9899 -0.0000 0.1419
vn 0.9964 -0.0000 0.0853
vn 0.9996 -0.0000 0.0285
vn 0.9996 -0.0000 -0.0285
vn 0.9964 -0.0000 -0.0853
vn 0.9899 -0.0000 -0.1419
vn 0.9802 -0.0000 -0.1980
vn 0.9674 -0.0000 -0.2534
vn 0.9514 -0.0000 -0.3079
vn 0.9324 -0.0000 -0.3614
vn 0.9104 -0.0000 -0.4137
vn 0.8856 -0.0000 -0.4645
vn 0.8855 -0.0000 -0.4645
vn 0.8579 -0.0000 -0.5139
vn 0.8275 -0.0000 -0.5615
vn 0.7946 -0.0000 -0.6072
vn 0.7591 -0.0000 -0.6509
vn 0.7214 -0.0000 -0.6925
vn 0.6814 -0.0000 -0.7319
vn 0.6394 -0.0000 -0.7689
vn 0.5954 -0.0000 -0.8034
vn 0.5497 -0.0000 -0.8354
vn 0.5023 -0.0000 -0.8647
vn 0.4535 -0.0000 -0.8913
vn 0.4033 -0.0000 -0.9151
vn 0.3519 -0.0000 -0.9360
vn 0.2995 -0.0000 -0.9541
vn 0.2462 -0.0000 -0.9692
vn 0.1922 -0.0000 -0.9813
vn 0.1377 -0.0000 -0.9905
vn 0.0828 -0.0000 -0.9966
vn 0.0276 -0.0000 -0.9996
vn -0.0276 -0.0000 -0.9996
vn -0.0828 -0.0000 -0.9966
vn -0.1377 -0.0000 -0.9905
vn -0.1922 -0.0000 -0.9813
vn -0.2462 -0.0000 -0.9692
vn -0.2995 -0.0000 -0.9541
vn -0.3519 -0.0000 -0.9360
vn -0.4033 -0.0000 -0.9151
vn -0.4535 -0.0000 -0.8913
vn -0.5023 -0.0000 -0.8647
vn -0.5497 -0.0000 -0.8354
vn -0.5954 -0.0000 -0.8034
vn -0.6394 -0.0000 -0.7689
vn -0.6814 -0.0000 -0.7319
vn -0.7214 -0.0000 -0.6925
vn -0.7591 -0.0000 -0.6509
vn -0.7946 -0.0000 -0.6072
vn -0.8275 -0.0000 -0.5615
vn -0.8579 -0.0000 -0.5139
vn -0.8855 -0.0000 -0.4645
vn -0.8856 -0.0000 -0.4645
vn -0.9104 -0.0000 -0.4137
vn -0.9324 -0.0000 -0.3614
vn -0.9514 -0.0000 -0.3079
vn -0.9674 -0.0000 -0.2534
vn -0.9802 -0.0000 -0.1980
vn -0.9899 -0.0000 -0.1419
vn -0.9964 -0.0000 -0.0853
vn -0.6749 -0.0000 -0.7379
vn -0.6924 -0.0002 -0.7215
vn -0.6941 0.0001 -0.7199
vn -0.7285 -0.0001 -0.6850
vn -0.7287 -0.0001 -0.6849
vn -0.7612 0.0001 -0.6486
vn -0.7630 -0.0003 -0.6464
vn -0.7921 0.0003 -0.6104
vn -0.7954 -0.0004 -0.6061
vn -0.8211 0.0004 -0.5708
vn -0.8257 -0.0006 -0.5641
vn -0.8374 -0.0000 -0.5465
vn -0.8486 0.0005 -0.5291
vn -0.8538 -0.0005 -0.5206
vn -0.8743 0.0005 -0.4853
vn -0.8797 -0.0005 -0.4756
vn -0.8979 0.0005 -0.4403
vn -0.9032 -0.0006 -0.4293
vn -0.9191 0.0006 -0.3940
vn -0.9243 -0.0006 -0.3817
vn -0.9380 0.0006 -0.3467
vn -0.9429 -0.0006 -0.3331
vn -0.9544 0.0006 -0.2984
vn -0.9590 -0.0007 -0.2835
vn -0.9684 0.0006 -0.2493
vn -0.9725 -0.0007 -0.2330
vn -0.9799 0.0007 -0.1995
vn -0.9833 -0.0007 -0.1820
vn -0.9888 0.0007 -0.1491
vn -0.9901 -0.0000 -0.1401
vn -0.9915 -0.0009 -0.1303
vn -0.9951 0.0008 -0.0991
vn -0.9969 -0.0009 -0.0784
vn -0.9988 0.0008 -0.0496
vn -0.9997 -0.0009 -0.0261
vn -1.0000 0.0008 -0.0000
vn -0.9997 -0.0009 0.0261
vn -0.9988 0.0008 0.0496
vn -0.9969 -0.0009 0.0784
vn -0.9951 0.0008 0.0991
vn -0.9915 -0.0009 0.1303
vn -0.9901 -0.0000 0.1400
vn -0.9888 0.0007 0.1491
vn -0.9833 -0.0007 0.1820
vn -0.9799 0.0007 0.1995
vn -0.9725 -0.0007 0.2330
vn -0.9684 0.0006 0.2493
vn -0.9590 -0.0007 0.2835
vn -0.9544 0.0006 0.2984
vn -0.9429 -0.0006 0.3331
vn -0.9380 0.0006 0.3467
vn -0.9243 -0.0006 0.3817
vn -0.9191 0.0006 0.3940
vn -0.9032 -0.0006 0.4293
vn -0.8979 0.0005 0.4403
vn -0.8797 -0.0005 0.4756
vn -0.8743 0.0005 0.4853
vn -0.8538 -0.0005 0.5206
vn -0.8486 0.0005 0.5291
vn -0.8374 -0.0000 0.5465
vn -0.8257 -0.0006 0.5641
vn -0.8211 0.0004 0.5708
vn -0.7954 -0.0004 0.6061
vn -0.7921 0.0003 0.6104
vn -0.7630 -0.0003 0.6464
vn -0.7612 0.0001 0.6486
vn -0.7287 -0.0001 0.6849
vn -0.7285 -0.0001 0.6850
vn -0.6941 0.0001 0.7199
vn -0.6924 -0.0002 0.7215
vn -0.6750 -0.0000 0.7378
vn -0.6576 0.0002 0.7534
vn -0.6544 -0.0003 0.7561
vn -0.6189 0.0003 0.7855
vn -0.6148 -0.0003 0.7887
vn -0.5787 0.0003 0.8155
vn -0.5735 -0.0004 0.8192
vn -0.5371 0.0004 0.8435
vn -0.5309 -0.0004 0.8475
vn -0.4943 0.0004 0.8693
vn -0.4868 -0.0005 0.8735
vn -0.4502 0.0004 0.8929
vn -0.4416 -0.0005 0.8972
vn -0.4051 0.0005 0.9143
vn -0.3953 -0.0005 0.9185
vn -0.3590 0.0005 0.9333
vn -0.3480 -0.0006 0.9375
vn -0.3121 0.0005 0.9500
vn -0.3063 -0.0000 0.9519
vn -0.2999 -0.0007 0.9540
vn -0.2652 0.0007 0.9642
vn -0.2510 -0.0008 0.9680
vn -0.2184 0.0007 0.9759
vn -0.2016 -0.0009 0.9795
vn -0.1711 0.0008 0.9853
vn -0.1516 -0.0009 0.9884
vn -0.1234 0.0008 0.9924
vn -0.1013 -0.0009 0.9949
vn -0.0755 0.0008 0.9971
vn -0.0507 -0.0009 0.9987
vn -0.0384 -0.0000 0.9993
vn -0.0267 0.0007 0.9996
vn -0.0000 -0.0008 1.0000
vn 0.0230 0.0007 0.9997
vn 0.0507 -0.0008 0.9987
vn 0.0725 0.0007 0.9974
vn 0.1013 -0.0008 0.9949
vn 0.1220 0.0007 0.9925
vn 0.1516 -0.0007 0.9884
vn 0.1711 0.0007 0.9853
vn 0.2016 -0.0007 0.9795
vn 0.2198 0.0007 0.9755
vn 0.2510 -0.0007 0.9680
vn 0.2680 0.0007 0.9634
vn 0.2999 -0.0007 0.9540
vn 0.3156 0.0006 0.9489
vn 0.3480 -0.0007 0.9375
vn 0.3625 0.0006 0.9320
vn 0.3787 -0.0000 0.9255
vn 0.3953 -0.0008 0.9185
vn 0.4078 0.0006 0.9131
vn 0.4416 -0.0007 0.8972
vn 0.4515 0.0005 0.8922
vn 0.4868 -0.0006 0.8735
vn 0.4943 0.0004 0.8693
vn 0.5309 -0.0005 0.8475
vn 0.5359 0.0003 0.8443
vn 0.5735 -0.0003 0.8192
vn 0.5763 0.0001 0.8172
vn 0.6148 -0.0001 0.7887
vn 0.6159 0.0001 0.7878
vn 0.6544 -0.0001 0.7561
vn 0.6548 -0.0000 0.7558
vn 0.6920 -0.0000 0.7219
vn 0.6924 -0.0001 0.7215
vn 0.7275 0.0001 0.6861
vn 0.7287 -0.0001 0.6849
vn 0.7612 0.0001 0.6485
vn 0.7630 -0.0002 0.6464
vn 0.7930 0.0002 0.6092
vn 0.7954 -0.0002 0.6061
vn 0.8228 0.0002 0.5683
vn 0.8257 -0.0003 0.5641
vn 0.8506 0.0003 0.5259
vn 0.8538 -0.0004 0.5206
vn 0.8762 0.0003 0.4820
vn 0.8778 -0.0000 0.4790
vn 0.8797 -0.0005 0.4756
vn 0.8992 0.0005 0.4375
vn 0.9032 -0.0006 0.4293
vn 0.9197 0.0006 0.3926
vn 0.9243 -0.0007 0.3817
vn 0.9380 0.0007 0.3467
vn 0.9429 -0.0008 0.3331
vn 0.9540 0.0007 0.2998
vn 0.9590 -0.0009 0.2835
vn 0.9677 0.0008 0.2522
vn 0.9725 -0.0009 0.2330
vn 0.9760 -0.0000 0.2179
vn 0.9791 0.0007 0.2032
vn 0.9833 -0.0008 0.1820
vn 0.9882 0.0007 0.1529
vn 0.9915 -0.0008 0.1303
vn 0.9948 0.0007 0.1022
vn 0.9969 -0.0008 0.0784
vn 0.9987 0.0007 0.0512
vn 0.9997 -0.0008 0.0261
vn 1.0000 0.0008 -0.0000
vn 0.9997 -0.0008 -0.0261
vn 0.9987 0.0007 -0.0512
vn 0.9969 -0.0008 -0.0784
vn 0.9948 0.0007 -0.1022
vn 0.9915 -0.0008 -0.1303
vn 0.9882 0.0007 -0.1529
vn 0.9833 -0.0008 -0.1820
vn 0.9791 0.0007 -0.2032
vn 0.9760 -0.0000 -0.2179
vn 0.9725 -0.0009 -0.2330
vn 0.9677 0.0008 -0.2522
vn 0.9590 -0.0009 -0.2835
vn 0.9540 0.0007 -0.2998
vn 0.9429 -0.0008 -0.3331
vn 0.9380 0.0007 -0.3467
vn 0.9243 -0.0007 -0.3817
vn 0.9197 0.0006 -0.3926
vn 0.9032 -0.0006 -0.4293
vn 0.8992 0.0005 -0.4375
vn 0.8797 -0.0005 -0.4756
vn 0.8778 -0.0000 -0.4790
vn 0.8762 0.0003 -0.4820
vn 0.8538 -0.0004 -0.5206
vn 0.8506 0.0003 -0.5259
vn 0.8257 -0.0003 -0.5641
vn 0.8228 0.0002 -0.5683
vn 0.7954 -0.0002 -0.6061
vn 0.7930 0.0002 -0.6092
vn 0.7630 -0.0002 -0.6464
vn 0.7612 0.0001 -0.6485
vn 0.7287 -0.0001 -0.6849
vn 0.7275 0.0001 -0.6861
vn 0.6924 -0.0001 -0.7215
vn 0.6920 -0.0000 -0.7219
vn 0.6548 -0.0000 -0.7558
vn 0.6544 -0.0001 -0.7561
vn 0.6160 0.0001 -0.7878
vn 0.6156 -0.0000 -0.7881
vn 0.6148 -0.0001 -0.7887
vn 0.5763 0.0001 -0.8172
vn 0.5735 -0.0003 -0.8192
vn 0.5359 0.0003 -0.8443
vn 0.5309 -0.0005 -0.8475
vn 0.4943 0.0004 -0.8693
vn 0.4868 -0.0006 -0.8735
vn 0.4515 0.0005 -0.8922
vn 0.4416 -0.0007 -0.8972
vn 0.4078 0.0006 -0.9131
vn 0.3953 -0.0008 -0.9185
vn 0.3787 -0.0000 -0.9255
vn 0.3625 0.0006 -0.9320
vn 0.3480 -0.0007 -0.9375
vn 0.3156 0.0006 -0.9489
vn 0.2999 -0.0007 -0.9540
vn 0.2680 0.0007 -0.9634
vn 0.2510 -0.0007 -0.9680
vn 0.2198 0.0007 -0.9755
vn 0.2016 -0.0007 -0.9795
vn 0.1711 0.0007 -0.9853
vn 0.1516 -0.0007 -0.9884
vn 0.1220 0.0007 -0.9925
vn 0.1013 -0.0008 -0.9949
vn 0.0725 0.0007 -0.9974
vn 0.0507 -0.0008 -0.9987
vn 0.0230 0.0007 -0.9997
vn -0.0000 -0.0008 -1.0000
vn -0.0267 0.0007 -0.9996
vn -0.0384 -0.0000 -0.9993
vn -0.0507 -0.0009 -0.9987
vn -0.0755 0.0008 -0.9971
vn -0.1013 -0.0009 -0.9949
vn -0.1234 0.0008 -0.9924
vn -0.1516 -0.0009 -0.9884
vn -0.1711 0.0008 -0.9853
vn -0.2016 -0.0009 -0.9795
vn -0.2184 0.0007 -0.9759
vn -0.2510 -0.0008 -0.9680
vn -0.2652 0.0007 -0.9642
vn -0.2999 -0.0007 -0.9540
vn -0.3063 -0.0000 -0.9519
vn -0.3121 0.0005 -0.9500
vn -0.3480 -0.0006 -0.9375
vn -0.3590 0.0005 -0.9333
vn -0.3953 -0.0005 -0.9185
vn -0.4051 0.0005 -0.9143
vn -0.4416 -0.0005 -0.8972
vn -0.4502 0.0004 -0.8929
vn -0.4868 -0.0005 -0.8735
vn -0.4943 0.0004 -0.8693
vn -0.5309 -0.0004 -0.8475
vn -0.5371 0.0004 -0.8435
vn -0.5735 -0.0004 -0.8192
vn -0.5787 0.0003 -0.8155
vn -0.6148 -0.0003 -0.7887
vn -0.6189 0.0003 -0.7855
vn -0.6544 -0.0003 -0.7561
vn -0.6576 0.0002 -0.7534
vn 0.6160 -0.0000 0.7878
s 0
f 1//1 2//1 3//1
f 3//2 2//2 4//2
f 3//3 4//3 5//3
f 5//4 4//4 6//4
f 5//5 6//5 7//5
f 7//6 6//6 8//6
f 7//7 8//7 9//7
f 9//8 8//8 10//8
f 9//9 10//9 11//9
f 11//10 10//10 12//10
f 11//11 12//11 13//11
f 13//12 14//12 11//12
f 11//13 14//13 15//13
f 11//14 15//14 16//14
f 16//15 15//15 17//15
f 16//16 17//16 18//16
f 18//17 17//17 19//17
f 18//18 19//18 20//18
f 20//19 19//19 21//19
f 20//20 21//20 22//20
f 22//21 21//21 23//21
f 22//22 23//22 24//22
f 24//23 23//23 25//23
f 24//24 25//24 26//24
f 26//25 25//25 27//25
f 27//26 25//26 28//26
f 27//27 28//27 29//27
f 29//28 28//28 30//28
f 29//29 30//29 31//29
f 31//30 30//30 32//30
f 31//31 32//31 33//31
f 33//32 32//32 34//32
f 33//33 34//33 35//33
f 35//34 34//34 36//34
f 35//35 36//35 37//35
f 37//36 36//36 38//36
f 37//37 38//37 39//37
f 39//38 38//38 40//38
f 39//39 40//39 41//39
f 41//40 40//40 42//40
f 41//40 42//40 43//40
f 43//41 42//41 44//41
f 43//41 44//41 45//41
f 45//42 44//42 46//42
f 45//42 46//42 47//42
f 47//43 46//43 48//43
f 47//43 48//43 49//43
f 49//44 48//44 50//44
f 49//44 50//44 51//44
f 51//45 50//45 52//45
f 51//46 52//46 53//46
f 14//47 54//47 15//47
f 15//48 54//48 55//48
f 15//49 55//49 56//49
f 56//50 55//50 57//50
f 56//51 57//51 58//51
f 56//52 58//52 59//52
f 59//53 58//53 60//53
f 59//54 60//54 61//54
f 61//55 62//55 59//55
f 59//56 62//56 63//56
f 59//57 63//57 64//57
f 64//58 63//58 65//58
f 64//59 65//59 66//59
f 66//60 65//60 67//60
f 66//61 67//61 68//61
f 68//62 67//62 69//62
f 68//63 69//63 70//63
f 70//64 69//64 71//64
f 70//65 71//65 30//65
f 30//66 71//66 32//66
f 62//67 72//67 63//67
f 63//68 72//68 73//68
f 63//69 73//69 74//69
f 74//70 73//70 75//70
f 74//71 75//71 76//71
f 76//72 77//72 74//72
f 74//73 77//73 78//73
f 74//74 78//74 79//74
f 79//75 78//75 80//75
f 79//76 80//76 81//76
f 81//77 80//77 82//77
f 81//78 82//78 83//78
f 83//79 82//79 84//79
f 83//80 84//80 85//80
f 85//81 84//81 86//81
f 85//82 86//82 34//82
f 34//83 86//83 36//83
f 77//84 87//84 78//84
f 78//85 87//85 88//85
f 78//75 88//75 80//75
f 80//86 88//86 89//86
f 80//77 89//77 82//77
f 82//87 89//87 90//87
f 82//88 90//88 84//88
f 84//89 90//89 91//89
f 84//81 91//81 86//81
f 86//90 91//90 92//90
f 86//83 92//83 36//83
f 36//91 92//91 38//91
f 87//92 93//92 88//92
f 88//93 93//93 94//93
f 88//94 94//94 95//94
f 95//94 94//94 96//94
f 95//95 96//95 97//95
f 97//96 96//96 98//96
f 98//97 96//97 99//97
f 99//98 96//98 100//98
f 99//99 100//99 101//99
f 101//100 100//100 102//100
f 101//101 102//101 103//101
f 103//102 102//102 104//102
f 104//103 102//103 105//103
f 104//103 105//103 106//103
f 106//104 105//104 107//104
f 107//105 105//105 108//105
f 108//106 105//106 109//106
f 108//107 109//107 110//107
f 110//108 109//108 94//108
f 110//109 94//109 93//109
f 95//110 97//110 111//110
f 111//111 97//111 112//111
f 111//112 112//112 113//112
f 111//113 113//113 114//113
f 114//114 113//114 115//114
f 114//115 115//115 116//115
f 114//116 116//116 117//116
f 117//117 116//117 118//117
f 117//118 118//118 119//118
f 117//119 119//119 120//119
f 120//120 119//120 121//120
f 120//121 121//121 122//121
f 122//122 123//122 120//122
f 120//123 123//123 50//123
f 120//124 50//124 48//124
f 123//125 124//125 50//125
f 50//126 124//126 52//126
f 53//127 125//127 51//127
f 51//128 125//128 126//128
f 51//129 126//129 127//129
f 127//130 126//130 128//130
f 127//131 128//131 129//131
f 127//132 129//132 130//132
f 130//133 129//133 131//133
f 130//134 131//134 132//134
f 132//135 131//135 133//135
f 132//136 133//136 134//136
f 134//137 133//137 135//137
f 134//138 135//138 136//138
f 136//139 135//139 137//139
f 136//140 137//140 138//140
f 136//141 138//141 139//141
f 139//142 138//142 140//142
f 139//143 140//143 141//143
f 141//144 140//144 142//144
f 141//145 142//145 143//145
f 141//146 143//146 144//146
f 144//147 143//147 145//147
f 144//148 145//148 146//148
f 146//149 145//149 147//149
f 146//150 147//150 148//150
f 148//151 147//151 149//151
f 148//152 149//152 150//152
f 150//153 149//153 151//153
f 150//154 151//154 152//154
f 152//155 153//155 150//155
f 150//156 153//156 154//156
f 150//157 154//157 155//157
f 155//158 154//158 156//158
f 155//159 156//159 157//159
f 157//160 156//160 158//160
f 157//161 158//161 159//161
f 159//162 158//162 160//162
f 159//163 160//163 161//163
f 161//164 160//164 162//164
f 161//165 162//165 163//165
f 163//166 162//166 164//166
f 163//167 164//167 165//167
f 165//168 164//168 166//168
f 166//169 164//169 167//169
f 166//170 167//170 168//170
f 168//171 167//171 169//171
f 168//172 169//172 170//172
f 170//173 169//173 171//173
f 170//174 171//174 172//174
f 172//175 171//175 173//175
f 172//176 173//176 174//176
f 174//177 173//177 175//177
f 174//178 175//178 176//178
f 176//179 175//179 177//179
f 176//180 177//180 178//180
f 178//181 177//181 179//181
f 178//182 179//182 180//182
f 180//183 179//183 181//183
f 180//184 181//184 182//184
f 182//185 181//185 183//185
f 182//186 183//186 184//186
f 184//187 183//187 185//187
f 184//187 185//187 186//187
f 186//188 185//188 187//188
f 186//189 187//189 188//189
f 188//190 187//190 189//190
f 188//191 189//191 190//191
f 190//192 189//192 191//192
f 190//193 191//193 192//193
f 192//194 191//194 193//194
f 192//195 193//195 194//195
f 194//196 193//196 195//196
f 194//197 195//197 196//197
f 153//198 197//198 154//198
f 154//199 197//199 198//199
f 154//200 198//200 199//200
f 199//201 198//201 200//201
f 199//202 200//202 201//202
f 201//203 202//203 199//203
f 199//204 202//204 203//204
f 199//205 203//205 204//205
f 204//206 203//206 205//206
f 204//207 205//207 206//207
f 206//208 205//208 207//208
f 206//209 207//209 208//209
f 208//210 207//210 209//210
f 208//211 209//211 210//211
f 210//212 209//212 211//212
f 210//213 211//213 167//213
f 167//214 211//214 169//214
f 202//215 212//215 203//215
f 203//216 212//216 213//216
f 203//217 213//217 214//217
f 214//218 213//218 215//218
f 214//219 215//219 216//219
f 214//220 216//220 217//220
f 217//221 216//221 218//221
f 217//222 218//222 219//222
f 219//223 220//223 217//223
f 217//224 220//224 221//224
f 217//225 221//225 222//225
f 222//226 221//226 223//226
f 222//227 223//227 224//227
f 224//228 223//228 225//228
f 224//229 225//229 226//229
f 226//230 225//230 227//230
f 226//231 227//231 228//231
f 228//232 227//232 229//232
f 228//233 229//233 173//233
f 173//234 229//234 175//234
f 220//235 230//235 221//235
f 221//236 230//236 231//236
f 221//226 231//226 223//226
f 223//237 231//237 232//237
f 223//228 232//228 225//228
f 225//238 232//238 233//238
f 225//230 233//230 227//230
f 227//239 233//239 234//239
f 227//232 234//232 229//232
f 229//240 234//240 235//240
f 229//234 235//234 175//234
f 175//241 235//241 177//241
f 230//242 236//242 231//242
f 231//243 236//243 237//243
f 231//244 237//244 238//244
f 238//244 237//244 239//244
f 238//245 239//245 240//245
f 240//246 239//246 241//246
f 241//247 239//247 242//247
f 241//248 242//248 243//248
f 243//249 242//249 244//249
f 243//250 244//250 245//250
f 245//251 244//251 246//251
f 246//252 244//252 247//252
f 246//253 247//253 248//253
f 248//254 247//254 249//254
f 249//255 247//255 250//255
f 250//256 247//256 251//256
f 250//257 251//257 252//257
f 252//258 251//258 237//258
f 252//259 237//259 236//259
f 240//260 253//260 238//260
f 238//261 253//261 254//261
f 238//262 254//262 255//262
f 255//263 254//263 256//263
f 255//264 256//264 257//264
f 257//265 256//265 258//265
f 257//266 258//266 259//266
f 259//267 258//267 260//267
f 259//268 260//268 261//268
f 261//269 260//269 262//269
f 261//270 262//270 179//270
f 179//271 262//271 181//271
f 253//272 263//272 254//272
f 254//273 263//273 264//273
f 254//274 264//274 265//274
f 265//275 264//275 266//275
f 265//276 266//276 267//276
f 265//277 267//277 268//277
f 268//278 267//278 269//278
f 268//279 269//279 270//279
f 270//280 271//280 268//280
f 268//281 271//281 272//281
f 268//282 272//282 273//282
f 273//283 272//283 274//283
f 273//284 274//284 275//284
f 275//285 274//285 276//285
f 275//286 276//286 277//286
f 277//287 276//287 187//287
f 277//288 187//288 185//288
f 271//289 278//289 272//289
f 272//290 278//290 279//290
f 272//291 279//291 280//291
f 280//292 279//292 281//292
f 280//293 281//293 282//293
f 280//294 282//294 283//294
f 283//295 282//295 284//295
f 283//296 284//296 285//296
f 285//297 286//297 283//297
f 283//298 286//298 193//298
f 283//299 193//299 191//299
f 286//300 287//300 193//300
f 193//301 287//301 195//301
f 194//302 196//302 288//302
f 288//303 196//303 289//303
f 288//304 289//304 290//304
f 290//305 289//305 291//305
f 290//306 291//306 292//306
f 292//307 291//307 293//307
f 292//308 293//308 294//308
f 292//309 294//309 295//309
f 295//310 294//310 296//310
f 295//311 296//311 297//311
f 297//312 296//312 298//312
f 297//313 298//313 299//313
f 297//314 299//314 300//314
f 300//315 299//315 301//315
f 300//316 301//316 302//316
f 302//317 301//317 303//317
f 302//318 303//318 304//318
f 304//319 303//319 305//319
f 304//320 305//320 306//320
f 304//321 306//321 307//321
f 307//322 306//322 308//322
f 307//323 308//323 309//323
f 307//324 309//324 310//324
f 310//325 309//325 311//325
f 310//326 311//326 312//326
f 312//327 313//327 310//327
f 310//328 313//328 314//328
f 310//329 314//329 315//329
f 315//330 314//330 316//330
f 315//331 316//331 317//331
f 317//332 316//332 318//332
f 317//333 318//333 319//333
f 319//334 318//334 320//334
f 319//335 320//335 321//335
f 321//336 320//336 322//336
f 321//337 322//337 323//337
f 323//338 322//338 324//338
f 323//339 324//339 325//339
f 325//340 324//340 326//340
f 325//341 326//341 327//341
f 327//342 326//342 328//342
f 327//343 328//343 329//343
f 329//344 328//344 330//344
f 329//345 330//345 331//345
f 331//346 330//346 332//346
f 331//347 332//347 333//347
f 333//348 332//348 334//348
f 333//349 334//349 335//349
f 335//350 334//350 336//350
f 335//351 336//351 337//351
f 337//352 336//352 338//352
f 337//353 338//353 339//353
f 339//354 338//354 340//354
f 339//355 340//355 341//355
f 341//356 340//356 342//356
f 341//357 342//357 343//357
f 343//358 342//358 344//358
f 343//359 344//359 345//359
f 345//360 344//360 346//360
f 345//360 346//360 347//360
f 347//361 346//361 348//361
f 347//361 348//361 349//361
f 349//362 348//362 350//362
f 349//362 350//362 351//362
f 351//363 350//363 352//363
f 351//363 352//363 353//363
f 353//364 352//364 354//364
f 353//364 354//364 355//364
f 355//365 354//365 356//365
f 355//366 356//366 357//366
f 313//367 358//367 314//367
f 314//368 358//368 359//368
f 314//369 359//369 360//369
f 360//370 359//370 361//370
f 360//371 361//371 362//371
f 360//372 362//372 363//372
f 363//373 362//373 364//373
f 363//374 364//374 365//374
f 365//375 366//375 363//375
f 363//376 366//376 367//376
f 363//377 367//377 368//377
f 368//378 367//378 369//378
f 368//379 369//379 370//379
f 370//380 369//380 371//380
f 370//381 371//381 372//381
f 372//382 371//382 373//382
f 372//383 373//383 374//383
f 374//384 373//384 375//384
f 374//385 375//385 328//385
f 328//386 375//386 330//386
f 366//387 376//387 367//387
f 367//388 376//388 377//388
f 367//389 377//389 378//389
f 378//390 377//390 379//390
f 378//391 379//391 380//391
f 380//392 379//392 381//392
f 380//393 381//393 382//393
f 382//394 381//394 383//394
f 382//395 383//395 384//395
f 384//396 383//396 385//396
f 384//397 385//397 386//397
f 386//398 385//398 387//398
f 386//399 387//399 388//399
f 388//400 387//400 389//400
f 389//401 387//401 385//401
f 388//402 390//402 386//402
f 386//403 390//403 391//403
f 386//404 391//404 392//404
f 392//405 391//405 393//405
f 392//406 393//406 394//406
f 390//407 395//407 391//407
f 391//408 395//408 393//408
f 392//409 394//409 396//409
f 396//410 394//410 397//410
f 396//411 397//411 398//411
f 398//412 397//412 399//412
f 398//413 399//413 400//413
f 400//414 399//414 401//414
f 400//415 401//415 402//415
f 400//416 402//416 403//416
f 403//417 402//417 404//417
f 403//418 404//418 405//418
f 403//419 405//419 406//419
f 406//420 405//420 407//420
f 406//421 407//421 408//421
f 408//422 409//422 406//422
f 406//423 409//423 410//423
f 406//424 410//424 411//424
f 411//425 410//425 412//425
f 411//426 412//426 413//426
f 413//427 412//427 414//427
f 413//428 414//428 415//428
f 415//429 414//429 416//429
f 415//430 416//430 417//430
f 417//431 416//431 418//431
f 417//432 418//432 342//432
f 342//433 418//433 344//433
f 409//434 419//434 410//434
f 410//435 419//435 420//435
f 410//436 420//436 421//436
f 421//437 420//437 422//437
f 421//438 422//438 423//438
f 423//439 424//439 421//439
f 421//440 424//440 425//440
f 421//441 425//441 426//441
f 426//442 425//442 427//442
f 426//443 427//443 428//443
f 428//444 427//444 429//444
f 428//445 429//445 430//445
f 430//446 429//446 348//446
f 430//447 348//447 346//447
f 424//448 431//448 425//448
f 425//449 431//449 432//449
f 425//450 432//450 433//450
f 433//451 432//451 434//451
f 433//452 434//452 435//452
f 433//453 435//453 436//453
f 436//454 435//454 437//454
f 436//455 437//455 438//455
f 438//456 437//456 439//456
f 438//457 439//457 440//457
f 440//458 439//458 441//458
f 440//459 441//459 442//459
f 442//460 441//460 443//460
f 442//461 443//461 444//461
f 442//462 444//462 445//462
f 445//463 444//463 446//463
f 445//464 446//464 447//464
f 447//465 446//465 448//465
f 447//466 448//466 449//466
f 450//467 451//467 449//467
f 449//468 451//468 445//468
f 449//469 445//469 447//469
f 451//470 450//470 452//470
f 452//471 450//471 453//471
f 452//472 453//472 356//472
f 355//473 357//473 454//473
f 454//474 357//474 455//474
f 454//475 455//475 456//475
f 454//476 456//476 457//476
f 457//477 456//477 458//477
f 457//478 458//478 459//478
f 459//479 460//479 457//479
f 457//480 460//480 461//480
f 457//481 461//481 462//481
f 462//482 461//482 463//482
f 462//483 463//483 464//483
f 464//484 463//484 465//484
f 464//485 465//485 466//485
f 466//486 465//486 467//486
f 466//487 467//487 468//487
f 468//488 467//488 469//488
f 468//489 469//489 470//489
f 470//490 469//490 471//490
f 470//491 471//491 472//491
f 472//492 471//492 473//492
f 473//493 471//493 474//493
f 473//494 474//494 475//494
f 475//495 474//495 476//495
f 475//496 476//496 477//496
f 477//497 476//497 478//497
f 477//498 478//498 479//498
f 479//498 478//498 480//498
f 479//499 480//499 481//499
f 481//499 480//499 482//499
f 481//500 482//500 483//500
f 483//500 482//500 484//500
f 483//501 484//501 485//501
f 485//501 484//501 486//501
f 485//502 486//502 487//502
f 487//502 486//502 488//502
f 487//503 488//503 489//503
f 489//503 488//503 490//503
f 489//504 490//504 491//504
f 491//504 490//504 492//504
f 491//505 492//505 493//505
f 493//506 492//506 494//506
f 493//507 494//507 495//507
f 495//507 494//507 496//507
f 495//508 496//508 497//508
f 497//508 496//508 498//508
f 497//509 498//509 499//509
f 499//509 498//509 500//509
f 499//510 500//510 501//510
f 501//510 500//510 502//510
f 501//511 502//511 503//511
f 503//511 502//511 504//511
f 503//512 504//512 505//512
f 505//512 504//512 506//512
f 505//513 506//513 507//513
f 507//513 506//513 508//513
f 507//514 508//514 509//514
f 509//514 508//514 510//514
f 509//515 510//515 511//515
f 511//516 510//516 512//516
f 511//517 512//517 513//517
f 513//517 512//517 514//517
f 513//518 514//518 515//518
f 515//518 514//518 516//518
f 515//519 516//519 517//519
f 517//519 516//519 518//519
f 517//520 518//520 519//520
f 519//520 518//520 520//520
f 519//521 520//521 521//521
f 521//521 520//521 22//521
f 521//22 22//22 24//22
f 460//522 522//522 461//522
f 461//523 522//523 523//523
f 461//524 523//524 524//524
f 524//525 523//525 525//525
f 524//526 525//526 526//526
f 526//527 527//527 524//527
f 524//528 527//528 528//528
f 524//529 528//529 529//529
f 529//530 528//530 530//530
f 529//531 530//531 531//531
f 531//532 530//532 532//532
f 531//533 532//533 533//533
f 533//534 532//534 534//534
f 533//535 534//535 535//535
f 535//536 534//536 536//536
f 535//537 536//537 474//537
f 474//538 536//538 537//538
f 474//538 537//538 476//538
f 476//497 537//497 478//497
f 527//539 538//539 528//539
f 528//540 538//540 539//540
f 528//541 539//541 540//541
f 540//542 539//542 541//542
f 540//543 541//543 542//543
f 542//544 543//544 540//544
f 540//545 543//545 544//545
f 540//546 544//546 545//546
f 545//547 544//547 546//547
f 545//548 546//548 547//548
f 547//549 546//549 548//549
f 547//550 548//550 549//550
f 549//551 548//551 550//551
f 549//552 550//552 551//552
f 551//553 550//553 552//553
f 551//554 552//554 553//554
f 553//555 552//555 554//555
f 553//556 554//556 480//556
f 480//557 554//557 482//557
f 543//558 555//558 544//558
f 544//559 555//559 556//559
f 544//560 556//560 557//560
f 557//560 556//560 558//560
f 557//561 558//561 559//561
f 559//561 558//561 560//561
f 559//562 560//562 561//562
f 561//563 560//563 562//563
f 562//564 560//564 563//564
f 562//565 563//565 564//565
f 564//566 563//566 565//566
f 564//567 565//567 566//567
f 566//568 565//568 567//568
f 567//569 565//569 568//569
f 567//570 568//570 569//570
f 569//571 568//571 570//571
f 569//572 570//572 571//572
f 571//573 570//573 572//573
f 572//574 570//574 573//574
f 572//575 573//575 574//575
f 574//576 573//576 556//576
f 574//577 556//577 555//577
f 561//578 575//578 559//578
f 559//579 575//579 576//579
f 559//580 576//580 577//580
f 577//581 576//581 578//581
f 577//582 578//582 548//582
f 548//583 578//583 550//583
f 575//584 579//584 576//584
f 576//585 579//585 580//585
f 576//586 580//586 581//586
f 581//587 580//587 582//587
f 581//588 582//588 583//588
f 583//589 584//589 581//589
f 581//590 584//590 585//590
f 581//591 585//591 586//591
f 586//592 585//592 587//592
f 586//593 587//593 588//593
f 588//594 587//594 589//594
f 588//595 589//595 590//595
f 590//596 589//596 591//596
f 590//597 591//597 486//597
f 486//598 591//598 488//598
f 584//599 592//599 585//599
f 585//600 592//600 593//600
f 585//601 593//601 594//601
f 594//602 593//602 595//602
f 594//603 595//603 596//603
f 596//604 597//604 594//604
f 594//605 597//605 598//605
f 594//606 598//606 599//606
f 599//607 598//607 600//607
f 599//608 600//608 601//608
f 601//609 600//609 602//609
f 601//610 602//610 603//610
f 603//611 602//611 604//611
f 603//612 604//612 490//612
f 490//613 604//613 492//613
f 597//614 605//614 598//614
f 598//615 605//615 606//615
f 598//616 606//616 607//616
f 607//617 606//617 608//617
f 607//618 608//618 609//618
f 607//619 609//619 610//619
f 610//620 609//620 611//620
f 610//621 611//621 612//621
f 610//622 612//622 613//622
f 613//623 612//623 614//623
f 613//624 614//624 615//624
f 615//625 614//625 616//625
f 615//626 616//626 617//626
f 617//627 616//627 618//627
f 617//628 618//628 619//628
f 619//629 618//629 620//629
f 619//630 620//630 621//630
f 619//631 621//631 622//631
f 622//632 621//632 623//632
f 622//633 623//633 624//633
f 624//634 625//634 622//634
f 622//635 625//635 626//635
f 622//636 626//636 619//636
f 619//636 626//636 617//636
f 625//637 627//637 626//637
f 626//638 627//638 628//638
f 626//639 628//639 617//639
f 617//639 628//639 615//639
f 627//640 629//640 628//640
f 628//641 629//641 630//641
f 628//642 630//642 631//642
f 631//643 630//643 632//643
f 631//644 632//644 633//644
f 633//645 632//645 634//645
f 633//646 634//646 635//646
f 635//647 634//647 636//647
f 635//648 636//648 637//648
f 637//649 636//649 638//649
f 637//650 638//650 500//650
f 500//651 638//651 502//651
f 630//652 639//652 632//652
f 632//653 639//653 640//653
f 632//645 640//645 634//645
f 634//654 640//654 641//654
f 634//647 641//647 636//647
f 636//655 641//655 642//655
f 636//649 642//649 638//649
f 638//656 642//656 643//656
f 638//651 643//651 502//651
f 502//657 643//657 504//657
f 639//658 644//658 640//658
f 640//659 644//659 645//659
f 640//660 645//660 646//660
f 640//661 646//661 647//661
f 647//662 646//662 648//662
f 647//663 648//663 649//663
f 647//664 649//664 650//664
f 650//665 649//665 651//665
f 650//666 651//666 652//666
f 650//667 652//667 653//667
f 653//668 652//668 654//668
f 653//669 654//669 655//669
f 655//670 656//670 653//670
f 653//671 656//671 657//671
f 653//672 657//672 658//672
f 658//673 657//673 659//673
f 658//674 659//674 660//674
f 660//675 659//675 661//675
f 660//676 661//676 662//676
f 662//677 661//677 663//677
f 662//678 663//678 510//678
f 510//679 663//679 512//679
f 656//680 664//680 657//680
f 657//681 664//681 665//681
f 657//682 665//682 666//682
f 666//683 665//683 667//683
f 666//684 667//684 668//684
f 668//685 669//685 666//685
f 666//686 669//686 670//686
f 666//687 670//687 671//687
f 671//688 670//688 672//688
f 671//689 672//689 673//689
f 673//690 672//690 674//690
f 673//691 674//691 675//691
f 675//692 674//692 676//692
f 675//693 676//693 514//693
f 514//694 676//694 516//694
f 669//695 677//695 670//695
f 670//696 677//696 678//696
f 670//697 678//697 679//697
f 679//697 678//697 680//697
f 679//698 680//698 9//698
f 9//699 680//699 7//699
f 677//700 681//700 678//700
f 678//701 681//701 682//701
f 678//702 682//702 680//702
f 680//702 682//702 683//702
f 680//703 683//703 7//703
f 7//703 683//703 5//703
f 681//704 684//704 682//704
f 682//705 684//705 685//705
f 682//706 685//706 683//706
f 683//706 685//706 686//706
f 683//707 686//707 5//707
f 5//707 686//707 3//707
f 684//708 687//708 685//708
f 685//709 687//709 688//709
f 685//710 688//710 686//710
f 686//711 688//711 1//711
f 686//712 1//712 3//712
f 26//713 689//713 24//713
f 24//714 689//714 521//714
f 689//715 690//715 521//715
f 521//716 690//716 519//716
f 690//717 691//717 519//717
f 519//718 691//718 517//718
f 517//719 691//719 515//719
f 515//720 691//720 692//720
f 515//721 692//721 513//721
f 513//722 692//722 693//722
f 513//723 693//723 511//723
f 511//724 693//724 694//724
f 511//725 694//725 509//725
f 509//726 694//726 695//726
f 509//727 695//727 507//727
f 507//728 695//728 696//728
f 507//729 696//729 505//729
f 505//730 696//730 697//730
f 505//731 697//731 503//731
f 503//732 697//732 698//732
f 503//733 698//733 501//733
f 501//734 698//734 699//734
f 501//735 699//735 499//735
f 499//736 699//736 700//736
f 499//737 700//737 497//737
f 497//738 700//738 495//738
f 700//739 701//739 495//739
f 495//740 701//740 493//740
f 701//741 702//741 493//741
f 493//742 702//742 491//742
f 702//743 703//743 491//743
f 491//744 703//744 489//744
f 703//745 704//745 489//745
f 489//746 704//746 487//746
f 704//747 705//747 487//747
f 487//748 705//748 485//748
f 705//749 706//749 485//749
f 485//750 706//750 483//750
f 706//751 707//751 483//751
f 483//752 707//752 481//752
f 707//753 708//753 481//753
f 481//754 708//754 479//754
f 708//755 709//755 479//755
f 479//756 709//756 477//756
f 709//757 475//757 477//757
f 472//758 710//758 470//758
f 470//759 710//759 711//759
f 470//489 711//489 468//489
f 468//760 711//760 712//760
f 468//487 712//487 466//487
f 466//761 712//761 713//761
f 466//485 713//485 464//485
f 464//762 713//762 714//762
f 464//483 714//483 462//483
f 462//763 714//763 715//763
f 462//764 715//764 457//764
f 457//765 715//765 454//765
f 710//766 716//766 711//766
f 711//767 716//767 717//767
f 711//760 717//760 712//760
f 712//768 717//768 718//768
f 712//761 718//761 713//761
f 713//769 718//769 719//769
f 713//762 719//762 714//762
f 714//770 719//770 720//770
f 714//763 720//763 715//763
f 715//771 720//771 721//771
f 715//772 721//772 454//772
f 454//773 721//773 355//773
f 716//774 722//774 717//774
f 717//775 722//775 723//775
f 717//768 723//768 718//768
f 718//776 723//776 724//776
f 718//769 724//769 719//769
f 719//777 724//777 725//777
f 719//770 725//770 720//770
f 720//778 725//778 726//778
f 720//771 726//771 721//771
f 721//779 726//779 353//779
f 721//773 353//773 355//773
f 722//780 727//780 723//780
f 723//781 727//781 728//781
f 723//776 728//776 724//776
f 724//782 728//782 729//782
f 724//783 729//783 725//783
f 725//784 729//784 730//784
f 725//778 730//778 726//778
f 726//785 730//785 351//785
f 726//779 351//779 353//779
f 727//786 731//786 728//786
f 728//787 731//787 732//787
f 728//782 732//782 729//782
f 729//788 732//788 733//788
f 729//784 733//784 730//784
f 730//789 733//789 349//789
f 730//790 349//790 351//790
f 731//791 734//791 732//791
f 732//792 734//792 735//792
f 732//788 735//788 733//788
f 733//793 735//793 347//793
f 733//794 347//794 349//794
f 734//795 736//795 735//795
f 735//796 736//796 345//796
f 735//793 345//793 347//793
f 736//797 343//797 345//797
f 325//798 737//798 323//798
f 323//799 737//799 738//799
f 323//337 738//337 321//337
f 321//800 738//800 739//800
f 321//335 739//335 319//335
f 319//801 739//801 740//801
f 319//333 740//333 317//333
f 317//802 740//802 741//802
f 317//331 741//331 315//331
f 315//803 741//803 742//803
f 315//329 742//329 310//329
f 310//804 742//804 307//804
f 737//805 743//805 738//805
f 738//806 743//806 744//806
f 738//800 744//800 739//800
f 739//807 744//807 745//807
f 739//808 745//808 740//808
f 740//809 745//809 746//809
f 740//802 746//802 741//802
f 741//810 746//810 747//810
f 741//803 747//803 742//803
f 742//811 747//811 748//811
f 742//812 748//812 307//812
f 307//813 748//813 304//813
f 743//814 749//814 744//814
f 744//815 749//815 750//815
f 744//816 750//816 745//816
f 745//817 750//817 751//817
f 745//809 751//809 746//809
f 746//818 751//818 752//818
f 746//810 752//810 747//810
f 747//819 752//819 753//819
f 747//811 753//811 748//811
f 748//820 753//820 754//820
f 748//813 754//813 304//813
f 304//821 754//821 755//821
f 304//822 755//822 756//822
f 756//823 755//823 288//823
f 756//824 288//824 290//824
f 749//825 757//825 750//825
f 750//826 757//826 758//826
f 750//817 758//817 751//817
f 751//827 758//827 759//827
f 751//818 759//818 752//818
f 752//828 759//828 760//828
f 752//819 760//819 753//819
f 753//829 760//829 761//829
f 753//820 761//820 754//820
f 754//830 761//830 762//830
f 754//821 762//821 755//821
f 755//831 762//831 194//831
f 755//823 194//823 288//823
f 757//832 763//832 758//832
f 758//833 763//833 764//833
f 758//827 764//827 759//827
f 759//834 764//834 765//834
f 759//835 765//835 760//835
f 760//836 765//836 766//836
f 760//829 766//829 761//829
f 761//837 766//837 767//837
f 761//830 767//830 762//830
f 762//838 767//838 192//838
f 762//831 192//831 194//831
f 763//839 768//839 764//839
f 764//840 768//840 769//840
f 764//834 769//834 765//834
f 765//841 769//841 770//841
f 765//836 770//836 766//836
f 766//842 770//842 771//842
f 766//837 771//837 767//837
f 767//843 771//843 190//843
f 767//838 190//838 192//838
f 768//844 772//844 769//844
f 769//845 772//845 773//845
f 769//841 773//841 770//841
f 770//846 773//846 774//846
f 770//847 774//847 771//847
f 771//848 774//848 188//848
f 771//843 188//843 190//843
f 772//849 775//849 773//849
f 773//850 775//850 776//850
f 773//846 776//846 774//846
f 774//851 776//851 186//851
f 774//848 186//848 188//848
f 775//852 777//852 776//852
f 776//853 777//853 184//853
f 776//851 184//851 186//851
f 777//854 182//854 184//854
f 165//855 778//855 163//855
f 163//856 778//856 779//856
f 163//165 779//165 161//165
f 161//857 779//857 780//857
f 161//163 780//163 159//163
f 159//858 780//858 781//858
f 159//161 781//161 157//161
f 157//859 781//859 782//859
f 157//159 782//159 155//159
f 155//860 782//860 783//860
f 155//157 783//157 150//157
f 150//861 783//861 148//861
f 779//862 778//862 784//862
f 784//863 778//863 785//863
f 784//864 785//864 786//864
f 786//865 785//865 787//865
f 786//866 787//866 788//866
f 788//867 787//867 789//867
f 788//868 789//868 790//868
f 790//869 789//869 791//869
f 790//870 791//870 792//870
f 792//871 791//871 793//871
f 792//872 793//872 794//872
f 794//873 793//873 795//873
f 794//874 795//874 796//874
f 796//875 795//875 797//875
f 796//876 797//876 798//876
f 798//877 797//877 799//877
f 798//878 799//878 41//878
f 41//879 799//879 39//879
f 411//880 800//880 801//880
f 801//880 800//880 802//880
f 801//881 802//881 803//881
f 803//881 802//881 804//881
f 803//882 804//882 805//882
f 805//883 804//883 806//883
f 805//884 806//884 807//884
f 807//884 806//884 808//884
f 807//885 808//885 809//885
f 809//886 808//886 371//886
f 809//380 371//380 369//380
f 800//887 810//887 802//887
f 802//887 810//887 811//887
f 802//888 811//888 804//888
f 804//889 811//889 812//889
f 804//890 812//890 806//890
f 806//890 812//890 813//890
f 806//891 813//891 808//891
f 808//891 813//891 373//891
f 808//382 373//382 371//382
f 411//426 413//426 800//426
f 800//892 413//892 814//892
f 800//892 814//892 810//892
f 810//893 814//893 815//893
f 810//893 815//893 816//893
f 816//894 815//894 336//894
f 816//894 336//894 334//894
f 810//895 816//895 811//895
f 811//895 816//895 817//895
f 811//896 817//896 812//896
f 812//896 817//896 818//896
f 812//897 818//897 813//897
f 813//898 818//898 375//898
f 813//384 375//384 373//384
f 816//899 334//899 817//899
f 817//900 334//900 332//900
f 817//901 332//901 818//901
f 818//901 332//901 330//901
f 818//386 330//386 375//386
f 11//902 819//902 9//902
f 9//902 819//902 820//902
f 9//903 820//903 679//903
f 679//903 820//903 672//903
f 679//688 672//688 670//688
f 819//904 821//904 820//904
f 820//904 821//904 674//904
f 820//690 674//690 672//690
f 11//14 16//14 819//14
f 819//905 16//905 822//905
f 819//905 822//905 821//905
f 821//906 822//906 823//906
f 821//907 823//907 676//907
f 676//694 823//694 516//694
f 821//692 676//692 674//692
f 675//908 514//908 512//908
f 673//691 675//691 663//691
f 663//679 675//679 512//679
f 16//16 18//16 822//16
f 822//909 18//909 824//909
f 822//909 824//909 823//909
f 823//910 824//910 518//910
f 823//910 518//910 516//910
f 15//15 56//15 17//15
f 17//911 56//911 825//911
f 17//17 825//17 19//17
f 19//912 825//912 826//912
f 19//19 826//19 21//19
f 21//913 826//913 827//913
f 21//21 827//21 23//21
f 23//914 827//914 828//914
f 23//23 828//23 25//23
f 25//915 828//915 28//915
f 520//916 518//916 824//916
f 520//916 824//916 20//916
f 20//18 824//18 18//18
f 56//911 59//911 825//911
f 825//917 59//917 64//917
f 825//912 64//912 826//912
f 826//59 64//59 66//59
f 826//918 66//918 827//918
f 827//61 66//61 68//61
f 827//914 68//914 828//914
f 828//919 68//919 70//919
f 828//920 70//920 28//920
f 28//65 70//65 30//65
f 22//20 520//20 20//20
f 63//58 74//58 65//58
f 65//74 74//74 79//74
f 65//60 79//60 67//60
f 67//76 79//76 81//76
f 67//921 81//921 69//921
f 69//78 81//78 83//78
f 69//64 83//64 71//64
f 71//80 83//80 85//80
f 71//922 85//922 32//922
f 32//82 85//82 34//82
f 96//923 94//923 109//923
f 102//924 100//924 105//924
f 105//924 100//924 109//924
f 100//923 96//923 109//923
f 89//925 88//925 95//925
f 89//926 95//926 829//926
f 829//926 95//926 111//926
f 829//927 111//927 830//927
f 830//927 111//927 114//927
f 830//928 114//928 831//928
f 831//928 114//928 117//928
f 831//929 117//929 832//929
f 832//929 117//929 120//929
f 832//124 120//124 48//124
f 89//87 829//87 90//87
f 90//930 829//930 833//930
f 90//89 833//89 91//89
f 91//931 833//931 834//931
f 91//90 834//90 92//90
f 92//932 834//932 835//932
f 92//91 835//91 38//91
f 38//933 835//933 40//933
f 833//930 829//930 830//930
f 833//934 830//934 836//934
f 836//934 830//934 831//934
f 836//935 831//935 837//935
f 837//935 831//935 832//935
f 837//936 832//936 46//936
f 46//936 832//936 48//936
f 833//937 836//937 834//937
f 834//938 836//938 838//938
f 834//932 838//932 835//932
f 835//939 838//939 42//939
f 835//933 42//933 40//933
f 838//938 836//938 837//938
f 46//940 44//940 837//940
f 837//940 44//940 838//940
f 44//939 42//939 838//939
f 49//941 51//941 839//941
f 839//941 51//941 127//941
f 839//942 127//942 840//942
f 840//942 127//942 130//942
f 840//943 130//943 841//943
f 841//943 130//943 842//943
f 841//944 842//944 843//944
f 843//944 842//944 148//944
f 843//945 148//945 783//945
f 47//946 49//946 844//946
f 844//946 49//946 839//946
f 844//947 839//947 845//947
f 845//947 839//947 840//947
f 845//948 840//948 846//948
f 846//948 840//948 841//948
f 846//949 841//949 847//949
f 847//949 841//949 843//949
f 847//950 843//950 848//950
f 848//950 843//950 783//950
f 848//860 783//860 782//860
f 45//951 47//951 849//951
f 849//951 47//951 844//951
f 849//952 844//952 850//952
f 850//952 844//952 845//952
f 850//953 845//953 851//953
f 851//954 845//954 846//954
f 851//955 846//955 852//955
f 852//955 846//955 847//955
f 852//956 847//956 853//956
f 853//956 847//956 848//956
f 853//957 848//957 854//957
f 854//957 848//957 782//957
f 854//859 782//859 781//859
f 798//958 41//958 43//958
f 43//959 45//959 855//959
f 855//960 45//960 849//960
f 855//961 849//961 856//961
f 856//961 849//961 850//961
f 856//962 850//962 857//962
f 857//962 850//962 851//962
f 857//963 851//963 858//963
f 858//964 851//964 852//964
f 858//965 852//965 859//965
f 859//965 852//965 853//965
f 859//966 853//966 860//966
f 860//967 853//967 854//967
f 860//968 854//968 861//968
f 861//969 854//969 781//969
f 861//858 781//858 780//858
f 796//970 798//970 855//970
f 855//958 798//958 43//958
f 796//970 855//970 856//970
f 134//971 136//971 862//971
f 862//971 136//971 139//971
f 862//972 139//972 144//972
f 144//972 139//972 141//972
f 842//973 130//973 132//973
f 132//974 134//974 863//974
f 863//974 134//974 862//974
f 863//975 862//975 146//975
f 146//975 862//975 144//975
f 794//976 796//976 856//976
f 794//977 856//977 857//977
f 148//978 842//978 863//978
f 863//973 842//973 132//973
f 148//978 863//978 146//978
f 792//979 794//979 857//979
f 792//979 857//979 858//979
f 790//980 792//980 858//980
f 790//980 858//980 859//980
f 788//981 790//981 859//981
f 788//981 859//981 860//981
f 786//982 788//982 860//982
f 786//982 860//982 861//982
f 154//158 199//158 156//158
f 156//205 199//205 204//205
f 156//160 204//160 158//160
f 158//207 204//207 206//207
f 158//162 206//162 160//162
f 160//209 206//209 208//209
f 160//164 208//164 162//164
f 162//211 208//211 210//211
f 162//166 210//166 164//166
f 164//213 210//213 167//213
f 784//983 786//983 861//983
f 784//983 861//983 780//983
f 779//857 784//857 780//857
f 203//984 214//984 205//984
f 205//985 214//985 864//985
f 205//208 864//208 207//208
f 207//986 864//986 865//986
f 207//210 865//210 209//210
f 209//987 865//987 866//987
f 209//212 866//212 211//212
f 211//988 866//988 867//988
f 211//214 867//214 169//214
f 169//989 867//989 171//989
f 214//985 217//985 864//985
f 864//225 217//225 222//225
f 864//986 222//986 865//986
f 865//227 222//227 224//227
f 865//987 224//987 866//987
f 866//229 224//229 226//229
f 866//988 226//988 867//988
f 867//231 226//231 228//231
f 867//989 228//989 171//989
f 171//233 228//233 173//233
f 239//990 237//990 251//990
f 244//991 242//991 247//991
f 247//991 242//991 251//991
f 242//990 239//990 251//990
f 232//237 231//237 238//237
f 233//238 232//238 255//238
f 255//262 232//262 238//262
f 234//239 233//239 257//239
f 257//264 233//264 255//264
f 254//263 265//263 256//263
f 256//992 265//992 868//992
f 256//265 868//265 258//265
f 258//993 868//993 869//993
f 258//267 869//267 260//267
f 260//994 869//994 870//994
f 260//269 870//269 262//269
f 262//995 870//995 871//995
f 262//271 871//271 181//271
f 181//996 871//996 183//996
f 235//240 234//240 259//240
f 259//266 234//266 257//266
f 265//992 268//992 868//992
f 868//282 268//282 273//282
f 868//997 273//997 869//997
f 869//284 273//284 275//284
f 869//994 275//994 870//994
f 870//286 275//286 277//286
f 870//995 277//995 871//995
f 871//998 277//998 185//998
f 871//996 185//996 183//996
f 177//241 235//241 261//241
f 261//999 235//999 259//999
f 179//270 177//270 261//270
f 272//283 280//283 274//283
f 274//1000 280//1000 872//1000
f 274//285 872//285 276//285
f 276//1001 872//1001 189//1001
f 276//1002 189//1002 187//1002
f 280//1000 283//1000 872//1000
f 872//299 283//299 191//299
f 872//1003 191//1003 189//1003
f 290//1004 292//1004 873//1004
f 873//1004 292//1004 295//1004
f 873//1005 295//1005 300//1005
f 300//1005 295//1005 297//1005
f 290//824 873//824 756//824
f 756//1006 873//1006 302//1006
f 756//822 302//822 304//822
f 302//1007 873//1007 300//1007
f 314//330 360//330 316//330
f 316//1008 360//1008 874//1008
f 316//1009 874//1009 318//1009
f 318//1010 874//1010 875//1010
f 318//334 875//334 320//334
f 320//1011 875//1011 876//1011
f 320//336 876//336 322//336
f 322//1012 876//1012 877//1012
f 322//338 877//338 324//338
f 324//1013 877//1013 326//1013
f 360//1008 363//1008 874//1008
f 874//1014 363//1014 368//1014
f 874//1010 368//1010 875//1010
f 875//1015 368//1015 370//1015
f 875//1016 370//1016 876//1016
f 876//381 370//381 372//381
f 876//1012 372//1012 877//1012
f 877//383 372//383 374//383
f 877//1017 374//1017 326//1017
f 326//1018 374//1018 328//1018
f 809//1019 369//1019 378//1019
f 378//378 369//378 367//378
f 386//404 392//404 384//404
f 384//1020 392//1020 396//1020
f 384//1021 396//1021 382//1021
f 382//1022 396//1022 398//1022
f 382//1022 398//1022 380//1022
f 380//1023 398//1023 807//1023
f 380//1023 807//1023 809//1023
f 380//1019 809//1019 378//1019
f 805//1024 807//1024 398//1024
f 803//1025 805//1025 400//1025
f 400//1024 805//1024 398//1024
f 801//1026 803//1026 403//1026
f 403//1027 803//1027 400//1027
f 411//1028 801//1028 406//1028
f 406//1026 801//1026 403//1026
f 410//425 421//425 412//425
f 412//441 421//441 426//441
f 412//427 426//427 414//427
f 414//443 426//443 428//443
f 414//429 428//429 416//429
f 416//1029 428//1029 430//1029
f 416//431 430//431 418//431
f 418//447 430//447 346//447
f 418//433 346//433 344//433
f 413//1030 415//1030 814//1030
f 814//1031 415//1031 878//1031
f 814//1031 878//1031 815//1031
f 815//1032 878//1032 338//1032
f 815//1032 338//1032 336//1032
f 340//1033 338//1033 878//1033
f 340//1033 878//1033 417//1033
f 417//430 878//430 415//430
f 425//1034 433//1034 427//1034
f 427//1035 433//1035 879//1035
f 427//444 879//444 429//444
f 429//1036 879//1036 350//1036
f 429//446 350//446 348//446
f 342//432 340//432 417//432
f 445//1037 451//1037 442//1037
f 442//1037 451//1037 440//1037
f 451//1038 452//1038 440//1038
f 440//1038 452//1038 438//1038
f 433//1035 436//1035 879//1035
f 879//1039 436//1039 352//1039
f 879//1036 352//1036 350//1036
f 436//1040 438//1040 354//1040
f 354//1040 438//1040 452//1040
f 354//1041 452//1041 356//1041
f 354//1039 352//1039 436//1039
f 461//482 524//482 463//482
f 463//529 524//529 529//529
f 463//484 529//484 465//484
f 465//531 529//531 531//531
f 465//486 531//486 467//486
f 467//533 531//533 533//533
f 467//488 533//488 469//488
f 469//1042 533//1042 535//1042
f 469//490 535//490 471//490
f 471//537 535//537 474//537
f 528//530 540//530 530//530
f 530//546 540//546 545//546
f 530//532 545//532 532//532
f 532//548 545//548 547//548
f 532//534 547//534 534//534
f 534//550 547//550 549//550
f 534//536 549//536 536//536
f 536//1043 549//1043 551//1043
f 536//1044 551//1044 537//1044
f 537//1045 551//1045 553//1045
f 537//1046 553//1046 478//1046
f 478//556 553//556 480//556
f 558//1047 556//1047 573//1047
f 573//1048 570//1048 880//1048
f 880//1048 570//1048 568//1048
f 880//1049 568//1049 563//1049
f 563//1049 568//1049 565//1049
f 546//547 544//547 557//547
f 560//1050 558//1050 880//1050
f 880//1047 558//1047 573//1047
f 560//1050 880//1050 563//1050
f 559//1051 577//1051 557//1051
f 557//1051 577//1051 546//1051
f 577//549 548//549 546//549
f 576//1052 581//1052 578//1052
f 578//1052 581//1052 881//1052
f 578//1053 881//1053 550//1053
f 550//1054 881//1054 552//1054
f 581//591 586//591 881//591
f 881//1055 586//1055 882//1055
f 881//1055 882//1055 552//1055
f 552//555 882//555 554//555
f 586//593 588//593 882//593
f 882//1056 588//1056 883//1056
f 882//1056 883//1056 554//1056
f 554//557 883//557 482//557
f 585//592 594//592 587//592
f 587//606 594//606 599//606
f 587//1057 599//1057 589//1057
f 589//608 599//608 601//608
f 589//596 601//596 591//596
f 591//610 601//610 603//610
f 591//598 603//598 488//598
f 488//612 603//612 490//612
f 484//1058 482//1058 883//1058
f 484//1059 883//1059 590//1059
f 590//595 883//595 588//595
f 486//597 484//597 590//597
f 598//607 607//607 600//607
f 600//1060 607//1060 884//1060
f 600//609 884//609 602//609
f 602//1061 884//1061 885//1061
f 602//611 885//611 604//611
f 604//1062 885//1062 886//1062
f 604//613 886//613 492//613
f 492//1063 886//1063 494//1063
f 607//1060 610//1060 884//1060
f 884//1064 610//1064 887//1064
f 884//1061 887//1061 885//1061
f 885//1065 887//1065 888//1065
f 885//1062 888//1062 886//1062
f 886//1066 888//1066 889//1066
f 886//1063 889//1063 494//1063
f 494//1067 889//1067 496//1067
f 610//1064 613//1064 887//1064
f 887//1068 613//1068 890//1068
f 887//1065 890//1065 888//1065
f 888//1069 890//1069 891//1069
f 888//1066 891//1066 889//1066
f 889//1070 891//1070 892//1070
f 889//1067 892//1067 496//1067
f 496//1071 892//1071 498//1071
f 628//1072 631//1072 615//1072
f 615//1072 631//1072 613//1072
f 613//1068 631//1068 890//1068
f 890//644 631//644 633//644
f 890//1069 633//1069 891//1069
f 891//646 633//646 635//646
f 891//1070 635//1070 892//1070
f 892//648 635//648 637//648
f 892//1071 637//1071 498//1071
f 498//1073 637//1073 500//1073
f 640//654 647//654 641//654
f 641//1074 647//1074 893//1074
f 641//655 893//655 642//655
f 642//1075 893//1075 894//1075
f 642//656 894//656 643//656
f 643//1076 894//1076 895//1076
f 643//1077 895//1077 504//1077
f 504//1078 895//1078 506//1078
f 647//1074 650//1074 893//1074
f 893//1079 650//1079 896//1079
f 893//1075 896//1075 894//1075
f 894//1080 896//1080 897//1080
f 894//1076 897//1076 895//1076
f 895//1081 897//1081 898//1081
f 895//1082 898//1082 506//1082
f 506//1083 898//1083 508//1083
f 650//1079 653//1079 896//1079
f 896//672 653//672 658//672
f 896//1080 658//1080 897//1080
f 897//674 658//674 660//674
f 897//1081 660//1081 898//1081
f 898//676 660//676 662//676
f 898//1083 662//1083 508//1083
f 508//1084 662//1084 510//1084
f 657//673 666//673 659//673
f 659//1085 666//1085 671//1085
f 659//675 671//675 661//675
f 661//689 671//689 673//689
f 661//677 673//677 663//677
f 899//1086 142//1086 900//1086
f 900//1087 142//1087 140//1087
f 900//1088 140//1088 901//1088
f 901//1089 140//1089 138//1089
f 901//1090 138//1090 902//1090
f 902//1091 138//1091 137//1091
f 902//1092 137//1092 903//1092
f 903//1093 904//1093 902//1093
f 902//1094 904//1094 901//1094
f 904//1095 905//1095 901//1095
f 901//1096 905//1096 900//1096
f 905//1097 899//1097 900//1097
f 906//1098 103//1098 907//1098
f 907//1099 103//1099 104//1099
f 907//1100 104//1100 908//1100
f 908//1100 104//1100 106//1100
f 908//1101 106//1101 107//1101
f 107//1102 909//1102 908//1102
f 908//1103 909//1103 910//1103
f 908//1104 910//1104 911//1104
f 908//1104 911//1104 907//1104
f 907//1105 911//1105 906//1105
f 912//1106 245//1106 913//1106
f 913//1107 245//1107 246//1107
f 913//1108 246//1108 914//1108
f 914//1109 246//1109 248//1109
f 914//1110 248//1110 915//1110
f 915//1111 248//1111 249//1111
f 915//1112 916//1112 914//1112
f 914//1113 916//1113 917//1113
f 914//1114 917//1114 913//1114
f 913//1115 917//1115 912//1115
f 918//1116 2//1116 919//1116
f 919//1117 2//1117 1//1117
f 919//1118 1//1118 920//1118
f 920//1119 1//1119 688//1119
f 920//1120 688//1120 921//1120
f 921//1121 688//1121 687//1121
f 921//1122 687//1122 922//1122
f 922//1123 923//1123 921//1123
f 921//1124 923//1124 920//1124
f 923//1125 924//1125 920//1125
f 920//1126 924//1126 919//1126
f 924//1127 918//1127 919//1127
f 925//1128 298//1128 926//1128
f 926//1129 298//1129 296//1129
f 926//1130 296//1130 927//1130
f 927//1131 296//1131 294//1131
f 927//1132 294//1132 928//1132
f 928//1133 294//1133 293//1133
f 928//1134 293//1134 929//1134
f 929//1135 930//1135 928//1135
f 928//1136 930//1136 927//1136
f 930//1137 931//1137 927//1137
f 927//1138 931//1138 926//1138
f 931//1139 925//1139 926//1139
f 623//1140 932//1140 624//1140
f 624//1141 932//1141 933//1141
f 624//1142 933//1142 934//1142
f 623//1143 621//1143 932//1143
f 932//1144 621//1144 935//1144
f 932//1145 935//1145 936//1145
f 936//1146 935//1146 937//1146
f 937//1147 935//1147 620//1147
f 620//1148 935//1148 621//1148
f 936//1149 933//1149 932//1149
f 938//1150 395//1150 939//1150
f 939//1151 395//1151 390//1151
f 939//1152 390//1152 940//1152
f 940//1153 390//1153 388//1153
f 940//1154 388//1154 941//1154
f 941//1155 388//1155 389//1155
f 941//1156 389//1156 942//1156
f 942//1155 943//1155 941//1155
f 941//1157 943//1157 940//1157
f 943//1158 944//1158 940//1158
f 940//1159 944//1159 939//1159
f 944//1160 938//1160 939//1160
f 945//1161 566//1161 946//1161
f 946//1162 566//1162 567//1162
f 946//1163 567//1163 947//1163
f 947//1164 567//1164 569//1164
f 947//1165 569//1165 948//1165
f 948//1166 569//1166 571//1166
f 948//1167 571//1167 949//1167
f 949//1168 950//1168 948//1168
f 948//1169 950//1169 947//1169
f 950//1170 951//1170 947//1170
f 947//1171 951//1171 946//1171
f 951//1172 945//1172 946//1172
f 31//1173 333//1173 29//1173
f 29//1173 333//1173 335//1173
f 29//1173 335//1173 27//1173
f 27//1173 335//1173 337//1173
f 27//1173 337//1173 26//1173
f 26//1173 337//1173 339//1173
f 26//1173 339//1173 689//1173
f 689//1173 339//1173 341//1173
f 689//1173 341//1173 690//1173
f 690//1173 341//1173 343//1173
f 690//1173 343//1173 691//1173
f 691//1173 343//1173 736//1173
f 691//1173 736//1173 692//1173
f 692//1173 736//1173 734//1173
f 692//1173 734//1173 693//1173
f 693//1173 734//1173 731//1173
f 693//1173 731//1173 694//1173
f 694//1173 731//1173 727//1173
f 694//1173 727//1173 695//1173
f 695//1173 727//1173 722//1173
f 695//1173 722//1173 696//1173
f 696//1173 722//1173 716//1173
f 696//1173 716//1173 697//1173
f 697//1173 716//1173 710//1173
f 697//1173 710//1173 698//1173
f 698//1173 710//1173 472//1173
f 698//1173 472//1173 699//1173
f 699//1173 472//1173 473//1173
f 699//1173 473//1173 700//1173
f 700//1173 473//1173 475//1173
f 700//1173 475//1173 701//1173
f 701//1173 475//1173 709//1173
f 701//1173 709//1173 702//1173
f 702//1173 709//1173 708//1173
f 702//1173 708//1173 703//1173
f 703//1173 708//1173 707//1173
f 703//1173 707//1173 704//1173
f 704//1173 707//1173 706//1173
f 704//1173 706//1173 705//1173
f 333//1173 31//1173 331//1173
f 331//1173 31//1173 33//1173
f 331//1173 33//1173 329//1173
f 329//1173 33//1173 35//1173
f 329//1173 35//1173 327//1173
f 327//1173 35//1173 37//1173
f 327//1173 37//1173 325//1173
f 325//1173 37//1173 39//1173
f 325//1173 39//1173 737//1173
f 737//1173 39//1173 799//1173
f 737//1173 799//1173 743//1173
f 743//1173 799//1173 797//1173
f 743//1173 797//1173 749//1173
f 749//1173 797//1173 795//1173
f 749//1173 795//1173 757//1173
f 757//1173 795//1173 793//1173
f 757//1173 793//1173 763//1173
f 763//1173 793//1173 791//1173
f 763//1173 791//1173 768//1173
f 768//1173 791//1173 789//1173
f 768//1173 789//1173 772//1173
f 772//1173 789//1173 787//1173
f 772//1173 787//1173 775//1173
f 775//1173 787//1173 785//1173
f 775//1173 785//1173 777//1173
f 777//1173 785//1173 778//1173
f 777//1173 778//1173 182//1173
f 182//1173 778//1173 165//1173
f 182//1173 165//1173 180//1173
f 180//1173 165//1173 166//1173
f 180//1173 166//1173 178//1173
f 178//1173 166//1173 168//1173
f 178//1173 168//1173 176//1173
f 176//1173 168//1173 170//1173
f 176//1173 170//1173 174//1173
f 174//1173 170//1173 172//1173
f 952//1174 953//1174 954//1174
f 954//1174 953//1174 955//1174
f 954//1174 955//1174 956//1174
f 956//1174 955//1174 957//1174
f 956//1174 957//1174 958//1174
f 958//1174 959//1174 956//1174
f 959//1175 960//1175 956//1175
f 956//1175 960//1175 961//1175
f 961//1175 960//1175 389//1175
f 961//1175 389//1175 385//1175
f 960//1175 942//1175 389//1175
f 385//1175 383//1175 961//1175
f 961//1175 383//1175 381//1175
f 961//1175 381//1175 379//1175
f 305//1176 962//1176 306//1176
f 306//1176 962//1176 308//1176
f 308//1176 962//1176 309//1176
f 309//1177 962//1177 311//1177
f 311//1176 962//1176 312//1176
f 312//1177 962//1177 313//1177
f 313//1176 962//1176 358//1176
f 358//1177 962//1177 359//1177
f 359//1176 962//1176 961//1176
f 359//1176 961//1176 361//1176
f 361//1176 961//1176 362//1176
f 362//1176 961//1176 364//1176
f 364//1176 961//1176 365//1176
f 365//1176 961//1176 366//1176
f 366//1176 961//1176 376//1176
f 376//1176 961//1176 377//1176
f 377//1176 961//1176 379//1176
f 962//1178 954//1178 961//1178
f 961//1178 954//1178 956//1178
f 952//1179 954//1179 963//1179
f 963//1179 954//1179 962//1179
f 963//1179 962//1179 298//1179
f 298//1179 962//1179 299//1179
f 299//1179 962//1179 301//1179
f 301//1179 962//1179 303//1179
f 303//1179 962//1179 305//1179
f 298//1179 925//1179 963//1179
f 964//1180 448//1180 965//1180
f 965//1181 448//1181 446//1181
f 965//1182 446//1182 966//1182
f 966//1183 446//1183 444//1183
f 966//1184 444//1184 967//1184
f 967//1185 444//1185 443//1185
f 967//1186 443//1186 968//1186
f 968//1187 969//1187 967//1187
f 967//1188 969//1188 966//1188
f 969//1189 970//1189 966//1189
f 966//1190 970//1190 965//1190
f 970//1181 964//1181 965//1181
f 960//1173 971//1173 942//1173
f 942//1173 971//1173 972//1173
f 942//1173 972//1173 973//1173
f 973//1173 974//1173 942//1173
f 942//1173 974//1173 975//1173
f 942//1173 975//1173 943//1173
f 943//1173 975//1173 976//1173
f 943//1173 976//1173 944//1173
f 944//1173 976//1173 977//1173
f 944//1173 977//1173 938//1173
f 938//1173 977//1173 978//1173
f 938//1173 978//1173 979//1173
f 963//1173 925//1173 980//1173
f 980//1173 925//1173 981//1173
f 981//1173 925//1173 982//1173
f 982//1173 925//1173 983//1173
f 983//1173 925//1173 984//1173
f 984//1173 925//1173 931//1173
f 984//1173 931//1173 985//1173
f 985//1173 931//1173 930//1173
f 985//1173 930//1173 986//1173
f 986//1173 930//1173 929//1173
f 986//1173 929//1173 987//1173
f 987//1173 929//1173 988//1173
f 989//1174 990//1174 991//1174
f 991//1174 990//1174 992//1174
f 991//1174 992//1174 993//1174
f 993//1174 992//1174 994//1174
f 993//1174 994//1174 995//1174
f 995//1174 996//1174 993//1174
f 996//1191 988//1191 993//1191
f 993//1191 988//1191 997//1191
f 997//1191 988//1191 293//1191
f 997//1191 293//1191 291//1191
f 988//1191 929//1191 293//1191
f 291//1191 289//1191 997//1191
f 997//1191 289//1191 196//1191
f 997//1191 196//1191 195//1191
f 253//1192 998//1192 263//1192
f 263//1192 998//1192 264//1192
f 264//1192 998//1192 266//1192
f 266//1192 998//1192 267//1192
f 267//1192 998//1192 269//1192
f 269//1192 998//1192 270//1192
f 270//1192 998//1192 271//1192
f 271//1192 998//1192 278//1192
f 278//1192 998//1192 997//1192
f 278//1192 997//1192 279//1192
f 279//1192 997//1192 281//1192
f 281//1192 997//1192 282//1192
f 282//1192 997//1192 284//1192
f 284//1192 997//1192 285//1192
f 285//1192 997//1192 286//1192
f 286//1192 997//1192 287//1192
f 287//1192 997//1192 195//1192
f 998//1193 991//1193 997//1193
f 997//1193 991//1193 993//1193
f 989//1194 991//1194 999//1194
f 999//1194 991//1194 998//1194
f 999//1194 998//1194 245//1194
f 245//1194 998//1194 243//1194
f 243//1194 998//1194 241//1194
f 241//1194 998//1194 240//1194
f 240//1194 998//1194 253//1194
f 245//1194 912//1194 999//1194
f 999//1173 912//1173 1000//1173
f 1000//1173 912//1173 1001//1173
f 1001//1173 912//1173 1002//1173
f 1002//1173 912//1173 917//1173
f 1002//1173 917//1173 1003//1173
f 1003//1173 917//1173 916//1173
f 1003//1173 916//1173 1004//1173
f 1004//1173 916//1173 915//1173
f 1004//1173 915//1173 1005//1173
f 1005//1173 915//1173 1006//1173
f 1006//1173 915//1173 1007//1173
f 1007//1173 915//1173 1008//1173
f 1009//1174 1010//1174 1011//1174
f 1011//1174 1010//1174 1012//1174
f 1011//1174 1012//1174 1013//1174
f 1013//1174 1012//1174 1014//1174
f 1013//1174 1014//1174 1015//1174
f 1015//1174 1016//1174 1013//1174
f 1016//1195 1008//1195 1013//1195
f 1013//1195 1008//1195 1017//1195
f 1017//1195 1008//1195 249//1195
f 1017//1196 249//1196 250//1196
f 1008//1195 915//1195 249//1195
f 250//1195 252//1195 1017//1195
f 1017//1196 252//1196 236//1196
f 1017//1195 236//1195 230//1195
f 149//1197 1018//1197 151//1197
f 151//1197 1018//1197 152//1197
f 152//1197 1018//1197 153//1197
f 153//1197 1018//1197 197//1197
f 197//1197 1018//1197 198//1197
f 198//1197 1018//1197 200//1197
f 200//1197 1018//1197 201//1197
f 201//1197 1018//1197 202//1197
f 202//1197 1018//1197 1017//1197
f 202//1197 1017//1197 212//1197
f 212//1197 1017//1197 213//1197
f 213//1197 1017//1197 215//1197
f 215//1197 1017//1197 216//1197
f 216//1197 1017//1197 218//1197
f 218//1197 1017//1197 219//1197
f 219//1197 1017//1197 220//1197
f 220//1197 1017//1197 230//1197
f 1018//1198 1011//1198 1017//1198
f 1017//1198 1011//1198 1013//1198
f 1009//1199 1011//1199 1019//1199
f 1019//1199 1011//1199 1018//1199
f 1019//1199 1018//1199 142//1199
f 142//1199 1018//1199 143//1199
f 143//1199 1018//1199 145//1199
f 145//1199 1018//1199 147//1199
f 147//1200 1018//1200 149//1200
f 142//1199 899//1199 1019//1199
f 1019//1173 899//1173 1020//1173
f 1020//1173 899//1173 1021//1173
f 1021//1173 899//1173 1022//1173
f 1022//1173 899//1173 1023//1173
f 1023//1173 899//1173 905//1173
f 1023//1173 905//1173 1024//1173
f 1024//1173 905//1173 904//1173
f 1024//1173 904//1173 1025//1173
f 1025//1173 904//1173 903//1173
f 1025//1173 903//1173 1026//1173
f 1026//1173 903//1173 1027//1173
f 1027//1173 903//1173 1028//1173
f 1029//1174 1030//1174 1031//1174
f 1031//1174 1030//1174 1032//1174
f 1031//1174 1032//1174 1033//1174
f 1033//1174 1032//1174 1034//1174
f 1033//1174 1034//1174 1035//1174
f 1035//1174 1036//1174 1033//1174
f 1036//1201 1028//1201 1033//1201
f 1033//1201 1028//1201 1037//1201
f 1037//1201 1028//1201 137//1201
f 1037//1201 137//1201 135//1201
f 1028//1201 903//1201 137//1201
f 135//1201 133//1201 1037//1201
f 1037//1202 133//1202 131//1202
f 1037//1201 131//1201 129//1201
f 97//1203 1038//1203 112//1203
f 112//1203 1038//1203 113//1203
f 113//1203 1038//1203 115//1203
f 115//1203 1038//1203 116//1203
f 116//1203 1038//1203 118//1203
f 118//1203 1038//1203 119//1203
f 119//1203 1038//1203 121//1203
f 121//1203 1038//1203 122//1203
f 122//1203 1038//1203 1037//1203
f 122//1203 1037//1203 123//1203
f 123//1203 1037//1203 124//1203
f 124//1203 1037//1203 52//1203
f 52//1203 1037//1203 53//1203
f 53//1203 1037//1203 125//1203
f 125//1203 1037//1203 126//1203
f 126//1203 1037//1203 128//1203
f 128//1203 1037//1203 129//1203
f 1038//1204 1031//1204 1037//1204
f 1037//1204 1031//1204 1033//1204
f 1029//1205 1031//1205 1039//1205
f 1039//1205 1031//1205 1038//1205
f 1039//1205 1038//1205 103//1205
f 103//1205 1038//1205 101//1205
f 101//1205 1038//1205 99//1205
f 99//1205 1038//1205 98//1205
f 98//1205 1038//1205 97//1205
f 103//1205 906//1205 1039//1205
f 1039//1173 906//1173 1040//1173
f 1040//1173 906//1173 1041//1173
f 1041//1173 906//1173 1042//1173
f 1042//1173 906//1173 911//1173
f 1042//1173 911//1173 1043//1173
f 1043//1173 911//1173 1044//1173
f 1044//1173 911//1173 910//1173
f 1044//1173 910//1173 1045//1173
f 1045//1173 910//1173 909//1173
f 1045//1173 909//1173 1046//1173
f 1046//1173 909//1173 1047//1173
f 1047//1173 909//1173 1048//1173
f 1049//1174 1050//1174 1051//1174
f 1051//1174 1050//1174 1052//1174
f 1051//1174 1052//1174 1053//1174
f 1053//1174 1052//1174 1054//1174
f 1053//1174 1054//1174 1055//1174
f 1055//1174 1056//1174 1053//1174
f 1056//1206 1048//1206 1053//1206
f 1053//1206 1048//1206 1057//1206
f 1057//1206 1048//1206 107//1206
f 1057//1206 107//1206 108//1206
f 1048//1206 909//1206 107//1206
f 108//1206 110//1206 1057//1206
f 1057//1206 110//1206 93//1206
f 1057//1206 93//1206 87//1206
f 10//1207 1058//1207 12//1207
f 12//1207 1058//1207 13//1207
f 13//1207 1058//1207 14//1207
f 14//1207 1058//1207 54//1207
f 54//1207 1058//1207 55//1207
f 55//1207 1058//1207 57//1207
f 57//1207 1058//1207 58//1207
f 58//1207 1058//1207 60//1207
f 60//1207 1058//1207 1057//1207
f 60//1207 1057//1207 61//1207
f 61//1207 1057//1207 62//1207
f 62//1207 1057//1207 72//1207
f 72//1207 1057//1207 73//1207
f 73//1207 1057//1207 75//1207
f 75//1207 1057//1207 76//1207
f 76//1207 1057//1207 77//1207
f 77//1207 1057//1207 87//1207
f 1058//1208 1051//1208 1057//1208
f 1057//1208 1051//1208 1053//1208
f 1049//1209 1051//1209 1059//1209
f 1059//1209 1051//1209 1058//1209
f 1059//1209 1058//1209 2//1209
f 2//1209 1058//1209 4//1209
f 4//1209 1058//1209 6//1209
f 6//1209 1058//1209 8//1209
f 8//1209 1058//1209 10//1209
f 2//1209 918//1209 1059//1209
f 1059//1173 918//1173 1060//1173
f 1060//1173 918//1173 1061//1173
f 1061//1173 918//1173 1062//1173
f 1062//1173 918//1173 924//1173
f 1062//1173 924//1173 1063//1173
f 1063//1173 924//1173 923//1173
f 1063//1173 923//1173 1064//1173
f 1064//1173 923//1173 922//1173
f 1064//1173 922//1173 1065//1173
f 1065//1173 922//1173 1066//1173
f 1066//1173 922//1173 1067//1173
f 1067//1173 922//1173 1068//1173
f 1069//1174 1070//1174 1071//1174
f 1071//1174 1070//1174 1072//1174
f 1071//1174 1072//1174 1073//1174
f 1073//1174 1072//1174 1074//1174
f 1073//1174 1074//1174 1075//1174
f 1075//1174 1076//1174 1073//1174
f 1076//1210 1068//1210 1073//1210
f 1073//1210 1068//1210 1077//1210
f 1077//1210 1068//1210 687//1210
f 1077//1211 687//1211 684//1211
f 1068//1210 922//1210 687//1210
f 684//1210 681//1210 1077//1210
f 1077//1211 681//1211 677//1211
f 1077//1211 677//1211 669//1211
f 630//1212 1078//1212 639//1212
f 639//1212 1078//1212 644//1212
f 644//1212 1078//1212 645//1212
f 645//1212 1078//1212 646//1212
f 646//1212 1078//1212 648//1212
f 648//1212 1078//1212 649//1212
f 649//1212 1078//1212 651//1212
f 651//1212 1078//1212 652//1212
f 652//1212 1078//1212 1077//1212
f 652//1212 1077//1212 654//1212
f 654//1212 1077//1212 655//1212
f 655//1212 1077//1212 656//1212
f 656//1212 1077//1212 664//1212
f 664//1212 1077//1212 665//1212
f 665//1212 1077//1212 667//1212
f 667//1212 1077//1212 668//1212
f 668//1212 1077//1212 669//1212
f 1078//1213 1071//1213 1077//1213
f 1077//1213 1071//1213 1073//1213
f 1069//1214 1071//1214 1079//1214
f 1079//1214 1071//1214 1078//1214
f 1079//1214 1078//1214 624//1214
f 624//1214 1078//1214 625//1214
f 625//1214 1078//1214 627//1214
f 627//1214 1078//1214 629//1214
f 629//1215 1078//1215 630//1215
f 624//1214 934//1214 1079//1214
f 1079//1173 934//1173 1080//1173
f 1080//1173 934//1173 1081//1173
f 1081//1173 934//1173 1082//1173
f 1082//1173 934//1173 1083//1173
f 1083//1173 934//1173 933//1173
f 1083//1173 933//1173 1084//1173
f 1084//1173 933//1173 936//1173
f 1084//1173 936//1173 1085//1173
f 1085//1173 936//1173 937//1173
f 1085//1173 937//1173 1086//1173
f 1086//1173 937//1173 1087//1173
f 1087//1173 937//1173 1088//1173
f 1089//1174 1090//1174 1091//1174
f 1091//1174 1090//1174 1092//1174
f 1091//1174 1092//1174 1093//1174
f 1093//1174 1092//1174 1094//1174
f 1093//1174 1094//1174 1095//1174
f 1095//1174 1096//1174 1093//1174
f 1096//1216 1088//1216 1093//1216
f 1093//1216 1088//1216 1097//1216
f 1097//1216 1088//1216 620//1216
f 1097//1216 620//1216 618//1216
f 1088//1216 937//1216 620//1216
f 618//1216 616//1216 1097//1216
f 1097//1216 616//1216 614//1216
f 1097//1216 614//1216 612//1216
f 575//1217 1098//1217 579//1217
f 579//1217 1098//1217 580//1217
f 580//1217 1098//1217 582//1217
f 582//1217 1098//1217 583//1217
f 583//1217 1098//1217 584//1217
f 584//1217 1098//1217 592//1217
f 592//1217 1098//1217 593//1217
f 593//1217 1098//1217 595//1217
f 595//1217 1098//1217 1097//1217
f 595//1217 1097//1217 596//1217
f 596//1217 1097//1217 597//1217
f 597//1217 1097//1217 605//1217
f 605//1217 1097//1217 606//1217
f 606//1217 1097//1217 608//1217
f 608//1217 1097//1217 609//1217
f 609//1217 1097//1217 611//1217
f 611//1217 1097//1217 612//1217
f 1098//1218 1091//1218 1097//1218
f 1097//1218 1091//1218 1093//1218
f 1089//1219 1091//1219 1099//1219
f 1099//1219 1091//1219 1098//1219
f 1099//1219 1098//1219 566//1219
f 566//1219 1098//1219 564//1219
f 564//1219 1098//1219 562//1219
f 562//1219 1098//1219 561//1219
f 561//1219 1098//1219 575//1219
f 566//1219 945//1219 1099//1219
f 1099//1173 945//1173 1100//1173
f 1100//1173 945//1173 1101//1173
f 1101//1173 945//1173 951//1173
f 1101//1173 951//1173 1102//1173
f 1102//1173 951//1173 950//1173
f 1102//1173 950//1173 1103//1173
f 1103//1173 950//1173 949//1173
f 1103//1173 949//1173 1104//1173
f 1104//1173 949//1173 1105//1173
f 1105//1173 949//1173 1106//1173
f 1106//1173 949//1173 1107//1173
f 1107//1173 949//1173 1108//1173
f 964//1220 1109//1220 448//1220
f 448//1220 1109//1220 1110//1220
f 448//1220 1110//1220 449//1220
f 449//1220 1110//1220 450//1220
f 450//1220 1110//1220 453//1220
f 453//1221 1110//1221 356//1221
f 1111//1220 1112//1220 1109//1220
f 1109//1220 1112//1220 1110//1220
f 1111//1174 1113//1174 1112//1174
f 1112//1174 1113//1174 1114//1174
f 1112//1174 1114//1174 1115//1174
f 1115//1174 1114//1174 1116//1174
f 1115//1174 1116//1174 1117//1174
f 1117//1174 1118//1174 1115//1174
f 543//1222 1119//1222 555//1222
f 555//1222 1119//1222 574//1222
f 574//1222 1119//1222 572//1222
f 572//1222 1119//1222 571//1222
f 571//1222 1119//1222 1108//1222
f 571//1222 1108//1222 949//1222
f 1119//1222 1115//1222 1108//1222
f 1108//1222 1115//1222 1118//1222
f 356//1223 1110//1223 357//1223
f 357//1223 1110//1223 455//1223
f 455//1223 1110//1223 456//1223
f 456//1223 1110//1223 458//1223
f 458//1223 1110//1223 459//1223
f 459//1223 1110//1223 460//1223
f 460//1223 1110//1223 522//1223
f 522//1223 1110//1223 523//1223
f 523//1223 1110//1223 1119//1223
f 523//1224 1119//1224 525//1224
f 525//1223 1119//1223 526//1223
f 526//1224 1119//1224 527//1224
f 527//1223 1119//1223 538//1223
f 538//1224 1119//1224 539//1224
f 539//1223 1119//1223 541//1223
f 541//1223 1119//1223 542//1223
f 542//1223 1119//1223 543//1223
f 1110//1225 1112//1225 1119//1225
f 1119//1225 1112//1225 1115//1225
f 938//1226 979//1226 395//1226
f 395//1226 979//1226 1120//1226
f 395//1226 1120//1226 393//1226
f 393//1226 1120//1226 394//1226
f 394//1226 1120//1226 397//1226
f 397//1226 1120//1226 399//1226
f 1121//1226 1122//1226 979//1226
f 979//1226 1122//1226 1120//1226
f 1121//1174 1123//1174 1122//1174
f 1122//1174 1123//1174 1124//1174
f 1122//1174 1124//1174 1125//1174
f 1125//1174 1124//1174 1126//1174
f 1125//1174 1126//1174 1127//1174
f 1127//1174 1128//1174 1125//1174
f 435//1227 1129//1227 437//1227
f 437//1227 1129//1227 439//1227
f 439//1227 1129//1227 441//1227
f 441//1227 1129//1227 443//1227
f 443//1227 1129//1227 1130//1227
f 443//1227 1130//1227 968//1227
f 1129//1227 1125//1227 1130//1227
f 1130//1227 1125//1227 1128//1227
f 399//1228 1120//1228 401//1228
f 401//1228 1120//1228 402//1228
f 402//1228 1120//1228 404//1228
f 404//1228 1120//1228 405//1228
f 405//1228 1120//1228 407//1228
f 407//1228 1120//1228 408//1228
f 408//1228 1120//1228 409//1228
f 409//1228 1120//1228 419//1228
f 419//1228 1120//1228 1129//1228
f 419//1228 1129//1228 420//1228
f 420//1228 1129//1228 422//1228
f 422//1228 1129//1228 423//1228
f 423//1228 1129//1228 424//1228
f 424//1228 1129//1228 431//1228
f 431//1228 1129//1228 432//1228
f 432//1228 1129//1228 434//1228
f 434//1228 1129//1228 435//1228
f 1120//1229 1122//1229 1129//1229
f 1129//1229 1122//1229 1125//1229
f 1131//1226 1132//1226 1133//1226
f 1133//1226 1132//1226 1134//1226
f 1131//1230 1133//1230 1135//1230
f 1135//1230 1133//1230 1136//1230
f 1135//1226 1136//1226 1137//1226
f 1137//1226 1136//1226 1138//1226
f 1139//1231 1137//1231 1140//1231
f 1140//1231 1137//1231 1138//1231
f 1139//1229 1140//1229 1141//1229
f 1141//1229 1140//1229 1142//1229
f 1141//1227 1142//1227 1143//1227
f 1143//1227 1142//1227 1144//1227
f 1145//1229 1143//1229 1146//1229
f 1146//1229 1143//1229 1144//1229
f 1145//1226 1146//1226 1147//1226
f 1147//1226 1146//1226 1148//1226
f 1147//1229 1148//1229 1149//1229
f 1149//1229 1148//1229 1150//1229
f 1151//1232 1149//1232 1152//1232
f 1152//1232 1149//1232 1150//1232
f 1151//1227 1152//1227 1153//1227
f 1153//1227 1152//1227 1154//1227
f 1153//1230 1154//1230 1155//1230
f 1155//1230 1154//1230 1156//1230
f 1157//1227 1155//1227 1158//1227
f 1158//1227 1155//1227 1156//1227
f 1159//1229 1160//1229 1132//1229
f 1132//1229 1160//1229 1134//1229
f 1161//1226 1162//1226 1159//1226
f 1159//1226 1162//1226 1160//1226
f 1161//1086 1163//1086 1162//1086
f 1162//1086 1163//1086 1164//1086
f 1165//1230 1166//1230 1163//1230
f 1163//1230 1166//1230 1164//1230
f 1167//1227 1168//1227 1165//1227
f 1165//1227 1168//1227 1166//1227
f 1167//1230 1169//1230 1168//1230
f 1168//1230 1169//1230 1170//1230
f 1171//1226 1172//1226 1169//1226
f 1169//1226 1172//1226 1170//1226
f 1173//1230 1174//1230 1171//1230
f 1171//1230 1174//1230 1172//1230
f 1173//1122 1175//1122 1174//1122
f 1174//1122 1175//1122 1176//1122
f 1177//1227 1178//1227 1175//1227
f 1175//1227 1178//1227 1176//1227
f 1157//1229 1158//1229 1177//1229
f 1177//1229 1158//1229 1178//1229
f 1178//1174 1158//1174 1176//1174
f 1176//1174 1158//1174 1174//1174
f 1174//1174 1158//1174 1170//1174
f 1174//1174 1170//1174 1172//1174
f 1158//1174 1156//1174 1170//1174
f 1170//1174 1156//1174 1168//1174
f 1168//1174 1156//1174 1146//1174
f 1168//1174 1146//1174 1134//1174
f 1134//1174 1146//1174 1144//1174
f 1134//1174 1144//1174 1133//1174
f 1133//1174 1144//1174 1140//1174
f 1133//1174 1140//1174 1138//1174
f 1154//1174 1152//1174 1156//1174
f 1156//1174 1152//1174 1150//1174
f 1156//1174 1150//1174 1146//1174
f 1146//1174 1150//1174 1148//1174
f 1144//1174 1142//1174 1140//1174
f 1138//1174 1136//1174 1133//1174
f 1160//1174 1162//1174 1134//1174
f 1134//1174 1162//1174 1164//1174
f 1134//1174 1164//1174 1168//1174
f 1168//1174 1164//1174 1166//1174
f 1155//1174 1157//1174 1153//1174
f 1153//1174 1157//1174 1177//1174
f 1153//1174 1177//1174 1179//1174
f 1179//1174 1177//1174 1180//1174
f 1180//1174 1177//1174 1181//1174
f 1181//1174 1177//1174 1182//1174
f 1182//1174 1177//1174 1175//1174
f 1182//1174 1175//1174 1183//1174
f 1183//1174 1175//1174 1184//1174
f 1184//1174 1175//1174 1185//1174
f 1185//1174 1175//1174 1186//1174
f 1186//1174 1175//1174 1187//1174
f 1187//1174 1175//1174 1188//1174
f 1188//1174 1175//1174 1189//1174
f 1189//1174 1175//1174 1173//1174
f 1189//1174 1173//1174 1190//1174
f 1190//1174 1173//1174 1191//1174
f 1191//1174 1173//1174 1192//1174
f 1192//1174 1173//1174 1193//1174
f 1193//1174 1173//1174 1194//1174
f 1194//1174 1173//1174 1195//1174
f 1195//1174 1173//1174 1196//1174
f 1196//1174 1173//1174 1171//1174
f 1196//1174 1171//1174 1197//1174
f 1197//1174 1171//1174 1198//1174
f 1198//1174 1171//1174 1199//1174
f 1199//1174 1171//1174 1200//1174
f 1200//1174 1171//1174 1165//1174
f 1200//1174 1165//1174 1201//1174
f 1201//1174 1165//1174 1202//1174
f 1202//1174 1165//1174 1203//1174
f 1203//1174 1165//1174 1204//1174
f 1204//1174 1165//1174 1163//1174
f 1204//1174 1163//1174 1205//1174
f 1205//1174 1163//1174 1206//1174
f 1206//1174 1163//1174 1207//1174
f 1207//1174 1163//1174 1208//1174
f 1208//1174 1163//1174 1209//1174
f 1209//1174 1163//1174 1210//1174
f 1210//1174 1163//1174 1211//1174
f 1211//1174 1163//1174 1161//1174
f 1211//1174 1161//1174 1212//1174
f 1212//1174 1161//1174 1213//1174
f 1213//1174 1161//1174 1214//1174
f 1214//1174 1161//1174 1215//1174
f 1215//1174 1161//1174 1216//1174
f 1216//1174 1161//1174 1217//1174
f 1217//1174 1161//1174 1218//1174
f 1218//1174 1161//1174 1159//1174
f 1218//1174 1159//1174 1219//1174
f 1219//1174 1159//1174 1220//1174
f 1220//1174 1159//1174 1221//1174
f 1221//1174 1159//1174 1135//1174
f 1221//1174 1135//1174 1222//1174
f 1222//1174 1135//1174 1223//1174
f 1223//1174 1135//1174 1224//1174
f 1224//1174 1135//1174 1225//1174
f 1225//1174 1135//1174 1137//1174
f 1225//1174 1137//1174 1226//1174
f 1226//1174 1137//1174 1227//1174
f 1227//1174 1137//1174 1228//1174
f 1228//1174 1137//1174 1229//1174
f 1229//1174 1137//1174 1230//1174
f 1230//1174 1137//1174 1231//1174
f 1231//1174 1137//1174 1232//1174
f 1232//1174 1137//1174 1139//1174
f 1232//1174 1139//1174 1233//1174
f 1233//1174 1139//1174 1234//1174
f 1234//1174 1139//1174 1235//1174
f 1235//1174 1139//1174 1236//1174
f 1236//1174 1139//1174 1237//1174
f 1237//1174 1139//1174 1238//1174
f 1238//1174 1139//1174 1239//1174
f 1239//1174 1139//1174 1141//1174
f 1239//1174 1141//1174 1240//1174
f 1240//1174 1141//1174 1241//1174
f 1241//1174 1141//1174 1242//1174
f 1242//1174 1141//1174 1147//1174
f 1242//1174 1147//1174 1243//1174
f 1243//1174 1147//1174 1244//1174
f 1244//1174 1147//1174 1245//1174
f 1245//1174 1147//1174 1246//1174
f 1246//1174 1147//1174 1149//1174
f 1246//1174 1149//1174 1247//1174
f 1247//1174 1149//1174 1248//1174
f 1248//1174 1149//1174 1249//1174
f 1249//1174 1149//1174 1250//1174
f 1250//1174 1149//1174 1251//1174
f 1251//1174 1149//1174 1252//1174
f 1252//1174 1149//1174 1253//1174
f 1253//1174 1149//1174 1151//1174
f 1253//1174 1151//1174 1254//1174
f 1254//1174 1151//1174 1255//1174
f 1255//1174 1151//1174 1256//1174
f 1256//1174 1151//1174 1257//1174
f 1257//1174 1151//1174 1258//1174
f 1258//1174 1151//1174 1259//1174
f 1259//1174 1151//1174 1260//1174
f 1260//1174 1151//1174 1153//1174
f 1260//1174 1153//1174 1261//1174
f 1261//1174 1153//1174 1262//1174
f 1262//1174 1153//1174 1263//1174
f 1263//1174 1153//1174 1179//1174
f 1169//1174 1167//1174 1171//1174
f 1171//1174 1167//1174 1165//1174
f 1132//1174 1131//1174 1159//1174
f 1159//1174 1131//1174 1135//1174
f 1141//1174 1143//1174 1147//1174
f 1147//1174 1143//1174 1145//1174
f 1201//1233 1264//1233 1200//1233
f 1200//1233 1264//1233 1265//1233
f 1200//1234 1265//1234 1199//1234
f 1199//1234 1265//1234 1266//1234
f 1199//1235 1266//1235 1198//1235
f 1198//1235 1266//1235 1267//1235
f 1198//1236 1267//1236 1197//1236
f 1197//1236 1267//1236 1268//1236
f 1197//1237 1268//1237 1196//1237
f 1196//1237 1268//1237 1269//1237
f 1196//1238 1269//1238 1195//1238
f 1195//1238 1269//1238 1270//1238
f 1195//1239 1270//1239 1194//1239
f 1194//1239 1270//1239 1271//1239
f 1194//1240 1271//1240 1193//1240
f 1193//1240 1271//1240 1272//1240
f 1193//1241 1272//1241 1192//1241
f 1192//1241 1272//1241 1273//1241
f 1192//1242 1273//1242 1191//1242
f 1191//1242 1273//1242 1274//1242
f 1191//1243 1274//1243 1190//1243
f 1190//1243 1274//1243 1275//1243
f 1190//1244 1275//1244 1189//1244
f 1189//1244 1275//1244 1276//1244
f 1189//1245 1276//1245 1188//1245
f 1188//1245 1276//1245 1277//1245
f 1188//1246 1277//1246 1187//1246
f 1187//1246 1277//1246 1278//1246
f 1187//1247 1278//1247 1186//1247
f 1186//1247 1278//1247 1279//1247
f 1186//1248 1279//1248 1185//1248
f 1185//1248 1279//1248 1280//1248
f 1185//1249 1280//1249 1184//1249
f 1184//1249 1280//1249 1281//1249
f 1184//1250 1281//1250 1183//1250
f 1183//1250 1281//1250 1282//1250
f 1183//1251 1282//1251 1182//1251
f 1182//1251 1282//1251 1283//1251
f 1182//1252 1283//1252 1181//1252
f 1181//1252 1283//1252 1284//1252
f 1181//1253 1284//1253 1180//1253
f 1180//1253 1284//1253 1285//1253
f 1180//1254 1285//1254 1179//1254
f 1179//1254 1285//1254 1286//1254
f 1179//1255 1286//1255 1263//1255
f 1263//1255 1286//1255 1287//1255
f 1263//1256 1287//1256 1262//1256
f 1262//1256 1287//1256 1288//1256
f 1262//1257 1288//1257 1261//1257
f 1261//1257 1288//1257 1289//1257
f 1261//1258 1289//1258 1260//1258
f 1260//1258 1289//1258 1290//1258
f 1260//1259 1290//1259 1259//1259
f 1259//1259 1290//1259 1291//1259
f 1259//1260 1291//1260 1258//1260
f 1258//1260 1291//1260 1292//1260
f 1258//1261 1292//1261 1257//1261
f 1257//1261 1292//1261 1293//1261
f 1257//1262 1293//1262 1256//1262
f 1256//1262 1293//1262 1294//1262
f 1256//1263 1294//1263 1255//1263
f 1255//1263 1294//1263 1295//1263
f 1255//1264 1295//1264 1254//1264
f 1254//1264 1295//1264 1296//1264
f 1254//1265 1296//1265 1253//1265
f 1253//1265 1296//1265 1297//1265
f 1253//1266 1297//1266 1252//1266
f 1252//1267 1297//1267 1298//1267
f 1252//1268 1298//1268 1251//1268
f 1251//1268 1298//1268 1299//1268
f 1251//1269 1299//1269 1250//1269
f 1250//1269 1299//1269 1300//1269
f 1250//1270 1300//1270 1249//1270
f 1249//1270 1300//1270 1301//1270
f 1249//1271 1301//1271 1248//1271
f 1248//1271 1301//1271 1302//1271
f 1248//1272 1302//1272 1247//1272
f 1247//1272 1302//1272 1303//1272
f 1247//1273 1303//1273 1246//1273
f 1246//1273 1303//1273 1304//1273
f 1246//1274 1304//1274 1245//1274
f 1245//1274 1304//1274 1305//1274
f 1245//1275 1305//1275 1244//1275
f 1244//1275 1305//1275 1306//1275
f 1244//1276 1306//1276 1243//1276
f 1243//1276 1306//1276 1307//1276
f 1243//1230 1307//1230 1242//1230
f 1242//1230 1307//1230 1308//1230
f 1242//1277 1308//1277 1241//1277
f 1241//1277 1308//1277 1309//1277
f 1241//1278 1309//1278 1240//1278
f 1240//1278 1309//1278 1310//1278
f 1240//1279 1310//1279 1239//1279
f 1239//1279 1310//1279 1311//1279
f 1239//1280 1311//1280 1238//1280
f 1238//1280 1311//1280 1312//1280
f 1238//1281 1312//1281 1237//1281
f 1237//1281 1312//1281 1313//1281
f 1237//1282 1313//1282 1236//1282
f 1236//1282 1313//1282 1314//1282
f 1236//1283 1314//1283 1235//1283
f 1235//1283 1314//1283 1315//1283
f 1235//1284 1315//1284 1234//1284
f 1234//1284 1315//1284 1316//1284
f 1234//1285 1316//1285 1233//1285
f 1233//1285 1316//1285 1317//1285
f 1233//1286 1317//1286 1232//1286
f 1232//1286 1317//1286 1318//1286
f 1232//1287 1318//1287 1231//1287
f 1231//1287 1318//1287 1319//1287
f 1231//1288 1319//1288 1230//1288
f 1230//1288 1319//1288 1320//1288
f 1230//1289 1320//1289 1229//1289
f 1229//1289 1320//1289 1321//1289
f 1229//1290 1321//1290 1228//1290
f 1228//1290 1321//1290 1322//1290
f 1228//1291 1322//1291 1227//1291
f 1227//1291 1322//1291 1323//1291
f 1227//1292 1323//1292 1226//1292
f 1226//1292 1323//1292 1324//1292
f 1226//1293 1324//1293 1225//1293
f 1225//1293 1324//1293 1325//1293
f 1225//1294 1325//1294 1224//1294
f 1224//1294 1325//1294 1326//1294
f 1224//1295 1326//1295 1223//1295
f 1223//1295 1326//1295 1327//1295
f 1223//1296 1327//1296 1222//1296
f 1222//1296 1327//1296 1328//1296
f 1222//1297 1328//1297 1221//1297
f 1221//1297 1328//1297 1329//1297
f 1221//1298 1329//1298 1220//1298
f 1220//1298 1329//1298 1330//1298
f 1220//1299 1330//1299 1219//1299
f 1219//1299 1330//1299 1331//1299
f 1219//1300 1331//1300 1218//1300
f 1218//1300 1331//1300 1332//1300
f 1218//1301 1332//1301 1217//1301
f 1217//1301 1332//1301 1333//1301
f 1217//1302 1333//1302 1216//1302
f 1216//1302 1333//1302 1334//1302
f 1216//1303 1334//1303 1215//1303
f 1215//1303 1334//1303 1335//1303
f 1215//1304 1335//1304 1214//1304
f 1214//1304 1335//1304 1336//1304
f 1214//1305 1336//1305 1213//1305
f 1213//1305 1336//1305 1337//1305
f 1213//1306 1337//1306 1212//1306
f 1212//1306 1337//1306 1338//1306
f 1212//1307 1338//1307 1211//1307
f 1211//1307 1338//1307 1339//1307
f 1211//1308 1339//1308 1210//1308
f 1210//1308 1339//1308 1340//1308
f 1210//1309 1340//1309 1209//1309
f 1209//1309 1340//1309 1341//1309
f 1209//1310 1341//1310 1208//1310
f 1208//1310 1341//1310 1342//1310
f 1208//1311 1342//1311 1207//1311
f 1207//1311 1342//1311 1343//1311
f 1207//1312 1343//1312 1206//1312
f 1206//1312 1343//1312 1344//1312
f 1206//1313 1344//1313 1205//1313
f 1205//1313 1344//1313 1345//1313
f 1205//1314 1345//1314 1204//1314
f 1204//1314 1345//1314 1346//1314
f 1204//1315 1346//1315 1203//1315
f 1203//1315 1346//1315 1347//1315
f 1203//1316 1347//1316 1202//1316
f 1202//1316 1347//1316 1348//1316
f 1202//1317 1348//1317 1201//1317
f 1201//1317 1348//1317 1264//1317
f 1349//1318 1350//1318 1351//1318
f 1351//1318 1350//1318 1352//1318
f 1351//1319 1352//1319 1353//1319
f 1353//1319 1352//1319 1354//1319
f 1353//1320 1354//1320 1355//1320
f 1355//1320 1354//1320 1356//1320
f 1355//1321 1356//1321 1357//1321
f 1357//1321 1356//1321 1358//1321
f 1357//1322 1358//1322 1359//1322
f 1359//1322 1358//1322 1360//1322
f 1359//1323 1360//1323 1361//1323
f 1361//1323 1360//1323 1362//1323
f 1361//1324 1362//1324 1363//1324
f 1363//1324 1362//1324 1364//1324
f 1363//1325 1364//1325 1365//1325
f 1365//1325 1364//1325 1366//1325
f 1365//1326 1366//1326 1367//1326
f 1367//1326 1366//1326 1368//1326
f 1367//1327 1368//1327 1369//1327
f 1369//1328 1368//1328 1370//1328
f 1369//1329 1370//1329 1371//1329
f 1371//1329 1370//1329 1372//1329
f 1371//1330 1372//1330 1373//1330
f 1373//1330 1372//1330 1374//1330
f 1373//1331 1374//1331 1375//1331
f 1375//1331 1374//1331 1376//1331
f 1375//1332 1376//1332 1377//1332
f 1377//1332 1376//1332 1378//1332
f 1377//1333 1378//1333 1379//1333
f 1379//1333 1378//1333 1380//1333
f 1379//1334 1380//1334 1381//1334
f 1381//1334 1380//1334 1382//1334
f 1381//1335 1382//1335 1383//1335
f 1383//1335 1382//1335 1384//1335
f 1383//1336 1384//1336 1385//1336
f 1385//1336 1384//1336 1386//1336
f 1385//1337 1386//1337 1387//1337
f 1387//1337 1386//1337 1388//1337
f 1387//1338 1388//1338 1389//1338
f 1389//1338 1388//1338 1390//1338
f 1389//1339 1390//1339 1391//1339
f 1391//1339 1390//1339 1392//1339
f 1391//1340 1392//1340 1393//1340
f 1393//1340 1392//1340 1394//1340
f 1393//1341 1394//1341 1395//1341
f 1395//1341 1394//1341 1396//1341
f 1395//1342 1396//1342 1397//1342
f 1397//1342 1396//1342 1398//1342
f 1397//1343 1398//1343 1399//1343
f 1399//1343 1398//1343 1400//1343
f 1399//1344 1400//1344 1401//1344
f 1401//1344 1400//1344 1402//1344
f 1401//1345 1402//1345 1403//1345
f 1403//1345 1402//1345 1404//1345
f 1403//1346 1404//1346 1405//1346
f 1405//1346 1404//1346 1406//1346
f 1405//1347 1406//1347 1407//1347
f 1407//1347 1406//1347 1408//1347
f 1407//1348 1408//1348 1409//1348
f 1409//1348 1408//1348 1410//1348
f 1409//1349 1410//1349 1411//1349
f 1411//1349 1410//1349 1412//1349
f 1411//1350 1412//1350 1413//1350
f 1413//1350 1412//1350 1414//1350
f 1413//1351 1414//1351 1415//1351
f 1415//1351 1414//1351 1416//1351
f 1415//1352 1416//1352 1417//1352
f 1417//1352 1416//1352 1418//1352
f 1417//1353 1418//1353 1419//1353
f 1419//1353 1418//1353 1420//1353
f 1419//1354 1420//1354 1421//1354
f 1421//1354 1420//1354 1422//1354
f 1421//1355 1422//1355 1423//1355
f 1423//1355 1422//1355 1424//1355
f 1423//1356 1424//1356 1425//1356
f 1425//1356 1424//1356 1426//1356
f 1425//1357 1426//1357 1427//1357
f 1427//1357 1426//1357 1428//1357
f 1427//1358 1428//1358 1429//1358
f 1429//1358 1428//1358 1430//1358
f 1429//1359 1430//1359 1431//1359
f 1431//1359 1430//1359 1432//1359
f 1431//1360 1432//1360 1433//1360
f 1433//1360 1432//1360 1434//1360
f 1433//1361 1434//1361 1435//1361
f 1435//1361 1434//1361 1436//1361
f 1435//1362 1436//1362 1437//1362
f 1437//1362 1436//1362 1438//1362
f 1437//1363 1438//1363 1439//1363
f 1439//1363 1438//1363 1440//1363
f 1439//1364 1440//1364 1441//1364
f 1441//1364 1440//1364 1442//1364
f 1441//1365 1442//1365 1443//1365
f 1443//1365 1442//1365 1444//1365
f 1443//1366 1444//1366 1445//1366
f 1445//1366 1444//1366 1446//1366
f 1445//1367 1446//1367 1447//1367
f 1447//1368 1446//1368 1448//1368
f 1447//1369 1448//1369 1449//1369
f 1449//1369 1448//1369 1450//1369
f 1449//1370 1450//1370 1451//1370
f 1451//1370 1450//1370 1452//1370
f 1451//1371 1452//1371 1453//1371
f 1453//1371 1452//1371 1454//1371
f 1453//1372 1454//1372 1455//1372
f 1455//1372 1454//1372 1456//1372
f 1455//1373 1456//1373 1457//1373
f 1457//1373 1456//1373 1458//1373
f 1457//1374 1458//1374 1459//1374
f 1459//1374 1458//1374 1460//1374
f 1459//1375 1460//1375 1461//1375
f 1461//1375 1460//1375 1462//1375
f 1461//1376 1462//1376 1463//1376
f 1463//1376 1462//1376 1464//1376
f 1463//1377 1464//1377 1465//1377
f 1465//1377 1464//1377 1466//1377
f 1465//1378 1466//1378 1467//1378
f 1467//1378 1466//1378 1468//1378
f 1467//1379 1468//1379 1469//1379
f 1469//1379 1468//1379 1470//1379
f 1469//1380 1470//1380 1471//1380
f 1471//1380 1470//1380 1472//1380
f 1471//1381 1472//1381 1473//1381
f 1473//1381 1472//1381 1474//1381
f 1473//1382 1474//1382 1475//1382
f 1475//1382 1474//1382 1476//1382
f 1475//1383 1476//1383 1477//1383
f 1477//1383 1476//1383 1478//1383
f 1477//1384 1478//1384 1479//1384
f 1479//1384 1478//1384 1480//1384
f 1479//1385 1480//1385 1481//1385
f 1481//1386 1480//1386 1482//1386
f 1481//1387 1482//1387 1483//1387
f 1483//1387 1482//1387 1484//1387
f 1483//1388 1484//1388 1485//1388
f 1485//1388 1484//1388 1486//1388
f 1485//1389 1486//1389 1487//1389
f 1487//1389 1486//1389 1488//1389
f 1487//1390 1488//1390 1489//1390
f 1489//1390 1488//1390 1490//1390
f 1489//1391 1490//1391 1491//1391
f 1491//1391 1490//1391 1492//1391
f 1491//1392 1492//1392 1493//1392
f 1493//1392 1492//1392 1494//1392
f 1493//1393 1494//1393 1495//1393
f 1495//1393 1494//1393 1496//1393
f 1495//1394 1496//1394 1497//1394
f 1497//1394 1496//1394 1498//1394
f 1497//1395 1498//1395 1499//1395
f 1499//1395 1498//1395 1500//1395
f 1499//1396 1500//1396 1501//1396
f 1501//1396 1500//1396 1502//1396
f 1501//1397 1502//1397 1503//1397
f 1503//1397 1502//1397 1504//1397
f 1503//1398 1504//1398 1505//1398
f 1505//1398 1504//1398 1506//1398
f 1505//1399 1506//1399 1507//1399
f 1507//1399 1506//1399 1508//1399
f 1507//1400 1508//1400 1509//1400
f 1509//1400 1508//1400 1510//1400
f 1509//1401 1510//1401 1511//1401
f 1511//1401 1510//1401 1512//1401
f 1511//1402 1512//1402 1513//1402
f 1513//1402 1512//1402 1514//1402
f 1513//1403 1514//1403 1515//1403
f 1515//1403 1514//1403 1516//1403
f 1515//1404 1516//1404 1517//1404
f 1517//1404 1516//1404 1518//1404
f 1517//1405 1518//1405 1519//1405
f 1519//1405 1518//1405 1520//1405
f 1519//1406 1520//1406 1521//1406
f 1521//1406 1520//1406 1522//1406
f 1521//1407 1522//1407 1523//1407
f 1523//1407 1522//1407 1524//1407
f 1523//1408 1524//1408 1525//1408
f 1525//1408 1524//1408 1526//1408
f 1525//1409 1526//1409 1527//1409
f 1527//1409 1526//1409 1528//1409
f 1527//1410 1528//1410 1529//1410
f 1529//1410 1528//1410 1530//1410
f 1529//1411 1530//1411 1531//1411
f 1531//1411 1530//1411 1532//1411
f 1531//1412 1532//1412 1533//1412
f 1533//1412 1532//1412 1534//1412
f 1533//1413 1534//1413 1535//1413
f 1535//1413 1534//1413 1536//1413
f 1535//1414 1536//1414 1537//1414
f 1537//1414 1536//1414 1538//1414
f 1537//1415 1538//1415 1539//1415
f 1539//1415 1538//1415 1540//1415
f 1539//1416 1540//1416 1541//1416
f 1541//1416 1540//1416 1542//1416
f 1541//1417 1542//1417 1543//1417
f 1543//1417 1542//1417 1544//1417
f 1543//1418 1544//1418 1545//1418
f 1545//1418 1544//1418 1546//1418
f 1545//1419 1546//1419 1547//1419
f 1547//1419 1546//1419 1548//1419
f 1547//1420 1548//1420 1549//1420
f 1549//1420 1548//1420 1550//1420
f 1549//1421 1550//1421 1551//1421
f 1551//1421 1550//1421 1552//1421
f 1551//1422 1552//1422 1553//1422
f 1553//1422 1552//1422 1554//1422
f 1553//1423 1554//1423 1555//1423
f 1555//1423 1554//1423 1556//1423
f 1555//1424 1556//1424 1557//1424
f 1557//1424 1556//1424 1558//1424
f 1557//1425 1558//1425 1559//1425
f 1559//1426 1558//1426 1560//1426
f 1559//1427 1560//1427 1561//1427
f 1561//1427 1560//1427 1562//1427
f 1561//1428 1562//1428 1563//1428
f 1563//1428 1562//1428 1564//1428
f 1563//1429 1564//1429 1565//1429
f 1565//1429 1564//1429 1566//1429
f 1565//1430 1566//1430 1567//1430
f 1567//1430 1566//1430 1568//1430
f 1567//1431 1568//1431 1569//1431
f 1569//1431 1568//1431 1570//1431
f 1569//1432 1570//1432 1571//1432
f 1571//1432 1570//1432 1572//1432
f 1571//1433 1572//1433 1349//1433
f 1349//1433 1572//1433 1350//1433
f 1264//1174 1466//1174 1265//1174
f 1265//1174 1466//1174 1464//1174
f 1265//1174 1464//1174 1462//1174
f 1466//1174 1264//1174 1468//1174
f 1468//1174 1264//1174 1348//1174
f 1468//1174 1348//1174 1470//1174
f 1470//1174 1348//1174 1347//1174
f 1470//1174 1347//1174 1472//1174
f 1472//1174 1347//1174 1474//1174
f 1474//1174 1347//1174 1346//1174
f 1474//1174 1346//1174 1476//1174
f 1476//1174 1346//1174 1345//1174
f 1476//1174 1345//1174 1478//1174
f 1478//1174 1345//1174 1344//1174
f 1478//1174 1344//1174 1480//1174
f 1480//1174 1344//1174 1482//1174
f 1482//1174 1344//1174 1343//1174
f 1482//1174 1343//1174 1484//1174
f 1484//1174 1343//1174 1342//1174
f 1484//1174 1342//1174 1486//1174
f 1486//1174 1342//1174 1341//1174
f 1486//1174 1341//1174 1488//1174
f 1488//1174 1341//1174 1490//1174
f 1490//1174 1341//1174 1340//1174
f 1490//1174 1340//1174 1492//1174
f 1492//1174 1340//1174 1339//1174
f 1492//1174 1339//1174 1494//1174
f 1494//1174 1339//1174 1338//1174
f 1494//1174 1338//1174 1337//1174
f 1337//1174 1336//1174 1494//1174
f 1494//1174 1336//1174 1335//1174
f 1494//1174 1335//1174 1334//1174
f 1334//1174 1333//1174 1494//1174
f 1494//1174 1333//1174 1496//1174
f 1496//1174 1333//1174 1498//1174
f 1498//1174 1333//1174 1500//1174
f 1500//1174 1333//1174 1502//1174
f 1502//1174 1333//1174 1504//1174
f 1504//1174 1333//1174 1506//1174
f 1506//1174 1333//1174 1508//1174
f 1508//1174 1333//1174 1510//1174
f 1510//1174 1333//1174 1332//1174
f 1510//1174 1332//1174 1512//1174
f 1512//1174 1332//1174 1331//1174
f 1512//1174 1331//1174 1514//1174
f 1514//1174 1331//1174 1516//1174
f 1516//1174 1331//1174 1330//1174
f 1516//1174 1330//1174 1518//1174
f 1518//1174 1330//1174 1329//1174
f 1518//1174 1329//1174 1520//1174
f 1520//1174 1329//1174 1328//1174
f 1520//1174 1328//1174 1522//1174
f 1522//1174 1328//1174 1524//1174
f 1524//1174 1328//1174 1327//1174
f 1524//1174 1327//1174 1526//1174
f 1526//1174 1327//1174 1326//1174
f 1526//1174 1326//1174 1528//1174
f 1528//1174 1326//1174 1325//1174
f 1528//1174 1325//1174 1530//1174
f 1530//1174 1325//1174 1532//1174
f 1532//1174 1325//1174 1324//1174
f 1532//1174 1324//1174 1534//1174
f 1534//1174 1324//1174 1323//1174
f 1534//1174 1323//1174 1536//1174
f 1536//1174 1323//1174 1322//1174
f 1536//1174 1322//1174 1538//1174
f 1538//1174 1322//1174 1540//1174
f 1540//1174 1322//1174 1321//1174
f 1540//1174 1321//1174 1542//1174
f 1542//1174 1321//1174 1320//1174
f 1542//1174 1320//1174 1544//1174
f 1544//1174 1320//1174 1319//1174
f 1544//1174 1319//1174 1546//1174
f 1546//1174 1319//1174 1548//1174
f 1548//1174 1319//1174 1318//1174
f 1548//1174 1318//1174 1550//1174
f 1550//1174 1318//1174 1317//1174
f 1550//1174 1317//1174 1552//1174
f 1552//1174 1317//1174 1316//1174
f 1552//1174 1316//1174 1554//1174
f 1554//1174 1316//1174 1315//1174
f 1554//1174 1315//1174 1556//1174
f 1556//1174 1315//1174 1558//1174
f 1558//1174 1315//1174 1314//1174
f 1558//1174 1314//1174 1560//1174
f 1560//1174 1314//1174 1313//1174
f 1560//1174 1313//1174 1562//1174
f 1562//1174 1313//1174 1312//1174
f 1562//1174 1312//1174 1564//1174
f 1564//1174 1312//1174 1566//1174
f 1566//1174 1312//1174 1311//1174
f 1566//1174 1311//1174 1568//1174
f 1568//1174 1311//1174 1310//1174
f 1568//1174 1310//1174 1570//1174
f 1570//1174 1310//1174 1309//1174
f 1570//1174 1309//1174 1572//1174
f 1572//1174 1309//1174 1350//1174
f 1350//1174 1309//1174 1308//1174
f 1350//1174 1308//1174 1352//1174
f 1352//1174 1308//1174 1307//1174
f 1352//1174 1307//1174 1354//1174
f 1354//1174 1307//1174 1306//1174
f 1354//1174 1306//1174 1356//1174
f 1356//1174 1306//1174 1358//1174
f 1358//1174 1306//1174 1305//1174
f 1358//1174 1305//1174 1360//1174
f 1360//1174 1305//1174 1304//1174
f 1360//1174 1304//1174 1362//1174
f 1362//1174 1304//1174 1303//1174
f 1362//1174 1303//1174 1364//1174
f 1364//1174 1303//1174 1366//1174
f 1366//1174 1303//1174 1302//1174
f 1366//1174 1302//1174 1368//1174
f 1368//1174 1302//1174 1301//1174
f 1368//1174 1301//1174 1370//1174
f 1370//1174 1301//1174 1300//1174
f 1370//1174 1300//1174 1372//1174
f 1372//1174 1300//1174 1374//1174
f 1374//1174 1300//1174 1299//1174
f 1374//1174 1299//1174 1376//1174
f 1376//1174 1299//1174 1298//1174
f 1376//1174 1298//1174 1378//1174
f 1378//1174 1298//1174 1297//1174
f 1378//1174 1297//1174 1380//1174
f 1380//1174 1297//1174 1296//1174
f 1380//1174 1296//1174 1382//1174
f 1382//1174 1296//1174 1384//1174
f 1384//1174 1296//1174 1295//1174
f 1384//1174 1295//1174 1386//1174
f 1386//1174 1295//1174 1294//1174
f 1386//1174 1294//1174 1388//1174
f 1388//1174 1294//1174 1293//1174
f 1388//1174 1293//1174 1390//1174
f 1390//1174 1293//1174 1392//1174
f 1392//1174 1293//1174 1292//1174
f 1392//1174 1292//1174 1394//1174
f 1394//1174 1292//1174 1291//1174
f 1394//1174 1291//1174 1396//1174
f 1396//1174 1291//1174 1290//1174
f 1396//1174 1290//1174 1398//1174
f 1398//1174 1290//1174 1400//1174
f 1400//1174 1290//1174 1289//1174
f 1400//1174 1289//1174 1402//1174
f 1402//1174 1289//1174 1288//1174
f 1402//1174 1288//1174 1404//1174
f 1404//1174 1288//1174 1287//1174
f 1404//1174 1287//1174 1406//1174
f 1406//1174 1287//1174 1408//1174
f 1408//1174 1287//1174 1286//1174
f 1408//1174 1286//1174 1410//1174
f 1410//1174 1286//1174 1285//1174
f 1410//1174 1285//1174 1412//1174
f 1412//1174 1285//1174 1284//1174
f 1412//1174 1284//1174 1414//1174
f 1414//1174 1284//1174 1416//1174
f 1416//1174 1284//1174 1283//1174
f 1416//1174 1283//1174 1418//1174
f 1418//1174 1283//1174 1282//1174
f 1418//1174 1282//1174 1420//1174
f 1420//1174 1282//1174 1281//1174
f 1420//1174 1281//1174 1422//1174
f 1422//1174 1281//1174 1424//1174
f 1424//1174 1281//1174 1280//1174
f 1424//1174 1280//1174 1426//1174
f 1426//1174 1280//1174 1279//1174
f 1426//1174 1279//1174 1428//1174
f 1428//1174 1279//1174 1278//1174
f 1428//1174 1278//1174 1430//1174
f 1430//1174 1278//1174 1432//1174
f 1432//1174 1278//1174 1277//1174
f 1432//1174 1277//1174 1434//1174
f 1434//1174 1277//1174 1276//1174
f 1434//1174 1276//1174 1436//1174
f 1436//1174 1276//1174 1275//1174
f 1436//1174 1275//1174 1438//1174
f 1438//1174 1275//1174 1274//1174
f 1438//1174 1274//1174 1440//1174
f 1440//1174 1274//1174 1442//1174
f 1442//1174 1274//1174 1273//1174
f 1442//1174 1273//1174 1444//1174
f 1444//1174 1273//1174 1272//1174
f 1444//1174 1272//1174 1446//1174
f 1446//1174 1272//1174 1271//1174
f 1446//1174 1271//1174 1448//1174
f 1448//1174 1271//1174 1450//1174
f 1450//1174 1271//1174 1270//1174
f 1450//1174 1270//1174 1452//1174
f 1452//1174 1270//1174 1269//1174
f 1452//1174 1269//1174 1454//1174
f 1454//1174 1269//1174 1268//1174
f 1454//1174 1268//1174 1456//1174
f 1456//1174 1268//1174 1458//1174
f 1458//1174 1268//1174 1267//1174
f 1458//1174 1267//1174 1460//1174
f 1460//1174 1267//1174 1266//1174
f 1460//1174 1266//1174 1462//1174
f 1462//1174 1266//1174 1265//1174
f 963//1434 1573//1434 952//1434
f 952//1435 1573//1435 1574//1435
f 952//1436 1574//1436 953//1436
f 953//1437 1574//1437 955//1437
f 955//1438 1574//1438 1575//1438
f 955//1439 1575//1439 957//1439
f 957//1440 1575//1440 1576//1440
f 957//1441 1576//1441 958//1441
f 958//1442 1576//1442 1577//1442
f 958//1443 1577//1443 959//1443
f 959//1444 1577//1444 1578//1444
f 959//1445 1578//1445 960//1445
f 960//1446 1578//1446 971//1446
f 971//1447 1578//1447 1579//1447
f 971//1448 1579//1448 972//1448
f 972//1449 1579//1449 1580//1449
f 972//1450 1580//1450 973//1450
f 973//1451 1580//1451 1581//1451
f 973//1452 1581//1452 974//1452
f 974//1453 1581//1453 1582//1453
f 974//1454 1582//1454 975//1454
f 975//1455 1582//1455 1583//1455
f 975//1456 1583//1456 976//1456
f 976//1457 1583//1457 1584//1457
f 976//1458 1584//1458 977//1458
f 977//1459 1584//1459 1585//1459
f 977//1460 1585//1460 978//1460
f 978//1461 1585//1461 1586//1461
f 978//1462 1586//1462 979//1462
f 979//1463 1586//1463 1121//1463
f 1121//1464 1586//1464 1587//1464
f 1121//1465 1587//1465 1123//1465
f 1123//1466 1587//1466 1588//1466
f 1123//1467 1588//1467 1124//1467
f 1124//1468 1588//1468 1589//1468
f 1124//1469 1589//1469 1126//1469
f 1126//1470 1589//1470 1590//1470
f 1126//1471 1590//1471 1127//1471
f 1127//1472 1590//1472 1591//1472
f 1127//1473 1591//1473 1128//1473
f 1128//1474 1591//1474 1592//1474
f 1128//1475 1592//1475 1130//1475
f 1130//1476 1592//1476 1593//1476
f 1593//1477 1592//1477 1594//1477
f 1593//1478 1594//1478 1595//1478
f 1595//1479 1594//1479 1596//1479
f 1595//1480 1596//1480 1597//1480
f 1597//1481 1596//1481 1598//1481
f 1597//1482 1598//1482 1599//1482
f 1599//1483 1598//1483 1600//1483
f 1599//1484 1600//1484 1601//1484
f 1601//1485 1600//1485 1602//1485
f 1601//1486 1602//1486 1603//1486
f 1603//1487 1602//1487 1604//1487
f 1603//1488 1604//1488 1605//1488
f 1605//1489 1604//1489 1606//1489
f 1605//1490 1606//1490 1607//1490
f 1607//1491 1606//1491 1608//1491
f 1607//1492 1608//1492 1109//1492
f 1109//1493 1608//1493 1111//1493
f 1111//1494 1608//1494 1609//1494
f 1111//1495 1609//1495 1113//1495
f 1113//1496 1609//1496 1610//1496
f 1113//1497 1610//1497 1114//1497
f 1114//1498 1610//1498 1611//1498
f 1114//1499 1611//1499 1116//1499
f 1116//1500 1611//1500 1612//1500
f 1116//1501 1612//1501 1117//1501
f 1117//1502 1612//1502 1118//1502
f 1118//1503 1612//1503 1613//1503
f 1118//1504 1613//1504 1108//1504
f 1108//1505 1613//1505 1107//1505
f 1107//1506 1613//1506 1614//1506
f 1107//1507 1614//1507 1106//1507
f 1106//1508 1614//1508 1615//1508
f 1106//1509 1615//1509 1105//1509
f 1105//1510 1615//1510 1616//1510
f 1105//1511 1616//1511 1104//1511
f 1104//1512 1616//1512 1617//1512
f 1104//1513 1617//1513 1103//1513
f 1103//1514 1617//1514 1618//1514
f 1103//1515 1618//1515 1102//1515
f 1102//1516 1618//1516 1619//1516
f 1102//1517 1619//1517 1101//1517
f 1101//1518 1619//1518 1620//1518
f 1101//1519 1620//1519 1100//1519
f 1100//1520 1620//1520 1621//1520
f 1100//1521 1621//1521 1099//1521
f 1099//1522 1621//1522 1089//1522
f 1089//1523 1621//1523 1622//1523
f 1089//1524 1622//1524 1090//1524
f 1090//1525 1622//1525 1623//1525
f 1090//1526 1623//1526 1092//1526
f 1092//1527 1623//1527 1624//1527
f 1092//1528 1624//1528 1094//1528
f 1094//1529 1624//1529 1625//1529
f 1094//1530 1625//1530 1095//1530
f 1095//1531 1625//1531 1626//1531
f 1095//1532 1626//1532 1096//1532
f 1096//1533 1626//1533 1627//1533
f 1096//1534 1627//1534 1088//1534
f 1088//1535 1627//1535 1087//1535
f 1087//1536 1627//1536 1628//1536
f 1087//1537 1628//1537 1086//1537
f 1086//1538 1628//1538 1629//1538
f 1086//1539 1629//1539 1085//1539
f 1085//1540 1629//1540 1630//1540
f 1085//1541 1630//1541 1084//1541
f 1084//1542 1630//1542 1631//1542
f 1084//1543 1631//1543 1083//1543
f 1083//1544 1631//1544 1632//1544
f 1083//1545 1632//1545 1082//1545
f 1082//1546 1632//1546 1633//1546
f 1082//1547 1633//1547 1081//1547
f 1081//1548 1633//1548 1634//1548
f 1081//1549 1634//1549 1080//1549
f 1080//1550 1634//1550 1635//1550
f 1080//1551 1635//1551 1079//1551
f 1079//1552 1635//1552 1069//1552
f 1069//1553 1635//1553 1636//1553
f 1069//1554 1636//1554 1070//1554
f 1070//1555 1636//1555 1637//1555
f 1070//1556 1637//1556 1072//1556
f 1072//1557 1637//1557 1638//1557
f 1072//1558 1638//1558 1074//1558
f 1074//1559 1638//1559 1639//1559
f 1074//1560 1639//1560 1075//1560
f 1075//1561 1639//1561 1640//1561
f 1075//1562 1640//1562 1076//1562
f 1076//1563 1640//1563 1641//1563
f 1076//1564 1641//1564 1067//1564
f 1067//1565 1641//1565 1642//1565
f 1067//1566 1642//1566 1066//1566
f 1066//1567 1642//1567 1065//1567
f 1065//1568 1642//1568 1643//1568
f 1065//1569 1643//1569 1064//1569
f 1064//1570 1643//1570 1644//1570
f 1064//1571 1644//1571 1063//1571
f 1063//1572 1644//1572 1645//1572
f 1063//1573 1645//1573 1062//1573
f 1062//1574 1645//1574 1646//1574
f 1062//1575 1646//1575 1061//1575
f 1061//1576 1646//1576 1647//1576
f 1061//1577 1647//1577 1060//1577
f 1060//1578 1647//1578 1648//1578
f 1060//1579 1648//1579 1059//1579
f 1059//1580 1648//1580 1049//1580
f 1049//1581 1648//1581 1649//1581
f 1049//1582 1649//1582 1050//1582
f 1050//1583 1649//1583 1650//1583
f 1050//1584 1650//1584 1052//1584
f 1052//1585 1650//1585 1651//1585
f 1052//1586 1651//1586 1054//1586
f 1054//1587 1651//1587 1652//1587
f 1054//1588 1652//1588 1055//1588
f 1055//1589 1652//1589 1653//1589
f 1055//1590 1653//1590 1056//1590
f 1056//1591 1653//1591 1654//1591
f 1056//1592 1654//1592 1048//1592
f 1048//1593 1654//1593 1047//1593
f 1047//1594 1654//1594 1655//1594
f 1047//1595 1655//1595 1046//1595
f 1046//1596 1655//1596 1656//1596
f 1046//1597 1656//1597 1045//1597
f 1045//1598 1656//1598 1657//1598
f 1045//1599 1657//1599 1044//1599
f 1044//1600 1657//1600 1658//1600
f 1044//1601 1658//1601 1043//1601
f 1043//1602 1658//1602 1659//1602
f 1043//1603 1659//1603 1042//1603
f 1042//1604 1659//1604 1660//1604
f 1042//1605 1660//1605 1041//1605
f 1041//1606 1660//1606 1661//1606
f 1041//1607 1661//1607 1040//1607
f 1040//1608 1661//1608 1662//1608
f 1040//1609 1662//1609 1039//1609
f 1039//1610 1662//1610 1029//1610
f 1029//1611 1662//1611 1663//1611
f 1029//1612 1663//1612 1030//1612
f 1030//1613 1663//1613 1664//1613
f 1030//1614 1664//1614 1032//1614
f 1032//1615 1664//1615 1665//1615
f 1032//1616 1665//1616 1034//1616
f 1034//1617 1665//1617 1666//1617
f 1034//1618 1666//1618 1035//1618
f 1035//1619 1666//1619 1667//1619
f 1035//1620 1667//1620 1036//1620
f 1036//1621 1667//1621 1668//1621
f 1036//1622 1668//1622 1028//1622
f 1028//1623 1668//1623 1027//1623
f 1027//1624 1668//1624 1669//1624
f 1027//1625 1669//1625 1026//1625
f 1026//1626 1669//1626 1670//1626
f 1026//1627 1670//1627 1025//1627
f 1025//1628 1670//1628 1671//1628
f 1025//1629 1671//1629 1024//1629
f 1024//1630 1671//1630 1672//1630
f 1024//1631 1672//1631 1023//1631
f 1023//1632 1672//1632 1673//1632
f 1023//1633 1673//1633 1022//1633
f 1022//1634 1673//1634 1674//1634
f 1022//1635 1674//1635 1021//1635
f 1021//1636 1674//1636 1020//1636
f 1020//1637 1674//1637 1675//1637
f 1020//1638 1675//1638 1019//1638
f 1019//1639 1675//1639 1009//1639
f 1009//1640 1675//1640 1676//1640
f 1009//1641 1676//1641 1010//1641
f 1010//1642 1676//1642 1677//1642
f 1010//1643 1677//1643 1012//1643
f 1012//1644 1677//1644 1678//1644
f 1012//1645 1678//1645 1014//1645
f 1014//1646 1678//1646 1679//1646
f 1014//1647 1679//1647 1015//1647
f 1015//1648 1679//1648 1680//1648
f 1015//1649 1680//1649 1016//1649
f 1016//1650 1680//1650 1681//1650
f 1016//1651 1681//1651 1008//1651
f 1008//1652 1681//1652 1007//1652
f 1007//1653 1681//1653 1682//1653
f 1007//1654 1682//1654 1006//1654
f 1006//1655 1682//1655 1683//1655
f 1006//1656 1683//1656 1005//1656
f 1005//1657 1683//1657 1684//1657
f 1005//1658 1684//1658 1004//1658
f 1004//1659 1684//1659 1685//1659
f 1004//1660 1685//1660 1003//1660
f 1003//1661 1685//1661 1686//1661
f 1003//1662 1686//1662 1002//1662
f 1002//1663 1686//1663 1687//1663
f 1002//1664 1687//1664 1001//1664
f 1001//1665 1687//1665 1688//1665
f 1001//1666 1688//1666 1000//1666
f 1000//1667 1688//1667 1689//1667
f 1000//1668 1689//1668 999//1668
f 999//1669 1689//1669 989//1669
f 989//1670 1689//1670 1690//1670
f 989//1671 1690//1671 990//1671
f 990//1672 1690//1672 1691//1672
f 990//1673 1691//1673 992//1673
f 992//1674 1691//1674 1692//1674
f 992//1675 1692//1675 994//1675
f 994//1676 1692//1676 1693//1676
f 994//1677 1693//1677 995//1677
f 995//1678 1693//1678 1694//1678
f 995//1679 1694//1679 996//1679
f 996//1680 1694//1680 1695//1680
f 996//1681 1695//1681 988//1681
f 988//1682 1695//1682 987//1682
f 987//1683 1695//1683 1696//1683
f 987//1684 1696//1684 986//1684
f 986//1685 1696//1685 1697//1685
f 986//1686 1697//1686 985//1686
f 985//1687 1697//1687 1698//1687
f 985//1688 1698//1688 984//1688
f 984//1689 1698//1689 1699//1689
f 984//1690 1699//1690 983//1690
f 983//1691 1699//1691 1700//1691
f 983//1692 1700//1692 982//1692
f 982//1693 1700//1693 1701//1693
f 982//1694 1701//1694 981//1694
f 981//1695 1701//1695 1702//1695
f 981//1696 1702//1696 980//1696
f 980//1697 1702//1697 1573//1697
f 980//1698 1573//1698 963//1698
f 1067//1699 1068//1699 1076//1699
f 1353//1174 1659//1174 1351//1174
f 1351//1174 1659//1174 1658//1174
f 1351//1174 1658//1174 1657//1174
f 1659//1174 1353//1174 1660//1174
f 1660//1174 1353//1174 1355//1174
f 1660//1174 1355//1174 1661//1174
f 1661//1174 1355//1174 1357//1174
f 1661//1174 1357//1174 1662//1174
f 1662//1174 1357//1174 1359//1174
f 1662//1174 1359//1174 1663//1174
f 1663//1174 1359//1174 1361//1174
f 1663//1174 1361//1174 1664//1174
f 1664//1174 1361//1174 1363//1174
f 1664//1174 1363//1174 1665//1174
f 1665//1174 1363//1174 1365//1174
f 1665//1174 1365//1174 1666//1174
f 1666//1174 1365//1174 1367//1174
f 1666//1174 1367//1174 1667//1174
f 1667//1174 1367//1174 1369//1174
f 1667//1174 1369//1174 1668//1174
f 1668//1174 1369//1174 1371//1174
f 1668//1174 1371//1174 1669//1174
f 1669//1174 1371//1174 1373//1174
f 1669//1174 1373//1174 1670//1174
f 1670//1174 1373//1174 1671//1174
f 1671//1174 1373//1174 1375//1174
f 1671//1174 1375//1174 1672//1174
f 1672//1174 1375//1174 1377//1174
f 1672//1174 1377//1174 1673//1174
f 1673//1174 1377//1174 1379//1174
f 1673//1174 1379//1174 1674//1174
f 1674//1174 1379//1174 1381//1174
f 1674//1174 1381//1174 1675//1174
f 1675//1174 1381//1174 1383//1174
f 1675//1174 1383//1174 1676//1174
f 1676//1174 1383//1174 1385//1174
f 1676//1174 1385//1174 1677//1174
f 1677//1174 1385//1174 1387//1174
f 1677//1174 1387//1174 1678//1174
f 1678//1174 1387//1174 1389//1174
f 1678//1174 1389//1174 1679//1174
f 1679//1174 1389//1174 1391//1174
f 1679//1174 1391//1174 1680//1174
f 1680//1174 1391//1174 1393//1174
f 1680//1174 1393//1174 1681//1174
f 1681//1174 1393//1174 1395//1174
f 1681//1174 1395//1174 1682//1174
f 1682//1174 1395//1174 1683//1174
f 1683//1174 1395//1174 1397//1174
f 1683//1174 1397//1174 1684//1174
f 1684//1174 1397//1174 1399//1174
f 1684//1174 1399//1174 1685//1174
f 1685//1174 1399//1174 1401//1174
f 1685//1174 1401//1174 1686//1174
f 1686//1174 1401//1174 1403//1174
f 1686//1174 1403//1174 1687//1174
f 1687//1174 1403//1174 1405//1174
f 1687//1174 1405//1174 1688//1174
f 1688//1174 1405//1174 1407//1174
f 1688//1174 1407//1174 1689//1174
f 1689//1174 1407//1174 1409//1174
f 1689//1174 1409//1174 1690//1174
f 1690//1174 1409//1174 1411//1174
f 1690//1174 1411//1174 1691//1174
f 1691//1174 1411//1174 1413//1174
f 1691//1174 1413//1174 1692//1174
f 1692//1174 1413//1174 1415//1174
f 1692//1174 1415//1174 1693//1174
f 1693//1174 1415//1174 1417//1174
f 1693//1174 1417//1174 1694//1174
f 1694//1174 1417//1174 1419//1174
f 1694//1174 1419//1174 1695//1174
f 1695//1174 1419//1174 1696//1174
f 1696//1174 1419//1174 1421//1174
f 1696//1174 1421//1174 1697//1174
f 1697//1174 1421//1174 1423//1174
f 1697//1174 1423//1174 1698//1174
f 1698//1174 1423//1174 1425//1174
f 1698//1174 1425//1174 1699//1174
f 1699//1174 1425//1174 1427//1174
f 1699//1174 1427//1174 1700//1174
f 1700//1174 1427//1174 1429//1174
f 1700//1174 1429//1174 1701//1174
f 1701//1174 1429//1174 1431//1174
f 1701//1174 1431//1174 1702//1174
f 1702//1174 1431//1174 1433//1174
f 1702//1174 1433//1174 1573//1174
f 1573//1174 1433//1174 1435//1174
f 1573//1174 1435//1174 1574//1174
f 1574//1174 1435//1174 1437//1174
f 1574//1174 1437//1174 1575//1174
f 1575//1174 1437//1174 1439//1174
f 1575//1174 1439//1174 1576//1174
f 1576//1174 1439//1174 1441//1174
f 1576//1174 1441//1174 1577//1174
f 1577//1174 1441//1174 1578//1174
f 1578//1174 1441//1174 1443//1174
f 1578//1174 1443//1174 1579//1174
f 1579//1174 1443//1174 1445//1174
f 1579//1174 1445//1174 1580//1174
f 1580//1174 1445//1174 1447//1174
f 1580//1174 1447//1174 1581//1174
f 1581//1174 1447//1174 1449//1174
f 1581//1174 1449//1174 1582//1174
f 1582//1174 1449//1174 1451//1174
f 1582//1174 1451//1174 1583//1174
f 1583//1174 1451//1174 1453//1174
f 1583//1174 1453//1174 1584//1174
f 1584//1174 1453//1174 1455//1174
f 1584//1174 1455//1174 1585//1174
f 1585//1174 1455//1174 1457//1174
f 1585//1174 1457//1174 1586//1174
f 1586//1174 1457//1174 1459//1174
f 1586//1174 1459//1174 1587//1174
f 1587//1174 1459//1174 1461//1174
f 1587//1174 1461//1174 1588//1174
f 1588//1174 1461//1174 1463//1174
f 1588//1174 1463//1174 1589//1174
f 1589//1174 1463//1174 1590//1174
f 1590//1174 1463//1174 1465//1174
f 1590//1174 1465//1174 1591//1174
f 1591//1174 1465//1174 1467//1174
f 1591//1174 1467//1174 1592//1174
f 1592//1174 1467//1174 1469//1174
f 1592//1174 1469//1174 1594//1174
f 1594//1174 1469//1174 1471//1174
f 1594//1174 1471//1174 1596//1174
f 1596//1174 1471//1174 1473//1174
f 1596//1174 1473//1174 1598//1174
f 1598//1174 1473//1174 1475//1174
f 1598//1174 1475//1174 1600//1174
f 1600//1174 1475//1174 1477//1174
f 1600//1174 1477//1174 1602//1174
f 1602//1174 1477//1174 1479//1174
f 1602//1174 1479//1174 1604//1174
f 1604//1174 1479//1174 1481//1174
f 1604//1174 1481//1174 1606//1174
f 1606//1174 1481//1174 1483//1174
f 1606//1174 1483//1174 1608//1174
f 1608//1174 1483//1174 1485//1174
f 1608//1174 1485//1174 1609//1174
f 1609//1174 1485//1174 1610//1174
f 1610//1174 1485//1174 1487//1174
f 1610//1174 1487//1174 1611//1174
f 1611//1174 1487//1174 1489//1174
f 1611//1174 1489//1174 1612//1174
f 1612//1174 1489//1174 1491//1174
f 1612//1174 1491//1174 1613//1174
f 1613//1174 1491//1174 1493//1174
f 1613//1174 1493//1174 1614//1174
f 1614//1174 1493//1174 1495//1174
f 1614//1174 1495//1174 1615//1174
f 1615//1174 1495//1174 1497//1174
f 1615//1174 1497//1174 1616//1174
f 1616//1174 1497//1174 1499//1174
f 1616//1174 1499//1174 1617//1174
f 1617//1174 1499//1174 1501//1174
f 1617//1174 1501//1174 1618//1174
f 1618//1174 1501//1174 1503//1174
f 1618//1174 1503//1174 1619//1174
f 1619//1174 1503//1174 1505//1174
f 1619//1174 1505//1174 1620//1174
f 1620//1174 1505//1174 1507//1174
f 1620//1174 1507//1174 1621//1174
f 1621//1174 1507//1174 1622//1174
f 1622//1174 1507//1174 1509//1174
f 1622//1174 1509//1174 1623//1174
f 1623//1174 1509//1174 1511//1174
f 1623//1174 1511//1174 1624//1174
f 1624//1174 1511//1174 1513//1174
f 1624//1174 1513//1174 1625//1174
f 1625//1174 1513//1174 1515//1174
f 1625//1174 1515//1174 1626//1174
f 1626//1174 1515//1174 1517//1174
f 1626//1174 1517//1174 1627//1174
f 1627//1174 1517//1174 1519//1174
f 1627//1174 1519//1174 1628//1174
f 1628//1174 1519//1174 1521//1174
f 1628//1174 1521//1174 1629//1174
f 1629//1174 1521//1174 1523//1174
f 1629//1174 1523//1174 1630//1174
f 1630//1174 1523//1174 1525//1174
f 1630//1174 1525//1174 1631//1174
f 1631//1174 1525//1174 1527//1174
f 1631//1174 1527//1174 1632//1174
f 1632//1174 1527//1174 1529//1174
f 1632//1174 1529//1174 1633//1174
f 1633//1174 1529//1174 1531//1174
f 1633//1174 1531//1174 1634//1174
f 1634//1174 1531//1174 1635//1174
f 1635//1174 1531//1174 1533//1174
f 1635//1174 1533//1174 1636//1174
f 1636//1174 1533//1174 1535//1174
f 1636//1174 1535//1174 1637//1174
f 1637//1174 1535//1174 1537//1174
f 1637//1174 1537//1174 1638//1174
f 1638//1174 1537//1174 1539//1174
f 1638//1174 1539//1174 1639//1174
f 1639//1174 1539//1174 1541//1174
f 1639//1174 1541//1174 1640//1174
f 1640//1174 1541//1174 1543//1174
f 1640//1174 1543//1174 1641//1174
f 1641//1174 1543//1174 1545//1174
f 1641//1174 1545//1174 1642//1174
f 1642//1174 1545//1174 1547//1174
f 1642//1174 1547//1174 1643//1174
f 1643//1174 1547//1174 1549//1174
f 1643//1174 1549//1174 1644//1174
f 1644//1174 1549//1174 1551//1174
f 1644//1174 1551//1174 1645//1174
f 1645//1174 1551//1174 1553//1174
f 1645//1174 1553//1174 1646//1174
f 1646//1174 1553//1174 1647//1174
f 1647//1174 1553//1174 1555//1174
f 1647//1174 1555//1174 1648//1174
f 1648//1174 1555//1174 1557//1174
f 1648//1174 1557//1174 1649//1174
f 1649//1174 1557//1174 1559//1174
f 1649//1174 1559//1174 1650//1174
f 1650//1174 1559//1174 1561//1174
f 1650//1174 1561//1174 1651//1174
f 1651//1174 1561//1174 1563//1174
f 1651//1174 1563//1174 1652//1174
f 1652//1174 1563//1174 1565//1174
f 1652//1174 1565//1174 1653//1174
f 1653//1174 1565//1174 1567//1174
f 1653//1174 1567//1174 1654//1174
f 1654//1174 1567//1174 1569//1174
f 1654//1174 1569//1174 1655//1174
f 1655//1174 1569//1174 1571//1174
f 1655//1174 1571//1174 1656//1174
f 1656//1174 1571//1174 1349//1174
f 1656//1174 1349//1174 1657//1174
f 1657//1174 1349//1174 1351//1174
f 1109//1173 964//1173 1607//1173
f 1607//1173 964//1173 1605//1173
f 1605//1173 964//1173 1603//1173
f 1603//1173 964//1173 1601//1173
f 1601//1173 964//1173 1599//1173
f 1599//1173 964//1173 970//1173
f 1599//1173 970//1173 1597//1173
f 1597//1173 970//1173 969//1173
f 1597//1173 969//1173 1595//1173
f 1595//1173 969//1173 968//1173
f 1595//1173 968//1173 1593//1173
f 1593//1173 968//1173 1130//1173
