# Blender 4.3.2
# www.blender.org
mtllib mixer_4blade_r25mm.mtl
o Cylinder_Cylinder.001
v 0.004127 0.007500 0.000406
v 0.004087 0.000000 0.000813
v 0.004127 0.000000 0.000406
v 0.003968 0.007500 0.001204
v 0.003850 0.000000 0.001595
v 0.003968 0.000000 0.001204
v 0.003657 0.007500 0.001955
v 0.003464 0.000000 0.002315
v 0.003657 0.000000 0.001955
v 0.003205 0.007500 0.002631
v 0.002946 0.000000 0.002946
v 0.003205 0.000000 0.002631
v 0.002631 0.007500 0.003205
v 0.002315 0.000000 0.003464
v 0.002631 0.000000 0.003205
v 0.001955 0.007500 0.003657
v 0.001595 0.000000 0.003850
v 0.001955 0.000000 0.003657
v 0.001204 0.007500 0.003968
v 0.000813 0.000000 0.004087
v 0.001204 0.000000 0.003968
v 0.000406 0.007500 0.004127
v 0.000000 0.000000 0.004167
v 0.000406 0.000000 0.004127
v -0.000406 0.007500 0.004127
v -0.000813 0.000000 0.004087
v -0.000406 0.000000 0.004127
v -0.001204 0.007500 0.003968
v -0.001595 0.000000 0.003850
v -0.001204 0.000000 0.003968
v -0.001955 0.007500 0.003657
v -0.002315 0.000000 0.003464
v -0.001955 0.000000 0.003657
v -0.002631 0.007500 0.003205
v -0.002946 0.000000 0.002946
v -0.002631 0.000000 0.003205
v -0.003205 0.007500 0.002631
v -0.003464 0.000000 0.002315
v -0.003205 0.000000 0.002631
v -0.003657 0.007500 0.001955
v -0.003850 0.000000 0.001595
v -0.003657 0.000000 0.001955
v -0.003968 0.007500 0.001204
v -0.004087 0.000000 0.000813
v -0.003968 0.000000 0.001204
v -0.004127 0.007500 0.000406
v -0.004167 0.000000 0.000000
v -0.004127 0.000000 0.000406
v -0.004127 0.007500 -0.000406
v -0.004087 0.000000 -0.000813
v -0.004127 0.000000 -0.000406
v -0.003968 0.007500 -0.001204
v -0.003850 0.000000 -0.001595
v -0.003968 0.000000 -0.001204
v -0.003657 0.007500 -0.001955
v -0.003464 0.000000 -0.002315
v -0.003657 0.000000 -0.001955
v -0.003205 0.007500 -0.002631
v -0.002946 0.000000 -0.002946
v -0.003205 0.000000 -0.002631
v -0.002631 0.007500 -0.003205
v -0.002315 0.000000 -0.003464
v -0.002631 0.000000 -0.003205
v -0.001955 0.007500 -0.003657
v -0.001595 0.000000 -0.003850
v -0.001955 0.000000 -0.003657
v -0.001204 0.007500 -0.003968
v -0.000813 0.000000 -0.004087
v -0.001204 0.000000 -0.003968
v -0.000406 0.007500 -0.004127
v 0.000000 0.000000 -0.004167
v -0.000406 0.000000 -0.004127
v 0.000406 0.007500 -0.004127
v 0.000813 0.000000 -0.004087
v 0.000406 0.000000 -0.004127
v 0.001204 0.007500 -0.003968
v 0.001595 0.000000 -0.003850
v 0.001204 0.000000 -0.003968
v 0.001955 0.007500 -0.003657
v 0.002315 0.000000 -0.003464
v 0.001955 0.000000 -0.003657
v 0.002631 0.007500 -0.003205
v 0.002946 0.000000 -0.002946
v 0.002631 0.000000 -0.003205
v 0.003205 0.007500 -0.002631
v 0.003464 0.000000 -0.002315
v 0.003205 0.000000 -0.002631
v 0.003657 0.007500 -0.001955
v 0.003850 0.000000 -0.001595
v 0.003657 0.000000 -0.001955
v 0.003968 0.007500 -0.001204
v 0.004087 0.000000 -0.000813
v 0.003968 0.000000 -0.001204
v 0.004127 0.007500 -0.000406
v 0.004167 0.000000 0.000000
v 0.004127 0.000000 -0.000406
v -0.004167 -0.007500 0.000000
v -0.004127 -0.007500 0.000000
v -0.004127 -0.007500 0.000406
v 0.003464 0.007500 0.002315
v 0.003431 0.007500 0.002293
v 0.004087 0.007500 0.000813
v 0.003285 0.007500 0.001422
v 0.004167 0.007500 0.000000
v 0.003253 0.007500 0.000516
v 0.004087 0.007500 -0.000813
v 0.003090 0.007500 -0.000428
v 0.002807 0.007500 -0.001361
v 0.003464 0.007500 -0.002315
v 0.002418 0.007500 -0.002236
v 0.002946 0.007500 -0.002946
v 0.001941 0.007500 -0.003008
v 0.002315 0.007500 -0.003464
v 0.001398 0.007500 -0.003636
v 0.001595 0.007500 -0.003850
v 0.001579 0.007500 -0.003813
v 0.002389 0.007500 0.002797
v 0.002315 0.007500 0.003464
v 0.003182 0.007500 0.002246
v 0.002351 0.007500 0.001958
v 0.002209 0.007500 0.000997
v 0.001973 0.007500 -0.000032
v 0.001658 0.007500 -0.001069
v 0.001283 0.007500 -0.002056
v 0.000867 0.007500 -0.002934
v 0.000813 0.007500 -0.004087
v 0.000432 0.007500 -0.003652
v 0.001498 0.007500 0.003225
v 0.001595 0.007500 0.003850
v 0.001321 0.007500 0.002399
v 0.001076 0.007500 0.001424
v 0.000778 0.007500 0.000359
v 0.000448 0.007500 -0.000731
v 0.000103 0.007500 -0.001782
v -0.000234 0.007500 -0.002729
v 0.000000 0.007500 -0.004167
v -0.000546 0.007500 -0.003514
v 0.000546 0.007500 0.003514
v 0.000813 0.007500 0.004087
v -0.000103 0.007500 0.001782
v 0.000234 0.007500 0.002729
v -0.000448 0.007500 0.000731
v -0.000778 0.007500 -0.000359
v -0.001076 0.007500 -0.001424
v -0.001321 0.007500 -0.002399
v -0.001595 0.007500 -0.003850
v -0.001498 0.007500 -0.003225
v 0.000000 0.007500 0.004167
v -0.000432 0.007500 0.003652
v -0.000867 0.007500 0.002934
v -0.001283 0.007500 0.002056
v -0.001973 0.007500 0.000032
v -0.001658 0.007500 0.001069
v -0.002209 0.007500 -0.000997
v -0.002351 0.007500 -0.001958
v -0.002388 0.007500 -0.002797
v -0.002315 0.007500 -0.003464
v -0.000813 0.007500 0.004087
v -0.001398 0.007500 0.003636
v -0.001941 0.007500 0.003008
v -0.002418 0.007500 0.002236
v -0.003090 0.007500 0.000428
v -0.002807 0.007500 0.001361
v -0.003253 0.007500 -0.000516
v -0.003285 0.007500 -0.001422
v -0.003182 0.007500 -0.002246
v -0.002946 0.007500 -0.002946
v -0.001579 0.007500 0.003813
v -0.001595 0.007500 0.003850
v -0.002315 0.007500 0.003464
v -0.002946 0.007500 0.002946
v -0.003464 0.007500 0.002315
v -0.004087 0.007500 0.000813
v -0.004167 0.007500 0.000000
v -0.004087 0.007500 -0.000813
v -0.003850 0.007500 -0.001595
v -0.003431 0.007500 -0.002293
v -0.003464 0.007500 -0.002315
v -0.003968 -0.007500 -0.001204
v -0.003850 -0.007500 -0.001595
v -0.003521 -0.007500 -0.000642
v -0.003657 -0.007500 -0.001955
v -0.003464 -0.007500 -0.002315
v -0.002991 -0.007500 -0.001378
v -0.003205 -0.007500 -0.002631
v -0.002946 -0.007500 -0.002946
v -0.002332 -0.007500 -0.002073
v -0.002631 -0.007500 -0.003205
v -0.001578 -0.007500 -0.002691
v -0.001595 -0.007500 -0.003850
v -0.000768 -0.007500 -0.003202
v -0.000813 -0.007500 -0.004087
v 0.000057 -0.007500 -0.003579
v 0.000000 -0.007500 -0.004167
v 0.000857 -0.007500 -0.003800
v 0.000813 -0.007500 -0.004087
v 0.000805 -0.007500 -0.004047
v 0.000406 -0.007500 -0.004127
v -0.003540 -0.007500 0.000998
v -0.003850 -0.007500 0.001595
v -0.003968 -0.007500 0.001204
v -0.003894 -0.007500 0.000100
v -0.003043 -0.007500 0.000322
v -0.002390 -0.007500 -0.000399
v -0.001623 -0.007500 -0.001123
v -0.000785 -0.007500 -0.001811
v 0.000075 -0.007500 -0.002422
v 0.000909 -0.007500 -0.002921
v 0.001595 -0.007500 -0.003850
v 0.001955 -0.007500 -0.003657
v 0.001670 -0.007500 -0.003277
v -0.003037 -0.007500 0.001849
v -0.003464 -0.007500 0.002315
v -0.003657 -0.007500 0.001955
v -0.002431 -0.007500 0.001261
v -0.001686 -0.007500 0.000586
v -0.000847 -0.007500 -0.000134
v 0.000034 -0.007500 -0.000857
v 0.000904 -0.007500 -0.001539
v 0.001711 -0.007500 -0.002139
v 0.002315 -0.007500 -0.003464
v 0.002631 -0.007500 -0.003205
v 0.002406 -0.007500 -0.002618
v -0.002406 -0.007500 0.002618
v -0.002946 -0.007500 0.002946
v -0.003205 -0.007500 0.002631
v -0.001711 -0.007500 0.002139
v -0.000904 -0.007500 0.001539
v -0.000034 -0.007500 0.000857
v 0.000847 -0.007500 0.000134
v 0.002431 -0.007500 -0.001261
v 0.001686 -0.007500 -0.000586
v 0.003037 -0.007500 -0.001849
v 0.003205 -0.007500 -0.002631
v 0.003464 -0.007500 -0.002315
v -0.002315 -0.007500 0.003464
v -0.002631 -0.007500 0.003205
v -0.001670 -0.007500 0.003277
v -0.000909 -0.007500 0.002921
v -0.000075 -0.007500 0.002422
v 0.001623 -0.007500 0.001123
v 0.000785 -0.007500 0.001811
v 0.002390 -0.007500 0.000399
v 0.003043 -0.007500 -0.000322
v 0.003540 -0.007500 -0.000998
v 0.003657 -0.007500 -0.001955
v 0.003850 -0.007500 -0.001595
v -0.001595 -0.007500 0.003850
v -0.001955 -0.007500 0.003657
v -0.000857 -0.007500 0.003800
v -0.000057 -0.007500 0.003579
v 0.000768 -0.007500 0.003202
v 0.001578 -0.007500 0.002691
v 0.002991 -0.007500 0.001378
v 0.002332 -0.007500 0.002073
v 0.003521 -0.007500 0.000642
v 0.003894 -0.007500 -0.000100
v 0.004087 -0.007500 -0.000813
v 0.003968 -0.007500 -0.001204
v -0.000805 -0.007500 0.004047
v -0.000813 -0.007500 0.004087
v -0.001204 -0.007500 0.003968
v 0.000406 -0.007500 0.004127
v 0.000000 -0.007500 0.004167
v 0.001204 -0.007500 0.003968
v 0.000813 -0.007500 0.004087
v 0.001955 -0.007500 0.003657
v 0.001595 -0.007500 0.003850
v 0.002946 -0.007500 0.002946
v 0.002631 -0.007500 0.003205
v 0.003205 -0.007500 0.002631
v 0.003464 -0.007500 0.002315
v 0.003657 -0.007500 0.001955
v 0.003850 -0.007500 0.001595
v 0.003968 -0.007500 0.001204
v 0.004087 -0.007500 0.000813
v 0.004127 -0.007500 0.000000
v 0.004167 -0.007500 0.000000
v 0.004127 -0.007500 0.000406
v 0.004127 -0.007500 -0.000406
v -0.000406 -0.007500 0.004127
v 0.001204 -0.007500 -0.003968
v -0.004127 -0.007500 -0.000406
v 0.003850 0.007500 -0.001595
v 0.002946 -0.007500 -0.002946
v -0.000406 -0.007500 -0.004127
v -0.000813 0.007500 -0.004087
v -0.001204 -0.007500 -0.003968
v -0.001955 -0.007500 -0.003657
v -0.002315 -0.007500 -0.003464
v -0.004087 -0.007500 -0.000813
v -0.004087 -0.007500 0.000813
v -0.003850 0.007500 0.001595
v 0.002315 -0.007500 0.003464
v 0.002946 0.007500 0.002946
v 0.003850 0.007500 0.001595
v 0.000912 -0.001303 0.012500
v 0.000472 0.000396 0.009375
v 0.000472 0.000396 0.012500
v 0.000912 -0.001303 0.009375
v 0.000472 0.000396 0.006250
v 0.000912 -0.001303 0.006250
v 0.000472 0.000396 0.003125
v 0.000912 -0.001303 0.003125
v 0.001352 -0.003002 0.012500
v 0.001352 -0.003002 0.009375
v 0.001352 -0.003002 0.006250
v 0.001352 -0.003002 0.003125
v 0.001793 -0.004702 0.012500
v 0.001793 -0.004702 0.009375
v 0.001793 -0.004702 0.006250
v 0.001793 -0.004702 0.003125
v 0.002233 -0.006401 0.012500
v 0.002233 -0.006401 0.009375
v 0.002233 -0.006401 0.006250
v 0.002233 -0.006401 0.003125
v 0.000032 0.002096 0.012500
v 0.000032 0.002096 0.009375
v -0.000408 0.003795 0.012500
v -0.000408 0.003795 0.009375
v -0.000849 0.005494 0.012500
v -0.000849 0.005494 0.009375
v -0.001289 0.007194 0.012500
v 0.000032 0.002096 0.006250
v -0.000408 0.003795 0.006250
v -0.000849 0.005494 0.006250
v -0.001289 0.007194 0.009375
v 0.000032 0.002096 0.003125
v -0.000408 0.003795 0.003125
v -0.000849 0.005494 0.003125
v -0.001289 0.007194 0.006250
v -0.001289 0.007194 0.003125
v 0.000472 0.000396 0.015625
v 0.000032 0.002096 0.015625
v 0.000472 0.000396 0.018750
v 0.000032 0.002096 0.018750
v 0.000472 0.000396 0.021875
v 0.000032 0.002096 0.021875
v 0.000472 0.000396 0.025000
v -0.000408 0.003795 0.015625
v -0.000408 0.003795 0.018750
v -0.000408 0.003795 0.021875
v 0.000032 0.002096 0.025000
v -0.000849 0.005494 0.015625
v -0.000849 0.005494 0.018750
v -0.000849 0.005494 0.021875
v -0.000408 0.003795 0.025000
v -0.001289 0.007194 0.015625
v -0.001289 0.007194 0.018750
v -0.001289 0.007194 0.021875
v -0.000849 0.005494 0.025000
v 0.000912 -0.001303 0.015625
v 0.001352 -0.003002 0.015625
v 0.001793 -0.004702 0.015625
v 0.000912 -0.001303 0.018750
v 0.001352 -0.003002 0.018750
v 0.001793 -0.004702 0.018750
v 0.002233 -0.006401 0.015625
v 0.000912 -0.001303 0.021875
v 0.001352 -0.003002 0.021875
v 0.001793 -0.004702 0.021875
v 0.002233 -0.006401 0.018750
v 0.000912 -0.001303 0.025000
v 0.001352 -0.003002 0.025000
v 0.001793 -0.004702 0.025000
v 0.002233 -0.006401 0.021875
v 0.000440 -0.001699 0.025000
v 0.000118 0.000099 0.025000
v 0.000000 0.000000 0.025000
v 0.000558 -0.001600 0.025000
v 0.000236 0.000198 0.025000
v 0.000676 -0.001501 0.025000
v 0.000354 0.000297 0.025000
v 0.000794 -0.001402 0.025000
v 0.000880 -0.003399 0.025000
v 0.000998 -0.003300 0.025000
v 0.001116 -0.003201 0.025000
v 0.001234 -0.003101 0.025000
v 0.001321 -0.005098 0.025000
v 0.001439 -0.004999 0.025000
v 0.001557 -0.004900 0.025000
v 0.001675 -0.004801 0.025000
v 0.001761 -0.006797 0.025000
v 0.001879 -0.006698 0.025000
v 0.001997 -0.006599 0.025000
v 0.002115 -0.006500 0.025000
v -0.000440 0.001699 0.025000
v -0.000322 0.001798 0.025000
v -0.000880 0.003399 0.025000
v -0.000762 0.003498 0.025000
v -0.001321 0.005098 0.025000
v -0.001203 0.005197 0.025000
v -0.001761 0.006797 0.025000
v -0.000204 0.001897 0.025000
v -0.000644 0.003597 0.025000
v -0.001085 0.005296 0.025000
v -0.001643 0.006896 0.025000
v -0.000086 0.001996 0.025000
v -0.000526 0.003696 0.025000
v -0.000967 0.005395 0.025000
v -0.001525 0.006995 0.025000
v -0.001407 0.007094 0.025000
v -0.000118 -0.000099 0.025000
v -0.000558 0.001600 0.025000
v -0.000236 -0.000198 0.025000
v -0.000676 0.001501 0.025000
v -0.000354 -0.000297 0.025000
v -0.000794 0.001402 0.025000
v -0.000472 -0.000396 0.025000
v -0.000998 0.003300 0.025000
v -0.001116 0.003201 0.025000
v -0.001234 0.003101 0.025000
v -0.000912 0.001303 0.025000
v -0.001439 0.004999 0.025000
v -0.001557 0.004900 0.025000
v -0.001675 0.004801 0.025000
v -0.001352 0.003002 0.025000
v -0.001879 0.006698 0.025000
v -0.001997 0.006599 0.025000
v -0.002115 0.006500 0.025000
v -0.001793 0.004702 0.025000
v 0.000322 -0.001798 0.025000
v 0.000762 -0.003498 0.025000
v 0.001203 -0.005197 0.025000
v 0.000204 -0.001897 0.025000
v 0.000644 -0.003597 0.025000
v 0.001085 -0.005296 0.025000
v 0.001643 -0.006896 0.025000
v 0.000086 -0.001996 0.025000
v 0.000526 -0.003696 0.025000
v 0.000967 -0.005395 0.025000
v 0.001525 -0.006995 0.025000
v -0.000032 -0.002096 0.025000
v 0.000408 -0.003795 0.025000
v 0.000849 -0.005494 0.025000
v 0.001407 -0.007094 0.025000
v -0.000032 -0.002096 0.012500
v -0.000472 -0.000396 0.015625
v -0.000472 -0.000396 0.012500
v -0.000032 -0.002096 0.015625
v -0.000472 -0.000396 0.018750
v -0.000032 -0.002096 0.018750
v -0.000472 -0.000396 0.021875
v -0.000032 -0.002096 0.021875
v 0.000408 -0.003795 0.012500
v 0.000408 -0.003795 0.015625
v 0.000408 -0.003795 0.018750
v 0.000408 -0.003795 0.021875
v 0.000849 -0.005494 0.012500
v 0.000849 -0.005494 0.015625
v 0.000849 -0.005494 0.018750
v 0.000849 -0.005494 0.021875
v 0.001289 -0.007194 0.012500
v 0.001289 -0.007194 0.015625
v 0.001289 -0.007194 0.018750
v 0.001289 -0.007194 0.021875
v -0.000912 0.001303 0.012500
v -0.000912 0.001303 0.015625
v -0.001352 0.003002 0.012500
v -0.001352 0.003002 0.015625
v -0.001793 0.004702 0.012500
v -0.001793 0.004702 0.015625
v -0.002233 0.006401 0.012500
v -0.000912 0.001303 0.018750
v -0.001352 0.003002 0.018750
v -0.001793 0.004702 0.018750
v -0.002233 0.006401 0.015625
v -0.000912 0.001303 0.021875
v -0.001352 0.003002 0.021875
v -0.001793 0.004702 0.021875
v -0.002233 0.006401 0.018750
v -0.002233 0.006401 0.021875
v -0.000472 -0.000396 0.009375
v -0.000912 0.001303 0.009375
v -0.000472 -0.000396 0.006250
v -0.000912 0.001303 0.006250
v -0.000472 -0.000396 0.003125
v -0.000912 0.001303 0.003125
v -0.001352 0.003002 0.009375
v -0.001352 0.003002 0.006250
v -0.001352 0.003002 0.003125
v -0.001793 0.004702 0.009375
v -0.001793 0.004702 0.006250
v -0.001793 0.004702 0.003125
v -0.002233 0.006401 0.009375
v -0.002233 0.006401 0.006250
v -0.002233 0.006401 0.003125
v -0.000032 -0.002096 0.009375
v 0.000408 -0.003795 0.009375
v 0.000849 -0.005494 0.009375
v -0.000032 -0.002096 0.006250
v 0.000408 -0.003795 0.006250
v 0.000849 -0.005494 0.006250
v 0.001289 -0.007194 0.009375
v -0.000032 -0.002096 0.003125
v 0.000408 -0.003795 0.003125
v 0.000849 -0.005494 0.003125
v 0.001289 -0.007194 0.006250
v 0.001289 -0.007194 0.003125
v 0.001761 -0.006797 0.009375
v 0.001879 -0.006698 0.012500
v 0.001761 -0.006797 0.012500
v 0.001879 -0.006698 0.009375
v 0.001997 -0.006599 0.012500
v 0.001997 -0.006599 0.009375
v 0.002115 -0.006500 0.012500
v 0.002115 -0.006500 0.009375
v 0.001761 -0.006797 0.006250
v 0.001879 -0.006698 0.006250
v 0.001997 -0.006599 0.006250
v 0.002115 -0.006500 0.006250
v 0.001761 -0.006797 0.003125
v 0.001879 -0.006698 0.003125
v 0.001997 -0.006599 0.003125
v 0.002115 -0.006500 0.003125
v 0.001761 -0.006797 0.015625
v 0.001879 -0.006698 0.015625
v 0.001761 -0.006797 0.018750
v 0.001879 -0.006698 0.018750
v 0.001761 -0.006797 0.021875
v 0.001879 -0.006698 0.021875
v 0.001997 -0.006599 0.015625
v 0.001997 -0.006599 0.018750
v 0.001997 -0.006599 0.021875
v 0.002115 -0.006500 0.015625
v 0.002115 -0.006500 0.018750
v 0.002115 -0.006500 0.021875
v 0.001643 -0.006896 0.012500
v 0.001643 -0.006896 0.015625
v 0.001525 -0.006995 0.012500
v 0.001525 -0.006995 0.015625
v 0.001407 -0.007094 0.012500
v 0.001407 -0.007094 0.015625
v 0.001643 -0.006896 0.018750
v 0.001525 -0.006995 0.018750
v 0.001407 -0.007094 0.018750
v 0.001643 -0.006896 0.021875
v 0.001525 -0.006995 0.021875
v 0.001407 -0.007094 0.021875
v 0.001643 -0.006896 0.009375
v 0.001643 -0.006896 0.006250
v 0.001643 -0.006896 0.003125
v 0.001525 -0.006995 0.009375
v 0.001525 -0.006995 0.006250
v 0.001525 -0.006995 0.003125
v 0.001407 -0.007094 0.009375
v 0.001407 -0.007094 0.006250
v 0.001407 -0.007094 0.003125
v -0.001761 0.006797 0.015625
v -0.001643 0.006896 0.012500
v -0.001761 0.006797 0.012500
v -0.001643 0.006896 0.015625
v -0.001525 0.006995 0.012500
v -0.001525 0.006995 0.015625
v -0.001407 0.007094 0.012500
v -0.001407 0.007094 0.015625
v -0.001761 0.006797 0.018750
v -0.001643 0.006896 0.018750
v -0.001525 0.006995 0.018750
v -0.001407 0.007094 0.018750
v -0.001761 0.006797 0.021875
v -0.001643 0.006896 0.021875
v -0.001525 0.006995 0.021875
v -0.001407 0.007094 0.021875
v -0.001761 0.006797 0.009375
v -0.001643 0.006896 0.009375
v -0.001761 0.006797 0.006250
v -0.001643 0.006896 0.006250
v -0.001761 0.006797 0.003125
v -0.001643 0.006896 0.003125
v -0.001525 0.006995 0.009375
v -0.001525 0.006995 0.006250
v -0.001525 0.006995 0.003125
v -0.001407 0.007094 0.009375
v -0.001407 0.007094 0.006250
v -0.001407 0.007094 0.003125
v -0.001879 0.006698 0.012500
v -0.001879 0.006698 0.009375
v -0.001997 0.006599 0.012500
v -0.001997 0.006599 0.009375
v -0.002115 0.006500 0.012500
v -0.002115 0.006500 0.009375
v -0.001879 0.006698 0.006250
v -0.001997 0.006599 0.006250
v -0.002115 0.006500 0.006250
v -0.001879 0.006698 0.003125
v -0.001997 0.006599 0.003125
v -0.002115 0.006500 0.003125
v -0.001879 0.006698 0.015625
v -0.001879 0.006698 0.018750
v -0.001879 0.006698 0.021875
v -0.001997 0.006599 0.015625
v -0.001997 0.006599 0.018750
v -0.001997 0.006599 0.021875
v -0.002115 0.006500 0.015625
v -0.002115 0.006500 0.018750
v -0.002115 0.006500 0.021875
v -0.001289 0.007194 0.025000
v 0.002233 -0.006401 0.025000
v -0.002233 0.006401 0.025000
v 0.001289 -0.007194 0.025000
v -0.012500 -0.001303 0.000912
v -0.009375 0.000396 0.000472
v -0.012500 0.000396 0.000472
v -0.009375 -0.001303 0.000912
v -0.006250 0.000396 0.000472
v -0.006250 -0.001303 0.000912
v -0.003125 0.000396 0.000472
v -0.003125 -0.001303 0.000912
v -0.012500 -0.003002 0.001352
v -0.009375 -0.003002 0.001352
v -0.006250 -0.003002 0.001352
v -0.003125 -0.003002 0.001352
v -0.012500 -0.004702 0.001793
v -0.009375 -0.004702 0.001793
v -0.006250 -0.004702 0.001793
v -0.003125 -0.004702 0.001793
v -0.012500 -0.006401 0.002233
v -0.009375 -0.006401 0.002233
v -0.006250 -0.006401 0.002233
v -0.003125 -0.006401 0.002233
v -0.012500 0.002096 0.000032
v -0.009375 0.002096 0.000032
v -0.012500 0.003795 -0.000408
v -0.009375 0.003795 -0.000408
v -0.012500 0.005494 -0.000849
v -0.009375 0.005494 -0.000849
v -0.012500 0.007194 -0.001289
v -0.006250 0.002096 0.000032
v -0.006250 0.003795 -0.000408
v -0.006250 0.005494 -0.000849
v -0.009375 0.007194 -0.001289
v -0.003125 0.002096 0.000032
v -0.003125 0.003795 -0.000408
v -0.003125 0.005494 -0.000849
v -0.006250 0.007194 -0.001289
v -0.003125 0.007194 -0.001289
v -0.015625 0.000396 0.000472
v -0.015625 0.002096 0.000032
v -0.018750 0.000396 0.000472
v -0.018750 0.002096 0.000032
v -0.021875 0.000396 0.000472
v -0.021875 0.002096 0.000032
v -0.025000 0.000396 0.000472
v -0.015625 0.003795 -0.000408
v -0.018750 0.003795 -0.000408
v -0.021875 0.003795 -0.000408
v -0.025000 0.002096 0.000032
v -0.015625 0.005494 -0.000849
v -0.018750 0.005494 -0.000849
v -0.021875 0.005494 -0.000849
v -0.025000 0.003795 -0.000408
v -0.015625 0.007194 -0.001289
v -0.018750 0.007194 -0.001289
v -0.021875 0.007194 -0.001289
v -0.025000 0.005494 -0.000849
v -0.015625 -0.001303 0.000912
v -0.015625 -0.003002 0.001352
v -0.015625 -0.004702 0.001793
v -0.018750 -0.001303 0.000912
v -0.018750 -0.003002 0.001352
v -0.018750 -0.004702 0.001793
v -0.015625 -0.006401 0.002233
v -0.021875 -0.001303 0.000912
v -0.021875 -0.003002 0.001352
v -0.021875 -0.004702 0.001793
v -0.018750 -0.006401 0.002233
v -0.025000 -0.001303 0.000912
v -0.025000 -0.003002 0.001352
v -0.025000 -0.004702 0.001793
v -0.021875 -0.006401 0.002233
v -0.025000 -0.001699 0.000440
v -0.025000 0.000099 0.000118
v -0.025000 0.000000 0.000000
v -0.025000 -0.001600 0.000558
v -0.025000 0.000198 0.000236
v -0.025000 -0.001501 0.000676
v -0.025000 0.000297 0.000354
v -0.025000 -0.001402 0.000794
v -0.025000 -0.003399 0.000880
v -0.025000 -0.003300 0.000998
v -0.025000 -0.003201 0.001116
v -0.025000 -0.003101 0.001234
v -0.025000 -0.005098 0.001321
v -0.025000 -0.004999 0.001439
v -0.025000 -0.004900 0.001557
v -0.025000 -0.004801 0.001675
v -0.025000 -0.006797 0.001761
v -0.025000 -0.006698 0.001879
v -0.025000 -0.006599 0.001997
v -0.025000 -0.006500 0.002115
v -0.025000 0.001699 -0.000440
v -0.025000 0.001798 -0.000322
v -0.025000 0.003399 -0.000880
v -0.025000 0.003498 -0.000762
v -0.025000 0.005098 -0.001321
v -0.025000 0.005197 -0.001203
v -0.025000 0.006797 -0.001761
v -0.025000 0.001897 -0.000204
v -0.025000 0.003597 -0.000644
v -0.025000 0.005296 -0.001085
v -0.025000 0.006896 -0.001643
v -0.025000 0.001996 -0.000086
v -0.025000 0.003696 -0.000526
v -0.025000 0.005395 -0.000967
v -0.025000 0.006995 -0.001525
v -0.025000 0.007094 -0.001407
v -0.025000 -0.000099 -0.000118
v -0.025000 0.001600 -0.000558
v -0.025000 -0.000198 -0.000236
v -0.025000 0.001501 -0.000676
v -0.025000 -0.000297 -0.000354
v -0.025000 0.001402 -0.000794
v -0.025000 -0.000396 -0.000472
v -0.025000 0.003300 -0.000998
v -0.025000 0.003201 -0.001116
v -0.025000 0.003101 -0.001234
v -0.025000 0.001303 -0.000912
v -0.025000 0.004999 -0.001439
v -0.025000 0.004900 -0.001557
v -0.025000 0.004801 -0.001675
v -0.025000 0.003002 -0.001352
v -0.025000 0.006698 -0.001879
v -0.025000 0.006599 -0.001997
v -0.025000 0.006500 -0.002115
v -0.025000 0.004702 -0.001793
v -0.025000 -0.001798 0.000322
v -0.025000 -0.003498 0.000762
v -0.025000 -0.005197 0.001203
v -0.025000 -0.001897 0.000204
v -0.025000 -0.003597 0.000644
v -0.025000 -0.005296 0.001085
v -0.025000 -0.006896 0.001643
v -0.025000 -0.001996 0.000086
v -0.025000 -0.003696 0.000526
v -0.025000 -0.005395 0.000967
v -0.025000 -0.006995 0.001525
v -0.025000 -0.002096 -0.000032
v -0.025000 -0.003795 0.000408
v -0.025000 -0.005494 0.000849
v -0.025000 -0.007094 0.001407
v -0.012500 -0.002096 -0.000032
v -0.015625 -0.000396 -0.000472
v -0.012500 -0.000396 -0.000472
v -0.015625 -0.002096 -0.000032
v -0.018750 -0.000396 -0.000472
v -0.018750 -0.002096 -0.000032
v -0.021875 -0.000396 -0.000472
v -0.021875 -0.002096 -0.000032
v -0.012500 -0.003795 0.000408
v -0.015625 -0.003795 0.000408
v -0.018750 -0.003795 0.000408
v -0.021875 -0.003795 0.000408
v -0.012500 -0.005494 0.000849
v -0.015625 -0.005494 0.000849
v -0.018750 -0.005494 0.000849
v -0.021875 -0.005494 0.000849
v -0.012500 -0.007194 0.001289
v -0.015625 -0.007194 0.001289
v -0.018750 -0.007194 0.001289
v -0.021875 -0.007194 0.001289
v -0.012500 0.001303 -0.000912
v -0.015625 0.001303 -0.000912
v -0.012500 0.003002 -0.001352
v -0.015625 0.003002 -0.001352
v -0.012500 0.004702 -0.001793
v -0.015625 0.004702 -0.001793
v -0.012500 0.006401 -0.002233
v -0.018750 0.001303 -0.000912
v -0.018750 0.003002 -0.001352
v -0.018750 0.004702 -0.001793
v -0.015625 0.006401 -0.002233
v -0.021875 0.001303 -0.000912
v -0.021875 0.003002 -0.001352
v -0.021875 0.004702 -0.001793
v -0.018750 0.006401 -0.002233
v -0.021875 0.006401 -0.002233
v -0.009375 -0.000396 -0.000472
v -0.009375 0.001303 -0.000912
v -0.006250 -0.000396 -0.000472
v -0.006250 0.001303 -0.000912
v -0.003125 -0.000396 -0.000472
v -0.003125 0.001303 -0.000912
v -0.009375 0.003002 -0.001352
v -0.006250 0.003002 -0.001352
v -0.003125 0.003002 -0.001352
v -0.009375 0.004702 -0.001793
v -0.006250 0.004702 -0.001793
v -0.003125 0.004702 -0.001793
v -0.009375 0.006401 -0.002233
v -0.006250 0.006401 -0.002233
v -0.003125 0.006401 -0.002233
v -0.009375 -0.002096 -0.000032
v -0.009375 -0.003795 0.000408
v -0.009375 -0.005494 0.000849
v -0.006250 -0.002096 -0.000032
v -0.006250 -0.003795 0.000408
v -0.006250 -0.005494 0.000849
v -0.009375 -0.007194 0.001289
v -0.003125 -0.002096 -0.000032
v -0.003125 -0.003795 0.000408
v -0.003125 -0.005494 0.000849
v -0.006250 -0.007194 0.001289
v -0.003125 -0.007194 0.001289
v -0.009375 -0.006797 0.001761
v -0.012500 -0.006698 0.001879
v -0.012500 -0.006797 0.001761
v -0.009375 -0.006698 0.001879
v -0.012500 -0.006599 0.001997
v -0.009375 -0.006599 0.001997
v -0.012500 -0.006500 0.002115
v -0.009375 -0.006500 0.002115
v -0.006250 -0.006797 0.001761
v -0.006250 -0.006698 0.001879
v -0.006250 -0.006599 0.001997
v -0.006250 -0.006500 0.002115
v -0.003125 -0.006797 0.001761
v -0.003125 -0.006698 0.001879
v -0.003125 -0.006599 0.001997
v -0.003125 -0.006500 0.002115
v -0.015625 -0.006797 0.001761
v -0.015625 -0.006698 0.001879
v -0.018750 -0.006797 0.001761
v -0.018750 -0.006698 0.001879
v -0.021875 -0.006797 0.001761
v -0.021875 -0.006698 0.001879
v -0.015625 -0.006599 0.001997
v -0.018750 -0.006599 0.001997
v -0.021875 -0.006599 0.001997
v -0.015625 -0.006500 0.002115
v -0.018750 -0.006500 0.002115
v -0.021875 -0.006500 0.002115
v -0.012500 -0.006896 0.001643
v -0.015625 -0.006896 0.001643
v -0.012500 -0.006995 0.001525
v -0.015625 -0.006995 0.001525
v -0.012500 -0.007094 0.001407
v -0.015625 -0.007094 0.001407
v -0.018750 -0.006896 0.001643
v -0.018750 -0.006995 0.001525
v -0.018750 -0.007094 0.001407
v -0.021875 -0.006896 0.001643
v -0.021875 -0.006995 0.001525
v -0.021875 -0.007094 0.001407
v -0.009375 -0.006896 0.001643
v -0.006250 -0.006896 0.001643
v -0.003125 -0.006896 0.001643
v -0.009375 -0.006995 0.001525
v -0.006250 -0.006995 0.001525
v -0.003125 -0.006995 0.001525
v -0.009375 -0.007094 0.001407
v -0.006250 -0.007094 0.001407
v -0.003125 -0.007094 0.001407
v -0.015625 0.006797 -0.001761
v -0.012500 0.006896 -0.001643
v -0.012500 0.006797 -0.001761
v -0.015625 0.006896 -0.001643
v -0.012500 0.006995 -0.001525
v -0.015625 0.006995 -0.001525
v -0.012500 0.007094 -0.001407
v -0.015625 0.007094 -0.001407
v -0.018750 0.006797 -0.001761
v -0.018750 0.006896 -0.001643
v -0.018750 0.006995 -0.001525
v -0.018750 0.007094 -0.001407
v -0.021875 0.006797 -0.001761
v -0.021875 0.006896 -0.001643
v -0.021875 0.006995 -0.001525
v -0.021875 0.007094 -0.001407
v -0.009375 0.006797 -0.001761
v -0.009375 0.006896 -0.001643
v -0.006250 0.006797 -0.001761
v -0.006250 0.006896 -0.001643
v -0.003125 0.006797 -0.001761
v -0.003125 0.006896 -0.001643
v -0.009375 0.006995 -0.001525
v -0.006250 0.006995 -0.001525
v -0.003125 0.006995 -0.001525
v -0.009375 0.007094 -0.001407
v -0.006250 0.007094 -0.001407
v -0.003125 0.007094 -0.001407
v -0.012500 0.006698 -0.001879
v -0.009375 0.006698 -0.001879
v -0.012500 0.006599 -0.001997
v -0.009375 0.006599 -0.001997
v -0.012500 0.006500 -0.002115
v -0.009375 0.006500 -0.002115
v -0.006250 0.006698 -0.001879
v -0.006250 0.006599 -0.001997
v -0.006250 0.006500 -0.002115
v -0.003125 0.006698 -0.001879
v -0.003125 0.006599 -0.001997
v -0.003125 0.006500 -0.002115
v -0.015625 0.006698 -0.001879
v -0.018750 0.006698 -0.001879
v -0.021875 0.006698 -0.001879
v -0.015625 0.006599 -0.001997
v -0.018750 0.006599 -0.001997
v -0.021875 0.006599 -0.001997
v -0.015625 0.006500 -0.002115
v -0.018750 0.006500 -0.002115
v -0.021875 0.006500 -0.002115
v -0.025000 0.007194 -0.001289
v -0.025000 -0.006401 0.002233
v -0.025000 0.006401 -0.002233
v -0.025000 -0.007194 0.001289
v 0.012500 -0.001303 -0.000912
v 0.009375 0.000396 -0.000472
v 0.012500 0.000396 -0.000472
v 0.009375 -0.001303 -0.000912
v 0.006250 0.000396 -0.000472
v 0.006250 -0.001303 -0.000912
v 0.003125 0.000396 -0.000472
v 0.003125 -0.001303 -0.000912
v 0.012500 -0.003002 -0.001352
v 0.009375 -0.003002 -0.001352
v 0.006250 -0.003002 -0.001352
v 0.003125 -0.003002 -0.001352
v 0.012500 -0.004702 -0.001793
v 0.009375 -0.004702 -0.001793
v 0.006250 -0.004702 -0.001793
v 0.003125 -0.004702 -0.001793
v 0.012500 -0.006401 -0.002233
v 0.009375 -0.006401 -0.002233
v 0.006250 -0.006401 -0.002233
v 0.003125 -0.006401 -0.002233
v 0.012500 0.002096 -0.000032
v 0.009375 0.002096 -0.000032
v 0.012500 0.003795 0.000408
v 0.009375 0.003795 0.000408
v 0.012500 0.005494 0.000849
v 0.009375 0.005494 0.000849
v 0.012500 0.007194 0.001289
v 0.006250 0.002096 -0.000032
v 0.006250 0.003795 0.000408
v 0.006250 0.005494 0.000849
v 0.009375 0.007194 0.001289
v 0.003125 0.002096 -0.000032
v 0.003125 0.003795 0.000408
v 0.003125 0.005494 0.000849
v 0.006250 0.007194 0.001289
v 0.003125 0.007194 0.001289
v 0.015625 0.000396 -0.000472
v 0.015625 0.002096 -0.000032
v 0.018750 0.000396 -0.000472
v 0.018750 0.002096 -0.000032
v 0.021875 0.000396 -0.000472
v 0.021875 0.002096 -0.000032
v 0.025000 0.000396 -0.000472
v 0.015625 0.003795 0.000408
v 0.018750 0.003795 0.000408
v 0.021875 0.003795 0.000408
v 0.025000 0.002096 -0.000032
v 0.015625 0.005494 0.000849
v 0.018750 0.005494 0.000849
v 0.021875 0.005494 0.000849
v 0.025000 0.003795 0.000408
v 0.015625 0.007194 0.001289
v 0.018750 0.007194 0.001289
v 0.021875 0.007194 0.001289
v 0.025000 0.005494 0.000849
v 0.015625 -0.001303 -0.000912
v 0.015625 -0.003002 -0.001352
v 0.015625 -0.004702 -0.001793
v 0.018750 -0.001303 -0.000912
v 0.018750 -0.003002 -0.001352
v 0.018750 -0.004702 -0.001793
v 0.015625 -0.006401 -0.002233
v 0.021875 -0.001303 -0.000912
v 0.021875 -0.003002 -0.001352
v 0.021875 -0.004702 -0.001793
v 0.018750 -0.006401 -0.002233
v 0.025000 -0.001303 -0.000912
v 0.025000 -0.003002 -0.001352
v 0.025000 -0.004702 -0.001793
v 0.021875 -0.006401 -0.002233
v 0.025000 -0.001699 -0.000440
v 0.025000 0.000099 -0.000118
v 0.025000 0.000000 0.000000
v 0.025000 -0.001600 -0.000558
v 0.025000 0.000198 -0.000236
v 0.025000 -0.001501 -0.000676
v 0.025000 0.000297 -0.000354
v 0.025000 -0.001402 -0.000794
v 0.025000 -0.003399 -0.000880
v 0.025000 -0.003300 -0.000998
v 0.025000 -0.003201 -0.001116
v 0.025000 -0.003101 -0.001234
v 0.025000 -0.005098 -0.001321
v 0.025000 -0.004999 -0.001439
v 0.025000 -0.004900 -0.001557
v 0.025000 -0.004801 -0.001675
v 0.025000 -0.006797 -0.001761
v 0.025000 -0.006698 -0.001879
v 0.025000 -0.006599 -0.001997
v 0.025000 -0.006500 -0.002115
v 0.025000 0.001699 0.000440
v 0.025000 0.001798 0.000322
v 0.025000 0.003399 0.000880
v 0.025000 0.003498 0.000762
v 0.025000 0.005098 0.001321
v 0.025000 0.005197 0.001203
v 0.025000 0.006797 0.001761
v 0.025000 0.001897 0.000204
v 0.025000 0.003597 0.000644
v 0.025000 0.005296 0.001085
v 0.025000 0.006896 0.001643
v 0.025000 0.001996 0.000086
v 0.025000 0.003696 0.000526
v 0.025000 0.005395 0.000967
v 0.025000 0.006995 0.001525
v 0.025000 0.007094 0.001407
v 0.025000 -0.000099 0.000118
v 0.025000 0.001600 0.000558
v 0.025000 -0.000198 0.000236
v 0.025000 0.001501 0.000676
v 0.025000 -0.000297 0.000354
v 0.025000 0.001402 0.000794
v 0.025000 -0.000396 0.000472
v 0.025000 0.003300 0.000998
v 0.025000 0.003201 0.001116
v 0.025000 0.003101 0.001234
v 0.025000 0.001303 0.000912
v 0.025000 0.004999 0.001439
v 0.025000 0.004900 0.001557
v 0.025000 0.004801 0.001675
v 0.025000 0.003002 0.001352
v 0.025000 0.006698 0.001879
v 0.025000 0.006599 0.001997
v 0.025000 0.006500 0.002115
v 0.025000 0.004702 0.001793
v 0.025000 -0.001798 -0.000322
v 0.025000 -0.003498 -0.000762
v 0.025000 -0.005197 -0.001203
v 0.025000 -0.001897 -0.000204
v 0.025000 -0.003597 -0.000644
v 0.025000 -0.005296 -0.001085
v 0.025000 -0.006896 -0.001643
v 0.025000 -0.001996 -0.000086
v 0.025000 -0.003696 -0.000526
v 0.025000 -0.005395 -0.000967
v 0.025000 -0.006995 -0.001525
v 0.025000 -0.002096 0.000032
v 0.025000 -0.003795 -0.000408
v 0.025000 -0.005494 -0.000849
v 0.025000 -0.007094 -0.001407
v 0.012500 -0.002096 0.000032
v 0.015625 -0.000396 0.000472
v 0.012500 -0.000396 0.000472
v 0.015625 -0.002096 0.000032
v 0.018750 -0.000396 0.000472
v 0.018750 -0.002096 0.000032
v 0.021875 -0.000396 0.000472
v 0.021875 -0.002096 0.000032
v 0.012500 -0.003795 -0.000408
v 0.015625 -0.003795 -0.000408
v 0.018750 -0.003795 -0.000408
v 0.021875 -0.003795 -0.000408
v 0.012500 -0.005494 -0.000849
v 0.015625 -0.005494 -0.000849
v 0.018750 -0.005494 -0.000849
v 0.021875 -0.005494 -0.000849
v 0.012500 -0.007194 -0.001289
v 0.015625 -0.007194 -0.001289
v 0.018750 -0.007194 -0.001289
v 0.021875 -0.007194 -0.001289
v 0.012500 0.001303 0.000912
v 0.015625 0.001303 0.000912
v 0.012500 0.003002 0.001352
v 0.015625 0.003002 0.001352
v 0.012500 0.004702 0.001793
v 0.015625 0.004702 0.001793
v 0.012500 0.006401 0.002233
v 0.018750 0.001303 0.000912
v 0.018750 0.003002 0.001352
v 0.018750 0.004702 0.001793
v 0.015625 0.006401 0.002233
v 0.021875 0.001303 0.000912
v 0.021875 0.003002 0.001352
v 0.021875 0.004702 0.001793
v 0.018750 0.006401 0.002233
v 0.021875 0.006401 0.002233
v 0.009375 -0.000396 0.000472
v 0.009375 0.001303 0.000912
v 0.006250 -0.000396 0.000472
v 0.006250 0.001303 0.000912
v 0.003125 -0.000396 0.000472
v 0.003125 0.001303 0.000912
v 0.009375 0.003002 0.001352
v 0.006250 0.003002 0.001352
v 0.003125 0.003002 0.001352
v 0.009375 0.004702 0.001793
v 0.006250 0.004702 0.001793
v 0.003125 0.004702 0.001793
v 0.009375 0.006401 0.002233
v 0.006250 0.006401 0.002233
v 0.003125 0.006401 0.002233
v 0.009375 -0.002096 0.000032
v 0.009375 -0.003795 -0.000408
v 0.009375 -0.005494 -0.000849
v 0.006250 -0.002096 0.000032
v 0.006250 -0.003795 -0.000408
v 0.006250 -0.005494 -0.000849
v 0.009375 -0.007194 -0.001289
v 0.003125 -0.002096 0.000032
v 0.003125 -0.003795 -0.000408
v 0.003125 -0.005494 -0.000849
v 0.006250 -0.007194 -0.001289
v 0.003125 -0.007194 -0.001289
v 0.009375 -0.006797 -0.001761
v 0.012500 -0.006698 -0.001879
v 0.012500 -0.006797 -0.001761
v 0.009375 -0.006698 -0.001879
v 0.012500 -0.006599 -0.001997
v 0.009375 -0.006599 -0.001997
v 0.012500 -0.006500 -0.002115
v 0.009375 -0.006500 -0.002115
v 0.006250 -0.006797 -0.001761
v 0.006250 -0.006698 -0.001879
v 0.006250 -0.006599 -0.001997
v 0.006250 -0.006500 -0.002115
v 0.003125 -0.006797 -0.001761
v 0.003125 -0.006698 -0.001879
v 0.003125 -0.006599 -0.001997
v 0.003125 -0.006500 -0.002115
v 0.015625 -0.006797 -0.001761
v 0.015625 -0.006698 -0.001879
v 0.018750 -0.006797 -0.001761
v 0.018750 -0.006698 -0.001879
v 0.021875 -0.006797 -0.001761
v 0.021875 -0.006698 -0.001879
v 0.015625 -0.006599 -0.001997
v 0.018750 -0.006599 -0.001997
v 0.021875 -0.006599 -0.001997
v 0.015625 -0.006500 -0.002115
v 0.018750 -0.006500 -0.002115
v 0.021875 -0.006500 -0.002115
v 0.012500 -0.006896 -0.001643
v 0.015625 -0.006896 -0.001643
v 0.012500 -0.006995 -0.001525
v 0.015625 -0.006995 -0.001525
v 0.012500 -0.007094 -0.001407
v 0.015625 -0.007094 -0.001407
v 0.018750 -0.006896 -0.001643
v 0.018750 -0.006995 -0.001525
v 0.018750 -0.007094 -0.001407
v 0.021875 -0.006896 -0.001643
v 0.021875 -0.006995 -0.001525
v 0.021875 -0.007094 -0.001407
v 0.009375 -0.006896 -0.001643
v 0.006250 -0.006896 -0.001643
v 0.003125 -0.006896 -0.001643
v 0.009375 -0.006995 -0.001525
v 0.006250 -0.006995 -0.001525
v 0.003125 -0.006995 -0.001525
v 0.009375 -0.007094 -0.001407
v 0.006250 -0.007094 -0.001407
v 0.003125 -0.007094 -0.001407
v 0.015625 0.006797 0.001761
v 0.012500 0.006896 0.001643
v 0.012500 0.006797 0.001761
v 0.015625 0.006896 0.001643
v 0.012500 0.006995 0.001525
v 0.015625 0.006995 0.001525
v 0.012500 0.007094 0.001407
v 0.015625 0.007094 0.001407
v 0.018750 0.006797 0.001761
v 0.018750 0.006896 0.001643
v 0.018750 0.006995 0.001525
v 0.018750 0.007094 0.001407
v 0.021875 0.006797 0.001761
v 0.021875 0.006896 0.001643
v 0.021875 0.006995 0.001525
v 0.021875 0.007094 0.001407
v 0.009375 0.006797 0.001761
v 0.009375 0.006896 0.001643
v 0.006250 0.006797 0.001761
v 0.006250 0.006896 0.001643
v 0.003125 0.006797 0.001761
v 0.003125 0.006896 0.001643
v 0.009375 0.006995 0.001525
v 0.006250 0.006995 0.001525
v 0.003125 0.006995 0.001525
v 0.009375 0.007094 0.001407
v 0.006250 0.007094 0.001407
v 0.003125 0.007094 0.001407
v 0.012500 0.006698 0.001879
v 0.009375 0.006698 0.001879
v 0.012500 0.006599 0.001997
v 0.009375 0.006599 0.001997
v 0.012500 0.006500 0.002115
v 0.009375 0.006500 0.002115
v 0.006250 0.006698 0.001879
v 0.006250 0.006599 0.001997
v 0.006250 0.006500 0.002115
v 0.003125 0.006698 0.001879
v 0.003125 0.006599 0.001997
v 0.003125 0.006500 0.002115
v 0.015625 0.006698 0.001879
v 0.018750 0.006698 0.001879
v 0.021875 0.006698 0.001879
v 0.015625 0.006599 0.001997
v 0.018750 0.006599 0.001997
v 0.021875 0.006599 0.001997
v 0.015625 0.006500 0.002115
v 0.018750 0.006500 0.002115
v 0.021875 0.006500 0.002115
v 0.025000 0.007194 0.001289
v 0.025000 -0.006401 -0.002233
v 0.025000 0.006401 0.002233
v 0.025000 -0.007194 -0.001289
v -0.000912 -0.001303 -0.012500
v -0.000472 0.000396 -0.009375
v -0.000472 0.000396 -0.012500
v -0.000912 -0.001303 -0.009375
v -0.000472 0.000396 -0.006250
v -0.000912 -0.001303 -0.006250
v -0.000472 0.000396 -0.003125
v -0.000912 -0.001303 -0.003125
v -0.001352 -0.003002 -0.012500
v -0.001352 -0.003002 -0.009375
v -0.001352 -0.003002 -0.006250
v -0.001352 -0.003002 -0.003125
v -0.001793 -0.004702 -0.012500
v -0.001793 -0.004702 -0.009375
v -0.001793 -0.004702 -0.006250
v -0.001793 -0.004702 -0.003125
v -0.002233 -0.006401 -0.012500
v -0.002233 -0.006401 -0.009375
v -0.002233 -0.006401 -0.006250
v -0.002233 -0.006401 -0.003125
v -0.000032 0.002096 -0.012500
v -0.000032 0.002096 -0.009375
v 0.000408 0.003795 -0.012500
v 0.000408 0.003795 -0.009375
v 0.000849 0.005494 -0.012500
v 0.000849 0.005494 -0.009375
v 0.001289 0.007194 -0.012500
v -0.000032 0.002096 -0.006250
v 0.000408 0.003795 -0.006250
v 0.000849 0.005494 -0.006250
v 0.001289 0.007194 -0.009375
v -0.000032 0.002096 -0.003125
v 0.000408 0.003795 -0.003125
v 0.000849 0.005494 -0.003125
v 0.001289 0.007194 -0.006250
v 0.001289 0.007194 -0.003125
v -0.000472 0.000396 -0.015625
v -0.000032 0.002096 -0.015625
v -0.000472 0.000396 -0.018750
v -0.000032 0.002096 -0.018750
v -0.000472 0.000396 -0.021875
v -0.000032 0.002096 -0.021875
v -0.000472 0.000396 -0.025000
v 0.000408 0.003795 -0.015625
v 0.000408 0.003795 -0.018750
v 0.000408 0.003795 -0.021875
v -0.000032 0.002096 -0.025000
v 0.000849 0.005494 -0.015625
v 0.000849 0.005494 -0.018750
v 0.000849 0.005494 -0.021875
v 0.000408 0.003795 -0.025000
v 0.001289 0.007194 -0.015625
v 0.001289 0.007194 -0.018750
v 0.001289 0.007194 -0.021875
v 0.000849 0.005494 -0.025000
v -0.000912 -0.001303 -0.015625
v -0.001352 -0.003002 -0.015625
v -0.001793 -0.004702 -0.015625
v -0.000912 -0.001303 -0.018750
v -0.001352 -0.003002 -0.018750
v -0.001793 -0.004702 -0.018750
v -0.002233 -0.006401 -0.015625
v -0.000912 -0.001303 -0.021875
v -0.001352 -0.003002 -0.021875
v -0.001793 -0.004702 -0.021875
v -0.002233 -0.006401 -0.018750
v -0.000912 -0.001303 -0.025000
v -0.001352 -0.003002 -0.025000
v -0.001793 -0.004702 -0.025000
v -0.002233 -0.006401 -0.021875
v -0.000440 -0.001699 -0.025000
v -0.000118 0.000099 -0.025000
v 0.000000 0.000000 -0.025000
v -0.000558 -0.001600 -0.025000
v -0.000236 0.000198 -0.025000
v -0.000676 -0.001501 -0.025000
v -0.000354 0.000297 -0.025000
v -0.000794 -0.001402 -0.025000
v -0.000880 -0.003399 -0.025000
v -0.000998 -0.003300 -0.025000
v -0.001116 -0.003201 -0.025000
v -0.001234 -0.003101 -0.025000
v -0.001321 -0.005098 -0.025000
v -0.001439 -0.004999 -0.025000
v -0.001557 -0.004900 -0.025000
v -0.001675 -0.004801 -0.025000
v -0.001761 -0.006797 -0.025000
v -0.001879 -0.006698 -0.025000
v -0.001997 -0.006599 -0.025000
v -0.002115 -0.006500 -0.025000
v 0.000440 0.001699 -0.025000
v 0.000322 0.001798 -0.025000
v 0.000880 0.003399 -0.025000
v 0.000762 0.003498 -0.025000
v 0.001321 0.005098 -0.025000
v 0.001203 0.005197 -0.025000
v 0.001761 0.006797 -0.025000
v 0.000204 0.001897 -0.025000
v 0.000644 0.003597 -0.025000
v 0.001085 0.005296 -0.025000
v 0.001643 0.006896 -0.025000
v 0.000086 0.001996 -0.025000
v 0.000526 0.003696 -0.025000
v 0.000967 0.005395 -0.025000
v 0.001525 0.006995 -0.025000
v 0.001407 0.007094 -0.025000
v 0.000118 -0.000099 -0.025000
v 0.000558 0.001600 -0.025000
v 0.000236 -0.000198 -0.025000
v 0.000676 0.001501 -0.025000
v 0.000354 -0.000297 -0.025000
v 0.000794 0.001402 -0.025000
v 0.000472 -0.000396 -0.025000
v 0.000998 0.003300 -0.025000
v 0.001116 0.003201 -0.025000
v 0.001234 0.003101 -0.025000
v 0.000912 0.001303 -0.025000
v 0.001439 0.004999 -0.025000
v 0.001557 0.004900 -0.025000
v 0.001675 0.004801 -0.025000
v 0.001352 0.003002 -0.025000
v 0.001879 0.006698 -0.025000
v 0.001997 0.006599 -0.025000
v 0.002115 0.006500 -0.025000
v 0.001793 0.004702 -0.025000
v -0.000322 -0.001798 -0.025000
v -0.000762 -0.003498 -0.025000
v -0.001203 -0.005197 -0.025000
v -0.000204 -0.001897 -0.025000
v -0.000644 -0.003597 -0.025000
v -0.001085 -0.005296 -0.025000
v -0.001643 -0.006896 -0.025000
v -0.000086 -0.001996 -0.025000
v -0.000526 -0.003696 -0.025000
v -0.000967 -0.005395 -0.025000
v -0.001525 -0.006995 -0.025000
v 0.000032 -0.002096 -0.025000
v -0.000408 -0.003795 -0.025000
v -0.000849 -0.005494 -0.025000
v -0.001407 -0.007094 -0.025000
v 0.000032 -0.002096 -0.012500
v 0.000472 -0.000396 -0.015625
v 0.000472 -0.000396 -0.012500
v 0.000032 -0.002096 -0.015625
v 0.000472 -0.000396 -0.018750
v 0.000032 -0.002096 -0.018750
v 0.000472 -0.000396 -0.021875
v 0.000032 -0.002096 -0.021875
v -0.000408 -0.003795 -0.012500
v -0.000408 -0.003795 -0.015625
v -0.000408 -0.003795 -0.018750
v -0.000408 -0.003795 -0.021875
v -0.000849 -0.005494 -0.012500
v -0.000849 -0.005494 -0.015625
v -0.000849 -0.005494 -0.018750
v -0.000849 -0.005494 -0.021875
v -0.001289 -0.007194 -0.012500
v -0.001289 -0.007194 -0.015625
v -0.001289 -0.007194 -0.018750
v -0.001289 -0.007194 -0.021875
v 0.000912 0.001303 -0.012500
v 0.000912 0.001303 -0.015625
v 0.001352 0.003002 -0.012500
v 0.001352 0.003002 -0.015625
v 0.001793 0.004702 -0.012500
v 0.001793 0.004702 -0.015625
v 0.002233 0.006401 -0.012500
v 0.000912 0.001303 -0.018750
v 0.001352 0.003002 -0.018750
v 0.001793 0.004702 -0.018750
v 0.002233 0.006401 -0.015625
v 0.000912 0.001303 -0.021875
v 0.001352 0.003002 -0.021875
v 0.001793 0.004702 -0.021875
v 0.002233 0.006401 -0.018750
v 0.002233 0.006401 -0.021875
v 0.000472 -0.000396 -0.009375
v 0.000912 0.001303 -0.009375
v 0.000472 -0.000396 -0.006250
v 0.000912 0.001303 -0.006250
v 0.000472 -0.000396 -0.003125
v 0.000912 0.001303 -0.003125
v 0.001352 0.003002 -0.009375
v 0.001352 0.003002 -0.006250
v 0.001352 0.003002 -0.003125
v 0.001793 0.004702 -0.009375
v 0.001793 0.004702 -0.006250
v 0.001793 0.004702 -0.003125
v 0.002233 0.006401 -0.009375
v 0.002233 0.006401 -0.006250
v 0.002233 0.006401 -0.003125
v 0.000032 -0.002096 -0.009375
v -0.000408 -0.003795 -0.009375
v -0.000849 -0.005494 -0.009375
v 0.000032 -0.002096 -0.006250
v -0.000408 -0.003795 -0.006250
v -0.000849 -0.005494 -0.006250
v -0.001289 -0.007194 -0.009375
v 0.000032 -0.002096 -0.003125
v -0.000408 -0.003795 -0.003125
v -0.000849 -0.005494 -0.003125
v -0.001289 -0.007194 -0.006250
v -0.001289 -0.007194 -0.003125
v -0.001761 -0.006797 -0.009375
v -0.001879 -0.006698 -0.012500
v -0.001761 -0.006797 -0.012500
v -0.001879 -0.006698 -0.009375
v -0.001997 -0.006599 -0.012500
v -0.001997 -0.006599 -0.009375
v -0.002115 -0.006500 -0.012500
v -0.002115 -0.006500 -0.009375
v -0.001761 -0.006797 -0.006250
v -0.001879 -0.006698 -0.006250
v -0.001997 -0.006599 -0.006250
v -0.002115 -0.006500 -0.006250
v -0.001761 -0.006797 -0.003125
v -0.001879 -0.006698 -0.003125
v -0.001997 -0.006599 -0.003125
v -0.002115 -0.006500 -0.003125
v -0.001761 -0.006797 -0.015625
v -0.001879 -0.006698 -0.015625
v -0.001761 -0.006797 -0.018750
v -0.001879 -0.006698 -0.018750
v -0.001761 -0.006797 -0.021875
v -0.001879 -0.006698 -0.021875
v -0.001997 -0.006599 -0.015625
v -0.001997 -0.006599 -0.018750
v -0.001997 -0.006599 -0.021875
v -0.002115 -0.006500 -0.015625
v -0.002115 -0.006500 -0.018750
v -0.002115 -0.006500 -0.021875
v -0.001643 -0.006896 -0.012500
v -0.001643 -0.006896 -0.015625
v -0.001525 -0.006995 -0.012500
v -0.001525 -0.006995 -0.015625
v -0.001407 -0.007094 -0.012500
v -0.001407 -0.007094 -0.015625
v -0.001643 -0.006896 -0.018750
v -0.001525 -0.006995 -0.018750
v -0.001407 -0.007094 -0.018750
v -0.001643 -0.006896 -0.021875
v -0.001525 -0.006995 -0.021875
v -0.001407 -0.007094 -0.021875
v -0.001643 -0.006896 -0.009375
v -0.001643 -0.006896 -0.006250
v -0.001643 -0.006896 -0.003125
v -0.001525 -0.006995 -0.009375
v -0.001525 -0.006995 -0.006250
v -0.001525 -0.006995 -0.003125
v -0.001407 -0.007094 -0.009375
v -0.001407 -0.007094 -0.006250
v -0.001407 -0.007094 -0.003125
v 0.001761 0.006797 -0.015625
v 0.001643 0.006896 -0.012500
v 0.001761 0.006797 -0.012500
v 0.001643 0.006896 -0.015625
v 0.001525 0.006995 -0.012500
v 0.001525 0.006995 -0.015625
v 0.001407 0.007094 -0.012500
v 0.001407 0.007094 -0.015625
v 0.001761 0.006797 -0.018750
v 0.001643 0.006896 -0.018750
v 0.001525 0.006995 -0.018750
v 0.001407 0.007094 -0.018750
v 0.001761 0.006797 -0.021875
v 0.001643 0.006896 -0.021875
v 0.001525 0.006995 -0.021875
v 0.001407 0.007094 -0.021875
v 0.001761 0.006797 -0.009375
v 0.001643 0.006896 -0.009375
v 0.001761 0.006797 -0.006250
v 0.001643 0.006896 -0.006250
v 0.001761 0.006797 -0.003125
v 0.001643 0.006896 -0.003125
v 0.001525 0.006995 -0.009375
v 0.001525 0.006995 -0.006250
v 0.001525 0.006995 -0.003125
v 0.001407 0.007094 -0.009375
v 0.001407 0.007094 -0.006250
v 0.001407 0.007094 -0.003125
v 0.001879 0.006698 -0.012500
v 0.001879 0.006698 -0.009375
v 0.001997 0.006599 -0.012500
v 0.001997 0.006599 -0.009375
v 0.002115 0.006500 -0.012500
v 0.002115 0.006500 -0.009375
v 0.001879 0.006698 -0.006250
v 0.001997 0.006599 -0.006250
v 0.002115 0.006500 -0.006250
v 0.001879 0.006698 -0.003125
v 0.001997 0.006599 -0.003125
v 0.002115 0.006500 -0.003125
v 0.001879 0.006698 -0.015625
v 0.001879 0.006698 -0.018750
v 0.001879 0.006698 -0.021875
v 0.001997 0.006599 -0.015625
v 0.001997 0.006599 -0.018750
v 0.001997 0.006599 -0.021875
v 0.002115 0.006500 -0.015625
v 0.002115 0.006500 -0.018750
v 0.002115 0.006500 -0.021875
v 0.001289 0.007194 -0.025000
v -0.002233 -0.006401 -0.025000
v 0.002233 0.006401 -0.025000
v -0.001289 -0.007194 -0.025000
vn 0.9952 -0.0000 0.0980
vn 0.9569 -0.0000 0.2903
vn 0.8819 -0.0000 0.4714
vn 0.7730 -0.0000 0.6344
vn 0.6344 -0.0000 0.7730
vn 0.4714 -0.0000 0.8819
vn 0.2903 -0.0000 0.9569
vn 0.0980 -0.0000 0.9952
vn -0.0980 -0.0000 0.9952
vn -0.2903 -0.0000 0.9569
vn -0.4714 -0.0000 0.8819
vn -0.6344 -0.0000 0.7730
vn -0.7730 -0.0000 0.6344
vn -0.8819 -0.0000 0.4714
vn -0.9569 -0.0000 0.2903
vn -0.9952 -0.0000 0.0980
vn -0.9952 -0.0000 -0.0980
vn -0.9569 -0.0000 -0.2903
vn -0.8819 -0.0000 -0.4714
vn -0.7730 -0.0000 -0.6344
vn -0.6344 -0.0000 -0.7730
vn -0.4714 -0.0000 -0.8819
vn -0.2903 -0.0000 -0.9569
vn -0.0980 -0.0000 -0.9952
vn 0.0980 -0.0000 -0.9952
vn 0.2903 -0.0000 -0.9569
vn 0.4714 -0.0000 -0.8819
vn 0.6344 -0.0000 -0.7730
vn 0.7730 -0.0000 -0.6344
vn 0.8819 -0.0000 -0.4714
vn 0.9569 -0.0000 -0.2903
vn 0.9952 -0.0000 -0.0980
vn -0.0000 -1.0000 -0.0000
vn -0.0000 1.0000 -0.0000
vn 0.9680 0.2508 -0.0000
vn -0.0000 -0.0000 1.0000
vn -0.9680 -0.2508 -0.0000
vn 0.6429 -0.7659 -0.0000
vn 0.6429 -0.7660 -0.0000
vn -0.6429 0.7659 -0.0000
vn -0.6429 0.7660 -0.0000
vn -0.0000 0.2508 0.9680
vn -1.0000 -0.0000 -0.0000
vn -0.0000 -0.2508 -0.9680
vn -0.0000 -0.7659 0.6429
vn -0.0000 -0.7660 0.6429
vn -0.0000 0.7659 -0.6429
vn -0.0000 0.7660 -0.6429
vn -0.0000 0.2508 -0.9680
vn 1.0000 -0.0000 -0.0000
vn -0.0000 -0.2508 0.9680
vn -0.0000 -0.7659 -0.6429
vn -0.0000 -0.7660 -0.6429
vn -0.0000 0.7659 0.6429
vn -0.0000 0.7660 0.6429
vn -0.9680 0.2508 -0.0000
vn -0.0000 -0.0000 -1.0000
vn 0.9680 -0.2508 -0.0000
vn -0.6429 -0.7659 -0.0000
vn -0.6429 -0.7660 -0.0000
vn 0.6429 0.7659 -0.0000
vn 0.6429 0.7660 -0.0000
s 1
f 1//1 2//1 3//1
f 4//2 5//2 6//2
f 7//3 8//3 9//3
f 10//4 11//4 12//4
f 13//5 14//5 15//5
f 16//6 17//6 18//6
f 19//7 20//7 21//7
f 22//8 23//8 24//8
f 25//9 26//9 27//9
f 28//10 29//10 30//10
f 31//11 32//11 33//11
f 34//12 35//12 36//12
f 37//13 38//13 39//13
f 40//14 41//14 42//14
f 43//15 44//15 45//15
f 46//16 47//16 48//16
f 49//17 50//17 51//17
f 52//18 53//18 54//18
f 55//19 56//19 57//19
f 58//20 59//20 60//20
f 61//21 62//21 63//21
f 64//22 65//22 66//22
f 67//23 68//23 69//23
f 70//24 71//24 72//24
f 73//25 74//25 75//25
f 76//26 77//26 78//26
f 79//27 80//27 81//27
f 82//28 83//28 84//28
f 85//29 86//29 87//29
f 88//30 89//30 90//30
f 91//31 92//31 93//31
f 94//32 95//32 96//32
f 97//33 98//33 99//33
f 100//34 101//34 10//34
f 4//34 102//34 103//34
f 1//34 104//34 105//34
f 94//34 106//34 107//34
f 91//34 108//34 107//34
f 109//34 110//34 108//34
f 111//34 112//34 110//34
f 113//34 114//34 112//34
f 115//34 116//34 79//34
f 117//34 118//34 13//34
f 119//34 120//34 117//34
f 103//34 121//34 120//34
f 105//34 122//34 121//34
f 107//34 123//34 122//34
f 110//34 123//34 108//34
f 112//34 124//34 110//34
f 114//34 125//34 112//34
f 126//34 73//34 127//34
f 128//34 129//34 16//34
f 117//34 130//34 128//34
f 120//34 131//34 130//34
f 121//34 132//34 131//34
f 122//34 133//34 132//34
f 124//34 133//34 123//34
f 125//34 134//34 124//34
f 127//34 135//34 125//34
f 136//34 70//34 137//34
f 138//34 139//34 19//34
f 130//34 138//34 128//34
f 130//34 140//34 141//34
f 132//34 140//34 131//34
f 133//34 142//34 132//34
f 134//34 143//34 133//34
f 135//34 144//34 134//34
f 137//34 145//34 135//34
f 67//34 146//34 147//34
f 138//34 148//34 22//34
f 141//34 149//34 138//34
f 140//34 150//34 141//34
f 142//34 151//34 140//34
f 142//34 152//34 153//34
f 143//34 154//34 152//34
f 144//34 155//34 154//34
f 145//34 156//34 155//34
f 64//34 157//34 147//34
f 149//34 158//34 25//34
f 150//34 159//34 149//34
f 151//34 160//34 150//34
f 153//34 161//34 151//34
f 153//34 162//34 163//34
f 152//34 164//34 162//34
f 154//34 165//34 164//34
f 155//34 166//34 165//34
f 167//34 156//34 61//34
f 168//34 169//34 28//34
f 160//34 34//34 170//34
f 161//34 37//34 171//34
f 163//34 40//34 172//34
f 162//34 173//34 43//34
f 46//34 162//34 174//34
f 49//34 164//34 175//34
f 52//34 165//34 176//34
f 177//34 178//34 55//34
f 179//33 180//33 181//33
f 182//33 183//33 184//33
f 185//33 186//33 187//33
f 188//33 189//33 187//33
f 190//33 191//33 189//33
f 192//33 193//33 191//33
f 194//33 195//33 193//33
f 196//33 197//33 198//33
f 199//33 200//33 201//33
f 202//33 203//33 199//33
f 181//33 204//33 203//33
f 184//33 205//33 204//33
f 189//33 205//33 187//33
f 191//33 206//33 189//33
f 193//33 207//33 191//33
f 195//33 208//33 193//33
f 209//33 210//33 211//33
f 212//33 213//33 214//33
f 199//33 215//33 212//33
f 203//33 216//33 215//33
f 204//33 217//33 216//33
f 206//33 217//33 205//33
f 207//33 218//33 206//33
f 208//33 219//33 207//33
f 211//33 220//33 208//33
f 221//33 222//33 223//33
f 224//33 225//33 226//33
f 215//33 224//33 212//33
f 216//33 227//33 215//33
f 217//33 228//33 216//33
f 218//33 229//33 217//33
f 219//33 230//33 218//33
f 219//33 231//33 232//33
f 220//33 233//33 231//33
f 234//33 235//33 233//33
f 224//33 236//33 237//33
f 227//33 238//33 224//33
f 228//33 239//33 227//33
f 229//33 240//33 228//33
f 229//33 241//33 242//33
f 230//33 243//33 241//33
f 232//33 244//33 243//33
f 231//33 245//33 244//33
f 246//33 247//33 233//33
f 238//33 248//33 249//33
f 239//33 250//33 238//33
f 240//33 251//33 239//33
f 242//33 252//33 240//33
f 241//33 253//33 242//33
f 241//33 254//33 255//33
f 243//33 256//33 254//33
f 244//33 257//33 256//33
f 258//33 245//33 259//33
f 260//33 261//33 262//33
f 251//33 263//33 264//33
f 252//33 265//33 266//33
f 253//33 267//33 268//33
f 255//33 269//33 270//33
f 271//33 255//33 272//33
f 273//33 254//33 274//33
f 275//33 256//33 276//33
f 277//33 278//33 279//33
f 257//33 279//33 276//33
f 257//33 280//33 277//33
f 250//33 262//33 248//33
f 250//33 281//33 260//33
f 195//33 282//33 209//33
f 198//33 195//33 194//33
f 166//34 55//34 176//34
f 166//34 58//34 177//34
f 159//34 28//34 158//34
f 159//34 31//34 168//34
f 114//34 76//34 126//34
f 79//34 114//34 113//34
f 7//34 119//34 101//34
f 119//34 10//34 101//34
f 283//33 202//33 98//33
f 202//33 99//33 98//33
f 96//32 278//32 280//32
f 92//32 280//32 258//32
f 106//32 96//32 92//32
f 93//31 258//31 259//31
f 89//31 259//31 247//31
f 284//31 93//31 89//31
f 90//30 247//30 246//30
f 86//30 246//30 235//30
f 109//30 90//30 86//30
f 87//29 235//29 234//29
f 83//29 234//29 285//29
f 111//29 87//29 83//29
f 84//28 285//28 222//28
f 80//28 222//28 221//28
f 113//28 84//28 80//28
f 81//27 221//27 210//27
f 77//27 210//27 209//27
f 115//27 81//27 77//27
f 78//26 209//26 282//26
f 74//26 282//26 196//26
f 126//26 78//26 74//26
f 75//25 196//25 198//25
f 71//25 198//25 194//25
f 136//25 75//25 71//25
f 72//24 194//24 286//24
f 68//24 286//24 192//24
f 287//24 72//24 68//24
f 69//23 192//23 288//23
f 65//23 288//23 190//23
f 146//23 69//23 65//23
f 66//22 190//22 289//22
f 62//22 289//22 290//22
f 157//22 66//22 62//22
f 63//21 290//21 188//21
f 59//21 188//21 186//21
f 167//21 63//21 59//21
f 60//20 186//20 185//20
f 56//20 185//20 183//20
f 178//20 60//20 56//20
f 57//19 183//19 182//19
f 53//19 182//19 180//19
f 176//19 57//19 53//19
f 54//18 180//18 179//18
f 50//18 179//18 291//18
f 175//18 54//18 50//18
f 51//17 291//17 283//17
f 47//17 283//17 97//17
f 174//17 51//17 47//17
f 48//16 97//16 99//16
f 44//16 99//16 292//16
f 173//16 48//16 44//16
f 45//15 292//15 201//15
f 41//15 201//15 200//15
f 293//15 45//15 41//15
f 42//14 200//14 214//14
f 38//14 214//14 213//14
f 172//14 42//14 38//14
f 39//13 213//13 226//13
f 35//13 226//13 225//13
f 171//13 39//13 35//13
f 36//12 225//12 237//12
f 32//12 237//12 236//12
f 170//12 36//12 32//12
f 33//11 236//11 249//11
f 29//11 249//11 248//11
f 169//11 33//11 29//11
f 30//10 248//10 262//10
f 26//10 262//10 261//10
f 158//10 30//10 26//10
f 27//9 261//9 281//9
f 23//9 281//9 264//9
f 148//9 27//9 23//9
f 24//8 264//8 263//8
f 20//8 263//8 266//8
f 139//8 24//8 20//8
f 21//7 266//7 265//7
f 17//7 265//7 268//7
f 129//7 21//7 17//7
f 18//6 268//6 267//6
f 14//6 267//6 294//6
f 118//6 18//6 14//6
f 15//5 294//5 270//5
f 11//5 270//5 269//5
f 295//5 15//5 11//5
f 12//4 269//4 271//4
f 8//4 271//4 272//4
f 100//4 12//4 8//4
f 9//3 272//3 273//3
f 5//3 273//3 274//3
f 296//3 9//3 5//3
f 6//2 274//2 275//2
f 2//2 275//2 276//2
f 102//2 6//2 2//2
f 3//1 276//1 279//1
f 95//1 279//1 278//1
f 104//1 3//1 95//1
f 1//1 102//1 2//1
f 4//2 296//2 5//2
f 7//3 100//3 8//3
f 10//4 295//4 11//4
f 13//5 118//5 14//5
f 16//6 129//6 17//6
f 19//7 139//7 20//7
f 22//8 148//8 23//8
f 25//9 158//9 26//9
f 28//10 169//10 29//10
f 31//11 170//11 32//11
f 34//12 171//12 35//12
f 37//13 172//13 38//13
f 40//14 293//14 41//14
f 43//15 173//15 44//15
f 46//16 174//16 47//16
f 49//17 175//17 50//17
f 52//18 176//18 53//18
f 55//19 178//19 56//19
f 58//20 167//20 59//20
f 61//21 157//21 62//21
f 64//22 146//22 65//22
f 67//23 287//23 68//23
f 70//24 136//24 71//24
f 73//25 126//25 74//25
f 76//26 115//26 77//26
f 79//27 113//27 80//27
f 82//28 111//28 83//28
f 85//29 109//29 86//29
f 88//30 284//30 89//30
f 91//31 106//31 92//31
f 94//32 104//32 95//32
f 97//33 283//33 98//33
f 100//34 7//34 101//34
f 119//34 296//34 103//34
f 296//34 4//34 103//34
f 103//34 102//34 105//34
f 102//34 1//34 105//34
f 105//34 104//34 107//34
f 104//34 94//34 107//34
f 107//34 106//34 91//34
f 91//34 284//34 108//34
f 108//34 284//34 88//34
f 88//34 109//34 108//34
f 110//34 109//34 85//34
f 85//34 111//34 110//34
f 112//34 111//34 82//34
f 82//34 113//34 112//34
f 115//34 76//34 116//34
f 13//34 295//34 117//34
f 295//34 119//34 117//34
f 119//34 103//34 120//34
f 103//34 105//34 121//34
f 105//34 107//34 122//34
f 107//34 108//34 123//34
f 110//34 124//34 123//34
f 112//34 125//34 124//34
f 114//34 127//34 125//34
f 127//34 114//34 126//34
f 73//34 136//34 127//34
f 16//34 118//34 128//34
f 118//34 117//34 128//34
f 117//34 120//34 130//34
f 120//34 121//34 131//34
f 121//34 122//34 132//34
f 122//34 123//34 133//34
f 124//34 134//34 133//34
f 125//34 135//34 134//34
f 127//34 137//34 135//34
f 137//34 127//34 136//34
f 70//34 287//34 137//34
f 19//34 129//34 128//34
f 128//34 138//34 19//34
f 130//34 141//34 138//34
f 130//34 131//34 140//34
f 132//34 142//34 140//34
f 133//34 143//34 142//34
f 134//34 144//34 143//34
f 135//34 145//34 144//34
f 137//34 147//34 145//34
f 147//34 137//34 67//34
f 137//34 287//34 67//34
f 22//34 139//34 138//34
f 138//34 149//34 148//34
f 141//34 150//34 149//34
f 140//34 151//34 150//34
f 142//34 153//34 151//34
f 142//34 143//34 152//34
f 143//34 144//34 154//34
f 144//34 145//34 155//34
f 145//34 147//34 156//34
f 156//34 147//34 157//34
f 147//34 146//34 64//34
f 25//34 148//34 149//34
f 149//34 159//34 158//34
f 150//34 160//34 159//34
f 151//34 161//34 160//34
f 153//34 163//34 161//34
f 153//34 152//34 162//34
f 152//34 154//34 164//34
f 154//34 155//34 165//34
f 155//34 156//34 166//34
f 166//34 156//34 167//34
f 156//34 157//34 61//34
f 168//34 31//34 169//34
f 170//34 159//34 160//34
f 160//34 171//34 34//34
f 171//34 160//34 161//34
f 161//34 172//34 37//34
f 172//34 161//34 163//34
f 163//34 293//34 40//34
f 293//34 163//34 43//34
f 163//34 162//34 43//34
f 173//34 162//34 46//34
f 162//34 164//34 174//34
f 174//34 164//34 49//34
f 164//34 165//34 175//34
f 175//34 165//34 52//34
f 165//34 166//34 176//34
f 177//34 58//34 178//34
f 202//33 291//33 181//33
f 291//33 179//33 181//33
f 181//33 180//33 184//33
f 180//33 182//33 184//33
f 184//33 183//33 187//33
f 183//33 185//33 187//33
f 187//33 186//33 188//33
f 188//33 290//33 189//33
f 189//33 290//33 289//33
f 289//33 190//33 189//33
f 191//33 190//33 288//33
f 288//33 192//33 191//33
f 193//33 192//33 286//33
f 286//33 194//33 193//33
f 196//33 282//33 197//33
f 201//33 292//33 199//33
f 292//33 202//33 199//33
f 202//33 181//33 203//33
f 181//33 184//33 204//33
f 184//33 187//33 205//33
f 189//33 206//33 205//33
f 191//33 207//33 206//33
f 193//33 208//33 207//33
f 195//33 211//33 208//33
f 211//33 195//33 209//33
f 210//33 221//33 211//33
f 214//33 200//33 212//33
f 200//33 199//33 212//33
f 199//33 203//33 215//33
f 203//33 204//33 216//33
f 204//33 205//33 217//33
f 206//33 218//33 217//33
f 207//33 219//33 218//33
f 208//33 220//33 219//33
f 211//33 223//33 220//33
f 223//33 211//33 221//33
f 222//33 285//33 223//33
f 226//33 213//33 212//33
f 212//33 224//33 226//33
f 215//33 227//33 224//33
f 216//33 228//33 227//33
f 217//33 229//33 228//33
f 218//33 230//33 229//33
f 219//33 232//33 230//33
f 219//33 220//33 231//33
f 220//33 223//33 233//33
f 233//33 223//33 234//33
f 223//33 285//33 234//33
f 237//33 225//33 224//33
f 224//33 238//33 236//33
f 227//33 239//33 238//33
f 228//33 240//33 239//33
f 229//33 242//33 240//33
f 229//33 230//33 241//33
f 230//33 232//33 243//33
f 232//33 231//33 244//33
f 231//33 233//33 245//33
f 245//33 233//33 247//33
f 233//33 235//33 246//33
f 249//33 236//33 238//33
f 238//33 250//33 248//33
f 239//33 251//33 250//33
f 240//33 252//33 251//33
f 242//33 253//33 252//33
f 241//33 255//33 253//33
f 241//33 243//33 254//33
f 243//33 244//33 256//33
f 244//33 245//33 257//33
f 257//33 245//33 258//33
f 245//33 247//33 259//33
f 260//33 281//33 261//33
f 264//33 250//33 251//33
f 251//33 266//33 263//33
f 266//33 251//33 252//33
f 252//33 268//33 265//33
f 268//33 252//33 253//33
f 253//33 294//33 267//33
f 294//33 253//33 270//33
f 253//33 255//33 270//33
f 269//33 255//33 271//33
f 255//33 254//33 272//33
f 272//33 254//33 273//33
f 254//33 256//33 274//33
f 274//33 256//33 275//33
f 256//33 257//33 276//33
f 277//33 280//33 278//33
f 257//33 277//33 279//33
f 257//33 258//33 280//33
f 250//33 260//33 262//33
f 250//33 264//33 281//33
f 195//33 197//33 282//33
f 198//33 197//33 195//33
f 166//34 177//34 55//34
f 166//34 167//34 58//34
f 159//34 168//34 28//34
f 159//34 170//34 31//34
f 114//34 116//34 76//34
f 79//34 116//34 114//34
f 7//34 296//34 119//34
f 119//34 295//34 10//34
f 283//33 291//33 202//33
f 202//33 292//33 99//33
f 96//32 95//32 278//32
f 92//32 96//32 280//32
f 106//32 94//32 96//32
f 93//31 92//31 258//31
f 89//31 93//31 259//31
f 284//31 91//31 93//31
f 90//30 89//30 247//30
f 86//30 90//30 246//30
f 109//30 88//30 90//30
f 87//29 86//29 235//29
f 83//29 87//29 234//29
f 111//29 85//29 87//29
f 84//28 83//28 285//28
f 80//28 84//28 222//28
f 113//28 82//28 84//28
f 81//27 80//27 221//27
f 77//27 81//27 210//27
f 115//27 79//27 81//27
f 78//26 77//26 209//26
f 74//26 78//26 282//26
f 126//26 76//26 78//26
f 75//25 74//25 196//25
f 71//25 75//25 198//25
f 136//25 73//25 75//25
f 72//24 71//24 194//24
f 68//24 72//24 286//24
f 287//24 70//24 72//24
f 69//23 68//23 192//23
f 65//23 69//23 288//23
f 146//23 67//23 69//23
f 66//22 65//22 190//22
f 62//22 66//22 289//22
f 157//22 64//22 66//22
f 63//21 62//21 290//21
f 59//21 63//21 188//21
f 167//21 61//21 63//21
f 60//20 59//20 186//20
f 56//20 60//20 185//20
f 178//20 58//20 60//20
f 57//19 56//19 183//19
f 53//19 57//19 182//19
f 176//19 55//19 57//19
f 54//18 53//18 180//18
f 50//18 54//18 179//18
f 175//18 52//18 54//18
f 51//17 50//17 291//17
f 47//17 51//17 283//17
f 174//17 49//17 51//17
f 48//16 47//16 97//16
f 44//16 48//16 99//16
f 173//16 46//16 48//16
f 45//15 44//15 292//15
f 41//15 45//15 201//15
f 293//15 43//15 45//15
f 42//14 41//14 200//14
f 38//14 42//14 214//14
f 172//14 40//14 42//14
f 39//13 38//13 213//13
f 35//13 39//13 226//13
f 171//13 37//13 39//13
f 36//12 35//12 225//12
f 32//12 36//12 237//12
f 170//12 34//12 36//12
f 33//11 32//11 236//11
f 29//11 33//11 249//11
f 169//11 31//11 33//11
f 30//10 29//10 248//10
f 26//10 30//10 262//10
f 158//10 28//10 30//10
f 27//9 26//9 261//9
f 23//9 27//9 281//9
f 148//9 25//9 27//9
f 24//8 23//8 264//8
f 20//8 24//8 263//8
f 139//8 22//8 24//8
f 21//7 20//7 266//7
f 17//7 21//7 265//7
f 129//7 19//7 21//7
f 18//6 17//6 268//6
f 14//6 18//6 267//6
f 118//6 16//6 18//6
f 15//5 14//5 294//5
f 11//5 15//5 270//5
f 295//5 13//5 15//5
f 12//4 11//4 269//4
f 8//4 12//4 271//4
f 100//4 10//4 12//4
f 9//3 8//3 272//3
f 5//3 9//3 273//3
f 296//3 7//3 9//3
f 6//2 5//2 274//2
f 2//2 6//2 275//2
f 102//2 4//2 6//2
f 3//1 2//1 276//1
f 95//1 3//1 279//1
f 104//1 1//1 3//1
f 297//35 298//35 299//35
f 300//35 301//35 298//35
f 302//35 303//35 301//35
f 305//35 300//35 297//35
f 306//35 302//35 300//35
f 307//35 304//35 302//35
f 309//35 306//35 305//35
f 310//35 307//35 306//35
f 311//35 308//35 307//35
f 313//35 310//35 309//35
f 314//35 311//35 310//35
f 315//35 312//35 311//35
f 298//35 317//35 299//35
f 318//35 319//35 317//35
f 320//35 321//35 319//35
f 322//35 323//35 321//35
f 301//35 318//35 298//35
f 324//35 320//35 318//35
f 325//35 322//35 320//35
f 326//35 327//35 322//35
f 303//35 324//35 301//35
f 328//35 325//35 324//35
f 329//35 326//35 325//35
f 330//35 331//35 326//35
f 317//35 333//35 299//35
f 334//35 335//35 333//35
f 336//35 337//35 335//35
f 338//35 339//35 337//35
f 319//35 334//35 317//35
f 340//35 336//35 334//35
f 341//35 338//35 336//35
f 342//35 343//35 338//35
f 321//35 340//35 319//35
f 344//35 341//35 340//35
f 345//35 342//35 341//35
f 346//35 347//35 342//35
f 323//35 344//35 321//35
f 348//35 345//35 344//35
f 349//35 346//35 345//35
f 350//35 351//35 346//35
f 333//35 297//35 299//35
f 352//35 305//35 297//35
f 353//35 309//35 305//35
f 354//35 313//35 309//35
f 335//35 352//35 333//35
f 355//35 353//35 352//35
f 356//35 354//35 353//35
f 357//35 358//35 354//35
f 337//35 355//35 335//35
f 359//35 356//35 355//35
f 360//35 357//35 356//35
f 361//35 362//35 357//35
f 339//35 359//35 337//35
f 363//35 360//35 359//35
f 364//35 361//35 360//35
f 365//35 366//35 361//35
f 367//36 368//36 369//36
f 370//36 371//36 368//36
f 372//36 373//36 371//36
f 374//36 339//36 373//36
f 375//36 370//36 367//36
f 376//36 372//36 370//36
f 377//36 374//36 372//36
f 378//36 363//36 374//36
f 379//36 376//36 375//36
f 380//36 377//36 376//36
f 381//36 378//36 377//36
f 382//36 364//36 378//36
f 383//36 380//36 379//36
f 384//36 381//36 380//36
f 385//36 382//36 381//36
f 386//36 365//36 382//36
f 368//36 387//36 369//36
f 388//36 389//36 387//36
f 390//36 391//36 389//36
f 392//36 393//36 391//36
f 371//36 388//36 368//36
f 394//36 390//36 388//36
f 395//36 392//36 390//36
f 396//36 397//36 392//36
f 373//36 394//36 371//36
f 398//36 395//36 394//36
f 399//36 396//36 395//36
f 400//36 401//36 396//36
f 339//36 398//36 373//36
f 343//36 399//36 398//36
f 347//36 400//36 399//36
f 351//36 402//36 400//36
f 387//36 403//36 369//36
f 404//36 405//36 403//36
f 406//36 407//36 405//36
f 408//36 409//36 407//36
f 389//36 404//36 387//36
f 410//36 406//36 404//36
f 411//36 408//36 406//36
f 412//36 413//36 408//36
f 391//36 410//36 389//36
f 414//36 411//36 410//36
f 415//36 412//36 411//36
f 416//36 417//36 412//36
f 393//36 414//36 391//36
f 418//36 415//36 414//36
f 419//36 416//36 415//36
f 420//36 421//36 416//36
f 403//36 367//36 369//36
f 422//36 375//36 367//36
f 423//36 379//36 375//36
f 424//36 383//36 379//36
f 405//36 422//36 403//36
f 425//36 423//36 422//36
f 426//36 424//36 423//36
f 427//36 428//36 424//36
f 407//36 425//36 405//36
f 429//36 426//36 425//36
f 430//36 427//36 426//36
f 431//36 432//36 427//36
f 409//36 429//36 407//36
f 433//36 430//36 429//36
f 434//36 431//36 430//36
f 435//36 436//36 431//36
f 437//37 438//37 439//37
f 440//37 441//37 438//37
f 442//37 443//37 441//37
f 444//37 409//37 443//37
f 445//37 440//37 437//37
f 446//37 442//37 440//37
f 447//37 444//37 442//37
f 448//37 433//37 444//37
f 449//37 446//37 445//37
f 450//37 447//37 446//37
f 451//37 448//37 447//37
f 452//37 434//37 448//37
f 453//37 450//37 449//37
f 454//37 451//37 450//37
f 455//37 452//37 451//37
f 456//37 435//37 452//37
f 438//37 457//37 439//37
f 458//37 459//37 457//37
f 460//37 461//37 459//37
f 462//37 463//37 461//37
f 441//37 458//37 438//37
f 464//37 460//37 458//37
f 465//37 462//37 460//37
f 466//37 467//37 462//37
f 443//37 464//37 441//37
f 468//37 465//37 464//37
f 469//37 466//37 465//37
f 470//37 471//37 466//37
f 409//37 468//37 443//37
f 413//37 469//37 468//37
f 417//37 470//37 469//37
f 421//37 472//37 470//37
f 457//37 473//37 439//37
f 474//37 475//37 473//37
f 476//37 477//37 475//37
f 459//37 474//37 457//37
f 479//37 476//37 474//37
f 480//37 478//37 476//37
f 461//37 479//37 459//37
f 482//37 480//37 479//37
f 483//37 481//37 480//37
f 463//37 482//37 461//37
f 485//37 483//37 482//37
f 486//37 484//37 483//37
f 473//37 437//37 439//37
f 488//37 445//37 437//37
f 489//37 449//37 445//37
f 490//37 453//37 449//37
f 475//37 488//37 473//37
f 491//37 489//37 488//37
f 492//37 490//37 489//37
f 493//37 494//37 490//37
f 477//37 491//37 475//37
f 495//37 492//37 491//37
f 496//37 493//37 492//37
f 497//37 498//37 493//37
f 500//38 501//39 502//38
f 503//39 504//39 501//39
f 505//39 506//38 504//39
f 507//38 313//38 506//38
f 508//38 503//39 500//38
f 509//39 505//39 503//39
f 510//39 507//38 505//39
f 511//38 314//38 507//38
f 512//38 509//39 508//38
f 513//39 510//39 509//39
f 514//39 511//38 510//39
f 515//38 315//38 511//38
f 501//39 516//38 502//38
f 517//39 518//38 516//38
f 519//39 520//38 518//38
f 521//39 383//38 520//38
f 504//39 517//39 501//39
f 522//39 519//39 517//39
f 523//39 521//39 519//39
f 524//39 384//39 521//39
f 506//38 522//39 504//39
f 525//38 523//39 522//39
f 526//38 524//39 523//39
f 527//38 385//39 524//39
f 313//38 525//38 506//38
f 358//38 526//38 525//38
f 362//38 527//38 526//38
f 366//38 386//38 527//38
f 516//38 528//39 502//38
f 529//39 530//39 528//39
f 531//39 532//38 530//39
f 533//38 453//38 532//38
f 518//38 529//39 516//38
f 534//39 531//39 529//39
f 535//39 533//38 531//39
f 536//38 454//38 533//38
f 520//38 534//39 518//38
f 537//39 535//39 534//39
f 538//39 536//38 535//39
f 539//38 455//38 536//38
f 383//38 537//39 520//38
f 428//39 538//39 537//39
f 432//39 539//38 538//39
f 436//38 456//38 539//38
f 528//39 500//38 502//38
f 540//39 508//38 500//38
f 541//39 512//38 508//38
f 530//39 540//39 528//39
f 543//39 541//39 540//39
f 544//39 542//39 541//39
f 532//38 543//39 530//39
f 546//38 544//39 543//39
f 547//38 545//39 544//39
f 453//38 546//38 532//38
f 494//38 547//38 546//38
f 498//38 548//38 547//38
f 549//40 550//41 551//40
f 552//41 553//41 550//41
f 554//41 555//40 553//41
f 556//40 323//40 555//40
f 557//40 552//41 549//40
f 558//41 554//41 552//41
f 559//41 556//40 554//41
f 560//40 348//40 556//40
f 561//40 558//41 557//40
f 562//41 559//41 558//41
f 563//41 560//40 559//41
f 564//40 349//40 560//40
f 393//40 562//41 561//40
f 397//41 563//41 562//41
f 401//41 564//40 563//41
f 402//40 350//40 564//40
f 550//41 565//40 551//40
f 566//41 567//40 565//40
f 568//41 569//40 567//40
f 553//41 566//41 550//41
f 571//41 568//41 566//41
f 572//41 570//41 568//41
f 555//40 571//41 553//41
f 574//40 572//41 571//41
f 575//40 573//41 572//41
f 323//40 574//40 555//40
f 327//40 575//40 574//40
f 331//40 576//40 575//40
f 565//40 577//41 551//40
f 578//41 579//41 577//41
f 580//41 581//40 579//41
f 582//40 463//40 581//40
f 567//40 578//41 565//40
f 583//41 580//41 578//41
f 584//41 582//40 580//41
f 585//40 485//40 582//40
f 569//40 583//41 567//40
f 586//41 584//41 583//41
f 587//41 585//40 584//41
f 588//40 486//40 585//40
f 577//41 549//40 551//40
f 589//41 557//40 549//40
f 590//41 561//40 557//40
f 591//41 393//40 561//40
f 579//41 589//41 577//41
f 592//41 590//41 589//41
f 593//41 591//41 590//41
f 594//41 418//41 591//41
f 581//40 592//41 579//41
f 595//40 593//41 592//41
f 596//40 594//41 593//41
f 597//40 419//41 594//41
f 463//40 595//40 581//40
f 467//40 596//40 595//40
f 471//40 597//40 596//40
f 472//40 420//40 597//40
f 297//35 300//35 298//35
f 300//35 302//35 301//35
f 302//35 304//35 303//35
f 305//35 306//35 300//35
f 306//35 307//35 302//35
f 307//35 308//35 304//35
f 309//35 310//35 306//35
f 310//35 311//35 307//35
f 311//35 312//35 308//35
f 313//35 314//35 310//35
f 314//35 315//35 311//35
f 315//35 316//35 312//35
f 298//35 318//35 317//35
f 318//35 320//35 319//35
f 320//35 322//35 321//35
f 322//35 327//35 323//35
f 301//35 324//35 318//35
f 324//35 325//35 320//35
f 325//35 326//35 322//35
f 326//35 331//35 327//35
f 303//35 328//35 324//35
f 328//35 329//35 325//35
f 329//35 330//35 326//35
f 330//35 332//35 331//35
f 317//35 334//35 333//35
f 334//35 336//35 335//35
f 336//35 338//35 337//35
f 338//35 343//35 339//35
f 319//35 340//35 334//35
f 340//35 341//35 336//35
f 341//35 342//35 338//35
f 342//35 347//35 343//35
f 321//35 344//35 340//35
f 344//35 345//35 341//35
f 345//35 346//35 342//35
f 346//35 351//35 347//35
f 323//35 348//35 344//35
f 348//35 349//35 345//35
f 349//35 350//35 346//35
f 350//35 598//35 351//35
f 333//35 352//35 297//35
f 352//35 353//35 305//35
f 353//35 354//35 309//35
f 354//35 358//35 313//35
f 335//35 355//35 352//35
f 355//35 356//35 353//35
f 356//35 357//35 354//35
f 357//35 362//35 358//35
f 337//35 359//35 355//35
f 359//35 360//35 356//35
f 360//35 361//35 357//35
f 361//35 366//35 362//35
f 339//35 363//35 359//35
f 363//35 364//35 360//35
f 364//35 365//35 361//35
f 365//35 599//35 366//35
f 367//36 370//36 368//36
f 370//36 372//36 371//36
f 372//36 374//36 373//36
f 374//36 363//36 339//36
f 375//36 376//36 370//36
f 376//36 377//36 372//36
f 377//36 378//36 374//36
f 378//36 364//36 363//36
f 379//36 380//36 376//36
f 380//36 381//36 377//36
f 381//36 382//36 378//36
f 382//36 365//36 364//36
f 383//36 384//36 380//36
f 384//36 385//36 381//36
f 385//36 386//36 382//36
f 386//36 599//36 365//36
f 368//36 388//36 387//36
f 388//36 390//36 389//36
f 390//36 392//36 391//36
f 392//36 397//36 393//36
f 371//36 394//36 388//36
f 394//36 395//36 390//36
f 395//36 396//36 392//36
f 396//36 401//36 397//36
f 373//36 398//36 394//36
f 398//36 399//36 395//36
f 399//36 400//36 396//36
f 400//36 402//36 401//36
f 339//36 343//36 398//36
f 343//36 347//36 399//36
f 347//36 351//36 400//36
f 351//36 598//36 402//36
f 387//36 404//36 403//36
f 404//36 406//36 405//36
f 406//36 408//36 407//36
f 408//36 413//36 409//36
f 389//36 410//36 404//36
f 410//36 411//36 406//36
f 411//36 412//36 408//36
f 412//36 417//36 413//36
f 391//36 414//36 410//36
f 414//36 415//36 411//36
f 415//36 416//36 412//36
f 416//36 421//36 417//36
f 393//36 418//36 414//36
f 418//36 419//36 415//36
f 419//36 420//36 416//36
f 420//36 600//36 421//36
f 403//36 422//36 367//36
f 422//36 423//36 375//36
f 423//36 424//36 379//36
f 424//36 428//36 383//36
f 405//36 425//36 422//36
f 425//36 426//36 423//36
f 426//36 427//36 424//36
f 427//36 432//36 428//36
f 407//36 429//36 425//36
f 429//36 430//36 426//36
f 430//36 431//36 427//36
f 431//36 436//36 432//36
f 409//36 433//36 429//36
f 433//36 434//36 430//36
f 434//36 435//36 431//36
f 435//36 601//36 436//36
f 437//37 440//37 438//37
f 440//37 442//37 441//37
f 442//37 444//37 443//37
f 444//37 433//37 409//37
f 445//37 446//37 440//37
f 446//37 447//37 442//37
f 447//37 448//37 444//37
f 448//37 434//37 433//37
f 449//37 450//37 446//37
f 450//37 451//37 447//37
f 451//37 452//37 448//37
f 452//37 435//37 434//37
f 453//37 454//37 450//37
f 454//37 455//37 451//37
f 455//37 456//37 452//37
f 456//37 601//37 435//37
f 438//37 458//37 457//37
f 458//37 460//37 459//37
f 460//37 462//37 461//37
f 462//37 467//37 463//37
f 441//37 464//37 458//37
f 464//37 465//37 460//37
f 465//37 466//37 462//37
f 466//37 471//37 467//37
f 443//37 468//37 464//37
f 468//37 469//37 465//37
f 469//37 470//37 466//37
f 470//37 472//37 471//37
f 409//37 413//37 468//37
f 413//37 417//37 469//37
f 417//37 421//37 470//37
f 421//37 600//37 472//37
f 457//37 474//37 473//37
f 474//37 476//37 475//37
f 476//37 478//37 477//37
f 459//37 479//37 474//37
f 479//37 480//37 476//37
f 480//37 481//37 478//37
f 461//37 482//37 479//37
f 482//37 483//37 480//37
f 483//37 484//37 481//37
f 463//37 485//37 482//37
f 485//37 486//37 483//37
f 486//37 487//37 484//37
f 473//37 488//37 437//37
f 488//37 489//37 445//37
f 489//37 490//37 449//37
f 490//37 494//37 453//37
f 475//37 491//37 488//37
f 491//37 492//37 489//37
f 492//37 493//37 490//37
f 493//37 498//37 494//37
f 477//37 495//37 491//37
f 495//37 496//37 492//37
f 496//37 497//37 493//37
f 497//37 499//37 498//37
f 500//38 503//39 501//39
f 503//39 505//39 504//39
f 505//39 507//38 506//38
f 507//38 314//38 313//38
f 508//38 509//39 503//39
f 509//39 510//39 505//39
f 510//39 511//38 507//38
f 511//38 315//38 314//38
f 512//38 513//39 509//39
f 513//39 514//39 510//39
f 514//39 515//38 511//38
f 515//38 316//38 315//38
f 501//39 517//39 516//38
f 517//39 519//39 518//38
f 519//39 521//39 520//38
f 521//39 384//39 383//38
f 504//39 522//39 517//39
f 522//39 523//39 519//39
f 523//39 524//39 521//39
f 524//39 385//39 384//39
f 506//38 525//38 522//39
f 525//38 526//38 523//39
f 526//38 527//38 524//39
f 527//38 386//38 385//39
f 313//38 358//38 525//38
f 358//38 362//38 526//38
f 362//38 366//38 527//38
f 366//38 599//38 386//38
f 516//38 529//39 528//39
f 529//39 531//39 530//39
f 531//39 533//38 532//38
f 533//38 454//38 453//38
f 518//38 534//39 529//39
f 534//39 535//39 531//39
f 535//39 536//38 533//38
f 536//38 455//38 454//38
f 520//38 537//39 534//39
f 537//39 538//39 535//39
f 538//39 539//38 536//38
f 539//38 456//38 455//38
f 383//38 428//39 537//39
f 428//39 432//39 538//39
f 432//39 436//38 539//38
f 436//38 601//38 456//38
f 528//39 540//39 500//38
f 540//39 541//39 508//38
f 541//39 542//39 512//38
f 530//39 543//39 540//39
f 543//39 544//39 541//39
f 544//39 545//39 542//39
f 532//38 546//38 543//39
f 546//38 547//38 544//39
f 547//38 548//38 545//39
f 453//38 494//38 546//38
f 494//38 498//38 547//38
f 498//38 499//38 548//38
f 549//40 552//41 550//41
f 552//41 554//41 553//41
f 554//41 556//40 555//40
f 556//40 348//40 323//40
f 557//40 558//41 552//41
f 558//41 559//41 554//41
f 559//41 560//40 556//40
f 560//40 349//40 348//40
f 561//40 562//41 558//41
f 562//41 563//41 559//41
f 563//41 564//40 560//40
f 564//40 350//40 349//40
f 393//40 397//41 562//41
f 397//41 401//41 563//41
f 401//41 402//40 564//40
f 402//40 598//40 350//40
f 550//41 566//41 565//40
f 566//41 568//41 567//40
f 568//41 570//41 569//40
f 553//41 571//41 566//41
f 571//41 572//41 568//41
f 572//41 573//41 570//41
f 555//40 574//40 571//41
f 574//40 575//40 572//41
f 575//40 576//40 573//41
f 323//40 327//40 574//40
f 327//40 331//40 575//40
f 331//40 332//40 576//40
f 565//40 578//41 577//41
f 578//41 580//41 579//41
f 580//41 582//40 581//40
f 582//40 485//40 463//40
f 567//40 583//41 578//41
f 583//41 584//41 580//41
f 584//41 585//40 582//40
f 585//40 486//40 485//40
f 569//40 586//41 583//41
f 586//41 587//41 584//41
f 587//41 588//40 585//40
f 588//40 487//40 486//40
f 577//41 589//41 549//40
f 589//41 590//41 557//40
f 590//41 591//41 561//40
f 591//41 418//41 393//40
f 579//41 592//41 589//41
f 592//41 593//41 590//41
f 593//41 594//41 591//41
f 594//41 419//41 418//41
f 581//40 595//40 592//41
f 595//40 596//40 593//41
f 596//40 597//40 594//41
f 597//40 420//40 419//41
f 463//40 467//40 595//40
f 467//40 471//40 596//40
f 471//40 472//40 597//40
f 472//40 600//40 420//40
f 602//42 603//42 604//42
f 605//42 606//42 603//42
f 607//42 608//42 606//42
f 610//42 605//42 602//42
f 611//42 607//42 605//42
f 612//42 609//42 607//42
f 614//42 611//42 610//42
f 615//42 612//42 611//42
f 616//42 613//42 612//42
f 618//42 615//42 614//42
f 619//42 616//42 615//42
f 620//42 617//42 616//42
f 603//42 622//42 604//42
f 623//42 624//42 622//42
f 625//42 626//42 624//42
f 627//42 628//42 626//42
f 606//42 623//42 603//42
f 629//42 625//42 623//42
f 630//42 627//42 625//42
f 631//42 632//42 627//42
f 608//42 629//42 606//42
f 633//42 630//42 629//42
f 634//42 631//42 630//42
f 635//42 636//42 631//42
f 622//42 638//42 604//42
f 639//42 640//42 638//42
f 641//42 642//42 640//42
f 643//42 644//42 642//42
f 624//42 639//42 622//42
f 645//42 641//42 639//42
f 646//42 643//42 641//42
f 647//42 648//42 643//42
f 626//42 645//42 624//42
f 649//42 646//42 645//42
f 650//42 647//42 646//42
f 651//42 652//42 647//42
f 628//42 649//42 626//42
f 653//42 650//42 649//42
f 654//42 651//42 650//42
f 655//42 656//42 651//42
f 638//42 602//42 604//42
f 657//42 610//42 602//42
f 658//42 614//42 610//42
f 659//42 618//42 614//42
f 640//42 657//42 638//42
f 660//42 658//42 657//42
f 661//42 659//42 658//42
f 662//42 663//42 659//42
f 642//42 660//42 640//42
f 664//42 661//42 660//42
f 665//42 662//42 661//42
f 666//42 667//42 662//42
f 644//42 664//42 642//42
f 668//42 665//42 664//42
f 669//42 666//42 665//42
f 670//42 671//42 666//42
f 672//43 673//43 674//43
f 675//43 676//43 673//43
f 677//43 678//43 676//43
f 679//43 644//43 678//43
f 680//43 675//43 672//43
f 681//43 677//43 675//43
f 682//43 679//43 677//43
f 683//43 668//43 679//43
f 684//43 681//43 680//43
f 685//43 682//43 681//43
f 686//43 683//43 682//43
f 687//43 669//43 683//43
f 688//43 685//43 684//43
f 689//43 686//43 685//43
f 690//43 687//43 686//43
f 691//43 670//43 687//43
f 673//43 692//43 674//43
f 693//43 694//43 692//43
f 695//43 696//43 694//43
f 697//43 698//43 696//43
f 676//43 693//43 673//43
f 699//43 695//43 693//43
f 700//43 697//43 695//43
f 701//43 702//43 697//43
f 678//43 699//43 676//43
f 703//43 700//43 699//43
f 704//43 701//43 700//43
f 705//43 706//43 701//43
f 644//43 703//43 678//43
f 648//43 704//43 703//43
f 652//43 705//43 704//43
f 656//43 707//43 705//43
f 692//43 708//43 674//43
f 709//43 710//43 708//43
f 711//43 712//43 710//43
f 713//43 714//43 712//43
f 694//43 709//43 692//43
f 715//43 711//43 709//43
f 716//43 713//43 711//43
f 717//43 718//43 713//43
f 696//43 715//43 694//43
f 719//43 716//43 715//43
f 720//43 717//43 716//43
f 721//43 722//43 717//43
f 698//43 719//43 696//43
f 723//43 720//43 719//43
f 724//43 721//43 720//43
f 725//43 726//43 721//43
f 708//43 672//43 674//43
f 727//43 680//43 672//43
f 728//43 684//43 680//43
f 729//43 688//43 684//43
f 710//43 727//43 708//43
f 730//43 728//43 727//43
f 731//43 729//43 728//43
f 732//43 733//43 729//43
f 712//43 730//43 710//43
f 734//43 731//43 730//43
f 735//43 732//43 731//43
f 736//43 737//43 732//43
f 714//43 734//43 712//43
f 738//43 735//43 734//43
f 739//43 736//43 735//43
f 740//43 741//43 736//43
f 742//44 743//44 744//44
f 745//44 746//44 743//44
f 747//44 748//44 746//44
f 749//44 714//44 748//44
f 750//44 745//44 742//44
f 751//44 747//44 745//44
f 752//44 749//44 747//44
f 753//44 738//44 749//44
f 754//44 751//44 750//44
f 755//44 752//44 751//44
f 756//44 753//44 752//44
f 757//44 739//44 753//44
f 758//44 755//44 754//44
f 759//44 756//44 755//44
f 760//44 757//44 756//44
f 761//44 740//44 757//44
f 743//44 762//44 744//44
f 763//44 764//44 762//44
f 765//44 766//44 764//44
f 767//44 768//44 766//44
f 746//44 763//44 743//44
f 769//44 765//44 763//44
f 770//44 767//44 765//44
f 771//44 772//44 767//44
f 748//44 769//44 746//44
f 773//44 770//44 769//44
f 774//44 771//44 770//44
f 775//44 776//44 771//44
f 714//44 773//44 748//44
f 718//44 774//44 773//44
f 722//44 775//44 774//44
f 726//44 777//44 775//44
f 762//44 778//44 744//44
f 779//44 780//44 778//44
f 781//44 782//44 780//44
f 764//44 779//44 762//44
f 784//44 781//44 779//44
f 785//44 783//44 781//44
f 766//44 784//44 764//44
f 787//44 785//44 784//44
f 788//44 786//44 785//44
f 768//44 787//44 766//44
f 790//44 788//44 787//44
f 791//44 789//44 788//44
f 778//44 742//44 744//44
f 793//44 750//44 742//44
f 794//44 754//44 750//44
f 795//44 758//44 754//44
f 780//44 793//44 778//44
f 796//44 794//44 793//44
f 797//44 795//44 794//44
f 798//44 799//44 795//44
f 782//44 796//44 780//44
f 800//44 797//44 796//44
f 801//44 798//44 797//44
f 802//44 803//44 798//44
f 805//45 806//46 807//45
f 808//46 809//46 806//46
f 810//46 811//45 809//46
f 812//45 618//45 811//45
f 813//45 808//46 805//45
f 814//46 810//46 808//46
f 815//46 812//45 810//46
f 816//45 619//45 812//45
f 817//45 814//46 813//45
f 818//46 815//46 814//46
f 819//46 816//45 815//46
f 820//45 620//45 816//45
f 806//46 821//45 807//45
f 822//46 823//45 821//45
f 824//46 825//45 823//45
f 826//46 688//45 825//45
f 809//46 822//46 806//46
f 827//46 824//46 822//46
f 828//46 826//46 824//46
f 829//46 689//46 826//46
f 811//45 827//46 809//46
f 830//45 828//46 827//46
f 831//45 829//46 828//46
f 832//45 690//46 829//46
f 618//45 830//45 811//45
f 663//45 831//45 830//45
f 667//45 832//45 831//45
f 671//45 691//45 832//45
f 821//45 833//46 807//45
f 834//46 835//46 833//46
f 836//46 837//45 835//46
f 838//45 758//45 837//45
f 823//45 834//46 821//45
f 839//46 836//46 834//46
f 840//46 838//45 836//46
f 841//45 759//45 838//45
f 825//45 839//46 823//45
f 842//46 840//46 839//46
f 843//46 841//45 840//46
f 844//45 760//45 841//45
f 688//45 842//46 825//45
f 733//46 843//46 842//46
f 737//46 844//45 843//46
f 741//45 761//45 844//45
f 833//46 805//45 807//45
f 845//46 813//45 805//45
f 846//46 817//45 813//45
f 835//46 845//46 833//46
f 848//46 846//46 845//46
f 849//46 847//46 846//46
f 837//45 848//46 835//46
f 851//45 849//46 848//46
f 852//45 850//46 849//46
f 758//45 851//45 837//45
f 799//45 852//45 851//45
f 803//45 853//45 852//45
f 854//47 855//48 856//47
f 857//48 858//48 855//48
f 859//48 860//47 858//48
f 861//47 628//47 860//47
f 862//47 857//48 854//47
f 863//48 859//48 857//48
f 864//48 861//47 859//48
f 865//47 653//47 861//47
f 866//47 863//48 862//47
f 867//48 864//48 863//48
f 868//48 865//47 864//48
f 869//47 654//47 865//47
f 698//47 867//48 866//47
f 702//48 868//48 867//48
f 706//48 869//47 868//48
f 707//47 655//47 869//47
f 855//48 870//47 856//47
f 871//48 872//47 870//47
f 873//48 874//47 872//47
f 858//48 871//48 855//48
f 876//48 873//48 871//48
f 877//48 875//48 873//48
f 860//47 876//48 858//48
f 879//47 877//48 876//48
f 880//47 878//48 877//48
f 628//47 879//47 860//47
f 632//47 880//47 879//47
f 636//47 881//47 880//47
f 870//47 882//48 856//47
f 883//48 884//48 882//48
f 885//48 886//47 884//48
f 887//47 768//47 886//47
f 872//47 883//48 870//47
f 888//48 885//48 883//48
f 889//48 887//47 885//48
f 890//47 790//47 887//47
f 874//47 888//48 872//47
f 891//48 889//48 888//48
f 892//48 890//47 889//48
f 893//47 791//47 890//47
f 882//48 854//47 856//47
f 894//48 862//47 854//47
f 895//48 866//47 862//47
f 896//48 698//47 866//47
f 884//48 894//48 882//48
f 897//48 895//48 894//48
f 898//48 896//48 895//48
f 899//48 723//48 896//48
f 886//47 897//48 884//48
f 900//47 898//48 897//48
f 901//47 899//48 898//48
f 902//47 724//48 899//48
f 768//47 900//47 886//47
f 772//47 901//47 900//47
f 776//47 902//47 901//47
f 777//47 725//47 902//47
f 602//42 605//42 603//42
f 605//42 607//42 606//42
f 607//42 609//42 608//42
f 610//42 611//42 605//42
f 611//42 612//42 607//42
f 612//42 613//42 609//42
f 614//42 615//42 611//42
f 615//42 616//42 612//42
f 616//42 617//42 613//42
f 618//42 619//42 615//42
f 619//42 620//42 616//42
f 620//42 621//42 617//42
f 603//42 623//42 622//42
f 623//42 625//42 624//42
f 625//42 627//42 626//42
f 627//42 632//42 628//42
f 606//42 629//42 623//42
f 629//42 630//42 625//42
f 630//42 631//42 627//42
f 631//42 636//42 632//42
f 608//42 633//42 629//42
f 633//42 634//42 630//42
f 634//42 635//42 631//42
f 635//42 637//42 636//42
f 622//42 639//42 638//42
f 639//42 641//42 640//42
f 641//42 643//42 642//42
f 643//42 648//42 644//42
f 624//42 645//42 639//42
f 645//42 646//42 641//42
f 646//42 647//42 643//42
f 647//42 652//42 648//42
f 626//42 649//42 645//42
f 649//42 650//42 646//42
f 650//42 651//42 647//42
f 651//42 656//42 652//42
f 628//42 653//42 649//42
f 653//42 654//42 650//42
f 654//42 655//42 651//42
f 655//42 903//42 656//42
f 638//42 657//42 602//42
f 657//42 658//42 610//42
f 658//42 659//42 614//42
f 659//42 663//42 618//42
f 640//42 660//42 657//42
f 660//42 661//42 658//42
f 661//42 662//42 659//42
f 662//42 667//42 663//42
f 642//42 664//42 660//42
f 664//42 665//42 661//42
f 665//42 666//42 662//42
f 666//42 671//42 667//42
f 644//42 668//42 664//42
f 668//42 669//42 665//42
f 669//42 670//42 666//42
f 670//42 904//42 671//42
f 672//43 675//43 673//43
f 675//43 677//43 676//43
f 677//43 679//43 678//43
f 679//43 668//43 644//43
f 680//43 681//43 675//43
f 681//43 682//43 677//43
f 682//43 683//43 679//43
f 683//43 669//43 668//43
f 684//43 685//43 681//43
f 685//43 686//43 682//43
f 686//43 687//43 683//43
f 687//43 670//43 669//43
f 688//43 689//43 685//43
f 689//43 690//43 686//43
f 690//43 691//43 687//43
f 691//43 904//43 670//43
f 673//43 693//43 692//43
f 693//43 695//43 694//43
f 695//43 697//43 696//43
f 697//43 702//43 698//43
f 676//43 699//43 693//43
f 699//43 700//43 695//43
f 700//43 701//43 697//43
f 701//43 706//43 702//43
f 678//43 703//43 699//43
f 703//43 704//43 700//43
f 704//43 705//43 701//43
f 705//43 707//43 706//43
f 644//43 648//43 703//43
f 648//43 652//43 704//43
f 652//43 656//43 705//43
f 656//43 903//43 707//43
f 692//43 709//43 708//43
f 709//43 711//43 710//43
f 711//43 713//43 712//43
f 713//43 718//43 714//43
f 694//43 715//43 709//43
f 715//43 716//43 711//43
f 716//43 717//43 713//43
f 717//43 722//43 718//43
f 696//43 719//43 715//43
f 719//43 720//43 716//43
f 720//43 721//43 717//43
f 721//43 726//43 722//43
f 698//43 723//43 719//43
f 723//43 724//43 720//43
f 724//43 725//43 721//43
f 725//43 905//43 726//43
f 708//43 727//43 672//43
f 727//43 728//43 680//43
f 728//43 729//43 684//43
f 729//43 733//43 688//43
f 710//43 730//43 727//43
f 730//43 731//43 728//43
f 731//43 732//43 729//43
f 732//43 737//43 733//43
f 712//43 734//43 730//43
f 734//43 735//43 731//43
f 735//43 736//43 732//43
f 736//43 741//43 737//43
f 714//43 738//43 734//43
f 738//43 739//43 735//43
f 739//43 740//43 736//43
f 740//43 906//43 741//43
f 742//44 745//44 743//44
f 745//44 747//44 746//44
f 747//44 749//44 748//44
f 749//44 738//44 714//44
f 750//44 751//44 745//44
f 751//44 752//44 747//44
f 752//44 753//44 749//44
f 753//44 739//44 738//44
f 754//44 755//44 751//44
f 755//44 756//44 752//44
f 756//44 757//44 753//44
f 757//44 740//44 739//44
f 758//44 759//44 755//44
f 759//44 760//44 756//44
f 760//44 761//44 757//44
f 761//44 906//44 740//44
f 743//44 763//44 762//44
f 763//44 765//44 764//44
f 765//44 767//44 766//44
f 767//44 772//44 768//44
f 746//44 769//44 763//44
f 769//44 770//44 765//44
f 770//44 771//44 767//44
f 771//44 776//44 772//44
f 748//44 773//44 769//44
f 773//44 774//44 770//44
f 774//44 775//44 771//44
f 775//44 777//44 776//44
f 714//44 718//44 773//44
f 718//44 722//44 774//44
f 722//44 726//44 775//44
f 726//44 905//44 777//44
f 762//44 779//44 778//44
f 779//44 781//44 780//44
f 781//44 783//44 782//44
f 764//44 784//44 779//44
f 784//44 785//44 781//44
f 785//44 786//44 783//44
f 766//44 787//44 784//44
f 787//44 788//44 785//44
f 788//44 789//44 786//44
f 768//44 790//44 787//44
f 790//44 791//44 788//44
f 791//44 792//44 789//44
f 778//44 793//44 742//44
f 793//44 794//44 750//44
f 794//44 795//44 754//44
f 795//44 799//44 758//44
f 780//44 796//44 793//44
f 796//44 797//44 794//44
f 797//44 798//44 795//44
f 798//44 803//44 799//44
f 782//44 800//44 796//44
f 800//44 801//44 797//44
f 801//44 802//44 798//44
f 802//44 804//44 803//44
f 805//45 808//46 806//46
f 808//46 810//46 809//46
f 810//46 812//45 811//45
f 812//45 619//45 618//45
f 813//45 814//46 808//46
f 814//46 815//46 810//46
f 815//46 816//45 812//45
f 816//45 620//45 619//45
f 817//45 818//46 814//46
f 818//46 819//46 815//46
f 819//46 820//45 816//45
f 820//45 621//45 620//45
f 806//46 822//46 821//45
f 822//46 824//46 823//45
f 824//46 826//46 825//45
f 826//46 689//46 688//45
f 809//46 827//46 822//46
f 827//46 828//46 824//46
f 828//46 829//46 826//46
f 829//46 690//46 689//46
f 811//45 830//45 827//46
f 830//45 831//45 828//46
f 831//45 832//45 829//46
f 832//45 691//45 690//46
f 618//45 663//45 830//45
f 663//45 667//45 831//45
f 667//45 671//45 832//45
f 671//45 904//45 691//45
f 821//45 834//46 833//46
f 834//46 836//46 835//46
f 836//46 838//45 837//45
f 838//45 759//45 758//45
f 823//45 839//46 834//46
f 839//46 840//46 836//46
f 840//46 841//45 838//45
f 841//45 760//45 759//45
f 825//45 842//46 839//46
f 842//46 843//46 840//46
f 843//46 844//45 841//45
f 844//45 761//45 760//45
f 688//45 733//46 842//46
f 733//46 737//46 843//46
f 737//46 741//45 844//45
f 741//45 906//45 761//45
f 833//46 845//46 805//45
f 845//46 846//46 813//45
f 846//46 847//46 817//45
f 835//46 848//46 845//46
f 848//46 849//46 846//46
f 849//46 850//46 847//46
f 837//45 851//45 848//46
f 851//45 852//45 849//46
f 852//45 853//45 850//46
f 758//45 799//45 851//45
f 799//45 803//45 852//45
f 803//45 804//45 853//45
f 854//47 857//48 855//48
f 857//48 859//48 858//48
f 859//48 861//47 860//47
f 861//47 653//47 628//47
f 862//47 863//48 857//48
f 863//48 864//48 859//48
f 864//48 865//47 861//47
f 865//47 654//47 653//47
f 866//47 867//48 863//48
f 867//48 868//48 864//48
f 868//48 869//47 865//47
f 869//47 655//47 654//47
f 698//47 702//48 867//48
f 702//48 706//48 868//48
f 706//48 707//47 869//47
f 707//47 903//47 655//47
f 855//48 871//48 870//47
f 871//48 873//48 872//47
f 873//48 875//48 874//47
f 858//48 876//48 871//48
f 876//48 877//48 873//48
f 877//48 878//48 875//48
f 860//47 879//47 876//48
f 879//47 880//47 877//48
f 880//47 881//47 878//48
f 628//47 632//47 879//47
f 632//47 636//47 880//47
f 636//47 637//47 881//47
f 870//47 883//48 882//48
f 883//48 885//48 884//48
f 885//48 887//47 886//47
f 887//47 790//47 768//47
f 872//47 888//48 883//48
f 888//48 889//48 885//48
f 889//48 890//47 887//47
f 890//47 791//47 790//47
f 874//47 891//48 888//48
f 891//48 892//48 889//48
f 892//48 893//47 890//47
f 893//47 792//47 791//47
f 882//48 894//48 854//47
f 894//48 895//48 862//47
f 895//48 896//48 866//47
f 896//48 723//48 698//47
f 884//48 897//48 894//48
f 897//48 898//48 895//48
f 898//48 899//48 896//48
f 899//48 724//48 723//48
f 886//47 900//47 897//48
f 900//47 901//47 898//48
f 901//47 902//47 899//48
f 902//47 725//47 724//48
f 768//47 772//47 900//47
f 772//47 776//47 901//47
f 776//47 777//47 902//47
f 777//47 905//47 725//47
f 907//49 908//49 909//49
f 910//49 911//49 908//49
f 912//49 913//49 911//49
f 915//49 910//49 907//49
f 916//49 912//49 910//49
f 917//49 914//49 912//49
f 919//49 916//49 915//49
f 920//49 917//49 916//49
f 921//49 918//49 917//49
f 923//49 920//49 919//49
f 924//49 921//49 920//49
f 925//49 922//49 921//49
f 908//49 927//49 909//49
f 928//49 929//49 927//49
f 930//49 931//49 929//49
f 932//49 933//49 931//49
f 911//49 928//49 908//49
f 934//49 930//49 928//49
f 935//49 932//49 930//49
f 936//49 937//49 932//49
f 913//49 934//49 911//49
f 938//49 935//49 934//49
f 939//49 936//49 935//49
f 940//49 941//49 936//49
f 927//49 943//49 909//49
f 944//49 945//49 943//49
f 946//49 947//49 945//49
f 948//49 949//49 947//49
f 929//49 944//49 927//49
f 950//49 946//49 944//49
f 951//49 948//49 946//49
f 952//49 953//49 948//49
f 931//49 950//49 929//49
f 954//49 951//49 950//49
f 955//49 952//49 951//49
f 956//49 957//49 952//49
f 933//49 954//49 931//49
f 958//49 955//49 954//49
f 959//49 956//49 955//49
f 960//49 961//49 956//49
f 943//49 907//49 909//49
f 962//49 915//49 907//49
f 963//49 919//49 915//49
f 964//49 923//49 919//49
f 945//49 962//49 943//49
f 965//49 963//49 962//49
f 966//49 964//49 963//49
f 967//49 968//49 964//49
f 947//49 965//49 945//49
f 969//49 966//49 965//49
f 970//49 967//49 966//49
f 971//49 972//49 967//49
f 949//49 969//49 947//49
f 973//49 970//49 969//49
f 974//49 971//49 970//49
f 975//49 976//49 971//49
f 977//50 978//50 979//50
f 980//50 981//50 978//50
f 982//50 983//50 981//50
f 984//50 949//50 983//50
f 985//50 980//50 977//50
f 986//50 982//50 980//50
f 987//50 984//50 982//50
f 988//50 973//50 984//50
f 989//50 986//50 985//50
f 990//50 987//50 986//50
f 991//50 988//50 987//50
f 992//50 974//50 988//50
f 993//50 990//50 989//50
f 994//50 991//50 990//50
f 995//50 992//50 991//50
f 996//50 975//50 992//50
f 978//50 997//50 979//50
f 998//50 999//50 997//50
f 1000//50 1001//50 999//50
f 1002//50 1003//50 1001//50
f 981//50 998//50 978//50
f 1004//50 1000//50 998//50
f 1005//50 1002//50 1000//50
f 1006//50 1007//50 1002//50
f 983//50 1004//50 981//50
f 1008//50 1005//50 1004//50
f 1009//50 1006//50 1005//50
f 1010//50 1011//50 1006//50
f 949//50 1008//50 983//50
f 953//50 1009//50 1008//50
f 957//50 1010//50 1009//50
f 961//50 1012//50 1010//50
f 997//50 1013//50 979//50
f 1014//50 1015//50 1013//50
f 1016//50 1017//50 1015//50
f 1018//50 1019//50 1017//50
f 999//50 1014//50 997//50
f 1020//50 1016//50 1014//50
f 1021//50 1018//50 1016//50
f 1022//50 1023//50 1018//50
f 1001//50 1020//50 999//50
f 1024//50 1021//50 1020//50
f 1025//50 1022//50 1021//50
f 1026//50 1027//50 1022//50
f 1003//50 1024//50 1001//50
f 1028//50 1025//50 1024//50
f 1029//50 1026//50 1025//50
f 1030//50 1031//50 1026//50
f 1013//50 977//50 979//50
f 1032//50 985//50 977//50
f 1033//50 989//50 985//50
f 1034//50 993//50 989//50
f 1015//50 1032//50 1013//50
f 1035//50 1033//50 1032//50
f 1036//50 1034//50 1033//50
f 1037//50 1038//50 1034//50
f 1017//50 1035//50 1015//50
f 1039//50 1036//50 1035//50
f 1040//50 1037//50 1036//50
f 1041//50 1042//50 1037//50
f 1019//50 1039//50 1017//50
f 1043//50 1040//50 1039//50
f 1044//50 1041//50 1040//50
f 1045//50 1046//50 1041//50
f 1047//51 1048//51 1049//51
f 1050//51 1051//51 1048//51
f 1052//51 1053//51 1051//51
f 1054//51 1019//51 1053//51
f 1055//51 1050//51 1047//51
f 1056//51 1052//51 1050//51
f 1057//51 1054//51 1052//51
f 1058//51 1043//51 1054//51
f 1059//51 1056//51 1055//51
f 1060//51 1057//51 1056//51
f 1061//51 1058//51 1057//51
f 1062//51 1044//51 1058//51
f 1063//51 1060//51 1059//51
f 1064//51 1061//51 1060//51
f 1065//51 1062//51 1061//51
f 1066//51 1045//51 1062//51
f 1048//51 1067//51 1049//51
f 1068//51 1069//51 1067//51
f 1070//51 1071//51 1069//51
f 1072//51 1073//51 1071//51
f 1051//51 1068//51 1048//51
f 1074//51 1070//51 1068//51
f 1075//51 1072//51 1070//51
f 1076//51 1077//51 1072//51
f 1053//51 1074//51 1051//51
f 1078//51 1075//51 1074//51
f 1079//51 1076//51 1075//51
f 1080//51 1081//51 1076//51
f 1019//51 1078//51 1053//51
f 1023//51 1079//51 1078//51
f 1027//51 1080//51 1079//51
f 1031//51 1082//51 1080//51
f 1067//51 1083//51 1049//51
f 1084//51 1085//51 1083//51
f 1086//51 1087//51 1085//51
f 1069//51 1084//51 1067//51
f 1089//51 1086//51 1084//51
f 1090//51 1088//51 1086//51
f 1071//51 1089//51 1069//51
f 1092//51 1090//51 1089//51
f 1093//51 1091//51 1090//51
f 1073//51 1092//51 1071//51
f 1095//51 1093//51 1092//51
f 1096//51 1094//51 1093//51
f 1083//51 1047//51 1049//51
f 1098//51 1055//51 1047//51
f 1099//51 1059//51 1055//51
f 1100//51 1063//51 1059//51
f 1085//51 1098//51 1083//51
f 1101//51 1099//51 1098//51
f 1102//51 1100//51 1099//51
f 1103//51 1104//51 1100//51
f 1087//51 1101//51 1085//51
f 1105//51 1102//51 1101//51
f 1106//51 1103//51 1102//51
f 1107//51 1108//51 1103//51
f 1110//52 1111//53 1112//52
f 1113//53 1114//53 1111//53
f 1115//53 1116//52 1114//53
f 1117//52 923//52 1116//52
f 1118//52 1113//53 1110//52
f 1119//53 1115//53 1113//53
f 1120//53 1117//52 1115//53
f 1121//52 924//52 1117//52
f 1122//52 1119//53 1118//52
f 1123//53 1120//53 1119//53
f 1124//53 1121//52 1120//53
f 1125//52 925//52 1121//52
f 1111//53 1126//52 1112//52
f 1127//53 1128//52 1126//52
f 1129//53 1130//52 1128//52
f 1131//53 993//52 1130//52
f 1114//53 1127//53 1111//53
f 1132//53 1129//53 1127//53
f 1133//53 1131//53 1129//53
f 1134//53 994//53 1131//53
f 1116//52 1132//53 1114//53
f 1135//52 1133//53 1132//53
f 1136//52 1134//53 1133//53
f 1137//52 995//53 1134//53
f 923//52 1135//52 1116//52
f 968//52 1136//52 1135//52
f 972//52 1137//52 1136//52
f 976//52 996//52 1137//52
f 1126//52 1138//53 1112//52
f 1139//53 1140//53 1138//53
f 1141//53 1142//52 1140//53
f 1143//52 1063//52 1142//52
f 1128//52 1139//53 1126//52
f 1144//53 1141//53 1139//53
f 1145//53 1143//52 1141//53
f 1146//52 1064//52 1143//52
f 1130//52 1144//53 1128//52
f 1147//53 1145//53 1144//53
f 1148//53 1146//52 1145//53
f 1149//52 1065//52 1146//52
f 993//52 1147//53 1130//52
f 1038//53 1148//53 1147//53
f 1042//53 1149//52 1148//53
f 1046//52 1066//52 1149//52
f 1138//53 1110//52 1112//52
f 1150//53 1118//52 1110//52
f 1151//53 1122//52 1118//52
f 1140//53 1150//53 1138//53
f 1153//53 1151//53 1150//53
f 1154//53 1152//53 1151//53
f 1142//52 1153//53 1140//53
f 1156//52 1154//53 1153//53
f 1157//52 1155//53 1154//53
f 1063//52 1156//52 1142//52
f 1104//52 1157//52 1156//52
f 1108//52 1158//52 1157//52
f 1159//54 1160//55 1161//54
f 1162//55 1163//55 1160//55
f 1164//55 1165//54 1163//55
f 1166//54 933//54 1165//54
f 1167//54 1162//55 1159//54
f 1168//55 1164//55 1162//55
f 1169//55 1166//54 1164//55
f 1170//54 958//54 1166//54
f 1171//54 1168//55 1167//54
f 1172//55 1169//55 1168//55
f 1173//55 1170//54 1169//55
f 1174//54 959//54 1170//54
f 1003//54 1172//55 1171//54
f 1007//55 1173//55 1172//55
f 1011//55 1174//54 1173//55
f 1012//54 960//54 1174//54
f 1160//55 1175//54 1161//54
f 1176//55 1177//54 1175//54
f 1178//55 1179//54 1177//54
f 1163//55 1176//55 1160//55
f 1181//55 1178//55 1176//55
f 1182//55 1180//55 1178//55
f 1165//54 1181//55 1163//55
f 1184//54 1182//55 1181//55
f 1185//54 1183//55 1182//55
f 933//54 1184//54 1165//54
f 937//54 1185//54 1184//54
f 941//54 1186//54 1185//54
f 1175//54 1187//55 1161//54
f 1188//55 1189//55 1187//55
f 1190//55 1191//54 1189//55
f 1192//54 1073//54 1191//54
f 1177//54 1188//55 1175//54
f 1193//55 1190//55 1188//55
f 1194//55 1192//54 1190//55
f 1195//54 1095//54 1192//54
f 1179//54 1193//55 1177//54
f 1196//55 1194//55 1193//55
f 1197//55 1195//54 1194//55
f 1198//54 1096//54 1195//54
f 1187//55 1159//54 1161//54
f 1199//55 1167//54 1159//54
f 1200//55 1171//54 1167//54
f 1201//55 1003//54 1171//54
f 1189//55 1199//55 1187//55
f 1202//55 1200//55 1199//55
f 1203//55 1201//55 1200//55
f 1204//55 1028//55 1201//55
f 1191//54 1202//55 1189//55
f 1205//54 1203//55 1202//55
f 1206//54 1204//55 1203//55
f 1207//54 1029//55 1204//55
f 1073//54 1205//54 1191//54
f 1077//54 1206//54 1205//54
f 1081//54 1207//54 1206//54
f 1082//54 1030//54 1207//54
f 907//49 910//49 908//49
f 910//49 912//49 911//49
f 912//49 914//49 913//49
f 915//49 916//49 910//49
f 916//49 917//49 912//49
f 917//49 918//49 914//49
f 919//49 920//49 916//49
f 920//49 921//49 917//49
f 921//49 922//49 918//49
f 923//49 924//49 920//49
f 924//49 925//49 921//49
f 925//49 926//49 922//49
f 908//49 928//49 927//49
f 928//49 930//49 929//49
f 930//49 932//49 931//49
f 932//49 937//49 933//49
f 911//49 934//49 928//49
f 934//49 935//49 930//49
f 935//49 936//49 932//49
f 936//49 941//49 937//49
f 913//49 938//49 934//49
f 938//49 939//49 935//49
f 939//49 940//49 936//49
f 940//49 942//49 941//49
f 927//49 944//49 943//49
f 944//49 946//49 945//49
f 946//49 948//49 947//49
f 948//49 953//49 949//49
f 929//49 950//49 944//49
f 950//49 951//49 946//49
f 951//49 952//49 948//49
f 952//49 957//49 953//49
f 931//49 954//49 950//49
f 954//49 955//49 951//49
f 955//49 956//49 952//49
f 956//49 961//49 957//49
f 933//49 958//49 954//49
f 958//49 959//49 955//49
f 959//49 960//49 956//49
f 960//49 1208//49 961//49
f 943//49 962//49 907//49
f 962//49 963//49 915//49
f 963//49 964//49 919//49
f 964//49 968//49 923//49
f 945//49 965//49 962//49
f 965//49 966//49 963//49
f 966//49 967//49 964//49
f 967//49 972//49 968//49
f 947//49 969//49 965//49
f 969//49 970//49 966//49
f 970//49 971//49 967//49
f 971//49 976//49 972//49
f 949//49 973//49 969//49
f 973//49 974//49 970//49
f 974//49 975//49 971//49
f 975//49 1209//49 976//49
f 977//50 980//50 978//50
f 980//50 982//50 981//50
f 982//50 984//50 983//50
f 984//50 973//50 949//50
f 985//50 986//50 980//50
f 986//50 987//50 982//50
f 987//50 988//50 984//50
f 988//50 974//50 973//50
f 989//50 990//50 986//50
f 990//50 991//50 987//50
f 991//50 992//50 988//50
f 992//50 975//50 974//50
f 993//50 994//50 990//50
f 994//50 995//50 991//50
f 995//50 996//50 992//50
f 996//50 1209//50 975//50
f 978//50 998//50 997//50
f 998//50 1000//50 999//50
f 1000//50 1002//50 1001//50
f 1002//50 1007//50 1003//50
f 981//50 1004//50 998//50
f 1004//50 1005//50 1000//50
f 1005//50 1006//50 1002//50
f 1006//50 1011//50 1007//50
f 983//50 1008//50 1004//50
f 1008//50 1009//50 1005//50
f 1009//50 1010//50 1006//50
f 1010//50 1012//50 1011//50
f 949//50 953//50 1008//50
f 953//50 957//50 1009//50
f 957//50 961//50 1010//50
f 961//50 1208//50 1012//50
f 997//50 1014//50 1013//50
f 1014//50 1016//50 1015//50
f 1016//50 1018//50 1017//50
f 1018//50 1023//50 1019//50
f 999//50 1020//50 1014//50
f 1020//50 1021//50 1016//50
f 1021//50 1022//50 1018//50
f 1022//50 1027//50 1023//50
f 1001//50 1024//50 1020//50
f 1024//50 1025//50 1021//50
f 1025//50 1026//50 1022//50
f 1026//50 1031//50 1027//50
f 1003//50 1028//50 1024//50
f 1028//50 1029//50 1025//50
f 1029//50 1030//50 1026//50
f 1030//50 1210//50 1031//50
f 1013//50 1032//50 977//50
f 1032//50 1033//50 985//50
f 1033//50 1034//50 989//50
f 1034//50 1038//50 993//50
f 1015//50 1035//50 1032//50
f 1035//50 1036//50 1033//50
f 1036//50 1037//50 1034//50
f 1037//50 1042//50 1038//50
f 1017//50 1039//50 1035//50
f 1039//50 1040//50 1036//50
f 1040//50 1041//50 1037//50
f 1041//50 1046//50 1042//50
f 1019//50 1043//50 1039//50
f 1043//50 1044//50 1040//50
f 1044//50 1045//50 1041//50
f 1045//50 1211//50 1046//50
f 1047//51 1050//51 1048//51
f 1050//51 1052//51 1051//51
f 1052//51 1054//51 1053//51
f 1054//51 1043//51 1019//51
f 1055//51 1056//51 1050//51
f 1056//51 1057//51 1052//51
f 1057//51 1058//51 1054//51
f 1058//51 1044//51 1043//51
f 1059//51 1060//51 1056//51
f 1060//51 1061//51 1057//51
f 1061//51 1062//51 1058//51
f 1062//51 1045//51 1044//51
f 1063//51 1064//51 1060//51
f 1064//51 1065//51 1061//51
f 1065//51 1066//51 1062//51
f 1066//51 1211//51 1045//51
f 1048//51 1068//51 1067//51
f 1068//51 1070//51 1069//51
f 1070//51 1072//51 1071//51
f 1072//51 1077//51 1073//51
f 1051//51 1074//51 1068//51
f 1074//51 1075//51 1070//51
f 1075//51 1076//51 1072//51
f 1076//51 1081//51 1077//51
f 1053//51 1078//51 1074//51
f 1078//51 1079//51 1075//51
f 1079//51 1080//51 1076//51
f 1080//51 1082//51 1081//51
f 1019//51 1023//51 1078//51
f 1023//51 1027//51 1079//51
f 1027//51 1031//51 1080//51
f 1031//51 1210//51 1082//51
f 1067//51 1084//51 1083//51
f 1084//51 1086//51 1085//51
f 1086//51 1088//51 1087//51
f 1069//51 1089//51 1084//51
f 1089//51 1090//51 1086//51
f 1090//51 1091//51 1088//51
f 1071//51 1092//51 1089//51
f 1092//51 1093//51 1090//51
f 1093//51 1094//51 1091//51
f 1073//51 1095//51 1092//51
f 1095//51 1096//51 1093//51
f 1096//51 1097//51 1094//51
f 1083//51 1098//51 1047//51
f 1098//51 1099//51 1055//51
f 1099//51 1100//51 1059//51
f 1100//51 1104//51 1063//51
f 1085//51 1101//51 1098//51
f 1101//51 1102//51 1099//51
f 1102//51 1103//51 1100//51
f 1103//51 1108//51 1104//51
f 1087//51 1105//51 1101//51
f 1105//51 1106//51 1102//51
f 1106//51 1107//51 1103//51
f 1107//51 1109//51 1108//51
f 1110//52 1113//53 1111//53
f 1113//53 1115//53 1114//53
f 1115//53 1117//52 1116//52
f 1117//52 924//52 923//52
f 1118//52 1119//53 1113//53
f 1119//53 1120//53 1115//53
f 1120//53 1121//52 1117//52
f 1121//52 925//52 924//52
f 1122//52 1123//53 1119//53
f 1123//53 1124//53 1120//53
f 1124//53 1125//52 1121//52
f 1125//52 926//52 925//52
f 1111//53 1127//53 1126//52
f 1127//53 1129//53 1128//52
f 1129//53 1131//53 1130//52
f 1131//53 994//53 993//52
f 1114//53 1132//53 1127//53
f 1132//53 1133//53 1129//53
f 1133//53 1134//53 1131//53
f 1134//53 995//53 994//53
f 1116//52 1135//52 1132//53
f 1135//52 1136//52 1133//53
f 1136//52 1137//52 1134//53
f 1137//52 996//52 995//53
f 923//52 968//52 1135//52
f 968//52 972//52 1136//52
f 972//52 976//52 1137//52
f 976//52 1209//52 996//52
f 1126//52 1139//53 1138//53
f 1139//53 1141//53 1140//53
f 1141//53 1143//52 1142//52
f 1143//52 1064//52 1063//52
f 1128//52 1144//53 1139//53
f 1144//53 1145//53 1141//53
f 1145//53 1146//52 1143//52
f 1146//52 1065//52 1064//52
f 1130//52 1147//53 1144//53
f 1147//53 1148//53 1145//53
f 1148//53 1149//52 1146//52
f 1149//52 1066//52 1065//52
f 993//52 1038//53 1147//53
f 1038//53 1042//53 1148//53
f 1042//53 1046//52 1149//52
f 1046//52 1211//52 1066//52
f 1138//53 1150//53 1110//52
f 1150//53 1151//53 1118//52
f 1151//53 1152//53 1122//52
f 1140//53 1153//53 1150//53
f 1153//53 1154//53 1151//53
f 1154//53 1155//53 1152//53
f 1142//52 1156//52 1153//53
f 1156//52 1157//52 1154//53
f 1157//52 1158//52 1155//53
f 1063//52 1104//52 1156//52
f 1104//52 1108//52 1157//52
f 1108//52 1109//52 1158//52
f 1159//54 1162//55 1160//55
f 1162//55 1164//55 1163//55
f 1164//55 1166//54 1165//54
f 1166//54 958//54 933//54
f 1167//54 1168//55 1162//55
f 1168//55 1169//55 1164//55
f 1169//55 1170//54 1166//54
f 1170//54 959//54 958//54
f 1171//54 1172//55 1168//55
f 1172//55 1173//55 1169//55
f 1173//55 1174//54 1170//54
f 1174//54 960//54 959//54
f 1003//54 1007//55 1172//55
f 1007//55 1011//55 1173//55
f 1011//55 1012//54 1174//54
f 1012//54 1208//54 960//54
f 1160//55 1176//55 1175//54
f 1176//55 1178//55 1177//54
f 1178//55 1180//55 1179//54
f 1163//55 1181//55 1176//55
f 1181//55 1182//55 1178//55
f 1182//55 1183//55 1180//55
f 1165//54 1184//54 1181//55
f 1184//54 1185//54 1182//55
f 1185//54 1186//54 1183//55
f 933//54 937//54 1184//54
f 937//54 941//54 1185//54
f 941//54 942//54 1186//54
f 1175//54 1188//55 1187//55
f 1188//55 1190//55 1189//55
f 1190//55 1192//54 1191//54
f 1192//54 1095//54 1073//54
f 1177//54 1193//55 1188//55
f 1193//55 1194//55 1190//55
f 1194//55 1195//54 1192//54
f 1195//54 1096//54 1095//54
f 1179//54 1196//55 1193//55
f 1196//55 1197//55 1194//55
f 1197//55 1198//54 1195//54
f 1198//54 1097//54 1096//54
f 1187//55 1199//55 1159//54
f 1199//55 1200//55 1167//54
f 1200//55 1201//55 1171//54
f 1201//55 1028//55 1003//54
f 1189//55 1202//55 1199//55
f 1202//55 1203//55 1200//55
f 1203//55 1204//55 1201//55
f 1204//55 1029//55 1028//55
f 1191//54 1205//54 1202//55
f 1205//54 1206//54 1203//55
f 1206//54 1207//54 1204//55
f 1207//54 1030//54 1029//55
f 1073//54 1077//54 1205//54
f 1077//54 1081//54 1206//54
f 1081//54 1082//54 1207//54
f 1082//54 1210//54 1030//54
f 1212//56 1213//56 1214//56
f 1215//56 1216//56 1213//56
f 1217//56 1218//56 1216//56
f 1220//56 1215//56 1212//56
f 1221//56 1217//56 1215//56
f 1222//56 1219//56 1217//56
f 1224//56 1221//56 1220//56
f 1225//56 1222//56 1221//56
f 1226//56 1223//56 1222//56
f 1228//56 1225//56 1224//56
f 1229//56 1226//56 1225//56
f 1230//56 1227//56 1226//56
f 1213//56 1232//56 1214//56
f 1233//56 1234//56 1232//56
f 1235//56 1236//56 1234//56
f 1237//56 1238//56 1236//56
f 1216//56 1233//56 1213//56
f 1239//56 1235//56 1233//56
f 1240//56 1237//56 1235//56
f 1241//56 1242//56 1237//56
f 1218//56 1239//56 1216//56
f 1243//56 1240//56 1239//56
f 1244//56 1241//56 1240//56
f 1245//56 1246//56 1241//56
f 1232//56 1248//56 1214//56
f 1249//56 1250//56 1248//56
f 1251//56 1252//56 1250//56
f 1253//56 1254//56 1252//56
f 1234//56 1249//56 1232//56
f 1255//56 1251//56 1249//56
f 1256//56 1253//56 1251//56
f 1257//56 1258//56 1253//56
f 1236//56 1255//56 1234//56
f 1259//56 1256//56 1255//56
f 1260//56 1257//56 1256//56
f 1261//56 1262//56 1257//56
f 1238//56 1259//56 1236//56
f 1263//56 1260//56 1259//56
f 1264//56 1261//56 1260//56
f 1265//56 1266//56 1261//56
f 1248//56 1212//56 1214//56
f 1267//56 1220//56 1212//56
f 1268//56 1224//56 1220//56
f 1269//56 1228//56 1224//56
f 1250//56 1267//56 1248//56
f 1270//56 1268//56 1267//56
f 1271//56 1269//56 1268//56
f 1272//56 1273//56 1269//56
f 1252//56 1270//56 1250//56
f 1274//56 1271//56 1270//56
f 1275//56 1272//56 1271//56
f 1276//56 1277//56 1272//56
f 1254//56 1274//56 1252//56
f 1278//56 1275//56 1274//56
f 1279//56 1276//56 1275//56
f 1280//56 1281//56 1276//56
f 1282//57 1283//57 1284//57
f 1285//57 1286//57 1283//57
f 1287//57 1288//57 1286//57
f 1289//57 1254//57 1288//57
f 1290//57 1285//57 1282//57
f 1291//57 1287//57 1285//57
f 1292//57 1289//57 1287//57
f 1293//57 1278//57 1289//57
f 1294//57 1291//57 1290//57
f 1295//57 1292//57 1291//57
f 1296//57 1293//57 1292//57
f 1297//57 1279//57 1293//57
f 1298//57 1295//57 1294//57
f 1299//57 1296//57 1295//57
f 1300//57 1297//57 1296//57
f 1301//57 1280//57 1297//57
f 1283//57 1302//57 1284//57
f 1303//57 1304//57 1302//57
f 1305//57 1306//57 1304//57
f 1307//57 1308//57 1306//57
f 1286//57 1303//57 1283//57
f 1309//57 1305//57 1303//57
f 1310//57 1307//57 1305//57
f 1311//57 1312//57 1307//57
f 1288//57 1309//57 1286//57
f 1313//57 1310//57 1309//57
f 1314//57 1311//57 1310//57
f 1315//57 1316//57 1311//57
f 1254//57 1313//57 1288//57
f 1258//57 1314//57 1313//57
f 1262//57 1315//57 1314//57
f 1266//57 1317//57 1315//57
f 1302//57 1318//57 1284//57
f 1319//57 1320//57 1318//57
f 1321//57 1322//57 1320//57
f 1323//57 1324//57 1322//57
f 1304//57 1319//57 1302//57
f 1325//57 1321//57 1319//57
f 1326//57 1323//57 1321//57
f 1327//57 1328//57 1323//57
f 1306//57 1325//57 1304//57
f 1329//57 1326//57 1325//57
f 1330//57 1327//57 1326//57
f 1331//57 1332//57 1327//57
f 1308//57 1329//57 1306//57
f 1333//57 1330//57 1329//57
f 1334//57 1331//57 1330//57
f 1335//57 1336//57 1331//57
f 1318//57 1282//57 1284//57
f 1337//57 1290//57 1282//57
f 1338//57 1294//57 1290//57
f 1339//57 1298//57 1294//57
f 1320//57 1337//57 1318//57
f 1340//57 1338//57 1337//57
f 1341//57 1339//57 1338//57
f 1342//57 1343//57 1339//57
f 1322//57 1340//57 1320//57
f 1344//57 1341//57 1340//57
f 1345//57 1342//57 1341//57
f 1346//57 1347//57 1342//57
f 1324//57 1344//57 1322//57
f 1348//57 1345//57 1344//57
f 1349//57 1346//57 1345//57
f 1350//57 1351//57 1346//57
f 1352//58 1353//58 1354//58
f 1355//58 1356//58 1353//58
f 1357//58 1358//58 1356//58
f 1359//58 1324//58 1358//58
f 1360//58 1355//58 1352//58
f 1361//58 1357//58 1355//58
f 1362//58 1359//58 1357//58
f 1363//58 1348//58 1359//58
f 1364//58 1361//58 1360//58
f 1365//58 1362//58 1361//58
f 1366//58 1363//58 1362//58
f 1367//58 1349//58 1363//58
f 1368//58 1365//58 1364//58
f 1369//58 1366//58 1365//58
f 1370//58 1367//58 1366//58
f 1371//58 1350//58 1367//58
f 1353//58 1372//58 1354//58
f 1373//58 1374//58 1372//58
f 1375//58 1376//58 1374//58
f 1377//58 1378//58 1376//58
f 1356//58 1373//58 1353//58
f 1379//58 1375//58 1373//58
f 1380//58 1377//58 1375//58
f 1381//58 1382//58 1377//58
f 1358//58 1379//58 1356//58
f 1383//58 1380//58 1379//58
f 1384//58 1381//58 1380//58
f 1385//58 1386//58 1381//58
f 1324//58 1383//58 1358//58
f 1328//58 1384//58 1383//58
f 1332//58 1385//58 1384//58
f 1336//58 1387//58 1385//58
f 1372//58 1388//58 1354//58
f 1389//58 1390//58 1388//58
f 1391//58 1392//58 1390//58
f 1374//58 1389//58 1372//58
f 1394//58 1391//58 1389//58
f 1395//58 1393//58 1391//58
f 1376//58 1394//58 1374//58
f 1397//58 1395//58 1394//58
f 1398//58 1396//58 1395//58
f 1378//58 1397//58 1376//58
f 1400//58 1398//58 1397//58
f 1401//58 1399//58 1398//58
f 1388//58 1352//58 1354//58
f 1403//58 1360//58 1352//58
f 1404//58 1364//58 1360//58
f 1405//58 1368//58 1364//58
f 1390//58 1403//58 1388//58
f 1406//58 1404//58 1403//58
f 1407//58 1405//58 1404//58
f 1408//58 1409//58 1405//58
f 1392//58 1406//58 1390//58
f 1410//58 1407//58 1406//58
f 1411//58 1408//58 1407//58
f 1412//58 1413//58 1408//58
f 1415//59 1416//60 1417//59
f 1418//60 1419//60 1416//60
f 1420//60 1421//59 1419//60
f 1422//59 1228//59 1421//59
f 1423//59 1418//60 1415//59
f 1424//60 1420//60 1418//60
f 1425//60 1422//59 1420//60
f 1426//59 1229//59 1422//59
f 1427//59 1424//60 1423//59
f 1428//60 1425//60 1424//60
f 1429//60 1426//59 1425//60
f 1430//59 1230//59 1426//59
f 1416//60 1431//59 1417//59
f 1432//60 1433//59 1431//59
f 1434//60 1435//59 1433//59
f 1436//60 1298//59 1435//59
f 1419//60 1432//60 1416//60
f 1437//60 1434//60 1432//60
f 1438//60 1436//60 1434//60
f 1439//60 1299//60 1436//60
f 1421//59 1437//60 1419//60
f 1440//59 1438//60 1437//60
f 1441//59 1439//60 1438//60
f 1442//59 1300//60 1439//60
f 1228//59 1440//59 1421//59
f 1273//59 1441//59 1440//59
f 1277//59 1442//59 1441//59
f 1281//59 1301//59 1442//59
f 1431//59 1443//60 1417//59
f 1444//60 1445//60 1443//60
f 1446//60 1447//59 1445//60
f 1448//59 1368//59 1447//59
f 1433//59 1444//60 1431//59
f 1449//60 1446//60 1444//60
f 1450//60 1448//59 1446//60
f 1451//59 1369//59 1448//59
f 1435//59 1449//60 1433//59
f 1452//60 1450//60 1449//60
f 1453//60 1451//59 1450//60
f 1454//59 1370//59 1451//59
f 1298//59 1452//60 1435//59
f 1343//60 1453//60 1452//60
f 1347//60 1454//59 1453//60
f 1351//59 1371//59 1454//59
f 1443//60 1415//59 1417//59
f 1455//60 1423//59 1415//59
f 1456//60 1427//59 1423//59
f 1445//60 1455//60 1443//60
f 1458//60 1456//60 1455//60
f 1459//60 1457//60 1456//60
f 1447//59 1458//60 1445//60
f 1461//59 1459//60 1458//60
f 1462//59 1460//60 1459//60
f 1368//59 1461//59 1447//59
f 1409//59 1462//59 1461//59
f 1413//59 1463//59 1462//59
f 1464//61 1465//62 1466//61
f 1467//62 1468//62 1465//62
f 1469//62 1470//61 1468//62
f 1471//61 1238//61 1470//61
f 1472//61 1467//62 1464//61
f 1473//62 1469//62 1467//62
f 1474//62 1471//61 1469//62
f 1475//61 1263//61 1471//61
f 1476//61 1473//62 1472//61
f 1477//62 1474//62 1473//62
f 1478//62 1475//61 1474//62
f 1479//61 1264//61 1475//61
f 1308//61 1477//62 1476//61
f 1312//62 1478//62 1477//62
f 1316//62 1479//61 1478//62
f 1317//61 1265//61 1479//61
f 1465//62 1480//61 1466//61
f 1481//62 1482//61 1480//61
f 1483//62 1484//61 1482//61
f 1468//62 1481//62 1465//62
f 1486//62 1483//62 1481//62
f 1487//62 1485//62 1483//62
f 1470//61 1486//62 1468//62
f 1489//61 1487//62 1486//62
f 1490//61 1488//62 1487//62
f 1238//61 1489//61 1470//61
f 1242//61 1490//61 1489//61
f 1246//61 1491//61 1490//61
f 1480//61 1492//62 1466//61
f 1493//62 1494//62 1492//62
f 1495//62 1496//61 1494//62
f 1497//61 1378//61 1496//61
f 1482//61 1493//62 1480//61
f 1498//62 1495//62 1493//62
f 1499//62 1497//61 1495//62
f 1500//61 1400//61 1497//61
f 1484//61 1498//62 1482//61
f 1501//62 1499//62 1498//62
f 1502//62 1500//61 1499//62
f 1503//61 1401//61 1500//61
f 1492//62 1464//61 1466//61
f 1504//62 1472//61 1464//61
f 1505//62 1476//61 1472//61
f 1506//62 1308//61 1476//61
f 1494//62 1504//62 1492//62
f 1507//62 1505//62 1504//62
f 1508//62 1506//62 1505//62
f 1509//62 1333//62 1506//62
f 1496//61 1507//62 1494//62
f 1510//61 1508//62 1507//62
f 1511//61 1509//62 1508//62
f 1512//61 1334//62 1509//62
f 1378//61 1510//61 1496//61
f 1382//61 1511//61 1510//61
f 1386//61 1512//61 1511//61
f 1387//61 1335//61 1512//61
f 1212//56 1215//56 1213//56
f 1215//56 1217//56 1216//56
f 1217//56 1219//56 1218//56
f 1220//56 1221//56 1215//56
f 1221//56 1222//56 1217//56
f 1222//56 1223//56 1219//56
f 1224//56 1225//56 1221//56
f 1225//56 1226//56 1222//56
f 1226//56 1227//56 1223//56
f 1228//56 1229//56 1225//56
f 1229//56 1230//56 1226//56
f 1230//56 1231//56 1227//56
f 1213//56 1233//56 1232//56
f 1233//56 1235//56 1234//56
f 1235//56 1237//56 1236//56
f 1237//56 1242//56 1238//56
f 1216//56 1239//56 1233//56
f 1239//56 1240//56 1235//56
f 1240//56 1241//56 1237//56
f 1241//56 1246//56 1242//56
f 1218//56 1243//56 1239//56
f 1243//56 1244//56 1240//56
f 1244//56 1245//56 1241//56
f 1245//56 1247//56 1246//56
f 1232//56 1249//56 1248//56
f 1249//56 1251//56 1250//56
f 1251//56 1253//56 1252//56
f 1253//56 1258//56 1254//56
f 1234//56 1255//56 1249//56
f 1255//56 1256//56 1251//56
f 1256//56 1257//56 1253//56
f 1257//56 1262//56 1258//56
f 1236//56 1259//56 1255//56
f 1259//56 1260//56 1256//56
f 1260//56 1261//56 1257//56
f 1261//56 1266//56 1262//56
f 1238//56 1263//56 1259//56
f 1263//56 1264//56 1260//56
f 1264//56 1265//56 1261//56
f 1265//56 1513//56 1266//56
f 1248//56 1267//56 1212//56
f 1267//56 1268//56 1220//56
f 1268//56 1269//56 1224//56
f 1269//56 1273//56 1228//56
f 1250//56 1270//56 1267//56
f 1270//56 1271//56 1268//56
f 1271//56 1272//56 1269//56
f 1272//56 1277//56 1273//56
f 1252//56 1274//56 1270//56
f 1274//56 1275//56 1271//56
f 1275//56 1276//56 1272//56
f 1276//56 1281//56 1277//56
f 1254//56 1278//56 1274//56
f 1278//56 1279//56 1275//56
f 1279//56 1280//56 1276//56
f 1280//56 1514//56 1281//56
f 1282//57 1285//57 1283//57
f 1285//57 1287//57 1286//57
f 1287//57 1289//57 1288//57
f 1289//57 1278//57 1254//57
f 1290//57 1291//57 1285//57
f 1291//57 1292//57 1287//57
f 1292//57 1293//57 1289//57
f 1293//57 1279//57 1278//57
f 1294//57 1295//57 1291//57
f 1295//57 1296//57 1292//57
f 1296//57 1297//57 1293//57
f 1297//57 1280//57 1279//57
f 1298//57 1299//57 1295//57
f 1299//57 1300//57 1296//57
f 1300//57 1301//57 1297//57
f 1301//57 1514//57 1280//57
f 1283//57 1303//57 1302//57
f 1303//57 1305//57 1304//57
f 1305//57 1307//57 1306//57
f 1307//57 1312//57 1308//57
f 1286//57 1309//57 1303//57
f 1309//57 1310//57 1305//57
f 1310//57 1311//57 1307//57
f 1311//57 1316//57 1312//57
f 1288//57 1313//57 1309//57
f 1313//57 1314//57 1310//57
f 1314//57 1315//57 1311//57
f 1315//57 1317//57 1316//57
f 1254//57 1258//57 1313//57
f 1258//57 1262//57 1314//57
f 1262//57 1266//57 1315//57
f 1266//57 1513//57 1317//57
f 1302//57 1319//57 1318//57
f 1319//57 1321//57 1320//57
f 1321//57 1323//57 1322//57
f 1323//57 1328//57 1324//57
f 1304//57 1325//57 1319//57
f 1325//57 1326//57 1321//57
f 1326//57 1327//57 1323//57
f 1327//57 1332//57 1328//57
f 1306//57 1329//57 1325//57
f 1329//57 1330//57 1326//57
f 1330//57 1331//57 1327//57
f 1331//57 1336//57 1332//57
f 1308//57 1333//57 1329//57
f 1333//57 1334//57 1330//57
f 1334//57 1335//57 1331//57
f 1335//57 1515//57 1336//57
f 1318//57 1337//57 1282//57
f 1337//57 1338//57 1290//57
f 1338//57 1339//57 1294//57
f 1339//57 1343//57 1298//57
f 1320//57 1340//57 1337//57
f 1340//57 1341//57 1338//57
f 1341//57 1342//57 1339//57
f 1342//57 1347//57 1343//57
f 1322//57 1344//57 1340//57
f 1344//57 1345//57 1341//57
f 1345//57 1346//57 1342//57
f 1346//57 1351//57 1347//57
f 1324//57 1348//57 1344//57
f 1348//57 1349//57 1345//57
f 1349//57 1350//57 1346//57
f 1350//57 1516//57 1351//57
f 1352//58 1355//58 1353//58
f 1355//58 1357//58 1356//58
f 1357//58 1359//58 1358//58
f 1359//58 1348//58 1324//58
f 1360//58 1361//58 1355//58
f 1361//58 1362//58 1357//58
f 1362//58 1363//58 1359//58
f 1363//58 1349//58 1348//58
f 1364//58 1365//58 1361//58
f 1365//58 1366//58 1362//58
f 1366//58 1367//58 1363//58
f 1367//58 1350//58 1349//58
f 1368//58 1369//58 1365//58
f 1369//58 1370//58 1366//58
f 1370//58 1371//58 1367//58
f 1371//58 1516//58 1350//58
f 1353//58 1373//58 1372//58
f 1373//58 1375//58 1374//58
f 1375//58 1377//58 1376//58
f 1377//58 1382//58 1378//58
f 1356//58 1379//58 1373//58
f 1379//58 1380//58 1375//58
f 1380//58 1381//58 1377//58
f 1381//58 1386//58 1382//58
f 1358//58 1383//58 1379//58
f 1383//58 1384//58 1380//58
f 1384//58 1385//58 1381//58
f 1385//58 1387//58 1386//58
f 1324//58 1328//58 1383//58
f 1328//58 1332//58 1384//58
f 1332//58 1336//58 1385//58
f 1336//58 1515//58 1387//58
f 1372//58 1389//58 1388//58
f 1389//58 1391//58 1390//58
f 1391//58 1393//58 1392//58
f 1374//58 1394//58 1389//58
f 1394//58 1395//58 1391//58
f 1395//58 1396//58 1393//58
f 1376//58 1397//58 1394//58
f 1397//58 1398//58 1395//58
f 1398//58 1399//58 1396//58
f 1378//58 1400//58 1397//58
f 1400//58 1401//58 1398//58
f 1401//58 1402//58 1399//58
f 1388//58 1403//58 1352//58
f 1403//58 1404//58 1360//58
f 1404//58 1405//58 1364//58
f 1405//58 1409//58 1368//58
f 1390//58 1406//58 1403//58
f 1406//58 1407//58 1404//58
f 1407//58 1408//58 1405//58
f 1408//58 1413//58 1409//58
f 1392//58 1410//58 1406//58
f 1410//58 1411//58 1407//58
f 1411//58 1412//58 1408//58
f 1412//58 1414//58 1413//58
f 1415//59 1418//60 1416//60
f 1418//60 1420//60 1419//60
f 1420//60 1422//59 1421//59
f 1422//59 1229//59 1228//59
f 1423//59 1424//60 1418//60
f 1424//60 1425//60 1420//60
f 1425//60 1426//59 1422//59
f 1426//59 1230//59 1229//59
f 1427//59 1428//60 1424//60
f 1428//60 1429//60 1425//60
f 1429//60 1430//59 1426//59
f 1430//59 1231//59 1230//59
f 1416//60 1432//60 1431//59
f 1432//60 1434//60 1433//59
f 1434//60 1436//60 1435//59
f 1436//60 1299//60 1298//59
f 1419//60 1437//60 1432//60
f 1437//60 1438//60 1434//60
f 1438//60 1439//60 1436//60
f 1439//60 1300//60 1299//60
f 1421//59 1440//59 1437//60
f 1440//59 1441//59 1438//60
f 1441//59 1442//59 1439//60
f 1442//59 1301//59 1300//60
f 1228//59 1273//59 1440//59
f 1273//59 1277//59 1441//59
f 1277//59 1281//59 1442//59
f 1281//59 1514//59 1301//59
f 1431//59 1444//60 1443//60
f 1444//60 1446//60 1445//60
f 1446//60 1448//59 1447//59
f 1448//59 1369//59 1368//59
f 1433//59 1449//60 1444//60
f 1449//60 1450//60 1446//60
f 1450//60 1451//59 1448//59
f 1451//59 1370//59 1369//59
f 1435//59 1452//60 1449//60
f 1452//60 1453//60 1450//60
f 1453//60 1454//59 1451//59
f 1454//59 1371//59 1370//59
f 1298//59 1343//60 1452//60
f 1343//60 1347//60 1453//60
f 1347//60 1351//59 1454//59
f 1351//59 1516//59 1371//59
f 1443//60 1455//60 1415//59
f 1455//60 1456//60 1423//59
f 1456//60 1457//60 1427//59
f 1445//60 1458//60 1455//60
f 1458//60 1459//60 1456//60
f 1459//60 1460//60 1457//60
f 1447//59 1461//59 1458//60
f 1461//59 1462//59 1459//60
f 1462//59 1463//59 1460//60
f 1368//59 1409//59 1461//59
f 1409//59 1413//59 1462//59
f 1413//59 1414//59 1463//59
f 1464//61 1467//62 1465//62
f 1467//62 1469//62 1468//62
f 1469//62 1471//61 1470//61
f 1471//61 1263//61 1238//61
f 1472//61 1473//62 1467//62
f 1473//62 1474//62 1469//62
f 1474//62 1475//61 1471//61
f 1475//61 1264//61 1263//61
f 1476//61 1477//62 1473//62
f 1477//62 1478//62 1474//62
f 1478//62 1479//61 1475//61
f 1479//61 1265//61 1264//61
f 1308//61 1312//62 1477//62
f 1312//62 1316//62 1478//62
f 1316//62 1317//61 1479//61
f 1317//61 1513//61 1265//61
f 1465//62 1481//62 1480//61
f 1481//62 1483//62 1482//61
f 1483//62 1485//62 1484//61
f 1468//62 1486//62 1481//62
f 1486//62 1487//62 1483//62
f 1487//62 1488//62 1485//62
f 1470//61 1489//61 1486//62
f 1489//61 1490//61 1487//62
f 1490//61 1491//61 1488//62
f 1238//61 1242//61 1489//61
f 1242//61 1246//61 1490//61
f 1246//61 1247//61 1491//61
f 1480//61 1493//62 1492//62
f 1493//62 1495//62 1494//62
f 1495//62 1497//61 1496//61
f 1497//61 1400//61 1378//61
f 1482//61 1498//62 1493//62
f 1498//62 1499//62 1495//62
f 1499//62 1500//61 1497//61
f 1500//61 1401//61 1400//61
f 1484//61 1501//62 1498//62
f 1501//62 1502//62 1499//62
f 1502//62 1503//61 1500//61
f 1503//61 1402//61 1401//61
f 1492//62 1504//62 1464//61
f 1504//62 1505//62 1472//61
f 1505//62 1506//62 1476//61
f 1506//62 1333//62 1308//61
f 1494//62 1507//62 1504//62
f 1507//62 1508//62 1505//62
f 1508//62 1509//62 1506//62
f 1509//62 1334//62 1333//62
f 1496//61 1510//61 1507//62
f 1510//61 1511//61 1508//62
f 1511//61 1512//61 1509//62
f 1512//61 1335//61 1334//62
f 1378//61 1382//61 1510//61
f 1382//61 1386//61 1511//61
f 1386//61 1387//61 1512//61
f 1387//61 1515//61 1335//61
