# Blender 4.3.2
# www.blender.org
mtllib plate40mm.mtl
o bottomplane40mm
v 0.019218 -0.000613 -0.020000
v 0.019929 -0.000613 -0.020000
v 0.019573 -0.000829 -0.020000
v 0.018862 -0.000829 -0.020000
v 0.019286 -0.001000 -0.020000
v 0.020000 -0.001000 -0.020000
v 0.018506 -0.000613 -0.020000
v 0.020000 -0.000750 -0.020000
v 0.018150 -0.000397 -0.020000
v 0.018862 -0.000397 -0.020000
v 0.018506 -0.000181 -0.020000
v 0.019218 -0.000181 -0.020000
v 0.017794 -0.000181 -0.020000
v 0.019286 0.000000 -0.020000
v 0.020000 0.000000 -0.020000
v 0.019929 -0.000181 -0.020000
v 0.017857 0.000000 -0.020000
v 0.018571 0.000000 -0.020000
v 0.019573 -0.000397 -0.020000
v 0.020000 -0.000250 -0.020000
v 0.020000 -0.000500 -0.020000
v 0.014947 -0.000613 -0.020000
v 0.015659 -0.000613 -0.020000
v 0.015303 -0.000829 -0.020000
v 0.014591 -0.000829 -0.020000
v 0.015000 -0.001000 -0.020000
v 0.015714 -0.001000 -0.020000
v 0.014235 -0.000613 -0.020000
v 0.013523 -0.000613 -0.020000
v 0.013879 -0.000829 -0.020000
v 0.013168 -0.000829 -0.020000
v 0.013571 -0.001000 -0.020000
v 0.014286 -0.001000 -0.020000
v 0.012812 -0.000613 -0.020000
v 0.015303 -0.000397 -0.020000
v 0.016015 -0.000397 -0.020000
v 0.015659 -0.000181 -0.020000
v 0.016370 -0.000181 -0.020000
v 0.014947 -0.000181 -0.020000
v 0.016429 0.000000 -0.020000
v 0.017143 0.000000 -0.020000
v 0.017082 -0.000181 -0.020000
v 0.015000 0.000000 -0.020000
v 0.015714 0.000000 -0.020000
v 0.012456 -0.000397 -0.020000
v 0.013168 -0.000397 -0.020000
v 0.012812 -0.000181 -0.020000
v 0.013523 -0.000181 -0.020000
v 0.012100 -0.000181 -0.020000
v 0.013571 0.000000 -0.020000
v 0.014286 0.000000 -0.020000
v 0.014235 -0.000181 -0.020000
v 0.012143 0.000000 -0.020000
v 0.012857 0.000000 -0.020000
v 0.013879 -0.000397 -0.020000
v 0.014591 -0.000397 -0.020000
v 0.016726 -0.000397 -0.020000
v 0.016370 -0.000613 -0.020000
v 0.017082 -0.000613 -0.020000
v 0.017438 -0.000397 -0.020000
v 0.017794 -0.000613 -0.020000
v 0.016015 -0.000829 -0.020000
v 0.016429 -0.001000 -0.020000
v 0.018150 -0.000829 -0.020000
v 0.018571 -0.001000 -0.020000
v 0.017438 -0.000829 -0.020000
v 0.017857 -0.001000 -0.020000
v 0.016726 -0.000829 -0.020000
v 0.017143 -0.001000 -0.020000
v 0.009253 -0.000613 -0.020000
v 0.009965 -0.000613 -0.020000
v 0.009609 -0.000829 -0.020000
v 0.008897 -0.000829 -0.020000
v 0.009286 -0.001000 -0.020000
v 0.010000 -0.001000 -0.020000
v 0.008541 -0.000613 -0.020000
v 0.007829 -0.000613 -0.020000
v 0.008185 -0.000829 -0.020000
v 0.007473 -0.000829 -0.020000
v 0.007857 -0.001000 -0.020000
v 0.008571 -0.001000 -0.020000
v 0.007118 -0.000613 -0.020000
v 0.009609 -0.000397 -0.020000
v 0.010321 -0.000397 -0.020000
v 0.009965 -0.000181 -0.020000
v 0.010676 -0.000181 -0.020000
v 0.009253 -0.000181 -0.020000
v 0.010714 0.000000 -0.020000
v 0.011429 0.000000 -0.020000
v 0.011388 -0.000181 -0.020000
v 0.009286 0.000000 -0.020000
v 0.010000 0.000000 -0.020000
v 0.006762 -0.000397 -0.020000
v 0.007473 -0.000397 -0.020000
v 0.007118 -0.000181 -0.020000
v 0.007829 -0.000181 -0.020000
v 0.006406 -0.000181 -0.020000
v 0.007857 0.000000 -0.020000
v 0.008571 0.000000 -0.020000
v 0.008541 -0.000181 -0.020000
v 0.006429 0.000000 -0.020000
v 0.007143 0.000000 -0.020000
v 0.008185 -0.000397 -0.020000
v 0.008897 -0.000397 -0.020000
v 0.003559 -0.000613 -0.020000
v 0.004271 -0.000613 -0.020000
v 0.003915 -0.000829 -0.020000
v 0.003203 -0.000829 -0.020000
v 0.003571 -0.001000 -0.020000
v 0.004286 -0.001000 -0.020000
v 0.002847 -0.000613 -0.020000
v 0.002135 -0.000613 -0.020000
v 0.002491 -0.000829 -0.020000
v 0.001779 -0.000829 -0.020000
v 0.002143 -0.001000 -0.020000
v 0.002857 -0.001000 -0.020000
v 0.001424 -0.000613 -0.020000
v 0.003915 -0.000397 -0.020000
v 0.004626 -0.000397 -0.020000
v 0.004271 -0.000181 -0.020000
v 0.004982 -0.000181 -0.020000
v 0.003559 -0.000181 -0.020000
v 0.005000 0.000000 -0.020000
v 0.005714 0.000000 -0.020000
v 0.005694 -0.000181 -0.020000
v 0.003571 0.000000 -0.020000
v 0.004286 0.000000 -0.020000
v 0.001068 -0.000397 -0.020000
v 0.001779 -0.000397 -0.020000
v 0.001424 -0.000181 -0.020000
v 0.002135 -0.000181 -0.020000
v 0.000712 -0.000181 -0.020000
v 0.002143 0.000000 -0.020000
v 0.002857 0.000000 -0.020000
v 0.002847 -0.000181 -0.020000
v 0.000714 0.000000 -0.020000
v 0.001429 0.000000 -0.020000
v 0.002491 -0.000397 -0.020000
v 0.003203 -0.000397 -0.020000
v 0.005338 -0.000397 -0.020000
v 0.004982 -0.000613 -0.020000
v 0.005694 -0.000613 -0.020000
v 0.006050 -0.000397 -0.020000
v 0.006406 -0.000613 -0.020000
v 0.004626 -0.000829 -0.020000
v 0.005000 -0.001000 -0.020000
v 0.006762 -0.000829 -0.020000
v 0.007143 -0.001000 -0.020000
v 0.006050 -0.000829 -0.020000
v 0.006429 -0.001000 -0.020000
v 0.005338 -0.000829 -0.020000
v 0.005714 -0.001000 -0.020000
v 0.011032 -0.000397 -0.020000
v 0.010676 -0.000613 -0.020000
v 0.011388 -0.000613 -0.020000
v 0.011744 -0.000397 -0.020000
v 0.012100 -0.000613 -0.020000
v 0.010321 -0.000829 -0.020000
v 0.010714 -0.001000 -0.020000
v 0.012456 -0.000829 -0.020000
v 0.012857 -0.001000 -0.020000
v 0.011744 -0.000829 -0.020000
v 0.012143 -0.001000 -0.020000
v 0.011032 -0.000829 -0.020000
v 0.011429 -0.001000 -0.020000
v -0.002135 -0.000613 -0.020000
v -0.001424 -0.000613 -0.020000
v -0.001779 -0.000829 -0.020000
v -0.002491 -0.000829 -0.020000
v -0.002143 -0.001000 -0.020000
v -0.001429 -0.001000 -0.020000
v -0.002847 -0.000613 -0.020000
v -0.003559 -0.000613 -0.020000
v -0.003203 -0.000829 -0.020000
v -0.003915 -0.000829 -0.020000
v -0.003571 -0.001000 -0.020000
v -0.002857 -0.001000 -0.020000
v -0.004271 -0.000613 -0.020000
v -0.001779 -0.000397 -0.020000
v -0.001068 -0.000397 -0.020000
v -0.001424 -0.000181 -0.020000
v -0.000712 -0.000181 -0.020000
v -0.002135 -0.000181 -0.020000
v -0.000714 0.000000 -0.020000
v 0.000000 0.000000 -0.020000
v -0.002143 0.000000 -0.020000
v -0.001429 0.000000 -0.020000
v -0.004626 -0.000397 -0.020000
v -0.003915 -0.000397 -0.020000
v -0.004271 -0.000181 -0.020000
v -0.003559 -0.000181 -0.020000
v -0.004982 -0.000181 -0.020000
v -0.003571 0.000000 -0.020000
v -0.002857 0.000000 -0.020000
v -0.005000 0.000000 -0.020000
v -0.004286 0.000000 -0.020000
v -0.002847 -0.000181 -0.020000
v -0.003203 -0.000397 -0.020000
v -0.002491 -0.000397 -0.020000
v -0.007829 -0.000613 -0.020000
v -0.007118 -0.000613 -0.020000
v -0.007473 -0.000829 -0.020000
v -0.008185 -0.000829 -0.020000
v -0.007857 -0.001000 -0.020000
v -0.007143 -0.001000 -0.020000
v -0.008541 -0.000613 -0.020000
v -0.009253 -0.000613 -0.020000
v -0.008897 -0.000829 -0.020000
v -0.009609 -0.000829 -0.020000
v -0.009286 -0.001000 -0.020000
v -0.008571 -0.001000 -0.020000
v -0.009965 -0.000613 -0.020000
v -0.007473 -0.000397 -0.020000
v -0.006762 -0.000397 -0.020000
v -0.007118 -0.000181 -0.020000
v -0.006406 -0.000181 -0.020000
v -0.007829 -0.000181 -0.020000
v -0.006429 0.000000 -0.020000
v -0.005714 0.000000 -0.020000
v -0.007857 0.000000 -0.020000
v -0.007143 0.000000 -0.020000
v -0.010321 -0.000397 -0.020000
v -0.009609 -0.000397 -0.020000
v -0.009965 -0.000181 -0.020000
v -0.009253 -0.000181 -0.020000
v -0.010676 -0.000181 -0.020000
v -0.009286 0.000000 -0.020000
v -0.008571 0.000000 -0.020000
v -0.010714 0.000000 -0.020000
v -0.010000 0.000000 -0.020000
v -0.008541 -0.000181 -0.020000
v -0.008897 -0.000397 -0.020000
v -0.008185 -0.000397 -0.020000
v -0.005694 -0.000181 -0.020000
v -0.006050 -0.000397 -0.020000
v -0.006406 -0.000613 -0.020000
v -0.005694 -0.000613 -0.020000
v -0.005338 -0.000397 -0.020000
v -0.004982 -0.000613 -0.020000
v -0.006762 -0.000829 -0.020000
v -0.006429 -0.001000 -0.020000
v -0.004626 -0.000829 -0.020000
v -0.004286 -0.001000 -0.020000
v -0.005338 -0.000829 -0.020000
v -0.005000 -0.001000 -0.020000
v -0.006050 -0.000829 -0.020000
v -0.005714 -0.001000 -0.020000
v -0.013523 -0.000613 -0.020000
v -0.012812 -0.000613 -0.020000
v -0.013168 -0.000829 -0.020000
v -0.013879 -0.000829 -0.020000
v -0.013571 -0.001000 -0.020000
v -0.012857 -0.001000 -0.020000
v -0.014235 -0.000613 -0.020000
v -0.014947 -0.000613 -0.020000
v -0.014591 -0.000829 -0.020000
v -0.015303 -0.000829 -0.020000
v -0.015000 -0.001000 -0.020000
v -0.015659 -0.000613 -0.020000
v -0.013168 -0.000397 -0.020000
v -0.012456 -0.000397 -0.020000
v -0.014286 -0.001000 -0.020000
v -0.012812 -0.000181 -0.020000
v -0.012100 -0.000181 -0.020000
v -0.013523 -0.000181 -0.020000
v -0.012143 0.000000 -0.020000
v -0.011429 0.000000 -0.020000
v -0.013571 0.000000 -0.020000
v -0.012857 0.000000 -0.020000
v -0.016015 -0.000397 -0.020000
v -0.015303 -0.000397 -0.020000
v -0.015659 -0.000181 -0.020000
v -0.014947 -0.000181 -0.020000
v -0.016370 -0.000181 -0.020000
v -0.015000 0.000000 -0.020000
v -0.014286 0.000000 -0.020000
v -0.016429 0.000000 -0.020000
v -0.015714 0.000000 -0.020000
v -0.014235 -0.000181 -0.020000
v -0.014591 -0.000397 -0.020000
v -0.013879 -0.000397 -0.020000
v -0.019218 -0.000613 -0.020000
v -0.018506 -0.000613 -0.020000
v -0.018862 -0.000829 -0.020000
v -0.019573 -0.000829 -0.020000
v -0.019286 -0.001000 -0.020000
v -0.018571 -0.001000 -0.020000
v -0.019929 -0.000613 -0.020000
v -0.020000 -0.000500 -0.020000
v -0.020000 -0.000750 -0.020000
v -0.020000 -0.001000 -0.020000
v -0.018862 -0.000397 -0.020000
v -0.018150 -0.000397 -0.020000
v -0.018506 -0.000181 -0.020000
v -0.017794 -0.000181 -0.020000
v -0.019218 -0.000181 -0.020000
v -0.017857 0.000000 -0.020000
v -0.017143 0.000000 -0.020000
v -0.019286 0.000000 -0.020000
v -0.018571 0.000000 -0.020000
v -0.019929 -0.000181 -0.020000
v -0.020000 0.000000 -0.020000
v -0.019573 -0.000397 -0.020000
v -0.020000 -0.000250 -0.020000
v -0.017082 -0.000181 -0.020000
v -0.017438 -0.000397 -0.020000
v -0.017794 -0.000613 -0.020000
v -0.017082 -0.000613 -0.020000
v -0.016726 -0.000397 -0.020000
v -0.016370 -0.000613 -0.020000
v -0.018150 -0.000829 -0.020000
v -0.017857 -0.001000 -0.020000
v -0.016015 -0.000829 -0.020000
v -0.015714 -0.001000 -0.020000
v -0.016726 -0.000829 -0.020000
v -0.016429 -0.001000 -0.020000
v -0.017438 -0.000829 -0.020000
v -0.017143 -0.001000 -0.020000
v -0.011388 -0.000181 -0.020000
v -0.011744 -0.000397 -0.020000
v -0.012100 -0.000613 -0.020000
v -0.011388 -0.000613 -0.020000
v -0.011032 -0.000397 -0.020000
v -0.010676 -0.000613 -0.020000
v -0.012456 -0.000829 -0.020000
v -0.012143 -0.001000 -0.020000
v -0.010321 -0.000829 -0.020000
v -0.010000 -0.001000 -0.020000
v -0.011032 -0.000829 -0.020000
v -0.010714 -0.001000 -0.020000
v -0.011744 -0.000829 -0.020000
v -0.011429 -0.001000 -0.020000
v 0.000000 -0.000181 -0.020000
v -0.000356 -0.000397 -0.020000
v -0.000712 -0.000613 -0.020000
v 0.000000 -0.000613 -0.020000
v 0.000356 -0.000397 -0.020000
v 0.000712 -0.000613 -0.020000
v -0.001068 -0.000829 -0.020000
v -0.000714 -0.001000 -0.020000
v 0.001068 -0.000829 -0.020000
v 0.001429 -0.001000 -0.020000
v 0.000356 -0.000829 -0.020000
v 0.000714 -0.001000 -0.020000
v -0.000356 -0.000829 -0.020000
v 0.000000 -0.001000 -0.020000
v 0.020000 -0.000613 0.019217
v 0.020000 -0.000613 0.019929
v 0.020000 -0.000829 0.019573
v 0.020000 -0.000829 0.018861
v 0.020000 -0.001000 0.019285
v 0.020000 -0.001000 0.020000
v 0.020000 -0.000613 0.018505
v 0.020000 -0.000750 0.020000
v 0.020000 -0.000397 0.018149
v 0.020000 -0.000397 0.018861
v 0.020000 -0.000181 0.018505
v 0.020000 -0.000181 0.019217
v 0.020000 -0.000181 0.017794
v 0.020000 0.000000 0.019285
v 0.020000 0.000000 0.020000
v 0.020000 -0.000181 0.019929
v 0.020000 0.000000 0.017857
v 0.020000 0.000000 0.018571
v 0.020000 -0.000397 0.019573
v 0.020000 -0.000250 0.020000
v 0.020000 -0.000500 0.020000
v 0.020000 -0.000613 0.014947
v 0.020000 -0.000613 0.015658
v 0.020000 -0.000829 0.015302
v 0.020000 -0.000829 0.014591
v 0.020000 -0.001000 0.015000
v 0.020000 -0.001000 0.015714
v 0.020000 -0.000613 0.014235
v 0.020000 -0.000613 0.013523
v 0.020000 -0.000829 0.013879
v 0.020000 -0.000829 0.013167
v 0.020000 -0.001000 0.013571
v 0.020000 -0.001000 0.014285
v 0.020000 -0.000613 0.012811
v 0.020000 -0.000397 0.015302
v 0.020000 -0.000397 0.016014
v 0.020000 -0.000181 0.015658
v 0.020000 -0.000181 0.016370
v 0.020000 -0.000181 0.014947
v 0.020000 0.000000 0.016428
v 0.020000 0.000000 0.017143
v 0.020000 -0.000181 0.017082
v 0.020000 0.000000 0.015000
v 0.020000 0.000000 0.015714
v 0.020000 -0.000397 0.012455
v 0.020000 -0.000397 0.013167
v 0.020000 -0.000181 0.012811
v 0.020000 -0.000181 0.013523
v 0.020000 -0.000181 0.012100
v 0.020000 0.000000 0.013571
v 0.020000 0.000000 0.014285
v 0.020000 -0.000181 0.014235
v 0.020000 0.000000 0.012142
v 0.020000 0.000000 0.012857
v 0.020000 -0.000397 0.013879
v 0.020000 -0.000397 0.014591
v 0.020000 -0.000397 0.016726
v 0.020000 -0.000613 0.016370
v 0.020000 -0.000613 0.017082
v 0.020000 -0.000397 0.017438
v 0.020000 -0.000613 0.017794
v 0.020000 -0.000829 0.016014
v 0.020000 -0.001000 0.016428
v 0.020000 -0.000829 0.018149
v 0.020000 -0.001000 0.018571
v 0.020000 -0.000829 0.017438
v 0.020000 -0.001000 0.017857
v 0.020000 -0.000829 0.016726
v 0.020000 -0.001000 0.017143
v 0.020000 -0.000613 0.009252
v 0.020000 -0.000613 0.009964
v 0.020000 -0.000829 0.009608
v 0.020000 -0.000829 0.008897
v 0.020000 -0.001000 0.009285
v 0.020000 -0.001000 0.010000
v 0.020000 -0.000613 0.008541
v 0.020000 -0.000613 0.007829
v 0.020000 -0.000829 0.008185
v 0.020000 -0.000829 0.007473
v 0.020000 -0.001000 0.007857
v 0.020000 -0.001000 0.008571
v 0.020000 -0.000613 0.007117
v 0.020000 -0.000397 0.009608
v 0.020000 -0.000397 0.010320
v 0.020000 -0.000181 0.009964
v 0.020000 -0.000181 0.010676
v 0.020000 -0.000181 0.009252
v 0.020000 0.000000 0.010714
v 0.020000 0.000000 0.011428
v 0.020000 -0.000181 0.011388
v 0.020000 0.000000 0.009285
v 0.020000 0.000000 0.010000
v 0.020000 -0.000397 0.006761
v 0.020000 -0.000397 0.007473
v 0.020000 -0.000181 0.007117
v 0.020000 -0.000181 0.007829
v 0.020000 -0.000181 0.006405
v 0.020000 0.000000 0.007857
v 0.020000 0.000000 0.008571
v 0.020000 -0.000181 0.008541
v 0.020000 0.000000 0.006428
v 0.020000 0.000000 0.007142
v 0.020000 -0.000397 0.008185
v 0.020000 -0.000397 0.008897
v 0.020000 -0.000613 0.003558
v 0.020000 -0.000613 0.004270
v 0.020000 -0.000829 0.003914
v 0.020000 -0.000829 0.003203
v 0.020000 -0.001000 0.003571
v 0.020000 -0.001000 0.004285
v 0.020000 -0.000613 0.002847
v 0.020000 -0.000613 0.002135
v 0.020000 -0.000829 0.002491
v 0.020000 -0.000829 0.001779
v 0.020000 -0.001000 0.002142
v 0.020000 -0.001000 0.002857
v 0.020000 -0.000613 0.001423
v 0.020000 -0.000397 0.003914
v 0.020000 -0.000397 0.004626
v 0.020000 -0.000181 0.004270
v 0.020000 -0.000181 0.004982
v 0.020000 -0.000181 0.003558
v 0.020000 0.000000 0.005000
v 0.020000 0.000000 0.005714
v 0.020000 -0.000181 0.005694
v 0.020000 0.000000 0.003571
v 0.020000 0.000000 0.004285
v 0.020000 -0.000397 0.001067
v 0.020000 -0.000397 0.001779
v 0.020000 -0.000181 0.001423
v 0.020000 -0.000181 0.002135
v 0.020000 -0.000181 0.000711
v 0.020000 0.000000 0.002142
v 0.020000 0.000000 0.002857
v 0.020000 -0.000181 0.002847
v 0.020000 0.000000 0.000714
v 0.020000 0.000000 0.001428
v 0.020000 -0.000397 0.002491
v 0.020000 -0.000397 0.003203
v 0.020000 -0.000397 0.005338
v 0.020000 -0.000613 0.004982
v 0.020000 -0.000613 0.005694
v 0.020000 -0.000397 0.006050
v 0.020000 -0.000613 0.006405
v 0.020000 -0.000829 0.004626
v 0.020000 -0.001000 0.005000
v 0.020000 -0.000829 0.006761
v 0.020000 -0.001000 0.007142
v 0.020000 -0.000829 0.006050
v 0.020000 -0.001000 0.006428
v 0.020000 -0.000829 0.005338
v 0.020000 -0.001000 0.005714
v 0.020000 -0.000397 0.011032
v 0.020000 -0.000613 0.010676
v 0.020000 -0.000613 0.011388
v 0.020000 -0.000397 0.011744
v 0.020000 -0.000613 0.012100
v 0.020000 -0.000829 0.010320
v 0.020000 -0.001000 0.010714
v 0.020000 -0.000829 0.012455
v 0.020000 -0.001000 0.012857
v 0.020000 -0.000829 0.011744
v 0.020000 -0.001000 0.012142
v 0.020000 -0.000829 0.011032
v 0.020000 -0.001000 0.011428
v 0.020000 -0.000613 -0.002136
v 0.020000 -0.000613 -0.001424
v 0.020000 -0.000829 -0.001780
v 0.020000 -0.000829 -0.002492
v 0.020000 -0.001000 -0.002143
v 0.020000 -0.001000 -0.001429
v 0.020000 -0.000613 -0.002847
v 0.020000 -0.000613 -0.003559
v 0.020000 -0.000829 -0.003203
v 0.020000 -0.000829 -0.003915
v 0.020000 -0.001000 -0.003572
v 0.020000 -0.001000 -0.002858
v 0.020000 -0.000613 -0.004271
v 0.020000 -0.000397 -0.001780
v 0.020000 -0.000397 -0.001068
v 0.020000 -0.000181 -0.001424
v 0.020000 -0.000181 -0.000712
v 0.020000 -0.000181 -0.002136
v 0.020000 0.000000 -0.000715
v 0.020000 0.000000 -0.000000
v 0.020000 0.000000 -0.002143
v 0.020000 0.000000 -0.001429
v 0.020000 -0.000397 -0.004627
v 0.020000 -0.000397 -0.003915
v 0.020000 -0.000181 -0.004271
v 0.020000 -0.000181 -0.003559
v 0.020000 -0.000181 -0.004983
v 0.020000 0.000000 -0.003572
v 0.020000 0.000000 -0.002858
v 0.020000 0.000000 -0.005000
v 0.020000 0.000000 -0.004286
v 0.020000 -0.000181 -0.002847
v 0.020000 -0.000397 -0.003203
v 0.020000 -0.000397 -0.002492
v 0.020000 -0.000613 -0.007830
v 0.020000 -0.000613 -0.007118
v 0.020000 -0.000829 -0.007474
v 0.020000 -0.000829 -0.008186
v 0.020000 -0.001000 -0.007858
v 0.020000 -0.001000 -0.007143
v 0.020000 -0.000613 -0.008542
v 0.020000 -0.000613 -0.009253
v 0.020000 -0.000829 -0.008897
v 0.020000 -0.000829 -0.009609
v 0.020000 -0.001000 -0.009286
v 0.020000 -0.001000 -0.008572
v 0.020000 -0.000613 -0.009965
v 0.020000 -0.000397 -0.007474
v 0.020000 -0.000397 -0.006762
v 0.020000 -0.000181 -0.007118
v 0.020000 -0.000181 -0.006406
v 0.020000 -0.000181 -0.007830
v 0.020000 0.000000 -0.006429
v 0.020000 0.000000 -0.005715
v 0.020000 0.000000 -0.007858
v 0.020000 0.000000 -0.007143
v 0.020000 -0.000397 -0.010321
v 0.020000 -0.000397 -0.009609
v 0.020000 -0.000181 -0.009965
v 0.020000 -0.000181 -0.009253
v 0.020000 -0.000181 -0.010677
v 0.020000 0.000000 -0.009286
v 0.020000 0.000000 -0.008572
v 0.020000 0.000000 -0.010715
v 0.020000 0.000000 -0.010000
v 0.020000 -0.000181 -0.008542
v 0.020000 -0.000397 -0.008897
v 0.020000 -0.000397 -0.008186
v 0.020000 -0.000181 -0.005694
v 0.020000 -0.000397 -0.006050
v 0.020000 -0.000613 -0.006406
v 0.020000 -0.000613 -0.005694
v 0.020000 -0.000397 -0.005339
v 0.020000 -0.000613 -0.004983
v 0.020000 -0.000829 -0.006762
v 0.020000 -0.001000 -0.006429
v 0.020000 -0.000829 -0.004627
v 0.020000 -0.001000 -0.004286
v 0.020000 -0.000829 -0.005339
v 0.020000 -0.001000 -0.005000
v 0.020000 -0.000829 -0.006050
v 0.020000 -0.001000 -0.005715
v 0.020000 -0.000613 -0.013524
v 0.020000 -0.000613 -0.012812
v 0.020000 -0.000829 -0.013168
v 0.020000 -0.000829 -0.013880
v 0.020000 -0.001000 -0.013572
v 0.020000 -0.001000 -0.012858
v 0.020000 -0.000613 -0.014236
v 0.020000 -0.000613 -0.014947
v 0.020000 -0.000829 -0.014591
v 0.020000 -0.000829 -0.015303
v 0.020000 -0.001000 -0.015000
v 0.020000 -0.000613 -0.015659
v 0.020000 -0.000397 -0.013168
v 0.020000 -0.000397 -0.012456
v 0.020000 -0.001000 -0.014286
v 0.020000 -0.000181 -0.012812
v 0.020000 -0.000181 -0.012100
v 0.020000 -0.000181 -0.013524
v 0.020000 0.000000 -0.012143
v 0.020000 0.000000 -0.011429
v 0.020000 0.000000 -0.013572
v 0.020000 0.000000 -0.012858
v 0.020000 -0.000397 -0.016015
v 0.020000 -0.000397 -0.015303
v 0.020000 -0.000181 -0.015659
v 0.020000 -0.000181 -0.014947
v 0.020000 -0.000181 -0.016371
v 0.020000 0.000000 -0.015000
v 0.020000 0.000000 -0.014286
v 0.020000 0.000000 -0.016429
v 0.020000 0.000000 -0.015715
v 0.020000 -0.000181 -0.014236
v 0.020000 -0.000397 -0.014591
v 0.020000 -0.000397 -0.013880
v 0.020000 -0.000613 -0.019218
v 0.020000 -0.000613 -0.018506
v 0.020000 -0.000829 -0.018862
v 0.020000 -0.000829 -0.019574
v 0.020000 -0.001000 -0.019286
v 0.020000 -0.001000 -0.018572
v 0.020000 -0.000613 -0.019930
v 0.020000 -0.000397 -0.018862
v 0.020000 -0.000397 -0.018150
v 0.020000 -0.000181 -0.018506
v 0.020000 -0.000181 -0.017794
v 0.020000 -0.000181 -0.019218
v 0.020000 0.000000 -0.017858
v 0.020000 0.000000 -0.017143
v 0.020000 0.000000 -0.019286
v 0.020000 0.000000 -0.018572
v 0.020000 -0.000181 -0.019930
v 0.020000 -0.000397 -0.019574
v 0.020000 -0.000181 -0.017083
v 0.020000 -0.000397 -0.017439
v 0.020000 -0.000613 -0.017794
v 0.020000 -0.000613 -0.017083
v 0.020000 -0.000397 -0.016727
v 0.020000 -0.000613 -0.016371
v 0.020000 -0.000829 -0.018150
v 0.020000 -0.001000 -0.017858
v 0.020000 -0.000829 -0.016015
v 0.020000 -0.001000 -0.015715
v 0.020000 -0.000829 -0.016727
v 0.020000 -0.001000 -0.016429
v 0.020000 -0.000829 -0.017439
v 0.020000 -0.001000 -0.017143
v 0.020000 -0.000181 -0.011389
v 0.020000 -0.000397 -0.011744
v 0.020000 -0.000613 -0.012100
v 0.020000 -0.000613 -0.011389
v 0.020000 -0.000397 -0.011033
v 0.020000 -0.000613 -0.010677
v 0.020000 -0.000829 -0.012456
v 0.020000 -0.001000 -0.012143
v 0.020000 -0.000829 -0.010321
v 0.020000 -0.001000 -0.010000
v 0.020000 -0.000829 -0.011033
v 0.020000 -0.001000 -0.010715
v 0.020000 -0.000829 -0.011744
v 0.020000 -0.001000 -0.011429
v 0.020000 -0.000181 -0.000000
v 0.020000 -0.000397 -0.000356
v 0.020000 -0.000613 -0.000712
v 0.020000 -0.000613 -0.000000
v 0.020000 -0.000397 0.000355
v 0.020000 -0.000613 0.000711
v 0.020000 -0.000829 -0.001068
v 0.020000 -0.001000 -0.000715
v 0.020000 -0.000829 0.001067
v 0.020000 -0.001000 0.001428
v 0.020000 -0.000829 0.000355
v 0.020000 -0.001000 0.000714
v 0.020000 -0.000829 -0.000356
v 0.020000 -0.001000 -0.000000
v -0.019218 -0.000613 0.020000
v -0.019929 -0.000613 0.020000
v -0.019573 -0.000829 0.020000
v -0.018862 -0.000829 0.020000
v -0.019286 -0.001000 0.020000
v -0.020000 -0.001000 0.020000
v -0.018506 -0.000613 0.020000
v -0.020000 -0.000750 0.020000
v -0.018150 -0.000397 0.020000
v -0.018862 -0.000397 0.020000
v -0.018506 -0.000181 0.020000
v -0.019218 -0.000181 0.020000
v -0.017794 -0.000181 0.020000
v -0.019286 0.000000 0.020000
v -0.020000 0.000000 0.020000
v -0.019929 -0.000181 0.020000
v -0.017857 0.000000 0.020000
v -0.018571 0.000000 0.020000
v -0.019573 -0.000397 0.020000
v -0.020000 -0.000250 0.020000
v -0.020000 -0.000500 0.020000
v -0.014947 -0.000613 0.020000
v -0.015659 -0.000613 0.020000
v -0.015303 -0.000829 0.020000
v -0.014591 -0.000829 0.020000
v -0.015000 -0.001000 0.020000
v -0.015714 -0.001000 0.020000
v -0.014235 -0.000613 0.020000
v -0.013523 -0.000613 0.020000
v -0.013879 -0.000829 0.020000
v -0.013168 -0.000829 0.020000
v -0.013571 -0.001000 0.020000
v -0.014286 -0.001000 0.020000
v -0.012812 -0.000613 0.020000
v -0.015303 -0.000397 0.020000
v -0.016015 -0.000397 0.020000
v -0.015659 -0.000181 0.020000
v -0.016370 -0.000181 0.020000
v -0.014947 -0.000181 0.020000
v -0.016429 0.000000 0.020000
v -0.017143 0.000000 0.020000
v -0.017082 -0.000181 0.020000
v -0.015000 0.000000 0.020000
v -0.015714 0.000000 0.020000
v -0.012456 -0.000397 0.020000
v -0.013168 -0.000397 0.020000
v -0.012812 -0.000181 0.020000
v -0.013523 -0.000181 0.020000
v -0.012100 -0.000181 0.020000
v -0.013571 0.000000 0.020000
v -0.014286 0.000000 0.020000
v -0.014235 -0.000181 0.020000
v -0.012143 0.000000 0.020000
v -0.012857 0.000000 0.020000
v -0.013879 -0.000397 0.020000
v -0.014591 -0.000397 0.020000
v -0.016726 -0.000397 0.020000
v -0.016370 -0.000613 0.020000
v -0.017082 -0.000613 0.020000
v -0.017438 -0.000397 0.020000
v -0.017794 -0.000613 0.020000
v -0.016015 -0.000829 0.020000
v -0.016429 -0.001000 0.020000
v -0.018150 -0.000829 0.020000
v -0.018571 -0.001000 0.020000
v -0.017438 -0.000829 0.020000
v -0.017857 -0.001000 0.020000
v -0.016726 -0.000829 0.020000
v -0.017143 -0.001000 0.020000
v -0.009253 -0.000613 0.020000
v -0.009965 -0.000613 0.020000
v -0.009609 -0.000829 0.020000
v -0.008897 -0.000829 0.020000
v -0.009286 -0.001000 0.020000
v -0.010000 -0.001000 0.020000
v -0.008541 -0.000613 0.020000
v -0.007829 -0.000613 0.020000
v -0.008185 -0.000829 0.020000
v -0.007473 -0.000829 0.020000
v -0.007857 -0.001000 0.020000
v -0.008571 -0.001000 0.020000
v -0.007118 -0.000613 0.020000
v -0.009609 -0.000397 0.020000
v -0.010321 -0.000397 0.020000
v -0.009965 -0.000181 0.020000
v -0.010676 -0.000181 0.020000
v -0.009253 -0.000181 0.020000
v -0.010714 0.000000 0.020000
v -0.011429 0.000000 0.020000
v -0.011388 -0.000181 0.020000
v -0.009286 0.000000 0.020000
v -0.010000 0.000000 0.020000
v -0.006762 -0.000397 0.020000
v -0.007473 -0.000397 0.020000
v -0.007118 -0.000181 0.020000
v -0.007829 -0.000181 0.020000
v -0.006406 -0.000181 0.020000
v -0.007857 0.000000 0.020000
v -0.008571 0.000000 0.020000
v -0.008541 -0.000181 0.020000
v -0.006429 0.000000 0.020000
v -0.007143 0.000000 0.020000
v -0.008185 -0.000397 0.020000
v -0.008897 -0.000397 0.020000
v -0.003559 -0.000613 0.020000
v -0.004271 -0.000613 0.020000
v -0.003915 -0.000829 0.020000
v -0.003203 -0.000829 0.020000
v -0.003571 -0.001000 0.020000
v -0.004286 -0.001000 0.020000
v -0.002847 -0.000613 0.020000
v -0.002135 -0.000613 0.020000
v -0.002491 -0.000829 0.020000
v -0.001779 -0.000829 0.020000
v -0.002143 -0.001000 0.020000
v -0.002857 -0.001000 0.020000
v -0.001424 -0.000613 0.020000
v -0.003915 -0.000397 0.020000
v -0.004626 -0.000397 0.020000
v -0.004271 -0.000181 0.020000
v -0.004982 -0.000181 0.020000
v -0.003559 -0.000181 0.020000
v -0.005000 0.000000 0.020000
v -0.005714 0.000000 0.020000
v -0.005694 -0.000181 0.020000
v -0.003571 0.000000 0.020000
v -0.004286 0.000000 0.020000
v -0.001068 -0.000397 0.020000
v -0.001779 -0.000397 0.020000
v -0.001424 -0.000181 0.020000
v -0.002135 -0.000181 0.020000
v -0.000712 -0.000181 0.020000
v -0.002143 0.000000 0.020000
v -0.002857 0.000000 0.020000
v -0.002847 -0.000181 0.020000
v -0.000714 0.000000 0.020000
v -0.001429 0.000000 0.020000
v -0.002491 -0.000397 0.020000
v -0.003203 -0.000397 0.020000
v -0.005338 -0.000397 0.020000
v -0.004982 -0.000613 0.020000
v -0.005694 -0.000613 0.020000
v -0.006050 -0.000397 0.020000
v -0.006406 -0.000613 0.020000
v -0.004626 -0.000829 0.020000
v -0.005000 -0.001000 0.020000
v -0.006762 -0.000829 0.020000
v -0.007143 -0.001000 0.020000
v -0.006050 -0.000829 0.020000
v -0.006429 -0.001000 0.020000
v -0.005338 -0.000829 0.020000
v -0.005714 -0.001000 0.020000
v -0.011032 -0.000397 0.020000
v -0.010676 -0.000613 0.020000
v -0.011388 -0.000613 0.020000
v -0.011744 -0.000397 0.020000
v -0.012100 -0.000613 0.020000
v -0.010321 -0.000829 0.020000
v -0.010714 -0.001000 0.020000
v -0.012456 -0.000829 0.020000
v -0.012857 -0.001000 0.020000
v -0.011744 -0.000829 0.020000
v -0.012143 -0.001000 0.020000
v -0.011032 -0.000829 0.020000
v -0.011429 -0.001000 0.020000
v 0.002135 -0.000613 0.020000
v 0.001424 -0.000613 0.020000
v 0.001779 -0.000829 0.020000
v 0.002491 -0.000829 0.020000
v 0.002143 -0.001000 0.020000
v 0.001429 -0.001000 0.020000
v 0.002847 -0.000613 0.020000
v 0.003559 -0.000613 0.020000
v 0.003203 -0.000829 0.020000
v 0.003915 -0.000829 0.020000
v 0.003571 -0.001000 0.020000
v 0.002857 -0.001000 0.020000
v 0.004271 -0.000613 0.020000
v 0.001779 -0.000397 0.020000
v 0.001068 -0.000397 0.020000
v 0.001424 -0.000181 0.020000
v 0.000712 -0.000181 0.020000
v 0.002135 -0.000181 0.020000
v 0.000714 0.000000 0.020000
v 0.000000 0.000000 0.020000
v 0.002143 0.000000 0.020000
v 0.001429 0.000000 0.020000
v 0.004626 -0.000397 0.020000
v 0.003915 -0.000397 0.020000
v 0.004271 -0.000181 0.020000
v 0.003559 -0.000181 0.020000
v 0.004982 -0.000181 0.020000
v 0.003571 0.000000 0.020000
v 0.002857 0.000000 0.020000
v 0.005000 0.000000 0.020000
v 0.004286 0.000000 0.020000
v 0.002847 -0.000181 0.020000
v 0.003203 -0.000397 0.020000
v 0.002491 -0.000397 0.020000
v 0.007829 -0.000613 0.020000
v 0.007118 -0.000613 0.020000
v 0.007473 -0.000829 0.020000
v 0.008185 -0.000829 0.020000
v 0.007857 -0.001000 0.020000
v 0.007143 -0.001000 0.020000
v 0.008541 -0.000613 0.020000
v 0.009253 -0.000613 0.020000
v 0.008897 -0.000829 0.020000
v 0.009609 -0.000829 0.020000
v 0.009286 -0.001000 0.020000
v 0.008571 -0.001000 0.020000
v 0.009965 -0.000613 0.020000
v 0.007473 -0.000397 0.020000
v 0.006762 -0.000397 0.020000
v 0.007118 -0.000181 0.020000
v 0.006406 -0.000181 0.020000
v 0.007829 -0.000181 0.020000
v 0.006429 0.000000 0.020000
v 0.005714 0.000000 0.020000
v 0.007857 0.000000 0.020000
v 0.007143 0.000000 0.020000
v 0.010321 -0.000397 0.020000
v 0.009609 -0.000397 0.020000
v 0.009965 -0.000181 0.020000
v 0.009253 -0.000181 0.020000
v 0.010676 -0.000181 0.020000
v 0.009286 0.000000 0.020000
v 0.008571 0.000000 0.020000
v 0.010714 0.000000 0.020000
v 0.010000 0.000000 0.020000
v 0.008541 -0.000181 0.020000
v 0.008897 -0.000397 0.020000
v 0.008185 -0.000397 0.020000
v 0.005694 -0.000181 0.020000
v 0.006050 -0.000397 0.020000
v 0.006406 -0.000613 0.020000
v 0.005694 -0.000613 0.020000
v 0.005338 -0.000397 0.020000
v 0.004982 -0.000613 0.020000
v 0.006762 -0.000829 0.020000
v 0.006429 -0.001000 0.020000
v 0.004626 -0.000829 0.020000
v 0.004286 -0.001000 0.020000
v 0.005338 -0.000829 0.020000
v 0.005000 -0.001000 0.020000
v 0.006050 -0.000829 0.020000
v 0.005714 -0.001000 0.020000
v 0.013523 -0.000613 0.020000
v 0.012812 -0.000613 0.020000
v 0.013168 -0.000829 0.020000
v 0.013879 -0.000829 0.020000
v 0.013571 -0.001000 0.020000
v 0.012857 -0.001000 0.020000
v 0.014235 -0.000613 0.020000
v 0.014947 -0.000613 0.020000
v 0.014591 -0.000829 0.020000
v 0.015303 -0.000829 0.020000
v 0.015000 -0.001000 0.020000
v 0.015659 -0.000613 0.020000
v 0.013168 -0.000397 0.020000
v 0.012456 -0.000397 0.020000
v 0.014286 -0.001000 0.020000
v 0.012812 -0.000181 0.020000
v 0.012100 -0.000181 0.020000
v 0.013523 -0.000181 0.020000
v 0.012143 0.000000 0.020000
v 0.011429 0.000000 0.020000
v 0.013571 0.000000 0.020000
v 0.012857 0.000000 0.020000
v 0.016015 -0.000397 0.020000
v 0.015303 -0.000397 0.020000
v 0.015659 -0.000181 0.020000
v 0.014947 -0.000181 0.020000
v 0.016370 -0.000181 0.020000
v 0.015000 0.000000 0.020000
v 0.014286 0.000000 0.020000
v 0.016429 0.000000 0.020000
v 0.015714 0.000000 0.020000
v 0.014235 -0.000181 0.020000
v 0.014591 -0.000397 0.020000
v 0.013879 -0.000397 0.020000
v 0.019218 -0.000613 0.020000
v 0.018506 -0.000613 0.020000
v 0.018862 -0.000829 0.020000
v 0.019573 -0.000829 0.020000
v 0.019286 -0.001000 0.020000
v 0.018571 -0.001000 0.020000
v 0.019929 -0.000613 0.020000
v 0.018862 -0.000397 0.020000
v 0.018150 -0.000397 0.020000
v 0.018506 -0.000181 0.020000
v 0.017794 -0.000181 0.020000
v 0.019218 -0.000181 0.020000
v 0.017857 0.000000 0.020000
v 0.017143 0.000000 0.020000
v 0.019286 0.000000 0.020000
v 0.018571 0.000000 0.020000
v 0.019929 -0.000181 0.020000
v 0.019573 -0.000397 0.020000
v 0.017082 -0.000181 0.020000
v 0.017438 -0.000397 0.020000
v 0.017794 -0.000613 0.020000
v 0.017082 -0.000613 0.020000
v 0.016726 -0.000397 0.020000
v 0.016370 -0.000613 0.020000
v 0.018150 -0.000829 0.020000
v 0.017857 -0.001000 0.020000
v 0.016015 -0.000829 0.020000
v 0.015714 -0.001000 0.020000
v 0.016726 -0.000829 0.020000
v 0.016429 -0.001000 0.020000
v 0.017438 -0.000829 0.020000
v 0.017143 -0.001000 0.020000
v 0.011388 -0.000181 0.020000
v 0.011744 -0.000397 0.020000
v 0.012100 -0.000613 0.020000
v 0.011388 -0.000613 0.020000
v 0.011032 -0.000397 0.020000
v 0.010676 -0.000613 0.020000
v 0.012456 -0.000829 0.020000
v 0.012143 -0.001000 0.020000
v 0.010321 -0.000829 0.020000
v 0.010000 -0.001000 0.020000
v 0.011032 -0.000829 0.020000
v 0.010714 -0.001000 0.020000
v 0.011744 -0.000829 0.020000
v 0.011429 -0.001000 0.020000
v 0.000000 -0.000181 0.020000
v 0.000356 -0.000397 0.020000
v 0.000712 -0.000613 0.020000
v 0.000000 -0.000613 0.020000
v -0.000356 -0.000397 0.020000
v -0.000712 -0.000613 0.020000
v 0.001068 -0.000829 0.020000
v 0.000714 -0.001000 0.020000
v -0.001068 -0.000829 0.020000
v -0.001429 -0.001000 0.020000
v -0.000356 -0.000829 0.020000
v -0.000714 -0.001000 0.020000
v 0.000356 -0.000829 0.020000
v 0.000000 -0.001000 0.020000
v -0.020000 -0.000613 -0.019218
v -0.020000 -0.000613 -0.019930
v -0.020000 -0.000829 -0.019574
v -0.020000 -0.000829 -0.018862
v -0.020000 -0.001000 -0.019286
v -0.020000 -0.000613 -0.018506
v -0.020000 -0.000397 -0.018150
v -0.020000 -0.000397 -0.018862
v -0.020000 -0.000181 -0.018506
v -0.020000 -0.000181 -0.019218
v -0.020000 -0.000181 -0.017794
v -0.020000 0.000000 -0.019286
v -0.020000 -0.000181 -0.019930
v -0.020000 0.000000 -0.017858
v -0.020000 0.000000 -0.018572
v -0.020000 -0.000397 -0.019574
v -0.020000 -0.000613 -0.014947
v -0.020000 -0.000613 -0.015659
v -0.020000 -0.000829 -0.015303
v -0.020000 -0.000829 -0.014591
v -0.020000 -0.001000 -0.015000
v -0.020000 -0.001000 -0.015715
v -0.020000 -0.000613 -0.014236
v -0.020000 -0.000613 -0.013524
v -0.020000 -0.000829 -0.013880
v -0.020000 -0.000829 -0.013168
v -0.020000 -0.001000 -0.013572
v -0.020000 -0.001000 -0.014286
v -0.020000 -0.000613 -0.012812
v -0.020000 -0.000397 -0.015303
v -0.020000 -0.000397 -0.016015
v -0.020000 -0.000181 -0.015659
v -0.020000 -0.000181 -0.016371
v -0.020000 -0.000181 -0.014947
v -0.020000 0.000000 -0.016429
v -0.020000 0.000000 -0.017143
v -0.020000 -0.000181 -0.017083
v -0.020000 0.000000 -0.015000
v -0.020000 0.000000 -0.015715
v -0.020000 -0.000397 -0.012456
v -0.020000 -0.000397 -0.013168
v -0.020000 -0.000181 -0.012812
v -0.020000 -0.000181 -0.013524
v -0.020000 -0.000181 -0.012100
v -0.020000 0.000000 -0.013572
v -0.020000 0.000000 -0.014286
v -0.020000 -0.000181 -0.014236
v -0.020000 0.000000 -0.012143
v -0.020000 0.000000 -0.012858
v -0.020000 -0.000397 -0.013880
v -0.020000 -0.000397 -0.014591
v -0.020000 -0.000397 -0.016727
v -0.020000 -0.000613 -0.016371
v -0.020000 -0.000613 -0.017083
v -0.020000 -0.000397 -0.017439
v -0.020000 -0.000613 -0.017794
v -0.020000 -0.000829 -0.016015
v -0.020000 -0.001000 -0.016429
v -0.020000 -0.000829 -0.018150
v -0.020000 -0.001000 -0.018572
v -0.020000 -0.000829 -0.017439
v -0.020000 -0.001000 -0.017858
v -0.020000 -0.000829 -0.016727
v -0.020000 -0.001000 -0.017143
v -0.020000 -0.000613 -0.009253
v -0.020000 -0.000613 -0.009965
v -0.020000 -0.000829 -0.009609
v -0.020000 -0.000829 -0.008897
v -0.020000 -0.001000 -0.009286
v -0.020000 -0.001000 -0.010000
v -0.020000 -0.000613 -0.008542
v -0.020000 -0.000613 -0.007830
v -0.020000 -0.000829 -0.008186
v -0.020000 -0.000829 -0.007474
v -0.020000 -0.001000 -0.007858
v -0.020000 -0.001000 -0.008572
v -0.020000 -0.000613 -0.007118
v -0.020000 -0.000397 -0.009609
v -0.020000 -0.000397 -0.010321
v -0.020000 -0.000181 -0.009965
v -0.020000 -0.000181 -0.010677
v -0.020000 -0.000181 -0.009253
v -0.020000 0.000000 -0.010715
v -0.020000 0.000000 -0.011429
v -0.020000 -0.000181 -0.011389
v -0.020000 0.000000 -0.009286
v -0.020000 0.000000 -0.010000
v -0.020000 -0.000397 -0.006762
v -0.020000 -0.000397 -0.007474
v -0.020000 -0.000181 -0.007118
v -0.020000 -0.000181 -0.007830
v -0.020000 -0.000181 -0.006406
v -0.020000 0.000000 -0.007858
v -0.020000 0.000000 -0.008572
v -0.020000 -0.000181 -0.008542
v -0.020000 0.000000 -0.006429
v -0.020000 0.000000 -0.007143
v -0.020000 -0.000397 -0.008186
v -0.020000 -0.000397 -0.008897
v -0.020000 -0.000613 -0.003559
v -0.020000 -0.000613 -0.004271
v -0.020000 -0.000829 -0.003915
v -0.020000 -0.000829 -0.003203
v -0.020000 -0.001000 -0.003572
v -0.020000 -0.001000 -0.004286
v -0.020000 -0.000613 -0.002847
v -0.020000 -0.000613 -0.002136
v -0.020000 -0.000829 -0.002492
v -0.020000 -0.000829 -0.001780
v -0.020000 -0.001000 -0.002143
v -0.020000 -0.001000 -0.002858
v -0.020000 -0.000613 -0.001424
v -0.020000 -0.000397 -0.003915
v -0.020000 -0.000397 -0.004627
v -0.020000 -0.000181 -0.004271
v -0.020000 -0.000181 -0.004983
v -0.020000 -0.000181 -0.003559
v -0.020000 0.000000 -0.005000
v -0.020000 0.000000 -0.005715
v -0.020000 -0.000181 -0.005694
v -0.020000 0.000000 -0.003572
v -0.020000 0.000000 -0.004286
v -0.020000 -0.000397 -0.001068
v -0.020000 -0.000397 -0.001780
v -0.020000 -0.000181 -0.001424
v -0.020000 -0.000181 -0.002136
v -0.020000 -0.000181 -0.000712
v -0.020000 0.000000 -0.002143
v -0.020000 0.000000 -0.002858
v -0.020000 -0.000181 -0.002847
v -0.020000 0.000000 -0.000715
v -0.020000 0.000000 -0.001429
v -0.020000 -0.000397 -0.002492
v -0.020000 -0.000397 -0.003203
v -0.020000 -0.000397 -0.005339
v -0.020000 -0.000613 -0.004983
v -0.020000 -0.000613 -0.005694
v -0.020000 -0.000397 -0.006050
v -0.020000 -0.000613 -0.006406
v -0.020000 -0.000829 -0.004627
v -0.020000 -0.001000 -0.005000
v -0.020000 -0.000829 -0.006762
v -0.020000 -0.001000 -0.007143
v -0.020000 -0.000829 -0.006050
v -0.020000 -0.001000 -0.006429
v -0.020000 -0.000829 -0.005339
v -0.020000 -0.001000 -0.005715
v -0.020000 -0.000397 -0.011033
v -0.020000 -0.000613 -0.010677
v -0.020000 -0.000613 -0.011389
v -0.020000 -0.000397 -0.011744
v -0.020000 -0.000613 -0.012100
v -0.020000 -0.000829 -0.010321
v -0.020000 -0.001000 -0.010715
v -0.020000 -0.000829 -0.012456
v -0.020000 -0.001000 -0.012858
v -0.020000 -0.000829 -0.011744
v -0.020000 -0.001000 -0.012143
v -0.020000 -0.000829 -0.011033
v -0.020000 -0.001000 -0.011429
v -0.020000 -0.000613 0.002135
v -0.020000 -0.000613 0.001423
v -0.020000 -0.000829 0.001779
v -0.020000 -0.000829 0.002491
v -0.020000 -0.001000 0.002142
v -0.020000 -0.001000 0.001428
v -0.020000 -0.000613 0.002847
v -0.020000 -0.000613 0.003558
v -0.020000 -0.000829 0.003203
v -0.020000 -0.000829 0.003914
v -0.020000 -0.001000 0.003571
v -0.020000 -0.001000 0.002857
v -0.020000 -0.000613 0.004270
v -0.020000 -0.000397 0.001779
v -0.020000 -0.000397 0.001067
v -0.020000 -0.000181 0.001423
v -0.020000 -0.000181 0.000711
v -0.020000 -0.000181 0.002135
v -0.020000 0.000000 0.000714
v -0.020000 0.000000 -0.000000
v -0.020000 0.000000 0.002142
v -0.020000 0.000000 0.001428
v -0.020000 -0.000397 0.004626
v -0.020000 -0.000397 0.003914
v -0.020000 -0.000181 0.004270
v -0.020000 -0.000181 0.003558
v -0.020000 -0.000181 0.004982
v -0.020000 0.000000 0.003571
v -0.020000 0.000000 0.002857
v -0.020000 0.000000 0.005000
v -0.020000 0.000000 0.004285
v -0.020000 -0.000181 0.002847
v -0.020000 -0.000397 0.003203
v -0.020000 -0.000397 0.002491
v -0.020000 -0.000613 0.007829
v -0.020000 -0.000613 0.007117
v -0.020000 -0.000829 0.007473
v -0.020000 -0.000829 0.008185
v -0.020000 -0.001000 0.007857
v -0.020000 -0.001000 0.007142
v -0.020000 -0.000613 0.008541
v -0.020000 -0.000613 0.009252
v -0.020000 -0.000829 0.008897
v -0.020000 -0.000829 0.009608
v -0.020000 -0.001000 0.009285
v -0.020000 -0.001000 0.008571
v -0.020000 -0.000613 0.009964
v -0.020000 -0.000397 0.007473
v -0.020000 -0.000397 0.006761
v -0.020000 -0.000181 0.007117
v -0.020000 -0.000181 0.006405
v -0.020000 -0.000181 0.007829
v -0.020000 0.000000 0.006428
v -0.020000 0.000000 0.005714
v -0.020000 0.000000 0.007857
v -0.020000 0.000000 0.007142
v -0.020000 -0.000397 0.010320
v -0.020000 -0.000397 0.009608
v -0.020000 -0.000181 0.009964
v -0.020000 -0.000181 0.009252
v -0.020000 -0.000181 0.010676
v -0.020000 0.000000 0.009285
v -0.020000 0.000000 0.008571
v -0.020000 0.000000 0.010714
v -0.020000 0.000000 0.010000
v -0.020000 -0.000181 0.008541
v -0.020000 -0.000397 0.008897
v -0.020000 -0.000397 0.008185
v -0.020000 -0.000181 0.005694
v -0.020000 -0.000397 0.006050
v -0.020000 -0.000613 0.006405
v -0.020000 -0.000613 0.005694
v -0.020000 -0.000397 0.005338
v -0.020000 -0.000613 0.004982
v -0.020000 -0.000829 0.006761
v -0.020000 -0.001000 0.006428
v -0.020000 -0.000829 0.004626
v -0.020000 -0.001000 0.004285
v -0.020000 -0.000829 0.005338
v -0.020000 -0.001000 0.005000
v -0.020000 -0.000829 0.006050
v -0.020000 -0.001000 0.005714
v -0.020000 -0.000613 0.013523
v -0.020000 -0.000613 0.012811
v -0.020000 -0.000829 0.013167
v -0.020000 -0.000829 0.013879
v -0.020000 -0.001000 0.013571
v -0.020000 -0.001000 0.012857
v -0.020000 -0.000613 0.014235
v -0.020000 -0.000613 0.014947
v -0.020000 -0.000829 0.014591
v -0.020000 -0.000829 0.015302
v -0.020000 -0.001000 0.015000
v -0.020000 -0.000613 0.015658
v -0.020000 -0.000397 0.013167
v -0.020000 -0.000397 0.012455
v -0.020000 -0.001000 0.014285
v -0.020000 -0.000181 0.012811
v -0.020000 -0.000181 0.012100
v -0.020000 -0.000181 0.013523
v -0.020000 0.000000 0.012142
v -0.020000 0.000000 0.011428
v -0.020000 0.000000 0.013571
v -0.020000 0.000000 0.012857
v -0.020000 -0.000397 0.016014
v -0.020000 -0.000397 0.015302
v -0.020000 -0.000181 0.015658
v -0.020000 -0.000181 0.014947
v -0.020000 -0.000181 0.016370
v -0.020000 0.000000 0.015000
v -0.020000 0.000000 0.014285
v -0.020000 0.000000 0.016428
v -0.020000 0.000000 0.015714
v -0.020000 -0.000181 0.014235
v -0.020000 -0.000397 0.014591
v -0.020000 -0.000397 0.013879
v -0.020000 -0.000613 0.019217
v -0.020000 -0.000613 0.018505
v -0.020000 -0.000829 0.018861
v -0.020000 -0.000829 0.019573
v -0.020000 -0.001000 0.019285
v -0.020000 -0.001000 0.018571
v -0.020000 -0.000613 0.019929
v -0.020000 -0.000397 0.018861
v -0.020000 -0.000397 0.018149
v -0.020000 -0.000181 0.018505
v -0.020000 -0.000181 0.017794
v -0.020000 -0.000181 0.019217
v -0.020000 0.000000 0.017857
v -0.020000 0.000000 0.017143
v -0.020000 0.000000 0.019285
v -0.020000 0.000000 0.018571
v -0.020000 -0.000181 0.019929
v -0.020000 -0.000397 0.019573
v -0.020000 -0.000181 0.017082
v -0.020000 -0.000397 0.017438
v -0.020000 -0.000613 0.017794
v -0.020000 -0.000613 0.017082
v -0.020000 -0.000397 0.016726
v -0.020000 -0.000613 0.016370
v -0.020000 -0.000829 0.018149
v -0.020000 -0.001000 0.017857
v -0.020000 -0.000829 0.016014
v -0.020000 -0.001000 0.015714
v -0.020000 -0.000829 0.016726
v -0.020000 -0.001000 0.016428
v -0.020000 -0.000829 0.017438
v -0.020000 -0.001000 0.017143
v -0.020000 -0.000181 0.011388
v -0.020000 -0.000397 0.011744
v -0.020000 -0.000613 0.012100
v -0.020000 -0.000613 0.011388
v -0.020000 -0.000397 0.011032
v -0.020000 -0.000613 0.010676
v -0.020000 -0.000829 0.012455
v -0.020000 -0.001000 0.012142
v -0.020000 -0.000829 0.010320
v -0.020000 -0.001000 0.010000
v -0.020000 -0.000829 0.011032
v -0.020000 -0.001000 0.010714
v -0.020000 -0.000829 0.011744
v -0.020000 -0.001000 0.011428
v -0.020000 -0.000181 -0.000000
v -0.020000 -0.000397 0.000355
v -0.020000 -0.000613 0.000711
v -0.020000 -0.000613 -0.000000
v -0.020000 -0.000397 -0.000356
v -0.020000 -0.000613 -0.000712
v -0.020000 -0.000829 0.001067
v -0.020000 -0.001000 0.000714
v -0.020000 -0.000829 -0.001068
v -0.020000 -0.001000 -0.001429
v -0.020000 -0.000829 -0.000356
v -0.020000 -0.001000 -0.000715
v -0.020000 -0.000829 0.000355
v -0.020000 -0.001000 -0.000000
v -0.019347 -0.001000 -0.019976
v -0.019692 -0.001000 -0.019378
v -0.018656 -0.001000 -0.019976
v -0.019001 -0.001000 -0.019378
v -0.017965 -0.001000 -0.019976
v -0.019347 -0.001000 -0.018779
v -0.019692 -0.001000 -0.018181
v -0.019347 -0.001000 -0.017582
v -0.017619 -0.001000 -0.019378
v -0.018310 -0.001000 -0.019378
v -0.017965 -0.001000 -0.018779
v -0.018656 -0.001000 -0.018779
v -0.017274 -0.001000 -0.018779
v -0.018310 -0.001000 -0.018181
v -0.019001 -0.001000 -0.018181
v -0.018656 -0.001000 -0.017582
v -0.017965 -0.001000 -0.017582
v -0.016928 -0.001000 -0.018181
v -0.017619 -0.001000 -0.018181
v -0.017274 -0.001000 -0.017582
v -0.016583 -0.001000 -0.017582
v -0.014510 -0.001000 -0.019976
v -0.014855 -0.001000 -0.019378
v -0.013819 -0.001000 -0.019976
v -0.014164 -0.001000 -0.019378
v -0.013128 -0.001000 -0.019976
v -0.013474 -0.001000 -0.019378
v -0.012437 -0.001000 -0.019976
v -0.012783 -0.001000 -0.019378
v -0.015546 -0.001000 -0.019378
v -0.015201 -0.001000 -0.019976
v -0.015201 -0.001000 -0.018779
v -0.015892 -0.001000 -0.018779
v -0.014510 -0.001000 -0.018779
v -0.015546 -0.001000 -0.018181
v -0.016237 -0.001000 -0.018181
v -0.015892 -0.001000 -0.017582
v -0.015201 -0.001000 -0.017582
v -0.014164 -0.001000 -0.018181
v -0.014855 -0.001000 -0.018181
v -0.014510 -0.001000 -0.017582
v -0.013819 -0.001000 -0.017582
v -0.012092 -0.001000 -0.019378
v -0.012437 -0.001000 -0.018779
v -0.013128 -0.001000 -0.018779
v -0.011746 -0.001000 -0.018779
v -0.012783 -0.001000 -0.018181
v -0.013474 -0.001000 -0.018181
v -0.013128 -0.001000 -0.017582
v -0.012437 -0.001000 -0.017582
v -0.011401 -0.001000 -0.018181
v -0.012092 -0.001000 -0.018181
v -0.011746 -0.001000 -0.017582
v -0.011055 -0.001000 -0.017582
v -0.013819 -0.001000 -0.018779
v -0.016583 -0.001000 -0.018779
v -0.016237 -0.001000 -0.019378
v -0.015892 -0.001000 -0.019976
v -0.016583 -0.001000 -0.019976
v -0.016928 -0.001000 -0.019378
v -0.017274 -0.001000 -0.019976
v -0.008982 -0.001000 -0.019976
v -0.009328 -0.001000 -0.019378
v -0.008291 -0.001000 -0.019976
v -0.008637 -0.001000 -0.019378
v -0.007600 -0.001000 -0.019976
v -0.007946 -0.001000 -0.019378
v -0.006910 -0.001000 -0.019976
v -0.007255 -0.001000 -0.019378
v -0.010019 -0.001000 -0.019378
v -0.009673 -0.001000 -0.019976
v -0.009673 -0.001000 -0.018779
v -0.010364 -0.001000 -0.018779
v -0.008982 -0.001000 -0.018779
v -0.010019 -0.001000 -0.018181
v -0.010710 -0.001000 -0.018181
v -0.010364 -0.001000 -0.017582
v -0.009673 -0.001000 -0.017582
v -0.008637 -0.001000 -0.018181
v -0.009328 -0.001000 -0.018181
v -0.008982 -0.001000 -0.017582
v -0.008291 -0.001000 -0.017582
v -0.006564 -0.001000 -0.019378
v -0.006910 -0.001000 -0.018779
v -0.007600 -0.001000 -0.018779
v -0.006219 -0.001000 -0.018779
v -0.007255 -0.001000 -0.018181
v -0.007946 -0.001000 -0.018181
v -0.007600 -0.001000 -0.017582
v -0.006910 -0.001000 -0.017582
v -0.005873 -0.001000 -0.018181
v -0.006564 -0.001000 -0.018181
v -0.006219 -0.001000 -0.017582
v -0.005528 -0.001000 -0.017582
v -0.008291 -0.001000 -0.018779
v -0.003455 -0.001000 -0.019976
v -0.003800 -0.001000 -0.019378
v -0.002764 -0.001000 -0.019976
v -0.003109 -0.001000 -0.019378
v -0.002073 -0.001000 -0.019976
v -0.002418 -0.001000 -0.019378
v -0.001382 -0.001000 -0.019976
v -0.001727 -0.001000 -0.019378
v -0.004491 -0.001000 -0.019378
v -0.004146 -0.001000 -0.019976
v -0.004146 -0.001000 -0.018779
v -0.004837 -0.001000 -0.018779
v -0.003455 -0.001000 -0.018779
v -0.004491 -0.001000 -0.018181
v -0.005182 -0.001000 -0.018181
v -0.004837 -0.001000 -0.017582
v -0.004146 -0.001000 -0.017582
v -0.003109 -0.001000 -0.018181
v -0.003800 -0.001000 -0.018181
v -0.003455 -0.001000 -0.017582
v -0.002764 -0.001000 -0.017582
v -0.001036 -0.001000 -0.019378
v -0.001382 -0.001000 -0.018779
v -0.002073 -0.001000 -0.018779
v -0.000691 -0.001000 -0.018779
v -0.001727 -0.001000 -0.018181
v -0.002418 -0.001000 -0.018181
v -0.002073 -0.001000 -0.017582
v -0.001382 -0.001000 -0.017582
v -0.000345 -0.001000 -0.018181
v -0.001036 -0.001000 -0.018181
v -0.000691 -0.001000 -0.017582
v 0.000000 -0.001000 -0.017582
v -0.002764 -0.001000 -0.018779
v -0.005528 -0.001000 -0.018779
v -0.005182 -0.001000 -0.019378
v -0.004837 -0.001000 -0.019976
v -0.005528 -0.001000 -0.019976
v -0.005873 -0.001000 -0.019378
v -0.006219 -0.001000 -0.019976
v -0.011055 -0.001000 -0.018779
v -0.010710 -0.001000 -0.019378
v -0.010364 -0.001000 -0.019976
v -0.011055 -0.001000 -0.019976
v -0.011401 -0.001000 -0.019378
v -0.011746 -0.001000 -0.019976
v 0.002073 -0.001000 -0.019976
v 0.001382 -0.001000 -0.019976
v 0.002764 -0.001000 -0.019976
v 0.002418 -0.001000 -0.019378
v 0.003455 -0.001000 -0.019976
v 0.003109 -0.001000 -0.019378
v 0.004146 -0.001000 -0.019976
v 0.003800 -0.001000 -0.019378
v 0.001727 -0.001000 -0.019378
v 0.001036 -0.001000 -0.019378
v 0.001382 -0.001000 -0.018779
v 0.000691 -0.001000 -0.018779
v 0.002073 -0.001000 -0.018779
v 0.001036 -0.001000 -0.018181
v 0.000345 -0.001000 -0.018181
v 0.000691 -0.001000 -0.017582
v 0.001382 -0.001000 -0.017582
v 0.002418 -0.001000 -0.018181
v 0.001727 -0.001000 -0.018181
v 0.002073 -0.001000 -0.017582
v 0.002764 -0.001000 -0.017582
v 0.004491 -0.001000 -0.019378
v 0.004146 -0.001000 -0.018779
v 0.003455 -0.001000 -0.018779
v 0.004837 -0.001000 -0.018779
v 0.003800 -0.001000 -0.018181
v 0.003109 -0.001000 -0.018181
v 0.003455 -0.001000 -0.017582
v 0.004146 -0.001000 -0.017582
v 0.005182 -0.001000 -0.018181
v 0.004491 -0.001000 -0.018181
v 0.004837 -0.001000 -0.017582
v 0.005528 -0.001000 -0.017582
v 0.002764 -0.001000 -0.018779
v 0.007600 -0.001000 -0.019976
v 0.007255 -0.001000 -0.019378
v 0.008291 -0.001000 -0.019976
v 0.007946 -0.001000 -0.019378
v 0.008982 -0.001000 -0.019976
v 0.008637 -0.001000 -0.019378
v 0.009673 -0.001000 -0.019976
v 0.009328 -0.001000 -0.019378
v 0.006564 -0.001000 -0.019378
v 0.006910 -0.001000 -0.019976
v 0.006910 -0.001000 -0.018779
v 0.006219 -0.001000 -0.018779
v 0.007600 -0.001000 -0.018779
v 0.006564 -0.001000 -0.018181
v 0.005873 -0.001000 -0.018181
v 0.006219 -0.001000 -0.017582
v 0.006910 -0.001000 -0.017582
v 0.007946 -0.001000 -0.018181
v 0.007255 -0.001000 -0.018181
v 0.007600 -0.001000 -0.017582
v 0.008291 -0.001000 -0.017582
v 0.010019 -0.001000 -0.019378
v 0.009673 -0.001000 -0.018779
v 0.008982 -0.001000 -0.018779
v 0.010364 -0.001000 -0.018779
v 0.009328 -0.001000 -0.018181
v 0.008637 -0.001000 -0.018181
v 0.008982 -0.001000 -0.017582
v 0.009673 -0.001000 -0.017582
v 0.010710 -0.001000 -0.018181
v 0.010019 -0.001000 -0.018181
v 0.010364 -0.001000 -0.017582
v 0.011055 -0.001000 -0.017582
v 0.008291 -0.001000 -0.018779
v 0.005528 -0.001000 -0.018779
v 0.005873 -0.001000 -0.019378
v 0.006219 -0.001000 -0.019976
v 0.005528 -0.001000 -0.019976
v 0.005182 -0.001000 -0.019378
v 0.004837 -0.001000 -0.019976
v 0.013128 -0.001000 -0.019976
v 0.012783 -0.001000 -0.019378
v 0.013819 -0.001000 -0.019976
v 0.013474 -0.001000 -0.019378
v 0.014510 -0.001000 -0.019976
v 0.014164 -0.001000 -0.019378
v 0.015201 -0.001000 -0.019976
v 0.014855 -0.001000 -0.019378
v 0.012092 -0.001000 -0.019378
v 0.012437 -0.001000 -0.019976
v 0.012437 -0.001000 -0.018779
v 0.011746 -0.001000 -0.018779
v 0.013128 -0.001000 -0.018779
v 0.012092 -0.001000 -0.018181
v 0.011401 -0.001000 -0.018181
v 0.011746 -0.001000 -0.017582
v 0.012437 -0.001000 -0.017582
v 0.013474 -0.001000 -0.018181
v 0.012783 -0.001000 -0.018181
v 0.013128 -0.001000 -0.017582
v 0.013819 -0.001000 -0.017582
v 0.015546 -0.001000 -0.019378
v 0.015201 -0.001000 -0.018779
v 0.014510 -0.001000 -0.018779
v 0.015892 -0.001000 -0.018779
v 0.014855 -0.001000 -0.018181
v 0.014164 -0.001000 -0.018181
v 0.014510 -0.001000 -0.017582
v 0.015201 -0.001000 -0.017582
v 0.016237 -0.001000 -0.018181
v 0.015546 -0.001000 -0.018181
v 0.015892 -0.001000 -0.017582
v 0.016583 -0.001000 -0.017582
v 0.013819 -0.001000 -0.018779
v 0.018656 -0.001000 -0.019976
v 0.018310 -0.001000 -0.019378
v 0.019347 -0.001000 -0.019976
v 0.019001 -0.001000 -0.019378
v 0.019692 -0.001000 -0.019378
v 0.017619 -0.001000 -0.019378
v 0.017965 -0.001000 -0.019976
v 0.017965 -0.001000 -0.018779
v 0.017274 -0.001000 -0.018779
v 0.018656 -0.001000 -0.018779
v 0.017619 -0.001000 -0.018181
v 0.016928 -0.001000 -0.018181
v 0.017274 -0.001000 -0.017582
v 0.017965 -0.001000 -0.017582
v 0.019001 -0.001000 -0.018181
v 0.018310 -0.001000 -0.018181
v 0.018656 -0.001000 -0.017582
v 0.019347 -0.001000 -0.017582
v 0.019692 -0.001000 -0.018181
v 0.019347 -0.001000 -0.018779
v 0.016583 -0.001000 -0.018779
v 0.016928 -0.001000 -0.019378
v 0.017274 -0.001000 -0.019976
v 0.016583 -0.001000 -0.019976
v 0.016237 -0.001000 -0.019378
v 0.015892 -0.001000 -0.019976
v 0.011055 -0.001000 -0.018779
v 0.011401 -0.001000 -0.019378
v 0.011746 -0.001000 -0.019976
v 0.011055 -0.001000 -0.019976
v 0.010710 -0.001000 -0.019378
v 0.010364 -0.001000 -0.019976
v 0.000000 -0.001000 -0.018779
v 0.000345 -0.001000 -0.019378
v 0.000691 -0.001000 -0.019976
v 0.000000 -0.001000 -0.019976
v -0.000345 -0.001000 -0.019378
v -0.000691 -0.001000 -0.019976
v -0.019692 -0.001000 -0.013394
v -0.019347 -0.001000 -0.013992
v -0.019347 -0.001000 -0.012795
v -0.019001 -0.001000 -0.012197
v -0.019692 -0.001000 -0.012197
v -0.018656 -0.001000 -0.011599
v -0.019347 -0.001000 -0.011599
v -0.018310 -0.001000 -0.011000
v -0.019001 -0.001000 -0.011000
v -0.019692 -0.001000 -0.011000
v -0.019347 -0.001000 -0.010402
v -0.018656 -0.001000 -0.010402
v -0.017965 -0.001000 -0.010402
v -0.019347 -0.001000 -0.009205
v -0.019692 -0.001000 -0.008607
v -0.017619 -0.001000 -0.009803
v -0.018310 -0.001000 -0.009803
v -0.017965 -0.001000 -0.009205
v -0.018656 -0.001000 -0.009205
v -0.017274 -0.001000 -0.009205
v -0.018310 -0.001000 -0.008607
v -0.019001 -0.001000 -0.008607
v -0.018656 -0.001000 -0.008008
v -0.019347 -0.001000 -0.008008
v -0.017965 -0.001000 -0.008008
v -0.016928 -0.001000 -0.008607
v -0.017619 -0.001000 -0.008607
v -0.017274 -0.001000 -0.008008
v -0.016583 -0.001000 -0.008008
v -0.019001 -0.001000 -0.009803
v -0.019692 -0.001000 -0.009803
v -0.016237 -0.001000 -0.007410
v -0.016928 -0.001000 -0.007410
v -0.016583 -0.001000 -0.006812
v -0.017274 -0.001000 -0.006812
v -0.015892 -0.001000 -0.006812
v -0.016928 -0.001000 -0.006213
v -0.017619 -0.001000 -0.006213
v -0.017274 -0.001000 -0.005615
v -0.017965 -0.001000 -0.005615
v -0.016583 -0.001000 -0.005615
v -0.015546 -0.001000 -0.006213
v -0.016237 -0.001000 -0.006213
v -0.015892 -0.001000 -0.005615
v -0.015201 -0.001000 -0.005615
v -0.017619 -0.001000 -0.005016
v -0.018310 -0.001000 -0.005016
v -0.017965 -0.001000 -0.004418
v -0.018656 -0.001000 -0.004418
v -0.017274 -0.001000 -0.004418
v -0.018310 -0.001000 -0.003820
v -0.019001 -0.001000 -0.003820
v -0.018656 -0.001000 -0.003221
v -0.019347 -0.001000 -0.003221
v -0.017965 -0.001000 -0.003221
v -0.016928 -0.001000 -0.003820
v -0.017619 -0.001000 -0.003820
v -0.017274 -0.001000 -0.003221
v -0.016583 -0.001000 -0.003221
v -0.014855 -0.001000 -0.005016
v -0.015546 -0.001000 -0.005016
v -0.015201 -0.001000 -0.004418
v -0.015892 -0.001000 -0.004418
v -0.014510 -0.001000 -0.004418
v -0.015546 -0.001000 -0.003820
v -0.016237 -0.001000 -0.003820
v -0.015892 -0.001000 -0.003221
v -0.015201 -0.001000 -0.003221
v -0.014164 -0.001000 -0.003820
v -0.014855 -0.001000 -0.003820
v -0.014510 -0.001000 -0.003221
v -0.013819 -0.001000 -0.003221
v -0.016583 -0.001000 -0.004418
v -0.016237 -0.001000 -0.005016
v -0.016928 -0.001000 -0.005016
v -0.019001 -0.001000 -0.002623
v -0.019692 -0.001000 -0.002623
v -0.018656 -0.001000 -0.002025
v -0.019347 -0.001000 -0.002025
v -0.019692 -0.001000 -0.001426
v -0.018310 -0.001000 -0.001426
v -0.019001 -0.001000 -0.001426
v -0.018656 -0.001000 -0.000828
v -0.019347 -0.001000 -0.000828
v -0.017965 -0.001000 -0.000828
v -0.019692 -0.001000 0.000967
v -0.019347 -0.001000 0.000369
v -0.019347 -0.001000 0.001566
v -0.017619 -0.001000 -0.000229
v -0.018310 -0.001000 -0.000229
v -0.017965 -0.001000 0.000369
v -0.018656 -0.001000 0.000369
v -0.017274 -0.001000 0.000369
v -0.018310 -0.001000 0.000967
v -0.019001 -0.001000 0.000967
v -0.018656 -0.001000 0.001566
v -0.017965 -0.001000 0.001566
v -0.016928 -0.001000 0.000967
v -0.017619 -0.001000 0.000967
v -0.017274 -0.001000 0.001566
v -0.016583 -0.001000 0.001566
v -0.019001 -0.001000 -0.000229
v -0.019692 -0.001000 -0.000229
v -0.013474 -0.001000 -0.002623
v -0.014164 -0.001000 -0.002623
v -0.013819 -0.001000 -0.002025
v -0.014510 -0.001000 -0.002025
v -0.013128 -0.001000 -0.002025
v -0.014164 -0.001000 -0.001426
v -0.014855 -0.001000 -0.001426
v -0.014510 -0.001000 -0.000828
v -0.015201 -0.001000 -0.000828
v -0.013819 -0.001000 -0.000828
v -0.012783 -0.001000 -0.001426
v -0.013474 -0.001000 -0.001426
v -0.013128 -0.001000 -0.000828
v -0.012437 -0.001000 -0.000828
v -0.014855 -0.001000 -0.000229
v -0.015546 -0.001000 -0.000229
v -0.015201 -0.001000 0.000369
v -0.015892 -0.001000 0.000369
v -0.014510 -0.001000 0.000369
v -0.015546 -0.001000 0.000967
v -0.016237 -0.001000 0.000967
v -0.015892 -0.001000 0.001566
v -0.015201 -0.001000 0.001566
v -0.014164 -0.001000 0.000967
v -0.014855 -0.001000 0.000967
v -0.014510 -0.001000 0.001566
v -0.013819 -0.001000 0.001566
v -0.012092 -0.001000 -0.000229
v -0.012783 -0.001000 -0.000229
v -0.012437 -0.001000 0.000369
v -0.013128 -0.001000 0.000369
v -0.011746 -0.001000 0.000369
v -0.012783 -0.001000 0.000967
v -0.013474 -0.001000 0.000967
v -0.013128 -0.001000 0.001566
v -0.012437 -0.001000 0.001566
v -0.011401 -0.001000 0.000967
v -0.012092 -0.001000 0.000967
v -0.011746 -0.001000 0.001566
v -0.011055 -0.001000 0.001566
v -0.013819 -0.001000 0.000369
v -0.013474 -0.001000 -0.000229
v -0.014164 -0.001000 -0.000229
v -0.016583 -0.001000 0.000369
v -0.016237 -0.001000 -0.000229
v -0.015892 -0.001000 -0.000828
v -0.016583 -0.001000 -0.000828
v -0.016928 -0.001000 -0.000229
v -0.017274 -0.001000 -0.000828
v -0.015546 -0.001000 -0.001426
v -0.015201 -0.001000 -0.002025
v -0.015892 -0.001000 -0.002025
v -0.014855 -0.001000 -0.002623
v -0.016237 -0.001000 -0.002623
v -0.015546 -0.001000 -0.002623
v -0.017619 -0.001000 -0.001426
v -0.017965 -0.001000 -0.002025
v -0.017274 -0.001000 -0.002025
v -0.017619 -0.001000 -0.002623
v -0.016928 -0.001000 -0.002623
v -0.018310 -0.001000 -0.002623
v -0.016583 -0.001000 -0.002025
v -0.016928 -0.001000 -0.001426
v -0.016237 -0.001000 -0.001426
v -0.019692 -0.001000 -0.003820
v -0.019347 -0.001000 -0.004418
v -0.019001 -0.001000 -0.005016
v -0.018656 -0.001000 -0.005615
v -0.019347 -0.001000 -0.005615
v -0.019692 -0.001000 -0.005016
v -0.018310 -0.001000 -0.006213
v -0.017965 -0.001000 -0.006812
v -0.018656 -0.001000 -0.006812
v -0.017619 -0.001000 -0.007410
v -0.019001 -0.001000 -0.007410
v -0.018310 -0.001000 -0.007410
v -0.019692 -0.001000 -0.007410
v -0.019347 -0.001000 -0.006812
v -0.019692 -0.001000 -0.006213
v -0.019001 -0.001000 -0.006213
v -0.010710 -0.001000 0.002164
v -0.011401 -0.001000 0.002164
v -0.011055 -0.001000 0.002763
v -0.011746 -0.001000 0.002763
v -0.010364 -0.001000 0.002763
v -0.011401 -0.001000 0.003361
v -0.012092 -0.001000 0.003361
v -0.011746 -0.001000 0.003959
v -0.012437 -0.001000 0.003959
v -0.011055 -0.001000 0.003959
v -0.010019 -0.001000 0.003361
v -0.010710 -0.001000 0.003361
v -0.010364 -0.001000 0.003959
v -0.009673 -0.001000 0.003959
v -0.012092 -0.001000 0.004558
v -0.012783 -0.001000 0.004558
v -0.012437 -0.001000 0.005156
v -0.013128 -0.001000 0.005156
v -0.011746 -0.001000 0.005156
v -0.012783 -0.001000 0.005754
v -0.013474 -0.001000 0.005754
v -0.013128 -0.001000 0.006353
v -0.013819 -0.001000 0.006353
v -0.012437 -0.001000 0.006353
v -0.011401 -0.001000 0.005754
v -0.012092 -0.001000 0.005754
v -0.011746 -0.001000 0.006353
v -0.011055 -0.001000 0.006353
v -0.009328 -0.001000 0.004558
v -0.010019 -0.001000 0.004558
v -0.009673 -0.001000 0.005156
v -0.010364 -0.001000 0.005156
v -0.008982 -0.001000 0.005156
v -0.010019 -0.001000 0.005754
v -0.010710 -0.001000 0.005754
v -0.010364 -0.001000 0.006353
v -0.009673 -0.001000 0.006353
v -0.008637 -0.001000 0.005754
v -0.009328 -0.001000 0.005754
v -0.008982 -0.001000 0.006353
v -0.008291 -0.001000 0.006353
v -0.011055 -0.001000 0.005156
v -0.010710 -0.001000 0.004558
v -0.011401 -0.001000 0.004558
v -0.013474 -0.001000 0.006951
v -0.014164 -0.001000 0.006951
v -0.013819 -0.001000 0.007550
v -0.014510 -0.001000 0.007550
v -0.013128 -0.001000 0.007550
v -0.014164 -0.001000 0.008148
v -0.014855 -0.001000 0.008148
v -0.014510 -0.001000 0.008746
v -0.015201 -0.001000 0.008746
v -0.013819 -0.001000 0.008746
v -0.012783 -0.001000 0.008148
v -0.013474 -0.001000 0.008148
v -0.013128 -0.001000 0.008746
v -0.012437 -0.001000 0.008746
v -0.014855 -0.001000 0.009345
v -0.015546 -0.001000 0.009345
v -0.015201 -0.001000 0.009943
v -0.015892 -0.001000 0.009943
v -0.014510 -0.001000 0.009943
v -0.015546 -0.001000 0.010541
v -0.016237 -0.001000 0.010541
v -0.015892 -0.001000 0.011140
v -0.016583 -0.001000 0.011140
v -0.015201 -0.001000 0.011140
v -0.014164 -0.001000 0.010541
v -0.014855 -0.001000 0.010541
v -0.014510 -0.001000 0.011140
v -0.013819 -0.001000 0.011140
v -0.012092 -0.001000 0.009345
v -0.012783 -0.001000 0.009345
v -0.012437 -0.001000 0.009943
v -0.013128 -0.001000 0.009943
v -0.011746 -0.001000 0.009943
v -0.012783 -0.001000 0.010541
v -0.013474 -0.001000 0.010541
v -0.013128 -0.001000 0.011140
v -0.012437 -0.001000 0.011140
v -0.011401 -0.001000 0.010541
v -0.012092 -0.001000 0.010541
v -0.011746 -0.001000 0.011140
v -0.011055 -0.001000 0.011140
v -0.013819 -0.001000 0.009943
v -0.013474 -0.001000 0.009345
v -0.014164 -0.001000 0.009345
v -0.007946 -0.001000 0.006951
v -0.008637 -0.001000 0.006951
v -0.008291 -0.001000 0.007550
v -0.008982 -0.001000 0.007550
v -0.007600 -0.001000 0.007550
v -0.008637 -0.001000 0.008148
v -0.009328 -0.001000 0.008148
v -0.008982 -0.001000 0.008746
v -0.009673 -0.001000 0.008746
v -0.008291 -0.001000 0.008746
v -0.007255 -0.001000 0.008148
v -0.007946 -0.001000 0.008148
v -0.007600 -0.001000 0.008746
v -0.006910 -0.001000 0.008746
v -0.009328 -0.001000 0.009345
v -0.010019 -0.001000 0.009345
v -0.009673 -0.001000 0.009943
v -0.010364 -0.001000 0.009943
v -0.008982 -0.001000 0.009943
v -0.010019 -0.001000 0.010541
v -0.010710 -0.001000 0.010541
v -0.010364 -0.001000 0.011140
v -0.009673 -0.001000 0.011140
v -0.008637 -0.001000 0.010541
v -0.009328 -0.001000 0.010541
v -0.008982 -0.001000 0.011140
v -0.008291 -0.001000 0.011140
v -0.006564 -0.001000 0.009345
v -0.007255 -0.001000 0.009345
v -0.006910 -0.001000 0.009943
v -0.007600 -0.001000 0.009943
v -0.006219 -0.001000 0.009943
v -0.007255 -0.001000 0.010541
v -0.007946 -0.001000 0.010541
v -0.007600 -0.001000 0.011140
v -0.006910 -0.001000 0.011140
v -0.005873 -0.001000 0.010541
v -0.006564 -0.001000 0.010541
v -0.006219 -0.001000 0.011140
v -0.005528 -0.001000 0.011140
v -0.008291 -0.001000 0.009943
v -0.007946 -0.001000 0.009345
v -0.008637 -0.001000 0.009345
v -0.011055 -0.001000 0.009943
v -0.010710 -0.001000 0.009345
v -0.010364 -0.001000 0.008746
v -0.011055 -0.001000 0.008746
v -0.011401 -0.001000 0.009345
v -0.011746 -0.001000 0.008746
v -0.010019 -0.001000 0.008148
v -0.009673 -0.001000 0.007550
v -0.010364 -0.001000 0.007550
v -0.009328 -0.001000 0.006951
v -0.010710 -0.001000 0.006951
v -0.010019 -0.001000 0.006951
v -0.012092 -0.001000 0.008148
v -0.012437 -0.001000 0.007550
v -0.011746 -0.001000 0.007550
v -0.012092 -0.001000 0.006951
v -0.011401 -0.001000 0.006951
v -0.012783 -0.001000 0.006951
v -0.011055 -0.001000 0.007550
v -0.011401 -0.001000 0.008148
v -0.010710 -0.001000 0.008148
v -0.016237 -0.001000 0.011738
v -0.016928 -0.001000 0.011738
v -0.016583 -0.001000 0.012337
v -0.017274 -0.001000 0.012337
v -0.015892 -0.001000 0.012337
v -0.016928 -0.001000 0.012935
v -0.017619 -0.001000 0.012935
v -0.017274 -0.001000 0.013533
v -0.017965 -0.001000 0.013533
v -0.016583 -0.001000 0.013533
v -0.015546 -0.001000 0.012935
v -0.016237 -0.001000 0.012935
v -0.015892 -0.001000 0.013533
v -0.015201 -0.001000 0.013533
v -0.017619 -0.001000 0.014132
v -0.018310 -0.001000 0.014132
v -0.017965 -0.001000 0.014730
v -0.018656 -0.001000 0.014730
v -0.017274 -0.001000 0.014730
v -0.018310 -0.001000 0.015329
v -0.019001 -0.001000 0.015329
v -0.018656 -0.001000 0.015927
v -0.019347 -0.001000 0.015927
v -0.017965 -0.001000 0.015927
v -0.016928 -0.001000 0.015329
v -0.017619 -0.001000 0.015329
v -0.017274 -0.001000 0.015927
v -0.016583 -0.001000 0.015927
v -0.014855 -0.001000 0.014132
v -0.015546 -0.001000 0.014132
v -0.015201 -0.001000 0.014730
v -0.015892 -0.001000 0.014730
v -0.014510 -0.001000 0.014730
v -0.015546 -0.001000 0.015329
v -0.016237 -0.001000 0.015329
v -0.015892 -0.001000 0.015927
v -0.015201 -0.001000 0.015927
v -0.014164 -0.001000 0.015329
v -0.014855 -0.001000 0.015329
v -0.014510 -0.001000 0.015927
v -0.013819 -0.001000 0.015927
v -0.016583 -0.001000 0.014730
v -0.016237 -0.001000 0.014132
v -0.016928 -0.001000 0.014132
v -0.019001 -0.001000 0.016525
v -0.019692 -0.001000 0.016525
v -0.018656 -0.001000 0.017124
v -0.019347 -0.001000 0.017124
v -0.019692 -0.001000 0.017722
v -0.019347 -0.001000 0.018320
v -0.018310 -0.001000 0.017722
v -0.019001 -0.001000 0.017722
v -0.018656 -0.001000 0.018320
v -0.017965 -0.001000 0.018320
v -0.017619 -0.001000 0.018919
v -0.018310 -0.001000 0.018919
v -0.017965 -0.001000 0.019517
v -0.018656 -0.001000 0.019517
v -0.017274 -0.001000 0.019517
v -0.016583 -0.001000 0.019517
v -0.019347 -0.001000 0.019517
v -0.019001 -0.001000 0.018919
v -0.019692 -0.001000 0.018919
v -0.013474 -0.001000 0.016525
v -0.014164 -0.001000 0.016525
v -0.013819 -0.001000 0.017124
v -0.014510 -0.001000 0.017124
v -0.013128 -0.001000 0.017124
v -0.014164 -0.001000 0.017722
v -0.014855 -0.001000 0.017722
v -0.014510 -0.001000 0.018320
v -0.015201 -0.001000 0.018320
v -0.013819 -0.001000 0.018320
v -0.012783 -0.001000 0.017722
v -0.013474 -0.001000 0.017722
v -0.013128 -0.001000 0.018320
v -0.012437 -0.001000 0.018320
v -0.014855 -0.001000 0.018919
v -0.015546 -0.001000 0.018919
v -0.015201 -0.001000 0.019517
v -0.015892 -0.001000 0.019517
v -0.014510 -0.001000 0.019517
v -0.013819 -0.001000 0.019517
v -0.012092 -0.001000 0.018919
v -0.012783 -0.001000 0.018919
v -0.012437 -0.001000 0.019517
v -0.013128 -0.001000 0.019517
v -0.011746 -0.001000 0.019517
v -0.013474 -0.001000 0.018919
v -0.014164 -0.001000 0.018919
v -0.016237 -0.001000 0.018919
v -0.015892 -0.001000 0.018320
v -0.016583 -0.001000 0.018320
v -0.016928 -0.001000 0.018919
v -0.017274 -0.001000 0.018320
v -0.015546 -0.001000 0.017722
v -0.015201 -0.001000 0.017124
v -0.015892 -0.001000 0.017124
v -0.014855 -0.001000 0.016525
v -0.016237 -0.001000 0.016525
v -0.015546 -0.001000 0.016525
v -0.017619 -0.001000 0.017722
v -0.017965 -0.001000 0.017124
v -0.017274 -0.001000 0.017124
v -0.017619 -0.001000 0.016525
v -0.016928 -0.001000 0.016525
v -0.018310 -0.001000 0.016525
v -0.016583 -0.001000 0.017124
v -0.016928 -0.001000 0.017722
v -0.016237 -0.001000 0.017722
v -0.005182 -0.001000 0.011738
v -0.005873 -0.001000 0.011738
v -0.005528 -0.001000 0.012337
v -0.006219 -0.001000 0.012337
v -0.004837 -0.001000 0.012337
v -0.005873 -0.001000 0.012935
v -0.006564 -0.001000 0.012935
v -0.006219 -0.001000 0.013533
v -0.006910 -0.001000 0.013533
v -0.005528 -0.001000 0.013533
v -0.004491 -0.001000 0.012935
v -0.005182 -0.001000 0.012935
v -0.004837 -0.001000 0.013533
v -0.004146 -0.001000 0.013533
v -0.006564 -0.001000 0.014132
v -0.007255 -0.001000 0.014132
v -0.006910 -0.001000 0.014730
v -0.007600 -0.001000 0.014730
v -0.006219 -0.001000 0.014730
v -0.007255 -0.001000 0.015329
v -0.007946 -0.001000 0.015329
v -0.007600 -0.001000 0.015927
v -0.008291 -0.001000 0.015927
v -0.006910 -0.001000 0.015927
v -0.005873 -0.001000 0.015329
v -0.006564 -0.001000 0.015329
v -0.006219 -0.001000 0.015927
v -0.005528 -0.001000 0.015927
v -0.003800 -0.001000 0.014132
v -0.004491 -0.001000 0.014132
v -0.004146 -0.001000 0.014730
v -0.004837 -0.001000 0.014730
v -0.003455 -0.001000 0.014730
v -0.004491 -0.001000 0.015329
v -0.005182 -0.001000 0.015329
v -0.004837 -0.001000 0.015927
v -0.004146 -0.001000 0.015927
v -0.003109 -0.001000 0.015329
v -0.003800 -0.001000 0.015329
v -0.003455 -0.001000 0.015927
v -0.002764 -0.001000 0.015927
v -0.005528 -0.001000 0.014730
v -0.005182 -0.001000 0.014132
v -0.005873 -0.001000 0.014132
v -0.007946 -0.001000 0.016525
v -0.008637 -0.001000 0.016525
v -0.008291 -0.001000 0.017124
v -0.008982 -0.001000 0.017124
v -0.007600 -0.001000 0.017124
v -0.008637 -0.001000 0.017722
v -0.009328 -0.001000 0.017722
v -0.008982 -0.001000 0.018320
v -0.009673 -0.001000 0.018320
v -0.008291 -0.001000 0.018320
v -0.007255 -0.001000 0.017722
v -0.007946 -0.001000 0.017722
v -0.007600 -0.001000 0.018320
v -0.006910 -0.001000 0.018320
v -0.009328 -0.001000 0.018919
v -0.010019 -0.001000 0.018919
v -0.009673 -0.001000 0.019517
v -0.010364 -0.001000 0.019517
v -0.008982 -0.001000 0.019517
v -0.006564 -0.001000 0.018919
v -0.007255 -0.001000 0.018919
v -0.006910 -0.001000 0.019517
v -0.007600 -0.001000 0.019517
v -0.006219 -0.001000 0.019517
v -0.008291 -0.001000 0.019517
v -0.007946 -0.001000 0.018919
v -0.008637 -0.001000 0.018919
v -0.002418 -0.001000 0.016525
v -0.003109 -0.001000 0.016525
v -0.002764 -0.001000 0.017124
v -0.003455 -0.001000 0.017124
v -0.002073 -0.001000 0.017124
v -0.003109 -0.001000 0.017722
v -0.003800 -0.001000 0.017722
v -0.003455 -0.001000 0.018320
v -0.004146 -0.001000 0.018320
v -0.002764 -0.001000 0.018320
v -0.001727 -0.001000 0.017722
v -0.002418 -0.001000 0.017722
v -0.002073 -0.001000 0.018320
v -0.001382 -0.001000 0.018320
v -0.003800 -0.001000 0.018919
v -0.004491 -0.001000 0.018919
v -0.004146 -0.001000 0.019517
v -0.004837 -0.001000 0.019517
v -0.003455 -0.001000 0.019517
v -0.005528 -0.001000 0.019517
v -0.001036 -0.001000 0.018919
v -0.001727 -0.001000 0.018919
v -0.001382 -0.001000 0.019517
v -0.002073 -0.001000 0.019517
v -0.000691 -0.001000 0.019517
v -0.002764 -0.001000 0.019517
v -0.002418 -0.001000 0.018919
v -0.003109 -0.001000 0.018919
v -0.005182 -0.001000 0.018919
v -0.004837 -0.001000 0.018320
v -0.005528 -0.001000 0.018320
v -0.005873 -0.001000 0.018919
v -0.006219 -0.001000 0.018320
v -0.004491 -0.001000 0.017722
v -0.004146 -0.001000 0.017124
v -0.004837 -0.001000 0.017124
v -0.003800 -0.001000 0.016525
v -0.005182 -0.001000 0.016525
v -0.004491 -0.001000 0.016525
v -0.006564 -0.001000 0.017722
v -0.006910 -0.001000 0.017124
v -0.006219 -0.001000 0.017124
v -0.006564 -0.001000 0.016525
v -0.005873 -0.001000 0.016525
v -0.007255 -0.001000 0.016525
v -0.005528 -0.001000 0.017124
v -0.005873 -0.001000 0.017722
v -0.005182 -0.001000 0.017722
v -0.011055 -0.001000 0.019517
v -0.010710 -0.001000 0.018919
v -0.010364 -0.001000 0.018320
v -0.011055 -0.001000 0.018320
v -0.011401 -0.001000 0.018919
v -0.011746 -0.001000 0.018320
v -0.010019 -0.001000 0.017722
v -0.009673 -0.001000 0.017124
v -0.010364 -0.001000 0.017124
v -0.009328 -0.001000 0.016525
v -0.008982 -0.001000 0.015927
v -0.009673 -0.001000 0.015927
v -0.010710 -0.001000 0.016525
v -0.010019 -0.001000 0.016525
v -0.010364 -0.001000 0.015927
v -0.011055 -0.001000 0.015927
v -0.012092 -0.001000 0.017722
v -0.012437 -0.001000 0.017124
v -0.011746 -0.001000 0.017124
v -0.012092 -0.001000 0.016525
v -0.011401 -0.001000 0.016525
v -0.011746 -0.001000 0.015927
v -0.012437 -0.001000 0.015927
v -0.012783 -0.001000 0.016525
v -0.013128 -0.001000 0.015927
v -0.011055 -0.001000 0.017124
v -0.011401 -0.001000 0.017722
v -0.010710 -0.001000 0.017722
v -0.008637 -0.001000 0.015329
v -0.008291 -0.001000 0.014730
v -0.008982 -0.001000 0.014730
v -0.007946 -0.001000 0.014132
v -0.007600 -0.001000 0.013533
v -0.008291 -0.001000 0.013533
v -0.009328 -0.001000 0.014132
v -0.008637 -0.001000 0.014132
v -0.008982 -0.001000 0.013533
v -0.009673 -0.001000 0.013533
v -0.007255 -0.001000 0.012935
v -0.006910 -0.001000 0.012337
v -0.007600 -0.001000 0.012337
v -0.006564 -0.001000 0.011738
v -0.007946 -0.001000 0.011738
v -0.007255 -0.001000 0.011738
v -0.010019 -0.001000 0.012935
v -0.009328 -0.001000 0.012935
v -0.009673 -0.001000 0.012337
v -0.008982 -0.001000 0.012337
v -0.010364 -0.001000 0.012337
v -0.009328 -0.001000 0.011738
v -0.008637 -0.001000 0.011738
v -0.010710 -0.001000 0.011738
v -0.010019 -0.001000 0.011738
v -0.008291 -0.001000 0.012337
v -0.008637 -0.001000 0.012935
v -0.007946 -0.001000 0.012935
v -0.013474 -0.001000 0.015329
v -0.013819 -0.001000 0.014730
v -0.013128 -0.001000 0.014730
v -0.013474 -0.001000 0.014132
v -0.012783 -0.001000 0.014132
v -0.013128 -0.001000 0.013533
v -0.012437 -0.001000 0.013533
v -0.013819 -0.001000 0.013533
v -0.014164 -0.001000 0.014132
v -0.014510 -0.001000 0.013533
v -0.012783 -0.001000 0.012935
v -0.012092 -0.001000 0.012935
v -0.012437 -0.001000 0.012337
v -0.011746 -0.001000 0.012337
v -0.013128 -0.001000 0.012337
v -0.012092 -0.001000 0.011738
v -0.011401 -0.001000 0.011738
v -0.013474 -0.001000 0.011738
v -0.012783 -0.001000 0.011738
v -0.014855 -0.001000 0.012935
v -0.015201 -0.001000 0.012337
v -0.014510 -0.001000 0.012337
v -0.014855 -0.001000 0.011738
v -0.014164 -0.001000 0.011738
v -0.015546 -0.001000 0.011738
v -0.013819 -0.001000 0.012337
v -0.014164 -0.001000 0.012935
v -0.013474 -0.001000 0.012935
v -0.011055 -0.001000 0.012337
v -0.011401 -0.001000 0.012935
v -0.011746 -0.001000 0.013533
v -0.011055 -0.001000 0.013533
v -0.010710 -0.001000 0.012935
v -0.010364 -0.001000 0.013533
v -0.012092 -0.001000 0.014132
v -0.012437 -0.001000 0.014730
v -0.011746 -0.001000 0.014730
v -0.012783 -0.001000 0.015329
v -0.011401 -0.001000 0.015329
v -0.012092 -0.001000 0.015329
v -0.010019 -0.001000 0.014132
v -0.009673 -0.001000 0.014730
v -0.010364 -0.001000 0.014730
v -0.010019 -0.001000 0.015329
v -0.010710 -0.001000 0.015329
v -0.009328 -0.001000 0.015329
v -0.011055 -0.001000 0.014730
v -0.010710 -0.001000 0.014132
v -0.011401 -0.001000 0.014132
v -0.019692 -0.001000 0.015329
v -0.019347 -0.001000 0.014730
v -0.019001 -0.001000 0.014132
v -0.018656 -0.001000 0.013533
v -0.019347 -0.001000 0.013533
v -0.019692 -0.001000 0.014132
v -0.019692 -0.001000 0.012935
v -0.018310 -0.001000 0.012935
v -0.017965 -0.001000 0.012337
v -0.018656 -0.001000 0.012337
v -0.017619 -0.001000 0.011738
v -0.017274 -0.001000 0.011140
v -0.017965 -0.001000 0.011140
v -0.019001 -0.001000 0.011738
v -0.018310 -0.001000 0.011738
v -0.018656 -0.001000 0.011140
v -0.019347 -0.001000 0.011140
v -0.019692 -0.001000 0.011738
v -0.019347 -0.001000 0.012337
v -0.019001 -0.001000 0.012935
v -0.016928 -0.001000 0.010541
v -0.016583 -0.001000 0.009943
v -0.017274 -0.001000 0.009943
v -0.016237 -0.001000 0.009345
v -0.015892 -0.001000 0.008746
v -0.016583 -0.001000 0.008746
v -0.017619 -0.001000 0.009345
v -0.016928 -0.001000 0.009345
v -0.017274 -0.001000 0.008746
v -0.017965 -0.001000 0.008746
v -0.015546 -0.001000 0.008148
v -0.015201 -0.001000 0.007550
v -0.015892 -0.001000 0.007550
v -0.014855 -0.001000 0.006951
v -0.014510 -0.001000 0.006353
v -0.015201 -0.001000 0.006353
v -0.016237 -0.001000 0.006951
v -0.015546 -0.001000 0.006951
v -0.015892 -0.001000 0.006353
v -0.016583 -0.001000 0.006353
v -0.018310 -0.001000 0.008148
v -0.017619 -0.001000 0.008148
v -0.017965 -0.001000 0.007550
v -0.017274 -0.001000 0.007550
v -0.018656 -0.001000 0.007550
v -0.017619 -0.001000 0.006951
v -0.016928 -0.001000 0.006951
v -0.017274 -0.001000 0.006353
v -0.017965 -0.001000 0.006353
v -0.019001 -0.001000 0.006951
v -0.018310 -0.001000 0.006951
v -0.018656 -0.001000 0.006353
v -0.019347 -0.001000 0.006353
v -0.016583 -0.001000 0.007550
v -0.016928 -0.001000 0.008148
v -0.016237 -0.001000 0.008148
v -0.014164 -0.001000 0.005754
v -0.013819 -0.001000 0.005156
v -0.014510 -0.001000 0.005156
v -0.013474 -0.001000 0.004558
v -0.013128 -0.001000 0.003959
v -0.013819 -0.001000 0.003959
v -0.014855 -0.001000 0.004558
v -0.014164 -0.001000 0.004558
v -0.014510 -0.001000 0.003959
v -0.015201 -0.001000 0.003959
v -0.012783 -0.001000 0.003361
v -0.012437 -0.001000 0.002763
v -0.013128 -0.001000 0.002763
v -0.012092 -0.001000 0.002164
v -0.013474 -0.001000 0.002164
v -0.012783 -0.001000 0.002164
v -0.015546 -0.001000 0.003361
v -0.014855 -0.001000 0.003361
v -0.015201 -0.001000 0.002763
v -0.014510 -0.001000 0.002763
v -0.015892 -0.001000 0.002763
v -0.014855 -0.001000 0.002164
v -0.014164 -0.001000 0.002164
v -0.016237 -0.001000 0.002164
v -0.015546 -0.001000 0.002164
v -0.013819 -0.001000 0.002763
v -0.014164 -0.001000 0.003361
v -0.013474 -0.001000 0.003361
v -0.019692 -0.001000 0.005754
v -0.019001 -0.001000 0.005754
v -0.019347 -0.001000 0.005156
v -0.018656 -0.001000 0.005156
v -0.019001 -0.001000 0.004558
v -0.018310 -0.001000 0.004558
v -0.018656 -0.001000 0.003959
v -0.017965 -0.001000 0.003959
v -0.019347 -0.001000 0.003959
v -0.019692 -0.001000 0.004558
v -0.018310 -0.001000 0.003361
v -0.017619 -0.001000 0.003361
v -0.017965 -0.001000 0.002763
v -0.017274 -0.001000 0.002763
v -0.018656 -0.001000 0.002763
v -0.017619 -0.001000 0.002164
v -0.016928 -0.001000 0.002164
v -0.019001 -0.001000 0.002164
v -0.018310 -0.001000 0.002164
v -0.019692 -0.001000 0.002164
v -0.019347 -0.001000 0.002763
v -0.019692 -0.001000 0.003361
v -0.019001 -0.001000 0.003361
v -0.016583 -0.001000 0.002763
v -0.016928 -0.001000 0.003361
v -0.017274 -0.001000 0.003959
v -0.016583 -0.001000 0.003959
v -0.016237 -0.001000 0.003361
v -0.015892 -0.001000 0.003959
v -0.017619 -0.001000 0.004558
v -0.017965 -0.001000 0.005156
v -0.017274 -0.001000 0.005156
v -0.018310 -0.001000 0.005754
v -0.016928 -0.001000 0.005754
v -0.017619 -0.001000 0.005754
v -0.015546 -0.001000 0.004558
v -0.015201 -0.001000 0.005156
v -0.015892 -0.001000 0.005156
v -0.015546 -0.001000 0.005754
v -0.016237 -0.001000 0.005754
v -0.014855 -0.001000 0.005754
v -0.016583 -0.001000 0.005156
v -0.016237 -0.001000 0.004558
v -0.016928 -0.001000 0.004558
v -0.019692 -0.001000 0.006951
v -0.019347 -0.001000 0.007550
v -0.019001 -0.001000 0.008148
v -0.019692 -0.001000 0.008148
v -0.019347 -0.001000 0.008746
v -0.018656 -0.001000 0.008746
v -0.019692 -0.001000 0.010541
v -0.018310 -0.001000 0.009345
v -0.017965 -0.001000 0.009943
v -0.018656 -0.001000 0.009943
v -0.018310 -0.001000 0.010541
v -0.019001 -0.001000 0.010541
v -0.017619 -0.001000 0.010541
v -0.019347 -0.001000 0.009943
v -0.019692 -0.001000 0.009345
v -0.019001 -0.001000 0.009345
v 0.019692 -0.001000 -0.013394
v 0.019347 -0.001000 -0.013992
v 0.019692 -0.001000 -0.012197
v 0.019347 -0.001000 -0.012795
v 0.019001 -0.001000 -0.012197
v 0.019347 -0.001000 -0.011599
v 0.018656 -0.001000 -0.011599
v 0.019001 -0.001000 -0.011000
v 0.018310 -0.001000 -0.011000
v 0.018656 -0.001000 -0.010402
v 0.017965 -0.001000 -0.010402
v 0.019347 -0.001000 -0.010402
v 0.019692 -0.001000 -0.011000
v 0.018310 -0.001000 -0.009803
v 0.017619 -0.001000 -0.009803
v 0.017965 -0.001000 -0.009205
v 0.017274 -0.001000 -0.009205
v 0.018656 -0.001000 -0.009205
v 0.017619 -0.001000 -0.008607
v 0.016928 -0.001000 -0.008607
v 0.017274 -0.001000 -0.008008
v 0.016583 -0.001000 -0.008008
v 0.017965 -0.001000 -0.008008
v 0.019001 -0.001000 -0.008607
v 0.018310 -0.001000 -0.008607
v 0.018656 -0.001000 -0.008008
v 0.019347 -0.001000 -0.008008
v 0.019692 -0.001000 -0.008607
v 0.019347 -0.001000 -0.009205
v 0.019692 -0.001000 -0.009803
v 0.019001 -0.001000 -0.009803
v 0.016928 -0.001000 -0.007410
v 0.016237 -0.001000 -0.007410
v 0.016583 -0.001000 -0.006812
v 0.015892 -0.001000 -0.006812
v 0.017274 -0.001000 -0.006812
v 0.016237 -0.001000 -0.006213
v 0.015546 -0.001000 -0.006213
v 0.015892 -0.001000 -0.005615
v 0.015201 -0.001000 -0.005615
v 0.016583 -0.001000 -0.005615
v 0.017619 -0.001000 -0.006213
v 0.016928 -0.001000 -0.006213
v 0.017274 -0.001000 -0.005615
v 0.017965 -0.001000 -0.005615
v 0.015546 -0.001000 -0.005016
v 0.014855 -0.001000 -0.005016
v 0.015201 -0.001000 -0.004418
v 0.014510 -0.001000 -0.004418
v 0.015892 -0.001000 -0.004418
v 0.014855 -0.001000 -0.003820
v 0.014164 -0.001000 -0.003820
v 0.014510 -0.001000 -0.003221
v 0.013819 -0.001000 -0.003221
v 0.015201 -0.001000 -0.003221
v 0.016237 -0.001000 -0.003820
v 0.015546 -0.001000 -0.003820
v 0.015892 -0.001000 -0.003221
v 0.016583 -0.001000 -0.003221
v 0.018310 -0.001000 -0.005016
v 0.017619 -0.001000 -0.005016
v 0.017965 -0.001000 -0.004418
v 0.017274 -0.001000 -0.004418
v 0.018656 -0.001000 -0.004418
v 0.017619 -0.001000 -0.003820
v 0.016928 -0.001000 -0.003820
v 0.017274 -0.001000 -0.003221
v 0.017965 -0.001000 -0.003221
v 0.019001 -0.001000 -0.003820
v 0.018310 -0.001000 -0.003820
v 0.018656 -0.001000 -0.003221
v 0.019347 -0.001000 -0.003221
v 0.016583 -0.001000 -0.004418
v 0.016928 -0.001000 -0.005016
v 0.016237 -0.001000 -0.005016
v 0.014164 -0.001000 -0.002623
v 0.013474 -0.001000 -0.002623
v 0.013819 -0.001000 -0.002025
v 0.013128 -0.001000 -0.002025
v 0.014510 -0.001000 -0.002025
v 0.013474 -0.001000 -0.001426
v 0.012783 -0.001000 -0.001426
v 0.013128 -0.001000 -0.000828
v 0.012437 -0.001000 -0.000828
v 0.013819 -0.001000 -0.000828
v 0.014855 -0.001000 -0.001426
v 0.014164 -0.001000 -0.001426
v 0.014510 -0.001000 -0.000828
v 0.015201 -0.001000 -0.000828
v 0.012783 -0.001000 -0.000229
v 0.012092 -0.001000 -0.000229
v 0.012437 -0.001000 0.000369
v 0.011746 -0.001000 0.000369
v 0.013128 -0.001000 0.000369
v 0.012092 -0.001000 0.000967
v 0.011401 -0.001000 0.000967
v 0.011746 -0.001000 0.001566
v 0.011055 -0.001000 0.001566
v 0.012437 -0.001000 0.001566
v 0.013474 -0.001000 0.000967
v 0.012783 -0.001000 0.000967
v 0.013128 -0.001000 0.001566
v 0.013819 -0.001000 0.001566
v 0.015546 -0.001000 -0.000229
v 0.014855 -0.001000 -0.000229
v 0.015201 -0.001000 0.000369
v 0.014510 -0.001000 0.000369
v 0.015892 -0.001000 0.000369
v 0.014855 -0.001000 0.000967
v 0.014164 -0.001000 0.000967
v 0.014510 -0.001000 0.001566
v 0.015201 -0.001000 0.001566
v 0.016237 -0.001000 0.000967
v 0.015546 -0.001000 0.000967
v 0.015892 -0.001000 0.001566
v 0.016583 -0.001000 0.001566
v 0.013819 -0.001000 0.000369
v 0.014164 -0.001000 -0.000229
v 0.013474 -0.001000 -0.000229
v 0.019692 -0.001000 -0.002623
v 0.019001 -0.001000 -0.002623
v 0.019347 -0.001000 -0.002025
v 0.018656 -0.001000 -0.002025
v 0.019001 -0.001000 -0.001426
v 0.018310 -0.001000 -0.001426
v 0.018656 -0.001000 -0.000828
v 0.017965 -0.001000 -0.000828
v 0.019347 -0.001000 -0.000828
v 0.019692 -0.001000 -0.001426
v 0.018310 -0.001000 -0.000229
v 0.017619 -0.001000 -0.000229
v 0.017965 -0.001000 0.000369
v 0.017274 -0.001000 0.000369
v 0.018656 -0.001000 0.000369
v 0.017619 -0.001000 0.000967
v 0.016928 -0.001000 0.000967
v 0.017274 -0.001000 0.001566
v 0.017965 -0.001000 0.001566
v 0.019001 -0.001000 0.000967
v 0.018310 -0.001000 0.000967
v 0.018656 -0.001000 0.001566
v 0.019347 -0.001000 0.001566
v 0.019692 -0.001000 0.000967
v 0.019347 -0.001000 0.000369
v 0.019692 -0.001000 0.002164
v 0.019692 -0.001000 -0.000229
v 0.019001 -0.001000 -0.000229
v 0.016583 -0.001000 0.000369
v 0.016928 -0.001000 -0.000229
v 0.017274 -0.001000 -0.000828
v 0.016583 -0.001000 -0.000828
v 0.016237 -0.001000 -0.000229
v 0.015892 -0.001000 -0.000828
v 0.017619 -0.001000 -0.001426
v 0.017965 -0.001000 -0.002025
v 0.017274 -0.001000 -0.002025
v 0.018310 -0.001000 -0.002623
v 0.016928 -0.001000 -0.002623
v 0.017619 -0.001000 -0.002623
v 0.015546 -0.001000 -0.001426
v 0.015201 -0.001000 -0.002025
v 0.015892 -0.001000 -0.002025
v 0.015546 -0.001000 -0.002623
v 0.016237 -0.001000 -0.002623
v 0.014855 -0.001000 -0.002623
v 0.016583 -0.001000 -0.002025
v 0.016237 -0.001000 -0.001426
v 0.016928 -0.001000 -0.001426
v 0.019692 -0.001000 -0.003820
v 0.019692 -0.001000 -0.005016
v 0.019347 -0.001000 -0.004418
v 0.019001 -0.001000 -0.005016
v 0.018656 -0.001000 -0.005615
v 0.019347 -0.001000 -0.005615
v 0.019347 -0.001000 -0.006812
v 0.019692 -0.001000 -0.007410
v 0.018310 -0.001000 -0.006213
v 0.017965 -0.001000 -0.006812
v 0.018656 -0.001000 -0.006812
v 0.018310 -0.001000 -0.007410
v 0.019001 -0.001000 -0.007410
v 0.017619 -0.001000 -0.007410
v 0.019001 -0.001000 -0.006213
v 0.019692 -0.001000 -0.006213
v 0.011401 -0.001000 0.002164
v 0.010710 -0.001000 0.002164
v 0.011055 -0.001000 0.002763
v 0.010364 -0.001000 0.002763
v 0.011746 -0.001000 0.002763
v 0.010710 -0.001000 0.003361
v 0.010019 -0.001000 0.003361
v 0.010364 -0.001000 0.003959
v 0.009673 -0.001000 0.003959
v 0.011055 -0.001000 0.003959
v 0.012092 -0.001000 0.003361
v 0.011401 -0.001000 0.003361
v 0.011746 -0.001000 0.003959
v 0.012437 -0.001000 0.003959
v 0.010019 -0.001000 0.004558
v 0.009328 -0.001000 0.004558
v 0.009673 -0.001000 0.005156
v 0.008982 -0.001000 0.005156
v 0.010364 -0.001000 0.005156
v 0.009328 -0.001000 0.005754
v 0.008637 -0.001000 0.005754
v 0.008982 -0.001000 0.006353
v 0.008291 -0.001000 0.006353
v 0.009673 -0.001000 0.006353
v 0.010710 -0.001000 0.005754
v 0.010019 -0.001000 0.005754
v 0.010364 -0.001000 0.006353
v 0.011055 -0.001000 0.006353
v 0.012783 -0.001000 0.004558
v 0.012092 -0.001000 0.004558
v 0.012437 -0.001000 0.005156
v 0.011746 -0.001000 0.005156
v 0.013128 -0.001000 0.005156
v 0.012092 -0.001000 0.005754
v 0.011401 -0.001000 0.005754
v 0.011746 -0.001000 0.006353
v 0.012437 -0.001000 0.006353
v 0.013474 -0.001000 0.005754
v 0.012783 -0.001000 0.005754
v 0.013128 -0.001000 0.006353
v 0.013819 -0.001000 0.006353
v 0.011055 -0.001000 0.005156
v 0.011401 -0.001000 0.004558
v 0.010710 -0.001000 0.004558
v 0.008637 -0.001000 0.006951
v 0.007946 -0.001000 0.006951
v 0.008291 -0.001000 0.007550
v 0.007600 -0.001000 0.007550
v 0.008982 -0.001000 0.007550
v 0.007946 -0.001000 0.008148
v 0.007255 -0.001000 0.008148
v 0.007600 -0.001000 0.008746
v 0.006910 -0.001000 0.008746
v 0.008291 -0.001000 0.008746
v 0.009328 -0.001000 0.008148
v 0.008637 -0.001000 0.008148
v 0.008982 -0.001000 0.008746
v 0.009673 -0.001000 0.008746
v 0.007255 -0.001000 0.009345
v 0.006564 -0.001000 0.009345
v 0.006910 -0.001000 0.009943
v 0.006219 -0.001000 0.009943
v 0.007600 -0.001000 0.009943
v 0.006564 -0.001000 0.010541
v 0.005873 -0.001000 0.010541
v 0.006219 -0.001000 0.011140
v 0.005528 -0.001000 0.011140
v 0.006910 -0.001000 0.011140
v 0.007946 -0.001000 0.010541
v 0.007255 -0.001000 0.010541
v 0.007600 -0.001000 0.011140
v 0.008291 -0.001000 0.011140
v 0.010019 -0.001000 0.009345
v 0.009328 -0.001000 0.009345
v 0.009673 -0.001000 0.009943
v 0.008982 -0.001000 0.009943
v 0.010364 -0.001000 0.009943
v 0.009328 -0.001000 0.010541
v 0.008637 -0.001000 0.010541
v 0.008982 -0.001000 0.011140
v 0.009673 -0.001000 0.011140
v 0.010710 -0.001000 0.010541
v 0.010019 -0.001000 0.010541
v 0.010364 -0.001000 0.011140
v 0.011055 -0.001000 0.011140
v 0.008291 -0.001000 0.009943
v 0.008637 -0.001000 0.009345
v 0.007946 -0.001000 0.009345
v 0.014164 -0.001000 0.006951
v 0.013474 -0.001000 0.006951
v 0.013819 -0.001000 0.007550
v 0.013128 -0.001000 0.007550
v 0.014510 -0.001000 0.007550
v 0.013474 -0.001000 0.008148
v 0.012783 -0.001000 0.008148
v 0.013128 -0.001000 0.008746
v 0.012437 -0.001000 0.008746
v 0.013819 -0.001000 0.008746
v 0.014855 -0.001000 0.008148
v 0.014164 -0.001000 0.008148
v 0.014510 -0.001000 0.008746
v 0.015201 -0.001000 0.008746
v 0.012783 -0.001000 0.009345
v 0.012092 -0.001000 0.009345
v 0.012437 -0.001000 0.009943
v 0.011746 -0.001000 0.009943
v 0.013128 -0.001000 0.009943
v 0.012092 -0.001000 0.010541
v 0.011401 -0.001000 0.010541
v 0.011746 -0.001000 0.011140
v 0.012437 -0.001000 0.011140
v 0.013474 -0.001000 0.010541
v 0.012783 -0.001000 0.010541
v 0.013128 -0.001000 0.011140
v 0.013819 -0.001000 0.011140
v 0.015546 -0.001000 0.009345
v 0.014855 -0.001000 0.009345
v 0.015201 -0.001000 0.009943
v 0.014510 -0.001000 0.009943
v 0.015892 -0.001000 0.009943
v 0.014855 -0.001000 0.010541
v 0.014164 -0.001000 0.010541
v 0.014510 -0.001000 0.011140
v 0.015201 -0.001000 0.011140
v 0.016237 -0.001000 0.010541
v 0.015546 -0.001000 0.010541
v 0.015892 -0.001000 0.011140
v 0.016583 -0.001000 0.011140
v 0.013819 -0.001000 0.009943
v 0.014164 -0.001000 0.009345
v 0.013474 -0.001000 0.009345
v 0.011055 -0.001000 0.009943
v 0.011401 -0.001000 0.009345
v 0.011746 -0.001000 0.008746
v 0.011055 -0.001000 0.008746
v 0.010710 -0.001000 0.009345
v 0.010364 -0.001000 0.008746
v 0.012092 -0.001000 0.008148
v 0.012437 -0.001000 0.007550
v 0.011746 -0.001000 0.007550
v 0.012783 -0.001000 0.006951
v 0.011401 -0.001000 0.006951
v 0.012092 -0.001000 0.006951
v 0.010019 -0.001000 0.008148
v 0.009673 -0.001000 0.007550
v 0.010364 -0.001000 0.007550
v 0.010019 -0.001000 0.006951
v 0.010710 -0.001000 0.006951
v 0.009328 -0.001000 0.006951
v 0.011055 -0.001000 0.007550
v 0.010710 -0.001000 0.008148
v 0.011401 -0.001000 0.008148
v 0.005873 -0.001000 0.011738
v 0.005182 -0.001000 0.011738
v 0.005528 -0.001000 0.012337
v 0.004837 -0.001000 0.012337
v 0.006219 -0.001000 0.012337
v 0.005182 -0.001000 0.012935
v 0.004491 -0.001000 0.012935
v 0.004837 -0.001000 0.013533
v 0.004146 -0.001000 0.013533
v 0.005528 -0.001000 0.013533
v 0.006564 -0.001000 0.012935
v 0.005873 -0.001000 0.012935
v 0.006219 -0.001000 0.013533
v 0.006910 -0.001000 0.013533
v 0.004491 -0.001000 0.014132
v 0.003800 -0.001000 0.014132
v 0.004146 -0.001000 0.014730
v 0.003455 -0.001000 0.014730
v 0.004837 -0.001000 0.014730
v 0.003800 -0.001000 0.015329
v 0.003109 -0.001000 0.015329
v 0.003455 -0.001000 0.015927
v 0.002764 -0.001000 0.015927
v 0.004146 -0.001000 0.015927
v 0.005182 -0.001000 0.015329
v 0.004491 -0.001000 0.015329
v 0.004837 -0.001000 0.015927
v 0.005528 -0.001000 0.015927
v 0.007255 -0.001000 0.014132
v 0.006564 -0.001000 0.014132
v 0.006910 -0.001000 0.014730
v 0.006219 -0.001000 0.014730
v 0.007600 -0.001000 0.014730
v 0.006564 -0.001000 0.015329
v 0.005873 -0.001000 0.015329
v 0.006219 -0.001000 0.015927
v 0.006910 -0.001000 0.015927
v 0.007946 -0.001000 0.015329
v 0.007255 -0.001000 0.015329
v 0.007600 -0.001000 0.015927
v 0.008291 -0.001000 0.015927
v 0.005528 -0.001000 0.014730
v 0.005873 -0.001000 0.014132
v 0.005182 -0.001000 0.014132
v 0.003109 -0.001000 0.016525
v 0.002418 -0.001000 0.016525
v 0.002764 -0.001000 0.017124
v 0.002073 -0.001000 0.017124
v 0.003455 -0.001000 0.017124
v 0.002418 -0.001000 0.017722
v 0.001727 -0.001000 0.017722
v 0.002073 -0.001000 0.018320
v 0.001382 -0.001000 0.018320
v 0.002764 -0.001000 0.018320
v 0.003800 -0.001000 0.017722
v 0.003109 -0.001000 0.017722
v 0.003455 -0.001000 0.018320
v 0.004146 -0.001000 0.018320
v 0.001727 -0.001000 0.018919
v 0.001036 -0.001000 0.018919
v 0.001382 -0.001000 0.019517
v 0.000691 -0.001000 0.019517
v 0.002073 -0.001000 0.019517
v 0.002764 -0.001000 0.019517
v 0.004491 -0.001000 0.018919
v 0.003800 -0.001000 0.018919
v 0.004146 -0.001000 0.019517
v 0.003455 -0.001000 0.019517
v 0.004837 -0.001000 0.019517
v 0.005528 -0.001000 0.019517
v 0.003109 -0.001000 0.018919
v 0.002418 -0.001000 0.018919
v 0.008637 -0.001000 0.016525
v 0.007946 -0.001000 0.016525
v 0.008291 -0.001000 0.017124
v 0.007600 -0.001000 0.017124
v 0.008982 -0.001000 0.017124
v 0.007946 -0.001000 0.017722
v 0.007255 -0.001000 0.017722
v 0.007600 -0.001000 0.018320
v 0.006910 -0.001000 0.018320
v 0.008291 -0.001000 0.018320
v 0.009328 -0.001000 0.017722
v 0.008637 -0.001000 0.017722
v 0.008982 -0.001000 0.018320
v 0.009673 -0.001000 0.018320
v 0.007255 -0.001000 0.018919
v 0.006564 -0.001000 0.018919
v 0.006910 -0.001000 0.019517
v 0.006219 -0.001000 0.019517
v 0.007600 -0.001000 0.019517
v 0.008291 -0.001000 0.019517
v 0.010019 -0.001000 0.018919
v 0.009328 -0.001000 0.018919
v 0.009673 -0.001000 0.019517
v 0.008982 -0.001000 0.019517
v 0.010364 -0.001000 0.019517
v 0.008637 -0.001000 0.018919
v 0.007946 -0.001000 0.018919
v 0.005873 -0.001000 0.018919
v 0.006219 -0.001000 0.018320
v 0.005528 -0.001000 0.018320
v 0.005182 -0.001000 0.018919
v 0.004837 -0.001000 0.018320
v 0.006564 -0.001000 0.017722
v 0.006910 -0.001000 0.017124
v 0.006219 -0.001000 0.017124
v 0.007255 -0.001000 0.016525
v 0.005873 -0.001000 0.016525
v 0.006564 -0.001000 0.016525
v 0.004491 -0.001000 0.017722
v 0.004146 -0.001000 0.017124
v 0.004837 -0.001000 0.017124
v 0.004491 -0.001000 0.016525
v 0.005182 -0.001000 0.016525
v 0.003800 -0.001000 0.016525
v 0.005528 -0.001000 0.017124
v 0.005182 -0.001000 0.017722
v 0.005873 -0.001000 0.017722
v 0.016928 -0.001000 0.011738
v 0.016237 -0.001000 0.011738
v 0.016583 -0.001000 0.012337
v 0.015892 -0.001000 0.012337
v 0.017274 -0.001000 0.012337
v 0.016237 -0.001000 0.012935
v 0.015546 -0.001000 0.012935
v 0.015892 -0.001000 0.013533
v 0.015201 -0.001000 0.013533
v 0.016583 -0.001000 0.013533
v 0.017619 -0.001000 0.012935
v 0.016928 -0.001000 0.012935
v 0.017274 -0.001000 0.013533
v 0.017965 -0.001000 0.013533
v 0.015546 -0.001000 0.014132
v 0.014855 -0.001000 0.014132
v 0.015201 -0.001000 0.014730
v 0.014510 -0.001000 0.014730
v 0.015892 -0.001000 0.014730
v 0.014855 -0.001000 0.015329
v 0.014164 -0.001000 0.015329
v 0.014510 -0.001000 0.015927
v 0.013819 -0.001000 0.015927
v 0.015201 -0.001000 0.015927
v 0.016237 -0.001000 0.015329
v 0.015546 -0.001000 0.015329
v 0.015892 -0.001000 0.015927
v 0.016583 -0.001000 0.015927
v 0.018310 -0.001000 0.014132
v 0.017619 -0.001000 0.014132
v 0.017965 -0.001000 0.014730
v 0.017274 -0.001000 0.014730
v 0.018656 -0.001000 0.014730
v 0.017619 -0.001000 0.015329
v 0.016928 -0.001000 0.015329
v 0.017274 -0.001000 0.015927
v 0.017965 -0.001000 0.015927
v 0.019001 -0.001000 0.015329
v 0.018310 -0.001000 0.015329
v 0.018656 -0.001000 0.015927
v 0.019347 -0.001000 0.015927
v 0.016583 -0.001000 0.014730
v 0.016928 -0.001000 0.014132
v 0.016237 -0.001000 0.014132
v 0.014164 -0.001000 0.016525
v 0.013474 -0.001000 0.016525
v 0.013819 -0.001000 0.017124
v 0.013128 -0.001000 0.017124
v 0.014510 -0.001000 0.017124
v 0.013474 -0.001000 0.017722
v 0.012783 -0.001000 0.017722
v 0.013128 -0.001000 0.018320
v 0.012437 -0.001000 0.018320
v 0.013819 -0.001000 0.018320
v 0.014855 -0.001000 0.017722
v 0.014164 -0.001000 0.017722
v 0.014510 -0.001000 0.018320
v 0.015201 -0.001000 0.018320
v 0.012783 -0.001000 0.018919
v 0.012092 -0.001000 0.018919
v 0.012437 -0.001000 0.019517
v 0.011746 -0.001000 0.019517
v 0.013128 -0.001000 0.019517
v 0.015546 -0.001000 0.018919
v 0.014855 -0.001000 0.018919
v 0.015201 -0.001000 0.019517
v 0.014510 -0.001000 0.019517
v 0.015892 -0.001000 0.019517
v 0.013819 -0.001000 0.019517
v 0.014164 -0.001000 0.018919
v 0.013474 -0.001000 0.018919
v 0.019692 -0.001000 0.016525
v 0.019001 -0.001000 0.016525
v 0.019347 -0.001000 0.017124
v 0.018656 -0.001000 0.017124
v 0.019001 -0.001000 0.017722
v 0.018310 -0.001000 0.017722
v 0.018656 -0.001000 0.018320
v 0.017965 -0.001000 0.018320
v 0.019347 -0.001000 0.018320
v 0.019692 -0.001000 0.017722
v 0.018310 -0.001000 0.018919
v 0.017619 -0.001000 0.018919
v 0.017965 -0.001000 0.019517
v 0.017274 -0.001000 0.019517
v 0.018656 -0.001000 0.019517
v 0.016583 -0.001000 0.019517
v 0.019347 -0.001000 0.019517
v 0.019001 -0.001000 0.018919
v 0.019692 -0.001000 0.018919
v 0.016928 -0.001000 0.018919
v 0.017274 -0.001000 0.018320
v 0.016583 -0.001000 0.018320
v 0.016237 -0.001000 0.018919
v 0.015892 -0.001000 0.018320
v 0.017619 -0.001000 0.017722
v 0.017965 -0.001000 0.017124
v 0.017274 -0.001000 0.017124
v 0.018310 -0.001000 0.016525
v 0.016928 -0.001000 0.016525
v 0.017619 -0.001000 0.016525
v 0.015546 -0.001000 0.017722
v 0.015201 -0.001000 0.017124
v 0.015892 -0.001000 0.017124
v 0.015546 -0.001000 0.016525
v 0.016237 -0.001000 0.016525
v 0.014855 -0.001000 0.016525
v 0.016583 -0.001000 0.017124
v 0.016237 -0.001000 0.017722
v 0.016928 -0.001000 0.017722
v 0.011055 -0.001000 0.019517
v 0.011401 -0.001000 0.018919
v 0.011746 -0.001000 0.018320
v 0.011055 -0.001000 0.018320
v 0.010710 -0.001000 0.018919
v 0.010364 -0.001000 0.018320
v 0.012092 -0.001000 0.017722
v 0.012437 -0.001000 0.017124
v 0.011746 -0.001000 0.017124
v 0.012783 -0.001000 0.016525
v 0.013128 -0.001000 0.015927
v 0.012437 -0.001000 0.015927
v 0.011401 -0.001000 0.016525
v 0.012092 -0.001000 0.016525
v 0.011746 -0.001000 0.015927
v 0.011055 -0.001000 0.015927
v 0.010019 -0.001000 0.017722
v 0.009673 -0.001000 0.017124
v 0.010364 -0.001000 0.017124
v 0.010019 -0.001000 0.016525
v 0.010710 -0.001000 0.016525
v 0.010364 -0.001000 0.015927
v 0.009673 -0.001000 0.015927
v 0.009328 -0.001000 0.016525
v 0.008982 -0.001000 0.015927
v 0.011055 -0.001000 0.017124
v 0.010710 -0.001000 0.017722
v 0.011401 -0.001000 0.017722
v 0.013474 -0.001000 0.015329
v 0.013819 -0.001000 0.014730
v 0.013128 -0.001000 0.014730
v 0.014164 -0.001000 0.014132
v 0.014510 -0.001000 0.013533
v 0.013819 -0.001000 0.013533
v 0.012783 -0.001000 0.014132
v 0.013474 -0.001000 0.014132
v 0.013128 -0.001000 0.013533
v 0.012437 -0.001000 0.013533
v 0.014855 -0.001000 0.012935
v 0.015201 -0.001000 0.012337
v 0.014510 -0.001000 0.012337
v 0.015546 -0.001000 0.011738
v 0.014164 -0.001000 0.011738
v 0.014855 -0.001000 0.011738
v 0.012092 -0.001000 0.012935
v 0.012783 -0.001000 0.012935
v 0.012437 -0.001000 0.012337
v 0.013128 -0.001000 0.012337
v 0.011746 -0.001000 0.012337
v 0.012783 -0.001000 0.011738
v 0.013474 -0.001000 0.011738
v 0.011401 -0.001000 0.011738
v 0.012092 -0.001000 0.011738
v 0.013819 -0.001000 0.012337
v 0.013474 -0.001000 0.012935
v 0.014164 -0.001000 0.012935
v 0.008637 -0.001000 0.015329
v 0.008291 -0.001000 0.014730
v 0.008982 -0.001000 0.014730
v 0.008637 -0.001000 0.014132
v 0.009328 -0.001000 0.014132
v 0.008982 -0.001000 0.013533
v 0.009673 -0.001000 0.013533
v 0.008291 -0.001000 0.013533
v 0.007946 -0.001000 0.014132
v 0.007600 -0.001000 0.013533
v 0.009328 -0.001000 0.012935
v 0.010019 -0.001000 0.012935
v 0.009673 -0.001000 0.012337
v 0.010364 -0.001000 0.012337
v 0.008982 -0.001000 0.012337
v 0.010019 -0.001000 0.011738
v 0.010710 -0.001000 0.011738
v 0.008637 -0.001000 0.011738
v 0.009328 -0.001000 0.011738
v 0.007255 -0.001000 0.012935
v 0.006910 -0.001000 0.012337
v 0.007600 -0.001000 0.012337
v 0.007255 -0.001000 0.011738
v 0.007946 -0.001000 0.011738
v 0.006564 -0.001000 0.011738
v 0.008291 -0.001000 0.012337
v 0.007946 -0.001000 0.012935
v 0.008637 -0.001000 0.012935
v 0.011055 -0.001000 0.012337
v 0.010710 -0.001000 0.012935
v 0.010364 -0.001000 0.013533
v 0.011055 -0.001000 0.013533
v 0.011401 -0.001000 0.012935
v 0.011746 -0.001000 0.013533
v 0.010019 -0.001000 0.014132
v 0.009673 -0.001000 0.014730
v 0.010364 -0.001000 0.014730
v 0.009328 -0.001000 0.015329
v 0.010710 -0.001000 0.015329
v 0.010019 -0.001000 0.015329
v 0.012092 -0.001000 0.014132
v 0.012437 -0.001000 0.014730
v 0.011746 -0.001000 0.014730
v 0.012092 -0.001000 0.015329
v 0.011401 -0.001000 0.015329
v 0.012783 -0.001000 0.015329
v 0.011055 -0.001000 0.014730
v 0.011401 -0.001000 0.014132
v 0.010710 -0.001000 0.014132
v 0.019692 -0.001000 0.015329
v 0.019347 -0.001000 0.014730
v 0.019692 -0.001000 0.014132
v 0.019347 -0.001000 0.013533
v 0.019692 -0.001000 0.012935
v 0.019001 -0.001000 0.014132
v 0.018656 -0.001000 0.013533
v 0.019347 -0.001000 0.012337
v 0.019692 -0.001000 0.011738
v 0.019347 -0.001000 0.011140
v 0.018310 -0.001000 0.012935
v 0.017965 -0.001000 0.012337
v 0.018656 -0.001000 0.012337
v 0.018310 -0.001000 0.011738
v 0.019001 -0.001000 0.011738
v 0.018656 -0.001000 0.011140
v 0.017965 -0.001000 0.011140
v 0.017619 -0.001000 0.011738
v 0.017274 -0.001000 0.011140
v 0.019001 -0.001000 0.012935
v 0.016928 -0.001000 0.010541
v 0.016583 -0.001000 0.009943
v 0.017274 -0.001000 0.009943
v 0.016928 -0.001000 0.009345
v 0.017619 -0.001000 0.009345
v 0.017274 -0.001000 0.008746
v 0.017965 -0.001000 0.008746
v 0.016583 -0.001000 0.008746
v 0.016237 -0.001000 0.009345
v 0.015892 -0.001000 0.008746
v 0.017619 -0.001000 0.008148
v 0.018310 -0.001000 0.008148
v 0.017965 -0.001000 0.007550
v 0.018656 -0.001000 0.007550
v 0.017274 -0.001000 0.007550
v 0.018310 -0.001000 0.006951
v 0.019001 -0.001000 0.006951
v 0.018656 -0.001000 0.006353
v 0.019347 -0.001000 0.006353
v 0.017965 -0.001000 0.006353
v 0.016928 -0.001000 0.006951
v 0.017619 -0.001000 0.006951
v 0.017274 -0.001000 0.006353
v 0.016583 -0.001000 0.006353
v 0.015546 -0.001000 0.008148
v 0.015201 -0.001000 0.007550
v 0.015892 -0.001000 0.007550
v 0.015546 -0.001000 0.006951
v 0.016237 -0.001000 0.006951
v 0.015892 -0.001000 0.006353
v 0.015201 -0.001000 0.006353
v 0.014855 -0.001000 0.006951
v 0.014510 -0.001000 0.006353
v 0.016583 -0.001000 0.007550
v 0.016237 -0.001000 0.008148
v 0.016928 -0.001000 0.008148
v 0.019001 -0.001000 0.005754
v 0.019692 -0.001000 0.005754
v 0.018656 -0.001000 0.005156
v 0.019347 -0.001000 0.005156
v 0.018310 -0.001000 0.004558
v 0.019001 -0.001000 0.004558
v 0.019692 -0.001000 0.004558
v 0.019347 -0.001000 0.003959
v 0.018656 -0.001000 0.003959
v 0.017965 -0.001000 0.003959
v 0.019347 -0.001000 0.002763
v 0.017619 -0.001000 0.003361
v 0.018310 -0.001000 0.003361
v 0.017965 -0.001000 0.002763
v 0.018656 -0.001000 0.002763
v 0.017274 -0.001000 0.002763
v 0.018310 -0.001000 0.002164
v 0.019001 -0.001000 0.002164
v 0.016928 -0.001000 0.002164
v 0.017619 -0.001000 0.002164
v 0.019001 -0.001000 0.003361
v 0.019692 -0.001000 0.003361
v 0.014164 -0.001000 0.005754
v 0.013819 -0.001000 0.005156
v 0.014510 -0.001000 0.005156
v 0.014164 -0.001000 0.004558
v 0.014855 -0.001000 0.004558
v 0.014510 -0.001000 0.003959
v 0.015201 -0.001000 0.003959
v 0.013819 -0.001000 0.003959
v 0.013474 -0.001000 0.004558
v 0.013128 -0.001000 0.003959
v 0.014855 -0.001000 0.003361
v 0.015546 -0.001000 0.003361
v 0.015201 -0.001000 0.002763
v 0.015892 -0.001000 0.002763
v 0.014510 -0.001000 0.002763
v 0.015546 -0.001000 0.002164
v 0.016237 -0.001000 0.002164
v 0.014164 -0.001000 0.002164
v 0.014855 -0.001000 0.002164
v 0.012783 -0.001000 0.003361
v 0.012437 -0.001000 0.002763
v 0.013128 -0.001000 0.002763
v 0.012783 -0.001000 0.002164
v 0.013474 -0.001000 0.002164
v 0.012092 -0.001000 0.002164
v 0.013819 -0.001000 0.002763
v 0.013474 -0.001000 0.003361
v 0.014164 -0.001000 0.003361
v 0.016583 -0.001000 0.002763
v 0.016237 -0.001000 0.003361
v 0.015892 -0.001000 0.003959
v 0.016583 -0.001000 0.003959
v 0.016928 -0.001000 0.003361
v 0.017274 -0.001000 0.003959
v 0.015546 -0.001000 0.004558
v 0.015201 -0.001000 0.005156
v 0.015892 -0.001000 0.005156
v 0.014855 -0.001000 0.005754
v 0.016237 -0.001000 0.005754
v 0.015546 -0.001000 0.005754
v 0.017619 -0.001000 0.004558
v 0.017965 -0.001000 0.005156
v 0.017274 -0.001000 0.005156
v 0.017619 -0.001000 0.005754
v 0.016928 -0.001000 0.005754
v 0.018310 -0.001000 0.005754
v 0.016583 -0.001000 0.005156
v 0.016928 -0.001000 0.004558
v 0.016237 -0.001000 0.004558
v 0.019692 -0.001000 0.006951
v 0.019347 -0.001000 0.007550
v 0.019001 -0.001000 0.008148
v 0.018656 -0.001000 0.008746
v 0.019347 -0.001000 0.008746
v 0.019692 -0.001000 0.008148
v 0.019692 -0.001000 0.009345
v 0.018310 -0.001000 0.009345
v 0.017965 -0.001000 0.009943
v 0.018656 -0.001000 0.009943
v 0.017619 -0.001000 0.010541
v 0.019001 -0.001000 0.010541
v 0.018310 -0.001000 0.010541
v 0.019692 -0.001000 0.010541
v 0.019347 -0.001000 0.009943
v 0.019001 -0.001000 0.009345
v 0.000000 -0.001000 0.019517
v 0.000345 -0.001000 0.018919
v 0.000691 -0.001000 0.018320
v 0.000000 -0.001000 0.018320
v -0.000345 -0.001000 0.018919
v -0.000691 -0.001000 0.018320
v 0.001036 -0.001000 0.017722
v 0.001382 -0.001000 0.017124
v 0.000691 -0.001000 0.017124
v 0.001727 -0.001000 0.016525
v 0.002073 -0.001000 0.015927
v 0.001382 -0.001000 0.015927
v 0.000345 -0.001000 0.016525
v 0.001036 -0.001000 0.016525
v 0.000691 -0.001000 0.015927
v 0.000000 -0.001000 0.015927
v -0.001036 -0.001000 0.017722
v -0.001382 -0.001000 0.017124
v -0.000691 -0.001000 0.017124
v -0.001036 -0.001000 0.016525
v -0.000345 -0.001000 0.016525
v -0.000691 -0.001000 0.015927
v -0.001382 -0.001000 0.015927
v -0.001727 -0.001000 0.016525
v -0.002073 -0.001000 0.015927
v 0.000000 -0.001000 0.017124
v -0.000345 -0.001000 0.017722
v 0.000345 -0.001000 0.017722
v 0.002418 -0.001000 0.015329
v 0.002764 -0.001000 0.014730
v 0.002073 -0.001000 0.014730
v 0.003109 -0.001000 0.014132
v 0.003455 -0.001000 0.013533
v 0.002764 -0.001000 0.013533
v 0.001727 -0.001000 0.014132
v 0.002418 -0.001000 0.014132
v 0.002073 -0.001000 0.013533
v 0.001382 -0.001000 0.013533
v 0.003800 -0.001000 0.012935
v 0.004146 -0.001000 0.012337
v 0.003455 -0.001000 0.012337
v 0.004491 -0.001000 0.011738
v 0.004837 -0.001000 0.011140
v 0.004146 -0.001000 0.011140
v 0.003109 -0.001000 0.011738
v 0.003800 -0.001000 0.011738
v 0.003455 -0.001000 0.011140
v 0.002764 -0.001000 0.011140
v 0.001036 -0.001000 0.012935
v 0.001727 -0.001000 0.012935
v 0.001382 -0.001000 0.012337
v 0.002073 -0.001000 0.012337
v 0.000691 -0.001000 0.012337
v 0.001727 -0.001000 0.011738
v 0.002418 -0.001000 0.011738
v 0.002073 -0.001000 0.011140
v 0.001382 -0.001000 0.011140
v 0.000345 -0.001000 0.011738
v 0.001036 -0.001000 0.011738
v 0.000691 -0.001000 0.011140
v 0.000000 -0.001000 0.011140
v 0.002764 -0.001000 0.012337
v 0.002418 -0.001000 0.012935
v 0.003109 -0.001000 0.012935
v -0.002418 -0.001000 0.015329
v -0.002764 -0.001000 0.014730
v -0.002073 -0.001000 0.014730
v -0.002418 -0.001000 0.014132
v -0.001727 -0.001000 0.014132
v -0.002073 -0.001000 0.013533
v -0.001382 -0.001000 0.013533
v -0.002764 -0.001000 0.013533
v -0.003109 -0.001000 0.014132
v -0.003455 -0.001000 0.013533
v -0.001727 -0.001000 0.012935
v -0.001036 -0.001000 0.012935
v -0.001382 -0.001000 0.012337
v -0.000691 -0.001000 0.012337
v -0.002073 -0.001000 0.012337
v -0.001036 -0.001000 0.011738
v -0.000345 -0.001000 0.011738
v -0.000691 -0.001000 0.011140
v -0.001382 -0.001000 0.011140
v -0.002418 -0.001000 0.011738
v -0.001727 -0.001000 0.011738
v -0.002073 -0.001000 0.011140
v -0.002764 -0.001000 0.011140
v -0.003800 -0.001000 0.012935
v -0.004146 -0.001000 0.012337
v -0.003455 -0.001000 0.012337
v -0.003800 -0.001000 0.011738
v -0.003109 -0.001000 0.011738
v -0.003455 -0.001000 0.011140
v -0.004146 -0.001000 0.011140
v -0.004491 -0.001000 0.011738
v -0.004837 -0.001000 0.011140
v -0.002764 -0.001000 0.012337
v -0.003109 -0.001000 0.012935
v -0.002418 -0.001000 0.012935
v 0.000000 -0.001000 0.012337
v -0.000345 -0.001000 0.012935
v -0.000691 -0.001000 0.013533
v 0.000000 -0.001000 0.013533
v 0.000345 -0.001000 0.012935
v 0.000691 -0.001000 0.013533
v -0.001036 -0.001000 0.014132
v -0.001382 -0.001000 0.014730
v -0.000691 -0.001000 0.014730
v -0.001727 -0.001000 0.015329
v -0.000345 -0.001000 0.015329
v -0.001036 -0.001000 0.015329
v 0.001036 -0.001000 0.014132
v 0.001382 -0.001000 0.014730
v 0.000691 -0.001000 0.014730
v 0.001036 -0.001000 0.015329
v 0.000345 -0.001000 0.015329
v 0.001727 -0.001000 0.015329
v 0.000000 -0.001000 0.014730
v 0.000345 -0.001000 0.014132
v -0.000345 -0.001000 0.014132
v 0.005182 -0.001000 0.010541
v 0.005528 -0.001000 0.009943
v 0.004837 -0.001000 0.009943
v 0.005873 -0.001000 0.009345
v 0.006219 -0.001000 0.008746
v 0.005528 -0.001000 0.008746
v 0.004491 -0.001000 0.009345
v 0.005182 -0.001000 0.009345
v 0.004837 -0.001000 0.008746
v 0.004146 -0.001000 0.008746
v 0.006564 -0.001000 0.008148
v 0.006910 -0.001000 0.007550
v 0.006219 -0.001000 0.007550
v 0.007255 -0.001000 0.006951
v 0.007600 -0.001000 0.006353
v 0.006910 -0.001000 0.006353
v 0.005873 -0.001000 0.006951
v 0.006564 -0.001000 0.006951
v 0.006219 -0.001000 0.006353
v 0.005528 -0.001000 0.006353
v 0.003800 -0.001000 0.008148
v 0.004491 -0.001000 0.008148
v 0.004146 -0.001000 0.007550
v 0.004837 -0.001000 0.007550
v 0.003455 -0.001000 0.007550
v 0.004491 -0.001000 0.006951
v 0.005182 -0.001000 0.006951
v 0.004837 -0.001000 0.006353
v 0.004146 -0.001000 0.006353
v 0.003109 -0.001000 0.006951
v 0.003800 -0.001000 0.006951
v 0.003455 -0.001000 0.006353
v 0.002764 -0.001000 0.006353
v 0.005528 -0.001000 0.007550
v 0.005182 -0.001000 0.008148
v 0.005873 -0.001000 0.008148
v 0.007946 -0.001000 0.005754
v 0.008291 -0.001000 0.005156
v 0.007600 -0.001000 0.005156
v 0.008637 -0.001000 0.004558
v 0.008982 -0.001000 0.003959
v 0.008291 -0.001000 0.003959
v 0.007255 -0.001000 0.004558
v 0.007946 -0.001000 0.004558
v 0.007600 -0.001000 0.003959
v 0.006910 -0.001000 0.003959
v 0.009328 -0.001000 0.003361
v 0.009673 -0.001000 0.002763
v 0.008982 -0.001000 0.002763
v 0.010019 -0.001000 0.002164
v 0.010364 -0.001000 0.001566
v 0.009673 -0.001000 0.001566
v 0.008637 -0.001000 0.002164
v 0.009328 -0.001000 0.002164
v 0.008982 -0.001000 0.001566
v 0.008291 -0.001000 0.001566
v 0.006564 -0.001000 0.003361
v 0.007255 -0.001000 0.003361
v 0.006910 -0.001000 0.002763
v 0.007600 -0.001000 0.002763
v 0.006219 -0.001000 0.002763
v 0.007255 -0.001000 0.002164
v 0.007946 -0.001000 0.002164
v 0.007600 -0.001000 0.001566
v 0.006910 -0.001000 0.001566
v 0.005873 -0.001000 0.002164
v 0.006564 -0.001000 0.002164
v 0.006219 -0.001000 0.001566
v 0.005528 -0.001000 0.001566
v 0.008291 -0.001000 0.002763
v 0.007946 -0.001000 0.003361
v 0.008637 -0.001000 0.003361
v 0.002418 -0.001000 0.005754
v 0.003109 -0.001000 0.005754
v 0.002764 -0.001000 0.005156
v 0.003455 -0.001000 0.005156
v 0.002073 -0.001000 0.005156
v 0.003109 -0.001000 0.004558
v 0.003800 -0.001000 0.004558
v 0.003455 -0.001000 0.003959
v 0.004146 -0.001000 0.003959
v 0.002764 -0.001000 0.003959
v 0.001727 -0.001000 0.004558
v 0.002418 -0.001000 0.004558
v 0.002073 -0.001000 0.003959
v 0.001382 -0.001000 0.003959
v 0.003800 -0.001000 0.003361
v 0.004491 -0.001000 0.003361
v 0.004146 -0.001000 0.002763
v 0.004837 -0.001000 0.002763
v 0.003455 -0.001000 0.002763
v 0.004491 -0.001000 0.002164
v 0.005182 -0.001000 0.002164
v 0.004837 -0.001000 0.001566
v 0.004146 -0.001000 0.001566
v 0.003109 -0.001000 0.002164
v 0.003800 -0.001000 0.002164
v 0.003455 -0.001000 0.001566
v 0.002764 -0.001000 0.001566
v 0.001036 -0.001000 0.003361
v 0.001727 -0.001000 0.003361
v 0.001382 -0.001000 0.002763
v 0.002073 -0.001000 0.002763
v 0.000691 -0.001000 0.002763
v 0.001727 -0.001000 0.002164
v 0.002418 -0.001000 0.002164
v 0.002073 -0.001000 0.001566
v 0.001382 -0.001000 0.001566
v 0.000345 -0.001000 0.002164
v 0.001036 -0.001000 0.002164
v 0.000691 -0.001000 0.001566
v 0.000000 -0.001000 0.001566
v 0.002764 -0.001000 0.002763
v 0.002418 -0.001000 0.003361
v 0.003109 -0.001000 0.003361
v 0.005528 -0.001000 0.002763
v 0.005182 -0.001000 0.003361
v 0.004837 -0.001000 0.003959
v 0.005528 -0.001000 0.003959
v 0.005873 -0.001000 0.003361
v 0.006219 -0.001000 0.003959
v 0.004491 -0.001000 0.004558
v 0.004146 -0.001000 0.005156
v 0.004837 -0.001000 0.005156
v 0.003800 -0.001000 0.005754
v 0.005182 -0.001000 0.005754
v 0.004491 -0.001000 0.005754
v 0.006564 -0.001000 0.004558
v 0.006910 -0.001000 0.005156
v 0.006219 -0.001000 0.005156
v 0.006564 -0.001000 0.005754
v 0.005873 -0.001000 0.005754
v 0.007255 -0.001000 0.005754
v 0.005528 -0.001000 0.005156
v 0.005873 -0.001000 0.004558
v 0.005182 -0.001000 0.004558
v -0.005182 -0.001000 0.010541
v -0.005528 -0.001000 0.009943
v -0.004837 -0.001000 0.009943
v -0.005182 -0.001000 0.009345
v -0.004491 -0.001000 0.009345
v -0.004837 -0.001000 0.008746
v -0.004146 -0.001000 0.008746
v -0.005528 -0.001000 0.008746
v -0.005873 -0.001000 0.009345
v -0.006219 -0.001000 0.008746
v -0.004491 -0.001000 0.008148
v -0.003800 -0.001000 0.008148
v -0.004146 -0.001000 0.007550
v -0.003455 -0.001000 0.007550
v -0.004837 -0.001000 0.007550
v -0.003800 -0.001000 0.006951
v -0.003109 -0.001000 0.006951
v -0.003455 -0.001000 0.006353
v -0.002764 -0.001000 0.006353
v -0.004146 -0.001000 0.006353
v -0.005182 -0.001000 0.006951
v -0.004491 -0.001000 0.006951
v -0.004837 -0.001000 0.006353
v -0.005528 -0.001000 0.006353
v -0.006564 -0.001000 0.008148
v -0.006910 -0.001000 0.007550
v -0.006219 -0.001000 0.007550
v -0.006564 -0.001000 0.006951
v -0.005873 -0.001000 0.006951
v -0.006219 -0.001000 0.006353
v -0.006910 -0.001000 0.006353
v -0.007255 -0.001000 0.006951
v -0.007600 -0.001000 0.006353
v -0.005528 -0.001000 0.007550
v -0.005873 -0.001000 0.008148
v -0.005182 -0.001000 0.008148
v -0.003109 -0.001000 0.005754
v -0.002418 -0.001000 0.005754
v -0.002764 -0.001000 0.005156
v -0.002073 -0.001000 0.005156
v -0.003455 -0.001000 0.005156
v -0.002418 -0.001000 0.004558
v -0.001727 -0.001000 0.004558
v -0.002073 -0.001000 0.003959
v -0.001382 -0.001000 0.003959
v -0.002764 -0.001000 0.003959
v -0.003800 -0.001000 0.004558
v -0.003109 -0.001000 0.004558
v -0.003455 -0.001000 0.003959
v -0.004146 -0.001000 0.003959
v -0.001727 -0.001000 0.003361
v -0.001036 -0.001000 0.003361
v -0.001382 -0.001000 0.002763
v -0.000691 -0.001000 0.002763
v -0.002073 -0.001000 0.002763
v -0.001036 -0.001000 0.002164
v -0.000345 -0.001000 0.002164
v -0.000691 -0.001000 0.001566
v -0.001382 -0.001000 0.001566
v -0.002418 -0.001000 0.002164
v -0.001727 -0.001000 0.002164
v -0.002073 -0.001000 0.001566
v -0.002764 -0.001000 0.001566
v -0.004491 -0.001000 0.003361
v -0.003800 -0.001000 0.003361
v -0.004146 -0.001000 0.002763
v -0.003455 -0.001000 0.002763
v -0.004837 -0.001000 0.002763
v -0.003800 -0.001000 0.002164
v -0.003109 -0.001000 0.002164
v -0.003455 -0.001000 0.001566
v -0.004146 -0.001000 0.001566
v -0.005182 -0.001000 0.002164
v -0.004491 -0.001000 0.002164
v -0.004837 -0.001000 0.001566
v -0.005528 -0.001000 0.001566
v -0.002764 -0.001000 0.002763
v -0.003109 -0.001000 0.003361
v -0.002418 -0.001000 0.003361
v -0.007946 -0.001000 0.005754
v -0.008291 -0.001000 0.005156
v -0.007600 -0.001000 0.005156
v -0.007946 -0.001000 0.004558
v -0.007255 -0.001000 0.004558
v -0.007600 -0.001000 0.003959
v -0.006910 -0.001000 0.003959
v -0.008291 -0.001000 0.003959
v -0.008637 -0.001000 0.004558
v -0.008982 -0.001000 0.003959
v -0.007255 -0.001000 0.003361
v -0.006564 -0.001000 0.003361
v -0.006910 -0.001000 0.002763
v -0.006219 -0.001000 0.002763
v -0.007600 -0.001000 0.002763
v -0.006564 -0.001000 0.002164
v -0.005873 -0.001000 0.002164
v -0.006219 -0.001000 0.001566
v -0.006910 -0.001000 0.001566
v -0.007946 -0.001000 0.002164
v -0.007255 -0.001000 0.002164
v -0.007600 -0.001000 0.001566
v -0.008291 -0.001000 0.001566
v -0.009328 -0.001000 0.003361
v -0.009673 -0.001000 0.002763
v -0.008982 -0.001000 0.002763
v -0.009328 -0.001000 0.002164
v -0.008637 -0.001000 0.002164
v -0.008982 -0.001000 0.001566
v -0.009673 -0.001000 0.001566
v -0.010019 -0.001000 0.002164
v -0.010364 -0.001000 0.001566
v -0.008291 -0.001000 0.002763
v -0.008637 -0.001000 0.003361
v -0.007946 -0.001000 0.003361
v -0.005528 -0.001000 0.002763
v -0.005873 -0.001000 0.003361
v -0.006219 -0.001000 0.003959
v -0.005528 -0.001000 0.003959
v -0.005182 -0.001000 0.003361
v -0.004837 -0.001000 0.003959
v -0.006564 -0.001000 0.004558
v -0.006910 -0.001000 0.005156
v -0.006219 -0.001000 0.005156
v -0.007255 -0.001000 0.005754
v -0.005873 -0.001000 0.005754
v -0.006564 -0.001000 0.005754
v -0.004491 -0.001000 0.004558
v -0.004146 -0.001000 0.005156
v -0.004837 -0.001000 0.005156
v -0.004491 -0.001000 0.005754
v -0.005182 -0.001000 0.005754
v -0.003800 -0.001000 0.005754
v -0.005528 -0.001000 0.005156
v -0.005182 -0.001000 0.004558
v -0.005873 -0.001000 0.004558
v 0.000000 -0.001000 0.002763
v -0.000345 -0.001000 0.003361
v -0.000691 -0.001000 0.003959
v 0.000000 -0.001000 0.003959
v 0.000345 -0.001000 0.003361
v 0.000691 -0.001000 0.003959
v -0.001036 -0.001000 0.004558
v -0.001382 -0.001000 0.005156
v -0.000691 -0.001000 0.005156
v -0.001727 -0.001000 0.005754
v -0.002073 -0.001000 0.006353
v -0.001382 -0.001000 0.006353
v -0.000345 -0.001000 0.005754
v -0.001036 -0.001000 0.005754
v -0.000691 -0.001000 0.006353
v 0.000000 -0.001000 0.006353
v 0.001036 -0.001000 0.004558
v 0.001382 -0.001000 0.005156
v 0.000691 -0.001000 0.005156
v 0.001036 -0.001000 0.005754
v 0.000345 -0.001000 0.005754
v 0.000691 -0.001000 0.006353
v 0.001382 -0.001000 0.006353
v 0.001727 -0.001000 0.005754
v 0.002073 -0.001000 0.006353
v 0.000000 -0.001000 0.005156
v 0.000345 -0.001000 0.004558
v -0.000345 -0.001000 0.004558
v -0.002418 -0.001000 0.006951
v -0.002764 -0.001000 0.007550
v -0.002073 -0.001000 0.007550
v -0.003109 -0.001000 0.008148
v -0.003455 -0.001000 0.008746
v -0.002764 -0.001000 0.008746
v -0.001727 -0.001000 0.008148
v -0.002418 -0.001000 0.008148
v -0.002073 -0.001000 0.008746
v -0.001382 -0.001000 0.008746
v -0.003800 -0.001000 0.009345
v -0.004146 -0.001000 0.009943
v -0.003455 -0.001000 0.009943
v -0.004491 -0.001000 0.010541
v -0.003109 -0.001000 0.010541
v -0.003800 -0.001000 0.010541
v -0.001036 -0.001000 0.009345
v -0.001727 -0.001000 0.009345
v -0.001382 -0.001000 0.009943
v -0.002073 -0.001000 0.009943
v -0.000691 -0.001000 0.009943
v -0.001727 -0.001000 0.010541
v -0.002418 -0.001000 0.010541
v -0.000345 -0.001000 0.010541
v -0.001036 -0.001000 0.010541
v -0.002764 -0.001000 0.009943
v -0.002418 -0.001000 0.009345
v -0.003109 -0.001000 0.009345
v 0.002418 -0.001000 0.006951
v 0.002764 -0.001000 0.007550
v 0.002073 -0.001000 0.007550
v 0.002418 -0.001000 0.008148
v 0.001727 -0.001000 0.008148
v 0.002073 -0.001000 0.008746
v 0.001382 -0.001000 0.008746
v 0.002764 -0.001000 0.008746
v 0.003109 -0.001000 0.008148
v 0.003455 -0.001000 0.008746
v 0.001727 -0.001000 0.009345
v 0.001036 -0.001000 0.009345
v 0.001382 -0.001000 0.009943
v 0.000691 -0.001000 0.009943
v 0.002073 -0.001000 0.009943
v 0.001036 -0.001000 0.010541
v 0.000345 -0.001000 0.010541
v 0.002418 -0.001000 0.010541
v 0.001727 -0.001000 0.010541
v 0.003800 -0.001000 0.009345
v 0.004146 -0.001000 0.009943
v 0.003455 -0.001000 0.009943
v 0.003800 -0.001000 0.010541
v 0.003109 -0.001000 0.010541
v 0.004491 -0.001000 0.010541
v 0.002764 -0.001000 0.009943
v 0.003109 -0.001000 0.009345
v 0.002418 -0.001000 0.009345
v 0.000000 -0.001000 0.009943
v 0.000345 -0.001000 0.009345
v 0.000691 -0.001000 0.008746
v 0.000000 -0.001000 0.008746
v -0.000345 -0.001000 0.009345
v -0.000691 -0.001000 0.008746
v 0.001036 -0.001000 0.008148
v 0.001382 -0.001000 0.007550
v 0.000691 -0.001000 0.007550
v 0.001727 -0.001000 0.006951
v 0.000345 -0.001000 0.006951
v 0.001036 -0.001000 0.006951
v -0.001036 -0.001000 0.008148
v -0.001382 -0.001000 0.007550
v -0.000691 -0.001000 0.007550
v -0.001036 -0.001000 0.006951
v -0.000345 -0.001000 0.006951
v -0.001727 -0.001000 0.006951
v 0.000000 -0.001000 0.007550
v -0.000345 -0.001000 0.008148
v 0.000345 -0.001000 0.008148
v 0.010710 -0.001000 0.000967
v 0.011055 -0.001000 0.000369
v 0.010364 -0.001000 0.000369
v 0.011401 -0.001000 -0.000229
v 0.011746 -0.001000 -0.000828
v 0.011055 -0.001000 -0.000828
v 0.010019 -0.001000 -0.000229
v 0.010710 -0.001000 -0.000229
v 0.010364 -0.001000 -0.000828
v 0.009673 -0.001000 -0.000828
v 0.012092 -0.001000 -0.001426
v 0.012437 -0.001000 -0.002025
v 0.011746 -0.001000 -0.002025
v 0.012783 -0.001000 -0.002623
v 0.013128 -0.001000 -0.003221
v 0.012437 -0.001000 -0.003221
v 0.011401 -0.001000 -0.002623
v 0.012092 -0.001000 -0.002623
v 0.011746 -0.001000 -0.003221
v 0.011055 -0.001000 -0.003221
v 0.009328 -0.001000 -0.001426
v 0.010019 -0.001000 -0.001426
v 0.009673 -0.001000 -0.002025
v 0.010364 -0.001000 -0.002025
v 0.008982 -0.001000 -0.002025
v 0.010019 -0.001000 -0.002623
v 0.010710 -0.001000 -0.002623
v 0.010364 -0.001000 -0.003221
v 0.009673 -0.001000 -0.003221
v 0.008637 -0.001000 -0.002623
v 0.009328 -0.001000 -0.002623
v 0.008982 -0.001000 -0.003221
v 0.008291 -0.001000 -0.003221
v 0.011055 -0.001000 -0.002025
v 0.010710 -0.001000 -0.001426
v 0.011401 -0.001000 -0.001426
v 0.013474 -0.001000 -0.003820
v 0.013819 -0.001000 -0.004418
v 0.013128 -0.001000 -0.004418
v 0.014164 -0.001000 -0.005016
v 0.014510 -0.001000 -0.005615
v 0.013819 -0.001000 -0.005615
v 0.012783 -0.001000 -0.005016
v 0.013474 -0.001000 -0.005016
v 0.013128 -0.001000 -0.005615
v 0.012437 -0.001000 -0.005615
v 0.014855 -0.001000 -0.006213
v 0.015201 -0.001000 -0.006812
v 0.014510 -0.001000 -0.006812
v 0.015546 -0.001000 -0.007410
v 0.015892 -0.001000 -0.008008
v 0.015201 -0.001000 -0.008008
v 0.014164 -0.001000 -0.007410
v 0.014855 -0.001000 -0.007410
v 0.014510 -0.001000 -0.008008
v 0.013819 -0.001000 -0.008008
v 0.012092 -0.001000 -0.006213
v 0.012783 -0.001000 -0.006213
v 0.012437 -0.001000 -0.006812
v 0.013128 -0.001000 -0.006812
v 0.011746 -0.001000 -0.006812
v 0.012783 -0.001000 -0.007410
v 0.013474 -0.001000 -0.007410
v 0.013128 -0.001000 -0.008008
v 0.012437 -0.001000 -0.008008
v 0.011401 -0.001000 -0.007410
v 0.012092 -0.001000 -0.007410
v 0.011746 -0.001000 -0.008008
v 0.011055 -0.001000 -0.008008
v 0.013819 -0.001000 -0.006812
v 0.013474 -0.001000 -0.006213
v 0.014164 -0.001000 -0.006213
v 0.007946 -0.001000 -0.003820
v 0.008637 -0.001000 -0.003820
v 0.008291 -0.001000 -0.004418
v 0.008982 -0.001000 -0.004418
v 0.007600 -0.001000 -0.004418
v 0.008637 -0.001000 -0.005016
v 0.009328 -0.001000 -0.005016
v 0.008982 -0.001000 -0.005615
v 0.009673 -0.001000 -0.005615
v 0.008291 -0.001000 -0.005615
v 0.007255 -0.001000 -0.005016
v 0.007946 -0.001000 -0.005016
v 0.007600 -0.001000 -0.005615
v 0.006910 -0.001000 -0.005615
v 0.009328 -0.001000 -0.006213
v 0.010019 -0.001000 -0.006213
v 0.009673 -0.001000 -0.006812
v 0.010364 -0.001000 -0.006812
v 0.008982 -0.001000 -0.006812
v 0.010019 -0.001000 -0.007410
v 0.010710 -0.001000 -0.007410
v 0.010364 -0.001000 -0.008008
v 0.009673 -0.001000 -0.008008
v 0.008637 -0.001000 -0.007410
v 0.009328 -0.001000 -0.007410
v 0.008982 -0.001000 -0.008008
v 0.008291 -0.001000 -0.008008
v 0.006564 -0.001000 -0.006213
v 0.007255 -0.001000 -0.006213
v 0.006910 -0.001000 -0.006812
v 0.007600 -0.001000 -0.006812
v 0.006219 -0.001000 -0.006812
v 0.007255 -0.001000 -0.007410
v 0.007946 -0.001000 -0.007410
v 0.007600 -0.001000 -0.008008
v 0.006910 -0.001000 -0.008008
v 0.005873 -0.001000 -0.007410
v 0.006564 -0.001000 -0.007410
v 0.006219 -0.001000 -0.008008
v 0.005528 -0.001000 -0.008008
v 0.008291 -0.001000 -0.006812
v 0.007946 -0.001000 -0.006213
v 0.008637 -0.001000 -0.006213
v 0.011055 -0.001000 -0.006812
v 0.010710 -0.001000 -0.006213
v 0.010364 -0.001000 -0.005615
v 0.011055 -0.001000 -0.005615
v 0.011401 -0.001000 -0.006213
v 0.011746 -0.001000 -0.005615
v 0.010019 -0.001000 -0.005016
v 0.009673 -0.001000 -0.004418
v 0.010364 -0.001000 -0.004418
v 0.009328 -0.001000 -0.003820
v 0.010710 -0.001000 -0.003820
v 0.010019 -0.001000 -0.003820
v 0.012092 -0.001000 -0.005016
v 0.012437 -0.001000 -0.004418
v 0.011746 -0.001000 -0.004418
v 0.012092 -0.001000 -0.003820
v 0.011401 -0.001000 -0.003820
v 0.012783 -0.001000 -0.003820
v 0.011055 -0.001000 -0.004418
v 0.011401 -0.001000 -0.005016
v 0.010710 -0.001000 -0.005016
v 0.016237 -0.001000 -0.008607
v 0.016583 -0.001000 -0.009205
v 0.015892 -0.001000 -0.009205
v 0.016928 -0.001000 -0.009803
v 0.017274 -0.001000 -0.010402
v 0.016583 -0.001000 -0.010402
v 0.015546 -0.001000 -0.009803
v 0.016237 -0.001000 -0.009803
v 0.015892 -0.001000 -0.010402
v 0.015201 -0.001000 -0.010402
v 0.017619 -0.001000 -0.011000
v 0.017965 -0.001000 -0.011599
v 0.017274 -0.001000 -0.011599
v 0.018310 -0.001000 -0.012197
v 0.018656 -0.001000 -0.012795
v 0.017965 -0.001000 -0.012795
v 0.016928 -0.001000 -0.012197
v 0.017619 -0.001000 -0.012197
v 0.017274 -0.001000 -0.012795
v 0.016583 -0.001000 -0.012795
v 0.014855 -0.001000 -0.011000
v 0.015546 -0.001000 -0.011000
v 0.015201 -0.001000 -0.011599
v 0.015892 -0.001000 -0.011599
v 0.014510 -0.001000 -0.011599
v 0.015546 -0.001000 -0.012197
v 0.016237 -0.001000 -0.012197
v 0.015892 -0.001000 -0.012795
v 0.015201 -0.001000 -0.012795
v 0.014164 -0.001000 -0.012197
v 0.014855 -0.001000 -0.012197
v 0.014510 -0.001000 -0.012795
v 0.013819 -0.001000 -0.012795
v 0.016583 -0.001000 -0.011599
v 0.016237 -0.001000 -0.011000
v 0.016928 -0.001000 -0.011000
v 0.019001 -0.001000 -0.013394
v 0.018656 -0.001000 -0.013992
v 0.018310 -0.001000 -0.014590
v 0.019001 -0.001000 -0.014590
v 0.019692 -0.001000 -0.014590
v 0.019347 -0.001000 -0.015189
v 0.018656 -0.001000 -0.015189
v 0.017965 -0.001000 -0.015189
v 0.019692 -0.001000 -0.016984
v 0.017619 -0.001000 -0.015787
v 0.018310 -0.001000 -0.015787
v 0.017965 -0.001000 -0.016386
v 0.018656 -0.001000 -0.016386
v 0.017274 -0.001000 -0.016386
v 0.018310 -0.001000 -0.016984
v 0.019001 -0.001000 -0.016984
v 0.016928 -0.001000 -0.016984
v 0.017619 -0.001000 -0.016984
v 0.019347 -0.001000 -0.016386
v 0.019692 -0.001000 -0.015787
v 0.019001 -0.001000 -0.015787
v 0.013474 -0.001000 -0.013394
v 0.014164 -0.001000 -0.013394
v 0.013819 -0.001000 -0.013992
v 0.014510 -0.001000 -0.013992
v 0.013128 -0.001000 -0.013992
v 0.014164 -0.001000 -0.014590
v 0.014855 -0.001000 -0.014590
v 0.014510 -0.001000 -0.015189
v 0.015201 -0.001000 -0.015189
v 0.013819 -0.001000 -0.015189
v 0.012783 -0.001000 -0.014590
v 0.013474 -0.001000 -0.014590
v 0.013128 -0.001000 -0.015189
v 0.012437 -0.001000 -0.015189
v 0.014855 -0.001000 -0.015787
v 0.015546 -0.001000 -0.015787
v 0.015201 -0.001000 -0.016386
v 0.015892 -0.001000 -0.016386
v 0.014510 -0.001000 -0.016386
v 0.015546 -0.001000 -0.016984
v 0.016237 -0.001000 -0.016984
v 0.014164 -0.001000 -0.016984
v 0.014855 -0.001000 -0.016984
v 0.012092 -0.001000 -0.015787
v 0.012783 -0.001000 -0.015787
v 0.012437 -0.001000 -0.016386
v 0.013128 -0.001000 -0.016386
v 0.011746 -0.001000 -0.016386
v 0.012783 -0.001000 -0.016984
v 0.013474 -0.001000 -0.016984
v 0.011401 -0.001000 -0.016984
v 0.012092 -0.001000 -0.016984
v 0.013819 -0.001000 -0.016386
v 0.013474 -0.001000 -0.015787
v 0.014164 -0.001000 -0.015787
v 0.016583 -0.001000 -0.016386
v 0.016237 -0.001000 -0.015787
v 0.015892 -0.001000 -0.015189
v 0.016583 -0.001000 -0.015189
v 0.016928 -0.001000 -0.015787
v 0.017274 -0.001000 -0.015189
v 0.015546 -0.001000 -0.014590
v 0.015201 -0.001000 -0.013992
v 0.015892 -0.001000 -0.013992
v 0.014855 -0.001000 -0.013394
v 0.016237 -0.001000 -0.013394
v 0.015546 -0.001000 -0.013394
v 0.017619 -0.001000 -0.014590
v 0.017965 -0.001000 -0.013992
v 0.017274 -0.001000 -0.013992
v 0.017619 -0.001000 -0.013394
v 0.016928 -0.001000 -0.013394
v 0.018310 -0.001000 -0.013394
v 0.016583 -0.001000 -0.013992
v 0.016928 -0.001000 -0.014590
v 0.016237 -0.001000 -0.014590
v 0.005182 -0.001000 -0.008607
v 0.005873 -0.001000 -0.008607
v 0.005528 -0.001000 -0.009205
v 0.006219 -0.001000 -0.009205
v 0.004837 -0.001000 -0.009205
v 0.005873 -0.001000 -0.009803
v 0.006564 -0.001000 -0.009803
v 0.006219 -0.001000 -0.010402
v 0.006910 -0.001000 -0.010402
v 0.005528 -0.001000 -0.010402
v 0.004491 -0.001000 -0.009803
v 0.005182 -0.001000 -0.009803
v 0.004837 -0.001000 -0.010402
v 0.004146 -0.001000 -0.010402
v 0.006564 -0.001000 -0.011000
v 0.007255 -0.001000 -0.011000
v 0.006910 -0.001000 -0.011599
v 0.007600 -0.001000 -0.011599
v 0.006219 -0.001000 -0.011599
v 0.007255 -0.001000 -0.012197
v 0.007946 -0.001000 -0.012197
v 0.007600 -0.001000 -0.012795
v 0.008291 -0.001000 -0.012795
v 0.006910 -0.001000 -0.012795
v 0.005873 -0.001000 -0.012197
v 0.006564 -0.001000 -0.012197
v 0.006219 -0.001000 -0.012795
v 0.005528 -0.001000 -0.012795
v 0.003800 -0.001000 -0.011000
v 0.004491 -0.001000 -0.011000
v 0.004146 -0.001000 -0.011599
v 0.004837 -0.001000 -0.011599
v 0.003455 -0.001000 -0.011599
v 0.004491 -0.001000 -0.012197
v 0.005182 -0.001000 -0.012197
v 0.004837 -0.001000 -0.012795
v 0.004146 -0.001000 -0.012795
v 0.003109 -0.001000 -0.012197
v 0.003800 -0.001000 -0.012197
v 0.003455 -0.001000 -0.012795
v 0.002764 -0.001000 -0.012795
v 0.005528 -0.001000 -0.011599
v 0.005182 -0.001000 -0.011000
v 0.005873 -0.001000 -0.011000
v 0.007946 -0.001000 -0.013394
v 0.008637 -0.001000 -0.013394
v 0.008291 -0.001000 -0.013992
v 0.008982 -0.001000 -0.013992
v 0.007600 -0.001000 -0.013992
v 0.008637 -0.001000 -0.014590
v 0.009328 -0.001000 -0.014590
v 0.008982 -0.001000 -0.015189
v 0.009673 -0.001000 -0.015189
v 0.008291 -0.001000 -0.015189
v 0.007255 -0.001000 -0.014590
v 0.007946 -0.001000 -0.014590
v 0.007600 -0.001000 -0.015189
v 0.006910 -0.001000 -0.015189
v 0.009328 -0.001000 -0.015787
v 0.010019 -0.001000 -0.015787
v 0.009673 -0.001000 -0.016386
v 0.010364 -0.001000 -0.016386
v 0.008982 -0.001000 -0.016386
v 0.010019 -0.001000 -0.016984
v 0.010710 -0.001000 -0.016984
v 0.008637 -0.001000 -0.016984
v 0.009328 -0.001000 -0.016984
v 0.006564 -0.001000 -0.015787
v 0.007255 -0.001000 -0.015787
v 0.006910 -0.001000 -0.016386
v 0.007600 -0.001000 -0.016386
v 0.006219 -0.001000 -0.016386
v 0.007255 -0.001000 -0.016984
v 0.007946 -0.001000 -0.016984
v 0.005873 -0.001000 -0.016984
v 0.006564 -0.001000 -0.016984
v 0.008291 -0.001000 -0.016386
v 0.007946 -0.001000 -0.015787
v 0.008637 -0.001000 -0.015787
v 0.002418 -0.001000 -0.013394
v 0.003109 -0.001000 -0.013394
v 0.002764 -0.001000 -0.013992
v 0.003455 -0.001000 -0.013992
v 0.002073 -0.001000 -0.013992
v 0.003109 -0.001000 -0.014590
v 0.003800 -0.001000 -0.014590
v 0.003455 -0.001000 -0.015189
v 0.004146 -0.001000 -0.015189
v 0.002764 -0.001000 -0.015189
v 0.001727 -0.001000 -0.014590
v 0.002418 -0.001000 -0.014590
v 0.002073 -0.001000 -0.015189
v 0.001382 -0.001000 -0.015189
v 0.003800 -0.001000 -0.015787
v 0.004491 -0.001000 -0.015787
v 0.004146 -0.001000 -0.016386
v 0.004837 -0.001000 -0.016386
v 0.003455 -0.001000 -0.016386
v 0.004491 -0.001000 -0.016984
v 0.005182 -0.001000 -0.016984
v 0.003109 -0.001000 -0.016984
v 0.003800 -0.001000 -0.016984
v 0.001036 -0.001000 -0.015787
v 0.001727 -0.001000 -0.015787
v 0.001382 -0.001000 -0.016386
v 0.002073 -0.001000 -0.016386
v 0.000691 -0.001000 -0.016386
v 0.001727 -0.001000 -0.016984
v 0.002418 -0.001000 -0.016984
v 0.000345 -0.001000 -0.016984
v 0.001036 -0.001000 -0.016984
v 0.002764 -0.001000 -0.016386
v 0.002418 -0.001000 -0.015787
v 0.003109 -0.001000 -0.015787
v 0.005528 -0.001000 -0.016386
v 0.005182 -0.001000 -0.015787
v 0.004837 -0.001000 -0.015189
v 0.005528 -0.001000 -0.015189
v 0.005873 -0.001000 -0.015787
v 0.006219 -0.001000 -0.015189
v 0.004491 -0.001000 -0.014590
v 0.004146 -0.001000 -0.013992
v 0.004837 -0.001000 -0.013992
v 0.003800 -0.001000 -0.013394
v 0.005182 -0.001000 -0.013394
v 0.004491 -0.001000 -0.013394
v 0.006564 -0.001000 -0.014590
v 0.006910 -0.001000 -0.013992
v 0.006219 -0.001000 -0.013992
v 0.006564 -0.001000 -0.013394
v 0.005873 -0.001000 -0.013394
v 0.007255 -0.001000 -0.013394
v 0.005528 -0.001000 -0.013992
v 0.005873 -0.001000 -0.014590
v 0.005182 -0.001000 -0.014590
v 0.011055 -0.001000 -0.016386
v 0.010710 -0.001000 -0.015787
v 0.010364 -0.001000 -0.015189
v 0.011055 -0.001000 -0.015189
v 0.011401 -0.001000 -0.015787
v 0.011746 -0.001000 -0.015189
v 0.010019 -0.001000 -0.014590
v 0.009673 -0.001000 -0.013992
v 0.010364 -0.001000 -0.013992
v 0.009328 -0.001000 -0.013394
v 0.008982 -0.001000 -0.012795
v 0.009673 -0.001000 -0.012795
v 0.010710 -0.001000 -0.013394
v 0.010019 -0.001000 -0.013394
v 0.010364 -0.001000 -0.012795
v 0.011055 -0.001000 -0.012795
v 0.012092 -0.001000 -0.014590
v 0.012437 -0.001000 -0.013992
v 0.011746 -0.001000 -0.013992
v 0.012092 -0.001000 -0.013394
v 0.011401 -0.001000 -0.013394
v 0.011746 -0.001000 -0.012795
v 0.012437 -0.001000 -0.012795
v 0.012783 -0.001000 -0.013394
v 0.013128 -0.001000 -0.012795
v 0.011055 -0.001000 -0.013992
v 0.011401 -0.001000 -0.014590
v 0.010710 -0.001000 -0.014590
v 0.008637 -0.001000 -0.012197
v 0.008291 -0.001000 -0.011599
v 0.008982 -0.001000 -0.011599
v 0.007946 -0.001000 -0.011000
v 0.007600 -0.001000 -0.010402
v 0.008291 -0.001000 -0.010402
v 0.009328 -0.001000 -0.011000
v 0.008637 -0.001000 -0.011000
v 0.008982 -0.001000 -0.010402
v 0.009673 -0.001000 -0.010402
v 0.007255 -0.001000 -0.009803
v 0.006910 -0.001000 -0.009205
v 0.007600 -0.001000 -0.009205
v 0.006564 -0.001000 -0.008607
v 0.007946 -0.001000 -0.008607
v 0.007255 -0.001000 -0.008607
v 0.010019 -0.001000 -0.009803
v 0.009328 -0.001000 -0.009803
v 0.009673 -0.001000 -0.009205
v 0.008982 -0.001000 -0.009205
v 0.010364 -0.001000 -0.009205
v 0.009328 -0.001000 -0.008607
v 0.008637 -0.001000 -0.008607
v 0.010710 -0.001000 -0.008607
v 0.010019 -0.001000 -0.008607
v 0.008291 -0.001000 -0.009205
v 0.008637 -0.001000 -0.009803
v 0.007946 -0.001000 -0.009803
v 0.013474 -0.001000 -0.012197
v 0.013819 -0.001000 -0.011599
v 0.013128 -0.001000 -0.011599
v 0.013474 -0.001000 -0.011000
v 0.012783 -0.001000 -0.011000
v 0.013128 -0.001000 -0.010402
v 0.012437 -0.001000 -0.010402
v 0.013819 -0.001000 -0.010402
v 0.014164 -0.001000 -0.011000
v 0.014510 -0.001000 -0.010402
v 0.012783 -0.001000 -0.009803
v 0.012092 -0.001000 -0.009803
v 0.012437 -0.001000 -0.009205
v 0.011746 -0.001000 -0.009205
v 0.013128 -0.001000 -0.009205
v 0.012092 -0.001000 -0.008607
v 0.011401 -0.001000 -0.008607
v 0.013474 -0.001000 -0.008607
v 0.012783 -0.001000 -0.008607
v 0.014855 -0.001000 -0.009803
v 0.015201 -0.001000 -0.009205
v 0.014510 -0.001000 -0.009205
v 0.014855 -0.001000 -0.008607
v 0.014164 -0.001000 -0.008607
v 0.015546 -0.001000 -0.008607
v 0.013819 -0.001000 -0.009205
v 0.014164 -0.001000 -0.009803
v 0.013474 -0.001000 -0.009803
v 0.011055 -0.001000 -0.009205
v 0.011401 -0.001000 -0.009803
v 0.011746 -0.001000 -0.010402
v 0.011055 -0.001000 -0.010402
v 0.010710 -0.001000 -0.009803
v 0.010364 -0.001000 -0.010402
v 0.012092 -0.001000 -0.011000
v 0.012437 -0.001000 -0.011599
v 0.011746 -0.001000 -0.011599
v 0.012783 -0.001000 -0.012197
v 0.011401 -0.001000 -0.012197
v 0.012092 -0.001000 -0.012197
v 0.010019 -0.001000 -0.011000
v 0.009673 -0.001000 -0.011599
v 0.010364 -0.001000 -0.011599
v 0.010019 -0.001000 -0.012197
v 0.010710 -0.001000 -0.012197
v 0.009328 -0.001000 -0.012197
v 0.011055 -0.001000 -0.011599
v 0.010710 -0.001000 -0.011000
v 0.011401 -0.001000 -0.011000
v -0.010710 -0.001000 0.000967
v -0.011055 -0.001000 0.000369
v -0.010364 -0.001000 0.000369
v -0.010710 -0.001000 -0.000229
v -0.010019 -0.001000 -0.000229
v -0.010364 -0.001000 -0.000828
v -0.009673 -0.001000 -0.000828
v -0.011055 -0.001000 -0.000828
v -0.011401 -0.001000 -0.000229
v -0.011746 -0.001000 -0.000828
v -0.010019 -0.001000 -0.001426
v -0.009328 -0.001000 -0.001426
v -0.009673 -0.001000 -0.002025
v -0.008982 -0.001000 -0.002025
v -0.010364 -0.001000 -0.002025
v -0.009328 -0.001000 -0.002623
v -0.008637 -0.001000 -0.002623
v -0.008982 -0.001000 -0.003221
v -0.008291 -0.001000 -0.003221
v -0.009673 -0.001000 -0.003221
v -0.010710 -0.001000 -0.002623
v -0.010019 -0.001000 -0.002623
v -0.010364 -0.001000 -0.003221
v -0.011055 -0.001000 -0.003221
v -0.012092 -0.001000 -0.001426
v -0.012437 -0.001000 -0.002025
v -0.011746 -0.001000 -0.002025
v -0.012092 -0.001000 -0.002623
v -0.011401 -0.001000 -0.002623
v -0.011746 -0.001000 -0.003221
v -0.012437 -0.001000 -0.003221
v -0.012783 -0.001000 -0.002623
v -0.013128 -0.001000 -0.003221
v -0.011055 -0.001000 -0.002025
v -0.011401 -0.001000 -0.001426
v -0.010710 -0.001000 -0.001426
v -0.008637 -0.001000 -0.003820
v -0.007946 -0.001000 -0.003820
v -0.008291 -0.001000 -0.004418
v -0.007600 -0.001000 -0.004418
v -0.008982 -0.001000 -0.004418
v -0.007946 -0.001000 -0.005016
v -0.007255 -0.001000 -0.005016
v -0.007600 -0.001000 -0.005615
v -0.006910 -0.001000 -0.005615
v -0.008291 -0.001000 -0.005615
v -0.009328 -0.001000 -0.005016
v -0.008637 -0.001000 -0.005016
v -0.008982 -0.001000 -0.005615
v -0.009673 -0.001000 -0.005615
v -0.007255 -0.001000 -0.006213
v -0.006564 -0.001000 -0.006213
v -0.006910 -0.001000 -0.006812
v -0.006219 -0.001000 -0.006812
v -0.007600 -0.001000 -0.006812
v -0.006564 -0.001000 -0.007410
v -0.005873 -0.001000 -0.007410
v -0.006219 -0.001000 -0.008008
v -0.005528 -0.001000 -0.008008
v -0.006910 -0.001000 -0.008008
v -0.007946 -0.001000 -0.007410
v -0.007255 -0.001000 -0.007410
v -0.007600 -0.001000 -0.008008
v -0.008291 -0.001000 -0.008008
v -0.010019 -0.001000 -0.006213
v -0.009328 -0.001000 -0.006213
v -0.009673 -0.001000 -0.006812
v -0.008982 -0.001000 -0.006812
v -0.010364 -0.001000 -0.006812
v -0.009328 -0.001000 -0.007410
v -0.008637 -0.001000 -0.007410
v -0.008982 -0.001000 -0.008008
v -0.009673 -0.001000 -0.008008
v -0.010710 -0.001000 -0.007410
v -0.010019 -0.001000 -0.007410
v -0.010364 -0.001000 -0.008008
v -0.011055 -0.001000 -0.008008
v -0.008291 -0.001000 -0.006812
v -0.008637 -0.001000 -0.006213
v -0.007946 -0.001000 -0.006213
v -0.013474 -0.001000 -0.003820
v -0.013819 -0.001000 -0.004418
v -0.013128 -0.001000 -0.004418
v -0.013474 -0.001000 -0.005016
v -0.012783 -0.001000 -0.005016
v -0.013128 -0.001000 -0.005615
v -0.012437 -0.001000 -0.005615
v -0.013819 -0.001000 -0.005615
v -0.014164 -0.001000 -0.005016
v -0.014510 -0.001000 -0.005615
v -0.012783 -0.001000 -0.006213
v -0.012092 -0.001000 -0.006213
v -0.012437 -0.001000 -0.006812
v -0.011746 -0.001000 -0.006812
v -0.013128 -0.001000 -0.006812
v -0.012092 -0.001000 -0.007410
v -0.011401 -0.001000 -0.007410
v -0.011746 -0.001000 -0.008008
v -0.012437 -0.001000 -0.008008
v -0.013474 -0.001000 -0.007410
v -0.012783 -0.001000 -0.007410
v -0.013128 -0.001000 -0.008008
v -0.013819 -0.001000 -0.008008
v -0.014855 -0.001000 -0.006213
v -0.015201 -0.001000 -0.006812
v -0.014510 -0.001000 -0.006812
v -0.014855 -0.001000 -0.007410
v -0.014164 -0.001000 -0.007410
v -0.014510 -0.001000 -0.008008
v -0.015201 -0.001000 -0.008008
v -0.015546 -0.001000 -0.007410
v -0.015892 -0.001000 -0.008008
v -0.013819 -0.001000 -0.006812
v -0.014164 -0.001000 -0.006213
v -0.013474 -0.001000 -0.006213
v -0.011055 -0.001000 -0.006812
v -0.011401 -0.001000 -0.006213
v -0.011746 -0.001000 -0.005615
v -0.011055 -0.001000 -0.005615
v -0.010710 -0.001000 -0.006213
v -0.010364 -0.001000 -0.005615
v -0.012092 -0.001000 -0.005016
v -0.012437 -0.001000 -0.004418
v -0.011746 -0.001000 -0.004418
v -0.012783 -0.001000 -0.003820
v -0.011401 -0.001000 -0.003820
v -0.012092 -0.001000 -0.003820
v -0.010019 -0.001000 -0.005016
v -0.009673 -0.001000 -0.004418
v -0.010364 -0.001000 -0.004418
v -0.010019 -0.001000 -0.003820
v -0.010710 -0.001000 -0.003820
v -0.009328 -0.001000 -0.003820
v -0.011055 -0.001000 -0.004418
v -0.010710 -0.001000 -0.005016
v -0.011401 -0.001000 -0.005016
v -0.005873 -0.001000 -0.008607
v -0.005182 -0.001000 -0.008607
v -0.005528 -0.001000 -0.009205
v -0.004837 -0.001000 -0.009205
v -0.006219 -0.001000 -0.009205
v -0.005182 -0.001000 -0.009803
v -0.004491 -0.001000 -0.009803
v -0.004837 -0.001000 -0.010402
v -0.004146 -0.001000 -0.010402
v -0.005528 -0.001000 -0.010402
v -0.006564 -0.001000 -0.009803
v -0.005873 -0.001000 -0.009803
v -0.006219 -0.001000 -0.010402
v -0.006910 -0.001000 -0.010402
v -0.004491 -0.001000 -0.011000
v -0.003800 -0.001000 -0.011000
v -0.004146 -0.001000 -0.011599
v -0.003455 -0.001000 -0.011599
v -0.004837 -0.001000 -0.011599
v -0.003800 -0.001000 -0.012197
v -0.003109 -0.001000 -0.012197
v -0.003455 -0.001000 -0.012795
v -0.002764 -0.001000 -0.012795
v -0.004146 -0.001000 -0.012795
v -0.005182 -0.001000 -0.012197
v -0.004491 -0.001000 -0.012197
v -0.004837 -0.001000 -0.012795
v -0.005528 -0.001000 -0.012795
v -0.007255 -0.001000 -0.011000
v -0.006564 -0.001000 -0.011000
v -0.006910 -0.001000 -0.011599
v -0.006219 -0.001000 -0.011599
v -0.007600 -0.001000 -0.011599
v -0.006564 -0.001000 -0.012197
v -0.005873 -0.001000 -0.012197
v -0.006219 -0.001000 -0.012795
v -0.006910 -0.001000 -0.012795
v -0.007946 -0.001000 -0.012197
v -0.007255 -0.001000 -0.012197
v -0.007600 -0.001000 -0.012795
v -0.008291 -0.001000 -0.012795
v -0.005528 -0.001000 -0.011599
v -0.005873 -0.001000 -0.011000
v -0.005182 -0.001000 -0.011000
v -0.003109 -0.001000 -0.013394
v -0.002418 -0.001000 -0.013394
v -0.002764 -0.001000 -0.013992
v -0.002073 -0.001000 -0.013992
v -0.003455 -0.001000 -0.013992
v -0.002418 -0.001000 -0.014590
v -0.001727 -0.001000 -0.014590
v -0.002073 -0.001000 -0.015189
v -0.001382 -0.001000 -0.015189
v -0.002764 -0.001000 -0.015189
v -0.003800 -0.001000 -0.014590
v -0.003109 -0.001000 -0.014590
v -0.003455 -0.001000 -0.015189
v -0.004146 -0.001000 -0.015189
v -0.001727 -0.001000 -0.015787
v -0.001036 -0.001000 -0.015787
v -0.001382 -0.001000 -0.016386
v -0.000691 -0.001000 -0.016386
v -0.002073 -0.001000 -0.016386
v -0.001036 -0.001000 -0.016984
v -0.000345 -0.001000 -0.016984
v -0.002418 -0.001000 -0.016984
v -0.001727 -0.001000 -0.016984
v -0.004491 -0.001000 -0.015787
v -0.003800 -0.001000 -0.015787
v -0.004146 -0.001000 -0.016386
v -0.003455 -0.001000 -0.016386
v -0.004837 -0.001000 -0.016386
v -0.003800 -0.001000 -0.016984
v -0.003109 -0.001000 -0.016984
v -0.005182 -0.001000 -0.016984
v -0.004491 -0.001000 -0.016984
v -0.002764 -0.001000 -0.016386
v -0.003109 -0.001000 -0.015787
v -0.002418 -0.001000 -0.015787
v -0.008637 -0.001000 -0.013394
v -0.007946 -0.001000 -0.013394
v -0.008291 -0.001000 -0.013992
v -0.007600 -0.001000 -0.013992
v -0.008982 -0.001000 -0.013992
v -0.007946 -0.001000 -0.014590
v -0.007255 -0.001000 -0.014590
v -0.007600 -0.001000 -0.015189
v -0.006910 -0.001000 -0.015189
v -0.008291 -0.001000 -0.015189
v -0.009328 -0.001000 -0.014590
v -0.008637 -0.001000 -0.014590
v -0.008982 -0.001000 -0.015189
v -0.009673 -0.001000 -0.015189
v -0.007255 -0.001000 -0.015787
v -0.006564 -0.001000 -0.015787
v -0.006910 -0.001000 -0.016386
v -0.006219 -0.001000 -0.016386
v -0.007600 -0.001000 -0.016386
v -0.006564 -0.001000 -0.016984
v -0.005873 -0.001000 -0.016984
v -0.007946 -0.001000 -0.016984
v -0.007255 -0.001000 -0.016984
v -0.010019 -0.001000 -0.015787
v -0.009328 -0.001000 -0.015787
v -0.009673 -0.001000 -0.016386
v -0.008982 -0.001000 -0.016386
v -0.010364 -0.001000 -0.016386
v -0.009328 -0.001000 -0.016984
v -0.008637 -0.001000 -0.016984
v -0.010710 -0.001000 -0.016984
v -0.010019 -0.001000 -0.016984
v -0.008291 -0.001000 -0.016386
v -0.008637 -0.001000 -0.015787
v -0.007946 -0.001000 -0.015787
v -0.005528 -0.001000 -0.016386
v -0.005873 -0.001000 -0.015787
v -0.006219 -0.001000 -0.015189
v -0.005528 -0.001000 -0.015189
v -0.005182 -0.001000 -0.015787
v -0.004837 -0.001000 -0.015189
v -0.006564 -0.001000 -0.014590
v -0.006910 -0.001000 -0.013992
v -0.006219 -0.001000 -0.013992
v -0.007255 -0.001000 -0.013394
v -0.005873 -0.001000 -0.013394
v -0.006564 -0.001000 -0.013394
v -0.004491 -0.001000 -0.014590
v -0.004146 -0.001000 -0.013992
v -0.004837 -0.001000 -0.013992
v -0.004491 -0.001000 -0.013394
v -0.005182 -0.001000 -0.013394
v -0.003800 -0.001000 -0.013394
v -0.005528 -0.001000 -0.013992
v -0.005182 -0.001000 -0.014590
v -0.005873 -0.001000 -0.014590
v -0.016237 -0.001000 -0.008607
v -0.016583 -0.001000 -0.009205
v -0.015892 -0.001000 -0.009205
v -0.016237 -0.001000 -0.009803
v -0.015546 -0.001000 -0.009803
v -0.015892 -0.001000 -0.010402
v -0.015201 -0.001000 -0.010402
v -0.016583 -0.001000 -0.010402
v -0.016928 -0.001000 -0.009803
v -0.017274 -0.001000 -0.010402
v -0.015546 -0.001000 -0.011000
v -0.014855 -0.001000 -0.011000
v -0.015201 -0.001000 -0.011599
v -0.014510 -0.001000 -0.011599
v -0.015892 -0.001000 -0.011599
v -0.014855 -0.001000 -0.012197
v -0.014164 -0.001000 -0.012197
v -0.014510 -0.001000 -0.012795
v -0.013819 -0.001000 -0.012795
v -0.015201 -0.001000 -0.012795
v -0.016237 -0.001000 -0.012197
v -0.015546 -0.001000 -0.012197
v -0.015892 -0.001000 -0.012795
v -0.016583 -0.001000 -0.012795
v -0.017619 -0.001000 -0.011000
v -0.017965 -0.001000 -0.011599
v -0.017274 -0.001000 -0.011599
v -0.017619 -0.001000 -0.012197
v -0.016928 -0.001000 -0.012197
v -0.017274 -0.001000 -0.012795
v -0.017965 -0.001000 -0.012795
v -0.018310 -0.001000 -0.012197
v -0.018656 -0.001000 -0.012795
v -0.016583 -0.001000 -0.011599
v -0.016928 -0.001000 -0.011000
v -0.016237 -0.001000 -0.011000
v -0.014164 -0.001000 -0.013394
v -0.013474 -0.001000 -0.013394
v -0.013819 -0.001000 -0.013992
v -0.013128 -0.001000 -0.013992
v -0.014510 -0.001000 -0.013992
v -0.013474 -0.001000 -0.014590
v -0.012783 -0.001000 -0.014590
v -0.013128 -0.001000 -0.015189
v -0.012437 -0.001000 -0.015189
v -0.013819 -0.001000 -0.015189
v -0.014855 -0.001000 -0.014590
v -0.014164 -0.001000 -0.014590
v -0.014510 -0.001000 -0.015189
v -0.015201 -0.001000 -0.015189
v -0.012783 -0.001000 -0.015787
v -0.012092 -0.001000 -0.015787
v -0.012437 -0.001000 -0.016386
v -0.011746 -0.001000 -0.016386
v -0.013128 -0.001000 -0.016386
v -0.012092 -0.001000 -0.016984
v -0.011401 -0.001000 -0.016984
v -0.013474 -0.001000 -0.016984
v -0.012783 -0.001000 -0.016984
v -0.015546 -0.001000 -0.015787
v -0.014855 -0.001000 -0.015787
v -0.015201 -0.001000 -0.016386
v -0.014510 -0.001000 -0.016386
v -0.015892 -0.001000 -0.016386
v -0.014855 -0.001000 -0.016984
v -0.014164 -0.001000 -0.016984
v -0.016237 -0.001000 -0.016984
v -0.015546 -0.001000 -0.016984
v -0.013819 -0.001000 -0.016386
v -0.014164 -0.001000 -0.015787
v -0.013474 -0.001000 -0.015787
v -0.019001 -0.001000 -0.013394
v -0.018656 -0.001000 -0.013992
v -0.019001 -0.001000 -0.014590
v -0.018310 -0.001000 -0.014590
v -0.018656 -0.001000 -0.015189
v -0.017965 -0.001000 -0.015189
v -0.019347 -0.001000 -0.015189
v -0.019692 -0.001000 -0.014590
v -0.019692 -0.001000 -0.015787
v -0.018310 -0.001000 -0.015787
v -0.017619 -0.001000 -0.015787
v -0.017965 -0.001000 -0.016386
v -0.017274 -0.001000 -0.016386
v -0.018656 -0.001000 -0.016386
v -0.017619 -0.001000 -0.016984
v -0.016928 -0.001000 -0.016984
v -0.019001 -0.001000 -0.016984
v -0.018310 -0.001000 -0.016984
v -0.019692 -0.001000 -0.016984
v -0.019347 -0.001000 -0.016386
v -0.019001 -0.001000 -0.015787
v -0.016583 -0.001000 -0.016386
v -0.016928 -0.001000 -0.015787
v -0.017274 -0.001000 -0.015189
v -0.016583 -0.001000 -0.015189
v -0.016237 -0.001000 -0.015787
v -0.015892 -0.001000 -0.015189
v -0.017619 -0.001000 -0.014590
v -0.017965 -0.001000 -0.013992
v -0.017274 -0.001000 -0.013992
v -0.018310 -0.001000 -0.013394
v -0.016928 -0.001000 -0.013394
v -0.017619 -0.001000 -0.013394
v -0.015546 -0.001000 -0.014590
v -0.015201 -0.001000 -0.013992
v -0.015892 -0.001000 -0.013992
v -0.015546 -0.001000 -0.013394
v -0.016237 -0.001000 -0.013394
v -0.014855 -0.001000 -0.013394
v -0.016583 -0.001000 -0.013992
v -0.016237 -0.001000 -0.014590
v -0.016928 -0.001000 -0.014590
v -0.011055 -0.001000 -0.016386
v -0.011401 -0.001000 -0.015787
v -0.011746 -0.001000 -0.015189
v -0.011055 -0.001000 -0.015189
v -0.010710 -0.001000 -0.015787
v -0.010364 -0.001000 -0.015189
v -0.012092 -0.001000 -0.014590
v -0.012437 -0.001000 -0.013992
v -0.011746 -0.001000 -0.013992
v -0.012783 -0.001000 -0.013394
v -0.013128 -0.001000 -0.012795
v -0.012437 -0.001000 -0.012795
v -0.011401 -0.001000 -0.013394
v -0.012092 -0.001000 -0.013394
v -0.011746 -0.001000 -0.012795
v -0.011055 -0.001000 -0.012795
v -0.010019 -0.001000 -0.014590
v -0.009673 -0.001000 -0.013992
v -0.010364 -0.001000 -0.013992
v -0.010019 -0.001000 -0.013394
v -0.010710 -0.001000 -0.013394
v -0.010364 -0.001000 -0.012795
v -0.009673 -0.001000 -0.012795
v -0.009328 -0.001000 -0.013394
v -0.008982 -0.001000 -0.012795
v -0.011055 -0.001000 -0.013992
v -0.010710 -0.001000 -0.014590
v -0.011401 -0.001000 -0.014590
v -0.013474 -0.001000 -0.012197
v -0.013819 -0.001000 -0.011599
v -0.013128 -0.001000 -0.011599
v -0.014164 -0.001000 -0.011000
v -0.014510 -0.001000 -0.010402
v -0.013819 -0.001000 -0.010402
v -0.012783 -0.001000 -0.011000
v -0.013474 -0.001000 -0.011000
v -0.013128 -0.001000 -0.010402
v -0.012437 -0.001000 -0.010402
v -0.014855 -0.001000 -0.009803
v -0.015201 -0.001000 -0.009205
v -0.014510 -0.001000 -0.009205
v -0.015546 -0.001000 -0.008607
v -0.014164 -0.001000 -0.008607
v -0.014855 -0.001000 -0.008607
v -0.012092 -0.001000 -0.009803
v -0.012783 -0.001000 -0.009803
v -0.012437 -0.001000 -0.009205
v -0.013128 -0.001000 -0.009205
v -0.011746 -0.001000 -0.009205
v -0.012783 -0.001000 -0.008607
v -0.013474 -0.001000 -0.008607
v -0.011401 -0.001000 -0.008607
v -0.012092 -0.001000 -0.008607
v -0.013819 -0.001000 -0.009205
v -0.013474 -0.001000 -0.009803
v -0.014164 -0.001000 -0.009803
v -0.008637 -0.001000 -0.012197
v -0.008291 -0.001000 -0.011599
v -0.008982 -0.001000 -0.011599
v -0.008637 -0.001000 -0.011000
v -0.009328 -0.001000 -0.011000
v -0.008982 -0.001000 -0.010402
v -0.009673 -0.001000 -0.010402
v -0.008291 -0.001000 -0.010402
v -0.007946 -0.001000 -0.011000
v -0.007600 -0.001000 -0.010402
v -0.009328 -0.001000 -0.009803
v -0.010019 -0.001000 -0.009803
v -0.009673 -0.001000 -0.009205
v -0.010364 -0.001000 -0.009205
v -0.008982 -0.001000 -0.009205
v -0.010019 -0.001000 -0.008607
v -0.010710 -0.001000 -0.008607
v -0.008637 -0.001000 -0.008607
v -0.009328 -0.001000 -0.008607
v -0.007255 -0.001000 -0.009803
v -0.006910 -0.001000 -0.009205
v -0.007600 -0.001000 -0.009205
v -0.007255 -0.001000 -0.008607
v -0.007946 -0.001000 -0.008607
v -0.006564 -0.001000 -0.008607
v -0.008291 -0.001000 -0.009205
v -0.007946 -0.001000 -0.009803
v -0.008637 -0.001000 -0.009803
v -0.011055 -0.001000 -0.009205
v -0.010710 -0.001000 -0.009803
v -0.010364 -0.001000 -0.010402
v -0.011055 -0.001000 -0.010402
v -0.011401 -0.001000 -0.009803
v -0.011746 -0.001000 -0.010402
v -0.010019 -0.001000 -0.011000
v -0.009673 -0.001000 -0.011599
v -0.010364 -0.001000 -0.011599
v -0.009328 -0.001000 -0.012197
v -0.010710 -0.001000 -0.012197
v -0.010019 -0.001000 -0.012197
v -0.012092 -0.001000 -0.011000
v -0.012437 -0.001000 -0.011599
v -0.011746 -0.001000 -0.011599
v -0.012092 -0.001000 -0.012197
v -0.011401 -0.001000 -0.012197
v -0.012783 -0.001000 -0.012197
v -0.011055 -0.001000 -0.011599
v -0.011401 -0.001000 -0.011000
v -0.010710 -0.001000 -0.011000
v 0.000000 -0.001000 -0.016386
v -0.000345 -0.001000 -0.015787
v -0.000691 -0.001000 -0.015189
v 0.000000 -0.001000 -0.015189
v 0.000345 -0.001000 -0.015787
v 0.000691 -0.001000 -0.015189
v -0.001036 -0.001000 -0.014590
v -0.001382 -0.001000 -0.013992
v -0.000691 -0.001000 -0.013992
v -0.001727 -0.001000 -0.013394
v -0.002073 -0.001000 -0.012795
v -0.001382 -0.001000 -0.012795
v -0.000345 -0.001000 -0.013394
v -0.001036 -0.001000 -0.013394
v -0.000691 -0.001000 -0.012795
v 0.000000 -0.001000 -0.012795
v 0.001036 -0.001000 -0.014590
v 0.001382 -0.001000 -0.013992
v 0.000691 -0.001000 -0.013992
v 0.001036 -0.001000 -0.013394
v 0.000345 -0.001000 -0.013394
v 0.000691 -0.001000 -0.012795
v 0.001382 -0.001000 -0.012795
v 0.001727 -0.001000 -0.013394
v 0.002073 -0.001000 -0.012795
v 0.000000 -0.001000 -0.013992
v 0.000345 -0.001000 -0.014590
v -0.000345 -0.001000 -0.014590
v -0.002418 -0.001000 -0.012197
v -0.002764 -0.001000 -0.011599
v -0.002073 -0.001000 -0.011599
v -0.003109 -0.001000 -0.011000
v -0.003455 -0.001000 -0.010402
v -0.002764 -0.001000 -0.010402
v -0.001727 -0.001000 -0.011000
v -0.002418 -0.001000 -0.011000
v -0.002073 -0.001000 -0.010402
v -0.001382 -0.001000 -0.010402
v -0.003800 -0.001000 -0.009803
v -0.004146 -0.001000 -0.009205
v -0.003455 -0.001000 -0.009205
v -0.004491 -0.001000 -0.008607
v -0.004837 -0.001000 -0.008008
v -0.004146 -0.001000 -0.008008
v -0.003109 -0.001000 -0.008607
v -0.003800 -0.001000 -0.008607
v -0.003455 -0.001000 -0.008008
v -0.002764 -0.001000 -0.008008
v -0.001036 -0.001000 -0.009803
v -0.001727 -0.001000 -0.009803
v -0.001382 -0.001000 -0.009205
v -0.002073 -0.001000 -0.009205
v -0.000691 -0.001000 -0.009205
v -0.001727 -0.001000 -0.008607
v -0.002418 -0.001000 -0.008607
v -0.002073 -0.001000 -0.008008
v -0.001382 -0.001000 -0.008008
v -0.000345 -0.001000 -0.008607
v -0.001036 -0.001000 -0.008607
v -0.000691 -0.001000 -0.008008
v 0.000000 -0.001000 -0.008008
v -0.002764 -0.001000 -0.009205
v -0.002418 -0.001000 -0.009803
v -0.003109 -0.001000 -0.009803
v 0.002418 -0.001000 -0.012197
v 0.002764 -0.001000 -0.011599
v 0.002073 -0.001000 -0.011599
v 0.002418 -0.001000 -0.011000
v 0.001727 -0.001000 -0.011000
v 0.002073 -0.001000 -0.010402
v 0.001382 -0.001000 -0.010402
v 0.002764 -0.001000 -0.010402
v 0.003109 -0.001000 -0.011000
v 0.003455 -0.001000 -0.010402
v 0.001727 -0.001000 -0.009803
v 0.001036 -0.001000 -0.009803
v 0.001382 -0.001000 -0.009205
v 0.000691 -0.001000 -0.009205
v 0.002073 -0.001000 -0.009205
v 0.001036 -0.001000 -0.008607
v 0.000345 -0.001000 -0.008607
v 0.000691 -0.001000 -0.008008
v 0.001382 -0.001000 -0.008008
v 0.002418 -0.001000 -0.008607
v 0.001727 -0.001000 -0.008607
v 0.002073 -0.001000 -0.008008
v 0.002764 -0.001000 -0.008008
v 0.003800 -0.001000 -0.009803
v 0.004146 -0.001000 -0.009205
v 0.003455 -0.001000 -0.009205
v 0.003800 -0.001000 -0.008607
v 0.003109 -0.001000 -0.008607
v 0.003455 -0.001000 -0.008008
v 0.004146 -0.001000 -0.008008
v 0.004491 -0.001000 -0.008607
v 0.004837 -0.001000 -0.008008
v 0.002764 -0.001000 -0.009205
v 0.003109 -0.001000 -0.009803
v 0.002418 -0.001000 -0.009803
v 0.000000 -0.001000 -0.009205
v 0.000345 -0.001000 -0.009803
v 0.000691 -0.001000 -0.010402
v 0.000000 -0.001000 -0.010402
v -0.000345 -0.001000 -0.009803
v -0.000691 -0.001000 -0.010402
v 0.001036 -0.001000 -0.011000
v 0.001382 -0.001000 -0.011599
v 0.000691 -0.001000 -0.011599
v 0.001727 -0.001000 -0.012197
v 0.000345 -0.001000 -0.012197
v 0.001036 -0.001000 -0.012197
v -0.001036 -0.001000 -0.011000
v -0.001382 -0.001000 -0.011599
v -0.000691 -0.001000 -0.011599
v -0.001036 -0.001000 -0.012197
v -0.000345 -0.001000 -0.012197
v -0.001727 -0.001000 -0.012197
v 0.000000 -0.001000 -0.011599
v -0.000345 -0.001000 -0.011000
v 0.000345 -0.001000 -0.011000
v -0.005182 -0.001000 -0.007410
v -0.005528 -0.001000 -0.006812
v -0.004837 -0.001000 -0.006812
v -0.005873 -0.001000 -0.006213
v -0.006219 -0.001000 -0.005615
v -0.005528 -0.001000 -0.005615
v -0.004491 -0.001000 -0.006213
v -0.005182 -0.001000 -0.006213
v -0.004837 -0.001000 -0.005615
v -0.004146 -0.001000 -0.005615
v -0.006564 -0.001000 -0.005016
v -0.006910 -0.001000 -0.004418
v -0.006219 -0.001000 -0.004418
v -0.007255 -0.001000 -0.003820
v -0.007600 -0.001000 -0.003221
v -0.006910 -0.001000 -0.003221
v -0.005873 -0.001000 -0.003820
v -0.006564 -0.001000 -0.003820
v -0.006219 -0.001000 -0.003221
v -0.005528 -0.001000 -0.003221
v -0.003800 -0.001000 -0.005016
v -0.004491 -0.001000 -0.005016
v -0.004146 -0.001000 -0.004418
v -0.004837 -0.001000 -0.004418
v -0.003455 -0.001000 -0.004418
v -0.004491 -0.001000 -0.003820
v -0.005182 -0.001000 -0.003820
v -0.004837 -0.001000 -0.003221
v -0.004146 -0.001000 -0.003221
v -0.003109 -0.001000 -0.003820
v -0.003800 -0.001000 -0.003820
v -0.003455 -0.001000 -0.003221
v -0.002764 -0.001000 -0.003221
v -0.005528 -0.001000 -0.004418
v -0.005182 -0.001000 -0.005016
v -0.005873 -0.001000 -0.005016
v -0.007946 -0.001000 -0.002623
v -0.008291 -0.001000 -0.002025
v -0.007600 -0.001000 -0.002025
v -0.008637 -0.001000 -0.001426
v -0.008982 -0.001000 -0.000828
v -0.008291 -0.001000 -0.000828
v -0.007255 -0.001000 -0.001426
v -0.007946 -0.001000 -0.001426
v -0.007600 -0.001000 -0.000828
v -0.006910 -0.001000 -0.000828
v -0.009328 -0.001000 -0.000229
v -0.009673 -0.001000 0.000369
v -0.008982 -0.001000 0.000369
v -0.010019 -0.001000 0.000967
v -0.008637 -0.001000 0.000967
v -0.009328 -0.001000 0.000967
v -0.006564 -0.001000 -0.000229
v -0.007255 -0.001000 -0.000229
v -0.006910 -0.001000 0.000369
v -0.007600 -0.001000 0.000369
v -0.006219 -0.001000 0.000369
v -0.007255 -0.001000 0.000967
v -0.007946 -0.001000 0.000967
v -0.005873 -0.001000 0.000967
v -0.006564 -0.001000 0.000967
v -0.008291 -0.001000 0.000369
v -0.007946 -0.001000 -0.000229
v -0.008637 -0.001000 -0.000229
v -0.002418 -0.001000 -0.002623
v -0.003109 -0.001000 -0.002623
v -0.002764 -0.001000 -0.002025
v -0.003455 -0.001000 -0.002025
v -0.002073 -0.001000 -0.002025
v -0.003109 -0.001000 -0.001426
v -0.003800 -0.001000 -0.001426
v -0.003455 -0.001000 -0.000828
v -0.004146 -0.001000 -0.000828
v -0.002764 -0.001000 -0.000828
v -0.001727 -0.001000 -0.001426
v -0.002418 -0.001000 -0.001426
v -0.002073 -0.001000 -0.000828
v -0.001382 -0.001000 -0.000828
v -0.003800 -0.001000 -0.000229
v -0.004491 -0.001000 -0.000229
v -0.004146 -0.001000 0.000369
v -0.004837 -0.001000 0.000369
v -0.003455 -0.001000 0.000369
v -0.004491 -0.001000 0.000967
v -0.005182 -0.001000 0.000967
v -0.003109 -0.001000 0.000967
v -0.003800 -0.001000 0.000967
v -0.001036 -0.001000 -0.000229
v -0.001727 -0.001000 -0.000229
v -0.001382 -0.001000 0.000369
v -0.002073 -0.001000 0.000369
v -0.000691 -0.001000 0.000369
v -0.001727 -0.001000 0.000967
v -0.002418 -0.001000 0.000967
v -0.000345 -0.001000 0.000967
v -0.001036 -0.001000 0.000967
v -0.002764 -0.001000 0.000369
v -0.002418 -0.001000 -0.000229
v -0.003109 -0.001000 -0.000229
v -0.005528 -0.001000 0.000369
v -0.005182 -0.001000 -0.000229
v -0.004837 -0.001000 -0.000828
v -0.005528 -0.001000 -0.000828
v -0.005873 -0.001000 -0.000229
v -0.006219 -0.001000 -0.000828
v -0.004491 -0.001000 -0.001426
v -0.004146 -0.001000 -0.002025
v -0.004837 -0.001000 -0.002025
v -0.003800 -0.001000 -0.002623
v -0.005182 -0.001000 -0.002623
v -0.004491 -0.001000 -0.002623
v -0.006564 -0.001000 -0.001426
v -0.006910 -0.001000 -0.002025
v -0.006219 -0.001000 -0.002025
v -0.006564 -0.001000 -0.002623
v -0.005873 -0.001000 -0.002623
v -0.007255 -0.001000 -0.002623
v -0.005528 -0.001000 -0.002025
v -0.005873 -0.001000 -0.001426
v -0.005182 -0.001000 -0.001426
v 0.005182 -0.001000 -0.007410
v 0.005528 -0.001000 -0.006812
v 0.004837 -0.001000 -0.006812
v 0.005182 -0.001000 -0.006213
v 0.004491 -0.001000 -0.006213
v 0.004837 -0.001000 -0.005615
v 0.004146 -0.001000 -0.005615
v 0.005528 -0.001000 -0.005615
v 0.005873 -0.001000 -0.006213
v 0.006219 -0.001000 -0.005615
v 0.004491 -0.001000 -0.005016
v 0.003800 -0.001000 -0.005016
v 0.004146 -0.001000 -0.004418
v 0.003455 -0.001000 -0.004418
v 0.004837 -0.001000 -0.004418
v 0.003800 -0.001000 -0.003820
v 0.003109 -0.001000 -0.003820
v 0.003455 -0.001000 -0.003221
v 0.002764 -0.001000 -0.003221
v 0.004146 -0.001000 -0.003221
v 0.005182 -0.001000 -0.003820
v 0.004491 -0.001000 -0.003820
v 0.004837 -0.001000 -0.003221
v 0.005528 -0.001000 -0.003221
v 0.006564 -0.001000 -0.005016
v 0.006910 -0.001000 -0.004418
v 0.006219 -0.001000 -0.004418
v 0.006564 -0.001000 -0.003820
v 0.005873 -0.001000 -0.003820
v 0.006219 -0.001000 -0.003221
v 0.006910 -0.001000 -0.003221
v 0.007255 -0.001000 -0.003820
v 0.007600 -0.001000 -0.003221
v 0.005528 -0.001000 -0.004418
v 0.005873 -0.001000 -0.005016
v 0.005182 -0.001000 -0.005016
v 0.003109 -0.001000 -0.002623
v 0.002418 -0.001000 -0.002623
v 0.002764 -0.001000 -0.002025
v 0.002073 -0.001000 -0.002025
v 0.003455 -0.001000 -0.002025
v 0.002418 -0.001000 -0.001426
v 0.001727 -0.001000 -0.001426
v 0.002073 -0.001000 -0.000828
v 0.001382 -0.001000 -0.000828
v 0.002764 -0.001000 -0.000828
v 0.003800 -0.001000 -0.001426
v 0.003109 -0.001000 -0.001426
v 0.003455 -0.001000 -0.000828
v 0.004146 -0.001000 -0.000828
v 0.001727 -0.001000 -0.000229
v 0.001036 -0.001000 -0.000229
v 0.001382 -0.001000 0.000369
v 0.000691 -0.001000 0.000369
v 0.002073 -0.001000 0.000369
v 0.001036 -0.001000 0.000967
v 0.000345 -0.001000 0.000967
v 0.002418 -0.001000 0.000967
v 0.001727 -0.001000 0.000967
v 0.004491 -0.001000 -0.000229
v 0.003800 -0.001000 -0.000229
v 0.004146 -0.001000 0.000369
v 0.003455 -0.001000 0.000369
v 0.004837 -0.001000 0.000369
v 0.003800 -0.001000 0.000967
v 0.003109 -0.001000 0.000967
v 0.005182 -0.001000 0.000967
v 0.004491 -0.001000 0.000967
v 0.002764 -0.001000 0.000369
v 0.003109 -0.001000 -0.000229
v 0.002418 -0.001000 -0.000229
v 0.007946 -0.001000 -0.002623
v 0.008291 -0.001000 -0.002025
v 0.007600 -0.001000 -0.002025
v 0.007946 -0.001000 -0.001426
v 0.007255 -0.001000 -0.001426
v 0.007600 -0.001000 -0.000828
v 0.006910 -0.001000 -0.000828
v 0.008291 -0.001000 -0.000828
v 0.008637 -0.001000 -0.001426
v 0.008982 -0.001000 -0.000828
v 0.007255 -0.001000 -0.000229
v 0.006564 -0.001000 -0.000229
v 0.006910 -0.001000 0.000369
v 0.006219 -0.001000 0.000369
v 0.007600 -0.001000 0.000369
v 0.006564 -0.001000 0.000967
v 0.005873 -0.001000 0.000967
v 0.007946 -0.001000 0.000967
v 0.007255 -0.001000 0.000967
v 0.009328 -0.001000 -0.000229
v 0.009673 -0.001000 0.000369
v 0.008982 -0.001000 0.000369
v 0.009328 -0.001000 0.000967
v 0.008637 -0.001000 0.000967
v 0.010019 -0.001000 0.000967
v 0.008291 -0.001000 0.000369
v 0.008637 -0.001000 -0.000229
v 0.007946 -0.001000 -0.000229
v 0.005528 -0.001000 0.000369
v 0.005873 -0.001000 -0.000229
v 0.006219 -0.001000 -0.000828
v 0.005528 -0.001000 -0.000828
v 0.005182 -0.001000 -0.000229
v 0.004837 -0.001000 -0.000828
v 0.006564 -0.001000 -0.001426
v 0.006910 -0.001000 -0.002025
v 0.006219 -0.001000 -0.002025
v 0.007255 -0.001000 -0.002623
v 0.005873 -0.001000 -0.002623
v 0.006564 -0.001000 -0.002623
v 0.004491 -0.001000 -0.001426
v 0.004146 -0.001000 -0.002025
v 0.004837 -0.001000 -0.002025
v 0.004491 -0.001000 -0.002623
v 0.005182 -0.001000 -0.002623
v 0.003800 -0.001000 -0.002623
v 0.005528 -0.001000 -0.002025
v 0.005182 -0.001000 -0.001426
v 0.005873 -0.001000 -0.001426
v 0.000000 -0.001000 0.000369
v 0.000345 -0.001000 -0.000229
v 0.000691 -0.001000 -0.000828
v 0.000000 -0.001000 -0.000828
v -0.000345 -0.001000 -0.000229
v -0.000691 -0.001000 -0.000828
v 0.001036 -0.001000 -0.001426
v 0.001382 -0.001000 -0.002025
v 0.000691 -0.001000 -0.002025
v 0.001727 -0.001000 -0.002623
v 0.002073 -0.001000 -0.003221
v 0.001382 -0.001000 -0.003221
v 0.000345 -0.001000 -0.002623
v 0.001036 -0.001000 -0.002623
v 0.000691 -0.001000 -0.003221
v 0.000000 -0.001000 -0.003221
v -0.001036 -0.001000 -0.001426
v -0.001382 -0.001000 -0.002025
v -0.000691 -0.001000 -0.002025
v -0.001036 -0.001000 -0.002623
v -0.000345 -0.001000 -0.002623
v -0.000691 -0.001000 -0.003221
v -0.001382 -0.001000 -0.003221
v -0.001727 -0.001000 -0.002623
v -0.002073 -0.001000 -0.003221
v 0.000000 -0.001000 -0.002025
v -0.000345 -0.001000 -0.001426
v 0.000345 -0.001000 -0.001426
v 0.002418 -0.001000 -0.003820
v 0.002764 -0.001000 -0.004418
v 0.002073 -0.001000 -0.004418
v 0.003109 -0.001000 -0.005016
v 0.003455 -0.001000 -0.005615
v 0.002764 -0.001000 -0.005615
v 0.001727 -0.001000 -0.005016
v 0.002418 -0.001000 -0.005016
v 0.002073 -0.001000 -0.005615
v 0.001382 -0.001000 -0.005615
v 0.003800 -0.001000 -0.006213
v 0.004146 -0.001000 -0.006812
v 0.003455 -0.001000 -0.006812
v 0.004491 -0.001000 -0.007410
v 0.003109 -0.001000 -0.007410
v 0.003800 -0.001000 -0.007410
v 0.001036 -0.001000 -0.006213
v 0.001727 -0.001000 -0.006213
v 0.001382 -0.001000 -0.006812
v 0.002073 -0.001000 -0.006812
v 0.000691 -0.001000 -0.006812
v 0.001727 -0.001000 -0.007410
v 0.002418 -0.001000 -0.007410
v 0.000345 -0.001000 -0.007410
v 0.001036 -0.001000 -0.007410
v 0.002764 -0.001000 -0.006812
v 0.002418 -0.001000 -0.006213
v 0.003109 -0.001000 -0.006213
v -0.002418 -0.001000 -0.003820
v -0.002764 -0.001000 -0.004418
v -0.002073 -0.001000 -0.004418
v -0.002418 -0.001000 -0.005016
v -0.001727 -0.001000 -0.005016
v -0.002073 -0.001000 -0.005615
v -0.001382 -0.001000 -0.005615
v -0.002764 -0.001000 -0.005615
v -0.003109 -0.001000 -0.005016
v -0.003455 -0.001000 -0.005615
v -0.001727 -0.001000 -0.006213
v -0.001036 -0.001000 -0.006213
v -0.001382 -0.001000 -0.006812
v -0.000691 -0.001000 -0.006812
v -0.002073 -0.001000 -0.006812
v -0.001036 -0.001000 -0.007410
v -0.000345 -0.001000 -0.007410
v -0.002418 -0.001000 -0.007410
v -0.001727 -0.001000 -0.007410
v -0.003800 -0.001000 -0.006213
v -0.004146 -0.001000 -0.006812
v -0.003455 -0.001000 -0.006812
v -0.003800 -0.001000 -0.007410
v -0.003109 -0.001000 -0.007410
v -0.004491 -0.001000 -0.007410
v -0.002764 -0.001000 -0.006812
v -0.003109 -0.001000 -0.006213
v -0.002418 -0.001000 -0.006213
v 0.000000 -0.001000 -0.006812
v -0.000345 -0.001000 -0.006213
v -0.000691 -0.001000 -0.005615
v 0.000000 -0.001000 -0.005615
v 0.000345 -0.001000 -0.006213
v 0.000691 -0.001000 -0.005615
v -0.001036 -0.001000 -0.005016
v -0.001382 -0.001000 -0.004418
v -0.000691 -0.001000 -0.004418
v -0.001727 -0.001000 -0.003820
v -0.000345 -0.001000 -0.003820
v -0.001036 -0.001000 -0.003820
v 0.001036 -0.001000 -0.005016
v 0.001382 -0.001000 -0.004418
v 0.000691 -0.001000 -0.004418
v 0.001036 -0.001000 -0.003820
v 0.000345 -0.001000 -0.003820
v 0.001727 -0.001000 -0.003820
v 0.000000 -0.001000 -0.004418
v 0.000345 -0.001000 -0.005016
v -0.000345 -0.001000 -0.005016
v -0.019347 0.000000 -0.019976
v -0.019692 0.000000 -0.019378
v -0.018656 0.000000 -0.019976
v -0.019001 0.000000 -0.019378
v -0.017965 0.000000 -0.019976
v -0.019347 0.000000 -0.018779
v -0.019692 0.000000 -0.018181
v -0.019347 0.000000 -0.017582
v -0.017619 0.000000 -0.019378
v -0.018310 0.000000 -0.019378
v -0.017965 0.000000 -0.018779
v -0.018656 0.000000 -0.018779
v -0.017274 0.000000 -0.018779
v -0.018310 0.000000 -0.018181
v -0.019001 0.000000 -0.018181
v -0.018656 0.000000 -0.017582
v -0.017965 0.000000 -0.017582
v -0.016928 0.000000 -0.018181
v -0.017619 0.000000 -0.018181
v -0.017274 0.000000 -0.017582
v -0.016583 0.000000 -0.017582
v -0.014510 0.000000 -0.019976
v -0.014855 0.000000 -0.019378
v -0.013819 0.000000 -0.019976
v -0.014164 0.000000 -0.019378
v -0.013128 0.000000 -0.019976
v -0.013474 0.000000 -0.019378
v -0.012437 0.000000 -0.019976
v -0.012783 0.000000 -0.019378
v -0.015201 0.000000 -0.019976
v -0.015546 0.000000 -0.019378
v -0.015201 0.000000 -0.018779
v -0.015892 0.000000 -0.018779
v -0.014510 0.000000 -0.018779
v -0.015546 0.000000 -0.018181
v -0.016237 0.000000 -0.018181
v -0.015892 0.000000 -0.017582
v -0.015201 0.000000 -0.017582
v -0.014164 0.000000 -0.018181
v -0.014855 0.000000 -0.018181
v -0.014510 0.000000 -0.017582
v -0.013819 0.000000 -0.017582
v -0.012092 0.000000 -0.019378
v -0.012437 0.000000 -0.018779
v -0.013128 0.000000 -0.018779
v -0.011746 0.000000 -0.018779
v -0.012783 0.000000 -0.018181
v -0.013474 0.000000 -0.018181
v -0.013128 0.000000 -0.017582
v -0.012437 0.000000 -0.017582
v -0.011401 0.000000 -0.018181
v -0.012092 0.000000 -0.018181
v -0.011746 0.000000 -0.017582
v -0.011055 0.000000 -0.017582
v -0.013819 0.000000 -0.018779
v -0.016583 0.000000 -0.018779
v -0.016237 0.000000 -0.019378
v -0.015892 0.000000 -0.019976
v -0.016583 0.000000 -0.019976
v -0.016928 0.000000 -0.019378
v -0.017274 0.000000 -0.019976
v -0.008982 0.000000 -0.019976
v -0.009328 0.000000 -0.019378
v -0.008291 0.000000 -0.019976
v -0.008637 0.000000 -0.019378
v -0.007600 0.000000 -0.019976
v -0.007946 0.000000 -0.019378
v -0.006910 0.000000 -0.019976
v -0.007255 0.000000 -0.019378
v -0.009673 0.000000 -0.019976
v -0.010019 0.000000 -0.019378
v -0.009673 0.000000 -0.018779
v -0.010364 0.000000 -0.018779
v -0.008982 0.000000 -0.018779
v -0.010019 0.000000 -0.018181
v -0.010710 0.000000 -0.018181
v -0.010364 0.000000 -0.017582
v -0.009673 0.000000 -0.017582
v -0.008637 0.000000 -0.018181
v -0.009328 0.000000 -0.018181
v -0.008982 0.000000 -0.017582
v -0.008291 0.000000 -0.017582
v -0.006564 0.000000 -0.019378
v -0.006910 0.000000 -0.018779
v -0.007600 0.000000 -0.018779
v -0.006219 0.000000 -0.018779
v -0.007255 0.000000 -0.018181
v -0.007946 0.000000 -0.018181
v -0.007600 0.000000 -0.017582
v -0.006910 0.000000 -0.017582
v -0.005873 0.000000 -0.018181
v -0.006564 0.000000 -0.018181
v -0.006219 0.000000 -0.017582
v -0.005528 0.000000 -0.017582
v -0.008291 0.000000 -0.018779
v -0.003455 0.000000 -0.019976
v -0.003800 0.000000 -0.019378
v -0.002764 0.000000 -0.019976
v -0.003109 0.000000 -0.019378
v -0.002073 0.000000 -0.019976
v -0.002418 0.000000 -0.019378
v -0.001382 0.000000 -0.019976
v -0.001727 0.000000 -0.019378
v -0.004146 0.000000 -0.019976
v -0.004491 0.000000 -0.019378
v -0.004146 0.000000 -0.018779
v -0.004837 0.000000 -0.018779
v -0.003455 0.000000 -0.018779
v -0.004491 0.000000 -0.018181
v -0.005182 0.000000 -0.018181
v -0.004837 0.000000 -0.017582
v -0.004146 0.000000 -0.017582
v -0.003109 0.000000 -0.018181
v -0.003800 0.000000 -0.018181
v -0.003455 0.000000 -0.017582
v -0.002764 0.000000 -0.017582
v -0.001036 0.000000 -0.019378
v -0.001382 0.000000 -0.018779
v -0.002073 0.000000 -0.018779
v -0.000691 0.000000 -0.018779
v -0.001727 0.000000 -0.018181
v -0.002418 0.000000 -0.018181
v -0.002073 0.000000 -0.017582
v -0.001382 0.000000 -0.017582
v -0.000345 0.000000 -0.018181
v -0.001036 0.000000 -0.018181
v -0.000691 0.000000 -0.017582
v 0.000000 0.000000 -0.017582
v -0.002764 0.000000 -0.018779
v -0.005528 0.000000 -0.018779
v -0.005182 0.000000 -0.019378
v -0.004837 0.000000 -0.019976
v -0.005528 0.000000 -0.019976
v -0.005873 0.000000 -0.019378
v -0.006219 0.000000 -0.019976
v -0.011055 0.000000 -0.018779
v -0.010710 0.000000 -0.019378
v -0.010364 0.000000 -0.019976
v -0.011055 0.000000 -0.019976
v -0.011401 0.000000 -0.019378
v -0.011746 0.000000 -0.019976
v 0.002073 0.000000 -0.019976
v 0.001382 0.000000 -0.019976
v 0.002764 0.000000 -0.019976
v 0.002418 0.000000 -0.019378
v 0.003455 0.000000 -0.019976
v 0.003109 0.000000 -0.019378
v 0.004146 0.000000 -0.019976
v 0.003800 0.000000 -0.019378
v 0.001727 0.000000 -0.019378
v 0.001036 0.000000 -0.019378
v 0.001382 0.000000 -0.018779
v 0.000691 0.000000 -0.018779
v 0.002073 0.000000 -0.018779
v 0.001036 0.000000 -0.018181
v 0.000345 0.000000 -0.018181
v 0.000691 0.000000 -0.017582
v 0.001382 0.000000 -0.017582
v 0.002418 0.000000 -0.018181
v 0.001727 0.000000 -0.018181
v 0.002073 0.000000 -0.017582
v 0.002764 0.000000 -0.017582
v 0.004491 0.000000 -0.019378
v 0.004146 0.000000 -0.018779
v 0.003455 0.000000 -0.018779
v 0.004837 0.000000 -0.018779
v 0.003800 0.000000 -0.018181
v 0.003109 0.000000 -0.018181
v 0.003455 0.000000 -0.017582
v 0.004146 0.000000 -0.017582
v 0.005182 0.000000 -0.018181
v 0.004491 0.000000 -0.018181
v 0.004837 0.000000 -0.017582
v 0.005528 0.000000 -0.017582
v 0.002764 0.000000 -0.018779
v 0.007600 0.000000 -0.019976
v 0.007255 0.000000 -0.019378
v 0.008291 0.000000 -0.019976
v 0.007946 0.000000 -0.019378
v 0.008982 0.000000 -0.019976
v 0.008637 0.000000 -0.019378
v 0.009673 0.000000 -0.019976
v 0.009328 0.000000 -0.019378
v 0.006910 0.000000 -0.019976
v 0.006564 0.000000 -0.019378
v 0.006910 0.000000 -0.018779
v 0.006219 0.000000 -0.018779
v 0.007600 0.000000 -0.018779
v 0.006564 0.000000 -0.018181
v 0.005873 0.000000 -0.018181
v 0.006219 0.000000 -0.017582
v 0.006910 0.000000 -0.017582
v 0.007946 0.000000 -0.018181
v 0.007255 0.000000 -0.018181
v 0.007600 0.000000 -0.017582
v 0.008291 0.000000 -0.017582
v 0.010019 0.000000 -0.019378
v 0.009673 0.000000 -0.018779
v 0.008982 0.000000 -0.018779
v 0.010364 0.000000 -0.018779
v 0.009328 0.000000 -0.018181
v 0.008637 0.000000 -0.018181
v 0.008982 0.000000 -0.017582
v 0.009673 0.000000 -0.017582
v 0.010710 0.000000 -0.018181
v 0.010019 0.000000 -0.018181
v 0.010364 0.000000 -0.017582
v 0.011055 0.000000 -0.017582
v 0.008291 0.000000 -0.018779
v 0.005528 0.000000 -0.018779
v 0.005873 0.000000 -0.019378
v 0.006219 0.000000 -0.019976
v 0.005528 0.000000 -0.019976
v 0.005182 0.000000 -0.019378
v 0.004837 0.000000 -0.019976
v 0.013128 0.000000 -0.019976
v 0.012783 0.000000 -0.019378
v 0.013819 0.000000 -0.019976
v 0.013474 0.000000 -0.019378
v 0.014510 0.000000 -0.019976
v 0.014164 0.000000 -0.019378
v 0.015201 0.000000 -0.019976
v 0.014855 0.000000 -0.019378
v 0.012437 0.000000 -0.019976
v 0.012092 0.000000 -0.019378
v 0.012437 0.000000 -0.018779
v 0.011746 0.000000 -0.018779
v 0.013128 0.000000 -0.018779
v 0.012092 0.000000 -0.018181
v 0.011401 0.000000 -0.018181
v 0.011746 0.000000 -0.017582
v 0.012437 0.000000 -0.017582
v 0.013474 0.000000 -0.018181
v 0.012783 0.000000 -0.018181
v 0.013128 0.000000 -0.017582
v 0.013819 0.000000 -0.017582
v 0.015546 0.000000 -0.019378
v 0.015201 0.000000 -0.018779
v 0.014510 0.000000 -0.018779
v 0.015892 0.000000 -0.018779
v 0.014855 0.000000 -0.018181
v 0.014164 0.000000 -0.018181
v 0.014510 0.000000 -0.017582
v 0.015201 0.000000 -0.017582
v 0.016237 0.000000 -0.018181
v 0.015546 0.000000 -0.018181
v 0.015892 0.000000 -0.017582
v 0.016583 0.000000 -0.017582
v 0.013819 0.000000 -0.018779
v 0.018656 0.000000 -0.019976
v 0.018310 0.000000 -0.019378
v 0.019347 0.000000 -0.019976
v 0.019001 0.000000 -0.019378
v 0.019692 0.000000 -0.019378
v 0.017965 0.000000 -0.019976
v 0.017619 0.000000 -0.019378
v 0.017965 0.000000 -0.018779
v 0.017274 0.000000 -0.018779
v 0.018656 0.000000 -0.018779
v 0.017619 0.000000 -0.018181
v 0.016928 0.000000 -0.018181
v 0.017274 0.000000 -0.017582
v 0.017965 0.000000 -0.017582
v 0.019001 0.000000 -0.018181
v 0.018310 0.000000 -0.018181
v 0.018656 0.000000 -0.017582
v 0.019347 0.000000 -0.017582
v 0.019692 0.000000 -0.018181
v 0.019347 0.000000 -0.018779
v 0.016583 0.000000 -0.018779
v 0.016928 0.000000 -0.019378
v 0.017274 0.000000 -0.019976
v 0.016583 0.000000 -0.019976
v 0.016237 0.000000 -0.019378
v 0.015892 0.000000 -0.019976
v 0.011055 0.000000 -0.018779
v 0.011401 0.000000 -0.019378
v 0.011746 0.000000 -0.019976
v 0.011055 0.000000 -0.019976
v 0.010710 0.000000 -0.019378
v 0.010364 0.000000 -0.019976
v 0.000000 0.000000 -0.018779
v 0.000345 0.000000 -0.019378
v 0.000691 0.000000 -0.019976
v 0.000000 0.000000 -0.019976
v -0.000345 0.000000 -0.019378
v -0.000691 0.000000 -0.019976
v -0.019692 0.000000 -0.013394
v -0.019347 0.000000 -0.013992
v -0.019347 0.000000 -0.012795
v -0.019001 0.000000 -0.012197
v -0.019692 0.000000 -0.012197
v -0.018656 0.000000 -0.011599
v -0.019347 0.000000 -0.011599
v -0.018310 0.000000 -0.011000
v -0.019001 0.000000 -0.011000
v -0.019692 0.000000 -0.011000
v -0.019347 0.000000 -0.010402
v -0.018656 0.000000 -0.010402
v -0.017965 0.000000 -0.010402
v -0.019692 0.000000 -0.008607
v -0.019347 0.000000 -0.009205
v -0.017619 0.000000 -0.009803
v -0.018310 0.000000 -0.009803
v -0.017965 0.000000 -0.009205
v -0.018656 0.000000 -0.009205
v -0.017274 0.000000 -0.009205
v -0.018310 0.000000 -0.008607
v -0.019001 0.000000 -0.008607
v -0.018656 0.000000 -0.008008
v -0.019347 0.000000 -0.008008
v -0.017965 0.000000 -0.008008
v -0.016928 0.000000 -0.008607
v -0.017619 0.000000 -0.008607
v -0.017274 0.000000 -0.008008
v -0.016583 0.000000 -0.008008
v -0.019001 0.000000 -0.009803
v -0.019692 0.000000 -0.009803
v -0.016237 0.000000 -0.007410
v -0.016928 0.000000 -0.007410
v -0.016583 0.000000 -0.006812
v -0.017274 0.000000 -0.006812
v -0.015892 0.000000 -0.006812
v -0.016928 0.000000 -0.006213
v -0.017619 0.000000 -0.006213
v -0.017274 0.000000 -0.005615
v -0.017965 0.000000 -0.005615
v -0.016583 0.000000 -0.005615
v -0.015546 0.000000 -0.006213
v -0.016237 0.000000 -0.006213
v -0.015892 0.000000 -0.005615
v -0.015201 0.000000 -0.005615
v -0.017619 0.000000 -0.005016
v -0.018310 0.000000 -0.005016
v -0.017965 0.000000 -0.004418
v -0.018656 0.000000 -0.004418
v -0.017274 0.000000 -0.004418
v -0.018310 0.000000 -0.003820
v -0.019001 0.000000 -0.003820
v -0.018656 0.000000 -0.003221
v -0.019347 0.000000 -0.003221
v -0.017965 0.000000 -0.003221
v -0.016928 0.000000 -0.003820
v -0.017619 0.000000 -0.003820
v -0.017274 0.000000 -0.003221
v -0.016583 0.000000 -0.003221
v -0.014855 0.000000 -0.005016
v -0.015546 0.000000 -0.005016
v -0.015201 0.000000 -0.004418
v -0.015892 0.000000 -0.004418
v -0.014510 0.000000 -0.004418
v -0.015546 0.000000 -0.003820
v -0.016237 0.000000 -0.003820
v -0.015892 0.000000 -0.003221
v -0.015201 0.000000 -0.003221
v -0.014164 0.000000 -0.003820
v -0.014855 0.000000 -0.003820
v -0.014510 0.000000 -0.003221
v -0.013819 0.000000 -0.003221
v -0.016583 0.000000 -0.004418
v -0.016237 0.000000 -0.005016
v -0.016928 0.000000 -0.005016
v -0.019001 0.000000 -0.002623
v -0.019692 0.000000 -0.002623
v -0.018656 0.000000 -0.002025
v -0.019347 0.000000 -0.002025
v -0.019692 0.000000 -0.001426
v -0.018310 0.000000 -0.001426
v -0.019001 0.000000 -0.001426
v -0.018656 0.000000 -0.000828
v -0.019347 0.000000 -0.000828
v -0.017965 0.000000 -0.000828
v -0.019692 0.000000 0.000967
v -0.019347 0.000000 0.000369
v -0.019347 0.000000 0.001566
v -0.017619 0.000000 -0.000229
v -0.018310 0.000000 -0.000229
v -0.017965 0.000000 0.000369
v -0.018656 0.000000 0.000369
v -0.017274 0.000000 0.000369
v -0.018310 0.000000 0.000967
v -0.019001 0.000000 0.000967
v -0.018656 0.000000 0.001566
v -0.017965 0.000000 0.001566
v -0.016928 0.000000 0.000967
v -0.017619 0.000000 0.000967
v -0.017274 0.000000 0.001566
v -0.016583 0.000000 0.001566
v -0.019001 0.000000 -0.000229
v -0.019692 0.000000 -0.000229
v -0.013474 0.000000 -0.002623
v -0.014164 0.000000 -0.002623
v -0.013819 0.000000 -0.002025
v -0.014510 0.000000 -0.002025
v -0.013128 0.000000 -0.002025
v -0.014164 0.000000 -0.001426
v -0.014855 0.000000 -0.001426
v -0.014510 0.000000 -0.000828
v -0.015201 0.000000 -0.000828
v -0.013819 0.000000 -0.000828
v -0.012783 0.000000 -0.001426
v -0.013474 0.000000 -0.001426
v -0.013128 0.000000 -0.000828
v -0.012437 0.000000 -0.000828
v -0.014855 0.000000 -0.000229
v -0.015546 0.000000 -0.000229
v -0.015201 0.000000 0.000369
v -0.015892 0.000000 0.000369
v -0.014510 0.000000 0.000369
v -0.015546 0.000000 0.000967
v -0.016237 0.000000 0.000967
v -0.015892 0.000000 0.001566
v -0.015201 0.000000 0.001566
v -0.014164 0.000000 0.000967
v -0.014855 0.000000 0.000967
v -0.014510 0.000000 0.001566
v -0.013819 0.000000 0.001566
v -0.012092 0.000000 -0.000229
v -0.012783 0.000000 -0.000229
v -0.012437 0.000000 0.000369
v -0.013128 0.000000 0.000369
v -0.011746 0.000000 0.000369
v -0.012783 0.000000 0.000967
v -0.013474 0.000000 0.000967
v -0.013128 0.000000 0.001566
v -0.012437 0.000000 0.001566
v -0.011401 0.000000 0.000967
v -0.012092 0.000000 0.000967
v -0.011746 0.000000 0.001566
v -0.011055 0.000000 0.001566
v -0.013819 0.000000 0.000369
v -0.013474 0.000000 -0.000229
v -0.014164 0.000000 -0.000229
v -0.016583 0.000000 0.000369
v -0.016237 0.000000 -0.000229
v -0.015892 0.000000 -0.000828
v -0.016583 0.000000 -0.000828
v -0.016928 0.000000 -0.000229
v -0.017274 0.000000 -0.000828
v -0.015546 0.000000 -0.001426
v -0.015201 0.000000 -0.002025
v -0.015892 0.000000 -0.002025
v -0.014855 0.000000 -0.002623
v -0.016237 0.000000 -0.002623
v -0.015546 0.000000 -0.002623
v -0.017619 0.000000 -0.001426
v -0.017965 0.000000 -0.002025
v -0.017274 0.000000 -0.002025
v -0.017619 0.000000 -0.002623
v -0.016928 0.000000 -0.002623
v -0.018310 0.000000 -0.002623
v -0.016583 0.000000 -0.002025
v -0.016928 0.000000 -0.001426
v -0.016237 0.000000 -0.001426
v -0.019692 0.000000 -0.003820
v -0.019347 0.000000 -0.004418
v -0.019001 0.000000 -0.005016
v -0.018656 0.000000 -0.005615
v -0.019347 0.000000 -0.005615
v -0.019692 0.000000 -0.005016
v -0.018310 0.000000 -0.006213
v -0.017965 0.000000 -0.006812
v -0.018656 0.000000 -0.006812
v -0.017619 0.000000 -0.007410
v -0.019001 0.000000 -0.007410
v -0.018310 0.000000 -0.007410
v -0.019692 0.000000 -0.007410
v -0.019347 0.000000 -0.006812
v -0.019692 0.000000 -0.006213
v -0.019001 0.000000 -0.006213
v -0.010710 0.000000 0.002164
v -0.011401 0.000000 0.002164
v -0.011055 0.000000 0.002763
v -0.011746 0.000000 0.002763
v -0.010364 0.000000 0.002763
v -0.011401 0.000000 0.003361
v -0.012092 0.000000 0.003361
v -0.011746 0.000000 0.003959
v -0.012437 0.000000 0.003959
v -0.011055 0.000000 0.003959
v -0.010019 0.000000 0.003361
v -0.010710 0.000000 0.003361
v -0.010364 0.000000 0.003959
v -0.009673 0.000000 0.003959
v -0.012092 0.000000 0.004558
v -0.012783 0.000000 0.004558
v -0.012437 0.000000 0.005156
v -0.013128 0.000000 0.005156
v -0.011746 0.000000 0.005156
v -0.012783 0.000000 0.005754
v -0.013474 0.000000 0.005754
v -0.013128 0.000000 0.006353
v -0.013819 0.000000 0.006353
v -0.012437 0.000000 0.006353
v -0.011401 0.000000 0.005754
v -0.012092 0.000000 0.005754
v -0.011746 0.000000 0.006353
v -0.011055 0.000000 0.006353
v -0.009328 0.000000 0.004558
v -0.010019 0.000000 0.004558
v -0.009673 0.000000 0.005156
v -0.010364 0.000000 0.005156
v -0.008982 0.000000 0.005156
v -0.010019 0.000000 0.005754
v -0.010710 0.000000 0.005754
v -0.010364 0.000000 0.006353
v -0.009673 0.000000 0.006353
v -0.008637 0.000000 0.005754
v -0.009328 0.000000 0.005754
v -0.008982 0.000000 0.006353
v -0.008291 0.000000 0.006353
v -0.011055 0.000000 0.005156
v -0.010710 0.000000 0.004558
v -0.011401 0.000000 0.004558
v -0.013474 0.000000 0.006951
v -0.014164 0.000000 0.006951
v -0.013819 0.000000 0.007550
v -0.014510 0.000000 0.007550
v -0.013128 0.000000 0.007550
v -0.014164 0.000000 0.008148
v -0.014855 0.000000 0.008148
v -0.014510 0.000000 0.008746
v -0.015201 0.000000 0.008746
v -0.013819 0.000000 0.008746
v -0.012783 0.000000 0.008148
v -0.013474 0.000000 0.008148
v -0.013128 0.000000 0.008746
v -0.012437 0.000000 0.008746
v -0.014855 0.000000 0.009345
v -0.015546 0.000000 0.009345
v -0.015201 0.000000 0.009943
v -0.015892 0.000000 0.009943
v -0.014510 0.000000 0.009943
v -0.015546 0.000000 0.010541
v -0.016237 0.000000 0.010541
v -0.015892 0.000000 0.011140
v -0.016583 0.000000 0.011140
v -0.015201 0.000000 0.011140
v -0.014164 0.000000 0.010541
v -0.014855 0.000000 0.010541
v -0.014510 0.000000 0.011140
v -0.013819 0.000000 0.011140
v -0.012092 0.000000 0.009345
v -0.012783 0.000000 0.009345
v -0.012437 0.000000 0.009943
v -0.013128 0.000000 0.009943
v -0.011746 0.000000 0.009943
v -0.012783 0.000000 0.010541
v -0.013474 0.000000 0.010541
v -0.013128 0.000000 0.011140
v -0.012437 0.000000 0.011140
v -0.011401 0.000000 0.010541
v -0.012092 0.000000 0.010541
v -0.011746 0.000000 0.011140
v -0.011055 0.000000 0.011140
v -0.013819 0.000000 0.009943
v -0.013474 0.000000 0.009345
v -0.014164 0.000000 0.009345
v -0.007946 0.000000 0.006951
v -0.008637 0.000000 0.006951
v -0.008291 0.000000 0.007550
v -0.008982 0.000000 0.007550
v -0.007600 0.000000 0.007550
v -0.008637 0.000000 0.008148
v -0.009328 0.000000 0.008148
v -0.008982 0.000000 0.008746
v -0.009673 0.000000 0.008746
v -0.008291 0.000000 0.008746
v -0.007255 0.000000 0.008148
v -0.007946 0.000000 0.008148
v -0.007600 0.000000 0.008746
v -0.006910 0.000000 0.008746
v -0.009328 0.000000 0.009345
v -0.010019 0.000000 0.009345
v -0.009673 0.000000 0.009943
v -0.010364 0.000000 0.009943
v -0.008982 0.000000 0.009943
v -0.010019 0.000000 0.010541
v -0.010710 0.000000 0.010541
v -0.010364 0.000000 0.011140
v -0.009673 0.000000 0.011140
v -0.008637 0.000000 0.010541
v -0.009328 0.000000 0.010541
v -0.008982 0.000000 0.011140
v -0.008291 0.000000 0.011140
v -0.006564 0.000000 0.009345
v -0.007255 0.000000 0.009345
v -0.006910 0.000000 0.009943
v -0.007600 0.000000 0.009943
v -0.006219 0.000000 0.009943
v -0.007255 0.000000 0.010541
v -0.007946 0.000000 0.010541
v -0.007600 0.000000 0.011140
v -0.006910 0.000000 0.011140
v -0.005873 0.000000 0.010541
v -0.006564 0.000000 0.010541
v -0.006219 0.000000 0.011140
v -0.005528 0.000000 0.011140
v -0.008291 0.000000 0.009943
v -0.007946 0.000000 0.009345
v -0.008637 0.000000 0.009345
v -0.011055 0.000000 0.009943
v -0.010710 0.000000 0.009345
v -0.010364 0.000000 0.008746
v -0.011055 0.000000 0.008746
v -0.011401 0.000000 0.009345
v -0.011746 0.000000 0.008746
v -0.010019 0.000000 0.008148
v -0.009673 0.000000 0.007550
v -0.010364 0.000000 0.007550
v -0.009328 0.000000 0.006951
v -0.010710 0.000000 0.006951
v -0.010019 0.000000 0.006951
v -0.012092 0.000000 0.008148
v -0.012437 0.000000 0.007550
v -0.011746 0.000000 0.007550
v -0.012092 0.000000 0.006951
v -0.011401 0.000000 0.006951
v -0.012783 0.000000 0.006951
v -0.011055 0.000000 0.007550
v -0.011401 0.000000 0.008148
v -0.010710 0.000000 0.008148
v -0.016237 0.000000 0.011738
v -0.016928 0.000000 0.011738
v -0.016583 0.000000 0.012337
v -0.017274 0.000000 0.012337
v -0.015892 0.000000 0.012337
v -0.016928 0.000000 0.012935
v -0.017619 0.000000 0.012935
v -0.017274 0.000000 0.013533
v -0.017965 0.000000 0.013533
v -0.016583 0.000000 0.013533
v -0.015546 0.000000 0.012935
v -0.016237 0.000000 0.012935
v -0.015892 0.000000 0.013533
v -0.015201 0.000000 0.013533
v -0.017619 0.000000 0.014132
v -0.018310 0.000000 0.014132
v -0.017965 0.000000 0.014730
v -0.018656 0.000000 0.014730
v -0.017274 0.000000 0.014730
v -0.018310 0.000000 0.015329
v -0.019001 0.000000 0.015329
v -0.018656 0.000000 0.015927
v -0.019347 0.000000 0.015927
v -0.017965 0.000000 0.015927
v -0.016928 0.000000 0.015329
v -0.017619 0.000000 0.015329
v -0.017274 0.000000 0.015927
v -0.016583 0.000000 0.015927
v -0.014855 0.000000 0.014132
v -0.015546 0.000000 0.014132
v -0.015201 0.000000 0.014730
v -0.015892 0.000000 0.014730
v -0.014510 0.000000 0.014730
v -0.015546 0.000000 0.015329
v -0.016237 0.000000 0.015329
v -0.015892 0.000000 0.015927
v -0.015201 0.000000 0.015927
v -0.014164 0.000000 0.015329
v -0.014855 0.000000 0.015329
v -0.014510 0.000000 0.015927
v -0.013819 0.000000 0.015927
v -0.016583 0.000000 0.014730
v -0.016237 0.000000 0.014132
v -0.016928 0.000000 0.014132
v -0.019001 0.000000 0.016525
v -0.019692 0.000000 0.016525
v -0.018656 0.000000 0.017124
v -0.019347 0.000000 0.017124
v -0.019347 0.000000 0.018320
v -0.019692 0.000000 0.017722
v -0.018310 0.000000 0.017722
v -0.019001 0.000000 0.017722
v -0.018656 0.000000 0.018320
v -0.017965 0.000000 0.018320
v -0.017619 0.000000 0.018919
v -0.018310 0.000000 0.018919
v -0.017965 0.000000 0.019517
v -0.018656 0.000000 0.019517
v -0.017274 0.000000 0.019517
v -0.016583 0.000000 0.019517
v -0.019347 0.000000 0.019517
v -0.019001 0.000000 0.018919
v -0.019692 0.000000 0.018919
v -0.013474 0.000000 0.016525
v -0.014164 0.000000 0.016525
v -0.013819 0.000000 0.017124
v -0.014510 0.000000 0.017124
v -0.013128 0.000000 0.017124
v -0.014164 0.000000 0.017722
v -0.014855 0.000000 0.017722
v -0.014510 0.000000 0.018320
v -0.015201 0.000000 0.018320
v -0.013819 0.000000 0.018320
v -0.012783 0.000000 0.017722
v -0.013474 0.000000 0.017722
v -0.013128 0.000000 0.018320
v -0.012437 0.000000 0.018320
v -0.014855 0.000000 0.018919
v -0.015546 0.000000 0.018919
v -0.015201 0.000000 0.019517
v -0.015892 0.000000 0.019517
v -0.014510 0.000000 0.019517
v -0.013819 0.000000 0.019517
v -0.012092 0.000000 0.018919
v -0.012783 0.000000 0.018919
v -0.012437 0.000000 0.019517
v -0.013128 0.000000 0.019517
v -0.011746 0.000000 0.019517
v -0.013474 0.000000 0.018919
v -0.014164 0.000000 0.018919
v -0.016237 0.000000 0.018919
v -0.015892 0.000000 0.018320
v -0.016583 0.000000 0.018320
v -0.016928 0.000000 0.018919
v -0.017274 0.000000 0.018320
v -0.015546 0.000000 0.017722
v -0.015201 0.000000 0.017124
v -0.015892 0.000000 0.017124
v -0.014855 0.000000 0.016525
v -0.016237 0.000000 0.016525
v -0.015546 0.000000 0.016525
v -0.017619 0.000000 0.017722
v -0.017965 0.000000 0.017124
v -0.017274 0.000000 0.017124
v -0.017619 0.000000 0.016525
v -0.016928 0.000000 0.016525
v -0.018310 0.000000 0.016525
v -0.016583 0.000000 0.017124
v -0.016928 0.000000 0.017722
v -0.016237 0.000000 0.017722
v -0.005182 0.000000 0.011738
v -0.005873 0.000000 0.011738
v -0.005528 0.000000 0.012337
v -0.006219 0.000000 0.012337
v -0.004837 0.000000 0.012337
v -0.005873 0.000000 0.012935
v -0.006564 0.000000 0.012935
v -0.006219 0.000000 0.013533
v -0.006910 0.000000 0.013533
v -0.005528 0.000000 0.013533
v -0.004491 0.000000 0.012935
v -0.005182 0.000000 0.012935
v -0.004837 0.000000 0.013533
v -0.004146 0.000000 0.013533
v -0.006564 0.000000 0.014132
v -0.007255 0.000000 0.014132
v -0.006910 0.000000 0.014730
v -0.007600 0.000000 0.014730
v -0.006219 0.000000 0.014730
v -0.007255 0.000000 0.015329
v -0.007946 0.000000 0.015329
v -0.007600 0.000000 0.015927
v -0.008291 0.000000 0.015927
v -0.006910 0.000000 0.015927
v -0.005873 0.000000 0.015329
v -0.006564 0.000000 0.015329
v -0.006219 0.000000 0.015927
v -0.005528 0.000000 0.015927
v -0.003800 0.000000 0.014132
v -0.004491 0.000000 0.014132
v -0.004146 0.000000 0.014730
v -0.004837 0.000000 0.014730
v -0.003455 0.000000 0.014730
v -0.004491 0.000000 0.015329
v -0.005182 0.000000 0.015329
v -0.004837 0.000000 0.015927
v -0.004146 0.000000 0.015927
v -0.003109 0.000000 0.015329
v -0.003800 0.000000 0.015329
v -0.003455 0.000000 0.015927
v -0.002764 0.000000 0.015927
v -0.005528 0.000000 0.014730
v -0.005182 0.000000 0.014132
v -0.005873 0.000000 0.014132
v -0.007946 0.000000 0.016525
v -0.008637 0.000000 0.016525
v -0.008291 0.000000 0.017124
v -0.008982 0.000000 0.017124
v -0.007600 0.000000 0.017124
v -0.008637 0.000000 0.017722
v -0.009328 0.000000 0.017722
v -0.008982 0.000000 0.018320
v -0.009673 0.000000 0.018320
v -0.008291 0.000000 0.018320
v -0.007255 0.000000 0.017722
v -0.007946 0.000000 0.017722
v -0.007600 0.000000 0.018320
v -0.006910 0.000000 0.018320
v -0.009328 0.000000 0.018919
v -0.010019 0.000000 0.018919
v -0.009673 0.000000 0.019517
v -0.010364 0.000000 0.019517
v -0.008982 0.000000 0.019517
v -0.006564 0.000000 0.018919
v -0.007255 0.000000 0.018919
v -0.006910 0.000000 0.019517
v -0.007600 0.000000 0.019517
v -0.006219 0.000000 0.019517
v -0.008291 0.000000 0.019517
v -0.007946 0.000000 0.018919
v -0.008637 0.000000 0.018919
v -0.002418 0.000000 0.016525
v -0.003109 0.000000 0.016525
v -0.002764 0.000000 0.017124
v -0.003455 0.000000 0.017124
v -0.002073 0.000000 0.017124
v -0.003109 0.000000 0.017722
v -0.003800 0.000000 0.017722
v -0.003455 0.000000 0.018320
v -0.004146 0.000000 0.018320
v -0.002764 0.000000 0.018320
v -0.001727 0.000000 0.017722
v -0.002418 0.000000 0.017722
v -0.002073 0.000000 0.018320
v -0.001382 0.000000 0.018320
v -0.003800 0.000000 0.018919
v -0.004491 0.000000 0.018919
v -0.004146 0.000000 0.019517
v -0.004837 0.000000 0.019517
v -0.003455 0.000000 0.019517
v -0.005528 0.000000 0.019517
v -0.001036 0.000000 0.018919
v -0.001727 0.000000 0.018919
v -0.001382 0.000000 0.019517
v -0.002073 0.000000 0.019517
v -0.000691 0.000000 0.019517
v -0.002764 0.000000 0.019517
v -0.002418 0.000000 0.018919
v -0.003109 0.000000 0.018919
v -0.005182 0.000000 0.018919
v -0.004837 0.000000 0.018320
v -0.005528 0.000000 0.018320
v -0.005873 0.000000 0.018919
v -0.006219 0.000000 0.018320
v -0.004491 0.000000 0.017722
v -0.004146 0.000000 0.017124
v -0.004837 0.000000 0.017124
v -0.003800 0.000000 0.016525
v -0.005182 0.000000 0.016525
v -0.004491 0.000000 0.016525
v -0.006564 0.000000 0.017722
v -0.006910 0.000000 0.017124
v -0.006219 0.000000 0.017124
v -0.006564 0.000000 0.016525
v -0.005873 0.000000 0.016525
v -0.007255 0.000000 0.016525
v -0.005528 0.000000 0.017124
v -0.005873 0.000000 0.017722
v -0.005182 0.000000 0.017722
v -0.011055 0.000000 0.019517
v -0.010710 0.000000 0.018919
v -0.010364 0.000000 0.018320
v -0.011055 0.000000 0.018320
v -0.011401 0.000000 0.018919
v -0.011746 0.000000 0.018320
v -0.010019 0.000000 0.017722
v -0.009673 0.000000 0.017124
v -0.010364 0.000000 0.017124
v -0.009328 0.000000 0.016525
v -0.008982 0.000000 0.015927
v -0.009673 0.000000 0.015927
v -0.010710 0.000000 0.016525
v -0.010019 0.000000 0.016525
v -0.010364 0.000000 0.015927
v -0.011055 0.000000 0.015927
v -0.012092 0.000000 0.017722
v -0.012437 0.000000 0.017124
v -0.011746 0.000000 0.017124
v -0.012092 0.000000 0.016525
v -0.011401 0.000000 0.016525
v -0.011746 0.000000 0.015927
v -0.012437 0.000000 0.015927
v -0.012783 0.000000 0.016525
v -0.013128 0.000000 0.015927
v -0.011055 0.000000 0.017124
v -0.011401 0.000000 0.017722
v -0.010710 0.000000 0.017722
v -0.008637 0.000000 0.015329
v -0.008291 0.000000 0.014730
v -0.008982 0.000000 0.014730
v -0.007946 0.000000 0.014132
v -0.007600 0.000000 0.013533
v -0.008291 0.000000 0.013533
v -0.009328 0.000000 0.014132
v -0.008637 0.000000 0.014132
v -0.008982 0.000000 0.013533
v -0.009673 0.000000 0.013533
v -0.007255 0.000000 0.012935
v -0.006910 0.000000 0.012337
v -0.007600 0.000000 0.012337
v -0.006564 0.000000 0.011738
v -0.007946 0.000000 0.011738
v -0.007255 0.000000 0.011738
v -0.010019 0.000000 0.012935
v -0.009328 0.000000 0.012935
v -0.009673 0.000000 0.012337
v -0.008982 0.000000 0.012337
v -0.010364 0.000000 0.012337
v -0.009328 0.000000 0.011738
v -0.008637 0.000000 0.011738
v -0.010710 0.000000 0.011738
v -0.010019 0.000000 0.011738
v -0.008291 0.000000 0.012337
v -0.008637 0.000000 0.012935
v -0.007946 0.000000 0.012935
v -0.013474 0.000000 0.015329
v -0.013819 0.000000 0.014730
v -0.013128 0.000000 0.014730
v -0.013474 0.000000 0.014132
v -0.012783 0.000000 0.014132
v -0.013128 0.000000 0.013533
v -0.012437 0.000000 0.013533
v -0.013819 0.000000 0.013533
v -0.014164 0.000000 0.014132
v -0.014510 0.000000 0.013533
v -0.012783 0.000000 0.012935
v -0.012092 0.000000 0.012935
v -0.012437 0.000000 0.012337
v -0.011746 0.000000 0.012337
v -0.013128 0.000000 0.012337
v -0.012092 0.000000 0.011738
v -0.011401 0.000000 0.011738
v -0.013474 0.000000 0.011738
v -0.012783 0.000000 0.011738
v -0.014855 0.000000 0.012935
v -0.015201 0.000000 0.012337
v -0.014510 0.000000 0.012337
v -0.014855 0.000000 0.011738
v -0.014164 0.000000 0.011738
v -0.015546 0.000000 0.011738
v -0.013819 0.000000 0.012337
v -0.014164 0.000000 0.012935
v -0.013474 0.000000 0.012935
v -0.011055 0.000000 0.012337
v -0.011401 0.000000 0.012935
v -0.011746 0.000000 0.013533
v -0.011055 0.000000 0.013533
v -0.010710 0.000000 0.012935
v -0.010364 0.000000 0.013533
v -0.012092 0.000000 0.014132
v -0.012437 0.000000 0.014730
v -0.011746 0.000000 0.014730
v -0.012783 0.000000 0.015329
v -0.011401 0.000000 0.015329
v -0.012092 0.000000 0.015329
v -0.010019 0.000000 0.014132
v -0.009673 0.000000 0.014730
v -0.010364 0.000000 0.014730
v -0.010019 0.000000 0.015329
v -0.010710 0.000000 0.015329
v -0.009328 0.000000 0.015329
v -0.011055 0.000000 0.014730
v -0.010710 0.000000 0.014132
v -0.011401 0.000000 0.014132
v -0.019692 0.000000 0.015329
v -0.019347 0.000000 0.014730
v -0.019001 0.000000 0.014132
v -0.018656 0.000000 0.013533
v -0.019347 0.000000 0.013533
v -0.019692 0.000000 0.014132
v -0.019692 0.000000 0.012935
v -0.018310 0.000000 0.012935
v -0.017965 0.000000 0.012337
v -0.018656 0.000000 0.012337
v -0.017619 0.000000 0.011738
v -0.017274 0.000000 0.011140
v -0.017965 0.000000 0.011140
v -0.019001 0.000000 0.011738
v -0.018310 0.000000 0.011738
v -0.018656 0.000000 0.011140
v -0.019347 0.000000 0.011140
v -0.019692 0.000000 0.011738
v -0.019347 0.000000 0.012337
v -0.019001 0.000000 0.012935
v -0.016928 0.000000 0.010541
v -0.016583 0.000000 0.009943
v -0.017274 0.000000 0.009943
v -0.016237 0.000000 0.009345
v -0.015892 0.000000 0.008746
v -0.016583 0.000000 0.008746
v -0.017619 0.000000 0.009345
v -0.016928 0.000000 0.009345
v -0.017274 0.000000 0.008746
v -0.017965 0.000000 0.008746
v -0.015546 0.000000 0.008148
v -0.015201 0.000000 0.007550
v -0.015892 0.000000 0.007550
v -0.014855 0.000000 0.006951
v -0.014510 0.000000 0.006353
v -0.015201 0.000000 0.006353
v -0.016237 0.000000 0.006951
v -0.015546 0.000000 0.006951
v -0.015892 0.000000 0.006353
v -0.016583 0.000000 0.006353
v -0.018310 0.000000 0.008148
v -0.017619 0.000000 0.008148
v -0.017965 0.000000 0.007550
v -0.017274 0.000000 0.007550
v -0.018656 0.000000 0.007550
v -0.017619 0.000000 0.006951
v -0.016928 0.000000 0.006951
v -0.017274 0.000000 0.006353
v -0.017965 0.000000 0.006353
v -0.019001 0.000000 0.006951
v -0.018310 0.000000 0.006951
v -0.018656 0.000000 0.006353
v -0.019347 0.000000 0.006353
v -0.016583 0.000000 0.007550
v -0.016928 0.000000 0.008148
v -0.016237 0.000000 0.008148
v -0.014164 0.000000 0.005754
v -0.013819 0.000000 0.005156
v -0.014510 0.000000 0.005156
v -0.013474 0.000000 0.004558
v -0.013128 0.000000 0.003959
v -0.013819 0.000000 0.003959
v -0.014855 0.000000 0.004558
v -0.014164 0.000000 0.004558
v -0.014510 0.000000 0.003959
v -0.015201 0.000000 0.003959
v -0.012783 0.000000 0.003361
v -0.012437 0.000000 0.002763
v -0.013128 0.000000 0.002763
v -0.012092 0.000000 0.002164
v -0.013474 0.000000 0.002164
v -0.012783 0.000000 0.002164
v -0.015546 0.000000 0.003361
v -0.014855 0.000000 0.003361
v -0.015201 0.000000 0.002763
v -0.014510 0.000000 0.002763
v -0.015892 0.000000 0.002763
v -0.014855 0.000000 0.002164
v -0.014164 0.000000 0.002164
v -0.016237 0.000000 0.002164
v -0.015546 0.000000 0.002164
v -0.013819 0.000000 0.002763
v -0.014164 0.000000 0.003361
v -0.013474 0.000000 0.003361
v -0.019692 0.000000 0.005754
v -0.019001 0.000000 0.005754
v -0.019347 0.000000 0.005156
v -0.018656 0.000000 0.005156
v -0.019001 0.000000 0.004558
v -0.018310 0.000000 0.004558
v -0.018656 0.000000 0.003959
v -0.017965 0.000000 0.003959
v -0.019347 0.000000 0.003959
v -0.019692 0.000000 0.004558
v -0.018310 0.000000 0.003361
v -0.017619 0.000000 0.003361
v -0.017965 0.000000 0.002763
v -0.017274 0.000000 0.002763
v -0.018656 0.000000 0.002763
v -0.017619 0.000000 0.002164
v -0.016928 0.000000 0.002164
v -0.019001 0.000000 0.002164
v -0.018310 0.000000 0.002164
v -0.019692 0.000000 0.002164
v -0.019347 0.000000 0.002763
v -0.019692 0.000000 0.003361
v -0.019001 0.000000 0.003361
v -0.016583 0.000000 0.002763
v -0.016928 0.000000 0.003361
v -0.017274 0.000000 0.003959
v -0.016583 0.000000 0.003959
v -0.016237 0.000000 0.003361
v -0.015892 0.000000 0.003959
v -0.017619 0.000000 0.004558
v -0.017965 0.000000 0.005156
v -0.017274 0.000000 0.005156
v -0.018310 0.000000 0.005754
v -0.016928 0.000000 0.005754
v -0.017619 0.000000 0.005754
v -0.015546 0.000000 0.004558
v -0.015201 0.000000 0.005156
v -0.015892 0.000000 0.005156
v -0.015546 0.000000 0.005754
v -0.016237 0.000000 0.005754
v -0.014855 0.000000 0.005754
v -0.016583 0.000000 0.005156
v -0.016237 0.000000 0.004558
v -0.016928 0.000000 0.004558
v -0.019692 0.000000 0.006951
v -0.019347 0.000000 0.007550
v -0.019001 0.000000 0.008148
v -0.019692 0.000000 0.008148
v -0.019347 0.000000 0.008746
v -0.018656 0.000000 0.008746
v -0.019692 0.000000 0.010541
v -0.018310 0.000000 0.009345
v -0.017965 0.000000 0.009943
v -0.018656 0.000000 0.009943
v -0.018310 0.000000 0.010541
v -0.019001 0.000000 0.010541
v -0.017619 0.000000 0.010541
v -0.019347 0.000000 0.009943
v -0.019692 0.000000 0.009345
v -0.019001 0.000000 0.009345
v 0.019692 0.000000 -0.013394
v 0.019347 0.000000 -0.013992
v 0.019692 0.000000 -0.012197
v 0.019347 0.000000 -0.012795
v 0.019001 0.000000 -0.012197
v 0.019347 0.000000 -0.011599
v 0.018656 0.000000 -0.011599
v 0.019001 0.000000 -0.011000
v 0.018310 0.000000 -0.011000
v 0.018656 0.000000 -0.010402
v 0.017965 0.000000 -0.010402
v 0.019347 0.000000 -0.010402
v 0.019692 0.000000 -0.011000
v 0.018310 0.000000 -0.009803
v 0.017619 0.000000 -0.009803
v 0.017965 0.000000 -0.009205
v 0.017274 0.000000 -0.009205
v 0.018656 0.000000 -0.009205
v 0.017619 0.000000 -0.008607
v 0.016928 0.000000 -0.008607
v 0.017274 0.000000 -0.008008
v 0.016583 0.000000 -0.008008
v 0.017965 0.000000 -0.008008
v 0.019001 0.000000 -0.008607
v 0.018310 0.000000 -0.008607
v 0.018656 0.000000 -0.008008
v 0.019347 0.000000 -0.008008
v 0.019692 0.000000 -0.008607
v 0.019347 0.000000 -0.009205
v 0.019692 0.000000 -0.009803
v 0.019001 0.000000 -0.009803
v 0.016928 0.000000 -0.007410
v 0.016237 0.000000 -0.007410
v 0.016583 0.000000 -0.006812
v 0.015892 0.000000 -0.006812
v 0.017274 0.000000 -0.006812
v 0.016237 0.000000 -0.006213
v 0.015546 0.000000 -0.006213
v 0.015892 0.000000 -0.005615
v 0.015201 0.000000 -0.005615
v 0.016583 0.000000 -0.005615
v 0.017619 0.000000 -0.006213
v 0.016928 0.000000 -0.006213
v 0.017274 0.000000 -0.005615
v 0.017965 0.000000 -0.005615
v 0.015546 0.000000 -0.005016
v 0.014855 0.000000 -0.005016
v 0.015201 0.000000 -0.004418
v 0.014510 0.000000 -0.004418
v 0.015892 0.000000 -0.004418
v 0.014855 0.000000 -0.003820
v 0.014164 0.000000 -0.003820
v 0.014510 0.000000 -0.003221
v 0.013819 0.000000 -0.003221
v 0.015201 0.000000 -0.003221
v 0.016237 0.000000 -0.003820
v 0.015546 0.000000 -0.003820
v 0.015892 0.000000 -0.003221
v 0.016583 0.000000 -0.003221
v 0.018310 0.000000 -0.005016
v 0.017619 0.000000 -0.005016
v 0.017965 0.000000 -0.004418
v 0.017274 0.000000 -0.004418
v 0.018656 0.000000 -0.004418
v 0.017619 0.000000 -0.003820
v 0.016928 0.000000 -0.003820
v 0.017274 0.000000 -0.003221
v 0.017965 0.000000 -0.003221
v 0.019001 0.000000 -0.003820
v 0.018310 0.000000 -0.003820
v 0.018656 0.000000 -0.003221
v 0.019347 0.000000 -0.003221
v 0.016583 0.000000 -0.004418
v 0.016928 0.000000 -0.005016
v 0.016237 0.000000 -0.005016
v 0.014164 0.000000 -0.002623
v 0.013474 0.000000 -0.002623
v 0.013819 0.000000 -0.002025
v 0.013128 0.000000 -0.002025
v 0.014510 0.000000 -0.002025
v 0.013474 0.000000 -0.001426
v 0.012783 0.000000 -0.001426
v 0.013128 0.000000 -0.000828
v 0.012437 0.000000 -0.000828
v 0.013819 0.000000 -0.000828
v 0.014855 0.000000 -0.001426
v 0.014164 0.000000 -0.001426
v 0.014510 0.000000 -0.000828
v 0.015201 0.000000 -0.000828
v 0.012783 0.000000 -0.000229
v 0.012092 0.000000 -0.000229
v 0.012437 0.000000 0.000369
v 0.011746 0.000000 0.000369
v 0.013128 0.000000 0.000369
v 0.012092 0.000000 0.000967
v 0.011401 0.000000 0.000967
v 0.011746 0.000000 0.001566
v 0.011055 0.000000 0.001566
v 0.012437 0.000000 0.001566
v 0.013474 0.000000 0.000967
v 0.012783 0.000000 0.000967
v 0.013128 0.000000 0.001566
v 0.013819 0.000000 0.001566
v 0.015546 0.000000 -0.000229
v 0.014855 0.000000 -0.000229
v 0.015201 0.000000 0.000369
v 0.014510 0.000000 0.000369
v 0.015892 0.000000 0.000369
v 0.014855 0.000000 0.000967
v 0.014164 0.000000 0.000967
v 0.014510 0.000000 0.001566
v 0.015201 0.000000 0.001566
v 0.016237 0.000000 0.000967
v 0.015546 0.000000 0.000967
v 0.015892 0.000000 0.001566
v 0.016583 0.000000 0.001566
v 0.013819 0.000000 0.000369
v 0.014164 0.000000 -0.000229
v 0.013474 0.000000 -0.000229
v 0.019692 0.000000 -0.002623
v 0.019001 0.000000 -0.002623
v 0.019347 0.000000 -0.002025
v 0.018656 0.000000 -0.002025
v 0.019001 0.000000 -0.001426
v 0.018310 0.000000 -0.001426
v 0.018656 0.000000 -0.000828
v 0.017965 0.000000 -0.000828
v 0.019347 0.000000 -0.000828
v 0.019692 0.000000 -0.001426
v 0.018310 0.000000 -0.000229
v 0.017619 0.000000 -0.000229
v 0.017965 0.000000 0.000369
v 0.017274 0.000000 0.000369
v 0.018656 0.000000 0.000369
v 0.017619 0.000000 0.000967
v 0.016928 0.000000 0.000967
v 0.017274 0.000000 0.001566
v 0.017965 0.000000 0.001566
v 0.019001 0.000000 0.000967
v 0.018310 0.000000 0.000967
v 0.018656 0.000000 0.001566
v 0.019347 0.000000 0.001566
v 0.019692 0.000000 0.000967
v 0.019347 0.000000 0.000369
v 0.019692 0.000000 0.002164
v 0.019692 0.000000 -0.000229
v 0.019001 0.000000 -0.000229
v 0.016583 0.000000 0.000369
v 0.016928 0.000000 -0.000229
v 0.017274 0.000000 -0.000828
v 0.016583 0.000000 -0.000828
v 0.016237 0.000000 -0.000229
v 0.015892 0.000000 -0.000828
v 0.017619 0.000000 -0.001426
v 0.017965 0.000000 -0.002025
v 0.017274 0.000000 -0.002025
v 0.018310 0.000000 -0.002623
v 0.016928 0.000000 -0.002623
v 0.017619 0.000000 -0.002623
v 0.015546 0.000000 -0.001426
v 0.015201 0.000000 -0.002025
v 0.015892 0.000000 -0.002025
v 0.015546 0.000000 -0.002623
v 0.016237 0.000000 -0.002623
v 0.014855 0.000000 -0.002623
v 0.016583 0.000000 -0.002025
v 0.016237 0.000000 -0.001426
v 0.016928 0.000000 -0.001426
v 0.019692 0.000000 -0.003820
v 0.019692 0.000000 -0.005016
v 0.019347 0.000000 -0.004418
v 0.019001 0.000000 -0.005016
v 0.018656 0.000000 -0.005615
v 0.019347 0.000000 -0.005615
v 0.019347 0.000000 -0.006812
v 0.019692 0.000000 -0.007410
v 0.018310 0.000000 -0.006213
v 0.017965 0.000000 -0.006812
v 0.018656 0.000000 -0.006812
v 0.018310 0.000000 -0.007410
v 0.019001 0.000000 -0.007410
v 0.017619 0.000000 -0.007410
v 0.019001 0.000000 -0.006213
v 0.019692 0.000000 -0.006213
v 0.011401 0.000000 0.002164
v 0.010710 0.000000 0.002164
v 0.011055 0.000000 0.002763
v 0.010364 0.000000 0.002763
v 0.011746 0.000000 0.002763
v 0.010710 0.000000 0.003361
v 0.010019 0.000000 0.003361
v 0.010364 0.000000 0.003959
v 0.009673 0.000000 0.003959
v 0.011055 0.000000 0.003959
v 0.012092 0.000000 0.003361
v 0.011401 0.000000 0.003361
v 0.011746 0.000000 0.003959
v 0.012437 0.000000 0.003959
v 0.010019 0.000000 0.004558
v 0.009328 0.000000 0.004558
v 0.009673 0.000000 0.005156
v 0.008982 0.000000 0.005156
v 0.010364 0.000000 0.005156
v 0.009328 0.000000 0.005754
v 0.008637 0.000000 0.005754
v 0.008982 0.000000 0.006353
v 0.008291 0.000000 0.006353
v 0.009673 0.000000 0.006353
v 0.010710 0.000000 0.005754
v 0.010019 0.000000 0.005754
v 0.010364 0.000000 0.006353
v 0.011055 0.000000 0.006353
v 0.012783 0.000000 0.004558
v 0.012092 0.000000 0.004558
v 0.012437 0.000000 0.005156
v 0.011746 0.000000 0.005156
v 0.013128 0.000000 0.005156
v 0.012092 0.000000 0.005754
v 0.011401 0.000000 0.005754
v 0.011746 0.000000 0.006353
v 0.012437 0.000000 0.006353
v 0.013474 0.000000 0.005754
v 0.012783 0.000000 0.005754
v 0.013128 0.000000 0.006353
v 0.013819 0.000000 0.006353
v 0.011055 0.000000 0.005156
v 0.011401 0.000000 0.004558
v 0.010710 0.000000 0.004558
v 0.008637 0.000000 0.006951
v 0.007946 0.000000 0.006951
v 0.008291 0.000000 0.007550
v 0.007600 0.000000 0.007550
v 0.008982 0.000000 0.007550
v 0.007946 0.000000 0.008148
v 0.007255 0.000000 0.008148
v 0.007600 0.000000 0.008746
v 0.006910 0.000000 0.008746
v 0.008291 0.000000 0.008746
v 0.009328 0.000000 0.008148
v 0.008637 0.000000 0.008148
v 0.008982 0.000000 0.008746
v 0.009673 0.000000 0.008746
v 0.007255 0.000000 0.009345
v 0.006564 0.000000 0.009345
v 0.006910 0.000000 0.009943
v 0.006219 0.000000 0.009943
v 0.007600 0.000000 0.009943
v 0.006564 0.000000 0.010541
v 0.005873 0.000000 0.010541
v 0.006219 0.000000 0.011140
v 0.005528 0.000000 0.011140
v 0.006910 0.000000 0.011140
v 0.007946 0.000000 0.010541
v 0.007255 0.000000 0.010541
v 0.007600 0.000000 0.011140
v 0.008291 0.000000 0.011140
v 0.010019 0.000000 0.009345
v 0.009328 0.000000 0.009345
v 0.009673 0.000000 0.009943
v 0.008982 0.000000 0.009943
v 0.010364 0.000000 0.009943
v 0.009328 0.000000 0.010541
v 0.008637 0.000000 0.010541
v 0.008982 0.000000 0.011140
v 0.009673 0.000000 0.011140
v 0.010710 0.000000 0.010541
v 0.010019 0.000000 0.010541
v 0.010364 0.000000 0.011140
v 0.011055 0.000000 0.011140
v 0.008291 0.000000 0.009943
v 0.008637 0.000000 0.009345
v 0.007946 0.000000 0.009345
v 0.014164 0.000000 0.006951
v 0.013474 0.000000 0.006951
v 0.013819 0.000000 0.007550
v 0.013128 0.000000 0.007550
v 0.014510 0.000000 0.007550
v 0.013474 0.000000 0.008148
v 0.012783 0.000000 0.008148
v 0.013128 0.000000 0.008746
v 0.012437 0.000000 0.008746
v 0.013819 0.000000 0.008746
v 0.014855 0.000000 0.008148
v 0.014164 0.000000 0.008148
v 0.014510 0.000000 0.008746
v 0.015201 0.000000 0.008746
v 0.012783 0.000000 0.009345
v 0.012092 0.000000 0.009345
v 0.012437 0.000000 0.009943
v 0.011746 0.000000 0.009943
v 0.013128 0.000000 0.009943
v 0.012092 0.000000 0.010541
v 0.011401 0.000000 0.010541
v 0.011746 0.000000 0.011140
v 0.012437 0.000000 0.011140
v 0.013474 0.000000 0.010541
v 0.012783 0.000000 0.010541
v 0.013128 0.000000 0.011140
v 0.013819 0.000000 0.011140
v 0.015546 0.000000 0.009345
v 0.014855 0.000000 0.009345
v 0.015201 0.000000 0.009943
v 0.014510 0.000000 0.009943
v 0.015892 0.000000 0.009943
v 0.014855 0.000000 0.010541
v 0.014164 0.000000 0.010541
v 0.014510 0.000000 0.011140
v 0.015201 0.000000 0.011140
v 0.016237 0.000000 0.010541
v 0.015546 0.000000 0.010541
v 0.015892 0.000000 0.011140
v 0.016583 0.000000 0.011140
v 0.013819 0.000000 0.009943
v 0.014164 0.000000 0.009345
v 0.013474 0.000000 0.009345
v 0.011055 0.000000 0.009943
v 0.011401 0.000000 0.009345
v 0.011746 0.000000 0.008746
v 0.011055 0.000000 0.008746
v 0.010710 0.000000 0.009345
v 0.010364 0.000000 0.008746
v 0.012092 0.000000 0.008148
v 0.012437 0.000000 0.007550
v 0.011746 0.000000 0.007550
v 0.012783 0.000000 0.006951
v 0.011401 0.000000 0.006951
v 0.012092 0.000000 0.006951
v 0.010019 0.000000 0.008148
v 0.009673 0.000000 0.007550
v 0.010364 0.000000 0.007550
v 0.010019 0.000000 0.006951
v 0.010710 0.000000 0.006951
v 0.009328 0.000000 0.006951
v 0.011055 0.000000 0.007550
v 0.010710 0.000000 0.008148
v 0.011401 0.000000 0.008148
v 0.005873 0.000000 0.011738
v 0.005182 0.000000 0.011738
v 0.005528 0.000000 0.012337
v 0.004837 0.000000 0.012337
v 0.006219 0.000000 0.012337
v 0.005182 0.000000 0.012935
v 0.004491 0.000000 0.012935
v 0.004837 0.000000 0.013533
v 0.004146 0.000000 0.013533
v 0.005528 0.000000 0.013533
v 0.006564 0.000000 0.012935
v 0.005873 0.000000 0.012935
v 0.006219 0.000000 0.013533
v 0.006910 0.000000 0.013533
v 0.004491 0.000000 0.014132
v 0.003800 0.000000 0.014132
v 0.004146 0.000000 0.014730
v 0.003455 0.000000 0.014730
v 0.004837 0.000000 0.014730
v 0.003800 0.000000 0.015329
v 0.003109 0.000000 0.015329
v 0.003455 0.000000 0.015927
v 0.002764 0.000000 0.015927
v 0.004146 0.000000 0.015927
v 0.005182 0.000000 0.015329
v 0.004491 0.000000 0.015329
v 0.004837 0.000000 0.015927
v 0.005528 0.000000 0.015927
v 0.007255 0.000000 0.014132
v 0.006564 0.000000 0.014132
v 0.006910 0.000000 0.014730
v 0.006219 0.000000 0.014730
v 0.007600 0.000000 0.014730
v 0.006564 0.000000 0.015329
v 0.005873 0.000000 0.015329
v 0.006219 0.000000 0.015927
v 0.006910 0.000000 0.015927
v 0.007946 0.000000 0.015329
v 0.007255 0.000000 0.015329
v 0.007600 0.000000 0.015927
v 0.008291 0.000000 0.015927
v 0.005528 0.000000 0.014730
v 0.005873 0.000000 0.014132
v 0.005182 0.000000 0.014132
v 0.003109 0.000000 0.016525
v 0.002418 0.000000 0.016525
v 0.002764 0.000000 0.017124
v 0.002073 0.000000 0.017124
v 0.003455 0.000000 0.017124
v 0.002418 0.000000 0.017722
v 0.001727 0.000000 0.017722
v 0.002073 0.000000 0.018320
v 0.001382 0.000000 0.018320
v 0.002764 0.000000 0.018320
v 0.003800 0.000000 0.017722
v 0.003109 0.000000 0.017722
v 0.003455 0.000000 0.018320
v 0.004146 0.000000 0.018320
v 0.001727 0.000000 0.018919
v 0.001036 0.000000 0.018919
v 0.001382 0.000000 0.019517
v 0.000691 0.000000 0.019517
v 0.002073 0.000000 0.019517
v 0.002764 0.000000 0.019517
v 0.004491 0.000000 0.018919
v 0.003800 0.000000 0.018919
v 0.004146 0.000000 0.019517
v 0.003455 0.000000 0.019517
v 0.004837 0.000000 0.019517
v 0.005528 0.000000 0.019517
v 0.003109 0.000000 0.018919
v 0.002418 0.000000 0.018919
v 0.008637 0.000000 0.016525
v 0.007946 0.000000 0.016525
v 0.008291 0.000000 0.017124
v 0.007600 0.000000 0.017124
v 0.008982 0.000000 0.017124
v 0.007946 0.000000 0.017722
v 0.007255 0.000000 0.017722
v 0.007600 0.000000 0.018320
v 0.006910 0.000000 0.018320
v 0.008291 0.000000 0.018320
v 0.009328 0.000000 0.017722
v 0.008637 0.000000 0.017722
v 0.008982 0.000000 0.018320
v 0.009673 0.000000 0.018320
v 0.007255 0.000000 0.018919
v 0.006564 0.000000 0.018919
v 0.006910 0.000000 0.019517
v 0.006219 0.000000 0.019517
v 0.007600 0.000000 0.019517
v 0.008291 0.000000 0.019517
v 0.010019 0.000000 0.018919
v 0.009328 0.000000 0.018919
v 0.009673 0.000000 0.019517
v 0.008982 0.000000 0.019517
v 0.010364 0.000000 0.019517
v 0.008637 0.000000 0.018919
v 0.007946 0.000000 0.018919
v 0.005873 0.000000 0.018919
v 0.006219 0.000000 0.018320
v 0.005528 0.000000 0.018320
v 0.005182 0.000000 0.018919
v 0.004837 0.000000 0.018320
v 0.006564 0.000000 0.017722
v 0.006910 0.000000 0.017124
v 0.006219 0.000000 0.017124
v 0.007255 0.000000 0.016525
v 0.005873 0.000000 0.016525
v 0.006564 0.000000 0.016525
v 0.004491 0.000000 0.017722
v 0.004146 0.000000 0.017124
v 0.004837 0.000000 0.017124
v 0.004491 0.000000 0.016525
v 0.005182 0.000000 0.016525
v 0.003800 0.000000 0.016525
v 0.005528 0.000000 0.017124
v 0.005182 0.000000 0.017722
v 0.005873 0.000000 0.017722
v 0.016928 0.000000 0.011738
v 0.016237 0.000000 0.011738
v 0.016583 0.000000 0.012337
v 0.015892 0.000000 0.012337
v 0.017274 0.000000 0.012337
v 0.016237 0.000000 0.012935
v 0.015546 0.000000 0.012935
v 0.015892 0.000000 0.013533
v 0.015201 0.000000 0.013533
v 0.016583 0.000000 0.013533
v 0.017619 0.000000 0.012935
v 0.016928 0.000000 0.012935
v 0.017274 0.000000 0.013533
v 0.017965 0.000000 0.013533
v 0.015546 0.000000 0.014132
v 0.014855 0.000000 0.014132
v 0.015201 0.000000 0.014730
v 0.014510 0.000000 0.014730
v 0.015892 0.000000 0.014730
v 0.014855 0.000000 0.015329
v 0.014164 0.000000 0.015329
v 0.014510 0.000000 0.015927
v 0.013819 0.000000 0.015927
v 0.015201 0.000000 0.015927
v 0.016237 0.000000 0.015329
v 0.015546 0.000000 0.015329
v 0.015892 0.000000 0.015927
v 0.016583 0.000000 0.015927
v 0.018310 0.000000 0.014132
v 0.017619 0.000000 0.014132
v 0.017965 0.000000 0.014730
v 0.017274 0.000000 0.014730
v 0.018656 0.000000 0.014730
v 0.017619 0.000000 0.015329
v 0.016928 0.000000 0.015329
v 0.017274 0.000000 0.015927
v 0.017965 0.000000 0.015927
v 0.019001 0.000000 0.015329
v 0.018310 0.000000 0.015329
v 0.018656 0.000000 0.015927
v 0.019347 0.000000 0.015927
v 0.016583 0.000000 0.014730
v 0.016928 0.000000 0.014132
v 0.016237 0.000000 0.014132
v 0.014164 0.000000 0.016525
v 0.013474 0.000000 0.016525
v 0.013819 0.000000 0.017124
v 0.013128 0.000000 0.017124
v 0.014510 0.000000 0.017124
v 0.013474 0.000000 0.017722
v 0.012783 0.000000 0.017722
v 0.013128 0.000000 0.018320
v 0.012437 0.000000 0.018320
v 0.013819 0.000000 0.018320
v 0.014855 0.000000 0.017722
v 0.014164 0.000000 0.017722
v 0.014510 0.000000 0.018320
v 0.015201 0.000000 0.018320
v 0.012783 0.000000 0.018919
v 0.012092 0.000000 0.018919
v 0.012437 0.000000 0.019517
v 0.011746 0.000000 0.019517
v 0.013128 0.000000 0.019517
v 0.015546 0.000000 0.018919
v 0.014855 0.000000 0.018919
v 0.015201 0.000000 0.019517
v 0.014510 0.000000 0.019517
v 0.015892 0.000000 0.019517
v 0.013819 0.000000 0.019517
v 0.014164 0.000000 0.018919
v 0.013474 0.000000 0.018919
v 0.019692 0.000000 0.016525
v 0.019001 0.000000 0.016525
v 0.019347 0.000000 0.017124
v 0.018656 0.000000 0.017124
v 0.019001 0.000000 0.017722
v 0.018310 0.000000 0.017722
v 0.018656 0.000000 0.018320
v 0.017965 0.000000 0.018320
v 0.019347 0.000000 0.018320
v 0.019692 0.000000 0.017722
v 0.018310 0.000000 0.018919
v 0.017619 0.000000 0.018919
v 0.017965 0.000000 0.019517
v 0.017274 0.000000 0.019517
v 0.018656 0.000000 0.019517
v 0.016583 0.000000 0.019517
v 0.019347 0.000000 0.019517
v 0.019001 0.000000 0.018919
v 0.019692 0.000000 0.018919
v 0.016928 0.000000 0.018919
v 0.017274 0.000000 0.018320
v 0.016583 0.000000 0.018320
v 0.016237 0.000000 0.018919
v 0.015892 0.000000 0.018320
v 0.017619 0.000000 0.017722
v 0.017965 0.000000 0.017124
v 0.017274 0.000000 0.017124
v 0.018310 0.000000 0.016525
v 0.016928 0.000000 0.016525
v 0.017619 0.000000 0.016525
v 0.015546 0.000000 0.017722
v 0.015201 0.000000 0.017124
v 0.015892 0.000000 0.017124
v 0.015546 0.000000 0.016525
v 0.016237 0.000000 0.016525
v 0.014855 0.000000 0.016525
v 0.016583 0.000000 0.017124
v 0.016237 0.000000 0.017722
v 0.016928 0.000000 0.017722
v 0.011055 0.000000 0.019517
v 0.011401 0.000000 0.018919
v 0.011746 0.000000 0.018320
v 0.011055 0.000000 0.018320
v 0.010710 0.000000 0.018919
v 0.010364 0.000000 0.018320
v 0.012092 0.000000 0.017722
v 0.012437 0.000000 0.017124
v 0.011746 0.000000 0.017124
v 0.012783 0.000000 0.016525
v 0.013128 0.000000 0.015927
v 0.012437 0.000000 0.015927
v 0.011401 0.000000 0.016525
v 0.012092 0.000000 0.016525
v 0.011746 0.000000 0.015927
v 0.011055 0.000000 0.015927
v 0.010019 0.000000 0.017722
v 0.009673 0.000000 0.017124
v 0.010364 0.000000 0.017124
v 0.010019 0.000000 0.016525
v 0.010710 0.000000 0.016525
v 0.010364 0.000000 0.015927
v 0.009673 0.000000 0.015927
v 0.009328 0.000000 0.016525
v 0.008982 0.000000 0.015927
v 0.011055 0.000000 0.017124
v 0.010710 0.000000 0.017722
v 0.011401 0.000000 0.017722
v 0.013474 0.000000 0.015329
v 0.013819 0.000000 0.014730
v 0.013128 0.000000 0.014730
v 0.014164 0.000000 0.014132
v 0.014510 0.000000 0.013533
v 0.013819 0.000000 0.013533
v 0.012783 0.000000 0.014132
v 0.013474 0.000000 0.014132
v 0.013128 0.000000 0.013533
v 0.012437 0.000000 0.013533
v 0.014855 0.000000 0.012935
v 0.015201 0.000000 0.012337
v 0.014510 0.000000 0.012337
v 0.015546 0.000000 0.011738
v 0.014164 0.000000 0.011738
v 0.014855 0.000000 0.011738
v 0.012092 0.000000 0.012935
v 0.012783 0.000000 0.012935
v 0.012437 0.000000 0.012337
v 0.013128 0.000000 0.012337
v 0.011746 0.000000 0.012337
v 0.012783 0.000000 0.011738
v 0.013474 0.000000 0.011738
v 0.011401 0.000000 0.011738
v 0.012092 0.000000 0.011738
v 0.013819 0.000000 0.012337
v 0.013474 0.000000 0.012935
v 0.014164 0.000000 0.012935
v 0.008637 0.000000 0.015329
v 0.008291 0.000000 0.014730
v 0.008982 0.000000 0.014730
v 0.008637 0.000000 0.014132
v 0.009328 0.000000 0.014132
v 0.008982 0.000000 0.013533
v 0.009673 0.000000 0.013533
v 0.008291 0.000000 0.013533
v 0.007946 0.000000 0.014132
v 0.007600 0.000000 0.013533
v 0.009328 0.000000 0.012935
v 0.010019 0.000000 0.012935
v 0.009673 0.000000 0.012337
v 0.010364 0.000000 0.012337
v 0.008982 0.000000 0.012337
v 0.010019 0.000000 0.011738
v 0.010710 0.000000 0.011738
v 0.008637 0.000000 0.011738
v 0.009328 0.000000 0.011738
v 0.007255 0.000000 0.012935
v 0.006910 0.000000 0.012337
v 0.007600 0.000000 0.012337
v 0.007255 0.000000 0.011738
v 0.007946 0.000000 0.011738
v 0.006564 0.000000 0.011738
v 0.008291 0.000000 0.012337
v 0.007946 0.000000 0.012935
v 0.008637 0.000000 0.012935
v 0.011055 0.000000 0.012337
v 0.010710 0.000000 0.012935
v 0.010364 0.000000 0.013533
v 0.011055 0.000000 0.013533
v 0.011401 0.000000 0.012935
v 0.011746 0.000000 0.013533
v 0.010019 0.000000 0.014132
v 0.009673 0.000000 0.014730
v 0.010364 0.000000 0.014730
v 0.009328 0.000000 0.015329
v 0.010710 0.000000 0.015329
v 0.010019 0.000000 0.015329
v 0.012092 0.000000 0.014132
v 0.012437 0.000000 0.014730
v 0.011746 0.000000 0.014730
v 0.012092 0.000000 0.015329
v 0.011401 0.000000 0.015329
v 0.012783 0.000000 0.015329
v 0.011055 0.000000 0.014730
v 0.011401 0.000000 0.014132
v 0.010710 0.000000 0.014132
v 0.019692 0.000000 0.015329
v 0.019347 0.000000 0.014730
v 0.019692 0.000000 0.014132
v 0.019347 0.000000 0.013533
v 0.019692 0.000000 0.012935
v 0.019001 0.000000 0.014132
v 0.018656 0.000000 0.013533
v 0.019347 0.000000 0.012337
v 0.019692 0.000000 0.011738
v 0.019347 0.000000 0.011140
v 0.018310 0.000000 0.012935
v 0.017965 0.000000 0.012337
v 0.018656 0.000000 0.012337
v 0.018310 0.000000 0.011738
v 0.019001 0.000000 0.011738
v 0.018656 0.000000 0.011140
v 0.017965 0.000000 0.011140
v 0.017619 0.000000 0.011738
v 0.017274 0.000000 0.011140
v 0.019001 0.000000 0.012935
v 0.016928 0.000000 0.010541
v 0.016583 0.000000 0.009943
v 0.017274 0.000000 0.009943
v 0.016928 0.000000 0.009345
v 0.017619 0.000000 0.009345
v 0.017274 0.000000 0.008746
v 0.017965 0.000000 0.008746
v 0.016583 0.000000 0.008746
v 0.016237 0.000000 0.009345
v 0.015892 0.000000 0.008746
v 0.017619 0.000000 0.008148
v 0.018310 0.000000 0.008148
v 0.017965 0.000000 0.007550
v 0.018656 0.000000 0.007550
v 0.017274 0.000000 0.007550
v 0.018310 0.000000 0.006951
v 0.019001 0.000000 0.006951
v 0.018656 0.000000 0.006353
v 0.019347 0.000000 0.006353
v 0.017965 0.000000 0.006353
v 0.016928 0.000000 0.006951
v 0.017619 0.000000 0.006951
v 0.017274 0.000000 0.006353
v 0.016583 0.000000 0.006353
v 0.015546 0.000000 0.008148
v 0.015201 0.000000 0.007550
v 0.015892 0.000000 0.007550
v 0.015546 0.000000 0.006951
v 0.016237 0.000000 0.006951
v 0.015892 0.000000 0.006353
v 0.015201 0.000000 0.006353
v 0.014855 0.000000 0.006951
v 0.014510 0.000000 0.006353
v 0.016583 0.000000 0.007550
v 0.016237 0.000000 0.008148
v 0.016928 0.000000 0.008148
v 0.019001 0.000000 0.005754
v 0.019692 0.000000 0.005754
v 0.018656 0.000000 0.005156
v 0.019347 0.000000 0.005156
v 0.018310 0.000000 0.004558
v 0.019001 0.000000 0.004558
v 0.019692 0.000000 0.004558
v 0.019347 0.000000 0.003959
v 0.018656 0.000000 0.003959
v 0.017965 0.000000 0.003959
v 0.019347 0.000000 0.002763
v 0.017619 0.000000 0.003361
v 0.018310 0.000000 0.003361
v 0.017965 0.000000 0.002763
v 0.018656 0.000000 0.002763
v 0.017274 0.000000 0.002763
v 0.018310 0.000000 0.002164
v 0.019001 0.000000 0.002164
v 0.016928 0.000000 0.002164
v 0.017619 0.000000 0.002164
v 0.019001 0.000000 0.003361
v 0.019692 0.000000 0.003361
v 0.014164 0.000000 0.005754
v 0.013819 0.000000 0.005156
v 0.014510 0.000000 0.005156
v 0.014164 0.000000 0.004558
v 0.014855 0.000000 0.004558
v 0.014510 0.000000 0.003959
v 0.015201 0.000000 0.003959
v 0.013819 0.000000 0.003959
v 0.013474 0.000000 0.004558
v 0.013128 0.000000 0.003959
v 0.014855 0.000000 0.003361
v 0.015546 0.000000 0.003361
v 0.015201 0.000000 0.002763
v 0.015892 0.000000 0.002763
v 0.014510 0.000000 0.002763
v 0.015546 0.000000 0.002164
v 0.016237 0.000000 0.002164
v 0.014164 0.000000 0.002164
v 0.014855 0.000000 0.002164
v 0.012783 0.000000 0.003361
v 0.012437 0.000000 0.002763
v 0.013128 0.000000 0.002763
v 0.012783 0.000000 0.002164
v 0.013474 0.000000 0.002164
v 0.012092 0.000000 0.002164
v 0.013819 0.000000 0.002763
v 0.013474 0.000000 0.003361
v 0.014164 0.000000 0.003361
v 0.016583 0.000000 0.002763
v 0.016237 0.000000 0.003361
v 0.015892 0.000000 0.003959
v 0.016583 0.000000 0.003959
v 0.016928 0.000000 0.003361
v 0.017274 0.000000 0.003959
v 0.015546 0.000000 0.004558
v 0.015201 0.000000 0.005156
v 0.015892 0.000000 0.005156
v 0.014855 0.000000 0.005754
v 0.016237 0.000000 0.005754
v 0.015546 0.000000 0.005754
v 0.017619 0.000000 0.004558
v 0.017965 0.000000 0.005156
v 0.017274 0.000000 0.005156
v 0.017619 0.000000 0.005754
v 0.016928 0.000000 0.005754
v 0.018310 0.000000 0.005754
v 0.016583 0.000000 0.005156
v 0.016928 0.000000 0.004558
v 0.016237 0.000000 0.004558
v 0.019692 0.000000 0.006951
v 0.019347 0.000000 0.007550
v 0.019001 0.000000 0.008148
v 0.018656 0.000000 0.008746
v 0.019347 0.000000 0.008746
v 0.019692 0.000000 0.008148
v 0.019692 0.000000 0.009345
v 0.018310 0.000000 0.009345
v 0.017965 0.000000 0.009943
v 0.018656 0.000000 0.009943
v 0.017619 0.000000 0.010541
v 0.019001 0.000000 0.010541
v 0.018310 0.000000 0.010541
v 0.019692 0.000000 0.010541
v 0.019347 0.000000 0.009943
v 0.019001 0.000000 0.009345
v 0.000000 0.000000 0.019517
v 0.000345 0.000000 0.018919
v 0.000691 0.000000 0.018320
v 0.000000 0.000000 0.018320
v -0.000345 0.000000 0.018919
v -0.000691 0.000000 0.018320
v 0.001036 0.000000 0.017722
v 0.001382 0.000000 0.017124
v 0.000691 0.000000 0.017124
v 0.001727 0.000000 0.016525
v 0.002073 0.000000 0.015927
v 0.001382 0.000000 0.015927
v 0.000345 0.000000 0.016525
v 0.001036 0.000000 0.016525
v 0.000691 0.000000 0.015927
v 0.000000 0.000000 0.015927
v -0.001036 0.000000 0.017722
v -0.001382 0.000000 0.017124
v -0.000691 0.000000 0.017124
v -0.001036 0.000000 0.016525
v -0.000345 0.000000 0.016525
v -0.000691 0.000000 0.015927
v -0.001382 0.000000 0.015927
v -0.001727 0.000000 0.016525
v -0.002073 0.000000 0.015927
v 0.000000 0.000000 0.017124
v -0.000345 0.000000 0.017722
v 0.000345 0.000000 0.017722
v 0.002418 0.000000 0.015329
v 0.002764 0.000000 0.014730
v 0.002073 0.000000 0.014730
v 0.003109 0.000000 0.014132
v 0.003455 0.000000 0.013533
v 0.002764 0.000000 0.013533
v 0.001727 0.000000 0.014132
v 0.002418 0.000000 0.014132
v 0.002073 0.000000 0.013533
v 0.001382 0.000000 0.013533
v 0.003800 0.000000 0.012935
v 0.004146 0.000000 0.012337
v 0.003455 0.000000 0.012337
v 0.004491 0.000000 0.011738
v 0.004837 0.000000 0.011140
v 0.004146 0.000000 0.011140
v 0.003109 0.000000 0.011738
v 0.003800 0.000000 0.011738
v 0.003455 0.000000 0.011140
v 0.002764 0.000000 0.011140
v 0.001036 0.000000 0.012935
v 0.001727 0.000000 0.012935
v 0.001382 0.000000 0.012337
v 0.002073 0.000000 0.012337
v 0.000691 0.000000 0.012337
v 0.001727 0.000000 0.011738
v 0.002418 0.000000 0.011738
v 0.002073 0.000000 0.011140
v 0.001382 0.000000 0.011140
v 0.000345 0.000000 0.011738
v 0.001036 0.000000 0.011738
v 0.000691 0.000000 0.011140
v 0.000000 0.000000 0.011140
v 0.002764 0.000000 0.012337
v 0.002418 0.000000 0.012935
v 0.003109 0.000000 0.012935
v -0.002418 0.000000 0.015329
v -0.002764 0.000000 0.014730
v -0.002073 0.000000 0.014730
v -0.002418 0.000000 0.014132
v -0.001727 0.000000 0.014132
v -0.002073 0.000000 0.013533
v -0.001382 0.000000 0.013533
v -0.002764 0.000000 0.013533
v -0.003109 0.000000 0.014132
v -0.003455 0.000000 0.013533
v -0.001727 0.000000 0.012935
v -0.001036 0.000000 0.012935
v -0.001382 0.000000 0.012337
v -0.000691 0.000000 0.012337
v -0.002073 0.000000 0.012337
v -0.001036 0.000000 0.011738
v -0.000345 0.000000 0.011738
v -0.000691 0.000000 0.011140
v -0.001382 0.000000 0.011140
v -0.002418 0.000000 0.011738
v -0.001727 0.000000 0.011738
v -0.002073 0.000000 0.011140
v -0.002764 0.000000 0.011140
v -0.003800 0.000000 0.012935
v -0.004146 0.000000 0.012337
v -0.003455 0.000000 0.012337
v -0.003800 0.000000 0.011738
v -0.003109 0.000000 0.011738
v -0.003455 0.000000 0.011140
v -0.004146 0.000000 0.011140
v -0.004491 0.000000 0.011738
v -0.004837 0.000000 0.011140
v -0.002764 0.000000 0.012337
v -0.003109 0.000000 0.012935
v -0.002418 0.000000 0.012935
v 0.000000 0.000000 0.012337
v -0.000345 0.000000 0.012935
v -0.000691 0.000000 0.013533
v 0.000000 0.000000 0.013533
v 0.000345 0.000000 0.012935
v 0.000691 0.000000 0.013533
v -0.001036 0.000000 0.014132
v -0.001382 0.000000 0.014730
v -0.000691 0.000000 0.014730
v -0.001727 0.000000 0.015329
v -0.000345 0.000000 0.015329
v -0.001036 0.000000 0.015329
v 0.001036 0.000000 0.014132
v 0.001382 0.000000 0.014730
v 0.000691 0.000000 0.014730
v 0.001036 0.000000 0.015329
v 0.000345 0.000000 0.015329
v 0.001727 0.000000 0.015329
v 0.000000 0.000000 0.014730
v 0.000345 0.000000 0.014132
v -0.000345 0.000000 0.014132
v 0.005182 0.000000 0.010541
v 0.005528 0.000000 0.009943
v 0.004837 0.000000 0.009943
v 0.005873 0.000000 0.009345
v 0.006219 0.000000 0.008746
v 0.005528 0.000000 0.008746
v 0.004491 0.000000 0.009345
v 0.005182 0.000000 0.009345
v 0.004837 0.000000 0.008746
v 0.004146 0.000000 0.008746
v 0.006564 0.000000 0.008148
v 0.006910 0.000000 0.007550
v 0.006219 0.000000 0.007550
v 0.007255 0.000000 0.006951
v 0.007600 0.000000 0.006353
v 0.006910 0.000000 0.006353
v 0.005873 0.000000 0.006951
v 0.006564 0.000000 0.006951
v 0.006219 0.000000 0.006353
v 0.005528 0.000000 0.006353
v 0.003800 0.000000 0.008148
v 0.004491 0.000000 0.008148
v 0.004146 0.000000 0.007550
v 0.004837 0.000000 0.007550
v 0.003455 0.000000 0.007550
v 0.004491 0.000000 0.006951
v 0.005182 0.000000 0.006951
v 0.004837 0.000000 0.006353
v 0.004146 0.000000 0.006353
v 0.003109 0.000000 0.006951
v 0.003800 0.000000 0.006951
v 0.003455 0.000000 0.006353
v 0.002764 0.000000 0.006353
v 0.005528 0.000000 0.007550
v 0.005182 0.000000 0.008148
v 0.005873 0.000000 0.008148
v 0.007946 0.000000 0.005754
v 0.008291 0.000000 0.005156
v 0.007600 0.000000 0.005156
v 0.008637 0.000000 0.004558
v 0.008982 0.000000 0.003959
v 0.008291 0.000000 0.003959
v 0.007255 0.000000 0.004558
v 0.007946 0.000000 0.004558
v 0.007600 0.000000 0.003959
v 0.006910 0.000000 0.003959
v 0.009328 0.000000 0.003361
v 0.009673 0.000000 0.002763
v 0.008982 0.000000 0.002763
v 0.010019 0.000000 0.002164
v 0.010364 0.000000 0.001566
v 0.009673 0.000000 0.001566
v 0.008637 0.000000 0.002164
v 0.009328 0.000000 0.002164
v 0.008982 0.000000 0.001566
v 0.008291 0.000000 0.001566
v 0.006564 0.000000 0.003361
v 0.007255 0.000000 0.003361
v 0.006910 0.000000 0.002763
v 0.007600 0.000000 0.002763
v 0.006219 0.000000 0.002763
v 0.007255 0.000000 0.002164
v 0.007946 0.000000 0.002164
v 0.007600 0.000000 0.001566
v 0.006910 0.000000 0.001566
v 0.005873 0.000000 0.002164
v 0.006564 0.000000 0.002164
v 0.006219 0.000000 0.001566
v 0.005528 0.000000 0.001566
v 0.008291 0.000000 0.002763
v 0.007946 0.000000 0.003361
v 0.008637 0.000000 0.003361
v 0.002418 0.000000 0.005754
v 0.003109 0.000000 0.005754
v 0.002764 0.000000 0.005156
v 0.003455 0.000000 0.005156
v 0.002073 0.000000 0.005156
v 0.003109 0.000000 0.004558
v 0.003800 0.000000 0.004558
v 0.003455 0.000000 0.003959
v 0.004146 0.000000 0.003959
v 0.002764 0.000000 0.003959
v 0.001727 0.000000 0.004558
v 0.002418 0.000000 0.004558
v 0.002073 0.000000 0.003959
v 0.001382 0.000000 0.003959
v 0.003800 0.000000 0.003361
v 0.004491 0.000000 0.003361
v 0.004146 0.000000 0.002763
v 0.004837 0.000000 0.002763
v 0.003455 0.000000 0.002763
v 0.004491 0.000000 0.002164
v 0.005182 0.000000 0.002164
v 0.004837 0.000000 0.001566
v 0.004146 0.000000 0.001566
v 0.003109 0.000000 0.002164
v 0.003800 0.000000 0.002164
v 0.003455 0.000000 0.001566
v 0.002764 0.000000 0.001566
v 0.001036 0.000000 0.003361
v 0.001727 0.000000 0.003361
v 0.001382 0.000000 0.002763
v 0.002073 0.000000 0.002763
v 0.000691 0.000000 0.002763
v 0.001727 0.000000 0.002164
v 0.002418 0.000000 0.002164
v 0.002073 0.000000 0.001566
v 0.001382 0.000000 0.001566
v 0.000345 0.000000 0.002164
v 0.001036 0.000000 0.002164
v 0.000691 0.000000 0.001566
v 0.000000 0.000000 0.001566
v 0.002764 0.000000 0.002763
v 0.002418 0.000000 0.003361
v 0.003109 0.000000 0.003361
v 0.005528 0.000000 0.002763
v 0.005182 0.000000 0.003361
v 0.004837 0.000000 0.003959
v 0.005528 0.000000 0.003959
v 0.005873 0.000000 0.003361
v 0.006219 0.000000 0.003959
v 0.004491 0.000000 0.004558
v 0.004146 0.000000 0.005156
v 0.004837 0.000000 0.005156
v 0.003800 0.000000 0.005754
v 0.005182 0.000000 0.005754
v 0.004491 0.000000 0.005754
v 0.006564 0.000000 0.004558
v 0.006910 0.000000 0.005156
v 0.006219 0.000000 0.005156
v 0.006564 0.000000 0.005754
v 0.005873 0.000000 0.005754
v 0.007255 0.000000 0.005754
v 0.005528 0.000000 0.005156
v 0.005873 0.000000 0.004558
v 0.005182 0.000000 0.004558
v -0.005182 0.000000 0.010541
v -0.005528 0.000000 0.009943
v -0.004837 0.000000 0.009943
v -0.005182 0.000000 0.009345
v -0.004491 0.000000 0.009345
v -0.004837 0.000000 0.008746
v -0.004146 0.000000 0.008746
v -0.005528 0.000000 0.008746
v -0.005873 0.000000 0.009345
v -0.006219 0.000000 0.008746
v -0.004491 0.000000 0.008148
v -0.003800 0.000000 0.008148
v -0.004146 0.000000 0.007550
v -0.003455 0.000000 0.007550
v -0.004837 0.000000 0.007550
v -0.003800 0.000000 0.006951
v -0.003109 0.000000 0.006951
v -0.003455 0.000000 0.006353
v -0.002764 0.000000 0.006353
v -0.004146 0.000000 0.006353
v -0.005182 0.000000 0.006951
v -0.004491 0.000000 0.006951
v -0.004837 0.000000 0.006353
v -0.005528 0.000000 0.006353
v -0.006564 0.000000 0.008148
v -0.006910 0.000000 0.007550
v -0.006219 0.000000 0.007550
v -0.006564 0.000000 0.006951
v -0.005873 0.000000 0.006951
v -0.006219 0.000000 0.006353
v -0.006910 0.000000 0.006353
v -0.007255 0.000000 0.006951
v -0.007600 0.000000 0.006353
v -0.005528 0.000000 0.007550
v -0.005873 0.000000 0.008148
v -0.005182 0.000000 0.008148
v -0.003109 0.000000 0.005754
v -0.002418 0.000000 0.005754
v -0.002764 0.000000 0.005156
v -0.002073 0.000000 0.005156
v -0.003455 0.000000 0.005156
v -0.002418 0.000000 0.004558
v -0.001727 0.000000 0.004558
v -0.002073 0.000000 0.003959
v -0.001382 0.000000 0.003959
v -0.002764 0.000000 0.003959
v -0.003800 0.000000 0.004558
v -0.003109 0.000000 0.004558
v -0.003455 0.000000 0.003959
v -0.004146 0.000000 0.003959
v -0.001727 0.000000 0.003361
v -0.001036 0.000000 0.003361
v -0.001382 0.000000 0.002763
v -0.000691 0.000000 0.002763
v -0.002073 0.000000 0.002763
v -0.001036 0.000000 0.002164
v -0.000345 0.000000 0.002164
v -0.000691 0.000000 0.001566
v -0.001382 0.000000 0.001566
v -0.002418 0.000000 0.002164
v -0.001727 0.000000 0.002164
v -0.002073 0.000000 0.001566
v -0.002764 0.000000 0.001566
v -0.004491 0.000000 0.003361
v -0.003800 0.000000 0.003361
v -0.004146 0.000000 0.002763
v -0.003455 0.000000 0.002763
v -0.004837 0.000000 0.002763
v -0.003800 0.000000 0.002164
v -0.003109 0.000000 0.002164
v -0.003455 0.000000 0.001566
v -0.004146 0.000000 0.001566
v -0.005182 0.000000 0.002164
v -0.004491 0.000000 0.002164
v -0.004837 0.000000 0.001566
v -0.005528 0.000000 0.001566
v -0.002764 0.000000 0.002763
v -0.003109 0.000000 0.003361
v -0.002418 0.000000 0.003361
v -0.007946 0.000000 0.005754
v -0.008291 0.000000 0.005156
v -0.007600 0.000000 0.005156
v -0.007946 0.000000 0.004558
v -0.007255 0.000000 0.004558
v -0.007600 0.000000 0.003959
v -0.006910 0.000000 0.003959
v -0.008291 0.000000 0.003959
v -0.008637 0.000000 0.004558
v -0.008982 0.000000 0.003959
v -0.007255 0.000000 0.003361
v -0.006564 0.000000 0.003361
v -0.006910 0.000000 0.002763
v -0.006219 0.000000 0.002763
v -0.007600 0.000000 0.002763
v -0.006564 0.000000 0.002164
v -0.005873 0.000000 0.002164
v -0.006219 0.000000 0.001566
v -0.006910 0.000000 0.001566
v -0.007946 0.000000 0.002164
v -0.007255 0.000000 0.002164
v -0.007600 0.000000 0.001566
v -0.008291 0.000000 0.001566
v -0.009328 0.000000 0.003361
v -0.009673 0.000000 0.002763
v -0.008982 0.000000 0.002763
v -0.009328 0.000000 0.002164
v -0.008637 0.000000 0.002164
v -0.008982 0.000000 0.001566
v -0.009673 0.000000 0.001566
v -0.010019 0.000000 0.002164
v -0.010364 0.000000 0.001566
v -0.008291 0.000000 0.002763
v -0.008637 0.000000 0.003361
v -0.007946 0.000000 0.003361
v -0.005528 0.000000 0.002763
v -0.005873 0.000000 0.003361
v -0.006219 0.000000 0.003959
v -0.005528 0.000000 0.003959
v -0.005182 0.000000 0.003361
v -0.004837 0.000000 0.003959
v -0.006564 0.000000 0.004558
v -0.006910 0.000000 0.005156
v -0.006219 0.000000 0.005156
v -0.007255 0.000000 0.005754
v -0.005873 0.000000 0.005754
v -0.006564 0.000000 0.005754
v -0.004491 0.000000 0.004558
v -0.004146 0.000000 0.005156
v -0.004837 0.000000 0.005156
v -0.004491 0.000000 0.005754
v -0.005182 0.000000 0.005754
v -0.003800 0.000000 0.005754
v -0.005528 0.000000 0.005156
v -0.005182 0.000000 0.004558
v -0.005873 0.000000 0.004558
v 0.000000 0.000000 0.002763
v -0.000345 0.000000 0.003361
v -0.000691 0.000000 0.003959
v 0.000000 0.000000 0.003959
v 0.000345 0.000000 0.003361
v 0.000691 0.000000 0.003959
v -0.001036 0.000000 0.004558
v -0.001382 0.000000 0.005156
v -0.000691 0.000000 0.005156
v -0.001727 0.000000 0.005754
v -0.002073 0.000000 0.006353
v -0.001382 0.000000 0.006353
v -0.000345 0.000000 0.005754
v -0.001036 0.000000 0.005754
v -0.000691 0.000000 0.006353
v 0.000000 0.000000 0.006353
v 0.001036 0.000000 0.004558
v 0.001382 0.000000 0.005156
v 0.000691 0.000000 0.005156
v 0.001036 0.000000 0.005754
v 0.000345 0.000000 0.005754
v 0.000691 0.000000 0.006353
v 0.001382 0.000000 0.006353
v 0.001727 0.000000 0.005754
v 0.002073 0.000000 0.006353
v 0.000000 0.000000 0.005156
v 0.000345 0.000000 0.004558
v -0.000345 0.000000 0.004558
v -0.002418 0.000000 0.006951
v -0.002764 0.000000 0.007550
v -0.002073 0.000000 0.007550
v -0.003109 0.000000 0.008148
v -0.003455 0.000000 0.008746
v -0.002764 0.000000 0.008746
v -0.001727 0.000000 0.008148
v -0.002418 0.000000 0.008148
v -0.002073 0.000000 0.008746
v -0.001382 0.000000 0.008746
v -0.003800 0.000000 0.009345
v -0.004146 0.000000 0.009943
v -0.003455 0.000000 0.009943
v -0.004491 0.000000 0.010541
v -0.003109 0.000000 0.010541
v -0.003800 0.000000 0.010541
v -0.001036 0.000000 0.009345
v -0.001727 0.000000 0.009345
v -0.001382 0.000000 0.009943
v -0.002073 0.000000 0.009943
v -0.000691 0.000000 0.009943
v -0.001727 0.000000 0.010541
v -0.002418 0.000000 0.010541
v -0.000345 0.000000 0.010541
v -0.001036 0.000000 0.010541
v -0.002764 0.000000 0.009943
v -0.002418 0.000000 0.009345
v -0.003109 0.000000 0.009345
v 0.002418 0.000000 0.006951
v 0.002764 0.000000 0.007550
v 0.002073 0.000000 0.007550
v 0.002418 0.000000 0.008148
v 0.001727 0.000000 0.008148
v 0.002073 0.000000 0.008746
v 0.001382 0.000000 0.008746
v 0.002764 0.000000 0.008746
v 0.003109 0.000000 0.008148
v 0.003455 0.000000 0.008746
v 0.001727 0.000000 0.009345
v 0.001036 0.000000 0.009345
v 0.001382 0.000000 0.009943
v 0.000691 0.000000 0.009943
v 0.002073 0.000000 0.009943
v 0.001036 0.000000 0.010541
v 0.000345 0.000000 0.010541
v 0.002418 0.000000 0.010541
v 0.001727 0.000000 0.010541
v 0.003800 0.000000 0.009345
v 0.004146 0.000000 0.009943
v 0.003455 0.000000 0.009943
v 0.003800 0.000000 0.010541
v 0.003109 0.000000 0.010541
v 0.004491 0.000000 0.010541
v 0.002764 0.000000 0.009943
v 0.003109 0.000000 0.009345
v 0.002418 0.000000 0.009345
v 0.000000 0.000000 0.009943
v 0.000345 0.000000 0.009345
v 0.000691 0.000000 0.008746
v 0.000000 0.000000 0.008746
v -0.000345 0.000000 0.009345
v -0.000691 0.000000 0.008746
v 0.001036 0.000000 0.008148
v 0.001382 0.000000 0.007550
v 0.000691 0.000000 0.007550
v 0.001727 0.000000 0.006951
v 0.000345 0.000000 0.006951
v 0.001036 0.000000 0.006951
v -0.001036 0.000000 0.008148
v -0.001382 0.000000 0.007550
v -0.000691 0.000000 0.007550
v -0.001036 0.000000 0.006951
v -0.000345 0.000000 0.006951
v -0.001727 0.000000 0.006951
v 0.000000 0.000000 0.007550
v -0.000345 0.000000 0.008148
v 0.000345 0.000000 0.008148
v 0.010710 0.000000 0.000967
v 0.011055 0.000000 0.000369
v 0.010364 0.000000 0.000369
v 0.011401 0.000000 -0.000229
v 0.011746 0.000000 -0.000828
v 0.011055 0.000000 -0.000828
v 0.010019 0.000000 -0.000229
v 0.010710 0.000000 -0.000229
v 0.010364 0.000000 -0.000828
v 0.009673 0.000000 -0.000828
v 0.012092 0.000000 -0.001426
v 0.012437 0.000000 -0.002025
v 0.011746 0.000000 -0.002025
v 0.012783 0.000000 -0.002623
v 0.013128 0.000000 -0.003221
v 0.012437 0.000000 -0.003221
v 0.011401 0.000000 -0.002623
v 0.012092 0.000000 -0.002623
v 0.011746 0.000000 -0.003221
v 0.011055 0.000000 -0.003221
v 0.009328 0.000000 -0.001426
v 0.010019 0.000000 -0.001426
v 0.009673 0.000000 -0.002025
v 0.010364 0.000000 -0.002025
v 0.008982 0.000000 -0.002025
v 0.010019 0.000000 -0.002623
v 0.010710 0.000000 -0.002623
v 0.010364 0.000000 -0.003221
v 0.009673 0.000000 -0.003221
v 0.008637 0.000000 -0.002623
v 0.009328 0.000000 -0.002623
v 0.008982 0.000000 -0.003221
v 0.008291 0.000000 -0.003221
v 0.011055 0.000000 -0.002025
v 0.010710 0.000000 -0.001426
v 0.011401 0.000000 -0.001426
v 0.013474 0.000000 -0.003820
v 0.013819 0.000000 -0.004418
v 0.013128 0.000000 -0.004418
v 0.014164 0.000000 -0.005016
v 0.014510 0.000000 -0.005615
v 0.013819 0.000000 -0.005615
v 0.012783 0.000000 -0.005016
v 0.013474 0.000000 -0.005016
v 0.013128 0.000000 -0.005615
v 0.012437 0.000000 -0.005615
v 0.014855 0.000000 -0.006213
v 0.015201 0.000000 -0.006812
v 0.014510 0.000000 -0.006812
v 0.015546 0.000000 -0.007410
v 0.015892 0.000000 -0.008008
v 0.015201 0.000000 -0.008008
v 0.014164 0.000000 -0.007410
v 0.014855 0.000000 -0.007410
v 0.014510 0.000000 -0.008008
v 0.013819 0.000000 -0.008008
v 0.012092 0.000000 -0.006213
v 0.012783 0.000000 -0.006213
v 0.012437 0.000000 -0.006812
v 0.013128 0.000000 -0.006812
v 0.011746 0.000000 -0.006812
v 0.012783 0.000000 -0.007410
v 0.013474 0.000000 -0.007410
v 0.013128 0.000000 -0.008008
v 0.012437 0.000000 -0.008008
v 0.011401 0.000000 -0.007410
v 0.012092 0.000000 -0.007410
v 0.011746 0.000000 -0.008008
v 0.011055 0.000000 -0.008008
v 0.013819 0.000000 -0.006812
v 0.013474 0.000000 -0.006213
v 0.014164 0.000000 -0.006213
v 0.007946 0.000000 -0.003820
v 0.008637 0.000000 -0.003820
v 0.008291 0.000000 -0.004418
v 0.008982 0.000000 -0.004418
v 0.007600 0.000000 -0.004418
v 0.008637 0.000000 -0.005016
v 0.009328 0.000000 -0.005016
v 0.008982 0.000000 -0.005615
v 0.009673 0.000000 -0.005615
v 0.008291 0.000000 -0.005615
v 0.007255 0.000000 -0.005016
v 0.007946 0.000000 -0.005016
v 0.007600 0.000000 -0.005615
v 0.006910 0.000000 -0.005615
v 0.009328 0.000000 -0.006213
v 0.010019 0.000000 -0.006213
v 0.009673 0.000000 -0.006812
v 0.010364 0.000000 -0.006812
v 0.008982 0.000000 -0.006812
v 0.010019 0.000000 -0.007410
v 0.010710 0.000000 -0.007410
v 0.010364 0.000000 -0.008008
v 0.009673 0.000000 -0.008008
v 0.008637 0.000000 -0.007410
v 0.009328 0.000000 -0.007410
v 0.008982 0.000000 -0.008008
v 0.008291 0.000000 -0.008008
v 0.006564 0.000000 -0.006213
v 0.007255 0.000000 -0.006213
v 0.006910 0.000000 -0.006812
v 0.007600 0.000000 -0.006812
v 0.006219 0.000000 -0.006812
v 0.007255 0.000000 -0.007410
v 0.007946 0.000000 -0.007410
v 0.007600 0.000000 -0.008008
v 0.006910 0.000000 -0.008008
v 0.005873 0.000000 -0.007410
v 0.006564 0.000000 -0.007410
v 0.006219 0.000000 -0.008008
v 0.005528 0.000000 -0.008008
v 0.008291 0.000000 -0.006812
v 0.007946 0.000000 -0.006213
v 0.008637 0.000000 -0.006213
v 0.011055 0.000000 -0.006812
v 0.010710 0.000000 -0.006213
v 0.010364 0.000000 -0.005615
v 0.011055 0.000000 -0.005615
v 0.011401 0.000000 -0.006213
v 0.011746 0.000000 -0.005615
v 0.010019 0.000000 -0.005016
v 0.009673 0.000000 -0.004418
v 0.010364 0.000000 -0.004418
v 0.009328 0.000000 -0.003820
v 0.010710 0.000000 -0.003820
v 0.010019 0.000000 -0.003820
v 0.012092 0.000000 -0.005016
v 0.012437 0.000000 -0.004418
v 0.011746 0.000000 -0.004418
v 0.012092 0.000000 -0.003820
v 0.011401 0.000000 -0.003820
v 0.012783 0.000000 -0.003820
v 0.011055 0.000000 -0.004418
v 0.011401 0.000000 -0.005016
v 0.010710 0.000000 -0.005016
v 0.016237 0.000000 -0.008607
v 0.016583 0.000000 -0.009205
v 0.015892 0.000000 -0.009205
v 0.016928 0.000000 -0.009803
v 0.017274 0.000000 -0.010402
v 0.016583 0.000000 -0.010402
v 0.015546 0.000000 -0.009803
v 0.016237 0.000000 -0.009803
v 0.015892 0.000000 -0.010402
v 0.015201 0.000000 -0.010402
v 0.017619 0.000000 -0.011000
v 0.017965 0.000000 -0.011599
v 0.017274 0.000000 -0.011599
v 0.018310 0.000000 -0.012197
v 0.018656 0.000000 -0.012795
v 0.017965 0.000000 -0.012795
v 0.016928 0.000000 -0.012197
v 0.017619 0.000000 -0.012197
v 0.017274 0.000000 -0.012795
v 0.016583 0.000000 -0.012795
v 0.014855 0.000000 -0.011000
v 0.015546 0.000000 -0.011000
v 0.015201 0.000000 -0.011599
v 0.015892 0.000000 -0.011599
v 0.014510 0.000000 -0.011599
v 0.015546 0.000000 -0.012197
v 0.016237 0.000000 -0.012197
v 0.015892 0.000000 -0.012795
v 0.015201 0.000000 -0.012795
v 0.014164 0.000000 -0.012197
v 0.014855 0.000000 -0.012197
v 0.014510 0.000000 -0.012795
v 0.013819 0.000000 -0.012795
v 0.016583 0.000000 -0.011599
v 0.016237 0.000000 -0.011000
v 0.016928 0.000000 -0.011000
v 0.019001 0.000000 -0.013394
v 0.018656 0.000000 -0.013992
v 0.018310 0.000000 -0.014590
v 0.019001 0.000000 -0.014590
v 0.019692 0.000000 -0.014590
v 0.019347 0.000000 -0.015189
v 0.018656 0.000000 -0.015189
v 0.017965 0.000000 -0.015189
v 0.019692 0.000000 -0.016984
v 0.017619 0.000000 -0.015787
v 0.018310 0.000000 -0.015787
v 0.017965 0.000000 -0.016386
v 0.018656 0.000000 -0.016386
v 0.017274 0.000000 -0.016386
v 0.018310 0.000000 -0.016984
v 0.019001 0.000000 -0.016984
v 0.016928 0.000000 -0.016984
v 0.017619 0.000000 -0.016984
v 0.019347 0.000000 -0.016386
v 0.019692 0.000000 -0.015787
v 0.019001 0.000000 -0.015787
v 0.013474 0.000000 -0.013394
v 0.014164 0.000000 -0.013394
v 0.013819 0.000000 -0.013992
v 0.014510 0.000000 -0.013992
v 0.013128 0.000000 -0.013992
v 0.014164 0.000000 -0.014590
v 0.014855 0.000000 -0.014590
v 0.014510 0.000000 -0.015189
v 0.015201 0.000000 -0.015189
v 0.013819 0.000000 -0.015189
v 0.012783 0.000000 -0.014590
v 0.013474 0.000000 -0.014590
v 0.013128 0.000000 -0.015189
v 0.012437 0.000000 -0.015189
v 0.014855 0.000000 -0.015787
v 0.015546 0.000000 -0.015787
v 0.015201 0.000000 -0.016386
v 0.015892 0.000000 -0.016386
v 0.014510 0.000000 -0.016386
v 0.015546 0.000000 -0.016984
v 0.016237 0.000000 -0.016984
v 0.014164 0.000000 -0.016984
v 0.014855 0.000000 -0.016984
v 0.012092 0.000000 -0.015787
v 0.012783 0.000000 -0.015787
v 0.012437 0.000000 -0.016386
v 0.013128 0.000000 -0.016386
v 0.011746 0.000000 -0.016386
v 0.012783 0.000000 -0.016984
v 0.013474 0.000000 -0.016984
v 0.011401 0.000000 -0.016984
v 0.012092 0.000000 -0.016984
v 0.013819 0.000000 -0.016386
v 0.013474 0.000000 -0.015787
v 0.014164 0.000000 -0.015787
v 0.016583 0.000000 -0.016386
v 0.016237 0.000000 -0.015787
v 0.015892 0.000000 -0.015189
v 0.016583 0.000000 -0.015189
v 0.016928 0.000000 -0.015787
v 0.017274 0.000000 -0.015189
v 0.015546 0.000000 -0.014590
v 0.015201 0.000000 -0.013992
v 0.015892 0.000000 -0.013992
v 0.014855 0.000000 -0.013394
v 0.016237 0.000000 -0.013394
v 0.015546 0.000000 -0.013394
v 0.017619 0.000000 -0.014590
v 0.017965 0.000000 -0.013992
v 0.017274 0.000000 -0.013992
v 0.017619 0.000000 -0.013394
v 0.016928 0.000000 -0.013394
v 0.018310 0.000000 -0.013394
v 0.016583 0.000000 -0.013992
v 0.016928 0.000000 -0.014590
v 0.016237 0.000000 -0.014590
v 0.005182 0.000000 -0.008607
v 0.005873 0.000000 -0.008607
v 0.005528 0.000000 -0.009205
v 0.006219 0.000000 -0.009205
v 0.004837 0.000000 -0.009205
v 0.005873 0.000000 -0.009803
v 0.006564 0.000000 -0.009803
v 0.006219 0.000000 -0.010402
v 0.006910 0.000000 -0.010402
v 0.005528 0.000000 -0.010402
v 0.004491 0.000000 -0.009803
v 0.005182 0.000000 -0.009803
v 0.004837 0.000000 -0.010402
v 0.004146 0.000000 -0.010402
v 0.006564 0.000000 -0.011000
v 0.007255 0.000000 -0.011000
v 0.006910 0.000000 -0.011599
v 0.007600 0.000000 -0.011599
v 0.006219 0.000000 -0.011599
v 0.007255 0.000000 -0.012197
v 0.007946 0.000000 -0.012197
v 0.007600 0.000000 -0.012795
v 0.008291 0.000000 -0.012795
v 0.006910 0.000000 -0.012795
v 0.005873 0.000000 -0.012197
v 0.006564 0.000000 -0.012197
v 0.006219 0.000000 -0.012795
v 0.005528 0.000000 -0.012795
v 0.003800 0.000000 -0.011000
v 0.004491 0.000000 -0.011000
v 0.004146 0.000000 -0.011599
v 0.004837 0.000000 -0.011599
v 0.003455 0.000000 -0.011599
v 0.004491 0.000000 -0.012197
v 0.005182 0.000000 -0.012197
v 0.004837 0.000000 -0.012795
v 0.004146 0.000000 -0.012795
v 0.003109 0.000000 -0.012197
v 0.003800 0.000000 -0.012197
v 0.003455 0.000000 -0.012795
v 0.002764 0.000000 -0.012795
v 0.005528 0.000000 -0.011599
v 0.005182 0.000000 -0.011000
v 0.005873 0.000000 -0.011000
v 0.007946 0.000000 -0.013394
v 0.008637 0.000000 -0.013394
v 0.008291 0.000000 -0.013992
v 0.008982 0.000000 -0.013992
v 0.007600 0.000000 -0.013992
v 0.008637 0.000000 -0.014590
v 0.009328 0.000000 -0.014590
v 0.008982 0.000000 -0.015189
v 0.009673 0.000000 -0.015189
v 0.008291 0.000000 -0.015189
v 0.007255 0.000000 -0.014590
v 0.007946 0.000000 -0.014590
v 0.007600 0.000000 -0.015189
v 0.006910 0.000000 -0.015189
v 0.009328 0.000000 -0.015787
v 0.010019 0.000000 -0.015787
v 0.009673 0.000000 -0.016386
v 0.010364 0.000000 -0.016386
v 0.008982 0.000000 -0.016386
v 0.010019 0.000000 -0.016984
v 0.010710 0.000000 -0.016984
v 0.008637 0.000000 -0.016984
v 0.009328 0.000000 -0.016984
v 0.006564 0.000000 -0.015787
v 0.007255 0.000000 -0.015787
v 0.006910 0.000000 -0.016386
v 0.007600 0.000000 -0.016386
v 0.006219 0.000000 -0.016386
v 0.007255 0.000000 -0.016984
v 0.007946 0.000000 -0.016984
v 0.005873 0.000000 -0.016984
v 0.006564 0.000000 -0.016984
v 0.008291 0.000000 -0.016386
v 0.007946 0.000000 -0.015787
v 0.008637 0.000000 -0.015787
v 0.002418 0.000000 -0.013394
v 0.003109 0.000000 -0.013394
v 0.002764 0.000000 -0.013992
v 0.003455 0.000000 -0.013992
v 0.002073 0.000000 -0.013992
v 0.003109 0.000000 -0.014590
v 0.003800 0.000000 -0.014590
v 0.003455 0.000000 -0.015189
v 0.004146 0.000000 -0.015189
v 0.002764 0.000000 -0.015189
v 0.001727 0.000000 -0.014590
v 0.002418 0.000000 -0.014590
v 0.002073 0.000000 -0.015189
v 0.001382 0.000000 -0.015189
v 0.003800 0.000000 -0.015787
v 0.004491 0.000000 -0.015787
v 0.004146 0.000000 -0.016386
v 0.004837 0.000000 -0.016386
v 0.003455 0.000000 -0.016386
v 0.004491 0.000000 -0.016984
v 0.005182 0.000000 -0.016984
v 0.003109 0.000000 -0.016984
v 0.003800 0.000000 -0.016984
v 0.001036 0.000000 -0.015787
v 0.001727 0.000000 -0.015787
v 0.001382 0.000000 -0.016386
v 0.002073 0.000000 -0.016386
v 0.000691 0.000000 -0.016386
v 0.001727 0.000000 -0.016984
v 0.002418 0.000000 -0.016984
v 0.000345 0.000000 -0.016984
v 0.001036 0.000000 -0.016984
v 0.002764 0.000000 -0.016386
v 0.002418 0.000000 -0.015787
v 0.003109 0.000000 -0.015787
v 0.005528 0.000000 -0.016386
v 0.005182 0.000000 -0.015787
v 0.004837 0.000000 -0.015189
v 0.005528 0.000000 -0.015189
v 0.005873 0.000000 -0.015787
v 0.006219 0.000000 -0.015189
v 0.004491 0.000000 -0.014590
v 0.004146 0.000000 -0.013992
v 0.004837 0.000000 -0.013992
v 0.003800 0.000000 -0.013394
v 0.005182 0.000000 -0.013394
v 0.004491 0.000000 -0.013394
v 0.006564 0.000000 -0.014590
v 0.006910 0.000000 -0.013992
v 0.006219 0.000000 -0.013992
v 0.006564 0.000000 -0.013394
v 0.005873 0.000000 -0.013394
v 0.007255 0.000000 -0.013394
v 0.005528 0.000000 -0.013992
v 0.005873 0.000000 -0.014590
v 0.005182 0.000000 -0.014590
v 0.011055 0.000000 -0.016386
v 0.010710 0.000000 -0.015787
v 0.010364 0.000000 -0.015189
v 0.011055 0.000000 -0.015189
v 0.011401 0.000000 -0.015787
v 0.011746 0.000000 -0.015189
v 0.010019 0.000000 -0.014590
v 0.009673 0.000000 -0.013992
v 0.010364 0.000000 -0.013992
v 0.009328 0.000000 -0.013394
v 0.008982 0.000000 -0.012795
v 0.009673 0.000000 -0.012795
v 0.010710 0.000000 -0.013394
v 0.010019 0.000000 -0.013394
v 0.010364 0.000000 -0.012795
v 0.011055 0.000000 -0.012795
v 0.012092 0.000000 -0.014590
v 0.012437 0.000000 -0.013992
v 0.011746 0.000000 -0.013992
v 0.012092 0.000000 -0.013394
v 0.011401 0.000000 -0.013394
v 0.011746 0.000000 -0.012795
v 0.012437 0.000000 -0.012795
v 0.012783 0.000000 -0.013394
v 0.013128 0.000000 -0.012795
v 0.011055 0.000000 -0.013992
v 0.011401 0.000000 -0.014590
v 0.010710 0.000000 -0.014590
v 0.008637 0.000000 -0.012197
v 0.008291 0.000000 -0.011599
v 0.008982 0.000000 -0.011599
v 0.007946 0.000000 -0.011000
v 0.007600 0.000000 -0.010402
v 0.008291 0.000000 -0.010402
v 0.009328 0.000000 -0.011000
v 0.008637 0.000000 -0.011000
v 0.008982 0.000000 -0.010402
v 0.009673 0.000000 -0.010402
v 0.007255 0.000000 -0.009803
v 0.006910 0.000000 -0.009205
v 0.007600 0.000000 -0.009205
v 0.006564 0.000000 -0.008607
v 0.007946 0.000000 -0.008607
v 0.007255 0.000000 -0.008607
v 0.010019 0.000000 -0.009803
v 0.009328 0.000000 -0.009803
v 0.009673 0.000000 -0.009205
v 0.008982 0.000000 -0.009205
v 0.010364 0.000000 -0.009205
v 0.009328 0.000000 -0.008607
v 0.008637 0.000000 -0.008607
v 0.010710 0.000000 -0.008607
v 0.010019 0.000000 -0.008607
v 0.008291 0.000000 -0.009205
v 0.008637 0.000000 -0.009803
v 0.007946 0.000000 -0.009803
v 0.013474 0.000000 -0.012197
v 0.013819 0.000000 -0.011599
v 0.013128 0.000000 -0.011599
v 0.013474 0.000000 -0.011000
v 0.012783 0.000000 -0.011000
v 0.013128 0.000000 -0.010402
v 0.012437 0.000000 -0.010402
v 0.013819 0.000000 -0.010402
v 0.014164 0.000000 -0.011000
v 0.014510 0.000000 -0.010402
v 0.012783 0.000000 -0.009803
v 0.012092 0.000000 -0.009803
v 0.012437 0.000000 -0.009205
v 0.011746 0.000000 -0.009205
v 0.013128 0.000000 -0.009205
v 0.012092 0.000000 -0.008607
v 0.011401 0.000000 -0.008607
v 0.013474 0.000000 -0.008607
v 0.012783 0.000000 -0.008607
v 0.014855 0.000000 -0.009803
v 0.015201 0.000000 -0.009205
v 0.014510 0.000000 -0.009205
v 0.014855 0.000000 -0.008607
v 0.014164 0.000000 -0.008607
v 0.015546 0.000000 -0.008607
v 0.013819 0.000000 -0.009205
v 0.014164 0.000000 -0.009803
v 0.013474 0.000000 -0.009803
v 0.011055 0.000000 -0.009205
v 0.011401 0.000000 -0.009803
v 0.011746 0.000000 -0.010402
v 0.011055 0.000000 -0.010402
v 0.010710 0.000000 -0.009803
v 0.010364 0.000000 -0.010402
v 0.012092 0.000000 -0.011000
v 0.012437 0.000000 -0.011599
v 0.011746 0.000000 -0.011599
v 0.012783 0.000000 -0.012197
v 0.011401 0.000000 -0.012197
v 0.012092 0.000000 -0.012197
v 0.010019 0.000000 -0.011000
v 0.009673 0.000000 -0.011599
v 0.010364 0.000000 -0.011599
v 0.010019 0.000000 -0.012197
v 0.010710 0.000000 -0.012197
v 0.009328 0.000000 -0.012197
v 0.011055 0.000000 -0.011599
v 0.010710 0.000000 -0.011000
v 0.011401 0.000000 -0.011000
v -0.010710 0.000000 0.000967
v -0.011055 0.000000 0.000369
v -0.010364 0.000000 0.000369
v -0.010710 0.000000 -0.000229
v -0.010019 0.000000 -0.000229
v -0.010364 0.000000 -0.000828
v -0.009673 0.000000 -0.000828
v -0.011055 0.000000 -0.000828
v -0.011401 0.000000 -0.000229
v -0.011746 0.000000 -0.000828
v -0.010019 0.000000 -0.001426
v -0.009328 0.000000 -0.001426
v -0.009673 0.000000 -0.002025
v -0.008982 0.000000 -0.002025
v -0.010364 0.000000 -0.002025
v -0.009328 0.000000 -0.002623
v -0.008637 0.000000 -0.002623
v -0.008982 0.000000 -0.003221
v -0.008291 0.000000 -0.003221
v -0.009673 0.000000 -0.003221
v -0.010710 0.000000 -0.002623
v -0.010019 0.000000 -0.002623
v -0.010364 0.000000 -0.003221
v -0.011055 0.000000 -0.003221
v -0.012092 0.000000 -0.001426
v -0.012437 0.000000 -0.002025
v -0.011746 0.000000 -0.002025
v -0.012092 0.000000 -0.002623
v -0.011401 0.000000 -0.002623
v -0.011746 0.000000 -0.003221
v -0.012437 0.000000 -0.003221
v -0.012783 0.000000 -0.002623
v -0.013128 0.000000 -0.003221
v -0.011055 0.000000 -0.002025
v -0.011401 0.000000 -0.001426
v -0.010710 0.000000 -0.001426
v -0.008637 0.000000 -0.003820
v -0.007946 0.000000 -0.003820
v -0.008291 0.000000 -0.004418
v -0.007600 0.000000 -0.004418
v -0.008982 0.000000 -0.004418
v -0.007946 0.000000 -0.005016
v -0.007255 0.000000 -0.005016
v -0.007600 0.000000 -0.005615
v -0.006910 0.000000 -0.005615
v -0.008291 0.000000 -0.005615
v -0.009328 0.000000 -0.005016
v -0.008637 0.000000 -0.005016
v -0.008982 0.000000 -0.005615
v -0.009673 0.000000 -0.005615
v -0.007255 0.000000 -0.006213
v -0.006564 0.000000 -0.006213
v -0.006910 0.000000 -0.006812
v -0.006219 0.000000 -0.006812
v -0.007600 0.000000 -0.006812
v -0.006564 0.000000 -0.007410
v -0.005873 0.000000 -0.007410
v -0.006219 0.000000 -0.008008
v -0.005528 0.000000 -0.008008
v -0.006910 0.000000 -0.008008
v -0.007946 0.000000 -0.007410
v -0.007255 0.000000 -0.007410
v -0.007600 0.000000 -0.008008
v -0.008291 0.000000 -0.008008
v -0.010019 0.000000 -0.006213
v -0.009328 0.000000 -0.006213
v -0.009673 0.000000 -0.006812
v -0.008982 0.000000 -0.006812
v -0.010364 0.000000 -0.006812
v -0.009328 0.000000 -0.007410
v -0.008637 0.000000 -0.007410
v -0.008982 0.000000 -0.008008
v -0.009673 0.000000 -0.008008
v -0.010710 0.000000 -0.007410
v -0.010019 0.000000 -0.007410
v -0.010364 0.000000 -0.008008
v -0.011055 0.000000 -0.008008
v -0.008291 0.000000 -0.006812
v -0.008637 0.000000 -0.006213
v -0.007946 0.000000 -0.006213
v -0.013474 0.000000 -0.003820
v -0.013819 0.000000 -0.004418
v -0.013128 0.000000 -0.004418
v -0.013474 0.000000 -0.005016
v -0.012783 0.000000 -0.005016
v -0.013128 0.000000 -0.005615
v -0.012437 0.000000 -0.005615
v -0.013819 0.000000 -0.005615
v -0.014164 0.000000 -0.005016
v -0.014510 0.000000 -0.005615
v -0.012783 0.000000 -0.006213
v -0.012092 0.000000 -0.006213
v -0.012437 0.000000 -0.006812
v -0.011746 0.000000 -0.006812
v -0.013128 0.000000 -0.006812
v -0.012092 0.000000 -0.007410
v -0.011401 0.000000 -0.007410
v -0.011746 0.000000 -0.008008
v -0.012437 0.000000 -0.008008
v -0.013474 0.000000 -0.007410
v -0.012783 0.000000 -0.007410
v -0.013128 0.000000 -0.008008
v -0.013819 0.000000 -0.008008
v -0.014855 0.000000 -0.006213
v -0.015201 0.000000 -0.006812
v -0.014510 0.000000 -0.006812
v -0.014855 0.000000 -0.007410
v -0.014164 0.000000 -0.007410
v -0.014510 0.000000 -0.008008
v -0.015201 0.000000 -0.008008
v -0.015546 0.000000 -0.007410
v -0.015892 0.000000 -0.008008
v -0.013819 0.000000 -0.006812
v -0.014164 0.000000 -0.006213
v -0.013474 0.000000 -0.006213
v -0.011055 0.000000 -0.006812
v -0.011401 0.000000 -0.006213
v -0.011746 0.000000 -0.005615
v -0.011055 0.000000 -0.005615
v -0.010710 0.000000 -0.006213
v -0.010364 0.000000 -0.005615
v -0.012092 0.000000 -0.005016
v -0.012437 0.000000 -0.004418
v -0.011746 0.000000 -0.004418
v -0.012783 0.000000 -0.003820
v -0.011401 0.000000 -0.003820
v -0.012092 0.000000 -0.003820
v -0.010019 0.000000 -0.005016
v -0.009673 0.000000 -0.004418
v -0.010364 0.000000 -0.004418
v -0.010019 0.000000 -0.003820
v -0.010710 0.000000 -0.003820
v -0.009328 0.000000 -0.003820
v -0.011055 0.000000 -0.004418
v -0.010710 0.000000 -0.005016
v -0.011401 0.000000 -0.005016
v -0.005873 0.000000 -0.008607
v -0.005182 0.000000 -0.008607
v -0.005528 0.000000 -0.009205
v -0.004837 0.000000 -0.009205
v -0.006219 0.000000 -0.009205
v -0.005182 0.000000 -0.009803
v -0.004491 0.000000 -0.009803
v -0.004837 0.000000 -0.010402
v -0.004146 0.000000 -0.010402
v -0.005528 0.000000 -0.010402
v -0.006564 0.000000 -0.009803
v -0.005873 0.000000 -0.009803
v -0.006219 0.000000 -0.010402
v -0.006910 0.000000 -0.010402
v -0.004491 0.000000 -0.011000
v -0.003800 0.000000 -0.011000
v -0.004146 0.000000 -0.011599
v -0.003455 0.000000 -0.011599
v -0.004837 0.000000 -0.011599
v -0.003800 0.000000 -0.012197
v -0.003109 0.000000 -0.012197
v -0.003455 0.000000 -0.012795
v -0.002764 0.000000 -0.012795
v -0.004146 0.000000 -0.012795
v -0.005182 0.000000 -0.012197
v -0.004491 0.000000 -0.012197
v -0.004837 0.000000 -0.012795
v -0.005528 0.000000 -0.012795
v -0.007255 0.000000 -0.011000
v -0.006564 0.000000 -0.011000
v -0.006910 0.000000 -0.011599
v -0.006219 0.000000 -0.011599
v -0.007600 0.000000 -0.011599
v -0.006564 0.000000 -0.012197
v -0.005873 0.000000 -0.012197
v -0.006219 0.000000 -0.012795
v -0.006910 0.000000 -0.012795
v -0.007946 0.000000 -0.012197
v -0.007255 0.000000 -0.012197
v -0.007600 0.000000 -0.012795
v -0.008291 0.000000 -0.012795
v -0.005528 0.000000 -0.011599
v -0.005873 0.000000 -0.011000
v -0.005182 0.000000 -0.011000
v -0.003109 0.000000 -0.013394
v -0.002418 0.000000 -0.013394
v -0.002764 0.000000 -0.013992
v -0.002073 0.000000 -0.013992
v -0.003455 0.000000 -0.013992
v -0.002418 0.000000 -0.014590
v -0.001727 0.000000 -0.014590
v -0.002073 0.000000 -0.015189
v -0.001382 0.000000 -0.015189
v -0.002764 0.000000 -0.015189
v -0.003800 0.000000 -0.014590
v -0.003109 0.000000 -0.014590
v -0.003455 0.000000 -0.015189
v -0.004146 0.000000 -0.015189
v -0.001727 0.000000 -0.015787
v -0.001036 0.000000 -0.015787
v -0.001382 0.000000 -0.016386
v -0.000691 0.000000 -0.016386
v -0.002073 0.000000 -0.016386
v -0.001036 0.000000 -0.016984
v -0.000345 0.000000 -0.016984
v -0.002418 0.000000 -0.016984
v -0.001727 0.000000 -0.016984
v -0.004491 0.000000 -0.015787
v -0.003800 0.000000 -0.015787
v -0.004146 0.000000 -0.016386
v -0.003455 0.000000 -0.016386
v -0.004837 0.000000 -0.016386
v -0.003800 0.000000 -0.016984
v -0.003109 0.000000 -0.016984
v -0.005182 0.000000 -0.016984
v -0.004491 0.000000 -0.016984
v -0.002764 0.000000 -0.016386
v -0.003109 0.000000 -0.015787
v -0.002418 0.000000 -0.015787
v -0.008637 0.000000 -0.013394
v -0.007946 0.000000 -0.013394
v -0.008291 0.000000 -0.013992
v -0.007600 0.000000 -0.013992
v -0.008982 0.000000 -0.013992
v -0.007946 0.000000 -0.014590
v -0.007255 0.000000 -0.014590
v -0.007600 0.000000 -0.015189
v -0.006910 0.000000 -0.015189
v -0.008291 0.000000 -0.015189
v -0.009328 0.000000 -0.014590
v -0.008637 0.000000 -0.014590
v -0.008982 0.000000 -0.015189
v -0.009673 0.000000 -0.015189
v -0.007255 0.000000 -0.015787
v -0.006564 0.000000 -0.015787
v -0.006910 0.000000 -0.016386
v -0.006219 0.000000 -0.016386
v -0.007600 0.000000 -0.016386
v -0.006564 0.000000 -0.016984
v -0.005873 0.000000 -0.016984
v -0.007946 0.000000 -0.016984
v -0.007255 0.000000 -0.016984
v -0.010019 0.000000 -0.015787
v -0.009328 0.000000 -0.015787
v -0.009673 0.000000 -0.016386
v -0.008982 0.000000 -0.016386
v -0.010364 0.000000 -0.016386
v -0.009328 0.000000 -0.016984
v -0.008637 0.000000 -0.016984
v -0.010710 0.000000 -0.016984
v -0.010019 0.000000 -0.016984
v -0.008291 0.000000 -0.016386
v -0.008637 0.000000 -0.015787
v -0.007946 0.000000 -0.015787
v -0.005528 0.000000 -0.016386
v -0.005873 0.000000 -0.015787
v -0.006219 0.000000 -0.015189
v -0.005528 0.000000 -0.015189
v -0.005182 0.000000 -0.015787
v -0.004837 0.000000 -0.015189
v -0.006564 0.000000 -0.014590
v -0.006910 0.000000 -0.013992
v -0.006219 0.000000 -0.013992
v -0.007255 0.000000 -0.013394
v -0.005873 0.000000 -0.013394
v -0.006564 0.000000 -0.013394
v -0.004491 0.000000 -0.014590
v -0.004146 0.000000 -0.013992
v -0.004837 0.000000 -0.013992
v -0.004491 0.000000 -0.013394
v -0.005182 0.000000 -0.013394
v -0.003800 0.000000 -0.013394
v -0.005528 0.000000 -0.013992
v -0.005182 0.000000 -0.014590
v -0.005873 0.000000 -0.014590
v -0.016237 0.000000 -0.008607
v -0.016583 0.000000 -0.009205
v -0.015892 0.000000 -0.009205
v -0.016237 0.000000 -0.009803
v -0.015546 0.000000 -0.009803
v -0.015892 0.000000 -0.010402
v -0.015201 0.000000 -0.010402
v -0.016583 0.000000 -0.010402
v -0.016928 0.000000 -0.009803
v -0.017274 0.000000 -0.010402
v -0.015546 0.000000 -0.011000
v -0.014855 0.000000 -0.011000
v -0.015201 0.000000 -0.011599
v -0.014510 0.000000 -0.011599
v -0.015892 0.000000 -0.011599
v -0.014855 0.000000 -0.012197
v -0.014164 0.000000 -0.012197
v -0.014510 0.000000 -0.012795
v -0.013819 0.000000 -0.012795
v -0.015201 0.000000 -0.012795
v -0.016237 0.000000 -0.012197
v -0.015546 0.000000 -0.012197
v -0.015892 0.000000 -0.012795
v -0.016583 0.000000 -0.012795
v -0.017619 0.000000 -0.011000
v -0.017965 0.000000 -0.011599
v -0.017274 0.000000 -0.011599
v -0.017619 0.000000 -0.012197
v -0.016928 0.000000 -0.012197
v -0.017274 0.000000 -0.012795
v -0.017965 0.000000 -0.012795
v -0.018310 0.000000 -0.012197
v -0.018656 0.000000 -0.012795
v -0.016583 0.000000 -0.011599
v -0.016928 0.000000 -0.011000
v -0.016237 0.000000 -0.011000
v -0.014164 0.000000 -0.013394
v -0.013474 0.000000 -0.013394
v -0.013819 0.000000 -0.013992
v -0.013128 0.000000 -0.013992
v -0.014510 0.000000 -0.013992
v -0.013474 0.000000 -0.014590
v -0.012783 0.000000 -0.014590
v -0.013128 0.000000 -0.015189
v -0.012437 0.000000 -0.015189
v -0.013819 0.000000 -0.015189
v -0.014855 0.000000 -0.014590
v -0.014164 0.000000 -0.014590
v -0.014510 0.000000 -0.015189
v -0.015201 0.000000 -0.015189
v -0.012783 0.000000 -0.015787
v -0.012092 0.000000 -0.015787
v -0.012437 0.000000 -0.016386
v -0.011746 0.000000 -0.016386
v -0.013128 0.000000 -0.016386
v -0.012092 0.000000 -0.016984
v -0.011401 0.000000 -0.016984
v -0.013474 0.000000 -0.016984
v -0.012783 0.000000 -0.016984
v -0.015546 0.000000 -0.015787
v -0.014855 0.000000 -0.015787
v -0.015201 0.000000 -0.016386
v -0.014510 0.000000 -0.016386
v -0.015892 0.000000 -0.016386
v -0.014855 0.000000 -0.016984
v -0.014164 0.000000 -0.016984
v -0.016237 0.000000 -0.016984
v -0.015546 0.000000 -0.016984
v -0.013819 0.000000 -0.016386
v -0.014164 0.000000 -0.015787
v -0.013474 0.000000 -0.015787
v -0.019001 0.000000 -0.013394
v -0.018656 0.000000 -0.013992
v -0.019001 0.000000 -0.014590
v -0.018310 0.000000 -0.014590
v -0.018656 0.000000 -0.015189
v -0.017965 0.000000 -0.015189
v -0.019347 0.000000 -0.015189
v -0.019692 0.000000 -0.014590
v -0.019692 0.000000 -0.015787
v -0.018310 0.000000 -0.015787
v -0.017619 0.000000 -0.015787
v -0.017965 0.000000 -0.016386
v -0.017274 0.000000 -0.016386
v -0.018656 0.000000 -0.016386
v -0.017619 0.000000 -0.016984
v -0.016928 0.000000 -0.016984
v -0.019001 0.000000 -0.016984
v -0.018310 0.000000 -0.016984
v -0.019692 0.000000 -0.016984
v -0.019347 0.000000 -0.016386
v -0.019001 0.000000 -0.015787
v -0.016583 0.000000 -0.016386
v -0.016928 0.000000 -0.015787
v -0.017274 0.000000 -0.015189
v -0.016583 0.000000 -0.015189
v -0.016237 0.000000 -0.015787
v -0.015892 0.000000 -0.015189
v -0.017619 0.000000 -0.014590
v -0.017965 0.000000 -0.013992
v -0.017274 0.000000 -0.013992
v -0.018310 0.000000 -0.013394
v -0.016928 0.000000 -0.013394
v -0.017619 0.000000 -0.013394
v -0.015546 0.000000 -0.014590
v -0.015201 0.000000 -0.013992
v -0.015892 0.000000 -0.013992
v -0.015546 0.000000 -0.013394
v -0.016237 0.000000 -0.013394
v -0.014855 0.000000 -0.013394
v -0.016583 0.000000 -0.013992
v -0.016237 0.000000 -0.014590
v -0.016928 0.000000 -0.014590
v -0.011055 0.000000 -0.016386
v -0.011401 0.000000 -0.015787
v -0.011746 0.000000 -0.015189
v -0.011055 0.000000 -0.015189
v -0.010710 0.000000 -0.015787
v -0.010364 0.000000 -0.015189
v -0.012092 0.000000 -0.014590
v -0.012437 0.000000 -0.013992
v -0.011746 0.000000 -0.013992
v -0.012783 0.000000 -0.013394
v -0.013128 0.000000 -0.012795
v -0.012437 0.000000 -0.012795
v -0.011401 0.000000 -0.013394
v -0.012092 0.000000 -0.013394
v -0.011746 0.000000 -0.012795
v -0.011055 0.000000 -0.012795
v -0.010019 0.000000 -0.014590
v -0.009673 0.000000 -0.013992
v -0.010364 0.000000 -0.013992
v -0.010019 0.000000 -0.013394
v -0.010710 0.000000 -0.013394
v -0.010364 0.000000 -0.012795
v -0.009673 0.000000 -0.012795
v -0.009328 0.000000 -0.013394
v -0.008982 0.000000 -0.012795
v -0.011055 0.000000 -0.013992
v -0.010710 0.000000 -0.014590
v -0.011401 0.000000 -0.014590
v -0.013474 0.000000 -0.012197
v -0.013819 0.000000 -0.011599
v -0.013128 0.000000 -0.011599
v -0.014164 0.000000 -0.011000
v -0.014510 0.000000 -0.010402
v -0.013819 0.000000 -0.010402
v -0.012783 0.000000 -0.011000
v -0.013474 0.000000 -0.011000
v -0.013128 0.000000 -0.010402
v -0.012437 0.000000 -0.010402
v -0.014855 0.000000 -0.009803
v -0.015201 0.000000 -0.009205
v -0.014510 0.000000 -0.009205
v -0.015546 0.000000 -0.008607
v -0.014164 0.000000 -0.008607
v -0.014855 0.000000 -0.008607
v -0.012092 0.000000 -0.009803
v -0.012783 0.000000 -0.009803
v -0.012437 0.000000 -0.009205
v -0.013128 0.000000 -0.009205
v -0.011746 0.000000 -0.009205
v -0.012783 0.000000 -0.008607
v -0.013474 0.000000 -0.008607
v -0.011401 0.000000 -0.008607
v -0.012092 0.000000 -0.008607
v -0.013819 0.000000 -0.009205
v -0.013474 0.000000 -0.009803
v -0.014164 0.000000 -0.009803
v -0.008637 0.000000 -0.012197
v -0.008291 0.000000 -0.011599
v -0.008982 0.000000 -0.011599
v -0.008637 0.000000 -0.011000
v -0.009328 0.000000 -0.011000
v -0.008982 0.000000 -0.010402
v -0.009673 0.000000 -0.010402
v -0.008291 0.000000 -0.010402
v -0.007946 0.000000 -0.011000
v -0.007600 0.000000 -0.010402
v -0.009328 0.000000 -0.009803
v -0.010019 0.000000 -0.009803
v -0.009673 0.000000 -0.009205
v -0.010364 0.000000 -0.009205
v -0.008982 0.000000 -0.009205
v -0.010019 0.000000 -0.008607
v -0.010710 0.000000 -0.008607
v -0.008637 0.000000 -0.008607
v -0.009328 0.000000 -0.008607
v -0.007255 0.000000 -0.009803
v -0.006910 0.000000 -0.009205
v -0.007600 0.000000 -0.009205
v -0.007255 0.000000 -0.008607
v -0.007946 0.000000 -0.008607
v -0.006564 0.000000 -0.008607
v -0.008291 0.000000 -0.009205
v -0.007946 0.000000 -0.009803
v -0.008637 0.000000 -0.009803
v -0.011055 0.000000 -0.009205
v -0.010710 0.000000 -0.009803
v -0.010364 0.000000 -0.010402
v -0.011055 0.000000 -0.010402
v -0.011401 0.000000 -0.009803
v -0.011746 0.000000 -0.010402
v -0.010019 0.000000 -0.011000
v -0.009673 0.000000 -0.011599
v -0.010364 0.000000 -0.011599
v -0.009328 0.000000 -0.012197
v -0.010710 0.000000 -0.012197
v -0.010019 0.000000 -0.012197
v -0.012092 0.000000 -0.011000
v -0.012437 0.000000 -0.011599
v -0.011746 0.000000 -0.011599
v -0.012092 0.000000 -0.012197
v -0.011401 0.000000 -0.012197
v -0.012783 0.000000 -0.012197
v -0.011055 0.000000 -0.011599
v -0.011401 0.000000 -0.011000
v -0.010710 0.000000 -0.011000
v 0.000000 0.000000 -0.016386
v -0.000345 0.000000 -0.015787
v -0.000691 0.000000 -0.015189
v 0.000000 0.000000 -0.015189
v 0.000345 0.000000 -0.015787
v 0.000691 0.000000 -0.015189
v -0.001036 0.000000 -0.014590
v -0.001382 0.000000 -0.013992
v -0.000691 0.000000 -0.013992
v -0.001727 0.000000 -0.013394
v -0.002073 0.000000 -0.012795
v -0.001382 0.000000 -0.012795
v -0.000345 0.000000 -0.013394
v -0.001036 0.000000 -0.013394
v -0.000691 0.000000 -0.012795
v 0.000000 0.000000 -0.012795
v 0.001036 0.000000 -0.014590
v 0.001382 0.000000 -0.013992
v 0.000691 0.000000 -0.013992
v 0.001036 0.000000 -0.013394
v 0.000345 0.000000 -0.013394
v 0.000691 0.000000 -0.012795
v 0.001382 0.000000 -0.012795
v 0.001727 0.000000 -0.013394
v 0.002073 0.000000 -0.012795
v 0.000000 0.000000 -0.013992
v 0.000345 0.000000 -0.014590
v -0.000345 0.000000 -0.014590
v -0.002418 0.000000 -0.012197
v -0.002764 0.000000 -0.011599
v -0.002073 0.000000 -0.011599
v -0.003109 0.000000 -0.011000
v -0.003455 0.000000 -0.010402
v -0.002764 0.000000 -0.010402
v -0.001727 0.000000 -0.011000
v -0.002418 0.000000 -0.011000
v -0.002073 0.000000 -0.010402
v -0.001382 0.000000 -0.010402
v -0.003800 0.000000 -0.009803
v -0.004146 0.000000 -0.009205
v -0.003455 0.000000 -0.009205
v -0.004491 0.000000 -0.008607
v -0.004837 0.000000 -0.008008
v -0.004146 0.000000 -0.008008
v -0.003109 0.000000 -0.008607
v -0.003800 0.000000 -0.008607
v -0.003455 0.000000 -0.008008
v -0.002764 0.000000 -0.008008
v -0.001036 0.000000 -0.009803
v -0.001727 0.000000 -0.009803
v -0.001382 0.000000 -0.009205
v -0.002073 0.000000 -0.009205
v -0.000691 0.000000 -0.009205
v -0.001727 0.000000 -0.008607
v -0.002418 0.000000 -0.008607
v -0.002073 0.000000 -0.008008
v -0.001382 0.000000 -0.008008
v -0.000345 0.000000 -0.008607
v -0.001036 0.000000 -0.008607
v -0.000691 0.000000 -0.008008
v 0.000000 0.000000 -0.008008
v -0.002764 0.000000 -0.009205
v -0.002418 0.000000 -0.009803
v -0.003109 0.000000 -0.009803
v 0.002418 0.000000 -0.012197
v 0.002764 0.000000 -0.011599
v 0.002073 0.000000 -0.011599
v 0.002418 0.000000 -0.011000
v 0.001727 0.000000 -0.011000
v 0.002073 0.000000 -0.010402
v 0.001382 0.000000 -0.010402
v 0.002764 0.000000 -0.010402
v 0.003109 0.000000 -0.011000
v 0.003455 0.000000 -0.010402
v 0.001727 0.000000 -0.009803
v 0.001036 0.000000 -0.009803
v 0.001382 0.000000 -0.009205
v 0.000691 0.000000 -0.009205
v 0.002073 0.000000 -0.009205
v 0.001036 0.000000 -0.008607
v 0.000345 0.000000 -0.008607
v 0.000691 0.000000 -0.008008
v 0.001382 0.000000 -0.008008
v 0.002418 0.000000 -0.008607
v 0.001727 0.000000 -0.008607
v 0.002073 0.000000 -0.008008
v 0.002764 0.000000 -0.008008
v 0.003800 0.000000 -0.009803
v 0.004146 0.000000 -0.009205
v 0.003455 0.000000 -0.009205
v 0.003800 0.000000 -0.008607
v 0.003109 0.000000 -0.008607
v 0.003455 0.000000 -0.008008
v 0.004146 0.000000 -0.008008
v 0.004491 0.000000 -0.008607
v 0.004837 0.000000 -0.008008
v 0.002764 0.000000 -0.009205
v 0.003109 0.000000 -0.009803
v 0.002418 0.000000 -0.009803
v 0.000000 0.000000 -0.009205
v 0.000345 0.000000 -0.009803
v 0.000691 0.000000 -0.010402
v 0.000000 0.000000 -0.010402
v -0.000345 0.000000 -0.009803
v -0.000691 0.000000 -0.010402
v 0.001036 0.000000 -0.011000
v 0.001382 0.000000 -0.011599
v 0.000691 0.000000 -0.011599
v 0.001727 0.000000 -0.012197
v 0.000345 0.000000 -0.012197
v 0.001036 0.000000 -0.012197
v -0.001036 0.000000 -0.011000
v -0.001382 0.000000 -0.011599
v -0.000691 0.000000 -0.011599
v -0.001036 0.000000 -0.012197
v -0.000345 0.000000 -0.012197
v -0.001727 0.000000 -0.012197
v 0.000000 0.000000 -0.011599
v -0.000345 0.000000 -0.011000
v 0.000345 0.000000 -0.011000
v -0.005182 0.000000 -0.007410
v -0.005528 0.000000 -0.006812
v -0.004837 0.000000 -0.006812
v -0.005873 0.000000 -0.006213
v -0.006219 0.000000 -0.005615
v -0.005528 0.000000 -0.005615
v -0.004491 0.000000 -0.006213
v -0.005182 0.000000 -0.006213
v -0.004837 0.000000 -0.005615
v -0.004146 0.000000 -0.005615
v -0.006564 0.000000 -0.005016
v -0.006910 0.000000 -0.004418
v -0.006219 0.000000 -0.004418
v -0.007255 0.000000 -0.003820
v -0.007600 0.000000 -0.003221
v -0.006910 0.000000 -0.003221
v -0.005873 0.000000 -0.003820
v -0.006564 0.000000 -0.003820
v -0.006219 0.000000 -0.003221
v -0.005528 0.000000 -0.003221
v -0.003800 0.000000 -0.005016
v -0.004491 0.000000 -0.005016
v -0.004146 0.000000 -0.004418
v -0.004837 0.000000 -0.004418
v -0.003455 0.000000 -0.004418
v -0.004491 0.000000 -0.003820
v -0.005182 0.000000 -0.003820
v -0.004837 0.000000 -0.003221
v -0.004146 0.000000 -0.003221
v -0.003109 0.000000 -0.003820
v -0.003800 0.000000 -0.003820
v -0.003455 0.000000 -0.003221
v -0.002764 0.000000 -0.003221
v -0.005528 0.000000 -0.004418
v -0.005182 0.000000 -0.005016
v -0.005873 0.000000 -0.005016
v -0.007946 0.000000 -0.002623
v -0.008291 0.000000 -0.002025
v -0.007600 0.000000 -0.002025
v -0.008637 0.000000 -0.001426
v -0.008982 0.000000 -0.000828
v -0.008291 0.000000 -0.000828
v -0.007255 0.000000 -0.001426
v -0.007946 0.000000 -0.001426
v -0.007600 0.000000 -0.000828
v -0.006910 0.000000 -0.000828
v -0.009328 0.000000 -0.000229
v -0.009673 0.000000 0.000369
v -0.008982 0.000000 0.000369
v -0.010019 0.000000 0.000967
v -0.008637 0.000000 0.000967
v -0.009328 0.000000 0.000967
v -0.006564 0.000000 -0.000229
v -0.007255 0.000000 -0.000229
v -0.006910 0.000000 0.000369
v -0.007600 0.000000 0.000369
v -0.006219 0.000000 0.000369
v -0.007255 0.000000 0.000967
v -0.007946 0.000000 0.000967
v -0.005873 0.000000 0.000967
v -0.006564 0.000000 0.000967
v -0.008291 0.000000 0.000369
v -0.007946 0.000000 -0.000229
v -0.008637 0.000000 -0.000229
v -0.002418 0.000000 -0.002623
v -0.003109 0.000000 -0.002623
v -0.002764 0.000000 -0.002025
v -0.003455 0.000000 -0.002025
v -0.002073 0.000000 -0.002025
v -0.003109 0.000000 -0.001426
v -0.003800 0.000000 -0.001426
v -0.003455 0.000000 -0.000828
v -0.004146 0.000000 -0.000828
v -0.002764 0.000000 -0.000828
v -0.001727 0.000000 -0.001426
v -0.002418 0.000000 -0.001426
v -0.002073 0.000000 -0.000828
v -0.001382 0.000000 -0.000828
v -0.003800 0.000000 -0.000229
v -0.004491 0.000000 -0.000229
v -0.004146 0.000000 0.000369
v -0.004837 0.000000 0.000369
v -0.003455 0.000000 0.000369
v -0.004491 0.000000 0.000967
v -0.005182 0.000000 0.000967
v -0.003109 0.000000 0.000967
v -0.003800 0.000000 0.000967
v -0.001036 0.000000 -0.000229
v -0.001727 0.000000 -0.000229
v -0.001382 0.000000 0.000369
v -0.002073 0.000000 0.000369
v -0.000691 0.000000 0.000369
v -0.001727 0.000000 0.000967
v -0.002418 0.000000 0.000967
v -0.000345 0.000000 0.000967
v -0.001036 0.000000 0.000967
v -0.002764 0.000000 0.000369
v -0.002418 0.000000 -0.000229
v -0.003109 0.000000 -0.000229
v -0.005528 0.000000 0.000369
v -0.005182 0.000000 -0.000229
v -0.004837 0.000000 -0.000828
v -0.005528 0.000000 -0.000828
v -0.005873 0.000000 -0.000229
v -0.006219 0.000000 -0.000828
v -0.004491 0.000000 -0.001426
v -0.004146 0.000000 -0.002025
v -0.004837 0.000000 -0.002025
v -0.003800 0.000000 -0.002623
v -0.005182 0.000000 -0.002623
v -0.004491 0.000000 -0.002623
v -0.006564 0.000000 -0.001426
v -0.006910 0.000000 -0.002025
v -0.006219 0.000000 -0.002025
v -0.006564 0.000000 -0.002623
v -0.005873 0.000000 -0.002623
v -0.007255 0.000000 -0.002623
v -0.005528 0.000000 -0.002025
v -0.005873 0.000000 -0.001426
v -0.005182 0.000000 -0.001426
v 0.005182 0.000000 -0.007410
v 0.005528 0.000000 -0.006812
v 0.004837 0.000000 -0.006812
v 0.005182 0.000000 -0.006213
v 0.004491 0.000000 -0.006213
v 0.004837 0.000000 -0.005615
v 0.004146 0.000000 -0.005615
v 0.005528 0.000000 -0.005615
v 0.005873 0.000000 -0.006213
v 0.006219 0.000000 -0.005615
v 0.004491 0.000000 -0.005016
v 0.003800 0.000000 -0.005016
v 0.004146 0.000000 -0.004418
v 0.003455 0.000000 -0.004418
v 0.004837 0.000000 -0.004418
v 0.003800 0.000000 -0.003820
v 0.003109 0.000000 -0.003820
v 0.003455 0.000000 -0.003221
v 0.002764 0.000000 -0.003221
v 0.004146 0.000000 -0.003221
v 0.005182 0.000000 -0.003820
v 0.004491 0.000000 -0.003820
v 0.004837 0.000000 -0.003221
v 0.005528 0.000000 -0.003221
v 0.006564 0.000000 -0.005016
v 0.006910 0.000000 -0.004418
v 0.006219 0.000000 -0.004418
v 0.006564 0.000000 -0.003820
v 0.005873 0.000000 -0.003820
v 0.006219 0.000000 -0.003221
v 0.006910 0.000000 -0.003221
v 0.007255 0.000000 -0.003820
v 0.007600 0.000000 -0.003221
v 0.005528 0.000000 -0.004418
v 0.005873 0.000000 -0.005016
v 0.005182 0.000000 -0.005016
v 0.003109 0.000000 -0.002623
v 0.002418 0.000000 -0.002623
v 0.002764 0.000000 -0.002025
v 0.002073 0.000000 -0.002025
v 0.003455 0.000000 -0.002025
v 0.002418 0.000000 -0.001426
v 0.001727 0.000000 -0.001426
v 0.002073 0.000000 -0.000828
v 0.001382 0.000000 -0.000828
v 0.002764 0.000000 -0.000828
v 0.003800 0.000000 -0.001426
v 0.003109 0.000000 -0.001426
v 0.003455 0.000000 -0.000828
v 0.004146 0.000000 -0.000828
v 0.001727 0.000000 -0.000229
v 0.001036 0.000000 -0.000229
v 0.001382 0.000000 0.000369
v 0.000691 0.000000 0.000369
v 0.002073 0.000000 0.000369
v 0.001036 0.000000 0.000967
v 0.000345 0.000000 0.000967
v 0.002418 0.000000 0.000967
v 0.001727 0.000000 0.000967
v 0.004491 0.000000 -0.000229
v 0.003800 0.000000 -0.000229
v 0.004146 0.000000 0.000369
v 0.003455 0.000000 0.000369
v 0.004837 0.000000 0.000369
v 0.003800 0.000000 0.000967
v 0.003109 0.000000 0.000967
v 0.005182 0.000000 0.000967
v 0.004491 0.000000 0.000967
v 0.002764 0.000000 0.000369
v 0.003109 0.000000 -0.000229
v 0.002418 0.000000 -0.000229
v 0.007946 0.000000 -0.002623
v 0.008291 0.000000 -0.002025
v 0.007600 0.000000 -0.002025
v 0.007946 0.000000 -0.001426
v 0.007255 0.000000 -0.001426
v 0.007600 0.000000 -0.000828
v 0.006910 0.000000 -0.000828
v 0.008291 0.000000 -0.000828
v 0.008637 0.000000 -0.001426
v 0.008982 0.000000 -0.000828
v 0.007255 0.000000 -0.000229
v 0.006564 0.000000 -0.000229
v 0.006910 0.000000 0.000369
v 0.006219 0.000000 0.000369
v 0.007600 0.000000 0.000369
v 0.006564 0.000000 0.000967
v 0.005873 0.000000 0.000967
v 0.007946 0.000000 0.000967
v 0.007255 0.000000 0.000967
v 0.009328 0.000000 -0.000229
v 0.009673 0.000000 0.000369
v 0.008982 0.000000 0.000369
v 0.009328 0.000000 0.000967
v 0.008637 0.000000 0.000967
v 0.010019 0.000000 0.000967
v 0.008291 0.000000 0.000369
v 0.008637 0.000000 -0.000229
v 0.007946 0.000000 -0.000229
v 0.005528 0.000000 0.000369
v 0.005873 0.000000 -0.000229
v 0.006219 0.000000 -0.000828
v 0.005528 0.000000 -0.000828
v 0.005182 0.000000 -0.000229
v 0.004837 0.000000 -0.000828
v 0.006564 0.000000 -0.001426
v 0.006910 0.000000 -0.002025
v 0.006219 0.000000 -0.002025
v 0.007255 0.000000 -0.002623
v 0.005873 0.000000 -0.002623
v 0.006564 0.000000 -0.002623
v 0.004491 0.000000 -0.001426
v 0.004146 0.000000 -0.002025
v 0.004837 0.000000 -0.002025
v 0.004491 0.000000 -0.002623
v 0.005182 0.000000 -0.002623
v 0.003800 0.000000 -0.002623
v 0.005528 0.000000 -0.002025
v 0.005182 0.000000 -0.001426
v 0.005873 0.000000 -0.001426
v 0.000000 0.000000 0.000369
v 0.000345 0.000000 -0.000229
v 0.000691 0.000000 -0.000828
v 0.000000 0.000000 -0.000828
v -0.000345 0.000000 -0.000229
v -0.000691 0.000000 -0.000828
v 0.001036 0.000000 -0.001426
v 0.001382 0.000000 -0.002025
v 0.000691 0.000000 -0.002025
v 0.001727 0.000000 -0.002623
v 0.002073 0.000000 -0.003221
v 0.001382 0.000000 -0.003221
v 0.000345 0.000000 -0.002623
v 0.001036 0.000000 -0.002623
v 0.000691 0.000000 -0.003221
v 0.000000 0.000000 -0.003221
v -0.001036 0.000000 -0.001426
v -0.001382 0.000000 -0.002025
v -0.000691 0.000000 -0.002025
v -0.001036 0.000000 -0.002623
v -0.000345 0.000000 -0.002623
v -0.000691 0.000000 -0.003221
v -0.001382 0.000000 -0.003221
v -0.001727 0.000000 -0.002623
v -0.002073 0.000000 -0.003221
v 0.000000 0.000000 -0.002025
v -0.000345 0.000000 -0.001426
v 0.000345 0.000000 -0.001426
v 0.002418 0.000000 -0.003820
v 0.002764 0.000000 -0.004418
v 0.002073 0.000000 -0.004418
v 0.003109 0.000000 -0.005016
v 0.003455 0.000000 -0.005615
v 0.002764 0.000000 -0.005615
v 0.001727 0.000000 -0.005016
v 0.002418 0.000000 -0.005016
v 0.002073 0.000000 -0.005615
v 0.001382 0.000000 -0.005615
v 0.003800 0.000000 -0.006213
v 0.004146 0.000000 -0.006812
v 0.003455 0.000000 -0.006812
v 0.004491 0.000000 -0.007410
v 0.003109 0.000000 -0.007410
v 0.003800 0.000000 -0.007410
v 0.001036 0.000000 -0.006213
v 0.001727 0.000000 -0.006213
v 0.001382 0.000000 -0.006812
v 0.002073 0.000000 -0.006812
v 0.000691 0.000000 -0.006812
v 0.001727 0.000000 -0.007410
v 0.002418 0.000000 -0.007410
v 0.000345 0.000000 -0.007410
v 0.001036 0.000000 -0.007410
v 0.002764 0.000000 -0.006812
v 0.002418 0.000000 -0.006213
v 0.003109 0.000000 -0.006213
v -0.002418 0.000000 -0.003820
v -0.002764 0.000000 -0.004418
v -0.002073 0.000000 -0.004418
v -0.002418 0.000000 -0.005016
v -0.001727 0.000000 -0.005016
v -0.002073 0.000000 -0.005615
v -0.001382 0.000000 -0.005615
v -0.002764 0.000000 -0.005615
v -0.003109 0.000000 -0.005016
v -0.003455 0.000000 -0.005615
v -0.001727 0.000000 -0.006213
v -0.001036 0.000000 -0.006213
v -0.001382 0.000000 -0.006812
v -0.000691 0.000000 -0.006812
v -0.002073 0.000000 -0.006812
v -0.001036 0.000000 -0.007410
v -0.000345 0.000000 -0.007410
v -0.002418 0.000000 -0.007410
v -0.001727 0.000000 -0.007410
v -0.003800 0.000000 -0.006213
v -0.004146 0.000000 -0.006812
v -0.003455 0.000000 -0.006812
v -0.003800 0.000000 -0.007410
v -0.003109 0.000000 -0.007410
v -0.004491 0.000000 -0.007410
v -0.002764 0.000000 -0.006812
v -0.003109 0.000000 -0.006213
v -0.002418 0.000000 -0.006213
v 0.000000 0.000000 -0.006812
v -0.000345 0.000000 -0.006213
v -0.000691 0.000000 -0.005615
v 0.000000 0.000000 -0.005615
v 0.000345 0.000000 -0.006213
v 0.000691 0.000000 -0.005615
v -0.001036 0.000000 -0.005016
v -0.001382 0.000000 -0.004418
v -0.000691 0.000000 -0.004418
v -0.001727 0.000000 -0.003820
v -0.000345 0.000000 -0.003820
v -0.001036 0.000000 -0.003820
v 0.001036 0.000000 -0.005016
v 0.001382 0.000000 -0.004418
v 0.000691 0.000000 -0.004418
v 0.001036 0.000000 -0.003820
v 0.000345 0.000000 -0.003820
v 0.001727 0.000000 -0.003820
v 0.000000 0.000000 -0.004418
v 0.000345 0.000000 -0.005016
v -0.000345 0.000000 -0.005016
vn -0.0000 -0.0000 -1.0000
vn 1.0000 -0.0000 -0.0000
vn -0.0000 -0.0000 1.0000
vn -1.0000 -0.0000 -0.0000
vn -0.0000 -1.0000 -0.0000
vn -0.0000 1.0000 -0.0000
s 0
f 1//1 2//1 3//1
f 4//1 3//1 5//1
f 3//1 6//1 5//1
f 7//1 1//1 4//1
f 3//1 4//1 1//1
f 3//1 2//1 8//1
f 3//1 8//1 6//1
f 9//1 10//1 7//1
f 11//1 12//1 10//1
f 13//1 11//1 9//1
f 10//1 9//1 11//1
f 14//1 15//1 16//1
f 17//1 18//1 11//1
f 11//1 13//1 17//1
f 12//1 11//1 18//1
f 18//1 14//1 12//1
f 16//1 12//1 14//1
f 19//1 10//1 12//1
f 20//1 16//1 15//1
f 1//1 7//1 10//1
f 2//1 1//1 19//1
f 10//1 19//1 1//1
f 8//1 2//1 21//1
f 2//1 19//1 21//1
f 12//1 16//1 19//1
f 21//1 19//1 20//1
f 19//1 16//1 20//1
f 22//1 23//1 24//1
f 25//1 24//1 26//1
f 24//1 27//1 26//1
f 28//1 22//1 25//1
f 24//1 25//1 22//1
f 29//1 28//1 30//1
f 31//1 30//1 32//1
f 30//1 33//1 32//1
f 34//1 29//1 31//1
f 30//1 31//1 29//1
f 25//1 30//1 28//1
f 35//1 36//1 23//1
f 30//1 25//1 33//1
f 25//1 26//1 33//1
f 37//1 38//1 36//1
f 39//1 37//1 35//1
f 36//1 35//1 37//1
f 40//1 41//1 42//1
f 43//1 44//1 37//1
f 37//1 39//1 43//1
f 38//1 37//1 44//1
f 45//1 46//1 34//1
f 44//1 40//1 38//1
f 47//1 48//1 46//1
f 49//1 47//1 45//1
f 46//1 45//1 47//1
f 50//1 51//1 52//1
f 53//1 54//1 47//1
f 47//1 49//1 53//1
f 48//1 47//1 54//1
f 54//1 50//1 48//1
f 52//1 48//1 50//1
f 39//1 52//1 51//1
f 55//1 46//1 48//1
f 51//1 43//1 39//1
f 29//1 34//1 46//1
f 28//1 29//1 55//1
f 46//1 55//1 29//1
f 35//1 56//1 39//1
f 22//1 28//1 56//1
f 23//1 22//1 35//1
f 56//1 35//1 22//1
f 55//1 56//1 28//1
f 52//1 39//1 56//1
f 48//1 52//1 55//1
f 56//1 55//1 52//1
f 42//1 38//1 40//1
f 13//1 42//1 41//1
f 57//1 36//1 38//1
f 41//1 17//1 13//1
f 58//1 23//1 36//1
f 59//1 58//1 57//1
f 36//1 57//1 58//1
f 9//1 60//1 13//1
f 61//1 59//1 60//1
f 7//1 61//1 9//1
f 60//1 9//1 61//1
f 57//1 60//1 59//1
f 42//1 13//1 60//1
f 38//1 42//1 57//1
f 60//1 57//1 42//1
f 62//1 24//1 23//1
f 24//1 62//1 27//1
f 62//1 63//1 27//1
f 4//1 64//1 7//1
f 64//1 4//1 65//1
f 4//1 5//1 65//1
f 61//1 7//1 64//1
f 66//1 64//1 67//1
f 64//1 65//1 67//1
f 59//1 61//1 66//1
f 64//1 66//1 61//1
f 58//1 59//1 68//1
f 62//1 68//1 63//1
f 68//1 69//1 63//1
f 23//1 58//1 62//1
f 68//1 62//1 58//1
f 66//1 68//1 59//1
f 68//1 66//1 69//1
f 66//1 67//1 69//1
f 70//1 71//1 72//1
f 73//1 72//1 74//1
f 72//1 75//1 74//1
f 76//1 70//1 73//1
f 72//1 73//1 70//1
f 77//1 76//1 78//1
f 79//1 78//1 80//1
f 78//1 81//1 80//1
f 82//1 77//1 79//1
f 78//1 79//1 77//1
f 73//1 78//1 76//1
f 83//1 84//1 71//1
f 78//1 73//1 81//1
f 73//1 74//1 81//1
f 85//1 86//1 84//1
f 87//1 85//1 83//1
f 84//1 83//1 85//1
f 88//1 89//1 90//1
f 91//1 92//1 85//1
f 85//1 87//1 91//1
f 86//1 85//1 92//1
f 93//1 94//1 82//1
f 92//1 88//1 86//1
f 95//1 96//1 94//1
f 97//1 95//1 93//1
f 94//1 93//1 95//1
f 98//1 99//1 100//1
f 101//1 102//1 95//1
f 95//1 97//1 101//1
f 96//1 95//1 102//1
f 102//1 98//1 96//1
f 100//1 96//1 98//1
f 87//1 100//1 99//1
f 103//1 94//1 96//1
f 99//1 91//1 87//1
f 77//1 82//1 94//1
f 76//1 77//1 103//1
f 94//1 103//1 77//1
f 83//1 104//1 87//1
f 70//1 76//1 104//1
f 71//1 70//1 83//1
f 104//1 83//1 70//1
f 103//1 104//1 76//1
f 100//1 87//1 104//1
f 96//1 100//1 103//1
f 104//1 103//1 100//1
f 105//1 106//1 107//1
f 108//1 107//1 109//1
f 107//1 110//1 109//1
f 111//1 105//1 108//1
f 107//1 108//1 105//1
f 112//1 111//1 113//1
f 114//1 113//1 115//1
f 113//1 116//1 115//1
f 117//1 112//1 114//1
f 113//1 114//1 112//1
f 108//1 113//1 111//1
f 118//1 119//1 106//1
f 113//1 108//1 116//1
f 108//1 109//1 116//1
f 120//1 121//1 119//1
f 122//1 120//1 118//1
f 119//1 118//1 120//1
f 123//1 124//1 125//1
f 126//1 127//1 120//1
f 120//1 122//1 126//1
f 121//1 120//1 127//1
f 128//1 129//1 117//1
f 127//1 123//1 121//1
f 130//1 131//1 129//1
f 132//1 130//1 128//1
f 129//1 128//1 130//1
f 133//1 134//1 135//1
f 136//1 137//1 130//1
f 130//1 132//1 136//1
f 131//1 130//1 137//1
f 137//1 133//1 131//1
f 135//1 131//1 133//1
f 122//1 135//1 134//1
f 138//1 129//1 131//1
f 134//1 126//1 122//1
f 112//1 117//1 129//1
f 111//1 112//1 138//1
f 129//1 138//1 112//1
f 118//1 139//1 122//1
f 105//1 111//1 139//1
f 106//1 105//1 118//1
f 139//1 118//1 105//1
f 138//1 139//1 111//1
f 135//1 122//1 139//1
f 131//1 135//1 138//1
f 139//1 138//1 135//1
f 125//1 121//1 123//1
f 97//1 125//1 124//1
f 140//1 119//1 121//1
f 124//1 101//1 97//1
f 141//1 106//1 119//1
f 142//1 141//1 140//1
f 119//1 140//1 141//1
f 93//1 143//1 97//1
f 144//1 142//1 143//1
f 82//1 144//1 93//1
f 143//1 93//1 144//1
f 140//1 143//1 142//1
f 125//1 97//1 143//1
f 121//1 125//1 140//1
f 143//1 140//1 125//1
f 145//1 107//1 106//1
f 107//1 145//1 110//1
f 145//1 146//1 110//1
f 79//1 147//1 82//1
f 147//1 79//1 148//1
f 79//1 80//1 148//1
f 144//1 82//1 147//1
f 149//1 147//1 150//1
f 147//1 148//1 150//1
f 142//1 144//1 149//1
f 147//1 149//1 144//1
f 141//1 142//1 151//1
f 145//1 151//1 146//1
f 151//1 152//1 146//1
f 106//1 141//1 145//1
f 151//1 145//1 141//1
f 149//1 151//1 142//1
f 151//1 149//1 152//1
f 149//1 150//1 152//1
f 90//1 86//1 88//1
f 49//1 90//1 89//1
f 153//1 84//1 86//1
f 89//1 53//1 49//1
f 154//1 71//1 84//1
f 155//1 154//1 153//1
f 84//1 153//1 154//1
f 45//1 156//1 49//1
f 157//1 155//1 156//1
f 34//1 157//1 45//1
f 156//1 45//1 157//1
f 153//1 156//1 155//1
f 90//1 49//1 156//1
f 86//1 90//1 153//1
f 156//1 153//1 90//1
f 158//1 72//1 71//1
f 72//1 158//1 75//1
f 158//1 159//1 75//1
f 31//1 160//1 34//1
f 160//1 31//1 161//1
f 31//1 32//1 161//1
f 157//1 34//1 160//1
f 162//1 160//1 163//1
f 160//1 161//1 163//1
f 155//1 157//1 162//1
f 160//1 162//1 157//1
f 154//1 155//1 164//1
f 158//1 164//1 159//1
f 164//1 165//1 159//1
f 71//1 154//1 158//1
f 164//1 158//1 154//1
f 162//1 164//1 155//1
f 164//1 162//1 165//1
f 162//1 163//1 165//1
f 166//1 167//1 168//1
f 169//1 168//1 170//1
f 168//1 171//1 170//1
f 172//1 166//1 169//1
f 168//1 169//1 166//1
f 173//1 172//1 174//1
f 175//1 174//1 176//1
f 174//1 177//1 176//1
f 178//1 173//1 175//1
f 174//1 175//1 173//1
f 169//1 174//1 172//1
f 179//1 180//1 167//1
f 174//1 169//1 177//1
f 169//1 170//1 177//1
f 181//1 182//1 180//1
f 183//1 181//1 179//1
f 180//1 179//1 181//1
f 182//1 184//1 185//1
f 183//1 186//1 187//1
f 187//1 181//1 183//1
f 184//1 182//1 181//1
f 188//1 189//1 178//1
f 181//1 187//1 184//1
f 190//1 191//1 189//1
f 192//1 190//1 188//1
f 189//1 188//1 190//1
f 191//1 193//1 194//1
f 192//1 195//1 196//1
f 196//1 190//1 192//1
f 193//1 191//1 190//1
f 190//1 196//1 193//1
f 194//1 197//1 191//1
f 186//1 183//1 197//1
f 198//1 189//1 191//1
f 197//1 194//1 186//1
f 173//1 178//1 189//1
f 172//1 173//1 198//1
f 189//1 198//1 173//1
f 179//1 199//1 183//1
f 166//1 172//1 199//1
f 167//1 166//1 179//1
f 199//1 179//1 166//1
f 198//1 199//1 172//1
f 197//1 183//1 199//1
f 191//1 197//1 198//1
f 199//1 198//1 197//1
f 200//1 201//1 202//1
f 203//1 202//1 204//1
f 202//1 205//1 204//1
f 206//1 200//1 203//1
f 202//1 203//1 200//1
f 207//1 206//1 208//1
f 209//1 208//1 210//1
f 208//1 211//1 210//1
f 212//1 207//1 209//1
f 208//1 209//1 207//1
f 203//1 208//1 206//1
f 213//1 214//1 201//1
f 208//1 203//1 211//1
f 203//1 204//1 211//1
f 215//1 216//1 214//1
f 217//1 215//1 213//1
f 214//1 213//1 215//1
f 216//1 218//1 219//1
f 217//1 220//1 221//1
f 221//1 215//1 217//1
f 218//1 216//1 215//1
f 222//1 223//1 212//1
f 215//1 221//1 218//1
f 224//1 225//1 223//1
f 226//1 224//1 222//1
f 223//1 222//1 224//1
f 225//1 227//1 228//1
f 226//1 229//1 230//1
f 230//1 224//1 226//1
f 227//1 225//1 224//1
f 224//1 230//1 227//1
f 228//1 231//1 225//1
f 220//1 217//1 231//1
f 232//1 223//1 225//1
f 231//1 228//1 220//1
f 207//1 212//1 223//1
f 206//1 207//1 232//1
f 223//1 232//1 207//1
f 213//1 233//1 217//1
f 200//1 206//1 233//1
f 201//1 200//1 213//1
f 233//1 213//1 200//1
f 232//1 233//1 206//1
f 231//1 217//1 233//1
f 225//1 231//1 232//1
f 233//1 232//1 231//1
f 219//1 234//1 216//1
f 195//1 192//1 234//1
f 235//1 214//1 216//1
f 234//1 219//1 195//1
f 236//1 201//1 214//1
f 237//1 236//1 235//1
f 214//1 235//1 236//1
f 188//1 238//1 192//1
f 239//1 237//1 238//1
f 178//1 239//1 188//1
f 238//1 188//1 239//1
f 235//1 238//1 237//1
f 234//1 192//1 238//1
f 216//1 234//1 235//1
f 238//1 235//1 234//1
f 240//1 202//1 201//1
f 202//1 240//1 205//1
f 240//1 241//1 205//1
f 175//1 242//1 178//1
f 242//1 175//1 243//1
f 175//1 176//1 243//1
f 239//1 178//1 242//1
f 244//1 242//1 245//1
f 242//1 243//1 245//1
f 237//1 239//1 244//1
f 242//1 244//1 239//1
f 236//1 237//1 246//1
f 240//1 246//1 241//1
f 246//1 247//1 241//1
f 201//1 236//1 240//1
f 246//1 240//1 236//1
f 244//1 246//1 237//1
f 246//1 244//1 247//1
f 244//1 245//1 247//1
f 248//1 249//1 250//1
f 251//1 250//1 252//1
f 250//1 253//1 252//1
f 254//1 248//1 251//1
f 250//1 251//1 248//1
f 255//1 254//1 256//1
f 257//1 256//1 258//1
f 259//1 255//1 257//1
f 256//1 257//1 255//1
f 251//1 256//1 254//1
f 260//1 261//1 249//1
f 256//1 251//1 262//1
f 251//1 252//1 262//1
f 258//1 256//1 262//1
f 263//1 264//1 261//1
f 265//1 263//1 260//1
f 261//1 260//1 263//1
f 264//1 266//1 267//1
f 265//1 268//1 269//1
f 269//1 263//1 265//1
f 266//1 264//1 263//1
f 270//1 271//1 259//1
f 263//1 269//1 266//1
f 272//1 273//1 271//1
f 274//1 272//1 270//1
f 271//1 270//1 272//1
f 273//1 275//1 276//1
f 274//1 277//1 278//1
f 278//1 272//1 274//1
f 275//1 273//1 272//1
f 272//1 278//1 275//1
f 276//1 279//1 273//1
f 268//1 265//1 279//1
f 280//1 271//1 273//1
f 279//1 276//1 268//1
f 255//1 259//1 271//1
f 254//1 255//1 280//1
f 271//1 280//1 255//1
f 260//1 281//1 265//1
f 248//1 254//1 281//1
f 249//1 248//1 260//1
f 281//1 260//1 248//1
f 280//1 281//1 254//1
f 279//1 265//1 281//1
f 273//1 279//1 280//1
f 281//1 280//1 279//1
f 282//1 283//1 284//1
f 285//1 284//1 286//1
f 284//1 287//1 286//1
f 288//1 282//1 285//1
f 284//1 285//1 282//1
f 289//1 288//1 290//1
f 285//1 291//1 290//1
f 288//1 285//1 290//1
f 292//1 293//1 283//1
f 285//1 286//1 291//1
f 294//1 295//1 293//1
f 296//1 294//1 292//1
f 293//1 292//1 294//1
f 295//1 297//1 298//1
f 296//1 299//1 300//1
f 300//1 294//1 296//1
f 297//1 295//1 294//1
f 294//1 300//1 297//1
f 299//1 296//1 301//1
f 301//1 302//1 299//1
f 292//1 303//1 296//1
f 282//1 288//1 303//1
f 283//1 282//1 292//1
f 303//1 292//1 282//1
f 301//1 296//1 303//1
f 304//1 303//1 289//1
f 303//1 288//1 289//1
f 302//1 301//1 304//1
f 301//1 303//1 304//1
f 298//1 305//1 295//1
f 277//1 274//1 305//1
f 306//1 293//1 295//1
f 305//1 298//1 277//1
f 307//1 283//1 293//1
f 308//1 307//1 306//1
f 293//1 306//1 307//1
f 270//1 309//1 274//1
f 310//1 308//1 309//1
f 259//1 310//1 270//1
f 309//1 270//1 310//1
f 306//1 309//1 308//1
f 305//1 274//1 309//1
f 295//1 305//1 306//1
f 309//1 306//1 305//1
f 311//1 284//1 283//1
f 284//1 311//1 287//1
f 311//1 312//1 287//1
f 257//1 313//1 259//1
f 313//1 257//1 314//1
f 257//1 258//1 314//1
f 310//1 259//1 313//1
f 315//1 313//1 316//1
f 313//1 314//1 316//1
f 308//1 310//1 315//1
f 313//1 315//1 310//1
f 307//1 308//1 317//1
f 311//1 317//1 312//1
f 283//1 307//1 311//1
f 317//1 311//1 307//1
f 315//1 317//1 308//1
f 317//1 315//1 318//1
f 315//1 316//1 318//1
f 312//1 317//1 318//1
f 267//1 319//1 264//1
f 229//1 226//1 319//1
f 320//1 261//1 264//1
f 319//1 267//1 229//1
f 321//1 249//1 261//1
f 322//1 321//1 320//1
f 261//1 320//1 321//1
f 222//1 323//1 226//1
f 324//1 322//1 323//1
f 212//1 324//1 222//1
f 323//1 222//1 324//1
f 320//1 323//1 322//1
f 319//1 226//1 323//1
f 264//1 319//1 320//1
f 323//1 320//1 319//1
f 325//1 250//1 249//1
f 250//1 325//1 253//1
f 325//1 326//1 253//1
f 209//1 327//1 212//1
f 327//1 209//1 328//1
f 209//1 210//1 328//1
f 324//1 212//1 327//1
f 329//1 327//1 330//1
f 327//1 328//1 330//1
f 322//1 324//1 329//1
f 327//1 329//1 324//1
f 321//1 322//1 331//1
f 325//1 331//1 326//1
f 331//1 332//1 326//1
f 249//1 321//1 325//1
f 331//1 325//1 321//1
f 329//1 331//1 322//1
f 331//1 329//1 332//1
f 329//1 330//1 332//1
f 185//1 333//1 182//1
f 132//1 333//1 185//1
f 334//1 180//1 182//1
f 185//1 136//1 132//1
f 335//1 167//1 180//1
f 336//1 335//1 334//1
f 180//1 334//1 335//1
f 128//1 337//1 132//1
f 338//1 336//1 337//1
f 117//1 338//1 128//1
f 337//1 128//1 338//1
f 334//1 337//1 336//1
f 333//1 132//1 337//1
f 182//1 333//1 334//1
f 337//1 334//1 333//1
f 339//1 168//1 167//1
f 168//1 339//1 171//1
f 339//1 340//1 171//1
f 114//1 341//1 117//1
f 341//1 114//1 342//1
f 114//1 115//1 342//1
f 338//1 117//1 341//1
f 343//1 341//1 344//1
f 341//1 342//1 344//1
f 336//1 338//1 343//1
f 341//1 343//1 338//1
f 335//1 336//1 345//1
f 339//1 345//1 340//1
f 345//1 346//1 340//1
f 167//1 335//1 339//1
f 345//1 339//1 335//1
f 343//1 345//1 336//1
f 345//1 343//1 346//1
f 343//1 344//1 346//1
f 347//2 348//2 349//2
f 350//2 349//2 351//2
f 349//2 352//2 351//2
f 353//2 347//2 350//2
f 349//2 350//2 347//2
f 349//2 348//2 354//2
f 349//2 354//2 352//2
f 355//2 356//2 353//2
f 357//2 358//2 356//2
f 359//2 357//2 355//2
f 356//2 355//2 357//2
f 360//2 361//2 362//2
f 363//2 364//2 357//2
f 357//2 359//2 363//2
f 358//2 357//2 364//2
f 364//2 360//2 358//2
f 362//2 358//2 360//2
f 365//2 356//2 358//2
f 366//2 362//2 361//2
f 347//2 353//2 356//2
f 348//2 347//2 365//2
f 356//2 365//2 347//2
f 354//2 348//2 367//2
f 348//2 365//2 367//2
f 358//2 362//2 365//2
f 367//2 365//2 366//2
f 365//2 362//2 366//2
f 368//2 369//2 370//2
f 371//2 370//2 372//2
f 370//2 373//2 372//2
f 374//2 368//2 371//2
f 370//2 371//2 368//2
f 375//2 374//2 376//2
f 377//2 376//2 378//2
f 376//2 379//2 378//2
f 380//2 375//2 377//2
f 376//2 377//2 375//2
f 371//2 376//2 374//2
f 381//2 382//2 369//2
f 376//2 371//2 379//2
f 371//2 372//2 379//2
f 383//2 384//2 382//2
f 385//2 383//2 381//2
f 382//2 381//2 383//2
f 386//2 387//2 388//2
f 389//2 390//2 383//2
f 383//2 385//2 389//2
f 384//2 383//2 390//2
f 391//2 392//2 380//2
f 390//2 386//2 384//2
f 393//2 394//2 392//2
f 395//2 393//2 391//2
f 392//2 391//2 393//2
f 396//2 397//2 398//2
f 399//2 400//2 393//2
f 393//2 395//2 399//2
f 394//2 393//2 400//2
f 400//2 396//2 394//2
f 398//2 394//2 396//2
f 385//2 398//2 397//2
f 401//2 392//2 394//2
f 397//2 389//2 385//2
f 375//2 380//2 392//2
f 374//2 375//2 401//2
f 392//2 401//2 375//2
f 381//2 402//2 385//2
f 368//2 374//2 402//2
f 369//2 368//2 381//2
f 402//2 381//2 368//2
f 401//2 402//2 374//2
f 398//2 385//2 402//2
f 394//2 398//2 401//2
f 402//2 401//2 398//2
f 388//2 384//2 386//2
f 359//2 388//2 387//2
f 403//2 382//2 384//2
f 387//2 363//2 359//2
f 404//2 369//2 382//2
f 405//2 404//2 403//2
f 382//2 403//2 404//2
f 355//2 406//2 359//2
f 407//2 405//2 406//2
f 353//2 407//2 355//2
f 406//2 355//2 407//2
f 403//2 406//2 405//2
f 388//2 359//2 406//2
f 384//2 388//2 403//2
f 406//2 403//2 388//2
f 408//2 370//2 369//2
f 370//2 408//2 373//2
f 408//2 409//2 373//2
f 350//2 410//2 353//2
f 410//2 350//2 411//2
f 350//2 351//2 411//2
f 407//2 353//2 410//2
f 412//2 410//2 413//2
f 410//2 411//2 413//2
f 405//2 407//2 412//2
f 410//2 412//2 407//2
f 404//2 405//2 414//2
f 408//2 414//2 409//2
f 414//2 415//2 409//2
f 369//2 404//2 408//2
f 414//2 408//2 404//2
f 412//2 414//2 405//2
f 414//2 412//2 415//2
f 412//2 413//2 415//2
f 416//2 417//2 418//2
f 419//2 418//2 420//2
f 418//2 421//2 420//2
f 422//2 416//2 419//2
f 418//2 419//2 416//2
f 423//2 422//2 424//2
f 425//2 424//2 426//2
f 424//2 427//2 426//2
f 428//2 423//2 425//2
f 424//2 425//2 423//2
f 419//2 424//2 422//2
f 429//2 430//2 417//2
f 424//2 419//2 427//2
f 419//2 420//2 427//2
f 431//2 432//2 430//2
f 433//2 431//2 429//2
f 430//2 429//2 431//2
f 434//2 435//2 436//2
f 437//2 438//2 431//2
f 431//2 433//2 437//2
f 432//2 431//2 438//2
f 439//2 440//2 428//2
f 438//2 434//2 432//2
f 441//2 442//2 440//2
f 443//2 441//2 439//2
f 440//2 439//2 441//2
f 444//2 445//2 446//2
f 447//2 448//2 441//2
f 441//2 443//2 447//2
f 442//2 441//2 448//2
f 448//2 444//2 442//2
f 446//2 442//2 444//2
f 433//2 446//2 445//2
f 449//2 440//2 442//2
f 445//2 437//2 433//2
f 423//2 428//2 440//2
f 422//2 423//2 449//2
f 440//2 449//2 423//2
f 429//2 450//2 433//2
f 416//2 422//2 450//2
f 417//2 416//2 429//2
f 450//2 429//2 416//2
f 449//2 450//2 422//2
f 446//2 433//2 450//2
f 442//2 446//2 449//2
f 450//2 449//2 446//2
f 451//2 452//2 453//2
f 454//2 453//2 455//2
f 453//2 456//2 455//2
f 457//2 451//2 454//2
f 453//2 454//2 451//2
f 458//2 457//2 459//2
f 460//2 459//2 461//2
f 459//2 462//2 461//2
f 463//2 458//2 460//2
f 459//2 460//2 458//2
f 454//2 459//2 457//2
f 464//2 465//2 452//2
f 459//2 454//2 462//2
f 454//2 455//2 462//2
f 466//2 467//2 465//2
f 468//2 466//2 464//2
f 465//2 464//2 466//2
f 469//2 470//2 471//2
f 472//2 473//2 466//2
f 466//2 468//2 472//2
f 467//2 466//2 473//2
f 474//2 475//2 463//2
f 473//2 469//2 467//2
f 476//2 477//2 475//2
f 478//2 476//2 474//2
f 475//2 474//2 476//2
f 479//2 480//2 481//2
f 482//2 483//2 476//2
f 476//2 478//2 482//2
f 477//2 476//2 483//2
f 483//2 479//2 477//2
f 481//2 477//2 479//2
f 468//2 481//2 480//2
f 484//2 475//2 477//2
f 480//2 472//2 468//2
f 458//2 463//2 475//2
f 457//2 458//2 484//2
f 475//2 484//2 458//2
f 464//2 485//2 468//2
f 451//2 457//2 485//2
f 452//2 451//2 464//2
f 485//2 464//2 451//2
f 484//2 485//2 457//2
f 481//2 468//2 485//2
f 477//2 481//2 484//2
f 485//2 484//2 481//2
f 471//2 467//2 469//2
f 443//2 471//2 470//2
f 486//2 465//2 467//2
f 470//2 447//2 443//2
f 487//2 452//2 465//2
f 488//2 487//2 486//2
f 465//2 486//2 487//2
f 439//2 489//2 443//2
f 490//2 488//2 489//2
f 428//2 490//2 439//2
f 489//2 439//2 490//2
f 486//2 489//2 488//2
f 471//2 443//2 489//2
f 467//2 471//2 486//2
f 489//2 486//2 471//2
f 491//2 453//2 452//2
f 453//2 491//2 456//2
f 491//2 492//2 456//2
f 425//2 493//2 428//2
f 493//2 425//2 494//2
f 425//2 426//2 494//2
f 490//2 428//2 493//2
f 495//2 493//2 496//2
f 493//2 494//2 496//2
f 488//2 490//2 495//2
f 493//2 495//2 490//2
f 487//2 488//2 497//2
f 491//2 497//2 492//2
f 497//2 498//2 492//2
f 452//2 487//2 491//2
f 497//2 491//2 487//2
f 495//2 497//2 488//2
f 497//2 495//2 498//2
f 495//2 496//2 498//2
f 436//2 432//2 434//2
f 395//2 436//2 435//2
f 499//2 430//2 432//2
f 435//2 399//2 395//2
f 500//2 417//2 430//2
f 501//2 500//2 499//2
f 430//2 499//2 500//2
f 391//2 502//2 395//2
f 503//2 501//2 502//2
f 380//2 503//2 391//2
f 502//2 391//2 503//2
f 499//2 502//2 501//2
f 436//2 395//2 502//2
f 432//2 436//2 499//2
f 502//2 499//2 436//2
f 504//2 418//2 417//2
f 418//2 504//2 421//2
f 504//2 505//2 421//2
f 377//2 506//2 380//2
f 506//2 377//2 507//2
f 377//2 378//2 507//2
f 503//2 380//2 506//2
f 508//2 506//2 509//2
f 506//2 507//2 509//2
f 501//2 503//2 508//2
f 506//2 508//2 503//2
f 500//2 501//2 510//2
f 504//2 510//2 505//2
f 510//2 511//2 505//2
f 417//2 500//2 504//2
f 510//2 504//2 500//2
f 508//2 510//2 501//2
f 510//2 508//2 511//2
f 508//2 509//2 511//2
f 512//2 513//2 514//2
f 515//2 514//2 516//2
f 514//2 517//2 516//2
f 518//2 512//2 515//2
f 514//2 515//2 512//2
f 519//2 518//2 520//2
f 521//2 520//2 522//2
f 520//2 523//2 522//2
f 524//2 519//2 521//2
f 520//2 521//2 519//2
f 515//2 520//2 518//2
f 525//2 526//2 513//2
f 520//2 515//2 523//2
f 515//2 516//2 523//2
f 527//2 528//2 526//2
f 529//2 527//2 525//2
f 526//2 525//2 527//2
f 528//2 530//2 531//2
f 529//2 532//2 533//2
f 533//2 527//2 529//2
f 530//2 528//2 527//2
f 534//2 535//2 524//2
f 527//2 533//2 530//2
f 536//2 537//2 535//2
f 538//2 536//2 534//2
f 535//2 534//2 536//2
f 537//2 539//2 540//2
f 538//2 541//2 542//2
f 542//2 536//2 538//2
f 539//2 537//2 536//2
f 536//2 542//2 539//2
f 540//2 543//2 537//2
f 532//2 529//2 543//2
f 544//2 535//2 537//2
f 543//2 540//2 532//2
f 519//2 524//2 535//2
f 518//2 519//2 544//2
f 535//2 544//2 519//2
f 525//2 545//2 529//2
f 512//2 518//2 545//2
f 513//2 512//2 525//2
f 545//2 525//2 512//2
f 544//2 545//2 518//2
f 543//2 529//2 545//2
f 537//2 543//2 544//2
f 545//2 544//2 543//2
f 546//2 547//2 548//2
f 549//2 548//2 550//2
f 548//2 551//2 550//2
f 552//2 546//2 549//2
f 548//2 549//2 546//2
f 553//2 552//2 554//2
f 555//2 554//2 556//2
f 554//2 557//2 556//2
f 558//2 553//2 555//2
f 554//2 555//2 553//2
f 549//2 554//2 552//2
f 559//2 560//2 547//2
f 554//2 549//2 557//2
f 549//2 550//2 557//2
f 561//2 562//2 560//2
f 563//2 561//2 559//2
f 560//2 559//2 561//2
f 562//2 564//2 565//2
f 563//2 566//2 567//2
f 567//2 561//2 563//2
f 564//2 562//2 561//2
f 568//2 569//2 558//2
f 561//2 567//2 564//2
f 570//2 571//2 569//2
f 572//2 570//2 568//2
f 569//2 568//2 570//2
f 571//2 573//2 574//2
f 572//2 575//2 576//2
f 576//2 570//2 572//2
f 573//2 571//2 570//2
f 570//2 576//2 573//2
f 574//2 577//2 571//2
f 566//2 563//2 577//2
f 578//2 569//2 571//2
f 577//2 574//2 566//2
f 553//2 558//2 569//2
f 552//2 553//2 578//2
f 569//2 578//2 553//2
f 559//2 579//2 563//2
f 546//2 552//2 579//2
f 547//2 546//2 559//2
f 579//2 559//2 546//2
f 578//2 579//2 552//2
f 577//2 563//2 579//2
f 571//2 577//2 578//2
f 579//2 578//2 577//2
f 565//2 580//2 562//2
f 541//2 538//2 580//2
f 581//2 560//2 562//2
f 580//2 565//2 541//2
f 582//2 547//2 560//2
f 583//2 582//2 581//2
f 560//2 581//2 582//2
f 534//2 584//2 538//2
f 585//2 583//2 584//2
f 524//2 585//2 534//2
f 584//2 534//2 585//2
f 581//2 584//2 583//2
f 580//2 538//2 584//2
f 562//2 580//2 581//2
f 584//2 581//2 580//2
f 586//2 548//2 547//2
f 548//2 586//2 551//2
f 586//2 587//2 551//2
f 521//2 588//2 524//2
f 588//2 521//2 589//2
f 521//2 522//2 589//2
f 585//2 524//2 588//2
f 590//2 588//2 591//2
f 588//2 589//2 591//2
f 583//2 585//2 590//2
f 588//2 590//2 585//2
f 582//2 583//2 592//2
f 586//2 592//2 587//2
f 592//2 593//2 587//2
f 547//2 582//2 586//2
f 592//2 586//2 582//2
f 590//2 592//2 583//2
f 592//2 590//2 593//2
f 590//2 591//2 593//2
f 594//2 595//2 596//2
f 597//2 596//2 598//2
f 596//2 599//2 598//2
f 600//2 594//2 597//2
f 596//2 597//2 594//2
f 601//2 600//2 602//2
f 603//2 602//2 604//2
f 605//2 601//2 603//2
f 602//2 603//2 601//2
f 597//2 602//2 600//2
f 606//2 607//2 595//2
f 602//2 597//2 608//2
f 597//2 598//2 608//2
f 604//2 602//2 608//2
f 609//2 610//2 607//2
f 611//2 609//2 606//2
f 607//2 606//2 609//2
f 610//2 612//2 613//2
f 611//2 614//2 615//2
f 615//2 609//2 611//2
f 612//2 610//2 609//2
f 616//2 617//2 605//2
f 609//2 615//2 612//2
f 618//2 619//2 617//2
f 620//2 618//2 616//2
f 617//2 616//2 618//2
f 619//2 621//2 622//2
f 620//2 623//2 624//2
f 624//2 618//2 620//2
f 621//2 619//2 618//2
f 618//2 624//2 621//2
f 622//2 625//2 619//2
f 614//2 611//2 625//2
f 626//2 617//2 619//2
f 625//2 622//2 614//2
f 601//2 605//2 617//2
f 600//2 601//2 626//2
f 617//2 626//2 601//2
f 606//2 627//2 611//2
f 594//2 600//2 627//2
f 595//2 594//2 606//2
f 627//2 606//2 594//2
f 626//2 627//2 600//2
f 625//2 611//2 627//2
f 619//2 625//2 626//2
f 627//2 626//2 625//2
f 628//2 629//2 630//2
f 631//2 630//2 632//2
f 630//2 633//2 632//2
f 634//2 628//2 631//2
f 630//2 631//2 628//2
f 21//2 634//2 8//2
f 631//2 6//2 8//2
f 634//2 631//2 8//2
f 635//2 636//2 629//2
f 631//2 632//2 6//2
f 637//2 638//2 636//2
f 639//2 637//2 635//2
f 636//2 635//2 637//2
f 638//2 640//2 641//2
f 639//2 642//2 643//2
f 643//2 637//2 639//2
f 640//2 638//2 637//2
f 637//2 643//2 640//2
f 642//2 639//2 644//2
f 644//2 15//2 642//2
f 635//2 645//2 639//2
f 628//2 634//2 645//2
f 629//2 628//2 635//2
f 645//2 635//2 628//2
f 644//2 639//2 645//2
f 20//2 645//2 21//2
f 645//2 634//2 21//2
f 15//2 644//2 20//2
f 644//2 645//2 20//2
f 641//2 646//2 638//2
f 623//2 620//2 646//2
f 647//2 636//2 638//2
f 646//2 641//2 623//2
f 648//2 629//2 636//2
f 649//2 648//2 647//2
f 636//2 647//2 648//2
f 616//2 650//2 620//2
f 651//2 649//2 650//2
f 605//2 651//2 616//2
f 650//2 616//2 651//2
f 647//2 650//2 649//2
f 646//2 620//2 650//2
f 638//2 646//2 647//2
f 650//2 647//2 646//2
f 652//2 630//2 629//2
f 630//2 652//2 633//2
f 652//2 653//2 633//2
f 603//2 654//2 605//2
f 654//2 603//2 655//2
f 603//2 604//2 655//2
f 651//2 605//2 654//2
f 656//2 654//2 657//2
f 654//2 655//2 657//2
f 649//2 651//2 656//2
f 654//2 656//2 651//2
f 648//2 649//2 658//2
f 652//2 658//2 653//2
f 629//2 648//2 652//2
f 658//2 652//2 648//2
f 656//2 658//2 649//2
f 658//2 656//2 659//2
f 656//2 657//2 659//2
f 653//2 658//2 659//2
f 613//2 660//2 610//2
f 575//2 572//2 660//2
f 661//2 607//2 610//2
f 660//2 613//2 575//2
f 662//2 595//2 607//2
f 663//2 662//2 661//2
f 607//2 661//2 662//2
f 568//2 664//2 572//2
f 665//2 663//2 664//2
f 558//2 665//2 568//2
f 664//2 568//2 665//2
f 661//2 664//2 663//2
f 660//2 572//2 664//2
f 610//2 660//2 661//2
f 664//2 661//2 660//2
f 666//2 596//2 595//2
f 596//2 666//2 599//2
f 666//2 667//2 599//2
f 555//2 668//2 558//2
f 668//2 555//2 669//2
f 555//2 556//2 669//2
f 665//2 558//2 668//2
f 670//2 668//2 671//2
f 668//2 669//2 671//2
f 663//2 665//2 670//2
f 668//2 670//2 665//2
f 662//2 663//2 672//2
f 666//2 672//2 667//2
f 672//2 673//2 667//2
f 595//2 662//2 666//2
f 672//2 666//2 662//2
f 670//2 672//2 663//2
f 672//2 670//2 673//2
f 670//2 671//2 673//2
f 531//2 674//2 528//2
f 478//2 674//2 531//2
f 675//2 526//2 528//2
f 531//2 482//2 478//2
f 676//2 513//2 526//2
f 677//2 676//2 675//2
f 526//2 675//2 676//2
f 474//2 678//2 478//2
f 679//2 677//2 678//2
f 463//2 679//2 474//2
f 678//2 474//2 679//2
f 675//2 678//2 677//2
f 674//2 478//2 678//2
f 528//2 674//2 675//2
f 678//2 675//2 674//2
f 680//2 514//2 513//2
f 514//2 680//2 517//2
f 680//2 681//2 517//2
f 460//2 682//2 463//2
f 682//2 460//2 683//2
f 460//2 461//2 683//2
f 679//2 463//2 682//2
f 684//2 682//2 685//2
f 682//2 683//2 685//2
f 677//2 679//2 684//2
f 682//2 684//2 679//2
f 676//2 677//2 686//2
f 680//2 686//2 681//2
f 686//2 687//2 681//2
f 513//2 676//2 680//2
f 686//2 680//2 676//2
f 684//2 686//2 677//2
f 686//2 684//2 687//2
f 684//2 685//2 687//2
f 688//3 689//3 690//3
f 691//3 690//3 692//3
f 690//3 693//3 692//3
f 694//3 688//3 691//3
f 690//3 691//3 688//3
f 690//3 689//3 695//3
f 690//3 695//3 693//3
f 696//3 697//3 694//3
f 698//3 699//3 697//3
f 700//3 698//3 696//3
f 697//3 696//3 698//3
f 701//3 702//3 703//3
f 704//3 705//3 698//3
f 698//3 700//3 704//3
f 699//3 698//3 705//3
f 705//3 701//3 699//3
f 703//3 699//3 701//3
f 706//3 697//3 699//3
f 707//3 703//3 702//3
f 688//3 694//3 697//3
f 689//3 688//3 706//3
f 697//3 706//3 688//3
f 695//3 689//3 708//3
f 689//3 706//3 708//3
f 699//3 703//3 706//3
f 708//3 706//3 707//3
f 706//3 703//3 707//3
f 709//3 710//3 711//3
f 712//3 711//3 713//3
f 711//3 714//3 713//3
f 715//3 709//3 712//3
f 711//3 712//3 709//3
f 716//3 715//3 717//3
f 718//3 717//3 719//3
f 717//3 720//3 719//3
f 721//3 716//3 718//3
f 717//3 718//3 716//3
f 712//3 717//3 715//3
f 722//3 723//3 710//3
f 717//3 712//3 720//3
f 712//3 713//3 720//3
f 724//3 725//3 723//3
f 726//3 724//3 722//3
f 723//3 722//3 724//3
f 727//3 728//3 729//3
f 730//3 731//3 724//3
f 724//3 726//3 730//3
f 725//3 724//3 731//3
f 732//3 733//3 721//3
f 731//3 727//3 725//3
f 734//3 735//3 733//3
f 736//3 734//3 732//3
f 733//3 732//3 734//3
f 737//3 738//3 739//3
f 740//3 741//3 734//3
f 734//3 736//3 740//3
f 735//3 734//3 741//3
f 741//3 737//3 735//3
f 739//3 735//3 737//3
f 726//3 739//3 738//3
f 742//3 733//3 735//3
f 738//3 730//3 726//3
f 716//3 721//3 733//3
f 715//3 716//3 742//3
f 733//3 742//3 716//3
f 722//3 743//3 726//3
f 709//3 715//3 743//3
f 710//3 709//3 722//3
f 743//3 722//3 709//3
f 742//3 743//3 715//3
f 739//3 726//3 743//3
f 735//3 739//3 742//3
f 743//3 742//3 739//3
f 729//3 725//3 727//3
f 700//3 729//3 728//3
f 744//3 723//3 725//3
f 728//3 704//3 700//3
f 745//3 710//3 723//3
f 746//3 745//3 744//3
f 723//3 744//3 745//3
f 696//3 747//3 700//3
f 748//3 746//3 747//3
f 694//3 748//3 696//3
f 747//3 696//3 748//3
f 744//3 747//3 746//3
f 729//3 700//3 747//3
f 725//3 729//3 744//3
f 747//3 744//3 729//3
f 749//3 711//3 710//3
f 711//3 749//3 714//3
f 749//3 750//3 714//3
f 691//3 751//3 694//3
f 751//3 691//3 752//3
f 691//3 692//3 752//3
f 748//3 694//3 751//3
f 753//3 751//3 754//3
f 751//3 752//3 754//3
f 746//3 748//3 753//3
f 751//3 753//3 748//3
f 745//3 746//3 755//3
f 749//3 755//3 750//3
f 755//3 756//3 750//3
f 710//3 745//3 749//3
f 755//3 749//3 745//3
f 753//3 755//3 746//3
f 755//3 753//3 756//3
f 753//3 754//3 756//3
f 757//3 758//3 759//3
f 760//3 759//3 761//3
f 759//3 762//3 761//3
f 763//3 757//3 760//3
f 759//3 760//3 757//3
f 764//3 763//3 765//3
f 766//3 765//3 767//3
f 765//3 768//3 767//3
f 769//3 764//3 766//3
f 765//3 766//3 764//3
f 760//3 765//3 763//3
f 770//3 771//3 758//3
f 765//3 760//3 768//3
f 760//3 761//3 768//3
f 772//3 773//3 771//3
f 774//3 772//3 770//3
f 771//3 770//3 772//3
f 775//3 776//3 777//3
f 778//3 779//3 772//3
f 772//3 774//3 778//3
f 773//3 772//3 779//3
f 780//3 781//3 769//3
f 779//3 775//3 773//3
f 782//3 783//3 781//3
f 784//3 782//3 780//3
f 781//3 780//3 782//3
f 785//3 786//3 787//3
f 788//3 789//3 782//3
f 782//3 784//3 788//3
f 783//3 782//3 789//3
f 789//3 785//3 783//3
f 787//3 783//3 785//3
f 774//3 787//3 786//3
f 790//3 781//3 783//3
f 786//3 778//3 774//3
f 764//3 769//3 781//3
f 763//3 764//3 790//3
f 781//3 790//3 764//3
f 770//3 791//3 774//3
f 757//3 763//3 791//3
f 758//3 757//3 770//3
f 791//3 770//3 757//3
f 790//3 791//3 763//3
f 787//3 774//3 791//3
f 783//3 787//3 790//3
f 791//3 790//3 787//3
f 792//3 793//3 794//3
f 795//3 794//3 796//3
f 794//3 797//3 796//3
f 798//3 792//3 795//3
f 794//3 795//3 792//3
f 799//3 798//3 800//3
f 801//3 800//3 802//3
f 800//3 803//3 802//3
f 804//3 799//3 801//3
f 800//3 801//3 799//3
f 795//3 800//3 798//3
f 805//3 806//3 793//3
f 800//3 795//3 803//3
f 795//3 796//3 803//3
f 807//3 808//3 806//3
f 809//3 807//3 805//3
f 806//3 805//3 807//3
f 810//3 811//3 812//3
f 813//3 814//3 807//3
f 807//3 809//3 813//3
f 808//3 807//3 814//3
f 815//3 816//3 804//3
f 814//3 810//3 808//3
f 817//3 818//3 816//3
f 819//3 817//3 815//3
f 816//3 815//3 817//3
f 820//3 821//3 822//3
f 823//3 824//3 817//3
f 817//3 819//3 823//3
f 818//3 817//3 824//3
f 824//3 820//3 818//3
f 822//3 818//3 820//3
f 809//3 822//3 821//3
f 825//3 816//3 818//3
f 821//3 813//3 809//3
f 799//3 804//3 816//3
f 798//3 799//3 825//3
f 816//3 825//3 799//3
f 805//3 826//3 809//3
f 792//3 798//3 826//3
f 793//3 792//3 805//3
f 826//3 805//3 792//3
f 825//3 826//3 798//3
f 822//3 809//3 826//3
f 818//3 822//3 825//3
f 826//3 825//3 822//3
f 812//3 808//3 810//3
f 784//3 812//3 811//3
f 827//3 806//3 808//3
f 811//3 788//3 784//3
f 828//3 793//3 806//3
f 829//3 828//3 827//3
f 806//3 827//3 828//3
f 780//3 830//3 784//3
f 831//3 829//3 830//3
f 769//3 831//3 780//3
f 830//3 780//3 831//3
f 827//3 830//3 829//3
f 812//3 784//3 830//3
f 808//3 812//3 827//3
f 830//3 827//3 812//3
f 832//3 794//3 793//3
f 794//3 832//3 797//3
f 832//3 833//3 797//3
f 766//3 834//3 769//3
f 834//3 766//3 835//3
f 766//3 767//3 835//3
f 831//3 769//3 834//3
f 836//3 834//3 837//3
f 834//3 835//3 837//3
f 829//3 831//3 836//3
f 834//3 836//3 831//3
f 828//3 829//3 838//3
f 832//3 838//3 833//3
f 838//3 839//3 833//3
f 793//3 828//3 832//3
f 838//3 832//3 828//3
f 836//3 838//3 829//3
f 838//3 836//3 839//3
f 836//3 837//3 839//3
f 777//3 773//3 775//3
f 736//3 777//3 776//3
f 840//3 771//3 773//3
f 776//3 740//3 736//3
f 841//3 758//3 771//3
f 842//3 841//3 840//3
f 771//3 840//3 841//3
f 732//3 843//3 736//3
f 844//3 842//3 843//3
f 721//3 844//3 732//3
f 843//3 732//3 844//3
f 840//3 843//3 842//3
f 777//3 736//3 843//3
f 773//3 777//3 840//3
f 843//3 840//3 777//3
f 845//3 759//3 758//3
f 759//3 845//3 762//3
f 845//3 846//3 762//3
f 718//3 847//3 721//3
f 847//3 718//3 848//3
f 718//3 719//3 848//3
f 844//3 721//3 847//3
f 849//3 847//3 850//3
f 847//3 848//3 850//3
f 842//3 844//3 849//3
f 847//3 849//3 844//3
f 841//3 842//3 851//3
f 845//3 851//3 846//3
f 851//3 852//3 846//3
f 758//3 841//3 845//3
f 851//3 845//3 841//3
f 849//3 851//3 842//3
f 851//3 849//3 852//3
f 849//3 850//3 852//3
f 853//3 854//3 855//3
f 856//3 855//3 857//3
f 855//3 858//3 857//3
f 859//3 853//3 856//3
f 855//3 856//3 853//3
f 860//3 859//3 861//3
f 862//3 861//3 863//3
f 861//3 864//3 863//3
f 865//3 860//3 862//3
f 861//3 862//3 860//3
f 856//3 861//3 859//3
f 866//3 867//3 854//3
f 861//3 856//3 864//3
f 856//3 857//3 864//3
f 868//3 869//3 867//3
f 870//3 868//3 866//3
f 867//3 866//3 868//3
f 869//3 871//3 872//3
f 870//3 873//3 874//3
f 874//3 868//3 870//3
f 871//3 869//3 868//3
f 875//3 876//3 865//3
f 868//3 874//3 871//3
f 877//3 878//3 876//3
f 879//3 877//3 875//3
f 876//3 875//3 877//3
f 878//3 880//3 881//3
f 879//3 882//3 883//3
f 883//3 877//3 879//3
f 880//3 878//3 877//3
f 877//3 883//3 880//3
f 881//3 884//3 878//3
f 873//3 870//3 884//3
f 885//3 876//3 878//3
f 884//3 881//3 873//3
f 860//3 865//3 876//3
f 859//3 860//3 885//3
f 876//3 885//3 860//3
f 866//3 886//3 870//3
f 853//3 859//3 886//3
f 854//3 853//3 866//3
f 886//3 866//3 853//3
f 885//3 886//3 859//3
f 884//3 870//3 886//3
f 878//3 884//3 885//3
f 886//3 885//3 884//3
f 887//3 888//3 889//3
f 890//3 889//3 891//3
f 889//3 892//3 891//3
f 893//3 887//3 890//3
f 889//3 890//3 887//3
f 894//3 893//3 895//3
f 896//3 895//3 897//3
f 895//3 898//3 897//3
f 899//3 894//3 896//3
f 895//3 896//3 894//3
f 890//3 895//3 893//3
f 900//3 901//3 888//3
f 895//3 890//3 898//3
f 890//3 891//3 898//3
f 902//3 903//3 901//3
f 904//3 902//3 900//3
f 901//3 900//3 902//3
f 903//3 905//3 906//3
f 904//3 907//3 908//3
f 908//3 902//3 904//3
f 905//3 903//3 902//3
f 909//3 910//3 899//3
f 902//3 908//3 905//3
f 911//3 912//3 910//3
f 913//3 911//3 909//3
f 910//3 909//3 911//3
f 912//3 914//3 915//3
f 913//3 916//3 917//3
f 917//3 911//3 913//3
f 914//3 912//3 911//3
f 911//3 917//3 914//3
f 915//3 918//3 912//3
f 907//3 904//3 918//3
f 919//3 910//3 912//3
f 918//3 915//3 907//3
f 894//3 899//3 910//3
f 893//3 894//3 919//3
f 910//3 919//3 894//3
f 900//3 920//3 904//3
f 887//3 893//3 920//3
f 888//3 887//3 900//3
f 920//3 900//3 887//3
f 919//3 920//3 893//3
f 918//3 904//3 920//3
f 912//3 918//3 919//3
f 920//3 919//3 918//3
f 906//3 921//3 903//3
f 882//3 879//3 921//3
f 922//3 901//3 903//3
f 921//3 906//3 882//3
f 923//3 888//3 901//3
f 924//3 923//3 922//3
f 901//3 922//3 923//3
f 875//3 925//3 879//3
f 926//3 924//3 925//3
f 865//3 926//3 875//3
f 925//3 875//3 926//3
f 922//3 925//3 924//3
f 921//3 879//3 925//3
f 903//3 921//3 922//3
f 925//3 922//3 921//3
f 927//3 889//3 888//3
f 889//3 927//3 892//3
f 927//3 928//3 892//3
f 862//3 929//3 865//3
f 929//3 862//3 930//3
f 862//3 863//3 930//3
f 926//3 865//3 929//3
f 931//3 929//3 932//3
f 929//3 930//3 932//3
f 924//3 926//3 931//3
f 929//3 931//3 926//3
f 923//3 924//3 933//3
f 927//3 933//3 928//3
f 933//3 934//3 928//3
f 888//3 923//3 927//3
f 933//3 927//3 923//3
f 931//3 933//3 924//3
f 933//3 931//3 934//3
f 931//3 932//3 934//3
f 935//3 936//3 937//3
f 938//3 937//3 939//3
f 937//3 940//3 939//3
f 941//3 935//3 938//3
f 937//3 938//3 935//3
f 942//3 941//3 943//3
f 944//3 943//3 945//3
f 946//3 942//3 944//3
f 943//3 944//3 942//3
f 938//3 943//3 941//3
f 947//3 948//3 936//3
f 943//3 938//3 949//3
f 938//3 939//3 949//3
f 945//3 943//3 949//3
f 950//3 951//3 948//3
f 952//3 950//3 947//3
f 948//3 947//3 950//3
f 951//3 953//3 954//3
f 952//3 955//3 956//3
f 956//3 950//3 952//3
f 953//3 951//3 950//3
f 957//3 958//3 946//3
f 950//3 956//3 953//3
f 959//3 960//3 958//3
f 961//3 959//3 957//3
f 958//3 957//3 959//3
f 960//3 962//3 963//3
f 961//3 964//3 965//3
f 965//3 959//3 961//3
f 962//3 960//3 959//3
f 959//3 965//3 962//3
f 963//3 966//3 960//3
f 955//3 952//3 966//3
f 967//3 958//3 960//3
f 966//3 963//3 955//3
f 942//3 946//3 958//3
f 941//3 942//3 967//3
f 958//3 967//3 942//3
f 947//3 968//3 952//3
f 935//3 941//3 968//3
f 936//3 935//3 947//3
f 968//3 947//3 935//3
f 967//3 968//3 941//3
f 966//3 952//3 968//3
f 960//3 966//3 967//3
f 968//3 967//3 966//3
f 969//3 970//3 971//3
f 972//3 971//3 973//3
f 971//3 974//3 973//3
f 975//3 969//3 972//3
f 971//3 972//3 969//3
f 367//3 975//3 354//3
f 972//3 352//3 354//3
f 975//3 972//3 354//3
f 976//3 977//3 970//3
f 972//3 973//3 352//3
f 978//3 979//3 977//3
f 980//3 978//3 976//3
f 977//3 976//3 978//3
f 979//3 981//3 982//3
f 980//3 983//3 984//3
f 984//3 978//3 980//3
f 981//3 979//3 978//3
f 978//3 984//3 981//3
f 983//3 980//3 985//3
f 985//3 361//3 983//3
f 976//3 986//3 980//3
f 969//3 975//3 986//3
f 970//3 969//3 976//3
f 986//3 976//3 969//3
f 985//3 980//3 986//3
f 366//3 986//3 367//3
f 986//3 975//3 367//3
f 361//3 985//3 366//3
f 985//3 986//3 366//3
f 982//3 987//3 979//3
f 964//3 961//3 987//3
f 988//3 977//3 979//3
f 987//3 982//3 964//3
f 989//3 970//3 977//3
f 990//3 989//3 988//3
f 977//3 988//3 989//3
f 957//3 991//3 961//3
f 992//3 990//3 991//3
f 946//3 992//3 957//3
f 991//3 957//3 992//3
f 988//3 991//3 990//3
f 987//3 961//3 991//3
f 979//3 987//3 988//3
f 991//3 988//3 987//3
f 993//3 971//3 970//3
f 971//3 993//3 974//3
f 993//3 994//3 974//3
f 944//3 995//3 946//3
f 995//3 944//3 996//3
f 944//3 945//3 996//3
f 992//3 946//3 995//3
f 997//3 995//3 998//3
f 995//3 996//3 998//3
f 990//3 992//3 997//3
f 995//3 997//3 992//3
f 989//3 990//3 999//3
f 993//3 999//3 994//3
f 970//3 989//3 993//3
f 999//3 993//3 989//3
f 997//3 999//3 990//3
f 999//3 997//3 1000//3
f 997//3 998//3 1000//3
f 994//3 999//3 1000//3
f 954//3 1001//3 951//3
f 916//3 913//3 1001//3
f 1002//3 948//3 951//3
f 1001//3 954//3 916//3
f 1003//3 936//3 948//3
f 1004//3 1003//3 1002//3
f 948//3 1002//3 1003//3
f 909//3 1005//3 913//3
f 1006//3 1004//3 1005//3
f 899//3 1006//3 909//3
f 1005//3 909//3 1006//3
f 1002//3 1005//3 1004//3
f 1001//3 913//3 1005//3
f 951//3 1001//3 1002//3
f 1005//3 1002//3 1001//3
f 1007//3 937//3 936//3
f 937//3 1007//3 940//3
f 1007//3 1008//3 940//3
f 896//3 1009//3 899//3
f 1009//3 896//3 1010//3
f 896//3 897//3 1010//3
f 1006//3 899//3 1009//3
f 1011//3 1009//3 1012//3
f 1009//3 1010//3 1012//3
f 1004//3 1006//3 1011//3
f 1009//3 1011//3 1006//3
f 1003//3 1004//3 1013//3
f 1007//3 1013//3 1008//3
f 1013//3 1014//3 1008//3
f 936//3 1003//3 1007//3
f 1013//3 1007//3 1003//3
f 1011//3 1013//3 1004//3
f 1013//3 1011//3 1014//3
f 1011//3 1012//3 1014//3
f 872//3 1015//3 869//3
f 819//3 1015//3 872//3
f 1016//3 867//3 869//3
f 872//3 823//3 819//3
f 1017//3 854//3 867//3
f 1018//3 1017//3 1016//3
f 867//3 1016//3 1017//3
f 815//3 1019//3 819//3
f 1020//3 1018//3 1019//3
f 804//3 1020//3 815//3
f 1019//3 815//3 1020//3
f 1016//3 1019//3 1018//3
f 1015//3 819//3 1019//3
f 869//3 1015//3 1016//3
f 1019//3 1016//3 1015//3
f 1021//3 855//3 854//3
f 855//3 1021//3 858//3
f 1021//3 1022//3 858//3
f 801//3 1023//3 804//3
f 1023//3 801//3 1024//3
f 801//3 802//3 1024//3
f 1020//3 804//3 1023//3
f 1025//3 1023//3 1026//3
f 1023//3 1024//3 1026//3
f 1018//3 1020//3 1025//3
f 1023//3 1025//3 1020//3
f 1017//3 1018//3 1027//3
f 1021//3 1027//3 1022//3
f 1027//3 1028//3 1022//3
f 854//3 1017//3 1021//3
f 1027//3 1021//3 1017//3
f 1025//3 1027//3 1018//3
f 1027//3 1025//3 1028//3
f 1025//3 1026//3 1028//3
f 1029//4 1030//4 1031//4
f 1032//4 1031//4 1033//4
f 1031//4 291//4 1033//4
f 1034//4 1029//4 1032//4
f 1031//4 1032//4 1029//4
f 1031//4 1030//4 290//4
f 1031//4 290//4 291//4
f 1035//4 1036//4 1034//4
f 1037//4 1038//4 1036//4
f 1039//4 1037//4 1035//4
f 1036//4 1035//4 1037//4
f 1040//4 302//4 1041//4
f 1042//4 1043//4 1037//4
f 1037//4 1039//4 1042//4
f 1038//4 1037//4 1043//4
f 1043//4 1040//4 1038//4
f 1041//4 1038//4 1040//4
f 1044//4 1036//4 1038//4
f 304//4 1041//4 302//4
f 1029//4 1034//4 1036//4
f 1030//4 1029//4 1044//4
f 1036//4 1044//4 1029//4
f 290//4 1030//4 289//4
f 1030//4 1044//4 289//4
f 1038//4 1041//4 1044//4
f 289//4 1044//4 304//4
f 1044//4 1041//4 304//4
f 1045//4 1046//4 1047//4
f 1048//4 1047//4 1049//4
f 1047//4 1050//4 1049//4
f 1051//4 1045//4 1048//4
f 1047//4 1048//4 1045//4
f 1052//4 1051//4 1053//4
f 1054//4 1053//4 1055//4
f 1053//4 1056//4 1055//4
f 1057//4 1052//4 1054//4
f 1053//4 1054//4 1052//4
f 1048//4 1053//4 1051//4
f 1058//4 1059//4 1046//4
f 1053//4 1048//4 1056//4
f 1048//4 1049//4 1056//4
f 1060//4 1061//4 1059//4
f 1062//4 1060//4 1058//4
f 1059//4 1058//4 1060//4
f 1063//4 1064//4 1065//4
f 1066//4 1067//4 1060//4
f 1060//4 1062//4 1066//4
f 1061//4 1060//4 1067//4
f 1068//4 1069//4 1057//4
f 1067//4 1063//4 1061//4
f 1070//4 1071//4 1069//4
f 1072//4 1070//4 1068//4
f 1069//4 1068//4 1070//4
f 1073//4 1074//4 1075//4
f 1076//4 1077//4 1070//4
f 1070//4 1072//4 1076//4
f 1071//4 1070//4 1077//4
f 1077//4 1073//4 1071//4
f 1075//4 1071//4 1073//4
f 1062//4 1075//4 1074//4
f 1078//4 1069//4 1071//4
f 1074//4 1066//4 1062//4
f 1052//4 1057//4 1069//4
f 1051//4 1052//4 1078//4
f 1069//4 1078//4 1052//4
f 1058//4 1079//4 1062//4
f 1045//4 1051//4 1079//4
f 1046//4 1045//4 1058//4
f 1079//4 1058//4 1045//4
f 1078//4 1079//4 1051//4
f 1075//4 1062//4 1079//4
f 1071//4 1075//4 1078//4
f 1079//4 1078//4 1075//4
f 1065//4 1061//4 1063//4
f 1039//4 1065//4 1064//4
f 1080//4 1059//4 1061//4
f 1064//4 1042//4 1039//4
f 1081//4 1046//4 1059//4
f 1082//4 1081//4 1080//4
f 1059//4 1080//4 1081//4
f 1035//4 1083//4 1039//4
f 1084//4 1082//4 1083//4
f 1034//4 1084//4 1035//4
f 1083//4 1035//4 1084//4
f 1080//4 1083//4 1082//4
f 1065//4 1039//4 1083//4
f 1061//4 1065//4 1080//4
f 1083//4 1080//4 1065//4
f 1085//4 1047//4 1046//4
f 1047//4 1085//4 1050//4
f 1085//4 1086//4 1050//4
f 1032//4 1087//4 1034//4
f 1087//4 1032//4 1088//4
f 1032//4 1033//4 1088//4
f 1084//4 1034//4 1087//4
f 1089//4 1087//4 1090//4
f 1087//4 1088//4 1090//4
f 1082//4 1084//4 1089//4
f 1087//4 1089//4 1084//4
f 1081//4 1082//4 1091//4
f 1085//4 1091//4 1086//4
f 1091//4 1092//4 1086//4
f 1046//4 1081//4 1085//4
f 1091//4 1085//4 1081//4
f 1089//4 1091//4 1082//4
f 1091//4 1089//4 1092//4
f 1089//4 1090//4 1092//4
f 1093//4 1094//4 1095//4
f 1096//4 1095//4 1097//4
f 1095//4 1098//4 1097//4
f 1099//4 1093//4 1096//4
f 1095//4 1096//4 1093//4
f 1100//4 1099//4 1101//4
f 1102//4 1101//4 1103//4
f 1101//4 1104//4 1103//4
f 1105//4 1100//4 1102//4
f 1101//4 1102//4 1100//4
f 1096//4 1101//4 1099//4
f 1106//4 1107//4 1094//4
f 1101//4 1096//4 1104//4
f 1096//4 1097//4 1104//4
f 1108//4 1109//4 1107//4
f 1110//4 1108//4 1106//4
f 1107//4 1106//4 1108//4
f 1111//4 1112//4 1113//4
f 1114//4 1115//4 1108//4
f 1108//4 1110//4 1114//4
f 1109//4 1108//4 1115//4
f 1116//4 1117//4 1105//4
f 1115//4 1111//4 1109//4
f 1118//4 1119//4 1117//4
f 1120//4 1118//4 1116//4
f 1117//4 1116//4 1118//4
f 1121//4 1122//4 1123//4
f 1124//4 1125//4 1118//4
f 1118//4 1120//4 1124//4
f 1119//4 1118//4 1125//4
f 1125//4 1121//4 1119//4
f 1123//4 1119//4 1121//4
f 1110//4 1123//4 1122//4
f 1126//4 1117//4 1119//4
f 1122//4 1114//4 1110//4
f 1100//4 1105//4 1117//4
f 1099//4 1100//4 1126//4
f 1117//4 1126//4 1100//4
f 1106//4 1127//4 1110//4
f 1093//4 1099//4 1127//4
f 1094//4 1093//4 1106//4
f 1127//4 1106//4 1093//4
f 1126//4 1127//4 1099//4
f 1123//4 1110//4 1127//4
f 1119//4 1123//4 1126//4
f 1127//4 1126//4 1123//4
f 1128//4 1129//4 1130//4
f 1131//4 1130//4 1132//4
f 1130//4 1133//4 1132//4
f 1134//4 1128//4 1131//4
f 1130//4 1131//4 1128//4
f 1135//4 1134//4 1136//4
f 1137//4 1136//4 1138//4
f 1136//4 1139//4 1138//4
f 1140//4 1135//4 1137//4
f 1136//4 1137//4 1135//4
f 1131//4 1136//4 1134//4
f 1141//4 1142//4 1129//4
f 1136//4 1131//4 1139//4
f 1131//4 1132//4 1139//4
f 1143//4 1144//4 1142//4
f 1145//4 1143//4 1141//4
f 1142//4 1141//4 1143//4
f 1146//4 1147//4 1148//4
f 1149//4 1150//4 1143//4
f 1143//4 1145//4 1149//4
f 1144//4 1143//4 1150//4
f 1151//4 1152//4 1140//4
f 1150//4 1146//4 1144//4
f 1153//4 1154//4 1152//4
f 1155//4 1153//4 1151//4
f 1152//4 1151//4 1153//4
f 1156//4 1157//4 1158//4
f 1159//4 1160//4 1153//4
f 1153//4 1155//4 1159//4
f 1154//4 1153//4 1160//4
f 1160//4 1156//4 1154//4
f 1158//4 1154//4 1156//4
f 1145//4 1158//4 1157//4
f 1161//4 1152//4 1154//4
f 1157//4 1149//4 1145//4
f 1135//4 1140//4 1152//4
f 1134//4 1135//4 1161//4
f 1152//4 1161//4 1135//4
f 1141//4 1162//4 1145//4
f 1128//4 1134//4 1162//4
f 1129//4 1128//4 1141//4
f 1162//4 1141//4 1128//4
f 1161//4 1162//4 1134//4
f 1158//4 1145//4 1162//4
f 1154//4 1158//4 1161//4
f 1162//4 1161//4 1158//4
f 1148//4 1144//4 1146//4
f 1120//4 1148//4 1147//4
f 1163//4 1142//4 1144//4
f 1147//4 1124//4 1120//4
f 1164//4 1129//4 1142//4
f 1165//4 1164//4 1163//4
f 1142//4 1163//4 1164//4
f 1116//4 1166//4 1120//4
f 1167//4 1165//4 1166//4
f 1105//4 1167//4 1116//4
f 1166//4 1116//4 1167//4
f 1163//4 1166//4 1165//4
f 1148//4 1120//4 1166//4
f 1144//4 1148//4 1163//4
f 1166//4 1163//4 1148//4
f 1168//4 1130//4 1129//4
f 1130//4 1168//4 1133//4
f 1168//4 1169//4 1133//4
f 1102//4 1170//4 1105//4
f 1170//4 1102//4 1171//4
f 1102//4 1103//4 1171//4
f 1167//4 1105//4 1170//4
f 1172//4 1170//4 1173//4
f 1170//4 1171//4 1173//4
f 1165//4 1167//4 1172//4
f 1170//4 1172//4 1167//4
f 1164//4 1165//4 1174//4
f 1168//4 1174//4 1169//4
f 1174//4 1175//4 1169//4
f 1129//4 1164//4 1168//4
f 1174//4 1168//4 1164//4
f 1172//4 1174//4 1165//4
f 1174//4 1172//4 1175//4
f 1172//4 1173//4 1175//4
f 1113//4 1109//4 1111//4
f 1072//4 1113//4 1112//4
f 1176//4 1107//4 1109//4
f 1112//4 1076//4 1072//4
f 1177//4 1094//4 1107//4
f 1178//4 1177//4 1176//4
f 1107//4 1176//4 1177//4
f 1068//4 1179//4 1072//4
f 1180//4 1178//4 1179//4
f 1057//4 1180//4 1068//4
f 1179//4 1068//4 1180//4
f 1176//4 1179//4 1178//4
f 1113//4 1072//4 1179//4
f 1109//4 1113//4 1176//4
f 1179//4 1176//4 1113//4
f 1181//4 1095//4 1094//4
f 1095//4 1181//4 1098//4
f 1181//4 1182//4 1098//4
f 1054//4 1183//4 1057//4
f 1183//4 1054//4 1184//4
f 1054//4 1055//4 1184//4
f 1180//4 1057//4 1183//4
f 1185//4 1183//4 1186//4
f 1183//4 1184//4 1186//4
f 1178//4 1180//4 1185//4
f 1183//4 1185//4 1180//4
f 1177//4 1178//4 1187//4
f 1181//4 1187//4 1182//4
f 1187//4 1188//4 1182//4
f 1094//4 1177//4 1181//4
f 1187//4 1181//4 1177//4
f 1185//4 1187//4 1178//4
f 1187//4 1185//4 1188//4
f 1185//4 1186//4 1188//4
f 1189//4 1190//4 1191//4
f 1192//4 1191//4 1193//4
f 1191//4 1194//4 1193//4
f 1195//4 1189//4 1192//4
f 1191//4 1192//4 1189//4
f 1196//4 1195//4 1197//4
f 1198//4 1197//4 1199//4
f 1197//4 1200//4 1199//4
f 1201//4 1196//4 1198//4
f 1197//4 1198//4 1196//4
f 1192//4 1197//4 1195//4
f 1202//4 1203//4 1190//4
f 1197//4 1192//4 1200//4
f 1192//4 1193//4 1200//4
f 1204//4 1205//4 1203//4
f 1206//4 1204//4 1202//4
f 1203//4 1202//4 1204//4
f 1205//4 1207//4 1208//4
f 1206//4 1209//4 1210//4
f 1210//4 1204//4 1206//4
f 1207//4 1205//4 1204//4
f 1211//4 1212//4 1201//4
f 1204//4 1210//4 1207//4
f 1213//4 1214//4 1212//4
f 1215//4 1213//4 1211//4
f 1212//4 1211//4 1213//4
f 1214//4 1216//4 1217//4
f 1215//4 1218//4 1219//4
f 1219//4 1213//4 1215//4
f 1216//4 1214//4 1213//4
f 1213//4 1219//4 1216//4
f 1217//4 1220//4 1214//4
f 1209//4 1206//4 1220//4
f 1221//4 1212//4 1214//4
f 1220//4 1217//4 1209//4
f 1196//4 1201//4 1212//4
f 1195//4 1196//4 1221//4
f 1212//4 1221//4 1196//4
f 1202//4 1222//4 1206//4
f 1189//4 1195//4 1222//4
f 1190//4 1189//4 1202//4
f 1222//4 1202//4 1189//4
f 1221//4 1222//4 1195//4
f 1220//4 1206//4 1222//4
f 1214//4 1220//4 1221//4
f 1222//4 1221//4 1220//4
f 1223//4 1224//4 1225//4
f 1226//4 1225//4 1227//4
f 1225//4 1228//4 1227//4
f 1229//4 1223//4 1226//4
f 1225//4 1226//4 1223//4
f 1230//4 1229//4 1231//4
f 1232//4 1231//4 1233//4
f 1231//4 1234//4 1233//4
f 1235//4 1230//4 1232//4
f 1231//4 1232//4 1230//4
f 1226//4 1231//4 1229//4
f 1236//4 1237//4 1224//4
f 1231//4 1226//4 1234//4
f 1226//4 1227//4 1234//4
f 1238//4 1239//4 1237//4
f 1240//4 1238//4 1236//4
f 1237//4 1236//4 1238//4
f 1239//4 1241//4 1242//4
f 1240//4 1243//4 1244//4
f 1244//4 1238//4 1240//4
f 1241//4 1239//4 1238//4
f 1245//4 1246//4 1235//4
f 1238//4 1244//4 1241//4
f 1247//4 1248//4 1246//4
f 1249//4 1247//4 1245//4
f 1246//4 1245//4 1247//4
f 1248//4 1250//4 1251//4
f 1249//4 1252//4 1253//4
f 1253//4 1247//4 1249//4
f 1250//4 1248//4 1247//4
f 1247//4 1253//4 1250//4
f 1251//4 1254//4 1248//4
f 1243//4 1240//4 1254//4
f 1255//4 1246//4 1248//4
f 1254//4 1251//4 1243//4
f 1230//4 1235//4 1246//4
f 1229//4 1230//4 1255//4
f 1246//4 1255//4 1230//4
f 1236//4 1256//4 1240//4
f 1223//4 1229//4 1256//4
f 1224//4 1223//4 1236//4
f 1256//4 1236//4 1223//4
f 1255//4 1256//4 1229//4
f 1254//4 1240//4 1256//4
f 1248//4 1254//4 1255//4
f 1256//4 1255//4 1254//4
f 1242//4 1257//4 1239//4
f 1218//4 1215//4 1257//4
f 1258//4 1237//4 1239//4
f 1257//4 1242//4 1218//4
f 1259//4 1224//4 1237//4
f 1260//4 1259//4 1258//4
f 1237//4 1258//4 1259//4
f 1211//4 1261//4 1215//4
f 1262//4 1260//4 1261//4
f 1201//4 1262//4 1211//4
f 1261//4 1211//4 1262//4
f 1258//4 1261//4 1260//4
f 1257//4 1215//4 1261//4
f 1239//4 1257//4 1258//4
f 1261//4 1258//4 1257//4
f 1263//4 1225//4 1224//4
f 1225//4 1263//4 1228//4
f 1263//4 1264//4 1228//4
f 1198//4 1265//4 1201//4
f 1265//4 1198//4 1266//4
f 1198//4 1199//4 1266//4
f 1262//4 1201//4 1265//4
f 1267//4 1265//4 1268//4
f 1265//4 1266//4 1268//4
f 1260//4 1262//4 1267//4
f 1265//4 1267//4 1262//4
f 1259//4 1260//4 1269//4
f 1263//4 1269//4 1264//4
f 1269//4 1270//4 1264//4
f 1224//4 1259//4 1263//4
f 1269//4 1263//4 1259//4
f 1267//4 1269//4 1260//4
f 1269//4 1267//4 1270//4
f 1267//4 1268//4 1270//4
f 1271//4 1272//4 1273//4
f 1274//4 1273//4 1275//4
f 1273//4 1276//4 1275//4
f 1277//4 1271//4 1274//4
f 1273//4 1274//4 1271//4
f 1278//4 1277//4 1279//4
f 1280//4 1279//4 1281//4
f 1282//4 1278//4 1280//4
f 1279//4 1280//4 1278//4
f 1274//4 1279//4 1277//4
f 1283//4 1284//4 1272//4
f 1279//4 1274//4 1285//4
f 1274//4 1275//4 1285//4
f 1281//4 1279//4 1285//4
f 1286//4 1287//4 1284//4
f 1288//4 1286//4 1283//4
f 1284//4 1283//4 1286//4
f 1287//4 1289//4 1290//4
f 1288//4 1291//4 1292//4
f 1292//4 1286//4 1288//4
f 1289//4 1287//4 1286//4
f 1293//4 1294//4 1282//4
f 1286//4 1292//4 1289//4
f 1295//4 1296//4 1294//4
f 1297//4 1295//4 1293//4
f 1294//4 1293//4 1295//4
f 1296//4 1298//4 1299//4
f 1297//4 1300//4 1301//4
f 1301//4 1295//4 1297//4
f 1298//4 1296//4 1295//4
f 1295//4 1301//4 1298//4
f 1299//4 1302//4 1296//4
f 1291//4 1288//4 1302//4
f 1303//4 1294//4 1296//4
f 1302//4 1299//4 1291//4
f 1278//4 1282//4 1294//4
f 1277//4 1278//4 1303//4
f 1294//4 1303//4 1278//4
f 1283//4 1304//4 1288//4
f 1271//4 1277//4 1304//4
f 1272//4 1271//4 1283//4
f 1304//4 1283//4 1271//4
f 1303//4 1304//4 1277//4
f 1302//4 1288//4 1304//4
f 1296//4 1302//4 1303//4
f 1304//4 1303//4 1302//4
f 1305//4 1306//4 1307//4
f 1308//4 1307//4 1309//4
f 1307//4 1310//4 1309//4
f 1311//4 1305//4 1308//4
f 1307//4 1308//4 1305//4
f 708//4 1311//4 695//4
f 1308//4 693//4 695//4
f 1311//4 1308//4 695//4
f 1312//4 1313//4 1306//4
f 1308//4 1309//4 693//4
f 1314//4 1315//4 1313//4
f 1316//4 1314//4 1312//4
f 1313//4 1312//4 1314//4
f 1315//4 1317//4 1318//4
f 1316//4 1319//4 1320//4
f 1320//4 1314//4 1316//4
f 1317//4 1315//4 1314//4
f 1314//4 1320//4 1317//4
f 1319//4 1316//4 1321//4
f 1321//4 702//4 1319//4
f 1312//4 1322//4 1316//4
f 1305//4 1311//4 1322//4
f 1306//4 1305//4 1312//4
f 1322//4 1312//4 1305//4
f 1321//4 1316//4 1322//4
f 707//4 1322//4 708//4
f 1322//4 1311//4 708//4
f 702//4 1321//4 707//4
f 1321//4 1322//4 707//4
f 1318//4 1323//4 1315//4
f 1300//4 1297//4 1323//4
f 1324//4 1313//4 1315//4
f 1323//4 1318//4 1300//4
f 1325//4 1306//4 1313//4
f 1326//4 1325//4 1324//4
f 1313//4 1324//4 1325//4
f 1293//4 1327//4 1297//4
f 1328//4 1326//4 1327//4
f 1282//4 1328//4 1293//4
f 1327//4 1293//4 1328//4
f 1324//4 1327//4 1326//4
f 1323//4 1297//4 1327//4
f 1315//4 1323//4 1324//4
f 1327//4 1324//4 1323//4
f 1329//4 1307//4 1306//4
f 1307//4 1329//4 1310//4
f 1329//4 1330//4 1310//4
f 1280//4 1331//4 1282//4
f 1331//4 1280//4 1332//4
f 1280//4 1281//4 1332//4
f 1328//4 1282//4 1331//4
f 1333//4 1331//4 1334//4
f 1331//4 1332//4 1334//4
f 1326//4 1328//4 1333//4
f 1331//4 1333//4 1328//4
f 1325//4 1326//4 1335//4
f 1329//4 1335//4 1330//4
f 1306//4 1325//4 1329//4
f 1335//4 1329//4 1325//4
f 1333//4 1335//4 1326//4
f 1335//4 1333//4 1336//4
f 1333//4 1334//4 1336//4
f 1330//4 1335//4 1336//4
f 1290//4 1337//4 1287//4
f 1252//4 1249//4 1337//4
f 1338//4 1284//4 1287//4
f 1337//4 1290//4 1252//4
f 1339//4 1272//4 1284//4
f 1340//4 1339//4 1338//4
f 1284//4 1338//4 1339//4
f 1245//4 1341//4 1249//4
f 1342//4 1340//4 1341//4
f 1235//4 1342//4 1245//4
f 1341//4 1245//4 1342//4
f 1338//4 1341//4 1340//4
f 1337//4 1249//4 1341//4
f 1287//4 1337//4 1338//4
f 1341//4 1338//4 1337//4
f 1343//4 1273//4 1272//4
f 1273//4 1343//4 1276//4
f 1343//4 1344//4 1276//4
f 1232//4 1345//4 1235//4
f 1345//4 1232//4 1346//4
f 1232//4 1233//4 1346//4
f 1342//4 1235//4 1345//4
f 1347//4 1345//4 1348//4
f 1345//4 1346//4 1348//4
f 1340//4 1342//4 1347//4
f 1345//4 1347//4 1342//4
f 1339//4 1340//4 1349//4
f 1343//4 1349//4 1344//4
f 1349//4 1350//4 1344//4
f 1272//4 1339//4 1343//4
f 1349//4 1343//4 1339//4
f 1347//4 1349//4 1340//4
f 1349//4 1347//4 1350//4
f 1347//4 1348//4 1350//4
f 1208//4 1351//4 1205//4
f 1155//4 1351//4 1208//4
f 1352//4 1203//4 1205//4
f 1208//4 1159//4 1155//4
f 1353//4 1190//4 1203//4
f 1354//4 1353//4 1352//4
f 1203//4 1352//4 1353//4
f 1151//4 1355//4 1155//4
f 1356//4 1354//4 1355//4
f 1140//4 1356//4 1151//4
f 1355//4 1151//4 1356//4
f 1352//4 1355//4 1354//4
f 1351//4 1155//4 1355//4
f 1205//4 1351//4 1352//4
f 1355//4 1352//4 1351//4
f 1357//4 1191//4 1190//4
f 1191//4 1357//4 1194//4
f 1357//4 1358//4 1194//4
f 1137//4 1359//4 1140//4
f 1359//4 1137//4 1360//4
f 1137//4 1138//4 1360//4
f 1356//4 1140//4 1359//4
f 1361//4 1359//4 1362//4
f 1359//4 1360//4 1362//4
f 1354//4 1356//4 1361//4
f 1359//4 1361//4 1356//4
f 1353//4 1354//4 1363//4
f 1357//4 1363//4 1358//4
f 1363//4 1364//4 1358//4
f 1190//4 1353//4 1357//4
f 1363//4 1357//4 1353//4
f 1361//4 1363//4 1354//4
f 1363//4 1361//4 1364//4
f 1361//4 1362//4 1364//4
f 1365//5 1366//5 291//5
f 286//5 1365//5 291//5
f 1367//5 1368//5 286//5
f 287//5 1367//5 286//5
f 1369//5 1367//5 287//5
f 312//5 1369//5 287//5
f 1370//5 1088//5 1033//5
f 1088//5 1371//5 1090//5
f 1371//5 1372//5 1090//5
f 1373//5 1374//5 1369//5
f 1375//5 1376//5 1374//5
f 1377//5 1375//5 1373//5
f 1374//5 1373//5 1375//5
f 1378//5 1379//5 1376//5
f 1380//5 1372//5 1379//5
f 1381//5 1380//5 1378//5
f 1379//5 1378//5 1380//5
f 1382//5 1383//5 1377//5
f 1384//5 1381//5 1383//5
f 1385//5 1384//5 1382//5
f 1383//5 1382//5 1384//5
f 1378//5 1383//5 1381//5
f 1375//5 1377//5 1383//5
f 1376//5 1375//5 1378//5
f 1383//5 1378//5 1375//5
f 1371//5 1379//5 1372//5
f 1370//5 1376//5 1379//5
f 1371//5 1088//5 1370//5
f 1379//5 1371//5 1370//5
f 1368//5 1374//5 1376//5
f 1367//5 1369//5 1374//5
f 1365//5 286//5 1368//5
f 1374//5 1368//5 1367//5
f 291//5 1366//5 1033//5
f 1368//5 1366//5 1365//5
f 1033//5 1366//5 1370//5
f 1376//5 1370//5 1368//5
f 1366//5 1368//5 1370//5
f 1386//5 1387//5 258//5
f 262//5 1386//5 258//5
f 1388//5 1389//5 262//5
f 252//5 1388//5 262//5
f 1390//5 1391//5 252//5
f 253//5 1390//5 252//5
f 1392//5 1393//5 253//5
f 326//5 1392//5 253//5
f 1387//5 1394//5 1395//5
f 1396//5 1397//5 1394//5
f 1398//5 1396//5 1387//5
f 1394//5 1387//5 1396//5
f 1399//5 1400//5 1397//5
f 1401//5 1385//5 1400//5
f 1402//5 1401//5 1399//5
f 1400//5 1399//5 1401//5
f 1403//5 1404//5 1398//5
f 1405//5 1402//5 1404//5
f 1406//5 1405//5 1403//5
f 1404//5 1403//5 1405//5
f 1399//5 1404//5 1402//5
f 1396//5 1398//5 1404//5
f 1397//5 1396//5 1399//5
f 1404//5 1399//5 1396//5
f 1407//5 1393//5 1392//5
f 1408//5 1409//5 1393//5
f 1410//5 1408//5 1407//5
f 1393//5 1407//5 1408//5
f 1411//5 1412//5 1409//5
f 1413//5 1406//5 1412//5
f 1414//5 1413//5 1411//5
f 1412//5 1411//5 1413//5
f 1415//5 1416//5 1410//5
f 1417//5 1414//5 1416//5
f 1418//5 1417//5 1415//5
f 1416//5 1415//5 1417//5
f 1411//5 1416//5 1414//5
f 1408//5 1410//5 1416//5
f 1409//5 1408//5 1411//5
f 1416//5 1411//5 1408//5
f 1403//5 1412//5 1406//5
f 1419//5 1409//5 1412//5
f 1398//5 1419//5 1403//5
f 1412//5 1403//5 1419//5
f 1391//5 1393//5 1409//5
f 1390//5 253//5 1393//5
f 1388//5 252//5 1391//5
f 1393//5 1391//5 1390//5
f 1387//5 1389//5 1398//5
f 1386//5 262//5 1389//5
f 1395//5 258//5 1387//5
f 1389//5 1387//5 1386//5
f 1391//5 1389//5 1388//5
f 1419//5 1398//5 1389//5
f 1409//5 1419//5 1391//5
f 1389//5 1391//5 1419//5
f 1382//5 1400//5 1385//5
f 1420//5 1397//5 1400//5
f 1377//5 1420//5 1382//5
f 1400//5 1382//5 1420//5
f 1421//5 1394//5 1397//5
f 1422//5 314//5 1394//5
f 1423//5 316//5 1421//5
f 1394//5 1421//5 1422//5
f 1373//5 1424//5 1377//5
f 1425//5 1423//5 1424//5
f 1369//5 1425//5 1373//5
f 1424//5 1373//5 1425//5
f 1421//5 1424//5 1423//5
f 1420//5 1377//5 1424//5
f 1397//5 1420//5 1421//5
f 1424//5 1421//5 1420//5
f 1425//5 1369//5 312//5
f 318//5 1425//5 312//5
f 1423//5 1425//5 318//5
f 316//5 1423//5 318//5
f 1422//5 1421//5 316//5
f 314//5 1422//5 316//5
f 1395//5 1394//5 314//5
f 258//5 1395//5 314//5
f 1426//5 1427//5 210//5
f 211//5 1426//5 210//5
f 1428//5 1429//5 211//5
f 204//5 1428//5 211//5
f 1430//5 1431//5 204//5
f 205//5 1430//5 204//5
f 1432//5 1433//5 205//5
f 241//5 1432//5 205//5
f 1427//5 1434//5 1435//5
f 1436//5 1437//5 1434//5
f 1438//5 1436//5 1427//5
f 1434//5 1427//5 1436//5
f 1439//5 1440//5 1437//5
f 1441//5 1418//5 1440//5
f 1442//5 1441//5 1439//5
f 1440//5 1439//5 1441//5
f 1443//5 1444//5 1438//5
f 1445//5 1442//5 1444//5
f 1446//5 1445//5 1443//5
f 1444//5 1443//5 1445//5
f 1439//5 1444//5 1442//5
f 1436//5 1438//5 1444//5
f 1437//5 1436//5 1439//5
f 1444//5 1439//5 1436//5
f 1447//5 1433//5 1432//5
f 1448//5 1449//5 1433//5
f 1450//5 1448//5 1447//5
f 1433//5 1447//5 1448//5
f 1451//5 1452//5 1449//5
f 1453//5 1446//5 1452//5
f 1454//5 1453//5 1451//5
f 1452//5 1451//5 1453//5
f 1455//5 1456//5 1450//5
f 1457//5 1454//5 1456//5
f 1458//5 1457//5 1455//5
f 1456//5 1455//5 1457//5
f 1451//5 1456//5 1454//5
f 1448//5 1450//5 1456//5
f 1449//5 1448//5 1451//5
f 1456//5 1451//5 1448//5
f 1443//5 1452//5 1446//5
f 1459//5 1449//5 1452//5
f 1438//5 1459//5 1443//5
f 1452//5 1443//5 1459//5
f 1431//5 1433//5 1449//5
f 1430//5 205//5 1433//5
f 1428//5 204//5 1431//5
f 1433//5 1431//5 1430//5
f 1427//5 1429//5 1438//5
f 1426//5 211//5 1429//5
f 1435//5 210//5 1427//5
f 1429//5 1427//5 1426//5
f 1431//5 1429//5 1428//5
f 1459//5 1438//5 1429//5
f 1449//5 1459//5 1431//5
f 1429//5 1431//5 1459//5
f 177//5 1460//5 176//5
f 1460//5 1461//5 176//5
f 1462//5 1463//5 177//5
f 171//5 1464//5 170//5
f 1464//5 1465//5 170//5
f 1466//5 1467//5 171//5
f 170//5 1462//5 177//5
f 1461//5 1468//5 1469//5
f 1470//5 1471//5 1468//5
f 1472//5 1470//5 1461//5
f 1468//5 1461//5 1470//5
f 1473//5 1474//5 1471//5
f 1475//5 1458//5 1474//5
f 1476//5 1475//5 1473//5
f 1474//5 1473//5 1475//5
f 1477//5 1478//5 1472//5
f 1479//5 1476//5 1478//5
f 1480//5 1479//5 1477//5
f 1478//5 1477//5 1479//5
f 1473//5 1478//5 1476//5
f 1470//5 1472//5 1478//5
f 1471//5 1470//5 1473//5
f 1478//5 1473//5 1470//5
f 1481//5 1467//5 1466//5
f 1482//5 1483//5 1467//5
f 1484//5 1482//5 1481//5
f 1467//5 1481//5 1482//5
f 1485//5 1486//5 1483//5
f 1487//5 1480//5 1486//5
f 1488//5 1487//5 1485//5
f 1486//5 1485//5 1487//5
f 1489//5 1490//5 1484//5
f 1491//5 1488//5 1490//5
f 1492//5 1491//5 1489//5
f 1490//5 1489//5 1491//5
f 1485//5 1490//5 1488//5
f 1482//5 1484//5 1490//5
f 1483//5 1482//5 1485//5
f 1490//5 1485//5 1482//5
f 1477//5 1486//5 1480//5
f 1493//5 1483//5 1486//5
f 1472//5 1493//5 1477//5
f 1486//5 1477//5 1493//5
f 1465//5 1467//5 1483//5
f 1464//5 171//5 1467//5
f 1462//5 170//5 1465//5
f 1467//5 1465//5 1464//5
f 1461//5 1463//5 1472//5
f 1460//5 177//5 1463//5
f 1469//5 176//5 1461//5
f 1463//5 1461//5 1460//5
f 1465//5 1463//5 1462//5
f 1493//5 1472//5 1463//5
f 1483//5 1493//5 1465//5
f 1463//5 1465//5 1493//5
f 1455//5 1474//5 1458//5
f 1494//5 1471//5 1474//5
f 1450//5 1494//5 1455//5
f 1474//5 1455//5 1494//5
f 1495//5 1468//5 1471//5
f 1496//5 243//5 1468//5
f 1497//5 245//5 1495//5
f 1468//5 1495//5 1496//5
f 1447//5 1498//5 1450//5
f 1499//5 1497//5 1498//5
f 1432//5 1499//5 1447//5
f 1498//5 1447//5 1499//5
f 1495//5 1498//5 1497//5
f 1494//5 1450//5 1498//5
f 1471//5 1494//5 1495//5
f 1498//5 1495//5 1494//5
f 1499//5 1432//5 241//5
f 247//5 1499//5 241//5
f 1497//5 1499//5 247//5
f 245//5 1497//5 247//5
f 1496//5 1495//5 245//5
f 243//5 1496//5 245//5
f 1469//5 1468//5 243//5
f 176//5 1469//5 243//5
f 1415//5 1440//5 1418//5
f 1500//5 1437//5 1440//5
f 1410//5 1500//5 1415//5
f 1440//5 1415//5 1500//5
f 1501//5 1434//5 1437//5
f 1502//5 1435//5 1434//5
f 1503//5 1502//5 1501//5
f 1434//5 1501//5 1502//5
f 1407//5 1504//5 1410//5
f 1505//5 1503//5 1504//5
f 1392//5 1505//5 1407//5
f 1504//5 1407//5 1505//5
f 1501//5 1504//5 1503//5
f 1500//5 1410//5 1504//5
f 1437//5 1500//5 1501//5
f 1504//5 1501//5 1500//5
f 1505//5 1392//5 326//5
f 332//5 1505//5 326//5
f 1503//5 1505//5 332//5
f 330//5 1503//5 332//5
f 1502//5 1503//5 330//5
f 328//5 1502//5 330//5
f 1435//5 1502//5 328//5
f 210//5 1435//5 328//5
f 1506//5 1507//5 342//5
f 115//5 1506//5 342//5
f 1508//5 1509//5 115//5
f 116//5 1508//5 115//5
f 1510//5 1511//5 116//5
f 109//5 1510//5 116//5
f 1512//5 1513//5 109//5
f 110//5 1512//5 109//5
f 1514//5 1515//5 1507//5
f 1516//5 1517//5 1515//5
f 1518//5 1516//5 1514//5
f 1515//5 1514//5 1516//5
f 1519//5 1520//5 1517//5
f 1521//5 1492//5 1520//5
f 1522//5 1521//5 1519//5
f 1520//5 1519//5 1521//5
f 1523//5 1524//5 1518//5
f 1525//5 1522//5 1524//5
f 1526//5 1525//5 1523//5
f 1524//5 1523//5 1525//5
f 1519//5 1524//5 1522//5
f 1516//5 1518//5 1524//5
f 1517//5 1516//5 1519//5
f 1524//5 1519//5 1516//5
f 1527//5 1513//5 1512//5
f 1528//5 1529//5 1513//5
f 1530//5 1528//5 1527//5
f 1513//5 1527//5 1528//5
f 1531//5 1532//5 1529//5
f 1533//5 1526//5 1532//5
f 1534//5 1533//5 1531//5
f 1532//5 1531//5 1533//5
f 1535//5 1536//5 1530//5
f 1537//5 1534//5 1536//5
f 1538//5 1537//5 1535//5
f 1536//5 1535//5 1537//5
f 1531//5 1536//5 1534//5
f 1528//5 1530//5 1536//5
f 1529//5 1528//5 1531//5
f 1536//5 1531//5 1528//5
f 1523//5 1532//5 1526//5
f 1539//5 1529//5 1532//5
f 1518//5 1539//5 1523//5
f 1532//5 1523//5 1539//5
f 1511//5 1513//5 1529//5
f 1510//5 109//5 1513//5
f 1508//5 116//5 1511//5
f 1513//5 1511//5 1510//5
f 1514//5 1509//5 1518//5
f 1506//5 115//5 1509//5
f 1507//5 1506//5 1514//5
f 1509//5 1514//5 1506//5
f 1511//5 1509//5 1508//5
f 1539//5 1518//5 1509//5
f 1529//5 1539//5 1511//5
f 1509//5 1511//5 1539//5
f 1540//5 1541//5 148//5
f 80//5 1540//5 148//5
f 1542//5 1543//5 80//5
f 81//5 1542//5 80//5
f 1544//5 1545//5 81//5
f 74//5 1544//5 81//5
f 1546//5 1547//5 74//5
f 75//5 1546//5 74//5
f 1541//5 1548//5 1549//5
f 1550//5 1551//5 1548//5
f 1552//5 1550//5 1541//5
f 1548//5 1541//5 1550//5
f 1553//5 1554//5 1551//5
f 1555//5 1538//5 1554//5
f 1556//5 1555//5 1553//5
f 1554//5 1553//5 1555//5
f 1557//5 1558//5 1552//5
f 1559//5 1556//5 1558//5
f 1560//5 1559//5 1557//5
f 1558//5 1557//5 1559//5
f 1553//5 1558//5 1556//5
f 1550//5 1552//5 1558//5
f 1551//5 1550//5 1553//5
f 1558//5 1553//5 1550//5
f 1561//5 1547//5 1546//5
f 1562//5 1563//5 1547//5
f 1564//5 1562//5 1561//5
f 1547//5 1561//5 1562//5
f 1565//5 1566//5 1563//5
f 1567//5 1560//5 1566//5
f 1568//5 1567//5 1565//5
f 1566//5 1565//5 1567//5
f 1569//5 1570//5 1564//5
f 1571//5 1568//5 1570//5
f 1572//5 1571//5 1569//5
f 1570//5 1569//5 1571//5
f 1565//5 1570//5 1568//5
f 1562//5 1564//5 1570//5
f 1563//5 1562//5 1565//5
f 1570//5 1565//5 1562//5
f 1557//5 1566//5 1560//5
f 1573//5 1563//5 1566//5
f 1552//5 1573//5 1557//5
f 1566//5 1557//5 1573//5
f 1545//5 1547//5 1563//5
f 1544//5 74//5 1547//5
f 1542//5 81//5 1545//5
f 1547//5 1545//5 1544//5
f 1541//5 1543//5 1552//5
f 1540//5 80//5 1543//5
f 1549//5 148//5 1541//5
f 1543//5 1541//5 1540//5
f 1545//5 1543//5 1542//5
f 1573//5 1552//5 1543//5
f 1563//5 1573//5 1545//5
f 1543//5 1545//5 1573//5
f 1535//5 1554//5 1538//5
f 1574//5 1551//5 1554//5
f 1530//5 1574//5 1535//5
f 1554//5 1535//5 1574//5
f 1575//5 1548//5 1551//5
f 1576//5 150//5 1548//5
f 1577//5 152//5 1575//5
f 1548//5 1575//5 1576//5
f 1527//5 1578//5 1530//5
f 1579//5 1577//5 1578//5
f 1512//5 1579//5 1527//5
f 1578//5 1527//5 1579//5
f 1575//5 1578//5 1577//5
f 1574//5 1530//5 1578//5
f 1551//5 1574//5 1575//5
f 1578//5 1575//5 1574//5
f 1579//5 1512//5 110//5
f 146//5 1579//5 110//5
f 1577//5 1579//5 146//5
f 152//5 1577//5 146//5
f 1576//5 1575//5 152//5
f 150//5 1576//5 152//5
f 1549//5 1548//5 150//5
f 148//5 1549//5 150//5
f 1580//5 1581//5 161//5
f 32//5 1580//5 161//5
f 1582//5 1583//5 32//5
f 33//5 1582//5 32//5
f 1584//5 1585//5 33//5
f 26//5 1584//5 33//5
f 1586//5 1587//5 26//5
f 27//5 1586//5 26//5
f 1581//5 1588//5 1589//5
f 1590//5 1591//5 1588//5
f 1592//5 1590//5 1581//5
f 1588//5 1581//5 1590//5
f 1593//5 1594//5 1591//5
f 1595//5 1572//5 1594//5
f 1596//5 1595//5 1593//5
f 1594//5 1593//5 1595//5
f 1597//5 1598//5 1592//5
f 1599//5 1596//5 1598//5
f 1600//5 1599//5 1597//5
f 1598//5 1597//5 1599//5
f 1593//5 1598//5 1596//5
f 1590//5 1592//5 1598//5
f 1591//5 1590//5 1593//5
f 1598//5 1593//5 1590//5
f 1601//5 1587//5 1586//5
f 1602//5 1603//5 1587//5
f 1604//5 1602//5 1601//5
f 1587//5 1601//5 1602//5
f 1605//5 1606//5 1603//5
f 1607//5 1600//5 1606//5
f 1608//5 1607//5 1605//5
f 1606//5 1605//5 1607//5
f 1609//5 1610//5 1604//5
f 1611//5 1608//5 1610//5
f 1612//5 1611//5 1609//5
f 1610//5 1609//5 1611//5
f 1605//5 1610//5 1608//5
f 1602//5 1604//5 1610//5
f 1603//5 1602//5 1605//5
f 1610//5 1605//5 1602//5
f 1597//5 1606//5 1600//5
f 1613//5 1603//5 1606//5
f 1592//5 1613//5 1597//5
f 1606//5 1597//5 1613//5
f 1585//5 1587//5 1603//5
f 1584//5 26//5 1587//5
f 1582//5 33//5 1585//5
f 1587//5 1585//5 1584//5
f 1581//5 1583//5 1592//5
f 1580//5 32//5 1583//5
f 1589//5 161//5 1581//5
f 1583//5 1581//5 1580//5
f 1585//5 1583//5 1582//5
f 1613//5 1592//5 1583//5
f 1603//5 1613//5 1585//5
f 1583//5 1585//5 1613//5
f 5//5 1614//5 65//5
f 1614//5 1615//5 65//5
f 1616//5 1617//5 5//5
f 632//5 1618//5 6//5
f 6//5 1616//5 5//5
f 1615//5 1619//5 1620//5
f 1621//5 1622//5 1619//5
f 1623//5 1621//5 1615//5
f 1619//5 1615//5 1621//5
f 1624//5 1625//5 1622//5
f 1626//5 1612//5 1625//5
f 1627//5 1626//5 1624//5
f 1625//5 1624//5 1626//5
f 1628//5 1629//5 1623//5
f 1630//5 1627//5 1629//5
f 1631//5 1630//5 1628//5
f 1629//5 1628//5 1630//5
f 1624//5 1629//5 1627//5
f 1621//5 1623//5 1629//5
f 1622//5 1621//5 1624//5
f 1629//5 1624//5 1621//5
f 1632//5 653//5 1631//5
f 653//5 1632//5 633//5
f 1632//5 1633//5 633//5
f 659//5 1631//5 653//5
f 1628//5 1632//5 1631//5
f 1623//5 1633//5 1628//5
f 1632//5 1628//5 1633//5
f 632//5 633//5 1633//5
f 1616//5 6//5 1618//5
f 1615//5 1617//5 1623//5
f 1614//5 5//5 1617//5
f 1620//5 65//5 1615//5
f 1617//5 1615//5 1614//5
f 1618//5 1617//5 1616//5
f 1633//5 1623//5 1617//5
f 1633//5 1618//5 632//5
f 1617//5 1618//5 1633//5
f 1609//5 1625//5 1612//5
f 1634//5 1622//5 1625//5
f 1604//5 1634//5 1609//5
f 1625//5 1609//5 1634//5
f 1635//5 1619//5 1622//5
f 1636//5 67//5 1619//5
f 1637//5 69//5 1635//5
f 1619//5 1635//5 1636//5
f 1601//5 1638//5 1604//5
f 1639//5 1637//5 1638//5
f 1586//5 1639//5 1601//5
f 1638//5 1601//5 1639//5
f 1635//5 1638//5 1637//5
f 1634//5 1604//5 1638//5
f 1622//5 1634//5 1635//5
f 1638//5 1635//5 1634//5
f 65//5 1620//5 67//5
f 1639//5 1586//5 27//5
f 63//5 1639//5 27//5
f 1637//5 1639//5 63//5
f 69//5 1637//5 63//5
f 67//5 1636//5 69//5
f 1636//5 1635//5 69//5
f 1620//5 1619//5 67//5
f 1569//5 1594//5 1572//5
f 1640//5 1591//5 1594//5
f 1564//5 1640//5 1569//5
f 1594//5 1569//5 1640//5
f 1641//5 1588//5 1591//5
f 1642//5 163//5 1588//5
f 1643//5 1642//5 1641//5
f 1588//5 1641//5 1642//5
f 1561//5 1644//5 1564//5
f 1645//5 1643//5 1644//5
f 1546//5 1645//5 1561//5
f 1644//5 1561//5 1645//5
f 1641//5 1644//5 1643//5
f 1640//5 1564//5 1644//5
f 1591//5 1640//5 1641//5
f 1644//5 1641//5 1640//5
f 1645//5 1546//5 75//5
f 159//5 1645//5 75//5
f 1643//5 1645//5 159//5
f 165//5 1643//5 159//5
f 1642//5 1643//5 165//5
f 163//5 1642//5 165//5
f 1589//5 1588//5 163//5
f 161//5 1589//5 163//5
f 1489//5 1520//5 1492//5
f 1646//5 1517//5 1520//5
f 1484//5 1646//5 1489//5
f 1520//5 1489//5 1646//5
f 1647//5 1515//5 1517//5
f 1648//5 1507//5 1515//5
f 1649//5 1648//5 1647//5
f 1515//5 1647//5 1648//5
f 1481//5 1650//5 1484//5
f 1651//5 1649//5 1650//5
f 1466//5 1651//5 1481//5
f 1650//5 1481//5 1651//5
f 1647//5 1650//5 1649//5
f 1646//5 1484//5 1650//5
f 1517//5 1646//5 1647//5
f 1650//5 1647//5 1646//5
f 340//5 1466//5 171//5
f 1651//5 1466//5 340//5
f 346//5 1651//5 340//5
f 1649//5 346//5 1648//5
f 1507//5 1648//5 344//5
f 342//5 1507//5 344//5
f 344//5 1648//5 346//5
f 1649//5 1651//5 346//5
f 1652//5 1184//5 1055//5
f 1056//5 1653//5 1055//5
f 1652//5 1654//5 1184//5
f 1655//5 1656//5 1654//5
f 1188//5 1186//5 1656//5
f 1657//5 1658//5 1655//5
f 1656//5 1655//5 1658//5
f 1656//5 1658//5 1188//5
f 1659//5 1660//5 1657//5
f 1188//5 1661//5 1182//5
f 1661//5 1662//5 1182//5
f 1663//5 1662//5 1660//5
f 1664//5 1663//5 1659//5
f 1660//5 1659//5 1663//5
f 1661//5 1660//5 1662//5
f 1658//5 1657//5 1660//5
f 1661//5 1188//5 1658//5
f 1660//5 1661//5 1658//5
f 1097//5 1665//5 1666//5
f 1103//5 1104//5 1666//5
f 1667//5 1668//5 1664//5
f 1669//5 1670//5 1668//5
f 1671//5 1669//5 1667//5
f 1668//5 1667//5 1669//5
f 1672//5 1673//5 1670//5
f 1674//5 1675//5 1673//5
f 1676//5 1674//5 1672//5
f 1673//5 1672//5 1674//5
f 1677//5 1678//5 1671//5
f 1679//5 1676//5 1678//5
f 1680//5 1679//5 1677//5
f 1678//5 1677//5 1679//5
f 1672//5 1678//5 1676//5
f 1669//5 1671//5 1678//5
f 1670//5 1669//5 1672//5
f 1678//5 1672//5 1669//5
f 1666//5 1673//5 1675//5
f 1665//5 1670//5 1673//5
f 1666//5 1104//5 1097//5
f 1673//5 1666//5 1665//5
f 1681//5 1668//5 1670//5
f 1663//5 1664//5 1668//5
f 1662//5 1663//5 1681//5
f 1668//5 1681//5 1663//5
f 1682//5 1098//5 1662//5
f 1682//5 1665//5 1097//5
f 1681//5 1682//5 1662//5
f 1682//5 1097//5 1098//5
f 1182//5 1662//5 1098//5
f 1670//5 1665//5 1681//5
f 1682//5 1681//5 1665//5
f 1656//5 1186//5 1184//5
f 1184//5 1654//5 1656//5
f 1683//5 1684//5 1680//5
f 1685//5 1686//5 1684//5
f 1687//5 1685//5 1683//5
f 1684//5 1683//5 1685//5
f 1688//5 1689//5 1686//5
f 1690//5 1691//5 1689//5
f 1692//5 1690//5 1688//5
f 1689//5 1688//5 1690//5
f 1693//5 1694//5 1687//5
f 1695//5 1692//5 1694//5
f 1696//5 1695//5 1693//5
f 1694//5 1693//5 1695//5
f 1688//5 1694//5 1692//5
f 1685//5 1687//5 1694//5
f 1686//5 1685//5 1688//5
f 1694//5 1688//5 1685//5
f 1697//5 1698//5 1691//5
f 1699//5 1700//5 1698//5
f 1701//5 1699//5 1697//5
f 1698//5 1697//5 1699//5
f 1702//5 1703//5 1700//5
f 1704//5 1705//5 1703//5
f 1706//5 1704//5 1702//5
f 1703//5 1702//5 1704//5
f 1707//5 1708//5 1701//5
f 1709//5 1706//5 1708//5
f 1710//5 1709//5 1707//5
f 1708//5 1707//5 1709//5
f 1702//5 1708//5 1706//5
f 1699//5 1701//5 1708//5
f 1700//5 1699//5 1702//5
f 1708//5 1702//5 1699//5
f 1711//5 1712//5 1696//5
f 1713//5 1714//5 1712//5
f 1715//5 1713//5 1711//5
f 1712//5 1711//5 1713//5
f 1716//5 1717//5 1714//5
f 1718//5 1710//5 1717//5
f 1719//5 1718//5 1716//5
f 1717//5 1716//5 1718//5
f 1720//5 1721//5 1715//5
f 1722//5 1719//5 1721//5
f 1723//5 1722//5 1720//5
f 1721//5 1720//5 1722//5
f 1716//5 1721//5 1719//5
f 1713//5 1715//5 1721//5
f 1714//5 1713//5 1716//5
f 1721//5 1716//5 1713//5
f 1707//5 1717//5 1710//5
f 1724//5 1714//5 1717//5
f 1701//5 1724//5 1707//5
f 1717//5 1707//5 1724//5
f 1725//5 1712//5 1714//5
f 1695//5 1696//5 1712//5
f 1692//5 1695//5 1725//5
f 1712//5 1725//5 1695//5
f 1697//5 1726//5 1701//5
f 1690//5 1692//5 1726//5
f 1691//5 1690//5 1697//5
f 1726//5 1697//5 1690//5
f 1725//5 1726//5 1692//5
f 1724//5 1701//5 1726//5
f 1714//5 1724//5 1725//5
f 1726//5 1725//5 1724//5
f 1727//5 1728//5 1705//5
f 1729//5 1730//5 1727//5
f 1728//5 1727//5 1730//5
f 1138//5 1730//5 1731//5
f 1362//5 1360//5 1731//5
f 1732//5 1733//5 1729//5
f 1734//5 1735//5 1733//5
f 1736//5 1734//5 1732//5
f 1733//5 1732//5 1734//5
f 1731//5 1733//5 1735//5
f 1730//5 1729//5 1733//5
f 1731//5 1360//5 1138//5
f 1733//5 1731//5 1730//5
f 1737//5 1194//5 1358//5
f 1364//5 1738//5 1358//5
f 1737//5 1739//5 1194//5
f 1740//5 1741//5 1736//5
f 1742//5 1743//5 1741//5
f 1744//5 1742//5 1740//5
f 1741//5 1740//5 1742//5
f 1745//5 1746//5 1743//5
f 1747//5 1739//5 1746//5
f 1748//5 1747//5 1745//5
f 1746//5 1745//5 1747//5
f 1749//5 1750//5 1744//5
f 1751//5 1748//5 1750//5
f 1752//5 1751//5 1749//5
f 1750//5 1749//5 1751//5
f 1745//5 1750//5 1748//5
f 1742//5 1744//5 1750//5
f 1743//5 1742//5 1745//5
f 1750//5 1745//5 1742//5
f 1737//5 1746//5 1739//5
f 1738//5 1743//5 1746//5
f 1737//5 1358//5 1738//5
f 1746//5 1737//5 1738//5
f 1753//5 1741//5 1743//5
f 1734//5 1736//5 1741//5
f 1735//5 1734//5 1753//5
f 1741//5 1753//5 1734//5
f 1754//5 1362//5 1735//5
f 1754//5 1738//5 1364//5
f 1753//5 1754//5 1735//5
f 1754//5 1364//5 1362//5
f 1731//5 1735//5 1362//5
f 1743//5 1738//5 1753//5
f 1754//5 1753//5 1738//5
f 1755//5 1756//5 1723//5
f 1757//5 1758//5 1756//5
f 1759//5 1757//5 1755//5
f 1756//5 1755//5 1757//5
f 1760//5 1761//5 1758//5
f 1762//5 1763//5 1761//5
f 1764//5 1762//5 1760//5
f 1761//5 1760//5 1762//5
f 1765//5 1766//5 1759//5
f 1767//5 1764//5 1766//5
f 1768//5 1767//5 1765//5
f 1766//5 1765//5 1767//5
f 1760//5 1766//5 1764//5
f 1757//5 1759//5 1766//5
f 1758//5 1757//5 1760//5
f 1766//5 1760//5 1757//5
f 1769//5 1770//5 1763//5
f 1771//5 1772//5 1770//5
f 1773//5 1771//5 1769//5
f 1770//5 1769//5 1771//5
f 1774//5 1775//5 1772//5
f 1776//5 1752//5 1775//5
f 1777//5 1776//5 1774//5
f 1775//5 1774//5 1776//5
f 1778//5 1779//5 1773//5
f 1780//5 1777//5 1779//5
f 1781//5 1780//5 1778//5
f 1779//5 1778//5 1780//5
f 1774//5 1779//5 1777//5
f 1771//5 1773//5 1779//5
f 1772//5 1771//5 1774//5
f 1779//5 1774//5 1771//5
f 1782//5 1783//5 1768//5
f 1784//5 1785//5 1783//5
f 1786//5 1784//5 1782//5
f 1783//5 1782//5 1784//5
f 1787//5 1788//5 1785//5
f 1789//5 1781//5 1788//5
f 1790//5 1789//5 1787//5
f 1788//5 1787//5 1789//5
f 1791//5 1792//5 1786//5
f 1793//5 1790//5 1792//5
f 1794//5 1793//5 1791//5
f 1792//5 1791//5 1793//5
f 1787//5 1792//5 1790//5
f 1784//5 1786//5 1792//5
f 1785//5 1784//5 1787//5
f 1792//5 1787//5 1784//5
f 1778//5 1788//5 1781//5
f 1795//5 1785//5 1788//5
f 1773//5 1795//5 1778//5
f 1788//5 1778//5 1795//5
f 1796//5 1783//5 1785//5
f 1767//5 1768//5 1783//5
f 1764//5 1767//5 1796//5
f 1783//5 1796//5 1767//5
f 1769//5 1797//5 1773//5
f 1762//5 1764//5 1797//5
f 1763//5 1762//5 1769//5
f 1797//5 1769//5 1762//5
f 1796//5 1797//5 1764//5
f 1795//5 1773//5 1797//5
f 1785//5 1795//5 1796//5
f 1797//5 1796//5 1795//5
f 1749//5 1775//5 1752//5
f 1798//5 1772//5 1775//5
f 1744//5 1798//5 1749//5
f 1775//5 1749//5 1798//5
f 1799//5 1770//5 1772//5
f 1800//5 1763//5 1770//5
f 1801//5 1800//5 1799//5
f 1770//5 1799//5 1800//5
f 1740//5 1802//5 1744//5
f 1803//5 1801//5 1802//5
f 1736//5 1803//5 1740//5
f 1802//5 1740//5 1803//5
f 1799//5 1802//5 1801//5
f 1798//5 1744//5 1802//5
f 1772//5 1798//5 1799//5
f 1802//5 1799//5 1798//5
f 1804//5 1761//5 1763//5
f 1805//5 1758//5 1761//5
f 1806//5 1805//5 1804//5
f 1761//5 1804//5 1805//5
f 1807//5 1756//5 1758//5
f 1722//5 1723//5 1756//5
f 1719//5 1722//5 1807//5
f 1756//5 1807//5 1722//5
f 1808//5 1809//5 1806//5
f 1718//5 1719//5 1809//5
f 1710//5 1718//5 1808//5
f 1809//5 1808//5 1718//5
f 1807//5 1809//5 1719//5
f 1805//5 1806//5 1809//5
f 1758//5 1805//5 1807//5
f 1809//5 1807//5 1805//5
f 1732//5 1810//5 1736//5
f 1811//5 1812//5 1810//5
f 1729//5 1811//5 1732//5
f 1810//5 1732//5 1811//5
f 1813//5 1814//5 1812//5
f 1709//5 1710//5 1814//5
f 1706//5 1709//5 1813//5
f 1814//5 1813//5 1709//5
f 1727//5 1815//5 1729//5
f 1704//5 1706//5 1815//5
f 1705//5 1704//5 1727//5
f 1815//5 1727//5 1704//5
f 1813//5 1815//5 1706//5
f 1811//5 1729//5 1815//5
f 1812//5 1811//5 1813//5
f 1815//5 1813//5 1811//5
f 1808//5 1814//5 1710//5
f 1816//5 1812//5 1814//5
f 1806//5 1816//5 1808//5
f 1814//5 1808//5 1816//5
f 1817//5 1810//5 1812//5
f 1803//5 1736//5 1810//5
f 1801//5 1803//5 1817//5
f 1810//5 1817//5 1803//5
f 1804//5 1818//5 1806//5
f 1800//5 1801//5 1818//5
f 1763//5 1800//5 1804//5
f 1818//5 1804//5 1800//5
f 1817//5 1818//5 1801//5
f 1816//5 1806//5 1818//5
f 1812//5 1816//5 1817//5
f 1818//5 1817//5 1816//5
f 1728//5 1139//5 1705//5
f 1728//5 1730//5 1138//5
f 1728//5 1138//5 1139//5
f 1132//5 1705//5 1139//5
f 1819//5 1703//5 1705//5
f 1820//5 1700//5 1703//5
f 1820//5 1819//5 1133//5
f 1703//5 1819//5 1820//5
f 1821//5 1698//5 1700//5
f 1822//5 1691//5 1698//5
f 1823//5 1822//5 1821//5
f 1698//5 1821//5 1822//5
f 1824//5 1169//5 1175//5
f 1175//5 1823//5 1824//5
f 1821//5 1824//5 1823//5
f 1133//5 1169//5 1824//5
f 1700//5 1820//5 1821//5
f 1824//5 1821//5 1820//5
f 1825//5 1689//5 1691//5
f 1826//5 1686//5 1689//5
f 1827//5 1826//5 1825//5
f 1689//5 1825//5 1826//5
f 1828//5 1684//5 1686//5
f 1679//5 1680//5 1684//5
f 1676//5 1679//5 1828//5
f 1684//5 1828//5 1679//5
f 1829//5 1830//5 1827//5
f 1674//5 1676//5 1830//5
f 1675//5 1674//5 1829//5
f 1830//5 1829//5 1674//5
f 1828//5 1830//5 1676//5
f 1826//5 1827//5 1830//5
f 1686//5 1826//5 1828//5
f 1830//5 1828//5 1826//5
f 1831//5 1103//5 1675//5
f 1103//5 1831//5 1171//5
f 1831//5 1832//5 1171//5
f 1666//5 1675//5 1103//5
f 1829//5 1831//5 1675//5
f 1827//5 1832//5 1829//5
f 1831//5 1829//5 1832//5
f 1833//5 1175//5 1173//5
f 1171//5 1832//5 1173//5
f 1825//5 1834//5 1827//5
f 1833//5 1823//5 1175//5
f 1822//5 1823//5 1834//5
f 1691//5 1822//5 1825//5
f 1834//5 1825//5 1822//5
f 1833//5 1834//5 1823//5
f 1832//5 1827//5 1834//5
f 1833//5 1173//5 1832//5
f 1834//5 1833//5 1832//5
f 1819//5 1132//5 1133//5
f 1133//5 1824//5 1820//5
f 1819//5 1705//5 1132//5
f 1835//5 1836//5 1794//5
f 1837//5 1838//5 1836//5
f 1839//5 1837//5 1835//5
f 1836//5 1835//5 1837//5
f 1840//5 1841//5 1838//5
f 1842//5 1843//5 1841//5
f 1844//5 1842//5 1840//5
f 1841//5 1840//5 1842//5
f 1845//5 1846//5 1839//5
f 1847//5 1844//5 1846//5
f 1848//5 1847//5 1845//5
f 1846//5 1845//5 1847//5
f 1840//5 1846//5 1844//5
f 1837//5 1839//5 1846//5
f 1838//5 1837//5 1840//5
f 1846//5 1840//5 1837//5
f 1849//5 1850//5 1843//5
f 1851//5 1852//5 1850//5
f 1853//5 1851//5 1849//5
f 1850//5 1849//5 1851//5
f 1854//5 1855//5 1852//5
f 1856//5 1857//5 1855//5
f 1858//5 1856//5 1854//5
f 1855//5 1854//5 1856//5
f 1859//5 1860//5 1853//5
f 1861//5 1858//5 1860//5
f 1862//5 1861//5 1859//5
f 1860//5 1859//5 1861//5
f 1854//5 1860//5 1858//5
f 1851//5 1853//5 1860//5
f 1852//5 1851//5 1854//5
f 1860//5 1854//5 1851//5
f 1863//5 1864//5 1848//5
f 1865//5 1866//5 1864//5
f 1867//5 1865//5 1863//5
f 1864//5 1863//5 1865//5
f 1868//5 1869//5 1866//5
f 1870//5 1862//5 1869//5
f 1871//5 1870//5 1868//5
f 1869//5 1868//5 1870//5
f 1872//5 1873//5 1867//5
f 1874//5 1871//5 1873//5
f 1875//5 1874//5 1872//5
f 1873//5 1872//5 1874//5
f 1868//5 1873//5 1871//5
f 1865//5 1867//5 1873//5
f 1866//5 1865//5 1868//5
f 1873//5 1868//5 1865//5
f 1859//5 1869//5 1862//5
f 1876//5 1866//5 1869//5
f 1853//5 1876//5 1859//5
f 1869//5 1859//5 1876//5
f 1877//5 1864//5 1866//5
f 1847//5 1848//5 1864//5
f 1844//5 1847//5 1877//5
f 1864//5 1877//5 1847//5
f 1849//5 1878//5 1853//5
f 1842//5 1844//5 1878//5
f 1843//5 1842//5 1849//5
f 1878//5 1849//5 1842//5
f 1877//5 1878//5 1844//5
f 1876//5 1853//5 1878//5
f 1866//5 1876//5 1877//5
f 1878//5 1877//5 1876//5
f 1879//5 1880//5 1857//5
f 1881//5 1882//5 1880//5
f 1883//5 1881//5 1879//5
f 1880//5 1879//5 1881//5
f 1884//5 1885//5 1882//5
f 1886//5 1887//5 1885//5
f 1888//5 1886//5 1884//5
f 1885//5 1884//5 1886//5
f 1889//5 1890//5 1883//5
f 1891//5 1888//5 1890//5
f 1892//5 1891//5 1889//5
f 1890//5 1889//5 1891//5
f 1884//5 1890//5 1888//5
f 1881//5 1883//5 1890//5
f 1882//5 1881//5 1884//5
f 1890//5 1884//5 1881//5
f 1893//5 1894//5 1887//5
f 1895//5 1896//5 1894//5
f 1897//5 1895//5 1893//5
f 1894//5 1893//5 1895//5
f 1898//5 1899//5 1896//5
f 1900//5 1901//5 1899//5
f 1902//5 1900//5 1898//5
f 1899//5 1898//5 1900//5
f 1903//5 1904//5 1897//5
f 1905//5 1902//5 1904//5
f 1906//5 1905//5 1903//5
f 1904//5 1903//5 1905//5
f 1898//5 1904//5 1902//5
f 1895//5 1897//5 1904//5
f 1896//5 1895//5 1898//5
f 1904//5 1898//5 1895//5
f 1907//5 1908//5 1892//5
f 1909//5 1910//5 1908//5
f 1911//5 1909//5 1907//5
f 1908//5 1907//5 1909//5
f 1912//5 1913//5 1910//5
f 1914//5 1906//5 1913//5
f 1915//5 1914//5 1912//5
f 1913//5 1912//5 1914//5
f 1916//5 1917//5 1911//5
f 1918//5 1915//5 1917//5
f 1919//5 1918//5 1916//5
f 1917//5 1916//5 1918//5
f 1912//5 1917//5 1915//5
f 1909//5 1911//5 1917//5
f 1910//5 1909//5 1912//5
f 1917//5 1912//5 1909//5
f 1903//5 1913//5 1906//5
f 1920//5 1910//5 1913//5
f 1897//5 1920//5 1903//5
f 1913//5 1903//5 1920//5
f 1921//5 1908//5 1910//5
f 1891//5 1892//5 1908//5
f 1888//5 1891//5 1921//5
f 1908//5 1921//5 1891//5
f 1893//5 1922//5 1897//5
f 1886//5 1888//5 1922//5
f 1887//5 1886//5 1893//5
f 1922//5 1893//5 1886//5
f 1921//5 1922//5 1888//5
f 1920//5 1897//5 1922//5
f 1910//5 1920//5 1921//5
f 1922//5 1921//5 1920//5
f 1923//5 1924//5 1875//5
f 1925//5 1926//5 1924//5
f 1927//5 1925//5 1923//5
f 1924//5 1923//5 1925//5
f 1928//5 1929//5 1926//5
f 1930//5 1931//5 1929//5
f 1932//5 1930//5 1928//5
f 1929//5 1928//5 1930//5
f 1933//5 1934//5 1927//5
f 1935//5 1932//5 1934//5
f 1936//5 1935//5 1933//5
f 1934//5 1933//5 1935//5
f 1928//5 1934//5 1932//5
f 1925//5 1927//5 1934//5
f 1926//5 1925//5 1928//5
f 1934//5 1928//5 1925//5
f 1937//5 1938//5 1931//5
f 1939//5 1940//5 1938//5
f 1941//5 1939//5 1937//5
f 1938//5 1937//5 1939//5
f 1942//5 1943//5 1940//5
f 1944//5 1919//5 1943//5
f 1945//5 1944//5 1942//5
f 1943//5 1942//5 1944//5
f 1946//5 1947//5 1941//5
f 1948//5 1945//5 1947//5
f 1949//5 1948//5 1946//5
f 1947//5 1946//5 1948//5
f 1942//5 1947//5 1945//5
f 1939//5 1941//5 1947//5
f 1940//5 1939//5 1942//5
f 1947//5 1942//5 1939//5
f 1950//5 1951//5 1936//5
f 1952//5 1953//5 1951//5
f 1954//5 1952//5 1950//5
f 1951//5 1950//5 1952//5
f 1955//5 1956//5 1953//5
f 1957//5 1949//5 1956//5
f 1958//5 1957//5 1955//5
f 1956//5 1955//5 1957//5
f 1959//5 1960//5 1954//5
f 1961//5 1958//5 1960//5
f 1962//5 1961//5 1959//5
f 1960//5 1959//5 1961//5
f 1955//5 1960//5 1958//5
f 1952//5 1954//5 1960//5
f 1953//5 1952//5 1955//5
f 1960//5 1955//5 1952//5
f 1946//5 1956//5 1949//5
f 1963//5 1953//5 1956//5
f 1941//5 1963//5 1946//5
f 1956//5 1946//5 1963//5
f 1964//5 1951//5 1953//5
f 1935//5 1936//5 1951//5
f 1932//5 1935//5 1964//5
f 1951//5 1964//5 1935//5
f 1937//5 1965//5 1941//5
f 1930//5 1932//5 1965//5
f 1931//5 1930//5 1937//5
f 1965//5 1937//5 1930//5
f 1964//5 1965//5 1932//5
f 1963//5 1941//5 1965//5
f 1953//5 1963//5 1964//5
f 1965//5 1964//5 1963//5
f 1916//5 1943//5 1919//5
f 1966//5 1940//5 1943//5
f 1911//5 1966//5 1916//5
f 1943//5 1916//5 1966//5
f 1967//5 1938//5 1940//5
f 1968//5 1931//5 1938//5
f 1969//5 1968//5 1967//5
f 1938//5 1967//5 1968//5
f 1907//5 1970//5 1911//5
f 1971//5 1969//5 1970//5
f 1892//5 1971//5 1907//5
f 1970//5 1907//5 1971//5
f 1967//5 1970//5 1969//5
f 1966//5 1911//5 1970//5
f 1940//5 1966//5 1967//5
f 1970//5 1967//5 1966//5
f 1972//5 1929//5 1931//5
f 1973//5 1926//5 1929//5
f 1974//5 1973//5 1972//5
f 1929//5 1972//5 1973//5
f 1975//5 1924//5 1926//5
f 1874//5 1875//5 1924//5
f 1871//5 1874//5 1975//5
f 1924//5 1975//5 1874//5
f 1976//5 1977//5 1974//5
f 1870//5 1871//5 1977//5
f 1862//5 1870//5 1976//5
f 1977//5 1976//5 1870//5
f 1975//5 1977//5 1871//5
f 1973//5 1974//5 1977//5
f 1926//5 1973//5 1975//5
f 1977//5 1975//5 1973//5
f 1889//5 1978//5 1892//5
f 1979//5 1980//5 1978//5
f 1883//5 1979//5 1889//5
f 1978//5 1889//5 1979//5
f 1981//5 1982//5 1980//5
f 1861//5 1862//5 1982//5
f 1858//5 1861//5 1981//5
f 1982//5 1981//5 1861//5
f 1879//5 1983//5 1883//5
f 1856//5 1858//5 1983//5
f 1857//5 1856//5 1879//5
f 1983//5 1879//5 1856//5
f 1981//5 1983//5 1858//5
f 1979//5 1883//5 1983//5
f 1980//5 1979//5 1981//5
f 1983//5 1981//5 1979//5
f 1976//5 1982//5 1862//5
f 1984//5 1980//5 1982//5
f 1974//5 1984//5 1976//5
f 1982//5 1976//5 1984//5
f 1985//5 1978//5 1980//5
f 1971//5 1892//5 1978//5
f 1969//5 1971//5 1985//5
f 1978//5 1985//5 1971//5
f 1972//5 1986//5 1974//5
f 1968//5 1969//5 1986//5
f 1931//5 1968//5 1972//5
f 1986//5 1972//5 1968//5
f 1985//5 1986//5 1969//5
f 1984//5 1974//5 1986//5
f 1980//5 1984//5 1985//5
f 1986//5 1985//5 1984//5
f 1987//5 1988//5 1901//5
f 1989//5 1990//5 1988//5
f 1991//5 1989//5 1987//5
f 1988//5 1987//5 1989//5
f 1992//5 1993//5 1990//5
f 1994//5 1995//5 1993//5
f 1996//5 1994//5 1992//5
f 1993//5 1992//5 1994//5
f 1997//5 1998//5 1991//5
f 1999//5 1996//5 1998//5
f 2000//5 1999//5 1997//5
f 1998//5 1997//5 1999//5
f 1992//5 1998//5 1996//5
f 1989//5 1991//5 1998//5
f 1990//5 1989//5 1992//5
f 1998//5 1992//5 1989//5
f 2001//5 2002//5 1995//5
f 2003//5 2004//5 2002//5
f 2005//5 2003//5 2001//5
f 2002//5 2001//5 2003//5
f 2006//5 2007//5 2004//5
f 2008//5 2009//5 2007//5
f 2010//5 2008//5 2006//5
f 2007//5 2006//5 2008//5
f 2011//5 2012//5 2005//5
f 2013//5 2010//5 2012//5
f 2014//5 2013//5 2011//5
f 2012//5 2011//5 2013//5
f 2006//5 2012//5 2010//5
f 2003//5 2005//5 2012//5
f 2004//5 2003//5 2006//5
f 2012//5 2006//5 2003//5
f 2015//5 2016//5 2000//5
f 2017//5 2018//5 2016//5
f 2019//5 2017//5 2015//5
f 2016//5 2015//5 2017//5
f 2020//5 2021//5 2018//5
f 2022//5 2014//5 2021//5
f 2023//5 2022//5 2020//5
f 2021//5 2020//5 2022//5
f 2024//5 2025//5 2019//5
f 2026//5 2023//5 2025//5
f 2027//5 2026//5 2024//5
f 2025//5 2024//5 2026//5
f 2020//5 2025//5 2023//5
f 2017//5 2019//5 2025//5
f 2018//5 2017//5 2020//5
f 2025//5 2020//5 2017//5
f 2011//5 2021//5 2014//5
f 2028//5 2018//5 2021//5
f 2005//5 2028//5 2011//5
f 2021//5 2011//5 2028//5
f 2029//5 2016//5 2018//5
f 1999//5 2000//5 2016//5
f 1996//5 1999//5 2029//5
f 2016//5 2029//5 1999//5
f 2001//5 2030//5 2005//5
f 1994//5 1996//5 2030//5
f 1995//5 1994//5 2001//5
f 2030//5 2001//5 1994//5
f 2029//5 2030//5 1996//5
f 2028//5 2005//5 2030//5
f 2018//5 2028//5 2029//5
f 2030//5 2029//5 2028//5
f 2031//5 2032//5 2009//5
f 1336//5 1334//5 2032//5
f 2033//5 2034//5 2031//5
f 2032//5 2031//5 2034//5
f 1330//5 2035//5 2036//5
f 2037//5 2038//5 2033//5
f 2039//5 2036//5 2038//5
f 2040//5 2039//5 2037//5
f 2038//5 2037//5 2039//5
f 2035//5 2038//5 2036//5
f 2034//5 2033//5 2038//5
f 2038//5 2035//5 2034//5
f 2032//5 2034//5 1336//5
f 2034//5 2035//5 1336//5
f 2035//5 1330//5 1336//5
f 2041//5 2042//5 2040//5
f 2043//5 2044//5 2042//5
f 2045//5 2043//5 2041//5
f 2042//5 2041//5 2043//5
f 2044//5 752//5 692//5
f 2044//5 2043//5 752//5
f 754//5 2045//5 756//5
f 2045//5 2046//5 756//5
f 752//5 2043//5 754//5
f 2043//5 2045//5 754//5
f 692//5 2047//5 2044//5
f 1309//5 2047//5 693//5
f 2048//5 2042//5 2044//5
f 2047//5 692//5 693//5
f 2039//5 2040//5 2042//5
f 2036//5 2039//5 2048//5
f 2042//5 2048//5 2039//5
f 2049//5 1310//5 2036//5
f 1310//5 2049//5 1309//5
f 2049//5 2047//5 1309//5
f 2048//5 2049//5 2036//5
f 2036//5 1310//5 1330//5
f 2044//5 2047//5 2048//5
f 2049//5 2048//5 2047//5
f 2050//5 2051//5 2027//5
f 2052//5 2053//5 2051//5
f 2054//5 2052//5 2050//5
f 2051//5 2050//5 2052//5
f 2055//5 2056//5 2053//5
f 2057//5 2058//5 2056//5
f 2059//5 2057//5 2055//5
f 2056//5 2055//5 2057//5
f 2060//5 2061//5 2054//5
f 2062//5 2059//5 2061//5
f 2063//5 2062//5 2060//5
f 2061//5 2060//5 2062//5
f 2055//5 2061//5 2059//5
f 2052//5 2054//5 2061//5
f 2053//5 2052//5 2055//5
f 2061//5 2055//5 2052//5
f 2064//5 2065//5 2058//5
f 2066//5 2067//5 2065//5
f 2068//5 2066//5 2064//5
f 2065//5 2064//5 2066//5
f 750//5 2067//5 714//5
f 2067//5 2066//5 714//5
f 713//5 2068//5 720//5
f 2068//5 2069//5 720//5
f 2070//5 2071//5 2063//5
f 714//5 2066//5 713//5
f 2066//5 2068//5 713//5
f 2072//5 2073//5 2071//5
f 2074//5 2072//5 2070//5
f 2071//5 2070//5 2072//5
f 719//5 2073//5 848//5
f 2073//5 2072//5 848//5
f 2072//5 2074//5 850//5
f 2074//5 852//5 850//5
f 848//5 2072//5 850//5
f 2075//5 2071//5 2073//5
f 720//5 2069//5 719//5
f 2069//5 2073//5 719//5
f 2062//5 2063//5 2071//5
f 2059//5 2062//5 2075//5
f 2071//5 2075//5 2062//5
f 2064//5 2076//5 2068//5
f 2057//5 2059//5 2076//5
f 2058//5 2057//5 2064//5
f 2076//5 2064//5 2057//5
f 2075//5 2076//5 2059//5
f 2069//5 2068//5 2076//5
f 2073//5 2069//5 2075//5
f 2076//5 2075//5 2069//5
f 2077//5 2065//5 2067//5
f 756//5 2046//5 750//5
f 2046//5 2067//5 750//5
f 2078//5 2058//5 2065//5
f 2079//5 2078//5 2077//5
f 2065//5 2077//5 2078//5
f 2041//5 2080//5 2045//5
f 2081//5 2079//5 2080//5
f 2040//5 2081//5 2041//5
f 2080//5 2041//5 2081//5
f 2077//5 2080//5 2079//5
f 2046//5 2045//5 2080//5
f 2067//5 2046//5 2077//5
f 2080//5 2077//5 2046//5
f 2082//5 2056//5 2058//5
f 2083//5 2053//5 2056//5
f 2084//5 2083//5 2082//5
f 2056//5 2082//5 2083//5
f 2085//5 2051//5 2053//5
f 2026//5 2027//5 2051//5
f 2023//5 2026//5 2085//5
f 2051//5 2085//5 2026//5
f 2086//5 2087//5 2084//5
f 2022//5 2023//5 2087//5
f 2014//5 2022//5 2086//5
f 2087//5 2086//5 2022//5
f 2085//5 2087//5 2023//5
f 2083//5 2084//5 2087//5
f 2053//5 2083//5 2085//5
f 2087//5 2085//5 2083//5
f 2037//5 2088//5 2040//5
f 2089//5 2090//5 2088//5
f 2033//5 2089//5 2037//5
f 2088//5 2037//5 2089//5
f 2091//5 2092//5 2090//5
f 2013//5 2014//5 2092//5
f 2010//5 2013//5 2091//5
f 2092//5 2091//5 2013//5
f 2031//5 2093//5 2033//5
f 2008//5 2010//5 2093//5
f 2009//5 2008//5 2031//5
f 2093//5 2031//5 2008//5
f 2091//5 2093//5 2010//5
f 2089//5 2033//5 2093//5
f 2090//5 2089//5 2091//5
f 2093//5 2091//5 2089//5
f 2086//5 2092//5 2014//5
f 2094//5 2090//5 2092//5
f 2084//5 2094//5 2086//5
f 2092//5 2086//5 2094//5
f 2095//5 2088//5 2090//5
f 2081//5 2040//5 2088//5
f 2079//5 2081//5 2095//5
f 2088//5 2095//5 2081//5
f 2082//5 2096//5 2084//5
f 2078//5 2079//5 2096//5
f 2058//5 2078//5 2082//5
f 2096//5 2082//5 2078//5
f 2095//5 2096//5 2079//5
f 2094//5 2084//5 2096//5
f 2090//5 2094//5 2095//5
f 2096//5 2095//5 2094//5
f 2097//5 2098//5 1962//5
f 2099//5 2100//5 2098//5
f 2101//5 2099//5 2097//5
f 2098//5 2097//5 2099//5
f 2102//5 2103//5 2100//5
f 2104//5 2105//5 2103//5
f 2106//5 2104//5 2102//5
f 2103//5 2102//5 2104//5
f 2107//5 2108//5 2101//5
f 2109//5 2106//5 2108//5
f 2110//5 2109//5 2107//5
f 2108//5 2107//5 2109//5
f 2102//5 2108//5 2106//5
f 2099//5 2101//5 2108//5
f 2100//5 2099//5 2102//5
f 2108//5 2102//5 2099//5
f 2111//5 2112//5 2105//5
f 2113//5 2114//5 2112//5
f 2115//5 2113//5 2111//5
f 2112//5 2111//5 2113//5
f 2116//5 2117//5 2114//5
f 2118//5 2119//5 2117//5
f 2120//5 2118//5 2116//5
f 2117//5 2116//5 2118//5
f 2121//5 2122//5 2115//5
f 2123//5 2120//5 2122//5
f 2124//5 2123//5 2121//5
f 2122//5 2121//5 2123//5
f 2116//5 2122//5 2120//5
f 2113//5 2115//5 2122//5
f 2114//5 2113//5 2116//5
f 2122//5 2116//5 2113//5
f 2125//5 2126//5 2110//5
f 2127//5 2128//5 2126//5
f 2129//5 2127//5 2125//5
f 2126//5 2125//5 2127//5
f 2130//5 2131//5 2128//5
f 2132//5 2124//5 2131//5
f 2133//5 2132//5 2130//5
f 2131//5 2130//5 2132//5
f 2134//5 2135//5 2129//5
f 2136//5 2133//5 2135//5
f 2137//5 2136//5 2134//5
f 2135//5 2134//5 2136//5
f 2130//5 2135//5 2133//5
f 2127//5 2129//5 2135//5
f 2128//5 2127//5 2130//5
f 2135//5 2130//5 2127//5
f 2121//5 2131//5 2124//5
f 2138//5 2128//5 2131//5
f 2115//5 2138//5 2121//5
f 2131//5 2121//5 2138//5
f 2139//5 2126//5 2128//5
f 2109//5 2110//5 2126//5
f 2106//5 2109//5 2139//5
f 2126//5 2139//5 2109//5
f 2111//5 2140//5 2115//5
f 2104//5 2106//5 2140//5
f 2105//5 2104//5 2111//5
f 2140//5 2111//5 2104//5
f 2139//5 2140//5 2106//5
f 2138//5 2115//5 2140//5
f 2128//5 2138//5 2139//5
f 2140//5 2139//5 2138//5
f 2141//5 2142//5 2119//5
f 2143//5 2144//5 2142//5
f 2145//5 2143//5 2141//5
f 2142//5 2141//5 2143//5
f 2146//5 2147//5 2144//5
f 2148//5 2149//5 2147//5
f 2150//5 2148//5 2146//5
f 2147//5 2146//5 2148//5
f 2151//5 2152//5 2145//5
f 2153//5 2150//5 2152//5
f 2154//5 2153//5 2151//5
f 2152//5 2151//5 2153//5
f 2146//5 2152//5 2150//5
f 2143//5 2145//5 2152//5
f 2144//5 2143//5 2146//5
f 2152//5 2146//5 2143//5
f 2155//5 2156//5 2149//5
f 2157//5 2158//5 2156//5
f 2159//5 2157//5 2155//5
f 2156//5 2155//5 2157//5
f 2157//5 2159//5 761//5
f 2158//5 2157//5 762//5
f 2157//5 761//5 762//5
f 2160//5 2161//5 2154//5
f 2162//5 2163//5 2161//5
f 2164//5 2162//5 2160//5
f 2161//5 2160//5 2162//5
f 768//5 2165//5 767//5
f 835//5 2162//5 837//5
f 2164//5 837//5 2162//5
f 2162//5 835//5 2163//5
f 767//5 2163//5 835//5
f 2163//5 767//5 2165//5
f 2159//5 2165//5 768//5
f 761//5 2159//5 768//5
f 2166//5 2161//5 2163//5
f 2153//5 2154//5 2161//5
f 2150//5 2153//5 2166//5
f 2161//5 2166//5 2153//5
f 2155//5 2167//5 2159//5
f 2148//5 2150//5 2167//5
f 2149//5 2148//5 2155//5
f 2167//5 2155//5 2148//5
f 2166//5 2167//5 2150//5
f 2165//5 2159//5 2167//5
f 2163//5 2165//5 2166//5
f 2167//5 2166//5 2165//5
f 2168//5 2169//5 2137//5
f 2170//5 2171//5 2169//5
f 2172//5 2170//5 2168//5
f 2169//5 2168//5 2170//5
f 2173//5 2174//5 2171//5
f 2175//5 2176//5 2174//5
f 2177//5 2175//5 2173//5
f 2174//5 2173//5 2175//5
f 2178//5 2179//5 2172//5
f 2180//5 2177//5 2179//5
f 2181//5 2180//5 2178//5
f 2179//5 2178//5 2180//5
f 2173//5 2179//5 2177//5
f 2170//5 2172//5 2179//5
f 2171//5 2170//5 2173//5
f 2179//5 2173//5 2170//5
f 2182//5 2183//5 2176//5
f 2184//5 2185//5 2183//5
f 2186//5 2184//5 2182//5
f 2183//5 2182//5 2184//5
f 839//5 2187//5 833//5
f 797//5 2184//5 796//5
f 2186//5 796//5 2184//5
f 2184//5 797//5 2185//5
f 2188//5 2189//5 2181//5
f 833//5 2185//5 797//5
f 2190//5 2191//5 2189//5
f 2192//5 2190//5 2188//5
f 2189//5 2188//5 2190//5
f 803//5 2193//5 802//5
f 1026//5 1024//5 2190//5
f 2190//5 2192//5 1026//5
f 2191//5 2190//5 1024//5
f 1024//5 802//5 2191//5
f 2191//5 802//5 2193//5
f 2193//5 803//5 2186//5
f 2194//5 2189//5 2191//5
f 796//5 2186//5 803//5
f 2180//5 2181//5 2189//5
f 2177//5 2180//5 2194//5
f 2189//5 2194//5 2180//5
f 2182//5 2195//5 2186//5
f 2175//5 2177//5 2195//5
f 2176//5 2175//5 2182//5
f 2195//5 2182//5 2175//5
f 2194//5 2195//5 2177//5
f 2193//5 2186//5 2195//5
f 2191//5 2193//5 2194//5
f 2195//5 2194//5 2193//5
f 2185//5 833//5 2187//5
f 2187//5 839//5 2164//5
f 2196//5 2183//5 2185//5
f 837//5 2164//5 839//5
f 2197//5 2176//5 2183//5
f 2198//5 2197//5 2196//5
f 2183//5 2196//5 2197//5
f 2160//5 2199//5 2164//5
f 2200//5 2198//5 2199//5
f 2154//5 2200//5 2160//5
f 2199//5 2160//5 2200//5
f 2196//5 2199//5 2198//5
f 2187//5 2164//5 2199//5
f 2185//5 2187//5 2196//5
f 2199//5 2196//5 2187//5
f 2201//5 2174//5 2176//5
f 2202//5 2171//5 2174//5
f 2203//5 2202//5 2201//5
f 2174//5 2201//5 2202//5
f 2204//5 2169//5 2171//5
f 2136//5 2137//5 2169//5
f 2133//5 2136//5 2204//5
f 2169//5 2204//5 2136//5
f 2205//5 2206//5 2203//5
f 2132//5 2133//5 2206//5
f 2124//5 2132//5 2205//5
f 2206//5 2205//5 2132//5
f 2204//5 2206//5 2133//5
f 2202//5 2203//5 2206//5
f 2171//5 2202//5 2204//5
f 2206//5 2204//5 2202//5
f 2151//5 2207//5 2154//5
f 2208//5 2209//5 2207//5
f 2145//5 2208//5 2151//5
f 2207//5 2151//5 2208//5
f 2210//5 2211//5 2209//5
f 2123//5 2124//5 2211//5
f 2120//5 2123//5 2210//5
f 2211//5 2210//5 2123//5
f 2141//5 2212//5 2145//5
f 2118//5 2120//5 2212//5
f 2119//5 2118//5 2141//5
f 2212//5 2141//5 2118//5
f 2210//5 2212//5 2120//5
f 2208//5 2145//5 2212//5
f 2209//5 2208//5 2210//5
f 2212//5 2210//5 2208//5
f 2205//5 2211//5 2124//5
f 2213//5 2209//5 2211//5
f 2203//5 2213//5 2205//5
f 2211//5 2205//5 2213//5
f 2214//5 2207//5 2209//5
f 2200//5 2154//5 2207//5
f 2198//5 2200//5 2214//5
f 2207//5 2214//5 2200//5
f 2201//5 2215//5 2203//5
f 2197//5 2198//5 2215//5
f 2176//5 2197//5 2201//5
f 2215//5 2201//5 2197//5
f 2214//5 2215//5 2198//5
f 2213//5 2203//5 2215//5
f 2209//5 2213//5 2214//5
f 2215//5 2214//5 2213//5
f 2216//5 2158//5 846//5
f 2158//5 762//5 846//5
f 2074//5 2216//5 852//5
f 2216//5 846//5 852//5
f 2217//5 2156//5 2158//5
f 2218//5 2149//5 2156//5
f 2219//5 2218//5 2217//5
f 2156//5 2217//5 2218//5
f 2070//5 2220//5 2074//5
f 2221//5 2219//5 2220//5
f 2063//5 2221//5 2070//5
f 2220//5 2070//5 2221//5
f 2217//5 2220//5 2219//5
f 2216//5 2074//5 2220//5
f 2158//5 2216//5 2217//5
f 2220//5 2217//5 2216//5
f 2222//5 2147//5 2149//5
f 2223//5 2144//5 2147//5
f 2224//5 2223//5 2222//5
f 2147//5 2222//5 2223//5
f 2225//5 2142//5 2144//5
f 2226//5 2119//5 2142//5
f 2227//5 2226//5 2225//5
f 2142//5 2225//5 2226//5
f 2228//5 2229//5 2224//5
f 2230//5 2227//5 2229//5
f 2231//5 2230//5 2228//5
f 2229//5 2228//5 2230//5
f 2225//5 2229//5 2227//5
f 2223//5 2224//5 2229//5
f 2144//5 2223//5 2225//5
f 2229//5 2225//5 2223//5
f 2060//5 2232//5 2063//5
f 2233//5 2234//5 2232//5
f 2054//5 2233//5 2060//5
f 2232//5 2060//5 2233//5
f 2235//5 2236//5 2234//5
f 2237//5 2231//5 2236//5
f 2238//5 2237//5 2235//5
f 2236//5 2235//5 2237//5
f 2050//5 2239//5 2054//5
f 2240//5 2238//5 2239//5
f 2027//5 2240//5 2050//5
f 2239//5 2050//5 2240//5
f 2235//5 2239//5 2238//5
f 2233//5 2054//5 2239//5
f 2234//5 2233//5 2235//5
f 2239//5 2235//5 2233//5
f 2228//5 2236//5 2231//5
f 2241//5 2234//5 2236//5
f 2224//5 2241//5 2228//5
f 2236//5 2228//5 2241//5
f 2242//5 2232//5 2234//5
f 2221//5 2063//5 2232//5
f 2219//5 2221//5 2242//5
f 2232//5 2242//5 2221//5
f 2222//5 2243//5 2224//5
f 2218//5 2219//5 2243//5
f 2149//5 2218//5 2222//5
f 2243//5 2222//5 2218//5
f 2242//5 2243//5 2219//5
f 2241//5 2224//5 2243//5
f 2234//5 2241//5 2242//5
f 2243//5 2242//5 2241//5
f 2244//5 2117//5 2119//5
f 2245//5 2114//5 2117//5
f 2246//5 2245//5 2244//5
f 2117//5 2244//5 2245//5
f 2247//5 2112//5 2114//5
f 2248//5 2105//5 2112//5
f 2249//5 2248//5 2247//5
f 2112//5 2247//5 2248//5
f 2250//5 2251//5 2246//5
f 2252//5 2249//5 2251//5
f 2253//5 2252//5 2250//5
f 2251//5 2250//5 2252//5
f 2247//5 2251//5 2249//5
f 2245//5 2246//5 2251//5
f 2114//5 2245//5 2247//5
f 2251//5 2247//5 2245//5
f 2254//5 2103//5 2105//5
f 2255//5 2100//5 2103//5
f 2256//5 2255//5 2254//5
f 2103//5 2254//5 2255//5
f 2257//5 2098//5 2100//5
f 1961//5 1962//5 2098//5
f 1958//5 1961//5 2257//5
f 2098//5 2257//5 1961//5
f 2258//5 2259//5 2256//5
f 1957//5 1958//5 2259//5
f 1949//5 1957//5 2258//5
f 2259//5 2258//5 1957//5
f 2257//5 2259//5 1958//5
f 2255//5 2256//5 2259//5
f 2100//5 2255//5 2257//5
f 2259//5 2257//5 2255//5
f 2260//5 2261//5 2253//5
f 2262//5 2263//5 2261//5
f 2264//5 2262//5 2260//5
f 2261//5 2260//5 2262//5
f 2265//5 2266//5 2263//5
f 1948//5 1949//5 2266//5
f 1945//5 1948//5 2265//5
f 2266//5 2265//5 1948//5
f 2267//5 2268//5 2264//5
f 1944//5 1945//5 2268//5
f 1919//5 1944//5 2267//5
f 2268//5 2267//5 1944//5
f 2265//5 2268//5 1945//5
f 2262//5 2264//5 2268//5
f 2263//5 2262//5 2265//5
f 2268//5 2265//5 2262//5
f 2258//5 2266//5 1949//5
f 2269//5 2263//5 2266//5
f 2256//5 2269//5 2258//5
f 2266//5 2258//5 2269//5
f 2270//5 2261//5 2263//5
f 2252//5 2253//5 2261//5
f 2249//5 2252//5 2270//5
f 2261//5 2270//5 2252//5
f 2254//5 2271//5 2256//5
f 2248//5 2249//5 2271//5
f 2105//5 2248//5 2254//5
f 2271//5 2254//5 2248//5
f 2270//5 2271//5 2249//5
f 2269//5 2256//5 2271//5
f 2263//5 2269//5 2270//5
f 2271//5 2270//5 2269//5
f 2024//5 2272//5 2027//5
f 2273//5 2274//5 2272//5
f 2019//5 2273//5 2024//5
f 2272//5 2024//5 2273//5
f 2275//5 2276//5 2274//5
f 2277//5 2278//5 2276//5
f 2279//5 2277//5 2275//5
f 2276//5 2275//5 2277//5
f 2015//5 2280//5 2019//5
f 2281//5 2279//5 2280//5
f 2000//5 2281//5 2015//5
f 2280//5 2015//5 2281//5
f 2275//5 2280//5 2279//5
f 2273//5 2019//5 2280//5
f 2274//5 2273//5 2275//5
f 2280//5 2275//5 2273//5
f 2282//5 2283//5 2278//5
f 2284//5 2285//5 2283//5
f 2286//5 2284//5 2282//5
f 2283//5 2282//5 2284//5
f 2287//5 2288//5 2285//5
f 1918//5 1919//5 2288//5
f 1915//5 1918//5 2287//5
f 2288//5 2287//5 1918//5
f 2289//5 2290//5 2286//5
f 1914//5 1915//5 2290//5
f 1906//5 1914//5 2289//5
f 2290//5 2289//5 1914//5
f 2287//5 2290//5 1915//5
f 2284//5 2286//5 2290//5
f 2285//5 2284//5 2287//5
f 2290//5 2287//5 2284//5
f 1997//5 2291//5 2000//5
f 2292//5 2293//5 2291//5
f 1991//5 2292//5 1997//5
f 2291//5 1997//5 2292//5
f 2294//5 2295//5 2293//5
f 1905//5 1906//5 2295//5
f 1902//5 1905//5 2294//5
f 2295//5 2294//5 1905//5
f 1987//5 2296//5 1991//5
f 1900//5 1902//5 2296//5
f 1901//5 1900//5 1987//5
f 2296//5 1987//5 1900//5
f 2294//5 2296//5 1902//5
f 2292//5 1991//5 2296//5
f 2293//5 2292//5 2294//5
f 2296//5 2294//5 2292//5
f 2289//5 2295//5 1906//5
f 2297//5 2293//5 2295//5
f 2286//5 2297//5 2289//5
f 2295//5 2289//5 2297//5
f 2298//5 2291//5 2293//5
f 2281//5 2000//5 2291//5
f 2279//5 2281//5 2298//5
f 2291//5 2298//5 2281//5
f 2282//5 2299//5 2286//5
f 2277//5 2279//5 2299//5
f 2278//5 2277//5 2282//5
f 2299//5 2282//5 2277//5
f 2298//5 2299//5 2279//5
f 2297//5 2286//5 2299//5
f 2293//5 2297//5 2298//5
f 2299//5 2298//5 2297//5
f 2267//5 2288//5 1919//5
f 2300//5 2285//5 2288//5
f 2264//5 2300//5 2267//5
f 2288//5 2267//5 2300//5
f 2301//5 2283//5 2285//5
f 2302//5 2278//5 2283//5
f 2303//5 2302//5 2301//5
f 2283//5 2301//5 2302//5
f 2260//5 2304//5 2264//5
f 2305//5 2303//5 2304//5
f 2253//5 2305//5 2260//5
f 2304//5 2260//5 2305//5
f 2301//5 2304//5 2303//5
f 2300//5 2264//5 2304//5
f 2285//5 2300//5 2301//5
f 2304//5 2301//5 2300//5
f 2306//5 2276//5 2278//5
f 2307//5 2274//5 2276//5
f 2308//5 2307//5 2306//5
f 2276//5 2306//5 2307//5
f 2309//5 2272//5 2274//5
f 2240//5 2027//5 2272//5
f 2238//5 2240//5 2309//5
f 2272//5 2309//5 2240//5
f 2310//5 2311//5 2308//5
f 2237//5 2238//5 2311//5
f 2231//5 2237//5 2310//5
f 2311//5 2310//5 2237//5
f 2309//5 2311//5 2238//5
f 2307//5 2308//5 2311//5
f 2274//5 2307//5 2309//5
f 2311//5 2309//5 2307//5
f 2250//5 2312//5 2253//5
f 2313//5 2314//5 2312//5
f 2246//5 2313//5 2250//5
f 2312//5 2250//5 2313//5
f 2315//5 2316//5 2314//5
f 2230//5 2231//5 2316//5
f 2227//5 2230//5 2315//5
f 2316//5 2315//5 2230//5
f 2244//5 2317//5 2246//5
f 2226//5 2227//5 2317//5
f 2119//5 2226//5 2244//5
f 2317//5 2244//5 2226//5
f 2315//5 2317//5 2227//5
f 2313//5 2246//5 2317//5
f 2314//5 2313//5 2315//5
f 2317//5 2315//5 2313//5
f 2310//5 2316//5 2231//5
f 2318//5 2314//5 2316//5
f 2308//5 2318//5 2310//5
f 2316//5 2310//5 2318//5
f 2319//5 2312//5 2314//5
f 2305//5 2253//5 2312//5
f 2303//5 2305//5 2319//5
f 2312//5 2319//5 2305//5
f 2306//5 2320//5 2308//5
f 2302//5 2303//5 2320//5
f 2278//5 2302//5 2306//5
f 2320//5 2306//5 2302//5
f 2319//5 2320//5 2303//5
f 2318//5 2308//5 2320//5
f 2314//5 2318//5 2319//5
f 2320//5 2319//5 2318//5
f 2009//5 2032//5 1334//5
f 1334//5 1332//5 2009//5
f 2321//5 2007//5 2009//5
f 2322//5 2004//5 2007//5
f 2321//5 1281//5 2322//5
f 2007//5 2321//5 2322//5
f 2323//5 2002//5 2004//5
f 2324//5 1995//5 2002//5
f 2325//5 2324//5 2323//5
f 2002//5 2323//5 2324//5
f 2326//5 2322//5 1285//5
f 1276//5 2327//5 1275//5
f 2325//5 2326//5 1275//5
f 2326//5 1285//5 1275//5
f 2323//5 2326//5 2325//5
f 2004//5 2322//5 2323//5
f 2326//5 2323//5 2322//5
f 2328//5 1993//5 1995//5
f 2329//5 1990//5 1993//5
f 2330//5 2329//5 2328//5
f 1993//5 2328//5 2329//5
f 2331//5 1988//5 1990//5
f 2332//5 1901//5 1988//5
f 2333//5 2332//5 2331//5
f 1988//5 2331//5 2332//5
f 2334//5 2335//5 2330//5
f 2336//5 2333//5 2335//5
f 2337//5 2336//5 2334//5
f 2335//5 2334//5 2336//5
f 2331//5 2335//5 2333//5
f 2329//5 2330//5 2335//5
f 1990//5 2329//5 2331//5
f 2335//5 2331//5 2329//5
f 2338//5 1350//5 2337//5
f 1350//5 2338//5 1344//5
f 2338//5 2339//5 1344//5
f 1348//5 2337//5 1350//5
f 2334//5 2338//5 2337//5
f 2330//5 2339//5 2334//5
f 2338//5 2334//5 2339//5
f 1344//5 2339//5 2327//5
f 2325//5 1275//5 2327//5
f 2328//5 2340//5 2330//5
f 2324//5 2325//5 2340//5
f 1995//5 2324//5 2328//5
f 2340//5 2328//5 2324//5
f 2327//5 2340//5 2325//5
f 2339//5 2330//5 2340//5
f 2327//5 1276//5 1344//5
f 2340//5 2327//5 2339//5
f 1285//5 2322//5 1281//5
f 1281//5 2321//5 1332//5
f 2321//5 2009//5 1332//5
f 2341//5 1899//5 1901//5
f 2342//5 1896//5 1899//5
f 2343//5 2342//5 2341//5
f 1899//5 2341//5 2342//5
f 2344//5 1894//5 1896//5
f 2345//5 1887//5 1894//5
f 2346//5 2345//5 2344//5
f 1894//5 2344//5 2345//5
f 2347//5 2348//5 2343//5
f 2349//5 2346//5 2348//5
f 2350//5 2349//5 2347//5
f 2348//5 2347//5 2349//5
f 2344//5 2348//5 2346//5
f 2342//5 2343//5 2348//5
f 1896//5 2342//5 2344//5
f 2348//5 2344//5 2342//5
f 2351//5 1885//5 1887//5
f 2352//5 1882//5 1885//5
f 2353//5 2352//5 2351//5
f 1885//5 2351//5 2352//5
f 2354//5 1880//5 1882//5
f 2355//5 1857//5 1880//5
f 2356//5 2355//5 2354//5
f 1880//5 2354//5 2355//5
f 2357//5 2358//5 2353//5
f 2359//5 2356//5 2358//5
f 2360//5 2359//5 2357//5
f 2358//5 2357//5 2359//5
f 2354//5 2358//5 2356//5
f 2352//5 2353//5 2358//5
f 1882//5 2352//5 2354//5
f 2358//5 2354//5 2352//5
f 2361//5 2362//5 2350//5
f 2363//5 2364//5 2362//5
f 2365//5 2363//5 2361//5
f 2362//5 2361//5 2363//5
f 2366//5 2367//5 2364//5
f 2368//5 2360//5 2367//5
f 2369//5 2368//5 2366//5
f 2367//5 2366//5 2368//5
f 2370//5 2371//5 2365//5
f 2372//5 2369//5 2371//5
f 2373//5 2372//5 2370//5
f 2371//5 2370//5 2372//5
f 2366//5 2371//5 2369//5
f 2363//5 2365//5 2371//5
f 2364//5 2363//5 2366//5
f 2371//5 2366//5 2363//5
f 2357//5 2367//5 2360//5
f 2374//5 2364//5 2367//5
f 2353//5 2374//5 2357//5
f 2367//5 2357//5 2374//5
f 2375//5 2362//5 2364//5
f 2349//5 2350//5 2362//5
f 2346//5 2349//5 2375//5
f 2362//5 2375//5 2349//5
f 2351//5 2376//5 2353//5
f 2345//5 2346//5 2376//5
f 1887//5 2345//5 2351//5
f 2376//5 2351//5 2345//5
f 2375//5 2376//5 2346//5
f 2374//5 2353//5 2376//5
f 2364//5 2374//5 2375//5
f 2376//5 2375//5 2374//5
f 2377//5 1855//5 1857//5
f 2378//5 1852//5 1855//5
f 2379//5 2378//5 2377//5
f 1855//5 2377//5 2378//5
f 2380//5 1850//5 1852//5
f 2381//5 1843//5 1850//5
f 2382//5 2381//5 2380//5
f 1850//5 2380//5 2381//5
f 2383//5 2384//5 2379//5
f 2385//5 2382//5 2384//5
f 2386//5 2385//5 2383//5
f 2384//5 2383//5 2385//5
f 2380//5 2384//5 2382//5
f 2378//5 2379//5 2384//5
f 1852//5 2378//5 2380//5
f 2384//5 2380//5 2378//5
f 2387//5 1841//5 1843//5
f 2388//5 1838//5 1841//5
f 2389//5 2388//5 2387//5
f 1841//5 2387//5 2388//5
f 2390//5 1836//5 1838//5
f 1793//5 1794//5 1836//5
f 1790//5 1793//5 2390//5
f 1836//5 2390//5 1793//5
f 2391//5 2392//5 2389//5
f 1789//5 1790//5 2392//5
f 1781//5 1789//5 2391//5
f 2392//5 2391//5 1789//5
f 2390//5 2392//5 1790//5
f 2388//5 2389//5 2392//5
f 1838//5 2388//5 2390//5
f 2392//5 2390//5 2388//5
f 2393//5 2394//5 2386//5
f 2395//5 2396//5 2394//5
f 2397//5 2395//5 2393//5
f 2394//5 2393//5 2395//5
f 2398//5 2399//5 2396//5
f 1780//5 1781//5 2399//5
f 1777//5 1780//5 2398//5
f 2399//5 2398//5 1780//5
f 2400//5 2401//5 2397//5
f 1776//5 1777//5 2401//5
f 1752//5 1776//5 2400//5
f 2401//5 2400//5 1776//5
f 2398//5 2401//5 1777//5
f 2395//5 2397//5 2401//5
f 2396//5 2395//5 2398//5
f 2401//5 2398//5 2395//5
f 2391//5 2399//5 1781//5
f 2402//5 2396//5 2399//5
f 2389//5 2402//5 2391//5
f 2399//5 2391//5 2402//5
f 2403//5 2394//5 2396//5
f 2385//5 2386//5 2394//5
f 2382//5 2385//5 2403//5
f 2394//5 2403//5 2385//5
f 2387//5 2404//5 2389//5
f 2381//5 2382//5 2404//5
f 1843//5 2381//5 2387//5
f 2404//5 2387//5 2381//5
f 2403//5 2404//5 2382//5
f 2402//5 2389//5 2404//5
f 2396//5 2402//5 2403//5
f 2404//5 2403//5 2402//5
f 2405//5 2406//5 2373//5
f 2407//5 2408//5 2406//5
f 2405//5 1270//5 1268//5
f 2406//5 2405//5 2407//5
f 2409//5 2410//5 2408//5
f 2411//5 2412//5 2410//5
f 2413//5 2411//5 2409//5
f 2410//5 2409//5 2411//5
f 2414//5 1266//5 2413//5
f 1266//5 2414//5 1268//5
f 2414//5 2407//5 1268//5
f 2409//5 2414//5 2413//5
f 1199//5 2413//5 1266//5
f 2408//5 2407//5 2409//5
f 2414//5 2409//5 2407//5
f 2415//5 2416//5 2412//5
f 2417//5 2418//5 2416//5
f 2419//5 2417//5 2415//5
f 2416//5 2415//5 2417//5
f 2420//5 2421//5 2418//5
f 1751//5 1752//5 2421//5
f 1748//5 1751//5 2420//5
f 2421//5 2420//5 1751//5
f 2422//5 2423//5 2419//5
f 1747//5 1748//5 2423//5
f 1739//5 1747//5 2422//5
f 2423//5 2422//5 1747//5
f 2420//5 2423//5 1748//5
f 2417//5 2419//5 2423//5
f 2418//5 2417//5 2420//5
f 2423//5 2420//5 2417//5
f 2424//5 1193//5 1194//5
f 1194//5 1739//5 2424//5
f 2422//5 2424//5 1739//5
f 1200//5 1193//5 2424//5
f 2419//5 2425//5 2422//5
f 2424//5 2422//5 2425//5
f 2426//5 1199//5 1200//5
f 2424//5 2425//5 1200//5
f 2415//5 2427//5 2419//5
f 2426//5 2413//5 1199//5
f 2411//5 2413//5 2427//5
f 2412//5 2411//5 2415//5
f 2427//5 2415//5 2411//5
f 2426//5 2427//5 2413//5
f 2425//5 2419//5 2427//5
f 2426//5 1200//5 2425//5
f 2427//5 2426//5 2425//5
f 2400//5 2421//5 1752//5
f 2428//5 2418//5 2421//5
f 2397//5 2428//5 2400//5
f 2421//5 2400//5 2428//5
f 2429//5 2416//5 2418//5
f 2430//5 2412//5 2416//5
f 2431//5 2430//5 2429//5
f 2416//5 2429//5 2430//5
f 2393//5 2432//5 2397//5
f 2433//5 2431//5 2432//5
f 2386//5 2433//5 2393//5
f 2432//5 2393//5 2433//5
f 2429//5 2432//5 2431//5
f 2428//5 2397//5 2432//5
f 2418//5 2428//5 2429//5
f 2432//5 2429//5 2428//5
f 2434//5 2410//5 2412//5
f 2435//5 2408//5 2410//5
f 2436//5 2435//5 2434//5
f 2410//5 2434//5 2435//5
f 2437//5 2406//5 2408//5
f 2372//5 2373//5 2406//5
f 2369//5 2372//5 2437//5
f 2406//5 2437//5 2372//5
f 2438//5 2439//5 2436//5
f 2368//5 2369//5 2439//5
f 2360//5 2368//5 2438//5
f 2439//5 2438//5 2368//5
f 2437//5 2439//5 2369//5
f 2435//5 2436//5 2439//5
f 2408//5 2435//5 2437//5
f 2439//5 2437//5 2435//5
f 2383//5 2440//5 2386//5
f 2441//5 2442//5 2440//5
f 2379//5 2441//5 2383//5
f 2440//5 2383//5 2441//5
f 2443//5 2444//5 2442//5
f 2359//5 2360//5 2444//5
f 2356//5 2359//5 2443//5
f 2444//5 2443//5 2359//5
f 2377//5 2445//5 2379//5
f 2355//5 2356//5 2445//5
f 1857//5 2355//5 2377//5
f 2445//5 2377//5 2355//5
f 2443//5 2445//5 2356//5
f 2441//5 2379//5 2445//5
f 2442//5 2441//5 2443//5
f 2445//5 2443//5 2441//5
f 2438//5 2444//5 2360//5
f 2446//5 2442//5 2444//5
f 2436//5 2446//5 2438//5
f 2444//5 2438//5 2446//5
f 2447//5 2440//5 2442//5
f 2433//5 2386//5 2440//5
f 2431//5 2433//5 2447//5
f 2440//5 2447//5 2433//5
f 2434//5 2448//5 2436//5
f 2430//5 2431//5 2448//5
f 2412//5 2430//5 2434//5
f 2448//5 2434//5 2430//5
f 2447//5 2448//5 2431//5
f 2446//5 2436//5 2448//5
f 2442//5 2446//5 2447//5
f 2448//5 2447//5 2446//5
f 1268//5 2407//5 2405//5
f 1264//5 1270//5 2405//5
f 2370//5 2449//5 2373//5
f 2365//5 2450//5 2370//5
f 2449//5 2370//5 2450//5
f 1228//5 2450//5 1227//5
f 2361//5 2451//5 2365//5
f 1227//5 2452//5 1234//5
f 2452//5 2453//5 1234//5
f 2454//5 2453//5 2451//5
f 2350//5 2454//5 2361//5
f 2451//5 2361//5 2454//5
f 2452//5 2451//5 2453//5
f 2450//5 2365//5 2451//5
f 2452//5 1227//5 2450//5
f 2451//5 2452//5 2450//5
f 1346//5 2455//5 1348//5
f 2455//5 2337//5 1348//5
f 2347//5 2456//5 2350//5
f 2457//5 2458//5 2456//5
f 2343//5 2457//5 2347//5
f 2456//5 2347//5 2457//5
f 2459//5 2460//5 2458//5
f 2336//5 2337//5 2460//5
f 2333//5 2336//5 2459//5
f 2460//5 2459//5 2336//5
f 2341//5 2461//5 2343//5
f 2332//5 2333//5 2461//5
f 1901//5 2332//5 2341//5
f 2461//5 2341//5 2332//5
f 2459//5 2461//5 2333//5
f 2457//5 2343//5 2461//5
f 2458//5 2457//5 2459//5
f 2461//5 2459//5 2457//5
f 2455//5 2460//5 2337//5
f 2462//5 2458//5 2460//5
f 2460//5 2455//5 2462//5
f 2463//5 2462//5 1346//5
f 2462//5 2455//5 1346//5
f 2464//5 2456//5 2458//5
f 2454//5 2350//5 2456//5
f 2453//5 2454//5 2464//5
f 2456//5 2464//5 2454//5
f 2463//5 1233//5 1234//5
f 2464//5 2463//5 2453//5
f 1234//5 2453//5 2463//5
f 1346//5 1233//5 2463//5
f 2458//5 2462//5 2464//5
f 2463//5 2464//5 2462//5
f 2449//5 1264//5 2373//5
f 2449//5 2450//5 1228//5
f 2449//5 1228//5 1264//5
f 2405//5 2373//5 1264//5
f 2465//5 2466//5 598//5
f 2467//5 2468//5 599//5
f 2468//5 2465//5 599//5
f 2465//5 598//5 599//5
f 2467//5 2469//5 2468//5
f 2470//5 2471//5 2469//5
f 2467//5 667//5 673//5
f 2469//5 2467//5 2470//5
f 2472//5 2473//5 2471//5
f 2474//5 2475//5 2473//5
f 2476//5 2474//5 2472//5
f 2473//5 2472//5 2474//5
f 2477//5 671//5 2476//5
f 671//5 2477//5 673//5
f 2477//5 2470//5 673//5
f 2472//5 2477//5 2476//5
f 669//5 2476//5 671//5
f 2471//5 2470//5 2472//5
f 2477//5 2472//5 2470//5
f 2478//5 2479//5 2475//5
f 2480//5 2481//5 2479//5
f 2482//5 2480//5 2478//5
f 2479//5 2478//5 2480//5
f 2483//5 2484//5 2481//5
f 2485//5 2486//5 2484//5
f 2487//5 2485//5 2483//5
f 2484//5 2483//5 2485//5
f 2488//5 2489//5 2482//5
f 2490//5 2487//5 2489//5
f 2491//5 2490//5 2488//5
f 2489//5 2488//5 2490//5
f 2483//5 2489//5 2487//5
f 2480//5 2482//5 2489//5
f 2481//5 2480//5 2483//5
f 2489//5 2483//5 2480//5
f 2492//5 557//5 550//5
f 550//5 2491//5 2492//5
f 2488//5 2492//5 2491//5
f 556//5 557//5 2492//5
f 2482//5 2493//5 2488//5
f 2492//5 2488//5 2493//5
f 2494//5 669//5 556//5
f 2492//5 2493//5 556//5
f 2478//5 2495//5 2482//5
f 2494//5 2476//5 669//5
f 2474//5 2476//5 2495//5
f 2475//5 2474//5 2478//5
f 2495//5 2478//5 2474//5
f 2494//5 2495//5 2476//5
f 2493//5 2482//5 2495//5
f 2494//5 556//5 2493//5
f 2495//5 2494//5 2493//5
f 673//5 2470//5 2467//5
f 599//5 667//5 2467//5
f 2496//5 2497//5 2486//5
f 2498//5 2499//5 2497//5
f 2500//5 2498//5 2496//5
f 2497//5 2496//5 2498//5
f 2501//5 2502//5 2499//5
f 2503//5 2504//5 2502//5
f 2505//5 2503//5 2501//5
f 2502//5 2501//5 2503//5
f 2506//5 2507//5 2500//5
f 2508//5 2505//5 2507//5
f 2509//5 2508//5 2506//5
f 2507//5 2506//5 2508//5
f 2501//5 2507//5 2505//5
f 2498//5 2500//5 2507//5
f 2499//5 2498//5 2501//5
f 2507//5 2501//5 2498//5
f 2510//5 2511//5 2504//5
f 2512//5 2513//5 2511//5
f 2514//5 2512//5 2510//5
f 2511//5 2510//5 2512//5
f 2515//5 2516//5 2513//5
f 2517//5 2518//5 2516//5
f 2519//5 2517//5 2515//5
f 2516//5 2515//5 2517//5
f 2520//5 2521//5 2514//5
f 2522//5 2519//5 2521//5
f 2523//5 2522//5 2520//5
f 2521//5 2520//5 2522//5
f 2515//5 2521//5 2519//5
f 2512//5 2514//5 2521//5
f 2513//5 2512//5 2515//5
f 2521//5 2515//5 2512//5
f 2524//5 2525//5 2509//5
f 2526//5 2527//5 2525//5
f 2528//5 2526//5 2524//5
f 2525//5 2524//5 2526//5
f 2529//5 2530//5 2527//5
f 2531//5 2523//5 2530//5
f 2532//5 2531//5 2529//5
f 2530//5 2529//5 2531//5
f 2533//5 2534//5 2528//5
f 2535//5 2532//5 2534//5
f 2536//5 2535//5 2533//5
f 2534//5 2533//5 2535//5
f 2529//5 2534//5 2532//5
f 2526//5 2528//5 2534//5
f 2527//5 2526//5 2529//5
f 2534//5 2529//5 2526//5
f 2520//5 2530//5 2523//5
f 2537//5 2527//5 2530//5
f 2514//5 2537//5 2520//5
f 2530//5 2520//5 2537//5
f 2538//5 2525//5 2527//5
f 2508//5 2509//5 2525//5
f 2505//5 2508//5 2538//5
f 2525//5 2538//5 2508//5
f 2510//5 2539//5 2514//5
f 2503//5 2505//5 2539//5
f 2504//5 2503//5 2510//5
f 2539//5 2510//5 2503//5
f 2538//5 2539//5 2505//5
f 2537//5 2514//5 2539//5
f 2527//5 2537//5 2538//5
f 2539//5 2538//5 2537//5
f 2540//5 2541//5 2518//5
f 2542//5 2543//5 2541//5
f 2544//5 2542//5 2540//5
f 2541//5 2540//5 2542//5
f 2545//5 2546//5 2543//5
f 2547//5 2548//5 2546//5
f 2549//5 2547//5 2545//5
f 2546//5 2545//5 2547//5
f 2550//5 2551//5 2544//5
f 2552//5 2549//5 2551//5
f 2553//5 2552//5 2550//5
f 2551//5 2550//5 2552//5
f 2545//5 2551//5 2549//5
f 2542//5 2544//5 2551//5
f 2543//5 2542//5 2545//5
f 2551//5 2545//5 2542//5
f 2554//5 2555//5 2548//5
f 2556//5 2557//5 2555//5
f 2558//5 2556//5 2554//5
f 2555//5 2554//5 2556//5
f 2559//5 2560//5 2557//5
f 2561//5 2562//5 2560//5
f 2563//5 2561//5 2559//5
f 2560//5 2559//5 2561//5
f 2564//5 2565//5 2558//5
f 2566//5 2563//5 2565//5
f 2567//5 2566//5 2564//5
f 2565//5 2564//5 2566//5
f 2559//5 2565//5 2563//5
f 2556//5 2558//5 2565//5
f 2557//5 2556//5 2559//5
f 2565//5 2559//5 2556//5
f 2568//5 2569//5 2553//5
f 2570//5 2571//5 2569//5
f 2572//5 2570//5 2568//5
f 2569//5 2568//5 2570//5
f 2573//5 2574//5 2571//5
f 2575//5 2567//5 2574//5
f 2576//5 2575//5 2573//5
f 2574//5 2573//5 2575//5
f 2577//5 2578//5 2572//5
f 2579//5 2576//5 2578//5
f 2580//5 2579//5 2577//5
f 2578//5 2577//5 2579//5
f 2573//5 2578//5 2576//5
f 2570//5 2572//5 2578//5
f 2571//5 2570//5 2573//5
f 2578//5 2573//5 2570//5
f 2564//5 2574//5 2567//5
f 2581//5 2571//5 2574//5
f 2558//5 2581//5 2564//5
f 2574//5 2564//5 2581//5
f 2582//5 2569//5 2571//5
f 2552//5 2553//5 2569//5
f 2549//5 2552//5 2582//5
f 2569//5 2582//5 2552//5
f 2554//5 2583//5 2558//5
f 2547//5 2549//5 2583//5
f 2548//5 2547//5 2554//5
f 2583//5 2554//5 2547//5
f 2582//5 2583//5 2549//5
f 2581//5 2558//5 2583//5
f 2571//5 2581//5 2582//5
f 2583//5 2582//5 2581//5
f 2584//5 2585//5 2536//5
f 2586//5 2587//5 2585//5
f 2584//5 516//5 2586//5
f 2585//5 2584//5 2586//5
f 2588//5 2589//5 2587//5
f 2590//5 2591//5 2589//5
f 2592//5 2590//5 2588//5
f 2589//5 2588//5 2590//5
f 2593//5 517//5 681//5
f 681//5 2592//5 2593//5
f 2588//5 2593//5 2592//5
f 516//5 517//5 2593//5
f 2587//5 2586//5 2588//5
f 2593//5 2588//5 2586//5
f 2594//5 2595//5 2591//5
f 2596//5 2597//5 2595//5
f 2598//5 2596//5 2594//5
f 2595//5 2594//5 2596//5
f 2599//5 2600//5 2597//5
f 2601//5 2580//5 2600//5
f 2602//5 2601//5 2599//5
f 2600//5 2599//5 2601//5
f 2603//5 2604//5 2598//5
f 2605//5 2602//5 2604//5
f 2606//5 2605//5 2603//5
f 2604//5 2603//5 2605//5
f 2599//5 2604//5 2602//5
f 2596//5 2598//5 2604//5
f 2597//5 2596//5 2599//5
f 2604//5 2599//5 2596//5
f 2607//5 683//5 2606//5
f 2607//5 2608//5 685//5
f 2607//5 685//5 683//5
f 2609//5 2606//5 683//5
f 2603//5 2607//5 2606//5
f 2598//5 2608//5 2603//5
f 2607//5 2603//5 2608//5
f 2610//5 681//5 687//5
f 685//5 2608//5 687//5
f 2594//5 2611//5 2598//5
f 2610//5 2592//5 681//5
f 2590//5 2592//5 2611//5
f 2591//5 2590//5 2594//5
f 2611//5 2594//5 2590//5
f 2610//5 2611//5 2592//5
f 2608//5 2598//5 2611//5
f 2610//5 687//5 2608//5
f 2611//5 2610//5 2608//5
f 2577//5 2600//5 2580//5
f 2612//5 2597//5 2600//5
f 2572//5 2612//5 2577//5
f 2600//5 2577//5 2612//5
f 2613//5 2595//5 2597//5
f 2614//5 2591//5 2595//5
f 2615//5 2614//5 2613//5
f 2595//5 2613//5 2614//5
f 2568//5 2616//5 2572//5
f 2617//5 2615//5 2616//5
f 2553//5 2617//5 2568//5
f 2616//5 2568//5 2617//5
f 2613//5 2616//5 2615//5
f 2612//5 2572//5 2616//5
f 2597//5 2612//5 2613//5
f 2616//5 2613//5 2612//5
f 2618//5 2589//5 2591//5
f 2619//5 2587//5 2589//5
f 2620//5 2619//5 2618//5
f 2589//5 2618//5 2619//5
f 2621//5 2585//5 2587//5
f 2535//5 2536//5 2585//5
f 2532//5 2535//5 2621//5
f 2585//5 2621//5 2535//5
f 2622//5 2623//5 2620//5
f 2531//5 2532//5 2623//5
f 2523//5 2531//5 2622//5
f 2623//5 2622//5 2531//5
f 2621//5 2623//5 2532//5
f 2619//5 2620//5 2623//5
f 2587//5 2619//5 2621//5
f 2623//5 2621//5 2619//5
f 2550//5 2624//5 2553//5
f 2625//5 2626//5 2624//5
f 2544//5 2625//5 2550//5
f 2624//5 2550//5 2625//5
f 2627//5 2628//5 2626//5
f 2522//5 2523//5 2628//5
f 2519//5 2522//5 2627//5
f 2628//5 2627//5 2522//5
f 2540//5 2629//5 2544//5
f 2517//5 2519//5 2629//5
f 2518//5 2517//5 2540//5
f 2629//5 2540//5 2517//5
f 2627//5 2629//5 2519//5
f 2625//5 2544//5 2629//5
f 2626//5 2625//5 2627//5
f 2629//5 2627//5 2625//5
f 2622//5 2628//5 2523//5
f 2630//5 2626//5 2628//5
f 2620//5 2630//5 2622//5
f 2628//5 2622//5 2630//5
f 2631//5 2624//5 2626//5
f 2617//5 2553//5 2624//5
f 2615//5 2617//5 2631//5
f 2624//5 2631//5 2617//5
f 2618//5 2632//5 2620//5
f 2614//5 2615//5 2632//5
f 2591//5 2614//5 2618//5
f 2632//5 2618//5 2614//5
f 2631//5 2632//5 2615//5
f 2630//5 2620//5 2632//5
f 2626//5 2630//5 2631//5
f 2632//5 2631//5 2630//5
f 2584//5 523//5 516//5
f 2593//5 2586//5 516//5
f 2584//5 2536//5 523//5
f 2533//5 2633//5 2536//5
f 2634//5 591//5 589//5
f 2528//5 2635//5 2533//5
f 2633//5 2533//5 2635//5
f 2635//5 2634//5 589//5
f 593//5 591//5 2634//5
f 2524//5 2636//5 2528//5
f 2637//5 2638//5 2636//5
f 2509//5 2637//5 2524//5
f 2636//5 2524//5 2637//5
f 2634//5 2636//5 2638//5
f 2635//5 2528//5 2636//5
f 589//5 2633//5 2635//5
f 2636//5 2634//5 2635//5
f 587//5 2639//5 551//5
f 551//5 2640//5 550//5
f 2640//5 2491//5 550//5
f 2506//5 2641//5 2509//5
f 2642//5 2643//5 2641//5
f 2500//5 2642//5 2506//5
f 2641//5 2506//5 2642//5
f 2644//5 2645//5 2643//5
f 2490//5 2491//5 2645//5
f 2487//5 2490//5 2644//5
f 2645//5 2644//5 2490//5
f 2496//5 2646//5 2500//5
f 2485//5 2487//5 2646//5
f 2486//5 2485//5 2496//5
f 2646//5 2496//5 2485//5
f 2644//5 2646//5 2487//5
f 2642//5 2500//5 2646//5
f 2643//5 2642//5 2644//5
f 2646//5 2644//5 2642//5
f 2640//5 2645//5 2491//5
f 2639//5 2643//5 2645//5
f 2640//5 551//5 2639//5
f 2645//5 2640//5 2639//5
f 2647//5 2641//5 2643//5
f 2637//5 2509//5 2641//5
f 2638//5 2637//5 2647//5
f 2641//5 2647//5 2637//5
f 2648//5 593//5 2638//5
f 2648//5 2639//5 587//5
f 2647//5 2648//5 2638//5
f 2648//5 587//5 593//5
f 2634//5 2638//5 593//5
f 2643//5 2639//5 2647//5
f 2648//5 2647//5 2639//5
f 2633//5 522//5 2536//5
f 2633//5 589//5 522//5
f 523//5 2536//5 522//5
f 2649//5 2650//5 2562//5
f 2651//5 2652//5 2650//5
f 2653//5 2651//5 2649//5
f 2650//5 2649//5 2651//5
f 2654//5 2655//5 2652//5
f 2656//5 2657//5 2655//5
f 2658//5 2656//5 2654//5
f 2655//5 2654//5 2656//5
f 2659//5 2660//5 2653//5
f 2661//5 2658//5 2660//5
f 2662//5 2661//5 2659//5
f 2660//5 2659//5 2661//5
f 2654//5 2660//5 2658//5
f 2651//5 2653//5 2660//5
f 2652//5 2651//5 2654//5
f 2660//5 2654//5 2651//5
f 2663//5 2664//5 2657//5
f 2665//5 2666//5 2664//5
f 2667//5 2665//5 2663//5
f 2664//5 2663//5 2665//5
f 2668//5 2669//5 2666//5
f 2670//5 2671//5 2669//5
f 2672//5 2670//5 2668//5
f 2669//5 2668//5 2670//5
f 2673//5 2674//5 2667//5
f 2675//5 2672//5 2674//5
f 2676//5 2675//5 2673//5
f 2674//5 2673//5 2675//5
f 2668//5 2674//5 2672//5
f 2665//5 2667//5 2674//5
f 2666//5 2665//5 2668//5
f 2674//5 2668//5 2665//5
f 2677//5 2678//5 2662//5
f 2679//5 2680//5 2678//5
f 2681//5 2679//5 2677//5
f 2678//5 2677//5 2679//5
f 2682//5 2683//5 2680//5
f 2684//5 2676//5 2683//5
f 2685//5 2684//5 2682//5
f 2683//5 2682//5 2684//5
f 2686//5 2687//5 2681//5
f 2688//5 2685//5 2687//5
f 2689//5 2688//5 2686//5
f 2687//5 2686//5 2688//5
f 2682//5 2687//5 2685//5
f 2679//5 2681//5 2687//5
f 2680//5 2679//5 2682//5
f 2687//5 2682//5 2679//5
f 2673//5 2683//5 2676//5
f 2690//5 2680//5 2683//5
f 2667//5 2690//5 2673//5
f 2683//5 2673//5 2690//5
f 2691//5 2678//5 2680//5
f 2661//5 2662//5 2678//5
f 2658//5 2661//5 2691//5
f 2678//5 2691//5 2661//5
f 2663//5 2692//5 2667//5
f 2656//5 2658//5 2692//5
f 2657//5 2656//5 2663//5
f 2692//5 2663//5 2656//5
f 2691//5 2692//5 2658//5
f 2690//5 2667//5 2692//5
f 2680//5 2690//5 2691//5
f 2692//5 2691//5 2690//5
f 2693//5 2694//5 2671//5
f 2695//5 2696//5 2694//5
f 2697//5 2695//5 2693//5
f 2694//5 2693//5 2695//5
f 2698//5 2699//5 2696//5
f 2700//5 2701//5 2699//5
f 2702//5 2700//5 2698//5
f 2699//5 2698//5 2700//5
f 2703//5 2704//5 2697//5
f 2705//5 2702//5 2704//5
f 2706//5 2705//5 2703//5
f 2704//5 2703//5 2705//5
f 2698//5 2704//5 2702//5
f 2695//5 2697//5 2704//5
f 2696//5 2695//5 2698//5
f 2704//5 2698//5 2695//5
f 2707//5 2708//5 2701//5
f 2709//5 2710//5 2708//5
f 2711//5 2709//5 2707//5
f 2708//5 2707//5 2709//5
f 2712//5 2713//5 2710//5
f 2714//5 2715//5 2713//5
f 2716//5 2714//5 2712//5
f 2713//5 2712//5 2714//5
f 2717//5 2718//5 2711//5
f 2719//5 2716//5 2718//5
f 2720//5 2719//5 2717//5
f 2718//5 2717//5 2719//5
f 2712//5 2718//5 2716//5
f 2709//5 2711//5 2718//5
f 2710//5 2709//5 2712//5
f 2718//5 2712//5 2709//5
f 2721//5 2722//5 2706//5
f 2723//5 2724//5 2722//5
f 2725//5 2723//5 2721//5
f 2722//5 2721//5 2723//5
f 2726//5 2727//5 2724//5
f 2728//5 2720//5 2727//5
f 2729//5 2728//5 2726//5
f 2727//5 2726//5 2728//5
f 2730//5 2731//5 2725//5
f 2732//5 2729//5 2731//5
f 2733//5 2732//5 2730//5
f 2731//5 2730//5 2732//5
f 2726//5 2731//5 2729//5
f 2723//5 2725//5 2731//5
f 2724//5 2723//5 2726//5
f 2731//5 2726//5 2723//5
f 2717//5 2727//5 2720//5
f 2734//5 2724//5 2727//5
f 2711//5 2734//5 2717//5
f 2727//5 2717//5 2734//5
f 2735//5 2722//5 2724//5
f 2705//5 2706//5 2722//5
f 2702//5 2705//5 2735//5
f 2722//5 2735//5 2705//5
f 2707//5 2736//5 2711//5
f 2700//5 2702//5 2736//5
f 2701//5 2700//5 2707//5
f 2736//5 2707//5 2700//5
f 2735//5 2736//5 2702//5
f 2734//5 2711//5 2736//5
f 2724//5 2734//5 2735//5
f 2736//5 2735//5 2734//5
f 2737//5 2738//5 2689//5
f 2739//5 2740//5 2738//5
f 2741//5 2739//5 2737//5
f 2738//5 2737//5 2739//5
f 2742//5 2743//5 2740//5
f 2744//5 2745//5 2743//5
f 2746//5 2744//5 2742//5
f 2743//5 2742//5 2744//5
f 2747//5 2748//5 2741//5
f 2749//5 2746//5 2748//5
f 2750//5 2749//5 2747//5
f 2748//5 2747//5 2749//5
f 2742//5 2748//5 2746//5
f 2739//5 2741//5 2748//5
f 2740//5 2739//5 2742//5
f 2748//5 2742//5 2739//5
f 2751//5 2752//5 2745//5
f 2753//5 2754//5 2752//5
f 2755//5 2753//5 2751//5
f 2752//5 2751//5 2753//5
f 2756//5 2757//5 2754//5
f 2758//5 2733//5 2757//5
f 2759//5 2758//5 2756//5
f 2757//5 2756//5 2758//5
f 2760//5 2761//5 2755//5
f 2762//5 2759//5 2761//5
f 2763//5 2762//5 2760//5
f 2761//5 2760//5 2762//5
f 2756//5 2761//5 2759//5
f 2753//5 2755//5 2761//5
f 2754//5 2753//5 2756//5
f 2761//5 2756//5 2753//5
f 2764//5 2765//5 2750//5
f 2766//5 2767//5 2765//5
f 2768//5 2766//5 2764//5
f 2765//5 2764//5 2766//5
f 2769//5 2770//5 2767//5
f 2771//5 2763//5 2770//5
f 2772//5 2771//5 2769//5
f 2770//5 2769//5 2771//5
f 2773//5 2774//5 2768//5
f 2775//5 2772//5 2774//5
f 2776//5 2775//5 2773//5
f 2774//5 2773//5 2775//5
f 2769//5 2774//5 2772//5
f 2766//5 2768//5 2774//5
f 2767//5 2766//5 2769//5
f 2774//5 2769//5 2766//5
f 2760//5 2770//5 2763//5
f 2777//5 2767//5 2770//5
f 2755//5 2777//5 2760//5
f 2770//5 2760//5 2777//5
f 2778//5 2765//5 2767//5
f 2749//5 2750//5 2765//5
f 2746//5 2749//5 2778//5
f 2765//5 2778//5 2749//5
f 2751//5 2779//5 2755//5
f 2744//5 2746//5 2779//5
f 2745//5 2744//5 2751//5
f 2779//5 2751//5 2744//5
f 2778//5 2779//5 2746//5
f 2777//5 2755//5 2779//5
f 2767//5 2777//5 2778//5
f 2779//5 2778//5 2777//5
f 2730//5 2757//5 2733//5
f 2780//5 2754//5 2757//5
f 2725//5 2780//5 2730//5
f 2757//5 2730//5 2780//5
f 2781//5 2752//5 2754//5
f 2782//5 2745//5 2752//5
f 2783//5 2782//5 2781//5
f 2752//5 2781//5 2782//5
f 2721//5 2784//5 2725//5
f 2785//5 2783//5 2784//5
f 2706//5 2785//5 2721//5
f 2784//5 2721//5 2785//5
f 2781//5 2784//5 2783//5
f 2780//5 2725//5 2784//5
f 2754//5 2780//5 2781//5
f 2784//5 2781//5 2780//5
f 2786//5 2743//5 2745//5
f 2787//5 2740//5 2743//5
f 2788//5 2787//5 2786//5
f 2743//5 2786//5 2787//5
f 2789//5 2738//5 2740//5
f 2688//5 2689//5 2738//5
f 2685//5 2688//5 2789//5
f 2738//5 2789//5 2688//5
f 2790//5 2791//5 2788//5
f 2684//5 2685//5 2791//5
f 2676//5 2684//5 2790//5
f 2791//5 2790//5 2684//5
f 2789//5 2791//5 2685//5
f 2787//5 2788//5 2791//5
f 2740//5 2787//5 2789//5
f 2791//5 2789//5 2787//5
f 2703//5 2792//5 2706//5
f 2793//5 2794//5 2792//5
f 2697//5 2793//5 2703//5
f 2792//5 2703//5 2793//5
f 2795//5 2796//5 2794//5
f 2675//5 2676//5 2796//5
f 2672//5 2675//5 2795//5
f 2796//5 2795//5 2675//5
f 2693//5 2797//5 2697//5
f 2670//5 2672//5 2797//5
f 2671//5 2670//5 2693//5
f 2797//5 2693//5 2670//5
f 2795//5 2797//5 2672//5
f 2793//5 2697//5 2797//5
f 2794//5 2793//5 2795//5
f 2797//5 2795//5 2793//5
f 2790//5 2796//5 2676//5
f 2798//5 2794//5 2796//5
f 2788//5 2798//5 2790//5
f 2796//5 2790//5 2798//5
f 2799//5 2792//5 2794//5
f 2785//5 2706//5 2792//5
f 2783//5 2785//5 2799//5
f 2792//5 2799//5 2785//5
f 2786//5 2800//5 2788//5
f 2782//5 2783//5 2800//5
f 2745//5 2782//5 2786//5
f 2800//5 2786//5 2782//5
f 2799//5 2800//5 2783//5
f 2798//5 2788//5 2800//5
f 2794//5 2798//5 2799//5
f 2800//5 2799//5 2798//5
f 2801//5 2802//5 2715//5
f 2803//5 2804//5 2802//5
f 2805//5 2803//5 2801//5
f 2802//5 2801//5 2803//5
f 2806//5 2807//5 2804//5
f 2808//5 2809//5 2807//5
f 2810//5 2808//5 2806//5
f 2807//5 2806//5 2808//5
f 2811//5 2812//5 2805//5
f 2813//5 2810//5 2812//5
f 2814//5 2813//5 2811//5
f 2812//5 2811//5 2813//5
f 2806//5 2812//5 2810//5
f 2803//5 2805//5 2812//5
f 2804//5 2803//5 2806//5
f 2812//5 2806//5 2803//5
f 2815//5 2816//5 2809//5
f 2817//5 2818//5 2816//5
f 2819//5 2817//5 2815//5
f 2816//5 2815//5 2817//5
f 2820//5 2821//5 2818//5
f 2822//5 2823//5 2821//5
f 2824//5 2822//5 2820//5
f 2821//5 2820//5 2822//5
f 2825//5 2826//5 2819//5
f 2827//5 2824//5 2826//5
f 2828//5 2827//5 2825//5
f 2826//5 2825//5 2827//5
f 2820//5 2826//5 2824//5
f 2817//5 2819//5 2826//5
f 2818//5 2817//5 2820//5
f 2826//5 2820//5 2817//5
f 2829//5 2830//5 2814//5
f 2831//5 2832//5 2830//5
f 2833//5 2831//5 2829//5
f 2830//5 2829//5 2831//5
f 2834//5 2835//5 2832//5
f 2836//5 2828//5 2835//5
f 2837//5 2836//5 2834//5
f 2835//5 2834//5 2836//5
f 2838//5 2839//5 2833//5
f 2840//5 2837//5 2839//5
f 2841//5 2840//5 2838//5
f 2839//5 2838//5 2840//5
f 2834//5 2839//5 2837//5
f 2831//5 2833//5 2839//5
f 2832//5 2831//5 2834//5
f 2839//5 2834//5 2831//5
f 2825//5 2835//5 2828//5
f 2842//5 2832//5 2835//5
f 2819//5 2842//5 2825//5
f 2835//5 2825//5 2842//5
f 2843//5 2830//5 2832//5
f 2813//5 2814//5 2830//5
f 2810//5 2813//5 2843//5
f 2830//5 2843//5 2813//5
f 2815//5 2844//5 2819//5
f 2808//5 2810//5 2844//5
f 2809//5 2808//5 2815//5
f 2844//5 2815//5 2808//5
f 2843//5 2844//5 2810//5
f 2842//5 2819//5 2844//5
f 2832//5 2842//5 2843//5
f 2844//5 2843//5 2842//5
f 2845//5 2846//5 2823//5
f 2847//5 2848//5 2846//5
f 2849//5 2847//5 2845//5
f 2846//5 2845//5 2847//5
f 2850//5 2851//5 2848//5
f 2852//5 2853//5 2851//5
f 2854//5 2852//5 2850//5
f 2851//5 2850//5 2852//5
f 2855//5 2856//5 2849//5
f 2857//5 2854//5 2856//5
f 2858//5 2857//5 2855//5
f 2856//5 2855//5 2857//5
f 2850//5 2856//5 2854//5
f 2847//5 2849//5 2856//5
f 2848//5 2847//5 2850//5
f 2856//5 2850//5 2847//5
f 2859//5 2860//5 2853//5
f 2861//5 2862//5 2860//5
f 2863//5 2861//5 2859//5
f 2860//5 2859//5 2861//5
f 2862//5 1022//5 1028//5
f 2863//5 857//5 858//5
f 2863//5 2864//5 857//5
f 858//5 2861//5 2863//5
f 1022//5 2862//5 2861//5
f 2865//5 2866//5 2858//5
f 2861//5 858//5 1022//5
f 2867//5 2868//5 2866//5
f 2869//5 2867//5 2865//5
f 2866//5 2865//5 2867//5
f 864//5 2868//5 863//5
f 2868//5 2867//5 863//5
f 930//5 2869//5 932//5
f 2869//5 2870//5 932//5
f 863//5 2867//5 930//5
f 2867//5 2869//5 930//5
f 2871//5 2866//5 2868//5
f 857//5 2864//5 864//5
f 2864//5 2868//5 864//5
f 2857//5 2858//5 2866//5
f 2854//5 2857//5 2871//5
f 2866//5 2871//5 2857//5
f 2859//5 2872//5 2863//5
f 2852//5 2854//5 2872//5
f 2853//5 2852//5 2859//5
f 2872//5 2859//5 2852//5
f 2871//5 2872//5 2854//5
f 2864//5 2863//5 2872//5
f 2868//5 2864//5 2871//5
f 2872//5 2871//5 2864//5
f 2873//5 2874//5 2841//5
f 2875//5 2876//5 2874//5
f 2877//5 2875//5 2873//5
f 2874//5 2873//5 2875//5
f 2878//5 2879//5 2876//5
f 2880//5 2881//5 2879//5
f 2882//5 2880//5 2878//5
f 2879//5 2878//5 2880//5
f 2883//5 2884//5 2877//5
f 2885//5 2882//5 2884//5
f 2886//5 2885//5 2883//5
f 2884//5 2883//5 2885//5
f 2878//5 2884//5 2882//5
f 2875//5 2877//5 2884//5
f 2876//5 2875//5 2878//5
f 2884//5 2878//5 2875//5
f 2887//5 2888//5 2881//5
f 2889//5 2890//5 2888//5
f 2891//5 2889//5 2887//5
f 2888//5 2887//5 2889//5
f 934//5 2890//5 928//5
f 2890//5 2889//5 928//5
f 892//5 2891//5 891//5
f 2891//5 2892//5 891//5
f 2893//5 2894//5 2886//5
f 928//5 2889//5 892//5
f 2889//5 2891//5 892//5
f 2895//5 2896//5 2894//5
f 2897//5 2895//5 2893//5
f 2894//5 2893//5 2895//5
f 898//5 2896//5 897//5
f 2895//5 2897//5 1010//5
f 2897//5 1012//5 1010//5
f 2896//5 2895//5 897//5
f 2895//5 1010//5 897//5
f 2892//5 2896//5 898//5
f 891//5 2892//5 898//5
f 2898//5 2894//5 2896//5
f 2885//5 2886//5 2894//5
f 2882//5 2885//5 2898//5
f 2894//5 2898//5 2885//5
f 2887//5 2899//5 2891//5
f 2880//5 2882//5 2899//5
f 2881//5 2880//5 2887//5
f 2899//5 2887//5 2880//5
f 2898//5 2899//5 2882//5
f 2892//5 2891//5 2899//5
f 2896//5 2892//5 2898//5
f 2899//5 2898//5 2892//5
f 2900//5 2888//5 2890//5
f 932//5 2870//5 934//5
f 2870//5 2890//5 934//5
f 2901//5 2881//5 2888//5
f 2902//5 2901//5 2900//5
f 2888//5 2900//5 2901//5
f 2865//5 2903//5 2869//5
f 2904//5 2902//5 2903//5
f 2858//5 2904//5 2865//5
f 2903//5 2865//5 2904//5
f 2900//5 2903//5 2902//5
f 2870//5 2869//5 2903//5
f 2890//5 2870//5 2900//5
f 2903//5 2900//5 2870//5
f 2905//5 2879//5 2881//5
f 2906//5 2876//5 2879//5
f 2907//5 2906//5 2905//5
f 2879//5 2905//5 2906//5
f 2908//5 2874//5 2876//5
f 2840//5 2841//5 2874//5
f 2837//5 2840//5 2908//5
f 2874//5 2908//5 2840//5
f 2909//5 2910//5 2907//5
f 2836//5 2837//5 2910//5
f 2828//5 2836//5 2909//5
f 2910//5 2909//5 2836//5
f 2908//5 2910//5 2837//5
f 2906//5 2907//5 2910//5
f 2876//5 2906//5 2908//5
f 2910//5 2908//5 2906//5
f 2855//5 2911//5 2858//5
f 2912//5 2913//5 2911//5
f 2849//5 2912//5 2855//5
f 2911//5 2855//5 2912//5
f 2914//5 2915//5 2913//5
f 2827//5 2828//5 2915//5
f 2824//5 2827//5 2914//5
f 2915//5 2914//5 2827//5
f 2845//5 2916//5 2849//5
f 2822//5 2824//5 2916//5
f 2823//5 2822//5 2845//5
f 2916//5 2845//5 2822//5
f 2914//5 2916//5 2824//5
f 2912//5 2849//5 2916//5
f 2913//5 2912//5 2914//5
f 2916//5 2914//5 2912//5
f 2909//5 2915//5 2828//5
f 2917//5 2913//5 2915//5
f 2907//5 2917//5 2909//5
f 2915//5 2909//5 2917//5
f 2918//5 2911//5 2913//5
f 2904//5 2858//5 2911//5
f 2902//5 2904//5 2918//5
f 2911//5 2918//5 2904//5
f 2905//5 2919//5 2907//5
f 2901//5 2902//5 2919//5
f 2881//5 2901//5 2905//5
f 2919//5 2905//5 2901//5
f 2918//5 2919//5 2902//5
f 2917//5 2907//5 2919//5
f 2913//5 2917//5 2918//5
f 2919//5 2918//5 2917//5
f 2920//5 2921//5 2776//5
f 2922//5 2923//5 2921//5
f 2924//5 2922//5 2920//5
f 2921//5 2920//5 2922//5
f 2925//5 2926//5 2923//5
f 2927//5 2928//5 2926//5
f 2929//5 2927//5 2925//5
f 2926//5 2925//5 2927//5
f 2930//5 2931//5 2924//5
f 2932//5 2929//5 2931//5
f 2933//5 2932//5 2930//5
f 2931//5 2930//5 2932//5
f 2925//5 2931//5 2929//5
f 2922//5 2924//5 2931//5
f 2923//5 2922//5 2925//5
f 2931//5 2925//5 2922//5
f 2934//5 2935//5 2928//5
f 2936//5 2937//5 2935//5
f 2938//5 2936//5 2934//5
f 2935//5 2934//5 2936//5
f 2939//5 2940//5 2937//5
f 2941//5 2942//5 2940//5
f 2943//5 2941//5 2939//5
f 2940//5 2939//5 2941//5
f 2944//5 2945//5 2938//5
f 2946//5 2943//5 2945//5
f 2947//5 2946//5 2944//5
f 2945//5 2944//5 2946//5
f 2939//5 2945//5 2943//5
f 2936//5 2938//5 2945//5
f 2937//5 2936//5 2939//5
f 2945//5 2939//5 2936//5
f 2948//5 2949//5 2933//5
f 2950//5 2951//5 2949//5
f 2952//5 2950//5 2948//5
f 2949//5 2948//5 2950//5
f 2953//5 2954//5 2951//5
f 2955//5 2947//5 2954//5
f 2956//5 2955//5 2953//5
f 2954//5 2953//5 2955//5
f 2957//5 2958//5 2952//5
f 2959//5 2956//5 2958//5
f 2960//5 2959//5 2957//5
f 2958//5 2957//5 2959//5
f 2953//5 2958//5 2956//5
f 2950//5 2952//5 2958//5
f 2951//5 2950//5 2953//5
f 2958//5 2953//5 2950//5
f 2944//5 2954//5 2947//5
f 2961//5 2951//5 2954//5
f 2938//5 2961//5 2944//5
f 2954//5 2944//5 2961//5
f 2962//5 2949//5 2951//5
f 2932//5 2933//5 2949//5
f 2929//5 2932//5 2962//5
f 2949//5 2962//5 2932//5
f 2934//5 2963//5 2938//5
f 2927//5 2929//5 2963//5
f 2928//5 2927//5 2934//5
f 2963//5 2934//5 2927//5
f 2962//5 2963//5 2929//5
f 2961//5 2938//5 2963//5
f 2951//5 2961//5 2962//5
f 2963//5 2962//5 2961//5
f 2964//5 2965//5 2942//5
f 2966//5 2967//5 2965//5
f 2968//5 2966//5 2964//5
f 2965//5 2964//5 2966//5
f 2969//5 2970//5 2967//5
f 2971//5 2972//5 2970//5
f 2973//5 2971//5 2969//5
f 2970//5 2969//5 2971//5
f 2974//5 2975//5 2968//5
f 2976//5 2973//5 2975//5
f 2977//5 2976//5 2974//5
f 2975//5 2974//5 2976//5
f 2969//5 2975//5 2973//5
f 2966//5 2968//5 2975//5
f 2967//5 2966//5 2969//5
f 2975//5 2969//5 2966//5
f 2978//5 2979//5 2972//5
f 2980//5 2981//5 2979//5
f 2982//5 2980//5 2978//5
f 2979//5 2978//5 2980//5
f 1008//5 2980//5 940//5
f 2982//5 940//5 2980//5
f 2981//5 2980//5 1008//5
f 2983//5 2984//5 2977//5
f 2985//5 2986//5 2984//5
f 2987//5 2985//5 2983//5
f 2984//5 2983//5 2985//5
f 939//5 2988//5 949//5
f 945//5 2985//5 996//5
f 2987//5 996//5 2985//5
f 2985//5 945//5 2986//5
f 949//5 2986//5 945//5
f 2986//5 949//5 2988//5
f 2982//5 2988//5 939//5
f 2989//5 2984//5 2986//5
f 939//5 940//5 2982//5
f 2976//5 2977//5 2984//5
f 2973//5 2976//5 2989//5
f 2984//5 2989//5 2976//5
f 2978//5 2990//5 2982//5
f 2971//5 2973//5 2990//5
f 2972//5 2971//5 2978//5
f 2990//5 2978//5 2971//5
f 2989//5 2990//5 2973//5
f 2988//5 2982//5 2990//5
f 2986//5 2988//5 2989//5
f 2990//5 2989//5 2988//5
f 2991//5 2992//5 2960//5
f 2993//5 2994//5 2992//5
f 2991//5 409//5 415//5
f 2992//5 2991//5 2993//5
f 2995//5 2996//5 2994//5
f 2997//5 2998//5 2996//5
f 2999//5 2997//5 2995//5
f 2996//5 2995//5 2997//5
f 2999//5 3000//5 413//5
f 2995//5 3000//5 2999//5
f 3000//5 415//5 413//5
f 413//5 411//5 2999//5
f 2994//5 2993//5 2995//5
f 3000//5 2993//5 415//5
f 3000//5 2995//5 2993//5
f 3001//5 3002//5 2998//5
f 3003//5 3004//5 3002//5
f 3005//5 3003//5 3001//5
f 3002//5 3001//5 3003//5
f 998//5 3006//5 1000//5
f 994//5 3003//5 974//5
f 3005//5 974//5 3003//5
f 3003//5 994//5 3004//5
f 1000//5 3004//5 994//5
f 973//5 3007//5 352//5
f 3005//5 3007//5 973//5
f 973//5 974//5 3005//5
f 3007//5 351//5 352//5
f 3001//5 3008//5 3005//5
f 351//5 3009//5 411//5
f 3009//5 2999//5 411//5
f 2997//5 2999//5 3008//5
f 2998//5 2997//5 3001//5
f 3008//5 3001//5 2997//5
f 3009//5 3008//5 2999//5
f 3007//5 3005//5 3008//5
f 3009//5 351//5 3007//5
f 3008//5 3009//5 3007//5
f 3004//5 1000//5 3006//5
f 3006//5 998//5 2987//5
f 3010//5 3002//5 3004//5
f 996//5 2987//5 998//5
f 3011//5 2998//5 3002//5
f 3012//5 3011//5 3010//5
f 3002//5 3010//5 3011//5
f 2983//5 3013//5 2987//5
f 3014//5 3012//5 3013//5
f 2977//5 3014//5 2983//5
f 3013//5 2983//5 3014//5
f 3010//5 3013//5 3012//5
f 3006//5 2987//5 3013//5
f 3004//5 3006//5 3010//5
f 3013//5 3010//5 3006//5
f 3015//5 2996//5 2998//5
f 3016//5 2994//5 2996//5
f 3017//5 3016//5 3015//5
f 2996//5 3015//5 3016//5
f 3018//5 2992//5 2994//5
f 2959//5 2960//5 2992//5
f 2956//5 2959//5 3018//5
f 2992//5 3018//5 2959//5
f 3019//5 3020//5 3017//5
f 2955//5 2956//5 3020//5
f 2947//5 2955//5 3019//5
f 3020//5 3019//5 2955//5
f 3018//5 3020//5 2956//5
f 3016//5 3017//5 3020//5
f 2994//5 3016//5 3018//5
f 3020//5 3018//5 3016//5
f 2974//5 3021//5 2977//5
f 3022//5 3023//5 3021//5
f 2968//5 3022//5 2974//5
f 3021//5 2974//5 3022//5
f 3024//5 3025//5 3023//5
f 2946//5 2947//5 3025//5
f 2943//5 2946//5 3024//5
f 3025//5 3024//5 2946//5
f 2964//5 3026//5 2968//5
f 2941//5 2943//5 3026//5
f 2942//5 2941//5 2964//5
f 3026//5 2964//5 2941//5
f 3024//5 3026//5 2943//5
f 3022//5 2968//5 3026//5
f 3023//5 3022//5 3024//5
f 3026//5 3024//5 3022//5
f 3019//5 3025//5 2947//5
f 3027//5 3023//5 3025//5
f 3017//5 3027//5 3019//5
f 3025//5 3019//5 3027//5
f 3028//5 3021//5 3023//5
f 3014//5 2977//5 3021//5
f 3012//5 3014//5 3028//5
f 3021//5 3028//5 3014//5
f 3015//5 3029//5 3017//5
f 3011//5 3012//5 3029//5
f 2998//5 3011//5 3015//5
f 3029//5 3015//5 3011//5
f 3028//5 3029//5 3012//5
f 3027//5 3017//5 3029//5
f 3023//5 3027//5 3028//5
f 3029//5 3028//5 3027//5
f 3030//5 2981//5 1014//5
f 2981//5 1008//5 1014//5
f 2897//5 3030//5 1012//5
f 3030//5 1014//5 1012//5
f 3031//5 2979//5 2981//5
f 3032//5 2972//5 2979//5
f 3033//5 3032//5 3031//5
f 2979//5 3031//5 3032//5
f 2893//5 3034//5 2897//5
f 3035//5 3033//5 3034//5
f 2886//5 3035//5 2893//5
f 3034//5 2893//5 3035//5
f 3031//5 3034//5 3033//5
f 3030//5 2897//5 3034//5
f 2981//5 3030//5 3031//5
f 3034//5 3031//5 3030//5
f 3036//5 2970//5 2972//5
f 3037//5 2967//5 2970//5
f 3038//5 3037//5 3036//5
f 2970//5 3036//5 3037//5
f 3039//5 2965//5 2967//5
f 3040//5 2942//5 2965//5
f 3041//5 3040//5 3039//5
f 2965//5 3039//5 3040//5
f 3042//5 3043//5 3038//5
f 3044//5 3041//5 3043//5
f 3045//5 3044//5 3042//5
f 3043//5 3042//5 3044//5
f 3039//5 3043//5 3041//5
f 3037//5 3038//5 3043//5
f 2967//5 3037//5 3039//5
f 3043//5 3039//5 3037//5
f 2883//5 3046//5 2886//5
f 3047//5 3048//5 3046//5
f 2877//5 3047//5 2883//5
f 3046//5 2883//5 3047//5
f 3049//5 3050//5 3048//5
f 3051//5 3045//5 3050//5
f 3052//5 3051//5 3049//5
f 3050//5 3049//5 3051//5
f 2873//5 3053//5 2877//5
f 3054//5 3052//5 3053//5
f 2841//5 3054//5 2873//5
f 3053//5 2873//5 3054//5
f 3049//5 3053//5 3052//5
f 3047//5 2877//5 3053//5
f 3048//5 3047//5 3049//5
f 3053//5 3049//5 3047//5
f 3042//5 3050//5 3045//5
f 3055//5 3048//5 3050//5
f 3038//5 3055//5 3042//5
f 3050//5 3042//5 3055//5
f 3056//5 3046//5 3048//5
f 3035//5 2886//5 3046//5
f 3033//5 3035//5 3056//5
f 3046//5 3056//5 3035//5
f 3036//5 3057//5 3038//5
f 3032//5 3033//5 3057//5
f 2972//5 3032//5 3036//5
f 3057//5 3036//5 3032//5
f 3056//5 3057//5 3033//5
f 3055//5 3038//5 3057//5
f 3048//5 3055//5 3056//5
f 3057//5 3056//5 3055//5
f 3058//5 2940//5 2942//5
f 3059//5 2937//5 2940//5
f 3060//5 3059//5 3058//5
f 2940//5 3058//5 3059//5
f 3061//5 2935//5 2937//5
f 3062//5 2928//5 2935//5
f 3063//5 3062//5 3061//5
f 2935//5 3061//5 3062//5
f 3064//5 3065//5 3060//5
f 3066//5 3063//5 3065//5
f 3067//5 3066//5 3064//5
f 3065//5 3064//5 3066//5
f 3061//5 3065//5 3063//5
f 3059//5 3060//5 3065//5
f 2937//5 3059//5 3061//5
f 3065//5 3061//5 3059//5
f 3068//5 2926//5 2928//5
f 3069//5 2923//5 2926//5
f 3070//5 3069//5 3068//5
f 2926//5 3068//5 3069//5
f 3071//5 2921//5 2923//5
f 2775//5 2776//5 2921//5
f 2772//5 2775//5 3071//5
f 2921//5 3071//5 2775//5
f 3072//5 3073//5 3070//5
f 2771//5 2772//5 3073//5
f 2763//5 2771//5 3072//5
f 3073//5 3072//5 2771//5
f 3071//5 3073//5 2772//5
f 3069//5 3070//5 3073//5
f 2923//5 3069//5 3071//5
f 3073//5 3071//5 3069//5
f 3074//5 3075//5 3067//5
f 3076//5 3077//5 3075//5
f 3078//5 3076//5 3074//5
f 3075//5 3074//5 3076//5
f 3079//5 3080//5 3077//5
f 2762//5 2763//5 3080//5
f 2759//5 2762//5 3079//5
f 3080//5 3079//5 2762//5
f 3081//5 3082//5 3078//5
f 2758//5 2759//5 3082//5
f 2733//5 2758//5 3081//5
f 3082//5 3081//5 2758//5
f 3079//5 3082//5 2759//5
f 3076//5 3078//5 3082//5
f 3077//5 3076//5 3079//5
f 3082//5 3079//5 3076//5
f 3072//5 3080//5 2763//5
f 3083//5 3077//5 3080//5
f 3070//5 3083//5 3072//5
f 3080//5 3072//5 3083//5
f 3084//5 3075//5 3077//5
f 3066//5 3067//5 3075//5
f 3063//5 3066//5 3084//5
f 3075//5 3084//5 3066//5
f 3068//5 3085//5 3070//5
f 3062//5 3063//5 3085//5
f 2928//5 3062//5 3068//5
f 3085//5 3068//5 3062//5
f 3084//5 3085//5 3063//5
f 3083//5 3070//5 3085//5
f 3077//5 3083//5 3084//5
f 3085//5 3084//5 3083//5
f 2838//5 3086//5 2841//5
f 3087//5 3088//5 3086//5
f 2833//5 3087//5 2838//5
f 3086//5 2838//5 3087//5
f 3089//5 3090//5 3088//5
f 3091//5 3092//5 3090//5
f 3093//5 3091//5 3089//5
f 3090//5 3089//5 3091//5
f 2829//5 3094//5 2833//5
f 3095//5 3093//5 3094//5
f 2814//5 3095//5 2829//5
f 3094//5 2829//5 3095//5
f 3089//5 3094//5 3093//5
f 3087//5 2833//5 3094//5
f 3088//5 3087//5 3089//5
f 3094//5 3089//5 3087//5
f 3096//5 3097//5 3092//5
f 3098//5 3099//5 3097//5
f 3100//5 3098//5 3096//5
f 3097//5 3096//5 3098//5
f 3101//5 3102//5 3099//5
f 2732//5 2733//5 3102//5
f 2729//5 2732//5 3101//5
f 3102//5 3101//5 2732//5
f 3103//5 3104//5 3100//5
f 2728//5 2729//5 3104//5
f 2720//5 2728//5 3103//5
f 3104//5 3103//5 2728//5
f 3101//5 3104//5 2729//5
f 3098//5 3100//5 3104//5
f 3099//5 3098//5 3101//5
f 3104//5 3101//5 3098//5
f 2811//5 3105//5 2814//5
f 3106//5 3107//5 3105//5
f 2805//5 3106//5 2811//5
f 3105//5 2811//5 3106//5
f 3108//5 3109//5 3107//5
f 2719//5 2720//5 3109//5
f 2716//5 2719//5 3108//5
f 3109//5 3108//5 2719//5
f 2801//5 3110//5 2805//5
f 2714//5 2716//5 3110//5
f 2715//5 2714//5 2801//5
f 3110//5 2801//5 2714//5
f 3108//5 3110//5 2716//5
f 3106//5 2805//5 3110//5
f 3107//5 3106//5 3108//5
f 3110//5 3108//5 3106//5
f 3103//5 3109//5 2720//5
f 3111//5 3107//5 3109//5
f 3100//5 3111//5 3103//5
f 3109//5 3103//5 3111//5
f 3112//5 3105//5 3107//5
f 3095//5 2814//5 3105//5
f 3093//5 3095//5 3112//5
f 3105//5 3112//5 3095//5
f 3096//5 3113//5 3100//5
f 3091//5 3093//5 3113//5
f 3092//5 3091//5 3096//5
f 3113//5 3096//5 3091//5
f 3112//5 3113//5 3093//5
f 3111//5 3100//5 3113//5
f 3107//5 3111//5 3112//5
f 3113//5 3112//5 3111//5
f 3081//5 3102//5 2733//5
f 3114//5 3099//5 3102//5
f 3078//5 3114//5 3081//5
f 3102//5 3081//5 3114//5
f 3115//5 3097//5 3099//5
f 3116//5 3092//5 3097//5
f 3117//5 3116//5 3115//5
f 3097//5 3115//5 3116//5
f 3074//5 3118//5 3078//5
f 3119//5 3117//5 3118//5
f 3067//5 3119//5 3074//5
f 3118//5 3074//5 3119//5
f 3115//5 3118//5 3117//5
f 3114//5 3078//5 3118//5
f 3099//5 3114//5 3115//5
f 3118//5 3115//5 3114//5
f 3120//5 3090//5 3092//5
f 3121//5 3088//5 3090//5
f 3122//5 3121//5 3120//5
f 3090//5 3120//5 3121//5
f 3123//5 3086//5 3088//5
f 3054//5 2841//5 3086//5
f 3052//5 3054//5 3123//5
f 3086//5 3123//5 3054//5
f 3124//5 3125//5 3122//5
f 3051//5 3052//5 3125//5
f 3045//5 3051//5 3124//5
f 3125//5 3124//5 3051//5
f 3123//5 3125//5 3052//5
f 3121//5 3122//5 3125//5
f 3088//5 3121//5 3123//5
f 3125//5 3123//5 3121//5
f 3064//5 3126//5 3067//5
f 3127//5 3128//5 3126//5
f 3060//5 3127//5 3064//5
f 3126//5 3064//5 3127//5
f 3129//5 3130//5 3128//5
f 3044//5 3045//5 3130//5
f 3041//5 3044//5 3129//5
f 3130//5 3129//5 3044//5
f 3058//5 3131//5 3060//5
f 3040//5 3041//5 3131//5
f 2942//5 3040//5 3058//5
f 3131//5 3058//5 3040//5
f 3129//5 3131//5 3041//5
f 3127//5 3060//5 3131//5
f 3128//5 3127//5 3129//5
f 3131//5 3129//5 3127//5
f 3124//5 3130//5 3045//5
f 3132//5 3128//5 3130//5
f 3122//5 3132//5 3124//5
f 3130//5 3124//5 3132//5
f 3133//5 3126//5 3128//5
f 3119//5 3067//5 3126//5
f 3117//5 3119//5 3133//5
f 3126//5 3133//5 3119//5
f 3120//5 3134//5 3122//5
f 3116//5 3117//5 3134//5
f 3092//5 3116//5 3120//5
f 3134//5 3120//5 3116//5
f 3133//5 3134//5 3117//5
f 3132//5 3122//5 3134//5
f 3128//5 3132//5 3133//5
f 3134//5 3133//5 3132//5
f 415//5 2993//5 2991//5
f 409//5 2991//5 2960//5
f 2957//5 3135//5 2960//5
f 2952//5 3136//5 2957//5
f 3135//5 2957//5 3136//5
f 3137//5 378//5 379//5
f 372//5 3136//5 379//5
f 3138//5 3139//5 378//5
f 3137//5 3138//5 378//5
f 2948//5 3140//5 2952//5
f 3141//5 3138//5 3140//5
f 2933//5 3141//5 2948//5
f 3140//5 2948//5 3141//5
f 3137//5 3140//5 3138//5
f 3136//5 2952//5 3140//5
f 3137//5 379//5 3136//5
f 3140//5 3137//5 3136//5
f 3139//5 3142//5 509//5
f 509//5 3143//5 511//5
f 3143//5 3144//5 511//5
f 2930//5 3145//5 2933//5
f 3146//5 3147//5 3145//5
f 2924//5 3146//5 2930//5
f 3145//5 2930//5 3146//5
f 3148//5 3149//5 3147//5
f 3150//5 3144//5 3149//5
f 3151//5 3150//5 3148//5
f 3149//5 3148//5 3150//5
f 2920//5 3152//5 2924//5
f 3153//5 3151//5 3152//5
f 2776//5 3153//5 2920//5
f 3152//5 2920//5 3153//5
f 3148//5 3152//5 3151//5
f 3146//5 2924//5 3152//5
f 3147//5 3146//5 3148//5
f 3152//5 3148//5 3146//5
f 3143//5 3149//5 3144//5
f 3142//5 3147//5 3149//5
f 3143//5 509//5 3142//5
f 3149//5 3143//5 3142//5
f 3154//5 3145//5 3147//5
f 3141//5 2933//5 3145//5
f 3138//5 3141//5 3154//5
f 3145//5 3154//5 3141//5
f 378//5 3139//5 507//5
f 3154//5 3139//5 3138//5
f 509//5 507//5 3139//5
f 3147//5 3142//5 3154//5
f 3139//5 3154//5 3142//5
f 3135//5 373//5 2960//5
f 373//5 3135//5 372//5
f 3135//5 3136//5 372//5
f 2960//5 373//5 409//5
f 2773//5 3155//5 2776//5
f 3156//5 3157//5 3155//5
f 2768//5 3156//5 2773//5
f 3155//5 2773//5 3156//5
f 3158//5 3159//5 3157//5
f 3160//5 3161//5 3159//5
f 3162//5 3160//5 3158//5
f 3159//5 3158//5 3160//5
f 2764//5 3163//5 2768//5
f 3164//5 3162//5 3163//5
f 2750//5 3164//5 2764//5
f 3163//5 2764//5 3164//5
f 3158//5 3163//5 3162//5
f 3156//5 2768//5 3163//5
f 3157//5 3156//5 3158//5
f 3163//5 3158//5 3156//5
f 3165//5 3166//5 3161//5
f 3167//5 3168//5 3166//5
f 3169//5 3167//5 3165//5
f 3166//5 3165//5 3167//5
f 3170//5 3171//5 3168//5
f 3172//5 3173//5 3171//5
f 3174//5 3172//5 3170//5
f 3171//5 3170//5 3172//5
f 3175//5 3176//5 3169//5
f 3177//5 3174//5 3176//5
f 3178//5 3177//5 3175//5
f 3176//5 3175//5 3177//5
f 3170//5 3176//5 3174//5
f 3167//5 3169//5 3176//5
f 3168//5 3167//5 3170//5
f 3176//5 3170//5 3167//5
f 2747//5 3179//5 2750//5
f 3180//5 3181//5 3179//5
f 2741//5 3180//5 2747//5
f 3179//5 2747//5 3180//5
f 3182//5 3183//5 3181//5
f 3184//5 3178//5 3183//5
f 3185//5 3184//5 3182//5
f 3183//5 3182//5 3184//5
f 2737//5 3186//5 2741//5
f 3187//5 3185//5 3186//5
f 2689//5 3187//5 2737//5
f 3186//5 2737//5 3187//5
f 3182//5 3186//5 3185//5
f 3180//5 2741//5 3186//5
f 3181//5 3180//5 3182//5
f 3186//5 3182//5 3180//5
f 3175//5 3183//5 3178//5
f 3188//5 3181//5 3183//5
f 3169//5 3188//5 3175//5
f 3183//5 3175//5 3188//5
f 3189//5 3179//5 3181//5
f 3164//5 2750//5 3179//5
f 3162//5 3164//5 3189//5
f 3179//5 3189//5 3164//5
f 3165//5 3190//5 3169//5
f 3160//5 3162//5 3190//5
f 3161//5 3160//5 3165//5
f 3190//5 3165//5 3160//5
f 3189//5 3190//5 3162//5
f 3188//5 3169//5 3190//5
f 3181//5 3188//5 3189//5
f 3190//5 3189//5 3188//5
f 3191//5 3192//5 3173//5
f 492//5 498//5 3192//5
f 3193//5 3194//5 3191//5
f 3192//5 3191//5 3194//5
f 3192//5 3194//5 492//5
f 3195//5 3196//5 3193//5
f 492//5 3197//5 456//5
f 3197//5 3198//5 456//5
f 3199//5 3198//5 3196//5
f 3200//5 3199//5 3195//5
f 3196//5 3195//5 3199//5
f 3197//5 3196//5 3198//5
f 3194//5 3193//5 3196//5
f 3197//5 492//5 3194//5
f 3196//5 3197//5 3194//5
f 462//5 3201//5 2609//5
f 683//5 461//5 2609//5
f 3202//5 3203//5 3200//5
f 3204//5 3205//5 3203//5
f 3206//5 3204//5 3202//5
f 3203//5 3202//5 3204//5
f 3207//5 3208//5 3205//5
f 2605//5 2606//5 3208//5
f 2602//5 2605//5 3207//5
f 3208//5 3207//5 2605//5
f 3209//5 3210//5 3206//5
f 2601//5 2602//5 3210//5
f 2580//5 2601//5 3209//5
f 3210//5 3209//5 2601//5
f 3207//5 3210//5 2602//5
f 3204//5 3206//5 3210//5
f 3205//5 3204//5 3207//5
f 3210//5 3207//5 3204//5
f 2609//5 3208//5 2606//5
f 3201//5 3205//5 3208//5
f 2609//5 461//5 462//5
f 3208//5 2609//5 3201//5
f 3211//5 3203//5 3205//5
f 3199//5 3200//5 3203//5
f 3198//5 3199//5 3211//5
f 3203//5 3211//5 3199//5
f 3212//5 455//5 3198//5
f 3212//5 3201//5 462//5
f 3211//5 3212//5 3198//5
f 3212//5 462//5 455//5
f 456//5 3198//5 455//5
f 3205//5 3201//5 3211//5
f 3212//5 3211//5 3201//5
f 2686//5 3213//5 2689//5
f 3214//5 3215//5 3213//5
f 2681//5 3214//5 2686//5
f 3213//5 2686//5 3214//5
f 3216//5 3217//5 3215//5
f 3218//5 3219//5 3217//5
f 3220//5 3218//5 3216//5
f 3217//5 3216//5 3218//5
f 2677//5 3221//5 2681//5
f 3222//5 3220//5 3221//5
f 2662//5 3222//5 2677//5
f 3221//5 2677//5 3222//5
f 3216//5 3221//5 3220//5
f 3214//5 2681//5 3221//5
f 3215//5 3214//5 3216//5
f 3221//5 3216//5 3214//5
f 3223//5 3224//5 3219//5
f 3225//5 3226//5 3224//5
f 3227//5 3225//5 3223//5
f 3224//5 3223//5 3225//5
f 3228//5 3229//5 3226//5
f 2579//5 2580//5 3229//5
f 2576//5 2579//5 3228//5
f 3229//5 3228//5 2579//5
f 3230//5 3231//5 3227//5
f 2575//5 2576//5 3231//5
f 2567//5 2575//5 3230//5
f 3231//5 3230//5 2575//5
f 3228//5 3231//5 2576//5
f 3225//5 3227//5 3231//5
f 3226//5 3225//5 3228//5
f 3231//5 3228//5 3225//5
f 2659//5 3232//5 2662//5
f 3233//5 3234//5 3232//5
f 2653//5 3233//5 2659//5
f 3232//5 2659//5 3233//5
f 3235//5 3236//5 3234//5
f 2566//5 2567//5 3236//5
f 2563//5 2566//5 3235//5
f 3236//5 3235//5 2566//5
f 2649//5 3237//5 2653//5
f 2561//5 2563//5 3237//5
f 2562//5 2561//5 2649//5
f 3237//5 2649//5 2561//5
f 3235//5 3237//5 2563//5
f 3233//5 2653//5 3237//5
f 3234//5 3233//5 3235//5
f 3237//5 3235//5 3233//5
f 3230//5 3236//5 2567//5
f 3238//5 3234//5 3236//5
f 3227//5 3238//5 3230//5
f 3236//5 3230//5 3238//5
f 3239//5 3232//5 3234//5
f 3222//5 2662//5 3232//5
f 3220//5 3222//5 3239//5
f 3232//5 3239//5 3222//5
f 3223//5 3240//5 3227//5
f 3218//5 3220//5 3240//5
f 3219//5 3218//5 3223//5
f 3240//5 3223//5 3218//5
f 3239//5 3240//5 3220//5
f 3238//5 3227//5 3240//5
f 3234//5 3238//5 3239//5
f 3240//5 3239//5 3238//5
f 3209//5 3229//5 2580//5
f 3241//5 3226//5 3229//5
f 3206//5 3241//5 3209//5
f 3229//5 3209//5 3241//5
f 3242//5 3224//5 3226//5
f 3243//5 3219//5 3224//5
f 3244//5 3243//5 3242//5
f 3224//5 3242//5 3243//5
f 3202//5 3245//5 3206//5
f 3246//5 3244//5 3245//5
f 3200//5 3246//5 3202//5
f 3245//5 3202//5 3246//5
f 3242//5 3245//5 3244//5
f 3241//5 3206//5 3245//5
f 3226//5 3241//5 3242//5
f 3245//5 3242//5 3241//5
f 3247//5 3217//5 3219//5
f 3248//5 3215//5 3217//5
f 3249//5 3248//5 3247//5
f 3217//5 3247//5 3248//5
f 3250//5 3213//5 3215//5
f 3187//5 2689//5 3213//5
f 3185//5 3187//5 3250//5
f 3213//5 3250//5 3187//5
f 3251//5 3252//5 3249//5
f 3184//5 3185//5 3252//5
f 3178//5 3184//5 3251//5
f 3252//5 3251//5 3184//5
f 3250//5 3252//5 3185//5
f 3248//5 3249//5 3252//5
f 3215//5 3248//5 3250//5
f 3252//5 3250//5 3248//5
f 3195//5 3253//5 3200//5
f 3254//5 3255//5 3253//5
f 3193//5 3254//5 3195//5
f 3253//5 3195//5 3254//5
f 3256//5 3257//5 3255//5
f 3177//5 3178//5 3257//5
f 3174//5 3177//5 3256//5
f 3257//5 3256//5 3177//5
f 3191//5 3258//5 3193//5
f 3172//5 3174//5 3258//5
f 3173//5 3172//5 3191//5
f 3258//5 3191//5 3172//5
f 3256//5 3258//5 3174//5
f 3254//5 3193//5 3258//5
f 3255//5 3254//5 3256//5
f 3258//5 3256//5 3254//5
f 3251//5 3257//5 3178//5
f 3259//5 3255//5 3257//5
f 3249//5 3259//5 3251//5
f 3257//5 3251//5 3259//5
f 3260//5 3253//5 3255//5
f 3246//5 3200//5 3253//5
f 3244//5 3246//5 3260//5
f 3253//5 3260//5 3246//5
f 3247//5 3261//5 3249//5
f 3243//5 3244//5 3261//5
f 3219//5 3243//5 3247//5
f 3261//5 3247//5 3243//5
f 3260//5 3261//5 3244//5
f 3259//5 3249//5 3261//5
f 3255//5 3259//5 3260//5
f 3261//5 3260//5 3259//5
f 3192//5 498//5 496//5
f 496//5 3173//5 3192//5
f 3262//5 3171//5 3173//5
f 3263//5 3168//5 3171//5
f 3262//5 494//5 3263//5
f 3171//5 3262//5 3263//5
f 3264//5 3166//5 3168//5
f 3265//5 3161//5 3166//5
f 3266//5 3265//5 3264//5
f 3166//5 3264//5 3265//5
f 3267//5 427//5 3266//5
f 427//5 3267//5 426//5
f 3267//5 3263//5 426//5
f 3264//5 3267//5 3266//5
f 3268//5 3266//5 427//5
f 3168//5 3263//5 3264//5
f 3267//5 3264//5 3263//5
f 3269//5 3159//5 3161//5
f 3270//5 3157//5 3159//5
f 3271//5 3270//5 3269//5
f 3159//5 3269//5 3270//5
f 3272//5 3155//5 3157//5
f 3153//5 2776//5 3155//5
f 3151//5 3153//5 3272//5
f 3155//5 3272//5 3153//5
f 3273//5 3274//5 3271//5
f 3150//5 3151//5 3274//5
f 3144//5 3150//5 3273//5
f 3274//5 3273//5 3150//5
f 3272//5 3274//5 3151//5
f 3270//5 3271//5 3274//5
f 3157//5 3270//5 3272//5
f 3274//5 3272//5 3270//5
f 3275//5 505//5 3144//5
f 3275//5 421//5 505//5
f 511//5 3144//5 505//5
f 3273//5 3275//5 3144//5
f 3271//5 3276//5 3273//5
f 3275//5 3276//5 421//5
f 3275//5 3273//5 3276//5
f 421//5 3276//5 3268//5
f 427//5 420//5 3268//5
f 3269//5 3277//5 3271//5
f 3265//5 3266//5 3277//5
f 3161//5 3265//5 3269//5
f 3277//5 3269//5 3265//5
f 3268//5 3277//5 3266//5
f 3276//5 3271//5 3277//5
f 3268//5 420//5 421//5
f 3277//5 3268//5 3276//5
f 3262//5 496//5 494//5
f 426//5 3263//5 494//5
f 3262//5 3173//5 496//5
f 1028//5 3278//5 2862//5
f 2192//5 3278//5 1028//5
f 3279//5 2860//5 2862//5
f 1028//5 1026//5 2192//5
f 3280//5 2853//5 2860//5
f 3281//5 3280//5 3279//5
f 2860//5 3279//5 3280//5
f 2188//5 3282//5 2192//5
f 3283//5 3281//5 3282//5
f 2181//5 3283//5 2188//5
f 3282//5 2188//5 3283//5
f 3279//5 3282//5 3281//5
f 3278//5 2192//5 3282//5
f 2862//5 3278//5 3279//5
f 3282//5 3279//5 3278//5
f 3284//5 2851//5 2853//5
f 3285//5 2848//5 2851//5
f 3286//5 3285//5 3284//5
f 2851//5 3284//5 3285//5
f 3287//5 2846//5 2848//5
f 3288//5 2823//5 2846//5
f 3289//5 3288//5 3287//5
f 2846//5 3287//5 3288//5
f 3290//5 3291//5 3286//5
f 3292//5 3289//5 3291//5
f 3293//5 3292//5 3290//5
f 3291//5 3290//5 3292//5
f 3287//5 3291//5 3289//5
f 3285//5 3286//5 3291//5
f 2848//5 3285//5 3287//5
f 3291//5 3287//5 3285//5
f 2178//5 3294//5 2181//5
f 3295//5 3296//5 3294//5
f 2172//5 3295//5 2178//5
f 3294//5 2178//5 3295//5
f 3297//5 3298//5 3296//5
f 3299//5 3293//5 3298//5
f 3300//5 3299//5 3297//5
f 3298//5 3297//5 3299//5
f 2168//5 3301//5 2172//5
f 3302//5 3300//5 3301//5
f 2137//5 3302//5 2168//5
f 3301//5 2168//5 3302//5
f 3297//5 3301//5 3300//5
f 3295//5 2172//5 3301//5
f 3296//5 3295//5 3297//5
f 3301//5 3297//5 3295//5
f 3290//5 3298//5 3293//5
f 3303//5 3296//5 3298//5
f 3286//5 3303//5 3290//5
f 3298//5 3290//5 3303//5
f 3304//5 3294//5 3296//5
f 3283//5 2181//5 3294//5
f 3281//5 3283//5 3304//5
f 3294//5 3304//5 3283//5
f 3284//5 3305//5 3286//5
f 3280//5 3281//5 3305//5
f 2853//5 3280//5 3284//5
f 3305//5 3284//5 3280//5
f 3304//5 3305//5 3281//5
f 3303//5 3286//5 3305//5
f 3296//5 3303//5 3304//5
f 3305//5 3304//5 3303//5
f 3306//5 2821//5 2823//5
f 3307//5 2818//5 2821//5
f 3308//5 3307//5 3306//5
f 2821//5 3306//5 3307//5
f 3309//5 2816//5 2818//5
f 3310//5 2809//5 2816//5
f 3311//5 3310//5 3309//5
f 2816//5 3309//5 3310//5
f 3312//5 3313//5 3308//5
f 3314//5 3311//5 3313//5
f 3315//5 3314//5 3312//5
f 3313//5 3312//5 3314//5
f 3309//5 3313//5 3311//5
f 3307//5 3308//5 3313//5
f 2818//5 3307//5 3309//5
f 3313//5 3309//5 3307//5
f 3316//5 2807//5 2809//5
f 3317//5 2804//5 2807//5
f 3318//5 3317//5 3316//5
f 2807//5 3316//5 3317//5
f 3319//5 2802//5 2804//5
f 3320//5 2715//5 2802//5
f 3321//5 3320//5 3319//5
f 2802//5 3319//5 3320//5
f 3322//5 3323//5 3318//5
f 3324//5 3321//5 3323//5
f 3325//5 3324//5 3322//5
f 3323//5 3322//5 3324//5
f 3319//5 3323//5 3321//5
f 3317//5 3318//5 3323//5
f 2804//5 3317//5 3319//5
f 3323//5 3319//5 3317//5
f 3326//5 3327//5 3315//5
f 3328//5 3329//5 3327//5
f 3330//5 3328//5 3326//5
f 3327//5 3326//5 3328//5
f 3331//5 3332//5 3329//5
f 3333//5 3325//5 3332//5
f 3334//5 3333//5 3331//5
f 3332//5 3331//5 3333//5
f 3335//5 3336//5 3330//5
f 3337//5 3334//5 3336//5
f 3338//5 3337//5 3335//5
f 3336//5 3335//5 3337//5
f 3331//5 3336//5 3334//5
f 3328//5 3330//5 3336//5
f 3329//5 3328//5 3331//5
f 3336//5 3331//5 3328//5
f 3322//5 3332//5 3325//5
f 3339//5 3329//5 3332//5
f 3318//5 3339//5 3322//5
f 3332//5 3322//5 3339//5
f 3340//5 3327//5 3329//5
f 3314//5 3315//5 3327//5
f 3311//5 3314//5 3340//5
f 3327//5 3340//5 3314//5
f 3316//5 3341//5 3318//5
f 3310//5 3311//5 3341//5
f 2809//5 3310//5 3316//5
f 3341//5 3316//5 3310//5
f 3340//5 3341//5 3311//5
f 3339//5 3318//5 3341//5
f 3329//5 3339//5 3340//5
f 3341//5 3340//5 3339//5
f 2134//5 3342//5 2137//5
f 3343//5 3344//5 3342//5
f 2129//5 3343//5 2134//5
f 3342//5 2134//5 3343//5
f 3345//5 3346//5 3344//5
f 3347//5 3348//5 3346//5
f 3349//5 3347//5 3345//5
f 3346//5 3345//5 3347//5
f 2125//5 3350//5 2129//5
f 3351//5 3349//5 3350//5
f 2110//5 3351//5 2125//5
f 3350//5 2125//5 3351//5
f 3345//5 3350//5 3349//5
f 3343//5 2129//5 3350//5
f 3344//5 3343//5 3345//5
f 3350//5 3345//5 3343//5
f 3352//5 3353//5 3348//5
f 3354//5 3355//5 3353//5
f 3356//5 3354//5 3352//5
f 3353//5 3352//5 3354//5
f 3357//5 3358//5 3355//5
f 3359//5 3338//5 3358//5
f 3360//5 3359//5 3357//5
f 3358//5 3357//5 3359//5
f 3361//5 3362//5 3356//5
f 3363//5 3360//5 3362//5
f 3364//5 3363//5 3361//5
f 3362//5 3361//5 3363//5
f 3357//5 3362//5 3360//5
f 3354//5 3356//5 3362//5
f 3355//5 3354//5 3357//5
f 3362//5 3357//5 3354//5
f 2107//5 3365//5 2110//5
f 3366//5 3367//5 3365//5
f 2101//5 3366//5 2107//5
f 3365//5 2107//5 3366//5
f 3368//5 3369//5 3367//5
f 3370//5 3364//5 3369//5
f 3371//5 3370//5 3368//5
f 3369//5 3368//5 3370//5
f 2097//5 3372//5 2101//5
f 3373//5 3371//5 3372//5
f 1962//5 3373//5 2097//5
f 3372//5 2097//5 3373//5
f 3368//5 3372//5 3371//5
f 3366//5 2101//5 3372//5
f 3367//5 3366//5 3368//5
f 3372//5 3368//5 3366//5
f 3361//5 3369//5 3364//5
f 3374//5 3367//5 3369//5
f 3356//5 3374//5 3361//5
f 3369//5 3361//5 3374//5
f 3375//5 3365//5 3367//5
f 3351//5 2110//5 3365//5
f 3349//5 3351//5 3375//5
f 3365//5 3375//5 3351//5
f 3352//5 3376//5 3356//5
f 3347//5 3349//5 3376//5
f 3348//5 3347//5 3352//5
f 3376//5 3352//5 3347//5
f 3375//5 3376//5 3349//5
f 3374//5 3356//5 3376//5
f 3367//5 3374//5 3375//5
f 3376//5 3375//5 3374//5
f 3335//5 3358//5 3338//5
f 3377//5 3355//5 3358//5
f 3330//5 3377//5 3335//5
f 3358//5 3335//5 3377//5
f 3378//5 3353//5 3355//5
f 3379//5 3348//5 3353//5
f 3380//5 3379//5 3378//5
f 3353//5 3378//5 3379//5
f 3326//5 3381//5 3330//5
f 3382//5 3380//5 3381//5
f 3315//5 3382//5 3326//5
f 3381//5 3326//5 3382//5
f 3378//5 3381//5 3380//5
f 3377//5 3330//5 3381//5
f 3355//5 3377//5 3378//5
f 3381//5 3378//5 3377//5
f 3383//5 3346//5 3348//5
f 3384//5 3344//5 3346//5
f 3385//5 3384//5 3383//5
f 3346//5 3383//5 3384//5
f 3386//5 3342//5 3344//5
f 3302//5 2137//5 3342//5
f 3300//5 3302//5 3386//5
f 3342//5 3386//5 3302//5
f 3387//5 3388//5 3385//5
f 3299//5 3300//5 3388//5
f 3293//5 3299//5 3387//5
f 3388//5 3387//5 3299//5
f 3386//5 3388//5 3300//5
f 3384//5 3385//5 3388//5
f 3344//5 3384//5 3386//5
f 3388//5 3386//5 3384//5
f 3312//5 3389//5 3315//5
f 3390//5 3391//5 3389//5
f 3308//5 3390//5 3312//5
f 3389//5 3312//5 3390//5
f 3392//5 3393//5 3391//5
f 3292//5 3293//5 3393//5
f 3289//5 3292//5 3392//5
f 3393//5 3392//5 3292//5
f 3306//5 3394//5 3308//5
f 3288//5 3289//5 3394//5
f 2823//5 3288//5 3306//5
f 3394//5 3306//5 3288//5
f 3392//5 3394//5 3289//5
f 3390//5 3308//5 3394//5
f 3391//5 3390//5 3392//5
f 3394//5 3392//5 3390//5
f 3387//5 3393//5 3293//5
f 3395//5 3391//5 3393//5
f 3385//5 3395//5 3387//5
f 3393//5 3387//5 3395//5
f 3396//5 3389//5 3391//5
f 3382//5 3315//5 3389//5
f 3380//5 3382//5 3396//5
f 3389//5 3396//5 3382//5
f 3383//5 3397//5 3385//5
f 3379//5 3380//5 3397//5
f 3348//5 3379//5 3383//5
f 3397//5 3383//5 3379//5
f 3396//5 3397//5 3380//5
f 3395//5 3385//5 3397//5
f 3391//5 3395//5 3396//5
f 3397//5 3396//5 3395//5
f 3398//5 2713//5 2715//5
f 3399//5 2710//5 2713//5
f 3400//5 3399//5 3398//5
f 2713//5 3398//5 3399//5
f 3401//5 2708//5 2710//5
f 3402//5 2701//5 2708//5
f 3403//5 3402//5 3401//5
f 2708//5 3401//5 3402//5
f 3404//5 3405//5 3400//5
f 3406//5 3403//5 3405//5
f 3407//5 3406//5 3404//5
f 3405//5 3404//5 3406//5
f 3401//5 3405//5 3403//5
f 3399//5 3400//5 3405//5
f 2710//5 3399//5 3401//5
f 3405//5 3401//5 3399//5
f 3408//5 2699//5 2701//5
f 3409//5 2696//5 2699//5
f 3410//5 3409//5 3408//5
f 2699//5 3408//5 3409//5
f 3411//5 2694//5 2696//5
f 3412//5 2671//5 2694//5
f 3413//5 3412//5 3411//5
f 2694//5 3411//5 3412//5
f 3414//5 3415//5 3410//5
f 3416//5 3413//5 3415//5
f 3417//5 3416//5 3414//5
f 3415//5 3414//5 3416//5
f 3411//5 3415//5 3413//5
f 3409//5 3410//5 3415//5
f 2696//5 3409//5 3411//5
f 3415//5 3411//5 3409//5
f 3418//5 3419//5 3407//5
f 3420//5 3421//5 3419//5
f 3422//5 3420//5 3418//5
f 3419//5 3418//5 3420//5
f 3423//5 3424//5 3421//5
f 3425//5 3417//5 3424//5
f 3426//5 3425//5 3423//5
f 3424//5 3423//5 3425//5
f 3427//5 3428//5 3422//5
f 3429//5 3426//5 3428//5
f 3430//5 3429//5 3427//5
f 3428//5 3427//5 3429//5
f 3423//5 3428//5 3426//5
f 3420//5 3422//5 3428//5
f 3421//5 3420//5 3423//5
f 3428//5 3423//5 3420//5
f 3414//5 3424//5 3417//5
f 3431//5 3421//5 3424//5
f 3410//5 3431//5 3414//5
f 3424//5 3414//5 3431//5
f 3432//5 3419//5 3421//5
f 3406//5 3407//5 3419//5
f 3403//5 3406//5 3432//5
f 3419//5 3432//5 3406//5
f 3408//5 3433//5 3410//5
f 3402//5 3403//5 3433//5
f 2701//5 3402//5 3408//5
f 3433//5 3408//5 3402//5
f 3432//5 3433//5 3403//5
f 3431//5 3410//5 3433//5
f 3421//5 3431//5 3432//5
f 3433//5 3432//5 3431//5
f 3434//5 2669//5 2671//5
f 3435//5 2666//5 2669//5
f 3436//5 3435//5 3434//5
f 2669//5 3434//5 3435//5
f 3437//5 2664//5 2666//5
f 3438//5 2657//5 2664//5
f 3439//5 3438//5 3437//5
f 2664//5 3437//5 3438//5
f 3440//5 3441//5 3436//5
f 3442//5 3439//5 3441//5
f 3443//5 3442//5 3440//5
f 3441//5 3440//5 3442//5
f 3437//5 3441//5 3439//5
f 3435//5 3436//5 3441//5
f 2666//5 3435//5 3437//5
f 3441//5 3437//5 3435//5
f 3444//5 2655//5 2657//5
f 3445//5 2652//5 2655//5
f 3446//5 3445//5 3444//5
f 2655//5 3444//5 3445//5
f 3447//5 2650//5 2652//5
f 3448//5 2562//5 2650//5
f 3449//5 3448//5 3447//5
f 2650//5 3447//5 3448//5
f 3450//5 3451//5 3446//5
f 3452//5 3449//5 3451//5
f 3453//5 3452//5 3450//5
f 3451//5 3450//5 3452//5
f 3447//5 3451//5 3449//5
f 3445//5 3446//5 3451//5
f 2652//5 3445//5 3447//5
f 3451//5 3447//5 3445//5
f 3454//5 3455//5 3443//5
f 3456//5 3457//5 3455//5
f 3458//5 3456//5 3454//5
f 3455//5 3454//5 3456//5
f 3459//5 3460//5 3457//5
f 3461//5 3453//5 3460//5
f 3462//5 3461//5 3459//5
f 3460//5 3459//5 3461//5
f 3463//5 3464//5 3458//5
f 3465//5 3462//5 3464//5
f 3466//5 3465//5 3463//5
f 3464//5 3463//5 3465//5
f 3459//5 3464//5 3462//5
f 3456//5 3458//5 3464//5
f 3457//5 3456//5 3459//5
f 3464//5 3459//5 3456//5
f 3450//5 3460//5 3453//5
f 3467//5 3457//5 3460//5
f 3446//5 3467//5 3450//5
f 3460//5 3450//5 3467//5
f 3468//5 3455//5 3457//5
f 3442//5 3443//5 3455//5
f 3439//5 3442//5 3468//5
f 3455//5 3468//5 3442//5
f 3444//5 3469//5 3446//5
f 3438//5 3439//5 3469//5
f 2657//5 3438//5 3444//5
f 3469//5 3444//5 3438//5
f 3468//5 3469//5 3439//5
f 3467//5 3446//5 3469//5
f 3457//5 3467//5 3468//5
f 3469//5 3468//5 3467//5
f 3470//5 3471//5 3430//5
f 3472//5 3473//5 3471//5
f 3474//5 3472//5 3470//5
f 3471//5 3470//5 3472//5
f 3475//5 3476//5 3473//5
f 3477//5 3478//5 3476//5
f 3479//5 3477//5 3475//5
f 3476//5 3475//5 3477//5
f 3480//5 3481//5 3474//5
f 3482//5 3479//5 3481//5
f 3483//5 3482//5 3480//5
f 3481//5 3480//5 3482//5
f 3475//5 3481//5 3479//5
f 3472//5 3474//5 3481//5
f 3473//5 3472//5 3475//5
f 3481//5 3475//5 3472//5
f 3484//5 3485//5 3478//5
f 3486//5 3487//5 3485//5
f 3488//5 3486//5 3484//5
f 3485//5 3484//5 3486//5
f 3489//5 3490//5 3487//5
f 3491//5 3466//5 3490//5
f 3492//5 3491//5 3489//5
f 3490//5 3489//5 3491//5
f 3493//5 3494//5 3488//5
f 3495//5 3492//5 3494//5
f 3496//5 3495//5 3493//5
f 3494//5 3493//5 3495//5
f 3489//5 3494//5 3492//5
f 3486//5 3488//5 3494//5
f 3487//5 3486//5 3489//5
f 3494//5 3489//5 3486//5
f 3497//5 3498//5 3483//5
f 3499//5 3500//5 3498//5
f 3501//5 3499//5 3497//5
f 3498//5 3497//5 3499//5
f 3502//5 3503//5 3500//5
f 3504//5 3496//5 3503//5
f 3505//5 3504//5 3502//5
f 3503//5 3502//5 3504//5
f 3506//5 3507//5 3501//5
f 3508//5 3505//5 3507//5
f 3509//5 3508//5 3506//5
f 3507//5 3506//5 3508//5
f 3502//5 3507//5 3505//5
f 3499//5 3501//5 3507//5
f 3500//5 3499//5 3502//5
f 3507//5 3502//5 3499//5
f 3493//5 3503//5 3496//5
f 3510//5 3500//5 3503//5
f 3488//5 3510//5 3493//5
f 3503//5 3493//5 3510//5
f 3511//5 3498//5 3500//5
f 3482//5 3483//5 3498//5
f 3479//5 3482//5 3511//5
f 3498//5 3511//5 3482//5
f 3484//5 3512//5 3488//5
f 3477//5 3479//5 3512//5
f 3478//5 3477//5 3484//5
f 3512//5 3484//5 3477//5
f 3511//5 3512//5 3479//5
f 3510//5 3488//5 3512//5
f 3500//5 3510//5 3511//5
f 3512//5 3511//5 3510//5
f 3463//5 3490//5 3466//5
f 3513//5 3487//5 3490//5
f 3458//5 3513//5 3463//5
f 3490//5 3463//5 3513//5
f 3514//5 3485//5 3487//5
f 3515//5 3478//5 3485//5
f 3516//5 3515//5 3514//5
f 3485//5 3514//5 3515//5
f 3454//5 3517//5 3458//5
f 3518//5 3516//5 3517//5
f 3443//5 3518//5 3454//5
f 3517//5 3454//5 3518//5
f 3514//5 3517//5 3516//5
f 3513//5 3458//5 3517//5
f 3487//5 3513//5 3514//5
f 3517//5 3514//5 3513//5
f 3519//5 3476//5 3478//5
f 3520//5 3473//5 3476//5
f 3521//5 3520//5 3519//5
f 3476//5 3519//5 3520//5
f 3522//5 3471//5 3473//5
f 3429//5 3430//5 3471//5
f 3426//5 3429//5 3522//5
f 3471//5 3522//5 3429//5
f 3523//5 3524//5 3521//5
f 3425//5 3426//5 3524//5
f 3417//5 3425//5 3523//5
f 3524//5 3523//5 3425//5
f 3522//5 3524//5 3426//5
f 3520//5 3521//5 3524//5
f 3473//5 3520//5 3522//5
f 3524//5 3522//5 3520//5
f 3440//5 3525//5 3443//5
f 3526//5 3527//5 3525//5
f 3436//5 3526//5 3440//5
f 3525//5 3440//5 3526//5
f 3528//5 3529//5 3527//5
f 3416//5 3417//5 3529//5
f 3413//5 3416//5 3528//5
f 3529//5 3528//5 3416//5
f 3434//5 3530//5 3436//5
f 3412//5 3413//5 3530//5
f 2671//5 3412//5 3434//5
f 3530//5 3434//5 3412//5
f 3528//5 3530//5 3413//5
f 3526//5 3436//5 3530//5
f 3527//5 3526//5 3528//5
f 3530//5 3528//5 3526//5
f 3523//5 3529//5 3417//5
f 3531//5 3527//5 3529//5
f 3521//5 3531//5 3523//5
f 3529//5 3523//5 3531//5
f 3532//5 3525//5 3527//5
f 3518//5 3443//5 3525//5
f 3516//5 3518//5 3532//5
f 3525//5 3532//5 3518//5
f 3519//5 3533//5 3521//5
f 3515//5 3516//5 3533//5
f 3478//5 3515//5 3519//5
f 3533//5 3519//5 3515//5
f 3532//5 3533//5 3516//5
f 3531//5 3521//5 3533//5
f 3527//5 3531//5 3532//5
f 3533//5 3532//5 3531//5
f 1959//5 3534//5 1962//5
f 3535//5 3536//5 3534//5
f 1954//5 3535//5 1959//5
f 3534//5 1959//5 3535//5
f 3537//5 3538//5 3536//5
f 3539//5 3540//5 3538//5
f 3541//5 3539//5 3537//5
f 3538//5 3537//5 3539//5
f 1950//5 3542//5 1954//5
f 3543//5 3541//5 3542//5
f 1936//5 3543//5 1950//5
f 3542//5 1950//5 3543//5
f 3537//5 3542//5 3541//5
f 3535//5 1954//5 3542//5
f 3536//5 3535//5 3537//5
f 3542//5 3537//5 3535//5
f 3544//5 3545//5 3540//5
f 3546//5 3547//5 3545//5
f 3548//5 3546//5 3544//5
f 3545//5 3544//5 3546//5
f 3549//5 3550//5 3547//5
f 3551//5 3552//5 3550//5
f 3553//5 3551//5 3549//5
f 3550//5 3549//5 3551//5
f 3554//5 3555//5 3548//5
f 3556//5 3553//5 3555//5
f 3557//5 3556//5 3554//5
f 3555//5 3554//5 3556//5
f 3549//5 3555//5 3553//5
f 3546//5 3548//5 3555//5
f 3547//5 3546//5 3549//5
f 3555//5 3549//5 3546//5
f 1933//5 3558//5 1936//5
f 3559//5 3560//5 3558//5
f 1927//5 3559//5 1933//5
f 3558//5 1933//5 3559//5
f 3561//5 3562//5 3560//5
f 3563//5 3557//5 3562//5
f 3564//5 3563//5 3561//5
f 3562//5 3561//5 3563//5
f 1923//5 3565//5 1927//5
f 3566//5 3564//5 3565//5
f 1875//5 3566//5 1923//5
f 3565//5 1923//5 3566//5
f 3561//5 3565//5 3564//5
f 3559//5 1927//5 3565//5
f 3560//5 3559//5 3561//5
f 3565//5 3561//5 3559//5
f 3554//5 3562//5 3557//5
f 3567//5 3560//5 3562//5
f 3548//5 3567//5 3554//5
f 3562//5 3554//5 3567//5
f 3568//5 3558//5 3560//5
f 3543//5 1936//5 3558//5
f 3541//5 3543//5 3568//5
f 3558//5 3568//5 3543//5
f 3544//5 3569//5 3548//5
f 3539//5 3541//5 3569//5
f 3540//5 3539//5 3544//5
f 3569//5 3544//5 3539//5
f 3568//5 3569//5 3541//5
f 3567//5 3548//5 3569//5
f 3560//5 3567//5 3568//5
f 3569//5 3568//5 3567//5
f 3570//5 3571//5 3552//5
f 3572//5 3573//5 3571//5
f 3574//5 3572//5 3570//5
f 3571//5 3570//5 3572//5
f 3575//5 3576//5 3573//5
f 3577//5 3578//5 3576//5
f 3579//5 3577//5 3575//5
f 3576//5 3575//5 3577//5
f 3580//5 3581//5 3574//5
f 3582//5 3579//5 3581//5
f 3583//5 3582//5 3580//5
f 3581//5 3580//5 3582//5
f 3575//5 3581//5 3579//5
f 3572//5 3574//5 3581//5
f 3573//5 3572//5 3575//5
f 3581//5 3575//5 3572//5
f 3584//5 3585//5 3578//5
f 3586//5 3587//5 3585//5
f 3588//5 3586//5 3584//5
f 3585//5 3584//5 3586//5
f 3589//5 3590//5 3587//5
f 3591//5 3509//5 3590//5
f 3592//5 3591//5 3589//5
f 3590//5 3589//5 3591//5
f 3593//5 3594//5 3588//5
f 3595//5 3592//5 3594//5
f 3596//5 3595//5 3593//5
f 3594//5 3593//5 3595//5
f 3589//5 3594//5 3592//5
f 3586//5 3588//5 3594//5
f 3587//5 3586//5 3589//5
f 3594//5 3589//5 3586//5
f 3597//5 3598//5 3583//5
f 3599//5 3600//5 3598//5
f 3601//5 3599//5 3597//5
f 3598//5 3597//5 3599//5
f 3602//5 3603//5 3600//5
f 3604//5 3596//5 3603//5
f 3605//5 3604//5 3602//5
f 3603//5 3602//5 3604//5
f 3606//5 3607//5 3601//5
f 3608//5 3605//5 3607//5
f 3609//5 3608//5 3606//5
f 3607//5 3606//5 3608//5
f 3602//5 3607//5 3605//5
f 3599//5 3601//5 3607//5
f 3600//5 3599//5 3602//5
f 3607//5 3602//5 3599//5
f 3593//5 3603//5 3596//5
f 3610//5 3600//5 3603//5
f 3588//5 3610//5 3593//5
f 3603//5 3593//5 3610//5
f 3611//5 3598//5 3600//5
f 3582//5 3583//5 3598//5
f 3579//5 3582//5 3611//5
f 3598//5 3611//5 3582//5
f 3584//5 3612//5 3588//5
f 3577//5 3579//5 3612//5
f 3578//5 3577//5 3584//5
f 3612//5 3584//5 3577//5
f 3611//5 3612//5 3579//5
f 3610//5 3588//5 3612//5
f 3600//5 3610//5 3611//5
f 3612//5 3611//5 3610//5
f 1872//5 3613//5 1875//5
f 3614//5 3615//5 3613//5
f 1867//5 3614//5 1872//5
f 3613//5 1872//5 3614//5
f 3616//5 3617//5 3615//5
f 3618//5 3619//5 3617//5
f 3620//5 3618//5 3616//5
f 3617//5 3616//5 3618//5
f 1863//5 3621//5 1867//5
f 3622//5 3620//5 3621//5
f 1848//5 3622//5 1863//5
f 3621//5 1863//5 3622//5
f 3616//5 3621//5 3620//5
f 3614//5 1867//5 3621//5
f 3615//5 3614//5 3616//5
f 3621//5 3616//5 3614//5
f 3623//5 3624//5 3619//5
f 3625//5 3626//5 3624//5
f 3627//5 3625//5 3623//5
f 3624//5 3623//5 3625//5
f 3628//5 3629//5 3626//5
f 3630//5 3609//5 3629//5
f 3631//5 3630//5 3628//5
f 3629//5 3628//5 3630//5
f 3632//5 3633//5 3627//5
f 3634//5 3631//5 3633//5
f 3635//5 3634//5 3632//5
f 3633//5 3632//5 3634//5
f 3628//5 3633//5 3631//5
f 3625//5 3627//5 3633//5
f 3626//5 3625//5 3628//5
f 3633//5 3628//5 3625//5
f 1845//5 3636//5 1848//5
f 3637//5 3638//5 3636//5
f 1839//5 3637//5 1845//5
f 3636//5 1845//5 3637//5
f 3639//5 3640//5 3638//5
f 3641//5 3635//5 3640//5
f 3642//5 3641//5 3639//5
f 3640//5 3639//5 3641//5
f 1835//5 3643//5 1839//5
f 3644//5 3642//5 3643//5
f 1794//5 3644//5 1835//5
f 3643//5 1835//5 3644//5
f 3639//5 3643//5 3642//5
f 3637//5 1839//5 3643//5
f 3638//5 3637//5 3639//5
f 3643//5 3639//5 3637//5
f 3632//5 3640//5 3635//5
f 3645//5 3638//5 3640//5
f 3627//5 3645//5 3632//5
f 3640//5 3632//5 3645//5
f 3646//5 3636//5 3638//5
f 3622//5 1848//5 3636//5
f 3620//5 3622//5 3646//5
f 3636//5 3646//5 3622//5
f 3623//5 3647//5 3627//5
f 3618//5 3620//5 3647//5
f 3619//5 3618//5 3623//5
f 3647//5 3623//5 3618//5
f 3646//5 3647//5 3620//5
f 3645//5 3627//5 3647//5
f 3638//5 3645//5 3646//5
f 3647//5 3646//5 3645//5
f 3606//5 3629//5 3609//5
f 3648//5 3626//5 3629//5
f 3601//5 3648//5 3606//5
f 3629//5 3606//5 3648//5
f 3649//5 3624//5 3626//5
f 3650//5 3619//5 3624//5
f 3651//5 3650//5 3649//5
f 3624//5 3649//5 3650//5
f 3597//5 3652//5 3601//5
f 3653//5 3651//5 3652//5
f 3583//5 3653//5 3597//5
f 3652//5 3597//5 3653//5
f 3649//5 3652//5 3651//5
f 3648//5 3601//5 3652//5
f 3626//5 3648//5 3649//5
f 3652//5 3649//5 3648//5
f 3654//5 3617//5 3619//5
f 3655//5 3615//5 3617//5
f 3656//5 3655//5 3654//5
f 3617//5 3654//5 3655//5
f 3657//5 3613//5 3615//5
f 3566//5 1875//5 3613//5
f 3564//5 3566//5 3657//5
f 3613//5 3657//5 3566//5
f 3658//5 3659//5 3656//5
f 3563//5 3564//5 3659//5
f 3557//5 3563//5 3658//5
f 3659//5 3658//5 3563//5
f 3657//5 3659//5 3564//5
f 3655//5 3656//5 3659//5
f 3615//5 3655//5 3657//5
f 3659//5 3657//5 3655//5
f 3580//5 3660//5 3583//5
f 3661//5 3662//5 3660//5
f 3574//5 3661//5 3580//5
f 3660//5 3580//5 3661//5
f 3663//5 3664//5 3662//5
f 3556//5 3557//5 3664//5
f 3553//5 3556//5 3663//5
f 3664//5 3663//5 3556//5
f 3570//5 3665//5 3574//5
f 3551//5 3553//5 3665//5
f 3552//5 3551//5 3570//5
f 3665//5 3570//5 3551//5
f 3663//5 3665//5 3553//5
f 3661//5 3574//5 3665//5
f 3662//5 3661//5 3663//5
f 3665//5 3663//5 3661//5
f 3658//5 3664//5 3557//5
f 3666//5 3662//5 3664//5
f 3656//5 3666//5 3658//5
f 3664//5 3658//5 3666//5
f 3667//5 3660//5 3662//5
f 3653//5 3583//5 3660//5
f 3651//5 3653//5 3667//5
f 3660//5 3667//5 3653//5
f 3654//5 3668//5 3656//5
f 3650//5 3651//5 3668//5
f 3619//5 3650//5 3654//5
f 3668//5 3654//5 3650//5
f 3667//5 3668//5 3651//5
f 3666//5 3656//5 3668//5
f 3662//5 3666//5 3667//5
f 3668//5 3667//5 3666//5
f 3506//5 3590//5 3509//5
f 3669//5 3587//5 3590//5
f 3501//5 3669//5 3506//5
f 3590//5 3506//5 3669//5
f 3670//5 3585//5 3587//5
f 3671//5 3578//5 3585//5
f 3672//5 3671//5 3670//5
f 3585//5 3670//5 3671//5
f 3497//5 3673//5 3501//5
f 3674//5 3672//5 3673//5
f 3483//5 3674//5 3497//5
f 3673//5 3497//5 3674//5
f 3670//5 3673//5 3672//5
f 3669//5 3501//5 3673//5
f 3587//5 3669//5 3670//5
f 3673//5 3670//5 3669//5
f 3675//5 3576//5 3578//5
f 3676//5 3573//5 3576//5
f 3677//5 3676//5 3675//5
f 3576//5 3675//5 3676//5
f 3678//5 3571//5 3573//5
f 3679//5 3552//5 3571//5
f 3680//5 3679//5 3678//5
f 3571//5 3678//5 3679//5
f 3681//5 3682//5 3677//5
f 3683//5 3680//5 3682//5
f 3684//5 3683//5 3681//5
f 3682//5 3681//5 3683//5
f 3678//5 3682//5 3680//5
f 3676//5 3677//5 3682//5
f 3573//5 3676//5 3678//5
f 3682//5 3678//5 3676//5
f 3480//5 3685//5 3483//5
f 3686//5 3687//5 3685//5
f 3474//5 3686//5 3480//5
f 3685//5 3480//5 3686//5
f 3688//5 3689//5 3687//5
f 3690//5 3684//5 3689//5
f 3691//5 3690//5 3688//5
f 3689//5 3688//5 3690//5
f 3470//5 3692//5 3474//5
f 3693//5 3691//5 3692//5
f 3430//5 3693//5 3470//5
f 3692//5 3470//5 3693//5
f 3688//5 3692//5 3691//5
f 3686//5 3474//5 3692//5
f 3687//5 3686//5 3688//5
f 3692//5 3688//5 3686//5
f 3681//5 3689//5 3684//5
f 3694//5 3687//5 3689//5
f 3677//5 3694//5 3681//5
f 3689//5 3681//5 3694//5
f 3695//5 3685//5 3687//5
f 3674//5 3483//5 3685//5
f 3672//5 3674//5 3695//5
f 3685//5 3695//5 3674//5
f 3675//5 3696//5 3677//5
f 3671//5 3672//5 3696//5
f 3578//5 3671//5 3675//5
f 3696//5 3675//5 3671//5
f 3695//5 3696//5 3672//5
f 3694//5 3677//5 3696//5
f 3687//5 3694//5 3695//5
f 3696//5 3695//5 3694//5
f 3697//5 3550//5 3552//5
f 3698//5 3547//5 3550//5
f 3699//5 3698//5 3697//5
f 3550//5 3697//5 3698//5
f 3700//5 3545//5 3547//5
f 3701//5 3540//5 3545//5
f 3702//5 3701//5 3700//5
f 3545//5 3700//5 3701//5
f 3703//5 3704//5 3699//5
f 3705//5 3702//5 3704//5
f 3706//5 3705//5 3703//5
f 3704//5 3703//5 3705//5
f 3700//5 3704//5 3702//5
f 3698//5 3699//5 3704//5
f 3547//5 3698//5 3700//5
f 3704//5 3700//5 3698//5
f 3707//5 3538//5 3540//5
f 3708//5 3536//5 3538//5
f 3709//5 3708//5 3707//5
f 3538//5 3707//5 3708//5
f 3710//5 3534//5 3536//5
f 3373//5 1962//5 3534//5
f 3371//5 3373//5 3710//5
f 3534//5 3710//5 3373//5
f 3711//5 3712//5 3709//5
f 3370//5 3371//5 3712//5
f 3364//5 3370//5 3711//5
f 3712//5 3711//5 3370//5
f 3710//5 3712//5 3371//5
f 3708//5 3709//5 3712//5
f 3536//5 3708//5 3710//5
f 3712//5 3710//5 3708//5
f 3713//5 3714//5 3706//5
f 3715//5 3716//5 3714//5
f 3717//5 3715//5 3713//5
f 3714//5 3713//5 3715//5
f 3718//5 3719//5 3716//5
f 3363//5 3364//5 3719//5
f 3360//5 3363//5 3718//5
f 3719//5 3718//5 3363//5
f 3720//5 3721//5 3717//5
f 3359//5 3360//5 3721//5
f 3338//5 3359//5 3720//5
f 3721//5 3720//5 3359//5
f 3718//5 3721//5 3360//5
f 3715//5 3717//5 3721//5
f 3716//5 3715//5 3718//5
f 3721//5 3718//5 3715//5
f 3711//5 3719//5 3364//5
f 3722//5 3716//5 3719//5
f 3709//5 3722//5 3711//5
f 3719//5 3711//5 3722//5
f 3723//5 3714//5 3716//5
f 3705//5 3706//5 3714//5
f 3702//5 3705//5 3723//5
f 3714//5 3723//5 3705//5
f 3707//5 3724//5 3709//5
f 3701//5 3702//5 3724//5
f 3540//5 3701//5 3707//5
f 3724//5 3707//5 3701//5
f 3723//5 3724//5 3702//5
f 3722//5 3709//5 3724//5
f 3716//5 3722//5 3723//5
f 3724//5 3723//5 3722//5
f 3427//5 3725//5 3430//5
f 3726//5 3727//5 3725//5
f 3422//5 3726//5 3427//5
f 3725//5 3427//5 3726//5
f 3728//5 3729//5 3727//5
f 3730//5 3731//5 3729//5
f 3732//5 3730//5 3728//5
f 3729//5 3728//5 3730//5
f 3418//5 3733//5 3422//5
f 3734//5 3732//5 3733//5
f 3407//5 3734//5 3418//5
f 3733//5 3418//5 3734//5
f 3728//5 3733//5 3732//5
f 3726//5 3422//5 3733//5
f 3727//5 3726//5 3728//5
f 3733//5 3728//5 3726//5
f 3735//5 3736//5 3731//5
f 3737//5 3738//5 3736//5
f 3739//5 3737//5 3735//5
f 3736//5 3735//5 3737//5
f 3740//5 3741//5 3738//5
f 3337//5 3338//5 3741//5
f 3334//5 3337//5 3740//5
f 3741//5 3740//5 3337//5
f 3742//5 3743//5 3739//5
f 3333//5 3334//5 3743//5
f 3325//5 3333//5 3742//5
f 3743//5 3742//5 3333//5
f 3740//5 3743//5 3334//5
f 3737//5 3739//5 3743//5
f 3738//5 3737//5 3740//5
f 3743//5 3740//5 3737//5
f 3404//5 3744//5 3407//5
f 3745//5 3746//5 3744//5
f 3400//5 3745//5 3404//5
f 3744//5 3404//5 3745//5
f 3747//5 3748//5 3746//5
f 3324//5 3325//5 3748//5
f 3321//5 3324//5 3747//5
f 3748//5 3747//5 3324//5
f 3398//5 3749//5 3400//5
f 3320//5 3321//5 3749//5
f 2715//5 3320//5 3398//5
f 3749//5 3398//5 3320//5
f 3747//5 3749//5 3321//5
f 3745//5 3400//5 3749//5
f 3746//5 3745//5 3747//5
f 3749//5 3747//5 3745//5
f 3742//5 3748//5 3325//5
f 3750//5 3746//5 3748//5
f 3739//5 3750//5 3742//5
f 3748//5 3742//5 3750//5
f 3751//5 3744//5 3746//5
f 3734//5 3407//5 3744//5
f 3732//5 3734//5 3751//5
f 3744//5 3751//5 3734//5
f 3735//5 3752//5 3739//5
f 3730//5 3732//5 3752//5
f 3731//5 3730//5 3735//5
f 3752//5 3735//5 3730//5
f 3751//5 3752//5 3732//5
f 3750//5 3739//5 3752//5
f 3746//5 3750//5 3751//5
f 3752//5 3751//5 3750//5
f 3720//5 3741//5 3338//5
f 3753//5 3738//5 3741//5
f 3717//5 3753//5 3720//5
f 3741//5 3720//5 3753//5
f 3754//5 3736//5 3738//5
f 3755//5 3731//5 3736//5
f 3756//5 3755//5 3754//5
f 3736//5 3754//5 3755//5
f 3713//5 3757//5 3717//5
f 3758//5 3756//5 3757//5
f 3706//5 3758//5 3713//5
f 3757//5 3713//5 3758//5
f 3754//5 3757//5 3756//5
f 3753//5 3717//5 3757//5
f 3738//5 3753//5 3754//5
f 3757//5 3754//5 3753//5
f 3759//5 3729//5 3731//5
f 3760//5 3727//5 3729//5
f 3761//5 3760//5 3759//5
f 3729//5 3759//5 3760//5
f 3762//5 3725//5 3727//5
f 3693//5 3430//5 3725//5
f 3691//5 3693//5 3762//5
f 3725//5 3762//5 3693//5
f 3763//5 3764//5 3761//5
f 3690//5 3691//5 3764//5
f 3684//5 3690//5 3763//5
f 3764//5 3763//5 3690//5
f 3762//5 3764//5 3691//5
f 3760//5 3761//5 3764//5
f 3727//5 3760//5 3762//5
f 3764//5 3762//5 3760//5
f 3703//5 3765//5 3706//5
f 3766//5 3767//5 3765//5
f 3699//5 3766//5 3703//5
f 3765//5 3703//5 3766//5
f 3768//5 3769//5 3767//5
f 3683//5 3684//5 3769//5
f 3680//5 3683//5 3768//5
f 3769//5 3768//5 3683//5
f 3697//5 3770//5 3699//5
f 3679//5 3680//5 3770//5
f 3552//5 3679//5 3697//5
f 3770//5 3697//5 3679//5
f 3768//5 3770//5 3680//5
f 3766//5 3699//5 3770//5
f 3767//5 3766//5 3768//5
f 3770//5 3768//5 3766//5
f 3763//5 3769//5 3684//5
f 3771//5 3767//5 3769//5
f 3761//5 3771//5 3763//5
f 3769//5 3763//5 3771//5
f 3772//5 3765//5 3767//5
f 3758//5 3706//5 3765//5
f 3756//5 3758//5 3772//5
f 3765//5 3772//5 3758//5
f 3759//5 3773//5 3761//5
f 3755//5 3756//5 3773//5
f 3731//5 3755//5 3759//5
f 3773//5 3759//5 3755//5
f 3772//5 3773//5 3756//5
f 3771//5 3761//5 3773//5
f 3767//5 3771//5 3772//5
f 3773//5 3772//5 3771//5
f 3774//5 2560//5 2562//5
f 3775//5 2557//5 2560//5
f 3776//5 3775//5 3774//5
f 2560//5 3774//5 3775//5
f 3777//5 2555//5 2557//5
f 3778//5 2548//5 2555//5
f 3779//5 3778//5 3777//5
f 2555//5 3777//5 3778//5
f 3780//5 3781//5 3776//5
f 3782//5 3779//5 3781//5
f 3783//5 3782//5 3780//5
f 3781//5 3780//5 3782//5
f 3777//5 3781//5 3779//5
f 3775//5 3776//5 3781//5
f 2557//5 3775//5 3777//5
f 3781//5 3777//5 3775//5
f 3784//5 2546//5 2548//5
f 3785//5 2543//5 2546//5
f 3786//5 3785//5 3784//5
f 2546//5 3784//5 3785//5
f 3787//5 2541//5 2543//5
f 3788//5 2518//5 2541//5
f 3789//5 3788//5 3787//5
f 2541//5 3787//5 3788//5
f 3790//5 3791//5 3786//5
f 3792//5 3789//5 3791//5
f 3793//5 3792//5 3790//5
f 3791//5 3790//5 3792//5
f 3787//5 3791//5 3789//5
f 3785//5 3786//5 3791//5
f 2543//5 3785//5 3787//5
f 3791//5 3787//5 3785//5
f 3794//5 3795//5 3783//5
f 3796//5 3797//5 3795//5
f 3798//5 3796//5 3794//5
f 3795//5 3794//5 3796//5
f 3799//5 3800//5 3797//5
f 3801//5 3793//5 3800//5
f 3802//5 3801//5 3799//5
f 3800//5 3799//5 3801//5
f 3803//5 3804//5 3798//5
f 3805//5 3802//5 3804//5
f 3806//5 3805//5 3803//5
f 3804//5 3803//5 3805//5
f 3799//5 3804//5 3802//5
f 3796//5 3798//5 3804//5
f 3797//5 3796//5 3799//5
f 3804//5 3799//5 3796//5
f 3790//5 3800//5 3793//5
f 3807//5 3797//5 3800//5
f 3786//5 3807//5 3790//5
f 3800//5 3790//5 3807//5
f 3808//5 3795//5 3797//5
f 3782//5 3783//5 3795//5
f 3779//5 3782//5 3808//5
f 3795//5 3808//5 3782//5
f 3784//5 3809//5 3786//5
f 3778//5 3779//5 3809//5
f 2548//5 3778//5 3784//5
f 3809//5 3784//5 3778//5
f 3808//5 3809//5 3779//5
f 3807//5 3786//5 3809//5
f 3797//5 3807//5 3808//5
f 3809//5 3808//5 3807//5
f 3810//5 2516//5 2518//5
f 3811//5 2513//5 2516//5
f 3812//5 3811//5 3810//5
f 2516//5 3810//5 3811//5
f 3813//5 2511//5 2513//5
f 3814//5 2504//5 2511//5
f 3815//5 3814//5 3813//5
f 2511//5 3813//5 3814//5
f 3816//5 3817//5 3812//5
f 3818//5 3815//5 3817//5
f 3819//5 3818//5 3816//5
f 3817//5 3816//5 3818//5
f 3813//5 3817//5 3815//5
f 3811//5 3812//5 3817//5
f 2513//5 3811//5 3813//5
f 3817//5 3813//5 3811//5
f 3820//5 2502//5 2504//5
f 3821//5 2499//5 2502//5
f 3822//5 3821//5 3820//5
f 2502//5 3820//5 3821//5
f 3823//5 2497//5 2499//5
f 3824//5 2486//5 2497//5
f 3825//5 3824//5 3823//5
f 2497//5 3823//5 3824//5
f 3826//5 3827//5 3822//5
f 3828//5 3825//5 3827//5
f 3829//5 3828//5 3826//5
f 3827//5 3826//5 3828//5
f 3823//5 3827//5 3825//5
f 3821//5 3822//5 3827//5
f 2499//5 3821//5 3823//5
f 3827//5 3823//5 3821//5
f 3830//5 3831//5 3819//5
f 3832//5 3833//5 3831//5
f 3834//5 3832//5 3830//5
f 3831//5 3830//5 3832//5
f 3835//5 3836//5 3833//5
f 3837//5 3829//5 3836//5
f 3838//5 3837//5 3835//5
f 3836//5 3835//5 3837//5
f 3839//5 3840//5 3834//5
f 3841//5 3838//5 3840//5
f 3842//5 3841//5 3839//5
f 3840//5 3839//5 3841//5
f 3835//5 3840//5 3838//5
f 3832//5 3834//5 3840//5
f 3833//5 3832//5 3835//5
f 3840//5 3835//5 3832//5
f 3826//5 3836//5 3829//5
f 3843//5 3833//5 3836//5
f 3822//5 3843//5 3826//5
f 3836//5 3826//5 3843//5
f 3844//5 3831//5 3833//5
f 3818//5 3819//5 3831//5
f 3815//5 3818//5 3844//5
f 3831//5 3844//5 3818//5
f 3820//5 3845//5 3822//5
f 3814//5 3815//5 3845//5
f 2504//5 3814//5 3820//5
f 3845//5 3820//5 3814//5
f 3844//5 3845//5 3815//5
f 3843//5 3822//5 3845//5
f 3833//5 3843//5 3844//5
f 3845//5 3844//5 3843//5
f 3846//5 3847//5 3806//5
f 3848//5 3849//5 3847//5
f 3850//5 3848//5 3846//5
f 3847//5 3846//5 3848//5
f 3851//5 3852//5 3849//5
f 3853//5 3854//5 3852//5
f 3855//5 3853//5 3851//5
f 3852//5 3851//5 3853//5
f 3856//5 3857//5 3850//5
f 3858//5 3855//5 3857//5
f 3859//5 3858//5 3856//5
f 3857//5 3856//5 3858//5
f 3851//5 3857//5 3855//5
f 3848//5 3850//5 3857//5
f 3849//5 3848//5 3851//5
f 3857//5 3851//5 3848//5
f 3860//5 3861//5 3854//5
f 3862//5 3863//5 3861//5
f 3864//5 3862//5 3860//5
f 3861//5 3860//5 3862//5
f 3865//5 3866//5 3863//5
f 3867//5 3842//5 3866//5
f 3868//5 3867//5 3865//5
f 3866//5 3865//5 3867//5
f 3869//5 3870//5 3864//5
f 3871//5 3868//5 3870//5
f 3872//5 3871//5 3869//5
f 3870//5 3869//5 3871//5
f 3865//5 3870//5 3868//5
f 3862//5 3864//5 3870//5
f 3863//5 3862//5 3865//5
f 3870//5 3865//5 3862//5
f 3873//5 3874//5 3859//5
f 3875//5 3876//5 3874//5
f 3877//5 3875//5 3873//5
f 3874//5 3873//5 3875//5
f 3878//5 3879//5 3876//5
f 3880//5 3872//5 3879//5
f 3881//5 3880//5 3878//5
f 3879//5 3878//5 3880//5
f 3882//5 3883//5 3877//5
f 3884//5 3881//5 3883//5
f 3885//5 3884//5 3882//5
f 3883//5 3882//5 3884//5
f 3878//5 3883//5 3881//5
f 3875//5 3877//5 3883//5
f 3876//5 3875//5 3878//5
f 3883//5 3878//5 3875//5
f 3869//5 3879//5 3872//5
f 3886//5 3876//5 3879//5
f 3864//5 3886//5 3869//5
f 3879//5 3869//5 3886//5
f 3887//5 3874//5 3876//5
f 3858//5 3859//5 3874//5
f 3855//5 3858//5 3887//5
f 3874//5 3887//5 3858//5
f 3860//5 3888//5 3864//5
f 3853//5 3855//5 3888//5
f 3854//5 3853//5 3860//5
f 3888//5 3860//5 3853//5
f 3887//5 3888//5 3855//5
f 3886//5 3864//5 3888//5
f 3876//5 3886//5 3887//5
f 3888//5 3887//5 3886//5
f 3839//5 3866//5 3842//5
f 3889//5 3863//5 3866//5
f 3834//5 3889//5 3839//5
f 3866//5 3839//5 3889//5
f 3890//5 3861//5 3863//5
f 3891//5 3854//5 3861//5
f 3892//5 3891//5 3890//5
f 3861//5 3890//5 3891//5
f 3830//5 3893//5 3834//5
f 3894//5 3892//5 3893//5
f 3819//5 3894//5 3830//5
f 3893//5 3830//5 3894//5
f 3890//5 3893//5 3892//5
f 3889//5 3834//5 3893//5
f 3863//5 3889//5 3890//5
f 3893//5 3890//5 3889//5
f 3895//5 3852//5 3854//5
f 3896//5 3849//5 3852//5
f 3897//5 3896//5 3895//5
f 3852//5 3895//5 3896//5
f 3898//5 3847//5 3849//5
f 3805//5 3806//5 3847//5
f 3802//5 3805//5 3898//5
f 3847//5 3898//5 3805//5
f 3899//5 3900//5 3897//5
f 3801//5 3802//5 3900//5
f 3793//5 3801//5 3899//5
f 3900//5 3899//5 3801//5
f 3898//5 3900//5 3802//5
f 3896//5 3897//5 3900//5
f 3849//5 3896//5 3898//5
f 3900//5 3898//5 3896//5
f 3816//5 3901//5 3819//5
f 3902//5 3903//5 3901//5
f 3812//5 3902//5 3816//5
f 3901//5 3816//5 3902//5
f 3904//5 3905//5 3903//5
f 3792//5 3793//5 3905//5
f 3789//5 3792//5 3904//5
f 3905//5 3904//5 3792//5
f 3810//5 3906//5 3812//5
f 3788//5 3789//5 3906//5
f 2518//5 3788//5 3810//5
f 3906//5 3810//5 3788//5
f 3904//5 3906//5 3789//5
f 3902//5 3812//5 3906//5
f 3903//5 3902//5 3904//5
f 3906//5 3904//5 3902//5
f 3899//5 3905//5 3793//5
f 3907//5 3903//5 3905//5
f 3897//5 3907//5 3899//5
f 3905//5 3899//5 3907//5
f 3908//5 3901//5 3903//5
f 3894//5 3819//5 3901//5
f 3892//5 3894//5 3908//5
f 3901//5 3908//5 3894//5
f 3895//5 3909//5 3897//5
f 3891//5 3892//5 3909//5
f 3854//5 3891//5 3895//5
f 3909//5 3895//5 3891//5
f 3908//5 3909//5 3892//5
f 3907//5 3897//5 3909//5
f 3903//5 3907//5 3908//5
f 3909//5 3908//5 3907//5
f 3910//5 2484//5 2486//5
f 3911//5 2481//5 2484//5
f 3912//5 3911//5 3910//5
f 2484//5 3910//5 3911//5
f 3913//5 2479//5 2481//5
f 3914//5 2475//5 2479//5
f 3915//5 3914//5 3913//5
f 2479//5 3913//5 3914//5
f 3916//5 3917//5 3912//5
f 3918//5 3915//5 3917//5
f 3919//5 3918//5 3916//5
f 3917//5 3916//5 3918//5
f 3913//5 3917//5 3915//5
f 3911//5 3912//5 3917//5
f 2481//5 3911//5 3913//5
f 3917//5 3913//5 3911//5
f 3920//5 2473//5 2475//5
f 3921//5 2471//5 2473//5
f 3922//5 3921//5 3920//5
f 2473//5 3920//5 3921//5
f 3923//5 2469//5 2471//5
f 3924//5 2468//5 2469//5
f 3925//5 3924//5 3923//5
f 2469//5 3923//5 3924//5
f 3926//5 3927//5 3922//5
f 3928//5 3925//5 3927//5
f 3929//5 3928//5 3926//5
f 3927//5 3926//5 3928//5
f 3923//5 3927//5 3925//5
f 3921//5 3922//5 3927//5
f 2471//5 3921//5 3923//5
f 3927//5 3923//5 3921//5
f 3930//5 3931//5 3919//5
f 3932//5 3933//5 3931//5
f 3934//5 3932//5 3930//5
f 3931//5 3930//5 3932//5
f 3935//5 3936//5 3933//5
f 3937//5 3929//5 3936//5
f 3938//5 3937//5 3935//5
f 3936//5 3935//5 3937//5
f 3939//5 3940//5 3934//5
f 3941//5 3938//5 3940//5
f 3942//5 3941//5 3939//5
f 3940//5 3939//5 3941//5
f 3935//5 3940//5 3938//5
f 3932//5 3934//5 3940//5
f 3933//5 3932//5 3935//5
f 3940//5 3935//5 3932//5
f 3926//5 3936//5 3929//5
f 3943//5 3933//5 3936//5
f 3922//5 3943//5 3926//5
f 3936//5 3926//5 3943//5
f 3944//5 3931//5 3933//5
f 3918//5 3919//5 3931//5
f 3915//5 3918//5 3944//5
f 3931//5 3944//5 3918//5
f 3920//5 3945//5 3922//5
f 3914//5 3915//5 3945//5
f 2475//5 3914//5 3920//5
f 3945//5 3920//5 3914//5
f 3944//5 3945//5 3915//5
f 3943//5 3922//5 3945//5
f 3933//5 3943//5 3944//5
f 3945//5 3944//5 3943//5
f 3946//5 2465//5 2468//5
f 3947//5 2466//5 3946//5
f 2465//5 3946//5 2466//5
f 598//5 2466//5 608//5
f 3948//5 3949//5 3947//5
f 608//5 3950//5 604//5
f 3950//5 3951//5 604//5
f 3952//5 3951//5 3949//5
f 3953//5 3952//5 3948//5
f 3949//5 3948//5 3952//5
f 3950//5 3949//5 3951//5
f 2466//5 3947//5 3949//5
f 3950//5 608//5 2466//5
f 3949//5 3950//5 2466//5
f 3954//5 1631//5 659//5
f 3955//5 3956//5 3953//5
f 3957//5 3958//5 3956//5
f 3959//5 3957//5 3955//5
f 3956//5 3955//5 3957//5
f 3960//5 3961//5 3958//5
f 1630//5 1631//5 3961//5
f 1627//5 1630//5 3960//5
f 3961//5 3960//5 1630//5
f 3962//5 3963//5 3959//5
f 1626//5 1627//5 3963//5
f 1612//5 1626//5 3962//5
f 3963//5 3962//5 1626//5
f 3960//5 3963//5 1627//5
f 3957//5 3959//5 3963//5
f 3958//5 3957//5 3960//5
f 3963//5 3960//5 3957//5
f 3954//5 3961//5 1631//5
f 3964//5 3958//5 3961//5
f 3961//5 3954//5 3964//5
f 655//5 3965//5 657//5
f 3964//5 3954//5 657//5
f 3954//5 659//5 657//5
f 3966//5 3956//5 3958//5
f 3952//5 3953//5 3956//5
f 3951//5 3952//5 3966//5
f 3956//5 3966//5 3952//5
f 3965//5 655//5 604//5
f 3966//5 3965//5 3951//5
f 604//5 3951//5 3965//5
f 3964//5 657//5 3965//5
f 3958//5 3964//5 3966//5
f 3965//5 3966//5 3964//5
f 3967//5 3968//5 3942//5
f 3969//5 3970//5 3968//5
f 3971//5 3969//5 3967//5
f 3968//5 3967//5 3969//5
f 3972//5 3973//5 3970//5
f 3974//5 3975//5 3973//5
f 3976//5 3974//5 3972//5
f 3973//5 3972//5 3974//5
f 3977//5 3978//5 3971//5
f 3979//5 3976//5 3978//5
f 3980//5 3979//5 3977//5
f 3978//5 3977//5 3979//5
f 3972//5 3978//5 3976//5
f 3969//5 3971//5 3978//5
f 3970//5 3969//5 3972//5
f 3978//5 3972//5 3969//5
f 3981//5 3982//5 3975//5
f 3983//5 3984//5 3982//5
f 3985//5 3983//5 3981//5
f 3982//5 3981//5 3983//5
f 3986//5 3987//5 3984//5
f 1611//5 1612//5 3987//5
f 1608//5 1611//5 3986//5
f 3987//5 3986//5 1611//5
f 3988//5 3989//5 3985//5
f 1607//5 1608//5 3989//5
f 1600//5 1607//5 3988//5
f 3989//5 3988//5 1607//5
f 3986//5 3989//5 1608//5
f 3983//5 3985//5 3989//5
f 3984//5 3983//5 3986//5
f 3989//5 3986//5 3983//5
f 3990//5 3991//5 3980//5
f 3992//5 3993//5 3991//5
f 3994//5 3992//5 3990//5
f 3991//5 3990//5 3992//5
f 3995//5 3996//5 3993//5
f 1599//5 1600//5 3996//5
f 1596//5 1599//5 3995//5
f 3996//5 3995//5 1599//5
f 3997//5 3998//5 3994//5
f 1595//5 1596//5 3998//5
f 1572//5 1595//5 3997//5
f 3998//5 3997//5 1595//5
f 3995//5 3998//5 1596//5
f 3992//5 3994//5 3998//5
f 3993//5 3992//5 3995//5
f 3998//5 3995//5 3992//5
f 3988//5 3996//5 1600//5
f 3999//5 3993//5 3996//5
f 3985//5 3999//5 3988//5
f 3996//5 3988//5 3999//5
f 4000//5 3991//5 3993//5
f 3979//5 3980//5 3991//5
f 3976//5 3979//5 4000//5
f 3991//5 4000//5 3979//5
f 3981//5 4001//5 3985//5
f 3974//5 3976//5 4001//5
f 3975//5 3974//5 3981//5
f 4001//5 3981//5 3974//5
f 4000//5 4001//5 3976//5
f 3999//5 3985//5 4001//5
f 3993//5 3999//5 4000//5
f 4001//5 4000//5 3999//5
f 3962//5 3987//5 1612//5
f 4002//5 3984//5 3987//5
f 3959//5 4002//5 3962//5
f 3987//5 3962//5 4002//5
f 4003//5 3982//5 3984//5
f 4004//5 3975//5 3982//5
f 4005//5 4004//5 4003//5
f 3982//5 4003//5 4004//5
f 3955//5 4006//5 3959//5
f 4007//5 4005//5 4006//5
f 3953//5 4007//5 3955//5
f 4006//5 3955//5 4007//5
f 4003//5 4006//5 4005//5
f 4002//5 3959//5 4006//5
f 3984//5 4002//5 4003//5
f 4006//5 4003//5 4002//5
f 4008//5 3973//5 3975//5
f 4009//5 3970//5 3973//5
f 4010//5 4009//5 4008//5
f 3973//5 4008//5 4009//5
f 4011//5 3968//5 3970//5
f 3941//5 3942//5 3968//5
f 3938//5 3941//5 4011//5
f 3968//5 4011//5 3941//5
f 4012//5 4013//5 4010//5
f 3937//5 3938//5 4013//5
f 3929//5 3937//5 4012//5
f 4013//5 4012//5 3937//5
f 4011//5 4013//5 3938//5
f 4009//5 4010//5 4013//5
f 3970//5 4009//5 4011//5
f 4013//5 4011//5 4009//5
f 3948//5 4014//5 3953//5
f 4015//5 4016//5 4014//5
f 3947//5 4015//5 3948//5
f 4014//5 3948//5 4015//5
f 4017//5 4018//5 4016//5
f 3928//5 3929//5 4018//5
f 3925//5 3928//5 4017//5
f 4018//5 4017//5 3928//5
f 3946//5 4019//5 3947//5
f 3924//5 3925//5 4019//5
f 2468//5 3924//5 3946//5
f 4019//5 3946//5 3924//5
f 4017//5 4019//5 3925//5
f 4015//5 3947//5 4019//5
f 4016//5 4015//5 4017//5
f 4019//5 4017//5 4015//5
f 4012//5 4018//5 3929//5
f 4020//5 4016//5 4018//5
f 4010//5 4020//5 4012//5
f 4018//5 4012//5 4020//5
f 4021//5 4014//5 4016//5
f 4007//5 3953//5 4014//5
f 4005//5 4007//5 4021//5
f 4014//5 4021//5 4007//5
f 4008//5 4022//5 4010//5
f 4004//5 4005//5 4022//5
f 3975//5 4004//5 4008//5
f 4022//5 4008//5 4004//5
f 4021//5 4022//5 4005//5
f 4020//5 4010//5 4022//5
f 4016//5 4020//5 4021//5
f 4022//5 4021//5 4020//5
f 4023//5 4024//5 3885//5
f 4025//5 4026//5 4024//5
f 4027//5 4025//5 4023//5
f 4024//5 4023//5 4025//5
f 4028//5 4029//5 4026//5
f 4030//5 4031//5 4029//5
f 4032//5 4030//5 4028//5
f 4029//5 4028//5 4030//5
f 4033//5 4034//5 4027//5
f 4035//5 4032//5 4034//5
f 4036//5 4035//5 4033//5
f 4034//5 4033//5 4035//5
f 4028//5 4034//5 4032//5
f 4025//5 4027//5 4034//5
f 4026//5 4025//5 4028//5
f 4034//5 4028//5 4025//5
f 4037//5 4038//5 4031//5
f 4039//5 4040//5 4038//5
f 4041//5 4039//5 4037//5
f 4038//5 4037//5 4039//5
f 4042//5 4043//5 4040//5
f 4044//5 4045//5 4043//5
f 4046//5 4044//5 4042//5
f 4043//5 4042//5 4044//5
f 4047//5 4048//5 4041//5
f 4049//5 4046//5 4048//5
f 4050//5 4049//5 4047//5
f 4048//5 4047//5 4049//5
f 4042//5 4048//5 4046//5
f 4039//5 4041//5 4048//5
f 4040//5 4039//5 4042//5
f 4048//5 4042//5 4039//5
f 4051//5 4052//5 4036//5
f 4053//5 4054//5 4052//5
f 4055//5 4053//5 4051//5
f 4052//5 4051//5 4053//5
f 4056//5 4057//5 4054//5
f 4058//5 4050//5 4057//5
f 4059//5 4058//5 4056//5
f 4057//5 4056//5 4058//5
f 4060//5 4061//5 4055//5
f 4062//5 4059//5 4061//5
f 4063//5 4062//5 4060//5
f 4061//5 4060//5 4062//5
f 4056//5 4061//5 4059//5
f 4053//5 4055//5 4061//5
f 4054//5 4053//5 4056//5
f 4061//5 4056//5 4053//5
f 4047//5 4057//5 4050//5
f 4064//5 4054//5 4057//5
f 4041//5 4064//5 4047//5
f 4057//5 4047//5 4064//5
f 4065//5 4052//5 4054//5
f 4035//5 4036//5 4052//5
f 4032//5 4035//5 4065//5
f 4052//5 4065//5 4035//5
f 4037//5 4066//5 4041//5
f 4030//5 4032//5 4066//5
f 4031//5 4030//5 4037//5
f 4066//5 4037//5 4030//5
f 4065//5 4066//5 4032//5
f 4064//5 4041//5 4066//5
f 4054//5 4064//5 4065//5
f 4066//5 4065//5 4064//5
f 4067//5 4068//5 4045//5
f 4069//5 4070//5 4068//5
f 4071//5 4069//5 4067//5
f 4068//5 4067//5 4069//5
f 4072//5 4073//5 4070//5
f 4074//5 4075//5 4073//5
f 4076//5 4074//5 4072//5
f 4073//5 4072//5 4074//5
f 4077//5 4078//5 4071//5
f 4079//5 4076//5 4078//5
f 4080//5 4079//5 4077//5
f 4078//5 4077//5 4079//5
f 4072//5 4078//5 4076//5
f 4069//5 4071//5 4078//5
f 4070//5 4069//5 4072//5
f 4078//5 4072//5 4069//5
f 4081//5 4082//5 4075//5
f 4083//5 4084//5 4082//5
f 4085//5 4083//5 4081//5
f 4082//5 4081//5 4083//5
f 4086//5 4087//5 4084//5
f 1571//5 1572//5 4087//5
f 1568//5 1571//5 4086//5
f 4087//5 4086//5 1571//5
f 4088//5 4089//5 4085//5
f 1567//5 1568//5 4089//5
f 1560//5 1567//5 4088//5
f 4089//5 4088//5 1567//5
f 4086//5 4089//5 1568//5
f 4083//5 4085//5 4089//5
f 4084//5 4083//5 4086//5
f 4089//5 4086//5 4083//5
f 4090//5 4091//5 4080//5
f 4092//5 4093//5 4091//5
f 4094//5 4092//5 4090//5
f 4091//5 4090//5 4092//5
f 4095//5 4096//5 4093//5
f 1559//5 1560//5 4096//5
f 1556//5 1559//5 4095//5
f 4096//5 4095//5 1559//5
f 4097//5 4098//5 4094//5
f 1555//5 1556//5 4098//5
f 1538//5 1555//5 4097//5
f 4098//5 4097//5 1555//5
f 4095//5 4098//5 1556//5
f 4092//5 4094//5 4098//5
f 4093//5 4092//5 4095//5
f 4098//5 4095//5 4092//5
f 4088//5 4096//5 1560//5
f 4099//5 4093//5 4096//5
f 4085//5 4099//5 4088//5
f 4096//5 4088//5 4099//5
f 4100//5 4091//5 4093//5
f 4079//5 4080//5 4091//5
f 4076//5 4079//5 4100//5
f 4091//5 4100//5 4079//5
f 4081//5 4101//5 4085//5
f 4074//5 4076//5 4101//5
f 4075//5 4074//5 4081//5
f 4101//5 4081//5 4074//5
f 4100//5 4101//5 4076//5
f 4099//5 4085//5 4101//5
f 4093//5 4099//5 4100//5
f 4101//5 4100//5 4099//5
f 4102//5 4103//5 4063//5
f 4104//5 4105//5 4103//5
f 4106//5 4104//5 4102//5
f 4103//5 4102//5 4104//5
f 4107//5 4108//5 4105//5
f 4109//5 4110//5 4108//5
f 4111//5 4109//5 4107//5
f 4108//5 4107//5 4109//5
f 4112//5 4113//5 4106//5
f 4114//5 4111//5 4113//5
f 4115//5 4114//5 4112//5
f 4113//5 4112//5 4114//5
f 4107//5 4113//5 4111//5
f 4104//5 4106//5 4113//5
f 4105//5 4104//5 4107//5
f 4113//5 4107//5 4104//5
f 4116//5 4117//5 4110//5
f 4118//5 4119//5 4117//5
f 4120//5 4118//5 4116//5
f 4117//5 4116//5 4118//5
f 4121//5 4122//5 4119//5
f 1537//5 1538//5 4122//5
f 1534//5 1537//5 4121//5
f 4122//5 4121//5 1537//5
f 4123//5 4124//5 4120//5
f 1533//5 1534//5 4124//5
f 1526//5 1533//5 4123//5
f 4124//5 4123//5 1533//5
f 4121//5 4124//5 1534//5
f 4118//5 4120//5 4124//5
f 4119//5 4118//5 4121//5
f 4124//5 4121//5 4118//5
f 4125//5 4126//5 4115//5
f 4127//5 4128//5 4126//5
f 4129//5 4127//5 4125//5
f 4126//5 4125//5 4127//5
f 4130//5 4131//5 4128//5
f 1525//5 1526//5 4131//5
f 1522//5 1525//5 4130//5
f 4131//5 4130//5 1525//5
f 4132//5 4133//5 4129//5
f 1521//5 1522//5 4133//5
f 1492//5 1521//5 4132//5
f 4133//5 4132//5 1521//5
f 4130//5 4133//5 1522//5
f 4127//5 4129//5 4133//5
f 4128//5 4127//5 4130//5
f 4133//5 4130//5 4127//5
f 4123//5 4131//5 1526//5
f 4134//5 4128//5 4131//5
f 4120//5 4134//5 4123//5
f 4131//5 4123//5 4134//5
f 4135//5 4126//5 4128//5
f 4114//5 4115//5 4126//5
f 4111//5 4114//5 4135//5
f 4126//5 4135//5 4114//5
f 4116//5 4136//5 4120//5
f 4109//5 4111//5 4136//5
f 4110//5 4109//5 4116//5
f 4136//5 4116//5 4109//5
f 4135//5 4136//5 4111//5
f 4134//5 4120//5 4136//5
f 4128//5 4134//5 4135//5
f 4136//5 4135//5 4134//5
f 4097//5 4122//5 1538//5
f 4137//5 4119//5 4122//5
f 4094//5 4137//5 4097//5
f 4122//5 4097//5 4137//5
f 4138//5 4117//5 4119//5
f 4139//5 4110//5 4117//5
f 4140//5 4139//5 4138//5
f 4117//5 4138//5 4139//5
f 4090//5 4141//5 4094//5
f 4142//5 4140//5 4141//5
f 4080//5 4142//5 4090//5
f 4141//5 4090//5 4142//5
f 4138//5 4141//5 4140//5
f 4137//5 4094//5 4141//5
f 4119//5 4137//5 4138//5
f 4141//5 4138//5 4137//5
f 4143//5 4108//5 4110//5
f 4144//5 4105//5 4108//5
f 4145//5 4144//5 4143//5
f 4108//5 4143//5 4144//5
f 4146//5 4103//5 4105//5
f 4062//5 4063//5 4103//5
f 4059//5 4062//5 4146//5
f 4103//5 4146//5 4062//5
f 4147//5 4148//5 4145//5
f 4058//5 4059//5 4148//5
f 4050//5 4058//5 4147//5
f 4148//5 4147//5 4058//5
f 4146//5 4148//5 4059//5
f 4144//5 4145//5 4148//5
f 4105//5 4144//5 4146//5
f 4148//5 4146//5 4144//5
f 4077//5 4149//5 4080//5
f 4150//5 4151//5 4149//5
f 4071//5 4150//5 4077//5
f 4149//5 4077//5 4150//5
f 4152//5 4153//5 4151//5
f 4049//5 4050//5 4153//5
f 4046//5 4049//5 4152//5
f 4153//5 4152//5 4049//5
f 4067//5 4154//5 4071//5
f 4044//5 4046//5 4154//5
f 4045//5 4044//5 4067//5
f 4154//5 4067//5 4044//5
f 4152//5 4154//5 4046//5
f 4150//5 4071//5 4154//5
f 4151//5 4150//5 4152//5
f 4154//5 4152//5 4150//5
f 4147//5 4153//5 4050//5
f 4155//5 4151//5 4153//5
f 4145//5 4155//5 4147//5
f 4153//5 4147//5 4155//5
f 4156//5 4149//5 4151//5
f 4142//5 4080//5 4149//5
f 4140//5 4142//5 4156//5
f 4149//5 4156//5 4142//5
f 4143//5 4157//5 4145//5
f 4139//5 4140//5 4157//5
f 4110//5 4139//5 4143//5
f 4157//5 4143//5 4139//5
f 4156//5 4157//5 4140//5
f 4155//5 4145//5 4157//5
f 4151//5 4155//5 4156//5
f 4157//5 4156//5 4155//5
f 3997//5 4087//5 1572//5
f 4158//5 4084//5 4087//5
f 3994//5 4158//5 3997//5
f 4087//5 3997//5 4158//5
f 4159//5 4082//5 4084//5
f 4160//5 4075//5 4082//5
f 4161//5 4160//5 4159//5
f 4082//5 4159//5 4160//5
f 3990//5 4162//5 3994//5
f 4163//5 4161//5 4162//5
f 3980//5 4163//5 3990//5
f 4162//5 3990//5 4163//5
f 4159//5 4162//5 4161//5
f 4158//5 3994//5 4162//5
f 4084//5 4158//5 4159//5
f 4162//5 4159//5 4158//5
f 4164//5 4073//5 4075//5
f 4165//5 4070//5 4073//5
f 4166//5 4165//5 4164//5
f 4073//5 4164//5 4165//5
f 4167//5 4068//5 4070//5
f 4168//5 4045//5 4068//5
f 4169//5 4168//5 4167//5
f 4068//5 4167//5 4168//5
f 4170//5 4171//5 4166//5
f 4172//5 4169//5 4171//5
f 4173//5 4172//5 4170//5
f 4171//5 4170//5 4172//5
f 4167//5 4171//5 4169//5
f 4165//5 4166//5 4171//5
f 4070//5 4165//5 4167//5
f 4171//5 4167//5 4165//5
f 3977//5 4174//5 3980//5
f 4175//5 4176//5 4174//5
f 3971//5 4175//5 3977//5
f 4174//5 3977//5 4175//5
f 4177//5 4178//5 4176//5
f 4179//5 4173//5 4178//5
f 4180//5 4179//5 4177//5
f 4178//5 4177//5 4179//5
f 3967//5 4181//5 3971//5
f 4182//5 4180//5 4181//5
f 3942//5 4182//5 3967//5
f 4181//5 3967//5 4182//5
f 4177//5 4181//5 4180//5
f 4175//5 3971//5 4181//5
f 4176//5 4175//5 4177//5
f 4181//5 4177//5 4175//5
f 4170//5 4178//5 4173//5
f 4183//5 4176//5 4178//5
f 4166//5 4183//5 4170//5
f 4178//5 4170//5 4183//5
f 4184//5 4174//5 4176//5
f 4163//5 3980//5 4174//5
f 4161//5 4163//5 4184//5
f 4174//5 4184//5 4163//5
f 4164//5 4185//5 4166//5
f 4160//5 4161//5 4185//5
f 4075//5 4160//5 4164//5
f 4185//5 4164//5 4160//5
f 4184//5 4185//5 4161//5
f 4183//5 4166//5 4185//5
f 4176//5 4183//5 4184//5
f 4185//5 4184//5 4183//5
f 4186//5 4043//5 4045//5
f 4187//5 4040//5 4043//5
f 4188//5 4187//5 4186//5
f 4043//5 4186//5 4187//5
f 4189//5 4038//5 4040//5
f 4190//5 4031//5 4038//5
f 4191//5 4190//5 4189//5
f 4038//5 4189//5 4190//5
f 4192//5 4193//5 4188//5
f 4194//5 4191//5 4193//5
f 4195//5 4194//5 4192//5
f 4193//5 4192//5 4194//5
f 4189//5 4193//5 4191//5
f 4187//5 4188//5 4193//5
f 4040//5 4187//5 4189//5
f 4193//5 4189//5 4187//5
f 4196//5 4029//5 4031//5
f 4197//5 4026//5 4029//5
f 4198//5 4197//5 4196//5
f 4029//5 4196//5 4197//5
f 4199//5 4024//5 4026//5
f 3884//5 3885//5 4024//5
f 3881//5 3884//5 4199//5
f 4024//5 4199//5 3884//5
f 4200//5 4201//5 4198//5
f 3880//5 3881//5 4201//5
f 3872//5 3880//5 4200//5
f 4201//5 4200//5 3880//5
f 4199//5 4201//5 3881//5
f 4197//5 4198//5 4201//5
f 4026//5 4197//5 4199//5
f 4201//5 4199//5 4197//5
f 4202//5 4203//5 4195//5
f 4204//5 4205//5 4203//5
f 4206//5 4204//5 4202//5
f 4203//5 4202//5 4204//5
f 4207//5 4208//5 4205//5
f 3871//5 3872//5 4208//5
f 3868//5 3871//5 4207//5
f 4208//5 4207//5 3871//5
f 4209//5 4210//5 4206//5
f 3867//5 3868//5 4210//5
f 3842//5 3867//5 4209//5
f 4210//5 4209//5 3867//5
f 4207//5 4210//5 3868//5
f 4204//5 4206//5 4210//5
f 4205//5 4204//5 4207//5
f 4210//5 4207//5 4204//5
f 4200//5 4208//5 3872//5
f 4211//5 4205//5 4208//5
f 4198//5 4211//5 4200//5
f 4208//5 4200//5 4211//5
f 4212//5 4203//5 4205//5
f 4194//5 4195//5 4203//5
f 4191//5 4194//5 4212//5
f 4203//5 4212//5 4194//5
f 4196//5 4213//5 4198//5
f 4190//5 4191//5 4213//5
f 4031//5 4190//5 4196//5
f 4213//5 4196//5 4190//5
f 4212//5 4213//5 4191//5
f 4211//5 4198//5 4213//5
f 4205//5 4211//5 4212//5
f 4213//5 4212//5 4211//5
f 3939//5 4214//5 3942//5
f 4215//5 4216//5 4214//5
f 3934//5 4215//5 3939//5
f 4214//5 3939//5 4215//5
f 4217//5 4218//5 4216//5
f 4219//5 4220//5 4218//5
f 4221//5 4219//5 4217//5
f 4218//5 4217//5 4219//5
f 3930//5 4222//5 3934//5
f 4223//5 4221//5 4222//5
f 3919//5 4223//5 3930//5
f 4222//5 3930//5 4223//5
f 4217//5 4222//5 4221//5
f 4215//5 3934//5 4222//5
f 4216//5 4215//5 4217//5
f 4222//5 4217//5 4215//5
f 4224//5 4225//5 4220//5
f 4226//5 4227//5 4225//5
f 4228//5 4226//5 4224//5
f 4225//5 4224//5 4226//5
f 4229//5 4230//5 4227//5
f 3841//5 3842//5 4230//5
f 3838//5 3841//5 4229//5
f 4230//5 4229//5 3841//5
f 4231//5 4232//5 4228//5
f 3837//5 3838//5 4232//5
f 3829//5 3837//5 4231//5
f 4232//5 4231//5 3837//5
f 4229//5 4232//5 3838//5
f 4226//5 4228//5 4232//5
f 4227//5 4226//5 4229//5
f 4232//5 4229//5 4226//5
f 3916//5 4233//5 3919//5
f 4234//5 4235//5 4233//5
f 3912//5 4234//5 3916//5
f 4233//5 3916//5 4234//5
f 4236//5 4237//5 4235//5
f 3828//5 3829//5 4237//5
f 3825//5 3828//5 4236//5
f 4237//5 4236//5 3828//5
f 3910//5 4238//5 3912//5
f 3824//5 3825//5 4238//5
f 2486//5 3824//5 3910//5
f 4238//5 3910//5 3824//5
f 4236//5 4238//5 3825//5
f 4234//5 3912//5 4238//5
f 4235//5 4234//5 4236//5
f 4238//5 4236//5 4234//5
f 4231//5 4237//5 3829//5
f 4239//5 4235//5 4237//5
f 4228//5 4239//5 4231//5
f 4237//5 4231//5 4239//5
f 4240//5 4233//5 4235//5
f 4223//5 3919//5 4233//5
f 4221//5 4223//5 4240//5
f 4233//5 4240//5 4223//5
f 4224//5 4241//5 4228//5
f 4219//5 4221//5 4241//5
f 4220//5 4219//5 4224//5
f 4241//5 4224//5 4219//5
f 4240//5 4241//5 4221//5
f 4239//5 4228//5 4241//5
f 4235//5 4239//5 4240//5
f 4241//5 4240//5 4239//5
f 4209//5 4230//5 3842//5
f 4242//5 4227//5 4230//5
f 4206//5 4242//5 4209//5
f 4230//5 4209//5 4242//5
f 4243//5 4225//5 4227//5
f 4244//5 4220//5 4225//5
f 4245//5 4244//5 4243//5
f 4225//5 4243//5 4244//5
f 4202//5 4246//5 4206//5
f 4247//5 4245//5 4246//5
f 4195//5 4247//5 4202//5
f 4246//5 4202//5 4247//5
f 4243//5 4246//5 4245//5
f 4242//5 4206//5 4246//5
f 4227//5 4242//5 4243//5
f 4246//5 4243//5 4242//5
f 4248//5 4218//5 4220//5
f 4249//5 4216//5 4218//5
f 4250//5 4249//5 4248//5
f 4218//5 4248//5 4249//5
f 4251//5 4214//5 4216//5
f 4182//5 3942//5 4214//5
f 4180//5 4182//5 4251//5
f 4214//5 4251//5 4182//5
f 4252//5 4253//5 4250//5
f 4179//5 4180//5 4253//5
f 4173//5 4179//5 4252//5
f 4253//5 4252//5 4179//5
f 4251//5 4253//5 4180//5
f 4249//5 4250//5 4253//5
f 4216//5 4249//5 4251//5
f 4253//5 4251//5 4249//5
f 4192//5 4254//5 4195//5
f 4255//5 4256//5 4254//5
f 4188//5 4255//5 4192//5
f 4254//5 4192//5 4255//5
f 4257//5 4258//5 4256//5
f 4172//5 4173//5 4258//5
f 4169//5 4172//5 4257//5
f 4258//5 4257//5 4172//5
f 4186//5 4259//5 4188//5
f 4168//5 4169//5 4259//5
f 4045//5 4168//5 4186//5
f 4259//5 4186//5 4168//5
f 4257//5 4259//5 4169//5
f 4255//5 4188//5 4259//5
f 4256//5 4255//5 4257//5
f 4259//5 4257//5 4255//5
f 4252//5 4258//5 4173//5
f 4260//5 4256//5 4258//5
f 4250//5 4260//5 4252//5
f 4258//5 4252//5 4260//5
f 4261//5 4254//5 4256//5
f 4247//5 4195//5 4254//5
f 4245//5 4247//5 4261//5
f 4254//5 4261//5 4247//5
f 4248//5 4262//5 4250//5
f 4244//5 4245//5 4262//5
f 4220//5 4244//5 4248//5
f 4262//5 4248//5 4244//5
f 4261//5 4262//5 4245//5
f 4260//5 4250//5 4262//5
f 4256//5 4260//5 4261//5
f 4262//5 4261//5 4260//5
f 1791//5 4263//5 1794//5
f 4264//5 4265//5 4263//5
f 1786//5 4264//5 1791//5
f 4263//5 1791//5 4264//5
f 4266//5 4267//5 4265//5
f 4268//5 4269//5 4267//5
f 4270//5 4268//5 4266//5
f 4267//5 4266//5 4268//5
f 1782//5 4271//5 1786//5
f 4272//5 4270//5 4271//5
f 1768//5 4272//5 1782//5
f 4271//5 1782//5 4272//5
f 4266//5 4271//5 4270//5
f 4264//5 1786//5 4271//5
f 4265//5 4264//5 4266//5
f 4271//5 4266//5 4264//5
f 4273//5 4274//5 4269//5
f 4275//5 4276//5 4274//5
f 4277//5 4275//5 4273//5
f 4274//5 4273//5 4275//5
f 4278//5 4279//5 4276//5
f 4280//5 4281//5 4279//5
f 4282//5 4280//5 4278//5
f 4279//5 4278//5 4280//5
f 4283//5 4284//5 4277//5
f 4285//5 4282//5 4284//5
f 4286//5 4285//5 4283//5
f 4284//5 4283//5 4285//5
f 4278//5 4284//5 4282//5
f 4275//5 4277//5 4284//5
f 4276//5 4275//5 4278//5
f 4284//5 4278//5 4275//5
f 1765//5 4287//5 1768//5
f 4288//5 4289//5 4287//5
f 1759//5 4288//5 1765//5
f 4287//5 1765//5 4288//5
f 4290//5 4291//5 4289//5
f 4292//5 4286//5 4291//5
f 4293//5 4292//5 4290//5
f 4291//5 4290//5 4292//5
f 1755//5 4294//5 1759//5
f 4295//5 4293//5 4294//5
f 1723//5 4295//5 1755//5
f 4294//5 1755//5 4295//5
f 4290//5 4294//5 4293//5
f 4288//5 1759//5 4294//5
f 4289//5 4288//5 4290//5
f 4294//5 4290//5 4288//5
f 4283//5 4291//5 4286//5
f 4296//5 4289//5 4291//5
f 4277//5 4296//5 4283//5
f 4291//5 4283//5 4296//5
f 4297//5 4287//5 4289//5
f 4272//5 1768//5 4287//5
f 4270//5 4272//5 4297//5
f 4287//5 4297//5 4272//5
f 4273//5 4298//5 4277//5
f 4268//5 4270//5 4298//5
f 4269//5 4268//5 4273//5
f 4298//5 4273//5 4268//5
f 4297//5 4298//5 4270//5
f 4296//5 4277//5 4298//5
f 4289//5 4296//5 4297//5
f 4298//5 4297//5 4296//5
f 4299//5 4300//5 4281//5
f 4301//5 4302//5 4300//5
f 4303//5 4301//5 4299//5
f 4300//5 4299//5 4301//5
f 4304//5 4305//5 4302//5
f 4306//5 4307//5 4305//5
f 4308//5 4306//5 4304//5
f 4305//5 4304//5 4306//5
f 4309//5 4310//5 4303//5
f 4311//5 4308//5 4310//5
f 4312//5 4311//5 4309//5
f 4310//5 4309//5 4311//5
f 4304//5 4310//5 4308//5
f 4301//5 4303//5 4310//5
f 4302//5 4301//5 4304//5
f 4310//5 4304//5 4301//5
f 4313//5 4314//5 4307//5
f 4315//5 4316//5 4314//5
f 4317//5 4315//5 4313//5
f 4314//5 4313//5 4315//5
f 4318//5 4319//5 4316//5
f 4320//5 4321//5 4319//5
f 4322//5 4320//5 4318//5
f 4319//5 4318//5 4320//5
f 4323//5 4324//5 4317//5
f 4325//5 4322//5 4324//5
f 4326//5 4325//5 4323//5
f 4324//5 4323//5 4325//5
f 4318//5 4324//5 4322//5
f 4315//5 4317//5 4324//5
f 4316//5 4315//5 4318//5
f 4324//5 4318//5 4315//5
f 4327//5 4328//5 4312//5
f 4329//5 4330//5 4328//5
f 4331//5 4329//5 4327//5
f 4328//5 4327//5 4329//5
f 4332//5 4333//5 4330//5
f 4334//5 4326//5 4333//5
f 4335//5 4334//5 4332//5
f 4333//5 4332//5 4334//5
f 4336//5 4337//5 4331//5
f 4338//5 4335//5 4337//5
f 4339//5 4338//5 4336//5
f 4337//5 4336//5 4338//5
f 4332//5 4337//5 4335//5
f 4329//5 4331//5 4337//5
f 4330//5 4329//5 4332//5
f 4337//5 4332//5 4329//5
f 4323//5 4333//5 4326//5
f 4340//5 4330//5 4333//5
f 4317//5 4340//5 4323//5
f 4333//5 4323//5 4340//5
f 4341//5 4328//5 4330//5
f 4311//5 4312//5 4328//5
f 4308//5 4311//5 4341//5
f 4328//5 4341//5 4311//5
f 4313//5 4342//5 4317//5
f 4306//5 4308//5 4342//5
f 4307//5 4306//5 4313//5
f 4342//5 4313//5 4306//5
f 4341//5 4342//5 4308//5
f 4340//5 4317//5 4342//5
f 4330//5 4340//5 4341//5
f 4342//5 4341//5 4340//5
f 1720//5 4343//5 1723//5
f 4344//5 4345//5 4343//5
f 1715//5 4344//5 1720//5
f 4343//5 1720//5 4344//5
f 4346//5 4347//5 4345//5
f 4348//5 4349//5 4347//5
f 4350//5 4348//5 4346//5
f 4347//5 4346//5 4348//5
f 1711//5 4351//5 1715//5
f 4352//5 4350//5 4351//5
f 1696//5 4352//5 1711//5
f 4351//5 1711//5 4352//5
f 4346//5 4351//5 4350//5
f 4344//5 1715//5 4351//5
f 4345//5 4344//5 4346//5
f 4351//5 4346//5 4344//5
f 4353//5 4354//5 4349//5
f 4355//5 4356//5 4354//5
f 4357//5 4355//5 4353//5
f 4354//5 4353//5 4355//5
f 4358//5 4359//5 4356//5
f 4360//5 4339//5 4359//5
f 4361//5 4360//5 4358//5
f 4359//5 4358//5 4360//5
f 4362//5 4363//5 4357//5
f 4364//5 4361//5 4363//5
f 4365//5 4364//5 4362//5
f 4363//5 4362//5 4364//5
f 4358//5 4363//5 4361//5
f 4355//5 4357//5 4363//5
f 4356//5 4355//5 4358//5
f 4363//5 4358//5 4355//5
f 1693//5 4366//5 1696//5
f 4367//5 4368//5 4366//5
f 1687//5 4367//5 1693//5
f 4366//5 1693//5 4367//5
f 4369//5 4370//5 4368//5
f 4371//5 4365//5 4370//5
f 4372//5 4371//5 4369//5
f 4370//5 4369//5 4371//5
f 1683//5 4373//5 1687//5
f 4374//5 4372//5 4373//5
f 1680//5 4374//5 1683//5
f 4373//5 1683//5 4374//5
f 4369//5 4373//5 4372//5
f 4367//5 1687//5 4373//5
f 4368//5 4367//5 4369//5
f 4373//5 4369//5 4367//5
f 4362//5 4370//5 4365//5
f 4375//5 4368//5 4370//5
f 4357//5 4375//5 4362//5
f 4370//5 4362//5 4375//5
f 4376//5 4366//5 4368//5
f 4352//5 1696//5 4366//5
f 4350//5 4352//5 4376//5
f 4366//5 4376//5 4352//5
f 4353//5 4377//5 4357//5
f 4348//5 4350//5 4377//5
f 4349//5 4348//5 4353//5
f 4377//5 4353//5 4348//5
f 4376//5 4377//5 4350//5
f 4375//5 4357//5 4377//5
f 4368//5 4375//5 4376//5
f 4377//5 4376//5 4375//5
f 4336//5 4359//5 4339//5
f 4378//5 4356//5 4359//5
f 4331//5 4378//5 4336//5
f 4359//5 4336//5 4378//5
f 4379//5 4354//5 4356//5
f 4380//5 4349//5 4354//5
f 4381//5 4380//5 4379//5
f 4354//5 4379//5 4380//5
f 4327//5 4382//5 4331//5
f 4383//5 4381//5 4382//5
f 4312//5 4383//5 4327//5
f 4382//5 4327//5 4383//5
f 4379//5 4382//5 4381//5
f 4378//5 4331//5 4382//5
f 4356//5 4378//5 4379//5
f 4382//5 4379//5 4378//5
f 4384//5 4347//5 4349//5
f 4385//5 4345//5 4347//5
f 4386//5 4385//5 4384//5
f 4347//5 4384//5 4385//5
f 4387//5 4343//5 4345//5
f 4295//5 1723//5 4343//5
f 4293//5 4295//5 4387//5
f 4343//5 4387//5 4295//5
f 4388//5 4389//5 4386//5
f 4292//5 4293//5 4389//5
f 4286//5 4292//5 4388//5
f 4389//5 4388//5 4292//5
f 4387//5 4389//5 4293//5
f 4385//5 4386//5 4389//5
f 4345//5 4385//5 4387//5
f 4389//5 4387//5 4385//5
f 4309//5 4390//5 4312//5
f 4391//5 4392//5 4390//5
f 4303//5 4391//5 4309//5
f 4390//5 4309//5 4391//5
f 4393//5 4394//5 4392//5
f 4285//5 4286//5 4394//5
f 4282//5 4285//5 4393//5
f 4394//5 4393//5 4285//5
f 4299//5 4395//5 4303//5
f 4280//5 4282//5 4395//5
f 4281//5 4280//5 4299//5
f 4395//5 4299//5 4280//5
f 4393//5 4395//5 4282//5
f 4391//5 4303//5 4395//5
f 4392//5 4391//5 4393//5
f 4395//5 4393//5 4391//5
f 4388//5 4394//5 4286//5
f 4396//5 4392//5 4394//5
f 4386//5 4396//5 4388//5
f 4394//5 4388//5 4396//5
f 4397//5 4390//5 4392//5
f 4383//5 4312//5 4390//5
f 4381//5 4383//5 4397//5
f 4390//5 4397//5 4383//5
f 4384//5 4398//5 4386//5
f 4380//5 4381//5 4398//5
f 4349//5 4380//5 4384//5
f 4398//5 4384//5 4380//5
f 4397//5 4398//5 4381//5
f 4396//5 4386//5 4398//5
f 4392//5 4396//5 4397//5
f 4398//5 4397//5 4396//5
f 4399//5 4400//5 4321//5
f 4401//5 4402//5 4400//5
f 4403//5 4401//5 4399//5
f 4400//5 4399//5 4401//5
f 4404//5 4405//5 4402//5
f 4406//5 4407//5 4405//5
f 4408//5 4406//5 4404//5
f 4405//5 4404//5 4406//5
f 4409//5 4410//5 4403//5
f 4411//5 4408//5 4410//5
f 4412//5 4411//5 4409//5
f 4410//5 4409//5 4411//5
f 4404//5 4410//5 4408//5
f 4401//5 4403//5 4410//5
f 4402//5 4401//5 4404//5
f 4410//5 4404//5 4401//5
f 4413//5 4414//5 4407//5
f 4415//5 4416//5 4414//5
f 4417//5 4415//5 4413//5
f 4414//5 4413//5 4415//5
f 4418//5 4419//5 4416//5
f 4420//5 4421//5 4419//5
f 4422//5 4420//5 4418//5
f 4419//5 4418//5 4420//5
f 4423//5 4424//5 4417//5
f 4425//5 4422//5 4424//5
f 4426//5 4425//5 4423//5
f 4424//5 4423//5 4425//5
f 4418//5 4424//5 4422//5
f 4415//5 4417//5 4424//5
f 4416//5 4415//5 4418//5
f 4424//5 4418//5 4415//5
f 4427//5 4428//5 4412//5
f 4429//5 4430//5 4428//5
f 4431//5 4429//5 4427//5
f 4428//5 4427//5 4429//5
f 4432//5 4433//5 4430//5
f 4434//5 4426//5 4433//5
f 4435//5 4434//5 4432//5
f 4433//5 4432//5 4434//5
f 4436//5 4437//5 4431//5
f 4438//5 4435//5 4437//5
f 4439//5 4438//5 4436//5
f 4437//5 4436//5 4438//5
f 4432//5 4437//5 4435//5
f 4429//5 4431//5 4437//5
f 4430//5 4429//5 4432//5
f 4437//5 4432//5 4429//5
f 4423//5 4433//5 4426//5
f 4440//5 4430//5 4433//5
f 4417//5 4440//5 4423//5
f 4433//5 4423//5 4440//5
f 4441//5 4428//5 4430//5
f 4411//5 4412//5 4428//5
f 4408//5 4411//5 4441//5
f 4428//5 4441//5 4411//5
f 4413//5 4442//5 4417//5
f 4406//5 4408//5 4442//5
f 4407//5 4406//5 4413//5
f 4442//5 4413//5 4406//5
f 4441//5 4442//5 4408//5
f 4440//5 4417//5 4442//5
f 4430//5 4440//5 4441//5
f 4442//5 4441//5 4440//5
f 4443//5 4444//5 4421//5
f 4445//5 4446//5 4444//5
f 4447//5 4445//5 4443//5
f 4444//5 4443//5 4445//5
f 4448//5 4449//5 4446//5
f 4450//5 4451//5 4449//5
f 4452//5 4450//5 4448//5
f 4449//5 4448//5 4450//5
f 4453//5 4454//5 4447//5
f 4455//5 4452//5 4454//5
f 4456//5 4455//5 4453//5
f 4454//5 4453//5 4455//5
f 4448//5 4454//5 4452//5
f 4445//5 4447//5 4454//5
f 4446//5 4445//5 4448//5
f 4454//5 4448//5 4445//5
f 4457//5 4458//5 4451//5
f 4459//5 4460//5 4458//5
f 4461//5 4459//5 4457//5
f 4458//5 4457//5 4459//5
f 4462//5 4463//5 4460//5
f 1491//5 1492//5 4463//5
f 1488//5 1491//5 4462//5
f 4463//5 4462//5 1491//5
f 4464//5 4465//5 4461//5
f 1487//5 1488//5 4465//5
f 1480//5 1487//5 4464//5
f 4465//5 4464//5 1487//5
f 4462//5 4465//5 1488//5
f 4459//5 4461//5 4465//5
f 4460//5 4459//5 4462//5
f 4465//5 4462//5 4459//5
f 4466//5 4467//5 4456//5
f 4468//5 4469//5 4467//5
f 4470//5 4468//5 4466//5
f 4467//5 4466//5 4468//5
f 4471//5 4472//5 4469//5
f 1479//5 1480//5 4472//5
f 1476//5 1479//5 4471//5
f 4472//5 4471//5 1479//5
f 4473//5 4474//5 4470//5
f 1475//5 1476//5 4474//5
f 1458//5 1475//5 4473//5
f 4474//5 4473//5 1475//5
f 4471//5 4474//5 1476//5
f 4468//5 4470//5 4474//5
f 4469//5 4468//5 4471//5
f 4474//5 4471//5 4468//5
f 4464//5 4472//5 1480//5
f 4475//5 4469//5 4472//5
f 4461//5 4475//5 4464//5
f 4472//5 4464//5 4475//5
f 4476//5 4467//5 4469//5
f 4455//5 4456//5 4467//5
f 4452//5 4455//5 4476//5
f 4467//5 4476//5 4455//5
f 4457//5 4477//5 4461//5
f 4450//5 4452//5 4477//5
f 4451//5 4450//5 4457//5
f 4477//5 4457//5 4450//5
f 4476//5 4477//5 4452//5
f 4475//5 4461//5 4477//5
f 4469//5 4475//5 4476//5
f 4477//5 4476//5 4475//5
f 4478//5 4479//5 4439//5
f 4480//5 4481//5 4479//5
f 4482//5 4480//5 4478//5
f 4479//5 4478//5 4480//5
f 4483//5 4484//5 4481//5
f 4485//5 4486//5 4484//5
f 4487//5 4485//5 4483//5
f 4484//5 4483//5 4485//5
f 4488//5 4489//5 4482//5
f 4490//5 4487//5 4489//5
f 4491//5 4490//5 4488//5
f 4489//5 4488//5 4490//5
f 4483//5 4489//5 4487//5
f 4480//5 4482//5 4489//5
f 4481//5 4480//5 4483//5
f 4489//5 4483//5 4480//5
f 4492//5 4493//5 4486//5
f 4494//5 4495//5 4493//5
f 4496//5 4494//5 4492//5
f 4493//5 4492//5 4494//5
f 4497//5 4498//5 4495//5
f 1457//5 1458//5 4498//5
f 1454//5 1457//5 4497//5
f 4498//5 4497//5 1457//5
f 4499//5 4500//5 4496//5
f 1453//5 1454//5 4500//5
f 1446//5 1453//5 4499//5
f 4500//5 4499//5 1453//5
f 4497//5 4500//5 1454//5
f 4494//5 4496//5 4500//5
f 4495//5 4494//5 4497//5
f 4500//5 4497//5 4494//5
f 4501//5 4502//5 4491//5
f 4503//5 4504//5 4502//5
f 4505//5 4503//5 4501//5
f 4502//5 4501//5 4503//5
f 4506//5 4507//5 4504//5
f 1445//5 1446//5 4507//5
f 1442//5 1445//5 4506//5
f 4507//5 4506//5 1445//5
f 4508//5 4509//5 4505//5
f 1441//5 1442//5 4509//5
f 1418//5 1441//5 4508//5
f 4509//5 4508//5 1441//5
f 4506//5 4509//5 1442//5
f 4503//5 4505//5 4509//5
f 4504//5 4503//5 4506//5
f 4509//5 4506//5 4503//5
f 4499//5 4507//5 1446//5
f 4510//5 4504//5 4507//5
f 4496//5 4510//5 4499//5
f 4507//5 4499//5 4510//5
f 4511//5 4502//5 4504//5
f 4490//5 4491//5 4502//5
f 4487//5 4490//5 4511//5
f 4502//5 4511//5 4490//5
f 4492//5 4512//5 4496//5
f 4485//5 4487//5 4512//5
f 4486//5 4485//5 4492//5
f 4512//5 4492//5 4485//5
f 4511//5 4512//5 4487//5
f 4510//5 4496//5 4512//5
f 4504//5 4510//5 4511//5
f 4512//5 4511//5 4510//5
f 4473//5 4498//5 1458//5
f 4513//5 4495//5 4498//5
f 4470//5 4513//5 4473//5
f 4498//5 4473//5 4513//5
f 4514//5 4493//5 4495//5
f 4515//5 4486//5 4493//5
f 4516//5 4515//5 4514//5
f 4493//5 4514//5 4515//5
f 4466//5 4517//5 4470//5
f 4518//5 4516//5 4517//5
f 4456//5 4518//5 4466//5
f 4517//5 4466//5 4518//5
f 4514//5 4517//5 4516//5
f 4513//5 4470//5 4517//5
f 4495//5 4513//5 4514//5
f 4517//5 4514//5 4513//5
f 4519//5 4484//5 4486//5
f 4520//5 4481//5 4484//5
f 4521//5 4520//5 4519//5
f 4484//5 4519//5 4520//5
f 4522//5 4479//5 4481//5
f 4438//5 4439//5 4479//5
f 4435//5 4438//5 4522//5
f 4479//5 4522//5 4438//5
f 4523//5 4524//5 4521//5
f 4434//5 4435//5 4524//5
f 4426//5 4434//5 4523//5
f 4524//5 4523//5 4434//5
f 4522//5 4524//5 4435//5
f 4520//5 4521//5 4524//5
f 4481//5 4520//5 4522//5
f 4524//5 4522//5 4520//5
f 4453//5 4525//5 4456//5
f 4526//5 4527//5 4525//5
f 4447//5 4526//5 4453//5
f 4525//5 4453//5 4526//5
f 4528//5 4529//5 4527//5
f 4425//5 4426//5 4529//5
f 4422//5 4425//5 4528//5
f 4529//5 4528//5 4425//5
f 4443//5 4530//5 4447//5
f 4420//5 4422//5 4530//5
f 4421//5 4420//5 4443//5
f 4530//5 4443//5 4420//5
f 4528//5 4530//5 4422//5
f 4526//5 4447//5 4530//5
f 4527//5 4526//5 4528//5
f 4530//5 4528//5 4526//5
f 4523//5 4529//5 4426//5
f 4531//5 4527//5 4529//5
f 4521//5 4531//5 4523//5
f 4529//5 4523//5 4531//5
f 4532//5 4525//5 4527//5
f 4518//5 4456//5 4525//5
f 4516//5 4518//5 4532//5
f 4525//5 4532//5 4518//5
f 4519//5 4533//5 4521//5
f 4515//5 4516//5 4533//5
f 4486//5 4515//5 4519//5
f 4533//5 4519//5 4515//5
f 4532//5 4533//5 4516//5
f 4531//5 4521//5 4533//5
f 4527//5 4531//5 4532//5
f 4533//5 4532//5 4531//5
f 1677//5 4534//5 1680//5
f 4535//5 4536//5 4534//5
f 1671//5 4535//5 1677//5
f 4534//5 1677//5 4535//5
f 4537//5 4538//5 4536//5
f 4539//5 4540//5 4538//5
f 4541//5 4539//5 4537//5
f 4538//5 4537//5 4539//5
f 1667//5 4542//5 1671//5
f 4543//5 4541//5 4542//5
f 1664//5 4543//5 1667//5
f 4542//5 1667//5 4543//5
f 4537//5 4542//5 4541//5
f 4535//5 1671//5 4542//5
f 4536//5 4535//5 4537//5
f 4542//5 4537//5 4535//5
f 4544//5 4545//5 4540//5
f 4546//5 4547//5 4545//5
f 4548//5 4546//5 4544//5
f 4545//5 4544//5 4546//5
f 4549//5 4550//5 4547//5
f 4551//5 4552//5 4550//5
f 4553//5 4551//5 4549//5
f 4550//5 4549//5 4551//5
f 4554//5 4555//5 4548//5
f 4556//5 4553//5 4555//5
f 4557//5 4556//5 4554//5
f 4555//5 4554//5 4556//5
f 4549//5 4555//5 4553//5
f 4546//5 4548//5 4555//5
f 4547//5 4546//5 4549//5
f 4555//5 4549//5 4546//5
f 1659//5 4558//5 1664//5
f 4559//5 4560//5 4558//5
f 1657//5 4559//5 1659//5
f 4558//5 1659//5 4559//5
f 4561//5 4562//5 4560//5
f 4563//5 4557//5 4562//5
f 4564//5 4563//5 4561//5
f 4562//5 4561//5 4563//5
f 1655//5 4565//5 1657//5
f 4566//5 4564//5 4565//5
f 1654//5 4566//5 1655//5
f 4565//5 1655//5 4566//5
f 4561//5 4565//5 4564//5
f 4559//5 1657//5 4565//5
f 4560//5 4559//5 4561//5
f 4565//5 4561//5 4559//5
f 4554//5 4562//5 4557//5
f 4567//5 4560//5 4562//5
f 4548//5 4567//5 4554//5
f 4562//5 4554//5 4567//5
f 4568//5 4558//5 4560//5
f 4543//5 1664//5 4558//5
f 4541//5 4543//5 4568//5
f 4558//5 4568//5 4543//5
f 4544//5 4569//5 4548//5
f 4539//5 4541//5 4569//5
f 4540//5 4539//5 4544//5
f 4569//5 4544//5 4539//5
f 4568//5 4569//5 4541//5
f 4567//5 4548//5 4569//5
f 4560//5 4567//5 4568//5
f 4569//5 4568//5 4567//5
f 4570//5 4571//5 4552//5
f 4572//5 4573//5 4571//5
f 4574//5 4572//5 4570//5
f 4571//5 4570//5 4572//5
f 4575//5 4576//5 4573//5
f 4577//5 4578//5 4576//5
f 4579//5 4577//5 4575//5
f 4576//5 4575//5 4577//5
f 4580//5 4581//5 4574//5
f 4582//5 4579//5 4581//5
f 4583//5 4582//5 4580//5
f 4581//5 4580//5 4582//5
f 4575//5 4581//5 4579//5
f 4572//5 4574//5 4581//5
f 4573//5 4572//5 4575//5
f 4581//5 4575//5 4572//5
f 4584//5 4585//5 4578//5
f 4586//5 4587//5 4585//5
f 4588//5 4586//5 4584//5
f 4585//5 4584//5 4586//5
f 4589//5 4590//5 4587//5
f 1417//5 1418//5 4590//5
f 1414//5 1417//5 4589//5
f 4590//5 4589//5 1417//5
f 4591//5 4592//5 4588//5
f 1413//5 1414//5 4592//5
f 1406//5 1413//5 4591//5
f 4592//5 4591//5 1413//5
f 4589//5 4592//5 1414//5
f 4586//5 4588//5 4592//5
f 4587//5 4586//5 4589//5
f 4592//5 4589//5 4586//5
f 4593//5 4594//5 4583//5
f 4595//5 4596//5 4594//5
f 4597//5 4595//5 4593//5
f 4594//5 4593//5 4595//5
f 4598//5 4599//5 4596//5
f 1405//5 1406//5 4599//5
f 1402//5 1405//5 4598//5
f 4599//5 4598//5 1405//5
f 4600//5 4601//5 4597//5
f 1401//5 1402//5 4601//5
f 1385//5 1401//5 4600//5
f 4601//5 4600//5 1401//5
f 4598//5 4601//5 1402//5
f 4595//5 4597//5 4601//5
f 4596//5 4595//5 4598//5
f 4601//5 4598//5 4595//5
f 4591//5 4599//5 1406//5
f 4602//5 4596//5 4599//5
f 4588//5 4602//5 4591//5
f 4599//5 4591//5 4602//5
f 4603//5 4594//5 4596//5
f 4582//5 4583//5 4594//5
f 4579//5 4582//5 4603//5
f 4594//5 4603//5 4582//5
f 4584//5 4604//5 4588//5
f 4577//5 4579//5 4604//5
f 4578//5 4577//5 4584//5
f 4604//5 4584//5 4577//5
f 4603//5 4604//5 4579//5
f 4602//5 4588//5 4604//5
f 4596//5 4602//5 4603//5
f 4604//5 4603//5 4602//5
f 1652//5 4605//5 1654//5
f 1653//5 4606//5 4605//5
f 1652//5 1055//5 1653//5
f 4605//5 1652//5 1653//5
f 4607//5 4608//5 4606//5
f 4609//5 4610//5 4608//5
f 4611//5 4609//5 4607//5
f 4608//5 4607//5 4609//5
f 4612//5 1049//5 4611//5
f 1049//5 4612//5 1056//5
f 4612//5 1653//5 1056//5
f 4607//5 4612//5 4611//5
f 4613//5 4611//5 1049//5
f 4606//5 1653//5 4607//5
f 4612//5 4607//5 1653//5
f 4614//5 4615//5 4610//5
f 4616//5 4617//5 4615//5
f 4618//5 4616//5 4614//5
f 4615//5 4614//5 4616//5
f 4619//5 4620//5 4617//5
f 1384//5 1385//5 4620//5
f 1381//5 1384//5 4619//5
f 4620//5 4619//5 1384//5
f 4621//5 4622//5 4618//5
f 1380//5 1381//5 4622//5
f 1372//5 1380//5 4621//5
f 4622//5 4621//5 1380//5
f 4619//5 4622//5 1381//5
f 4616//5 4618//5 4622//5
f 4617//5 4616//5 4619//5
f 4622//5 4619//5 4616//5
f 4623//5 1092//5 1372//5
f 4623//5 1086//5 1092//5
f 1090//5 1372//5 1092//5
f 4621//5 4623//5 1372//5
f 4618//5 4624//5 4621//5
f 4624//5 4613//5 1086//5
f 4623//5 4624//5 1086//5
f 4623//5 4621//5 4624//5
f 1086//5 4613//5 1050//5
f 1049//5 1050//5 4613//5
f 4614//5 4625//5 4618//5
f 4609//5 4611//5 4625//5
f 4610//5 4609//5 4614//5
f 4625//5 4614//5 4609//5
f 4613//5 4625//5 4611//5
f 4624//5 4618//5 4625//5
f 4625//5 4613//5 4624//5
f 4600//5 4620//5 1385//5
f 4626//5 4617//5 4620//5
f 4597//5 4626//5 4600//5
f 4620//5 4600//5 4626//5
f 4627//5 4615//5 4617//5
f 4628//5 4610//5 4615//5
f 4629//5 4628//5 4627//5
f 4615//5 4627//5 4628//5
f 4593//5 4630//5 4597//5
f 4631//5 4629//5 4630//5
f 4583//5 4631//5 4593//5
f 4630//5 4593//5 4631//5
f 4627//5 4630//5 4629//5
f 4626//5 4597//5 4630//5
f 4617//5 4626//5 4627//5
f 4630//5 4627//5 4626//5
f 4632//5 4608//5 4610//5
f 4633//5 4606//5 4608//5
f 4634//5 4633//5 4632//5
f 4608//5 4632//5 4633//5
f 4635//5 4605//5 4606//5
f 4566//5 1654//5 4605//5
f 4564//5 4566//5 4635//5
f 4605//5 4635//5 4566//5
f 4636//5 4637//5 4634//5
f 4563//5 4564//5 4637//5
f 4557//5 4563//5 4636//5
f 4637//5 4636//5 4563//5
f 4635//5 4637//5 4564//5
f 4633//5 4634//5 4637//5
f 4606//5 4633//5 4635//5
f 4637//5 4635//5 4633//5
f 4580//5 4638//5 4583//5
f 4639//5 4640//5 4638//5
f 4574//5 4639//5 4580//5
f 4638//5 4580//5 4639//5
f 4641//5 4642//5 4640//5
f 4556//5 4557//5 4642//5
f 4553//5 4556//5 4641//5
f 4642//5 4641//5 4556//5
f 4570//5 4643//5 4574//5
f 4551//5 4553//5 4643//5
f 4552//5 4551//5 4570//5
f 4643//5 4570//5 4551//5
f 4641//5 4643//5 4553//5
f 4639//5 4574//5 4643//5
f 4640//5 4639//5 4641//5
f 4643//5 4641//5 4639//5
f 4636//5 4642//5 4557//5
f 4644//5 4640//5 4642//5
f 4634//5 4644//5 4636//5
f 4642//5 4636//5 4644//5
f 4645//5 4638//5 4640//5
f 4631//5 4583//5 4638//5
f 4629//5 4631//5 4645//5
f 4638//5 4645//5 4631//5
f 4632//5 4646//5 4634//5
f 4628//5 4629//5 4646//5
f 4610//5 4628//5 4632//5
f 4646//5 4632//5 4628//5
f 4645//5 4646//5 4629//5
f 4644//5 4634//5 4646//5
f 4640//5 4644//5 4645//5
f 4646//5 4645//5 4644//5
f 4508//5 4590//5 1418//5
f 4647//5 4587//5 4590//5
f 4505//5 4647//5 4508//5
f 4590//5 4508//5 4647//5
f 4648//5 4585//5 4587//5
f 4649//5 4578//5 4585//5
f 4650//5 4649//5 4648//5
f 4585//5 4648//5 4649//5
f 4501//5 4651//5 4505//5
f 4652//5 4650//5 4651//5
f 4491//5 4652//5 4501//5
f 4651//5 4501//5 4652//5
f 4648//5 4651//5 4650//5
f 4647//5 4505//5 4651//5
f 4587//5 4647//5 4648//5
f 4651//5 4648//5 4647//5
f 4653//5 4576//5 4578//5
f 4654//5 4573//5 4576//5
f 4655//5 4654//5 4653//5
f 4576//5 4653//5 4654//5
f 4656//5 4571//5 4573//5
f 4657//5 4552//5 4571//5
f 4658//5 4657//5 4656//5
f 4571//5 4656//5 4657//5
f 4659//5 4660//5 4655//5
f 4661//5 4658//5 4660//5
f 4662//5 4661//5 4659//5
f 4660//5 4659//5 4661//5
f 4656//5 4660//5 4658//5
f 4654//5 4655//5 4660//5
f 4573//5 4654//5 4656//5
f 4660//5 4656//5 4654//5
f 4488//5 4663//5 4491//5
f 4664//5 4665//5 4663//5
f 4482//5 4664//5 4488//5
f 4663//5 4488//5 4664//5
f 4666//5 4667//5 4665//5
f 4668//5 4662//5 4667//5
f 4669//5 4668//5 4666//5
f 4667//5 4666//5 4668//5
f 4478//5 4670//5 4482//5
f 4671//5 4669//5 4670//5
f 4439//5 4671//5 4478//5
f 4670//5 4478//5 4671//5
f 4666//5 4670//5 4669//5
f 4664//5 4482//5 4670//5
f 4665//5 4664//5 4666//5
f 4670//5 4666//5 4664//5
f 4659//5 4667//5 4662//5
f 4672//5 4665//5 4667//5
f 4655//5 4672//5 4659//5
f 4667//5 4659//5 4672//5
f 4673//5 4663//5 4665//5
f 4652//5 4491//5 4663//5
f 4650//5 4652//5 4673//5
f 4663//5 4673//5 4652//5
f 4653//5 4674//5 4655//5
f 4649//5 4650//5 4674//5
f 4578//5 4649//5 4653//5
f 4674//5 4653//5 4649//5
f 4673//5 4674//5 4650//5
f 4672//5 4655//5 4674//5
f 4665//5 4672//5 4673//5
f 4674//5 4673//5 4672//5
f 4675//5 4550//5 4552//5
f 4676//5 4547//5 4550//5
f 4677//5 4676//5 4675//5
f 4550//5 4675//5 4676//5
f 4678//5 4545//5 4547//5
f 4679//5 4540//5 4545//5
f 4680//5 4679//5 4678//5
f 4545//5 4678//5 4679//5
f 4681//5 4682//5 4677//5
f 4683//5 4680//5 4682//5
f 4684//5 4683//5 4681//5
f 4682//5 4681//5 4683//5
f 4678//5 4682//5 4680//5
f 4676//5 4677//5 4682//5
f 4547//5 4676//5 4678//5
f 4682//5 4678//5 4676//5
f 4685//5 4538//5 4540//5
f 4686//5 4536//5 4538//5
f 4687//5 4686//5 4685//5
f 4538//5 4685//5 4686//5
f 4688//5 4534//5 4536//5
f 4374//5 1680//5 4534//5
f 4372//5 4374//5 4688//5
f 4534//5 4688//5 4374//5
f 4689//5 4690//5 4687//5
f 4371//5 4372//5 4690//5
f 4365//5 4371//5 4689//5
f 4690//5 4689//5 4371//5
f 4688//5 4690//5 4372//5
f 4686//5 4687//5 4690//5
f 4536//5 4686//5 4688//5
f 4690//5 4688//5 4686//5
f 4691//5 4692//5 4684//5
f 4693//5 4694//5 4692//5
f 4695//5 4693//5 4691//5
f 4692//5 4691//5 4693//5
f 4696//5 4697//5 4694//5
f 4364//5 4365//5 4697//5
f 4361//5 4364//5 4696//5
f 4697//5 4696//5 4364//5
f 4698//5 4699//5 4695//5
f 4360//5 4361//5 4699//5
f 4339//5 4360//5 4698//5
f 4699//5 4698//5 4360//5
f 4696//5 4699//5 4361//5
f 4693//5 4695//5 4699//5
f 4694//5 4693//5 4696//5
f 4699//5 4696//5 4693//5
f 4689//5 4697//5 4365//5
f 4700//5 4694//5 4697//5
f 4687//5 4700//5 4689//5
f 4697//5 4689//5 4700//5
f 4701//5 4692//5 4694//5
f 4683//5 4684//5 4692//5
f 4680//5 4683//5 4701//5
f 4692//5 4701//5 4683//5
f 4685//5 4702//5 4687//5
f 4679//5 4680//5 4702//5
f 4540//5 4679//5 4685//5
f 4702//5 4685//5 4679//5
f 4701//5 4702//5 4680//5
f 4700//5 4687//5 4702//5
f 4694//5 4700//5 4701//5
f 4702//5 4701//5 4700//5
f 4436//5 4703//5 4439//5
f 4704//5 4705//5 4703//5
f 4431//5 4704//5 4436//5
f 4703//5 4436//5 4704//5
f 4706//5 4707//5 4705//5
f 4708//5 4709//5 4707//5
f 4710//5 4708//5 4706//5
f 4707//5 4706//5 4708//5
f 4427//5 4711//5 4431//5
f 4712//5 4710//5 4711//5
f 4412//5 4712//5 4427//5
f 4711//5 4427//5 4712//5
f 4706//5 4711//5 4710//5
f 4704//5 4431//5 4711//5
f 4705//5 4704//5 4706//5
f 4711//5 4706//5 4704//5
f 4713//5 4714//5 4709//5
f 4715//5 4716//5 4714//5
f 4717//5 4715//5 4713//5
f 4714//5 4713//5 4715//5
f 4718//5 4719//5 4716//5
f 4338//5 4339//5 4719//5
f 4335//5 4338//5 4718//5
f 4719//5 4718//5 4338//5
f 4720//5 4721//5 4717//5
f 4334//5 4335//5 4721//5
f 4326//5 4334//5 4720//5
f 4721//5 4720//5 4334//5
f 4718//5 4721//5 4335//5
f 4715//5 4717//5 4721//5
f 4716//5 4715//5 4718//5
f 4721//5 4718//5 4715//5
f 4409//5 4722//5 4412//5
f 4723//5 4724//5 4722//5
f 4403//5 4723//5 4409//5
f 4722//5 4409//5 4723//5
f 4725//5 4726//5 4724//5
f 4325//5 4326//5 4726//5
f 4322//5 4325//5 4725//5
f 4726//5 4725//5 4325//5
f 4399//5 4727//5 4403//5
f 4320//5 4322//5 4727//5
f 4321//5 4320//5 4399//5
f 4727//5 4399//5 4320//5
f 4725//5 4727//5 4322//5
f 4723//5 4403//5 4727//5
f 4724//5 4723//5 4725//5
f 4727//5 4725//5 4723//5
f 4720//5 4726//5 4326//5
f 4728//5 4724//5 4726//5
f 4717//5 4728//5 4720//5
f 4726//5 4720//5 4728//5
f 4729//5 4722//5 4724//5
f 4712//5 4412//5 4722//5
f 4710//5 4712//5 4729//5
f 4722//5 4729//5 4712//5
f 4713//5 4730//5 4717//5
f 4708//5 4710//5 4730//5
f 4709//5 4708//5 4713//5
f 4730//5 4713//5 4708//5
f 4729//5 4730//5 4710//5
f 4728//5 4717//5 4730//5
f 4724//5 4728//5 4729//5
f 4730//5 4729//5 4728//5
f 4698//5 4719//5 4339//5
f 4731//5 4716//5 4719//5
f 4695//5 4731//5 4698//5
f 4719//5 4698//5 4731//5
f 4732//5 4714//5 4716//5
f 4733//5 4709//5 4714//5
f 4734//5 4733//5 4732//5
f 4714//5 4732//5 4733//5
f 4691//5 4735//5 4695//5
f 4736//5 4734//5 4735//5
f 4684//5 4736//5 4691//5
f 4735//5 4691//5 4736//5
f 4732//5 4735//5 4734//5
f 4731//5 4695//5 4735//5
f 4716//5 4731//5 4732//5
f 4735//5 4732//5 4731//5
f 4737//5 4707//5 4709//5
f 4738//5 4705//5 4707//5
f 4739//5 4738//5 4737//5
f 4707//5 4737//5 4738//5
f 4740//5 4703//5 4705//5
f 4671//5 4439//5 4703//5
f 4669//5 4671//5 4740//5
f 4703//5 4740//5 4671//5
f 4741//5 4742//5 4739//5
f 4668//5 4669//5 4742//5
f 4662//5 4668//5 4741//5
f 4742//5 4741//5 4668//5
f 4740//5 4742//5 4669//5
f 4738//5 4739//5 4742//5
f 4705//5 4738//5 4740//5
f 4742//5 4740//5 4738//5
f 4681//5 4743//5 4684//5
f 4744//5 4745//5 4743//5
f 4677//5 4744//5 4681//5
f 4743//5 4681//5 4744//5
f 4746//5 4747//5 4745//5
f 4661//5 4662//5 4747//5
f 4658//5 4661//5 4746//5
f 4747//5 4746//5 4661//5
f 4675//5 4748//5 4677//5
f 4657//5 4658//5 4748//5
f 4552//5 4657//5 4675//5
f 4748//5 4675//5 4657//5
f 4746//5 4748//5 4658//5
f 4744//5 4677//5 4748//5
f 4745//5 4744//5 4746//5
f 4748//5 4746//5 4744//5
f 4741//5 4747//5 4662//5
f 4749//5 4745//5 4747//5
f 4739//5 4749//5 4741//5
f 4747//5 4741//5 4749//5
f 4750//5 4743//5 4745//5
f 4736//5 4684//5 4743//5
f 4734//5 4736//5 4750//5
f 4743//5 4750//5 4736//5
f 4737//5 4751//5 4739//5
f 4733//5 4734//5 4751//5
f 4709//5 4733//5 4737//5
f 4751//5 4737//5 4733//5
f 4750//5 4751//5 4734//5
f 4749//5 4739//5 4751//5
f 4745//5 4749//5 4750//5
f 4751//5 4750//5 4749//5
f 4132//5 4463//5 1492//5
f 4752//5 4460//5 4463//5
f 4129//5 4752//5 4132//5
f 4463//5 4132//5 4752//5
f 4753//5 4458//5 4460//5
f 4754//5 4451//5 4458//5
f 4755//5 4754//5 4753//5
f 4458//5 4753//5 4754//5
f 4125//5 4756//5 4129//5
f 4757//5 4755//5 4756//5
f 4115//5 4757//5 4125//5
f 4756//5 4125//5 4757//5
f 4753//5 4756//5 4755//5
f 4752//5 4129//5 4756//5
f 4460//5 4752//5 4753//5
f 4756//5 4753//5 4752//5
f 4758//5 4449//5 4451//5
f 4759//5 4446//5 4449//5
f 4760//5 4759//5 4758//5
f 4449//5 4758//5 4759//5
f 4761//5 4444//5 4446//5
f 4762//5 4421//5 4444//5
f 4763//5 4762//5 4761//5
f 4444//5 4761//5 4762//5
f 4764//5 4765//5 4760//5
f 4766//5 4763//5 4765//5
f 4767//5 4766//5 4764//5
f 4765//5 4764//5 4766//5
f 4761//5 4765//5 4763//5
f 4759//5 4760//5 4765//5
f 4446//5 4759//5 4761//5
f 4765//5 4761//5 4759//5
f 4112//5 4768//5 4115//5
f 4769//5 4770//5 4768//5
f 4106//5 4769//5 4112//5
f 4768//5 4112//5 4769//5
f 4771//5 4772//5 4770//5
f 4773//5 4767//5 4772//5
f 4774//5 4773//5 4771//5
f 4772//5 4771//5 4773//5
f 4102//5 4775//5 4106//5
f 4776//5 4774//5 4775//5
f 4063//5 4776//5 4102//5
f 4775//5 4102//5 4776//5
f 4771//5 4775//5 4774//5
f 4769//5 4106//5 4775//5
f 4770//5 4769//5 4771//5
f 4775//5 4771//5 4769//5
f 4764//5 4772//5 4767//5
f 4777//5 4770//5 4772//5
f 4760//5 4777//5 4764//5
f 4772//5 4764//5 4777//5
f 4778//5 4768//5 4770//5
f 4757//5 4115//5 4768//5
f 4755//5 4757//5 4778//5
f 4768//5 4778//5 4757//5
f 4758//5 4779//5 4760//5
f 4754//5 4755//5 4779//5
f 4451//5 4754//5 4758//5
f 4779//5 4758//5 4754//5
f 4778//5 4779//5 4755//5
f 4777//5 4760//5 4779//5
f 4770//5 4777//5 4778//5
f 4779//5 4778//5 4777//5
f 4780//5 4419//5 4421//5
f 4781//5 4416//5 4419//5
f 4782//5 4781//5 4780//5
f 4419//5 4780//5 4781//5
f 4783//5 4414//5 4416//5
f 4784//5 4407//5 4414//5
f 4785//5 4784//5 4783//5
f 4414//5 4783//5 4784//5
f 4786//5 4787//5 4782//5
f 4788//5 4785//5 4787//5
f 4789//5 4788//5 4786//5
f 4787//5 4786//5 4788//5
f 4783//5 4787//5 4785//5
f 4781//5 4782//5 4787//5
f 4416//5 4781//5 4783//5
f 4787//5 4783//5 4781//5
f 4790//5 4405//5 4407//5
f 4791//5 4402//5 4405//5
f 4792//5 4791//5 4790//5
f 4405//5 4790//5 4791//5
f 4793//5 4400//5 4402//5
f 4794//5 4321//5 4400//5
f 4795//5 4794//5 4793//5
f 4400//5 4793//5 4794//5
f 4796//5 4797//5 4792//5
f 4798//5 4795//5 4797//5
f 4799//5 4798//5 4796//5
f 4797//5 4796//5 4798//5
f 4793//5 4797//5 4795//5
f 4791//5 4792//5 4797//5
f 4402//5 4791//5 4793//5
f 4797//5 4793//5 4791//5
f 4800//5 4801//5 4789//5
f 4802//5 4803//5 4801//5
f 4804//5 4802//5 4800//5
f 4801//5 4800//5 4802//5
f 4805//5 4806//5 4803//5
f 4807//5 4799//5 4806//5
f 4808//5 4807//5 4805//5
f 4806//5 4805//5 4807//5
f 4809//5 4810//5 4804//5
f 4811//5 4808//5 4810//5
f 4812//5 4811//5 4809//5
f 4810//5 4809//5 4811//5
f 4805//5 4810//5 4808//5
f 4802//5 4804//5 4810//5
f 4803//5 4802//5 4805//5
f 4810//5 4805//5 4802//5
f 4796//5 4806//5 4799//5
f 4813//5 4803//5 4806//5
f 4792//5 4813//5 4796//5
f 4806//5 4796//5 4813//5
f 4814//5 4801//5 4803//5
f 4788//5 4789//5 4801//5
f 4785//5 4788//5 4814//5
f 4801//5 4814//5 4788//5
f 4790//5 4815//5 4792//5
f 4784//5 4785//5 4815//5
f 4407//5 4784//5 4790//5
f 4815//5 4790//5 4784//5
f 4814//5 4815//5 4785//5
f 4813//5 4792//5 4815//5
f 4803//5 4813//5 4814//5
f 4815//5 4814//5 4813//5
f 4060//5 4816//5 4063//5
f 4817//5 4818//5 4816//5
f 4055//5 4817//5 4060//5
f 4816//5 4060//5 4817//5
f 4819//5 4820//5 4818//5
f 4821//5 4822//5 4820//5
f 4823//5 4821//5 4819//5
f 4820//5 4819//5 4821//5
f 4051//5 4824//5 4055//5
f 4825//5 4823//5 4824//5
f 4036//5 4825//5 4051//5
f 4824//5 4051//5 4825//5
f 4819//5 4824//5 4823//5
f 4817//5 4055//5 4824//5
f 4818//5 4817//5 4819//5
f 4824//5 4819//5 4817//5
f 4826//5 4827//5 4822//5
f 4828//5 4829//5 4827//5
f 4830//5 4828//5 4826//5
f 4827//5 4826//5 4828//5
f 4831//5 4832//5 4829//5
f 4833//5 4812//5 4832//5
f 4834//5 4833//5 4831//5
f 4832//5 4831//5 4833//5
f 4835//5 4836//5 4830//5
f 4837//5 4834//5 4836//5
f 4838//5 4837//5 4835//5
f 4836//5 4835//5 4837//5
f 4831//5 4836//5 4834//5
f 4828//5 4830//5 4836//5
f 4829//5 4828//5 4831//5
f 4836//5 4831//5 4828//5
f 4033//5 4839//5 4036//5
f 4840//5 4841//5 4839//5
f 4027//5 4840//5 4033//5
f 4839//5 4033//5 4840//5
f 4842//5 4843//5 4841//5
f 4844//5 4838//5 4843//5
f 4845//5 4844//5 4842//5
f 4843//5 4842//5 4844//5
f 4023//5 4846//5 4027//5
f 4847//5 4845//5 4846//5
f 3885//5 4847//5 4023//5
f 4846//5 4023//5 4847//5
f 4842//5 4846//5 4845//5
f 4840//5 4027//5 4846//5
f 4841//5 4840//5 4842//5
f 4846//5 4842//5 4840//5
f 4835//5 4843//5 4838//5
f 4848//5 4841//5 4843//5
f 4830//5 4848//5 4835//5
f 4843//5 4835//5 4848//5
f 4849//5 4839//5 4841//5
f 4825//5 4036//5 4839//5
f 4823//5 4825//5 4849//5
f 4839//5 4849//5 4825//5
f 4826//5 4850//5 4830//5
f 4821//5 4823//5 4850//5
f 4822//5 4821//5 4826//5
f 4850//5 4826//5 4821//5
f 4849//5 4850//5 4823//5
f 4848//5 4830//5 4850//5
f 4841//5 4848//5 4849//5
f 4850//5 4849//5 4848//5
f 4809//5 4832//5 4812//5
f 4851//5 4829//5 4832//5
f 4804//5 4851//5 4809//5
f 4832//5 4809//5 4851//5
f 4852//5 4827//5 4829//5
f 4853//5 4822//5 4827//5
f 4854//5 4853//5 4852//5
f 4827//5 4852//5 4853//5
f 4800//5 4855//5 4804//5
f 4856//5 4854//5 4855//5
f 4789//5 4856//5 4800//5
f 4855//5 4800//5 4856//5
f 4852//5 4855//5 4854//5
f 4851//5 4804//5 4855//5
f 4829//5 4851//5 4852//5
f 4855//5 4852//5 4851//5
f 4857//5 4820//5 4822//5
f 4858//5 4818//5 4820//5
f 4859//5 4858//5 4857//5
f 4820//5 4857//5 4858//5
f 4860//5 4816//5 4818//5
f 4776//5 4063//5 4816//5
f 4774//5 4776//5 4860//5
f 4816//5 4860//5 4776//5
f 4861//5 4862//5 4859//5
f 4773//5 4774//5 4862//5
f 4767//5 4773//5 4861//5
f 4862//5 4861//5 4773//5
f 4860//5 4862//5 4774//5
f 4858//5 4859//5 4862//5
f 4818//5 4858//5 4860//5
f 4862//5 4860//5 4858//5
f 4786//5 4863//5 4789//5
f 4864//5 4865//5 4863//5
f 4782//5 4864//5 4786//5
f 4863//5 4786//5 4864//5
f 4866//5 4867//5 4865//5
f 4766//5 4767//5 4867//5
f 4763//5 4766//5 4866//5
f 4867//5 4866//5 4766//5
f 4780//5 4868//5 4782//5
f 4762//5 4763//5 4868//5
f 4421//5 4762//5 4780//5
f 4868//5 4780//5 4762//5
f 4866//5 4868//5 4763//5
f 4864//5 4782//5 4868//5
f 4865//5 4864//5 4866//5
f 4868//5 4866//5 4864//5
f 4861//5 4867//5 4767//5
f 4869//5 4865//5 4867//5
f 4859//5 4869//5 4861//5
f 4867//5 4861//5 4869//5
f 4870//5 4863//5 4865//5
f 4856//5 4789//5 4863//5
f 4854//5 4856//5 4870//5
f 4863//5 4870//5 4856//5
f 4857//5 4871//5 4859//5
f 4853//5 4854//5 4871//5
f 4822//5 4853//5 4857//5
f 4871//5 4857//5 4853//5
f 4870//5 4871//5 4854//5
f 4869//5 4859//5 4871//5
f 4865//5 4869//5 4870//5
f 4871//5 4870//5 4869//5
f 4872//5 4319//5 4321//5
f 4873//5 4316//5 4319//5
f 4874//5 4873//5 4872//5
f 4319//5 4872//5 4873//5
f 4875//5 4314//5 4316//5
f 4876//5 4307//5 4314//5
f 4877//5 4876//5 4875//5
f 4314//5 4875//5 4876//5
f 4878//5 4879//5 4874//5
f 4880//5 4877//5 4879//5
f 4881//5 4880//5 4878//5
f 4879//5 4878//5 4880//5
f 4875//5 4879//5 4877//5
f 4873//5 4874//5 4879//5
f 4316//5 4873//5 4875//5
f 4879//5 4875//5 4873//5
f 4882//5 4305//5 4307//5
f 4883//5 4302//5 4305//5
f 4884//5 4883//5 4882//5
f 4305//5 4882//5 4883//5
f 4885//5 4300//5 4302//5
f 4886//5 4281//5 4300//5
f 4887//5 4886//5 4885//5
f 4300//5 4885//5 4886//5
f 4888//5 4889//5 4884//5
f 4890//5 4887//5 4889//5
f 4891//5 4890//5 4888//5
f 4889//5 4888//5 4890//5
f 4885//5 4889//5 4887//5
f 4883//5 4884//5 4889//5
f 4302//5 4883//5 4885//5
f 4889//5 4885//5 4883//5
f 4892//5 4893//5 4881//5
f 4894//5 4895//5 4893//5
f 4896//5 4894//5 4892//5
f 4893//5 4892//5 4894//5
f 4897//5 4898//5 4895//5
f 4899//5 4891//5 4898//5
f 4900//5 4899//5 4897//5
f 4898//5 4897//5 4899//5
f 4901//5 4902//5 4896//5
f 4903//5 4900//5 4902//5
f 4904//5 4903//5 4901//5
f 4902//5 4901//5 4903//5
f 4897//5 4902//5 4900//5
f 4894//5 4896//5 4902//5
f 4895//5 4894//5 4897//5
f 4902//5 4897//5 4894//5
f 4888//5 4898//5 4891//5
f 4905//5 4895//5 4898//5
f 4884//5 4905//5 4888//5
f 4898//5 4888//5 4905//5
f 4906//5 4893//5 4895//5
f 4880//5 4881//5 4893//5
f 4877//5 4880//5 4906//5
f 4893//5 4906//5 4880//5
f 4882//5 4907//5 4884//5
f 4876//5 4877//5 4907//5
f 4307//5 4876//5 4882//5
f 4907//5 4882//5 4876//5
f 4906//5 4907//5 4877//5
f 4905//5 4884//5 4907//5
f 4895//5 4905//5 4906//5
f 4907//5 4906//5 4905//5
f 4908//5 4279//5 4281//5
f 4909//5 4276//5 4279//5
f 4910//5 4909//5 4908//5
f 4279//5 4908//5 4909//5
f 4911//5 4274//5 4276//5
f 4912//5 4269//5 4274//5
f 4913//5 4912//5 4911//5
f 4274//5 4911//5 4912//5
f 4914//5 4915//5 4910//5
f 4916//5 4913//5 4915//5
f 4917//5 4916//5 4914//5
f 4915//5 4914//5 4916//5
f 4911//5 4915//5 4913//5
f 4909//5 4910//5 4915//5
f 4276//5 4909//5 4911//5
f 4915//5 4911//5 4909//5
f 4918//5 4267//5 4269//5
f 4919//5 4265//5 4267//5
f 4920//5 4919//5 4918//5
f 4267//5 4918//5 4919//5
f 4921//5 4263//5 4265//5
f 3644//5 1794//5 4263//5
f 3642//5 3644//5 4921//5
f 4263//5 4921//5 3644//5
f 4922//5 4923//5 4920//5
f 3641//5 3642//5 4923//5
f 3635//5 3641//5 4922//5
f 4923//5 4922//5 3641//5
f 4921//5 4923//5 3642//5
f 4919//5 4920//5 4923//5
f 4265//5 4919//5 4921//5
f 4923//5 4921//5 4919//5
f 4924//5 4925//5 4917//5
f 4926//5 4927//5 4925//5
f 4928//5 4926//5 4924//5
f 4925//5 4924//5 4926//5
f 4929//5 4930//5 4927//5
f 3634//5 3635//5 4930//5
f 3631//5 3634//5 4929//5
f 4930//5 4929//5 3634//5
f 4931//5 4932//5 4928//5
f 3630//5 3631//5 4932//5
f 3609//5 3630//5 4931//5
f 4932//5 4931//5 3630//5
f 4929//5 4932//5 3631//5
f 4926//5 4928//5 4932//5
f 4927//5 4926//5 4929//5
f 4932//5 4929//5 4926//5
f 4922//5 4930//5 3635//5
f 4933//5 4927//5 4930//5
f 4920//5 4933//5 4922//5
f 4930//5 4922//5 4933//5
f 4934//5 4925//5 4927//5
f 4916//5 4917//5 4925//5
f 4913//5 4916//5 4934//5
f 4925//5 4934//5 4916//5
f 4918//5 4935//5 4920//5
f 4912//5 4913//5 4935//5
f 4269//5 4912//5 4918//5
f 4935//5 4918//5 4912//5
f 4934//5 4935//5 4913//5
f 4933//5 4920//5 4935//5
f 4927//5 4933//5 4934//5
f 4935//5 4934//5 4933//5
f 4936//5 4937//5 4904//5
f 4938//5 4939//5 4937//5
f 4940//5 4938//5 4936//5
f 4937//5 4936//5 4938//5
f 4941//5 4942//5 4939//5
f 4943//5 4944//5 4942//5
f 4945//5 4943//5 4941//5
f 4942//5 4941//5 4943//5
f 4946//5 4947//5 4940//5
f 4948//5 4945//5 4947//5
f 4949//5 4948//5 4946//5
f 4947//5 4946//5 4948//5
f 4941//5 4947//5 4945//5
f 4938//5 4940//5 4947//5
f 4939//5 4938//5 4941//5
f 4947//5 4941//5 4938//5
f 4950//5 4951//5 4944//5
f 4952//5 4953//5 4951//5
f 4954//5 4952//5 4950//5
f 4951//5 4950//5 4952//5
f 4955//5 4956//5 4953//5
f 3608//5 3609//5 4956//5
f 3605//5 3608//5 4955//5
f 4956//5 4955//5 3608//5
f 4957//5 4958//5 4954//5
f 3604//5 3605//5 4958//5
f 3596//5 3604//5 4957//5
f 4958//5 4957//5 3604//5
f 4955//5 4958//5 3605//5
f 4952//5 4954//5 4958//5
f 4953//5 4952//5 4955//5
f 4958//5 4955//5 4952//5
f 4959//5 4960//5 4949//5
f 4961//5 4962//5 4960//5
f 4963//5 4961//5 4959//5
f 4960//5 4959//5 4961//5
f 4964//5 4965//5 4962//5
f 3595//5 3596//5 4965//5
f 3592//5 3595//5 4964//5
f 4965//5 4964//5 3595//5
f 4966//5 4967//5 4963//5
f 3591//5 3592//5 4967//5
f 3509//5 3591//5 4966//5
f 4967//5 4966//5 3591//5
f 4964//5 4967//5 3592//5
f 4961//5 4963//5 4967//5
f 4962//5 4961//5 4964//5
f 4967//5 4964//5 4961//5
f 4957//5 4965//5 3596//5
f 4968//5 4962//5 4965//5
f 4954//5 4968//5 4957//5
f 4965//5 4957//5 4968//5
f 4969//5 4960//5 4962//5
f 4948//5 4949//5 4960//5
f 4945//5 4948//5 4969//5
f 4960//5 4969//5 4948//5
f 4950//5 4970//5 4954//5
f 4943//5 4945//5 4970//5
f 4944//5 4943//5 4950//5
f 4970//5 4950//5 4943//5
f 4969//5 4970//5 4945//5
f 4968//5 4954//5 4970//5
f 4962//5 4968//5 4969//5
f 4970//5 4969//5 4968//5
f 4931//5 4956//5 3609//5
f 4971//5 4953//5 4956//5
f 4928//5 4971//5 4931//5
f 4956//5 4931//5 4971//5
f 4972//5 4951//5 4953//5
f 4973//5 4944//5 4951//5
f 4974//5 4973//5 4972//5
f 4951//5 4972//5 4973//5
f 4924//5 4975//5 4928//5
f 4976//5 4974//5 4975//5
f 4917//5 4976//5 4924//5
f 4975//5 4924//5 4976//5
f 4972//5 4975//5 4974//5
f 4971//5 4928//5 4975//5
f 4953//5 4971//5 4972//5
f 4975//5 4972//5 4971//5
f 4977//5 4942//5 4944//5
f 4978//5 4939//5 4942//5
f 4979//5 4978//5 4977//5
f 4942//5 4977//5 4978//5
f 4980//5 4937//5 4939//5
f 4903//5 4904//5 4937//5
f 4900//5 4903//5 4980//5
f 4937//5 4980//5 4903//5
f 4981//5 4982//5 4979//5
f 4899//5 4900//5 4982//5
f 4891//5 4899//5 4981//5
f 4982//5 4981//5 4899//5
f 4980//5 4982//5 4900//5
f 4978//5 4979//5 4982//5
f 4939//5 4978//5 4980//5
f 4982//5 4980//5 4978//5
f 4914//5 4983//5 4917//5
f 4984//5 4985//5 4983//5
f 4910//5 4984//5 4914//5
f 4983//5 4914//5 4984//5
f 4986//5 4987//5 4985//5
f 4890//5 4891//5 4987//5
f 4887//5 4890//5 4986//5
f 4987//5 4986//5 4890//5
f 4908//5 4988//5 4910//5
f 4886//5 4887//5 4988//5
f 4281//5 4886//5 4908//5
f 4988//5 4908//5 4886//5
f 4986//5 4988//5 4887//5
f 4984//5 4910//5 4988//5
f 4985//5 4984//5 4986//5
f 4988//5 4986//5 4984//5
f 4981//5 4987//5 4891//5
f 4989//5 4985//5 4987//5
f 4979//5 4989//5 4981//5
f 4987//5 4981//5 4989//5
f 4990//5 4983//5 4985//5
f 4976//5 4917//5 4983//5
f 4974//5 4976//5 4990//5
f 4983//5 4990//5 4976//5
f 4977//5 4991//5 4979//5
f 4973//5 4974//5 4991//5
f 4944//5 4973//5 4977//5
f 4991//5 4977//5 4973//5
f 4990//5 4991//5 4974//5
f 4989//5 4979//5 4991//5
f 4985//5 4989//5 4990//5
f 4991//5 4990//5 4989//5
f 3882//5 4992//5 3885//5
f 4993//5 4994//5 4992//5
f 3877//5 4993//5 3882//5
f 4992//5 3882//5 4993//5
f 4995//5 4996//5 4994//5
f 4997//5 4998//5 4996//5
f 4999//5 4997//5 4995//5
f 4996//5 4995//5 4997//5
f 3873//5 5000//5 3877//5
f 5001//5 4999//5 5000//5
f 3859//5 5001//5 3873//5
f 5000//5 3873//5 5001//5
f 4995//5 5000//5 4999//5
f 4993//5 3877//5 5000//5
f 4994//5 4993//5 4995//5
f 5000//5 4995//5 4993//5
f 5002//5 5003//5 4998//5
f 5004//5 5005//5 5003//5
f 5006//5 5004//5 5002//5
f 5003//5 5002//5 5004//5
f 5007//5 5008//5 5005//5
f 5009//5 5010//5 5008//5
f 5011//5 5009//5 5007//5
f 5008//5 5007//5 5009//5
f 5012//5 5013//5 5006//5
f 5014//5 5011//5 5013//5
f 5015//5 5014//5 5012//5
f 5013//5 5012//5 5014//5
f 5007//5 5013//5 5011//5
f 5004//5 5006//5 5013//5
f 5005//5 5004//5 5007//5
f 5013//5 5007//5 5004//5
f 3856//5 5016//5 3859//5
f 5017//5 5018//5 5016//5
f 3850//5 5017//5 3856//5
f 5016//5 3856//5 5017//5
f 5019//5 5020//5 5018//5
f 5021//5 5015//5 5020//5
f 5022//5 5021//5 5019//5
f 5020//5 5019//5 5021//5
f 3846//5 5023//5 3850//5
f 5024//5 5022//5 5023//5
f 3806//5 5024//5 3846//5
f 5023//5 3846//5 5024//5
f 5019//5 5023//5 5022//5
f 5017//5 3850//5 5023//5
f 5018//5 5017//5 5019//5
f 5023//5 5019//5 5017//5
f 5012//5 5020//5 5015//5
f 5025//5 5018//5 5020//5
f 5006//5 5025//5 5012//5
f 5020//5 5012//5 5025//5
f 5026//5 5016//5 5018//5
f 5001//5 3859//5 5016//5
f 4999//5 5001//5 5026//5
f 5016//5 5026//5 5001//5
f 5002//5 5027//5 5006//5
f 4997//5 4999//5 5027//5
f 4998//5 4997//5 5002//5
f 5027//5 5002//5 4997//5
f 5026//5 5027//5 4999//5
f 5025//5 5006//5 5027//5
f 5018//5 5025//5 5026//5
f 5027//5 5026//5 5025//5
f 5028//5 5029//5 5010//5
f 5030//5 5031//5 5029//5
f 5032//5 5030//5 5028//5
f 5029//5 5028//5 5030//5
f 5033//5 5034//5 5031//5
f 5035//5 5036//5 5034//5
f 5037//5 5035//5 5033//5
f 5034//5 5033//5 5035//5
f 5038//5 5039//5 5032//5
f 5040//5 5037//5 5039//5
f 5041//5 5040//5 5038//5
f 5039//5 5038//5 5040//5
f 5033//5 5039//5 5037//5
f 5030//5 5032//5 5039//5
f 5031//5 5030//5 5033//5
f 5039//5 5033//5 5030//5
f 5042//5 5043//5 5036//5
f 5044//5 5045//5 5043//5
f 5046//5 5044//5 5042//5
f 5043//5 5042//5 5044//5
f 5047//5 5048//5 5045//5
f 3508//5 3509//5 5048//5
f 3505//5 3508//5 5047//5
f 5048//5 5047//5 3508//5
f 5049//5 5050//5 5046//5
f 3504//5 3505//5 5050//5
f 3496//5 3504//5 5049//5
f 5050//5 5049//5 3504//5
f 5047//5 5050//5 3505//5
f 5044//5 5046//5 5050//5
f 5045//5 5044//5 5047//5
f 5050//5 5047//5 5044//5
f 5051//5 5052//5 5041//5
f 5053//5 5054//5 5052//5
f 5055//5 5053//5 5051//5
f 5052//5 5051//5 5053//5
f 5056//5 5057//5 5054//5
f 3495//5 3496//5 5057//5
f 3492//5 3495//5 5056//5
f 5057//5 5056//5 3495//5
f 5058//5 5059//5 5055//5
f 3491//5 3492//5 5059//5
f 3466//5 3491//5 5058//5
f 5059//5 5058//5 3491//5
f 5056//5 5059//5 3492//5
f 5053//5 5055//5 5059//5
f 5054//5 5053//5 5056//5
f 5059//5 5056//5 5053//5
f 5049//5 5057//5 3496//5
f 5060//5 5054//5 5057//5
f 5046//5 5060//5 5049//5
f 5057//5 5049//5 5060//5
f 5061//5 5052//5 5054//5
f 5040//5 5041//5 5052//5
f 5037//5 5040//5 5061//5
f 5052//5 5061//5 5040//5
f 5042//5 5062//5 5046//5
f 5035//5 5037//5 5062//5
f 5036//5 5035//5 5042//5
f 5062//5 5042//5 5035//5
f 5061//5 5062//5 5037//5
f 5060//5 5046//5 5062//5
f 5054//5 5060//5 5061//5
f 5062//5 5061//5 5060//5
f 3803//5 5063//5 3806//5
f 5064//5 5065//5 5063//5
f 3798//5 5064//5 3803//5
f 5063//5 3803//5 5064//5
f 5066//5 5067//5 5065//5
f 5068//5 5069//5 5067//5
f 5070//5 5068//5 5066//5
f 5067//5 5066//5 5068//5
f 3794//5 5071//5 3798//5
f 5072//5 5070//5 5071//5
f 3783//5 5072//5 3794//5
f 5071//5 3794//5 5072//5
f 5066//5 5071//5 5070//5
f 5064//5 3798//5 5071//5
f 5065//5 5064//5 5066//5
f 5071//5 5066//5 5064//5
f 5073//5 5074//5 5069//5
f 5075//5 5076//5 5074//5
f 5077//5 5075//5 5073//5
f 5074//5 5073//5 5075//5
f 5078//5 5079//5 5076//5
f 3465//5 3466//5 5079//5
f 3462//5 3465//5 5078//5
f 5079//5 5078//5 3465//5
f 5080//5 5081//5 5077//5
f 3461//5 3462//5 5081//5
f 3453//5 3461//5 5080//5
f 5081//5 5080//5 3461//5
f 5078//5 5081//5 3462//5
f 5075//5 5077//5 5081//5
f 5076//5 5075//5 5078//5
f 5081//5 5078//5 5075//5
f 3780//5 5082//5 3783//5
f 5083//5 5084//5 5082//5
f 3776//5 5083//5 3780//5
f 5082//5 3780//5 5083//5
f 5085//5 5086//5 5084//5
f 3452//5 3453//5 5086//5
f 3449//5 3452//5 5085//5
f 5086//5 5085//5 3452//5
f 3774//5 5087//5 3776//5
f 3448//5 3449//5 5087//5
f 2562//5 3448//5 3774//5
f 5087//5 3774//5 3448//5
f 5085//5 5087//5 3449//5
f 5083//5 3776//5 5087//5
f 5084//5 5083//5 5085//5
f 5087//5 5085//5 5083//5
f 5080//5 5086//5 3453//5
f 5088//5 5084//5 5086//5
f 5077//5 5088//5 5080//5
f 5086//5 5080//5 5088//5
f 5089//5 5082//5 5084//5
f 5072//5 3783//5 5082//5
f 5070//5 5072//5 5089//5
f 5082//5 5089//5 5072//5
f 5073//5 5090//5 5077//5
f 5068//5 5070//5 5090//5
f 5069//5 5068//5 5073//5
f 5090//5 5073//5 5068//5
f 5089//5 5090//5 5070//5
f 5088//5 5077//5 5090//5
f 5084//5 5088//5 5089//5
f 5090//5 5089//5 5088//5
f 5058//5 5079//5 3466//5
f 5091//5 5076//5 5079//5
f 5055//5 5091//5 5058//5
f 5079//5 5058//5 5091//5
f 5092//5 5074//5 5076//5
f 5093//5 5069//5 5074//5
f 5094//5 5093//5 5092//5
f 5074//5 5092//5 5093//5
f 5051//5 5095//5 5055//5
f 5096//5 5094//5 5095//5
f 5041//5 5096//5 5051//5
f 5095//5 5051//5 5096//5
f 5092//5 5095//5 5094//5
f 5091//5 5055//5 5095//5
f 5076//5 5091//5 5092//5
f 5095//5 5092//5 5091//5
f 5097//5 5067//5 5069//5
f 5098//5 5065//5 5067//5
f 5099//5 5098//5 5097//5
f 5067//5 5097//5 5098//5
f 5100//5 5063//5 5065//5
f 5024//5 3806//5 5063//5
f 5022//5 5024//5 5100//5
f 5063//5 5100//5 5024//5
f 5101//5 5102//5 5099//5
f 5021//5 5022//5 5102//5
f 5015//5 5021//5 5101//5
f 5102//5 5101//5 5021//5
f 5100//5 5102//5 5022//5
f 5098//5 5099//5 5102//5
f 5065//5 5098//5 5100//5
f 5102//5 5100//5 5098//5
f 5038//5 5103//5 5041//5
f 5104//5 5105//5 5103//5
f 5032//5 5104//5 5038//5
f 5103//5 5038//5 5104//5
f 5106//5 5107//5 5105//5
f 5014//5 5015//5 5107//5
f 5011//5 5014//5 5106//5
f 5107//5 5106//5 5014//5
f 5028//5 5108//5 5032//5
f 5009//5 5011//5 5108//5
f 5010//5 5009//5 5028//5
f 5108//5 5028//5 5009//5
f 5106//5 5108//5 5011//5
f 5104//5 5032//5 5108//5
f 5105//5 5104//5 5106//5
f 5108//5 5106//5 5104//5
f 5101//5 5107//5 5015//5
f 5109//5 5105//5 5107//5
f 5099//5 5109//5 5101//5
f 5107//5 5101//5 5109//5
f 5110//5 5103//5 5105//5
f 5096//5 5041//5 5103//5
f 5094//5 5096//5 5110//5
f 5103//5 5110//5 5096//5
f 5097//5 5111//5 5099//5
f 5093//5 5094//5 5111//5
f 5069//5 5093//5 5097//5
f 5111//5 5097//5 5093//5
f 5110//5 5111//5 5094//5
f 5109//5 5099//5 5111//5
f 5105//5 5109//5 5110//5
f 5111//5 5110//5 5109//5
f 4966//5 5048//5 3509//5
f 5112//5 5045//5 5048//5
f 4963//5 5112//5 4966//5
f 5048//5 4966//5 5112//5
f 5113//5 5043//5 5045//5
f 5114//5 5036//5 5043//5
f 5115//5 5114//5 5113//5
f 5043//5 5113//5 5114//5
f 4959//5 5116//5 4963//5
f 5117//5 5115//5 5116//5
f 4949//5 5117//5 4959//5
f 5116//5 4959//5 5117//5
f 5113//5 5116//5 5115//5
f 5112//5 4963//5 5116//5
f 5045//5 5112//5 5113//5
f 5116//5 5113//5 5112//5
f 5118//5 5034//5 5036//5
f 5119//5 5031//5 5034//5
f 5120//5 5119//5 5118//5
f 5034//5 5118//5 5119//5
f 5121//5 5029//5 5031//5
f 5122//5 5010//5 5029//5
f 5123//5 5122//5 5121//5
f 5029//5 5121//5 5122//5
f 5124//5 5125//5 5120//5
f 5126//5 5123//5 5125//5
f 5127//5 5126//5 5124//5
f 5125//5 5124//5 5126//5
f 5121//5 5125//5 5123//5
f 5119//5 5120//5 5125//5
f 5031//5 5119//5 5121//5
f 5125//5 5121//5 5119//5
f 4946//5 5128//5 4949//5
f 5129//5 5130//5 5128//5
f 4940//5 5129//5 4946//5
f 5128//5 4946//5 5129//5
f 5131//5 5132//5 5130//5
f 5133//5 5127//5 5132//5
f 5134//5 5133//5 5131//5
f 5132//5 5131//5 5133//5
f 4936//5 5135//5 4940//5
f 5136//5 5134//5 5135//5
f 4904//5 5136//5 4936//5
f 5135//5 4936//5 5136//5
f 5131//5 5135//5 5134//5
f 5129//5 4940//5 5135//5
f 5130//5 5129//5 5131//5
f 5135//5 5131//5 5129//5
f 5124//5 5132//5 5127//5
f 5137//5 5130//5 5132//5
f 5120//5 5137//5 5124//5
f 5132//5 5124//5 5137//5
f 5138//5 5128//5 5130//5
f 5117//5 4949//5 5128//5
f 5115//5 5117//5 5138//5
f 5128//5 5138//5 5117//5
f 5118//5 5139//5 5120//5
f 5114//5 5115//5 5139//5
f 5036//5 5114//5 5118//5
f 5139//5 5118//5 5114//5
f 5138//5 5139//5 5115//5
f 5137//5 5120//5 5139//5
f 5130//5 5137//5 5138//5
f 5139//5 5138//5 5137//5
f 5140//5 5008//5 5010//5
f 5141//5 5005//5 5008//5
f 5142//5 5141//5 5140//5
f 5008//5 5140//5 5141//5
f 5143//5 5003//5 5005//5
f 5144//5 4998//5 5003//5
f 5145//5 5144//5 5143//5
f 5003//5 5143//5 5144//5
f 5146//5 5147//5 5142//5
f 5148//5 5145//5 5147//5
f 5149//5 5148//5 5146//5
f 5147//5 5146//5 5148//5
f 5143//5 5147//5 5145//5
f 5141//5 5142//5 5147//5
f 5005//5 5141//5 5143//5
f 5147//5 5143//5 5141//5
f 5150//5 4996//5 4998//5
f 5151//5 4994//5 4996//5
f 5152//5 5151//5 5150//5
f 4996//5 5150//5 5151//5
f 5153//5 4992//5 4994//5
f 4847//5 3885//5 4992//5
f 4845//5 4847//5 5153//5
f 4992//5 5153//5 4847//5
f 5154//5 5155//5 5152//5
f 4844//5 4845//5 5155//5
f 4838//5 4844//5 5154//5
f 5155//5 5154//5 4844//5
f 5153//5 5155//5 4845//5
f 5151//5 5152//5 5155//5
f 4994//5 5151//5 5153//5
f 5155//5 5153//5 5151//5
f 5156//5 5157//5 5149//5
f 5158//5 5159//5 5157//5
f 5160//5 5158//5 5156//5
f 5157//5 5156//5 5158//5
f 5161//5 5162//5 5159//5
f 4837//5 4838//5 5162//5
f 4834//5 4837//5 5161//5
f 5162//5 5161//5 4837//5
f 5163//5 5164//5 5160//5
f 4833//5 4834//5 5164//5
f 4812//5 4833//5 5163//5
f 5164//5 5163//5 4833//5
f 5161//5 5164//5 4834//5
f 5158//5 5160//5 5164//5
f 5159//5 5158//5 5161//5
f 5164//5 5161//5 5158//5
f 5154//5 5162//5 4838//5
f 5165//5 5159//5 5162//5
f 5152//5 5165//5 5154//5
f 5162//5 5154//5 5165//5
f 5166//5 5157//5 5159//5
f 5148//5 5149//5 5157//5
f 5145//5 5148//5 5166//5
f 5157//5 5166//5 5148//5
f 5150//5 5167//5 5152//5
f 5144//5 5145//5 5167//5
f 4998//5 5144//5 5150//5
f 5167//5 5150//5 5144//5
f 5166//5 5167//5 5145//5
f 5165//5 5152//5 5167//5
f 5159//5 5165//5 5166//5
f 5167//5 5166//5 5165//5
f 4901//5 5168//5 4904//5
f 5169//5 5170//5 5168//5
f 4896//5 5169//5 4901//5
f 5168//5 4901//5 5169//5
f 5171//5 5172//5 5170//5
f 5173//5 5174//5 5172//5
f 5175//5 5173//5 5171//5
f 5172//5 5171//5 5173//5
f 4892//5 5176//5 4896//5
f 5177//5 5175//5 5176//5
f 4881//5 5177//5 4892//5
f 5176//5 4892//5 5177//5
f 5171//5 5176//5 5175//5
f 5169//5 4896//5 5176//5
f 5170//5 5169//5 5171//5
f 5176//5 5171//5 5169//5
f 5178//5 5179//5 5174//5
f 5180//5 5181//5 5179//5
f 5182//5 5180//5 5178//5
f 5179//5 5178//5 5180//5
f 5183//5 5184//5 5181//5
f 4811//5 4812//5 5184//5
f 4808//5 4811//5 5183//5
f 5184//5 5183//5 4811//5
f 5185//5 5186//5 5182//5
f 4807//5 4808//5 5186//5
f 4799//5 4807//5 5185//5
f 5186//5 5185//5 4807//5
f 5183//5 5186//5 4808//5
f 5180//5 5182//5 5186//5
f 5181//5 5180//5 5183//5
f 5186//5 5183//5 5180//5
f 4878//5 5187//5 4881//5
f 5188//5 5189//5 5187//5
f 4874//5 5188//5 4878//5
f 5187//5 4878//5 5188//5
f 5190//5 5191//5 5189//5
f 4798//5 4799//5 5191//5
f 4795//5 4798//5 5190//5
f 5191//5 5190//5 4798//5
f 4872//5 5192//5 4874//5
f 4794//5 4795//5 5192//5
f 4321//5 4794//5 4872//5
f 5192//5 4872//5 4794//5
f 5190//5 5192//5 4795//5
f 5188//5 4874//5 5192//5
f 5189//5 5188//5 5190//5
f 5192//5 5190//5 5188//5
f 5185//5 5191//5 4799//5
f 5193//5 5189//5 5191//5
f 5182//5 5193//5 5185//5
f 5191//5 5185//5 5193//5
f 5194//5 5187//5 5189//5
f 5177//5 4881//5 5187//5
f 5175//5 5177//5 5194//5
f 5187//5 5194//5 5177//5
f 5178//5 5195//5 5182//5
f 5173//5 5175//5 5195//5
f 5174//5 5173//5 5178//5
f 5195//5 5178//5 5173//5
f 5194//5 5195//5 5175//5
f 5193//5 5182//5 5195//5
f 5189//5 5193//5 5194//5
f 5195//5 5194//5 5193//5
f 5163//5 5184//5 4812//5
f 5196//5 5181//5 5184//5
f 5160//5 5196//5 5163//5
f 5184//5 5163//5 5196//5
f 5197//5 5179//5 5181//5
f 5198//5 5174//5 5179//5
f 5199//5 5198//5 5197//5
f 5179//5 5197//5 5198//5
f 5156//5 5200//5 5160//5
f 5201//5 5199//5 5200//5
f 5149//5 5201//5 5156//5
f 5200//5 5156//5 5201//5
f 5197//5 5200//5 5199//5
f 5196//5 5160//5 5200//5
f 5181//5 5196//5 5197//5
f 5200//5 5197//5 5196//5
f 5202//5 5172//5 5174//5
f 5203//5 5170//5 5172//5
f 5204//5 5203//5 5202//5
f 5172//5 5202//5 5203//5
f 5205//5 5168//5 5170//5
f 5136//5 4904//5 5168//5
f 5134//5 5136//5 5205//5
f 5168//5 5205//5 5136//5
f 5206//5 5207//5 5204//5
f 5133//5 5134//5 5207//5
f 5127//5 5133//5 5206//5
f 5207//5 5206//5 5133//5
f 5205//5 5207//5 5134//5
f 5203//5 5204//5 5207//5
f 5170//5 5203//5 5205//5
f 5207//5 5205//5 5203//5
f 5146//5 5208//5 5149//5
f 5209//5 5210//5 5208//5
f 5142//5 5209//5 5146//5
f 5208//5 5146//5 5209//5
f 5211//5 5212//5 5210//5
f 5126//5 5127//5 5212//5
f 5123//5 5126//5 5211//5
f 5212//5 5211//5 5126//5
f 5140//5 5213//5 5142//5
f 5122//5 5123//5 5213//5
f 5010//5 5122//5 5140//5
f 5213//5 5140//5 5122//5
f 5211//5 5213//5 5123//5
f 5209//5 5142//5 5213//5
f 5210//5 5209//5 5211//5
f 5213//5 5211//5 5209//5
f 5206//5 5212//5 5127//5
f 5214//5 5210//5 5212//5
f 5204//5 5214//5 5206//5
f 5212//5 5206//5 5214//5
f 5215//5 5208//5 5210//5
f 5201//5 5149//5 5208//5
f 5199//5 5201//5 5215//5
f 5208//5 5215//5 5201//5
f 5202//5 5216//5 5204//5
f 5198//5 5199//5 5216//5
f 5174//5 5198//5 5202//5
f 5216//5 5202//5 5198//5
f 5215//5 5216//5 5199//5
f 5214//5 5204//5 5216//5
f 5210//5 5214//5 5215//5
f 5216//5 5215//5 5214//5
f 5217//6 302//6 5218//6
f 299//6 302//6 5217//6
f 5219//6 299//6 5220//6
f 300//6 299//6 5219//6
f 5221//6 300//6 5219//6
f 297//6 300//6 5221//6
f 5222//6 1040//6 1043//6
f 1043//6 1042//6 5223//6
f 5223//6 1042//6 5224//6
f 5225//6 5221//6 5226//6
f 5227//6 5226//6 5228//6
f 5229//6 5225//6 5227//6
f 5226//6 5227//6 5225//6
f 5230//6 5228//6 5231//6
f 5232//6 5231//6 5224//6
f 5233//6 5230//6 5232//6
f 5231//6 5232//6 5230//6
f 5234//6 5229//6 5235//6
f 5236//6 5235//6 5233//6
f 5237//6 5234//6 5236//6
f 5235//6 5236//6 5234//6
f 5230//6 5233//6 5235//6
f 5227//6 5235//6 5229//6
f 5228//6 5230//6 5227//6
f 5235//6 5227//6 5230//6
f 5223//6 5224//6 5231//6
f 5222//6 5231//6 5228//6
f 5223//6 5222//6 1043//6
f 5231//6 5222//6 5223//6
f 5220//6 5228//6 5226//6
f 5219//6 5226//6 5221//6
f 5217//6 5220//6 299//6
f 5226//6 5219//6 5220//6
f 302//6 1040//6 5218//6
f 5220//6 5217//6 5218//6
f 1040//6 5222//6 5218//6
f 5228//6 5220//6 5222//6
f 5218//6 5222//6 5220//6
f 5238//6 275//6 5239//6
f 276//6 275//6 5238//6
f 5240//6 276//6 5241//6
f 268//6 276//6 5240//6
f 5242//6 268//6 5243//6
f 269//6 268//6 5242//6
f 5244//6 269//6 5245//6
f 266//6 269//6 5244//6
f 5239//6 5246//6 5247//6
f 5248//6 5247//6 5249//6
f 5250//6 5239//6 5248//6
f 5247//6 5248//6 5239//6
f 5251//6 5249//6 5252//6
f 5253//6 5252//6 5237//6
f 5254//6 5251//6 5253//6
f 5252//6 5253//6 5251//6
f 5255//6 5250//6 5256//6
f 5257//6 5256//6 5254//6
f 5258//6 5255//6 5257//6
f 5256//6 5257//6 5255//6
f 5251//6 5254//6 5256//6
f 5248//6 5256//6 5250//6
f 5249//6 5251//6 5248//6
f 5256//6 5248//6 5251//6
f 5259//6 5244//6 5245//6
f 5260//6 5245//6 5261//6
f 5262//6 5259//6 5260//6
f 5245//6 5260//6 5259//6
f 5263//6 5261//6 5264//6
f 5265//6 5264//6 5258//6
f 5266//6 5263//6 5265//6
f 5264//6 5265//6 5263//6
f 5267//6 5262//6 5268//6
f 5269//6 5268//6 5266//6
f 5270//6 5267//6 5269//6
f 5268//6 5269//6 5267//6
f 5263//6 5266//6 5268//6
f 5260//6 5268//6 5262//6
f 5261//6 5263//6 5260//6
f 5268//6 5260//6 5263//6
f 5255//6 5258//6 5264//6
f 5271//6 5264//6 5261//6
f 5250//6 5255//6 5271//6
f 5264//6 5271//6 5255//6
f 5243//6 5261//6 5245//6
f 5242//6 5245//6 269//6
f 5240//6 5243//6 268//6
f 5245//6 5242//6 5243//6
f 5239//6 5250//6 5241//6
f 5238//6 5241//6 276//6
f 5246//6 5239//6 275//6
f 5241//6 5238//6 5239//6
f 5243//6 5240//6 5241//6
f 5271//6 5241//6 5250//6
f 5261//6 5243//6 5271//6
f 5241//6 5271//6 5243//6
f 5234//6 5237//6 5252//6
f 5272//6 5252//6 5249//6
f 5229//6 5234//6 5272//6
f 5252//6 5272//6 5234//6
f 5273//6 5249//6 5247//6
f 5274//6 5247//6 278//6
f 5275//6 5273//6 277//6
f 5247//6 5274//6 5273//6
f 5225//6 5229//6 5276//6
f 5277//6 5276//6 5275//6
f 5221//6 5225//6 5277//6
f 5276//6 5277//6 5225//6
f 5273//6 5275//6 5276//6
f 5272//6 5276//6 5229//6
f 5249//6 5273//6 5272//6
f 5276//6 5272//6 5273//6
f 5277//6 297//6 5221//6
f 298//6 297//6 5277//6
f 5275//6 298//6 5277//6
f 277//6 298//6 5275//6
f 5274//6 277//6 5273//6
f 278//6 277//6 5274//6
f 5246//6 278//6 5247//6
f 275//6 278//6 5246//6
f 5278//6 227//6 5279//6
f 228//6 227//6 5278//6
f 5280//6 228//6 5281//6
f 220//6 228//6 5280//6
f 5282//6 220//6 5283//6
f 221//6 220//6 5282//6
f 5284//6 221//6 5285//6
f 218//6 221//6 5284//6
f 5279//6 5286//6 5287//6
f 5288//6 5287//6 5289//6
f 5290//6 5279//6 5288//6
f 5287//6 5288//6 5279//6
f 5291//6 5289//6 5292//6
f 5293//6 5292//6 5270//6
f 5294//6 5291//6 5293//6
f 5292//6 5293//6 5291//6
f 5295//6 5290//6 5296//6
f 5297//6 5296//6 5294//6
f 5298//6 5295//6 5297//6
f 5296//6 5297//6 5295//6
f 5291//6 5294//6 5296//6
f 5288//6 5296//6 5290//6
f 5289//6 5291//6 5288//6
f 5296//6 5288//6 5291//6
f 5299//6 5284//6 5285//6
f 5300//6 5285//6 5301//6
f 5302//6 5299//6 5300//6
f 5285//6 5300//6 5299//6
f 5303//6 5301//6 5304//6
f 5305//6 5304//6 5298//6
f 5306//6 5303//6 5305//6
f 5304//6 5305//6 5303//6
f 5307//6 5302//6 5308//6
f 5309//6 5308//6 5306//6
f 5310//6 5307//6 5309//6
f 5308//6 5309//6 5307//6
f 5303//6 5306//6 5308//6
f 5300//6 5308//6 5302//6
f 5301//6 5303//6 5300//6
f 5308//6 5300//6 5303//6
f 5295//6 5298//6 5304//6
f 5311//6 5304//6 5301//6
f 5290//6 5295//6 5311//6
f 5304//6 5311//6 5295//6
f 5283//6 5301//6 5285//6
f 5282//6 5285//6 221//6
f 5280//6 5283//6 220//6
f 5285//6 5282//6 5283//6
f 5279//6 5290//6 5281//6
f 5278//6 5281//6 228//6
f 5286//6 5279//6 227//6
f 5281//6 5278//6 5279//6
f 5283//6 5280//6 5281//6
f 5311//6 5281//6 5290//6
f 5301//6 5283//6 5311//6
f 5281//6 5311//6 5283//6
f 194//6 193//6 5312//6
f 5312//6 193//6 5313//6
f 5314//6 194//6 5315//6
f 187//6 186//6 5316//6
f 5316//6 186//6 5317//6
f 5318//6 187//6 5319//6
f 186//6 194//6 5314//6
f 5313//6 5320//6 5321//6
f 5322//6 5321//6 5323//6
f 5324//6 5313//6 5322//6
f 5321//6 5322//6 5313//6
f 5325//6 5323//6 5326//6
f 5327//6 5326//6 5310//6
f 5328//6 5325//6 5327//6
f 5326//6 5327//6 5325//6
f 5329//6 5324//6 5330//6
f 5331//6 5330//6 5328//6
f 5332//6 5329//6 5331//6
f 5330//6 5331//6 5329//6
f 5325//6 5328//6 5330//6
f 5322//6 5330//6 5324//6
f 5323//6 5325//6 5322//6
f 5330//6 5322//6 5325//6
f 5333//6 5318//6 5319//6
f 5334//6 5319//6 5335//6
f 5336//6 5333//6 5334//6
f 5319//6 5334//6 5333//6
f 5337//6 5335//6 5338//6
f 5339//6 5338//6 5332//6
f 5340//6 5337//6 5339//6
f 5338//6 5339//6 5337//6
f 5341//6 5336//6 5342//6
f 5343//6 5342//6 5340//6
f 5344//6 5341//6 5343//6
f 5342//6 5343//6 5341//6
f 5337//6 5340//6 5342//6
f 5334//6 5342//6 5336//6
f 5335//6 5337//6 5334//6
f 5342//6 5334//6 5337//6
f 5329//6 5332//6 5338//6
f 5345//6 5338//6 5335//6
f 5324//6 5329//6 5345//6
f 5338//6 5345//6 5329//6
f 5317//6 5335//6 5319//6
f 5316//6 5319//6 187//6
f 5314//6 5317//6 186//6
f 5319//6 5316//6 5317//6
f 5313//6 5324//6 5315//6
f 5312//6 5315//6 194//6
f 5320//6 5313//6 193//6
f 5315//6 5312//6 5313//6
f 5317//6 5314//6 5315//6
f 5345//6 5315//6 5324//6
f 5335//6 5317//6 5345//6
f 5315//6 5345//6 5317//6
f 5307//6 5310//6 5326//6
f 5346//6 5326//6 5323//6
f 5302//6 5307//6 5346//6
f 5326//6 5346//6 5307//6
f 5347//6 5323//6 5321//6
f 5348//6 5321//6 196//6
f 5349//6 5347//6 195//6
f 5321//6 5348//6 5347//6
f 5299//6 5302//6 5350//6
f 5351//6 5350//6 5349//6
f 5284//6 5299//6 5351//6
f 5350//6 5351//6 5299//6
f 5347//6 5349//6 5350//6
f 5346//6 5350//6 5302//6
f 5323//6 5347//6 5346//6
f 5350//6 5346//6 5347//6
f 5351//6 218//6 5284//6
f 219//6 218//6 5351//6
f 5349//6 219//6 5351//6
f 195//6 219//6 5349//6
f 5348//6 195//6 5347//6
f 196//6 195//6 5348//6
f 5320//6 196//6 5321//6
f 193//6 196//6 5320//6
f 5267//6 5270//6 5292//6
f 5352//6 5292//6 5289//6
f 5262//6 5267//6 5352//6
f 5292//6 5352//6 5267//6
f 5353//6 5289//6 5287//6
f 5354//6 5287//6 5286//6
f 5355//6 5353//6 5354//6
f 5287//6 5354//6 5353//6
f 5259//6 5262//6 5356//6
f 5357//6 5356//6 5355//6
f 5244//6 5259//6 5357//6
f 5356//6 5357//6 5259//6
f 5353//6 5355//6 5356//6
f 5352//6 5356//6 5262//6
f 5289//6 5353//6 5352//6
f 5356//6 5352//6 5353//6
f 5357//6 266//6 5244//6
f 267//6 266//6 5357//6
f 5355//6 267//6 5357//6
f 229//6 267//6 5355//6
f 5354//6 229//6 5355//6
f 230//6 229//6 5354//6
f 5286//6 230//6 5354//6
f 227//6 230//6 5286//6
f 5358//6 137//6 5359//6
f 133//6 137//6 5358//6
f 5360//6 133//6 5361//6
f 134//6 133//6 5360//6
f 5362//6 134//6 5363//6
f 126//6 134//6 5362//6
f 5364//6 126//6 5365//6
f 127//6 126//6 5364//6
f 5366//6 5359//6 5367//6
f 5368//6 5367//6 5369//6
f 5370//6 5366//6 5368//6
f 5367//6 5368//6 5366//6
f 5371//6 5369//6 5372//6
f 5373//6 5372//6 5344//6
f 5374//6 5371//6 5373//6
f 5372//6 5373//6 5371//6
f 5375//6 5370//6 5376//6
f 5377//6 5376//6 5374//6
f 5378//6 5375//6 5377//6
f 5376//6 5377//6 5375//6
f 5371//6 5374//6 5376//6
f 5368//6 5376//6 5370//6
f 5369//6 5371//6 5368//6
f 5376//6 5368//6 5371//6
f 5379//6 5364//6 5365//6
f 5380//6 5365//6 5381//6
f 5382//6 5379//6 5380//6
f 5365//6 5380//6 5379//6
f 5383//6 5381//6 5384//6
f 5385//6 5384//6 5378//6
f 5386//6 5383//6 5385//6
f 5384//6 5385//6 5383//6
f 5387//6 5382//6 5388//6
f 5389//6 5388//6 5386//6
f 5390//6 5387//6 5389//6
f 5388//6 5389//6 5387//6
f 5383//6 5386//6 5388//6
f 5380//6 5388//6 5382//6
f 5381//6 5383//6 5380//6
f 5388//6 5380//6 5383//6
f 5375//6 5378//6 5384//6
f 5391//6 5384//6 5381//6
f 5370//6 5375//6 5391//6
f 5384//6 5391//6 5375//6
f 5363//6 5381//6 5365//6
f 5362//6 5365//6 126//6
f 5360//6 5363//6 134//6
f 5365//6 5362//6 5363//6
f 5366//6 5370//6 5361//6
f 5358//6 5361//6 133//6
f 5359//6 5366//6 5358//6
f 5361//6 5358//6 5366//6
f 5363//6 5360//6 5361//6
f 5391//6 5361//6 5370//6
f 5381//6 5363//6 5391//6
f 5361//6 5391//6 5363//6
f 5392//6 102//6 5393//6
f 98//6 102//6 5392//6
f 5394//6 98//6 5395//6
f 99//6 98//6 5394//6
f 5396//6 99//6 5397//6
f 91//6 99//6 5396//6
f 5398//6 91//6 5399//6
f 92//6 91//6 5398//6
f 5393//6 5400//6 5401//6
f 5402//6 5401//6 5403//6
f 5404//6 5393//6 5402//6
f 5401//6 5402//6 5393//6
f 5405//6 5403//6 5406//6
f 5407//6 5406//6 5390//6
f 5408//6 5405//6 5407//6
f 5406//6 5407//6 5405//6
f 5409//6 5404//6 5410//6
f 5411//6 5410//6 5408//6
f 5412//6 5409//6 5411//6
f 5410//6 5411//6 5409//6
f 5405//6 5408//6 5410//6
f 5402//6 5410//6 5404//6
f 5403//6 5405//6 5402//6
f 5410//6 5402//6 5405//6
f 5413//6 5398//6 5399//6
f 5414//6 5399//6 5415//6
f 5416//6 5413//6 5414//6
f 5399//6 5414//6 5413//6
f 5417//6 5415//6 5418//6
f 5419//6 5418//6 5412//6
f 5420//6 5417//6 5419//6
f 5418//6 5419//6 5417//6
f 5421//6 5416//6 5422//6
f 5423//6 5422//6 5420//6
f 5424//6 5421//6 5423//6
f 5422//6 5423//6 5421//6
f 5417//6 5420//6 5422//6
f 5414//6 5422//6 5416//6
f 5415//6 5417//6 5414//6
f 5422//6 5414//6 5417//6
f 5409//6 5412//6 5418//6
f 5425//6 5418//6 5415//6
f 5404//6 5409//6 5425//6
f 5418//6 5425//6 5409//6
f 5397//6 5415//6 5399//6
f 5396//6 5399//6 91//6
f 5394//6 5397//6 99//6
f 5399//6 5396//6 5397//6
f 5393//6 5404//6 5395//6
f 5392//6 5395//6 98//6
f 5400//6 5393//6 102//6
f 5395//6 5392//6 5393//6
f 5397//6 5394//6 5395//6
f 5425//6 5395//6 5404//6
f 5415//6 5397//6 5425//6
f 5395//6 5425//6 5397//6
f 5387//6 5390//6 5406//6
f 5426//6 5406//6 5403//6
f 5382//6 5387//6 5426//6
f 5406//6 5426//6 5387//6
f 5427//6 5403//6 5401//6
f 5428//6 5401//6 101//6
f 5429//6 5427//6 124//6
f 5401//6 5428//6 5427//6
f 5379//6 5382//6 5430//6
f 5431//6 5430//6 5429//6
f 5364//6 5379//6 5431//6
f 5430//6 5431//6 5379//6
f 5427//6 5429//6 5430//6
f 5426//6 5430//6 5382//6
f 5403//6 5427//6 5426//6
f 5430//6 5426//6 5427//6
f 5431//6 127//6 5364//6
f 123//6 127//6 5431//6
f 5429//6 123//6 5431//6
f 124//6 123//6 5429//6
f 5428//6 124//6 5427//6
f 101//6 124//6 5428//6
f 5400//6 101//6 5401//6
f 102//6 101//6 5400//6
f 5432//6 54//6 5433//6
f 50//6 54//6 5432//6
f 5434//6 50//6 5435//6
f 51//6 50//6 5434//6
f 5436//6 51//6 5437//6
f 43//6 51//6 5436//6
f 5438//6 43//6 5439//6
f 44//6 43//6 5438//6
f 5433//6 5440//6 5441//6
f 5442//6 5441//6 5443//6
f 5444//6 5433//6 5442//6
f 5441//6 5442//6 5433//6
f 5445//6 5443//6 5446//6
f 5447//6 5446//6 5424//6
f 5448//6 5445//6 5447//6
f 5446//6 5447//6 5445//6
f 5449//6 5444//6 5450//6
f 5451//6 5450//6 5448//6
f 5452//6 5449//6 5451//6
f 5450//6 5451//6 5449//6
f 5445//6 5448//6 5450//6
f 5442//6 5450//6 5444//6
f 5443//6 5445//6 5442//6
f 5450//6 5442//6 5445//6
f 5453//6 5438//6 5439//6
f 5454//6 5439//6 5455//6
f 5456//6 5453//6 5454//6
f 5439//6 5454//6 5453//6
f 5457//6 5455//6 5458//6
f 5459//6 5458//6 5452//6
f 5460//6 5457//6 5459//6
f 5458//6 5459//6 5457//6
f 5461//6 5456//6 5462//6
f 5463//6 5462//6 5460//6
f 5464//6 5461//6 5463//6
f 5462//6 5463//6 5461//6
f 5457//6 5460//6 5462//6
f 5454//6 5462//6 5456//6
f 5455//6 5457//6 5454//6
f 5462//6 5454//6 5457//6
f 5449//6 5452//6 5458//6
f 5465//6 5458//6 5455//6
f 5444//6 5449//6 5465//6
f 5458//6 5465//6 5449//6
f 5437//6 5455//6 5439//6
f 5436//6 5439//6 43//6
f 5434//6 5437//6 51//6
f 5439//6 5436//6 5437//6
f 5433//6 5444//6 5435//6
f 5432//6 5435//6 50//6
f 5440//6 5433//6 54//6
f 5435//6 5432//6 5433//6
f 5437//6 5434//6 5435//6
f 5465//6 5435//6 5444//6
f 5455//6 5437//6 5465//6
f 5435//6 5465//6 5437//6
f 14//6 18//6 5466//6
f 5466//6 18//6 5467//6
f 5468//6 14//6 5469//6
f 642//6 15//6 5470//6
f 15//6 14//6 5468//6
f 5467//6 5471//6 5472//6
f 5473//6 5472//6 5474//6
f 5475//6 5467//6 5473//6
f 5472//6 5473//6 5467//6
f 5476//6 5474//6 5477//6
f 5478//6 5477//6 5464//6
f 5479//6 5476//6 5478//6
f 5477//6 5478//6 5476//6
f 5480//6 5475//6 5481//6
f 5482//6 5481//6 5479//6
f 5483//6 5480//6 5482//6
f 5481//6 5482//6 5480//6
f 5476//6 5479//6 5481//6
f 5473//6 5481//6 5475//6
f 5474//6 5476//6 5473//6
f 5481//6 5473//6 5476//6
f 5484//6 5483//6 640//6
f 640//6 643//6 5484//6
f 5484//6 643//6 5485//6
f 641//6 640//6 5483//6
f 5480//6 5483//6 5484//6
f 5475//6 5480//6 5485//6
f 5484//6 5485//6 5480//6
f 642//6 5485//6 643//6
f 5468//6 5470//6 15//6
f 5467//6 5475//6 5469//6
f 5466//6 5469//6 14//6
f 5471//6 5467//6 18//6
f 5469//6 5466//6 5467//6
f 5470//6 5468//6 5469//6
f 5485//6 5469//6 5475//6
f 5485//6 642//6 5470//6
f 5469//6 5485//6 5470//6
f 5461//6 5464//6 5477//6
f 5486//6 5477//6 5474//6
f 5456//6 5461//6 5486//6
f 5477//6 5486//6 5461//6
f 5487//6 5474//6 5472//6
f 5488//6 5472//6 17//6
f 5489//6 5487//6 41//6
f 5472//6 5488//6 5487//6
f 5453//6 5456//6 5490//6
f 5491//6 5490//6 5489//6
f 5438//6 5453//6 5491//6
f 5490//6 5491//6 5453//6
f 5487//6 5489//6 5490//6
f 5486//6 5490//6 5456//6
f 5474//6 5487//6 5486//6
f 5490//6 5486//6 5487//6
f 18//6 17//6 5471//6
f 5491//6 44//6 5438//6
f 40//6 44//6 5491//6
f 5489//6 40//6 5491//6
f 41//6 40//6 5489//6
f 17//6 41//6 5488//6
f 5488//6 41//6 5487//6
f 5471//6 17//6 5472//6
f 5421//6 5424//6 5446//6
f 5492//6 5446//6 5443//6
f 5416//6 5421//6 5492//6
f 5446//6 5492//6 5421//6
f 5493//6 5443//6 5441//6
f 5494//6 5441//6 53//6
f 5495//6 5493//6 5494//6
f 5441//6 5494//6 5493//6
f 5413//6 5416//6 5496//6
f 5497//6 5496//6 5495//6
f 5398//6 5413//6 5497//6
f 5496//6 5497//6 5413//6
f 5493//6 5495//6 5496//6
f 5492//6 5496//6 5416//6
f 5443//6 5493//6 5492//6
f 5496//6 5492//6 5493//6
f 5497//6 92//6 5398//6
f 88//6 92//6 5497//6
f 5495//6 88//6 5497//6
f 89//6 88//6 5495//6
f 5494//6 89//6 5495//6
f 53//6 89//6 5494//6
f 5440//6 53//6 5441//6
f 54//6 53//6 5440//6
f 5341//6 5344//6 5372//6
f 5498//6 5372//6 5369//6
f 5336//6 5341//6 5498//6
f 5372//6 5498//6 5341//6
f 5499//6 5369//6 5367//6
f 5500//6 5367//6 5359//6
f 5501//6 5499//6 5500//6
f 5367//6 5500//6 5499//6
f 5333//6 5336//6 5502//6
f 5503//6 5502//6 5501//6
f 5318//6 5333//6 5503//6
f 5502//6 5503//6 5333//6
f 5499//6 5501//6 5502//6
f 5498//6 5502//6 5336//6
f 5369//6 5499//6 5498//6
f 5502//6 5498//6 5499//6
f 184//6 187//6 5318//6
f 5503//6 184//6 5318//6
f 185//6 184//6 5503//6
f 5501//6 5500//6 185//6
f 5359//6 136//6 5500//6
f 137//6 136//6 5359//6
f 136//6 185//6 5500//6
f 5501//6 185//6 5503//6
f 5504//6 1073//6 1077//6
f 1074//6 1073//6 5505//6
f 5504//6 1077//6 5506//6
f 5507//6 5506//6 5508//6
f 1112//6 5508//6 1076//6
f 5509//6 5507//6 5510//6
f 5508//6 5510//6 5507//6
f 5508//6 1112//6 5510//6
f 5511//6 5509//6 5512//6
f 1112//6 1111//6 5513//6
f 5513//6 1111//6 5514//6
f 5515//6 5512//6 5514//6
f 5516//6 5511//6 5515//6
f 5512//6 5515//6 5511//6
f 5513//6 5514//6 5512//6
f 5510//6 5512//6 5509//6
f 5513//6 5510//6 1112//6
f 5512//6 5510//6 5513//6
f 1114//6 5517//6 5518//6
f 1121//6 5517//6 1122//6
f 5519//6 5516//6 5520//6
f 5521//6 5520//6 5522//6
f 5523//6 5519//6 5521//6
f 5520//6 5521//6 5519//6
f 5524//6 5522//6 5525//6
f 5526//6 5525//6 5527//6
f 5528//6 5524//6 5526//6
f 5525//6 5526//6 5524//6
f 5529//6 5523//6 5530//6
f 5531//6 5530//6 5528//6
f 5532//6 5529//6 5531//6
f 5530//6 5531//6 5529//6
f 5524//6 5528//6 5530//6
f 5521//6 5530//6 5523//6
f 5522//6 5524//6 5521//6
f 5530//6 5521//6 5524//6
f 5517//6 5527//6 5525//6
f 5518//6 5525//6 5522//6
f 5517//6 1114//6 1122//6
f 5525//6 5518//6 5517//6
f 5533//6 5522//6 5520//6
f 5515//6 5520//6 5516//6
f 5514//6 5533//6 5515//6
f 5520//6 5515//6 5533//6
f 5534//6 5514//6 1115//6
f 5534//6 1114//6 5518//6
f 5533//6 5514//6 5534//6
f 5534//6 1115//6 1114//6
f 1111//6 1115//6 5514//6
f 5522//6 5533//6 5518//6
f 5534//6 5518//6 5533//6
f 5508//6 1077//6 1076//6
f 1077//6 5508//6 5506//6
f 5535//6 5532//6 5536//6
f 5537//6 5536//6 5538//6
f 5539//6 5535//6 5537//6
f 5536//6 5537//6 5535//6
f 5540//6 5538//6 5541//6
f 5542//6 5541//6 5543//6
f 5544//6 5540//6 5542//6
f 5541//6 5542//6 5540//6
f 5545//6 5539//6 5546//6
f 5547//6 5546//6 5544//6
f 5548//6 5545//6 5547//6
f 5546//6 5547//6 5545//6
f 5540//6 5544//6 5546//6
f 5537//6 5546//6 5539//6
f 5538//6 5540//6 5537//6
f 5546//6 5537//6 5540//6
f 5549//6 5543//6 5550//6
f 5551//6 5550//6 5552//6
f 5553//6 5549//6 5551//6
f 5550//6 5551//6 5549//6
f 5554//6 5552//6 5555//6
f 5556//6 5555//6 5557//6
f 5558//6 5554//6 5556//6
f 5555//6 5556//6 5554//6
f 5559//6 5553//6 5560//6
f 5561//6 5560//6 5558//6
f 5562//6 5559//6 5561//6
f 5560//6 5561//6 5559//6
f 5554//6 5558//6 5560//6
f 5551//6 5560//6 5553//6
f 5552//6 5554//6 5551//6
f 5560//6 5551//6 5554//6
f 5563//6 5548//6 5564//6
f 5565//6 5564//6 5566//6
f 5567//6 5563//6 5565//6
f 5564//6 5565//6 5563//6
f 5568//6 5566//6 5569//6
f 5570//6 5569//6 5562//6
f 5571//6 5568//6 5570//6
f 5569//6 5570//6 5568//6
f 5572//6 5567//6 5573//6
f 5574//6 5573//6 5571//6
f 5575//6 5572//6 5574//6
f 5573//6 5574//6 5572//6
f 5568//6 5571//6 5573//6
f 5565//6 5573//6 5567//6
f 5566//6 5568//6 5565//6
f 5573//6 5565//6 5568//6
f 5559//6 5562//6 5569//6
f 5576//6 5569//6 5566//6
f 5553//6 5559//6 5576//6
f 5569//6 5576//6 5559//6
f 5577//6 5566//6 5564//6
f 5547//6 5564//6 5548//6
f 5544//6 5577//6 5547//6
f 5564//6 5547//6 5577//6
f 5549//6 5553//6 5578//6
f 5542//6 5578//6 5544//6
f 5543//6 5549//6 5542//6
f 5578//6 5542//6 5549//6
f 5577//6 5544//6 5578//6
f 5576//6 5578//6 5553//6
f 5566//6 5577//6 5576//6
f 5578//6 5576//6 5577//6
f 5579//6 5557//6 5580//6
f 5581//6 5579//6 5582//6
f 5580//6 5582//6 5579//6
f 1156//6 5583//6 5582//6
f 1159//6 5583//6 1160//6
f 5584//6 5581//6 5585//6
f 5586//6 5585//6 5587//6
f 5588//6 5584//6 5586//6
f 5585//6 5586//6 5584//6
f 5583//6 5587//6 5585//6
f 5582//6 5585//6 5581//6
f 5583//6 1156//6 1160//6
f 5585//6 5582//6 5583//6
f 5589//6 1207//6 1210//6
f 1208//6 1207//6 5590//6
f 5589//6 1210//6 5591//6
f 5592//6 5588//6 5593//6
f 5594//6 5593//6 5595//6
f 5596//6 5592//6 5594//6
f 5593//6 5594//6 5592//6
f 5597//6 5595//6 5598//6
f 5599//6 5598//6 5591//6
f 5600//6 5597//6 5599//6
f 5598//6 5599//6 5597//6
f 5601//6 5596//6 5602//6
f 5603//6 5602//6 5600//6
f 5604//6 5601//6 5603//6
f 5602//6 5603//6 5601//6
f 5597//6 5600//6 5602//6
f 5594//6 5602//6 5596//6
f 5595//6 5597//6 5594//6
f 5602//6 5594//6 5597//6
f 5589//6 5591//6 5598//6
f 5590//6 5598//6 5595//6
f 5589//6 5590//6 1207//6
f 5598//6 5590//6 5589//6
f 5605//6 5595//6 5593//6
f 5586//6 5593//6 5588//6
f 5587//6 5605//6 5586//6
f 5593//6 5586//6 5605//6
f 5606//6 5587//6 1159//6
f 5606//6 1208//6 5590//6
f 5605//6 5587//6 5606//6
f 5606//6 1159//6 1208//6
f 5583//6 1159//6 5587//6
f 5595//6 5605//6 5590//6
f 5606//6 5590//6 5605//6
f 5607//6 5575//6 5608//6
f 5609//6 5608//6 5610//6
f 5611//6 5607//6 5609//6
f 5608//6 5609//6 5607//6
f 5612//6 5610//6 5613//6
f 5614//6 5613//6 5615//6
f 5616//6 5612//6 5614//6
f 5613//6 5614//6 5612//6
f 5617//6 5611//6 5618//6
f 5619//6 5618//6 5616//6
f 5620//6 5617//6 5619//6
f 5618//6 5619//6 5617//6
f 5612//6 5616//6 5618//6
f 5609//6 5618//6 5611//6
f 5610//6 5612//6 5609//6
f 5618//6 5609//6 5612//6
f 5621//6 5615//6 5622//6
f 5623//6 5622//6 5624//6
f 5625//6 5621//6 5623//6
f 5622//6 5623//6 5621//6
f 5626//6 5624//6 5627//6
f 5628//6 5627//6 5604//6
f 5629//6 5626//6 5628//6
f 5627//6 5628//6 5626//6
f 5630//6 5625//6 5631//6
f 5632//6 5631//6 5629//6
f 5633//6 5630//6 5632//6
f 5631//6 5632//6 5630//6
f 5626//6 5629//6 5631//6
f 5623//6 5631//6 5625//6
f 5624//6 5626//6 5623//6
f 5631//6 5623//6 5626//6
f 5634//6 5620//6 5635//6
f 5636//6 5635//6 5637//6
f 5638//6 5634//6 5636//6
f 5635//6 5636//6 5634//6
f 5639//6 5637//6 5640//6
f 5641//6 5640//6 5633//6
f 5642//6 5639//6 5641//6
f 5640//6 5641//6 5639//6
f 5643//6 5638//6 5644//6
f 5645//6 5644//6 5642//6
f 5646//6 5643//6 5645//6
f 5644//6 5645//6 5643//6
f 5639//6 5642//6 5644//6
f 5636//6 5644//6 5638//6
f 5637//6 5639//6 5636//6
f 5644//6 5636//6 5639//6
f 5630//6 5633//6 5640//6
f 5647//6 5640//6 5637//6
f 5625//6 5630//6 5647//6
f 5640//6 5647//6 5630//6
f 5648//6 5637//6 5635//6
f 5619//6 5635//6 5620//6
f 5616//6 5648//6 5619//6
f 5635//6 5619//6 5648//6
f 5621//6 5625//6 5649//6
f 5614//6 5649//6 5616//6
f 5615//6 5621//6 5614//6
f 5649//6 5614//6 5621//6
f 5648//6 5616//6 5649//6
f 5647//6 5649//6 5625//6
f 5637//6 5648//6 5647//6
f 5649//6 5647//6 5648//6
f 5601//6 5604//6 5627//6
f 5650//6 5627//6 5624//6
f 5596//6 5601//6 5650//6
f 5627//6 5650//6 5601//6
f 5651//6 5624//6 5622//6
f 5652//6 5622//6 5615//6
f 5653//6 5651//6 5652//6
f 5622//6 5652//6 5651//6
f 5592//6 5596//6 5654//6
f 5655//6 5654//6 5653//6
f 5588//6 5592//6 5655//6
f 5654//6 5655//6 5592//6
f 5651//6 5653//6 5654//6
f 5650//6 5654//6 5596//6
f 5624//6 5651//6 5650//6
f 5654//6 5650//6 5651//6
f 5656//6 5615//6 5613//6
f 5657//6 5613//6 5610//6
f 5658//6 5656//6 5657//6
f 5613//6 5657//6 5656//6
f 5659//6 5610//6 5608//6
f 5574//6 5608//6 5575//6
f 5571//6 5659//6 5574//6
f 5608//6 5574//6 5659//6
f 5660//6 5658//6 5661//6
f 5570//6 5661//6 5571//6
f 5562//6 5660//6 5570//6
f 5661//6 5570//6 5660//6
f 5659//6 5571//6 5661//6
f 5657//6 5661//6 5658//6
f 5610//6 5659//6 5657//6
f 5661//6 5657//6 5659//6
f 5584//6 5588//6 5662//6
f 5663//6 5662//6 5664//6
f 5581//6 5584//6 5663//6
f 5662//6 5663//6 5584//6
f 5665//6 5664//6 5666//6
f 5561//6 5666//6 5562//6
f 5558//6 5665//6 5561//6
f 5666//6 5561//6 5665//6
f 5579//6 5581//6 5667//6
f 5556//6 5667//6 5558//6
f 5557//6 5579//6 5556//6
f 5667//6 5556//6 5579//6
f 5665//6 5558//6 5667//6
f 5663//6 5667//6 5581//6
f 5664//6 5665//6 5663//6
f 5667//6 5663//6 5665//6
f 5660//6 5562//6 5666//6
f 5668//6 5666//6 5664//6
f 5658//6 5660//6 5668//6
f 5666//6 5668//6 5660//6
f 5669//6 5664//6 5662//6
f 5655//6 5662//6 5588//6
f 5653//6 5669//6 5655//6
f 5662//6 5655//6 5669//6
f 5656//6 5658//6 5670//6
f 5652//6 5670//6 5653//6
f 5615//6 5656//6 5652//6
f 5670//6 5652//6 5656//6
f 5669//6 5653//6 5670//6
f 5668//6 5670//6 5658//6
f 5664//6 5669//6 5668//6
f 5670//6 5668//6 5669//6
f 5580//6 5557//6 1157//6
f 5580//6 1156//6 5582//6
f 5580//6 1157//6 1156//6
f 1149//6 1157//6 5557//6
f 5671//6 5557//6 5555//6
f 5672//6 5555//6 5552//6
f 5672//6 1150//6 5671//6
f 5555//6 5672//6 5671//6
f 5673//6 5552//6 5550//6
f 5674//6 5550//6 5543//6
f 5675//6 5673//6 5674//6
f 5550//6 5674//6 5673//6
f 5676//6 1147//6 1146//6
f 1147//6 5676//6 5675//6
f 5673//6 5675//6 5676//6
f 1150//6 5676//6 1146//6
f 5552//6 5673//6 5672//6
f 5676//6 5672//6 5673//6
f 5677//6 5543//6 5541//6
f 5678//6 5541//6 5538//6
f 5679//6 5677//6 5678//6
f 5541//6 5678//6 5677//6
f 5680//6 5538//6 5536//6
f 5531//6 5536//6 5532//6
f 5528//6 5680//6 5531//6
f 5536//6 5531//6 5680//6
f 5681//6 5679//6 5682//6
f 5526//6 5682//6 5528//6
f 5527//6 5681//6 5526//6
f 5682//6 5526//6 5681//6
f 5680//6 5528//6 5682//6
f 5678//6 5682//6 5679//6
f 5538//6 5680//6 5678//6
f 5682//6 5678//6 5680//6
f 5683//6 5527//6 1121//6
f 1121//6 1125//6 5683//6
f 5683//6 1125//6 5684//6
f 5517//6 1121//6 5527//6
f 5681//6 5527//6 5683//6
f 5679//6 5681//6 5684//6
f 5683//6 5684//6 5681//6
f 5685//6 1124//6 1147//6
f 1125//6 1124//6 5684//6
f 5677//6 5679//6 5686//6
f 5685//6 1147//6 5675//6
f 5674//6 5686//6 5675//6
f 5543//6 5677//6 5674//6
f 5686//6 5674//6 5677//6
f 5685//6 5675//6 5686//6
f 5684//6 5686//6 5679//6
f 5685//6 5684//6 1124//6
f 5686//6 5684//6 5685//6
f 5671//6 1150//6 1149//6
f 1150//6 5672//6 5676//6
f 5671//6 1149//6 5557//6
f 5687//6 5646//6 5688//6
f 5689//6 5688//6 5690//6
f 5691//6 5687//6 5689//6
f 5688//6 5689//6 5687//6
f 5692//6 5690//6 5693//6
f 5694//6 5693//6 5695//6
f 5696//6 5692//6 5694//6
f 5693//6 5694//6 5692//6
f 5697//6 5691//6 5698//6
f 5699//6 5698//6 5696//6
f 5700//6 5697//6 5699//6
f 5698//6 5699//6 5697//6
f 5692//6 5696//6 5698//6
f 5689//6 5698//6 5691//6
f 5690//6 5692//6 5689//6
f 5698//6 5689//6 5692//6
f 5701//6 5695//6 5702//6
f 5703//6 5702//6 5704//6
f 5705//6 5701//6 5703//6
f 5702//6 5703//6 5701//6
f 5706//6 5704//6 5707//6
f 5708//6 5707//6 5709//6
f 5710//6 5706//6 5708//6
f 5707//6 5708//6 5706//6
f 5711//6 5705//6 5712//6
f 5713//6 5712//6 5710//6
f 5714//6 5711//6 5713//6
f 5712//6 5713//6 5711//6
f 5706//6 5710//6 5712//6
f 5703//6 5712//6 5705//6
f 5704//6 5706//6 5703//6
f 5712//6 5703//6 5706//6
f 5715//6 5700//6 5716//6
f 5717//6 5716//6 5718//6
f 5719//6 5715//6 5717//6
f 5716//6 5717//6 5715//6
f 5720//6 5718//6 5721//6
f 5722//6 5721//6 5714//6
f 5723//6 5720//6 5722//6
f 5721//6 5722//6 5720//6
f 5724//6 5719//6 5725//6
f 5726//6 5725//6 5723//6
f 5727//6 5724//6 5726//6
f 5725//6 5726//6 5724//6
f 5720//6 5723//6 5725//6
f 5717//6 5725//6 5719//6
f 5718//6 5720//6 5717//6
f 5725//6 5717//6 5720//6
f 5711//6 5714//6 5721//6
f 5728//6 5721//6 5718//6
f 5705//6 5711//6 5728//6
f 5721//6 5728//6 5711//6
f 5729//6 5718//6 5716//6
f 5699//6 5716//6 5700//6
f 5696//6 5729//6 5699//6
f 5716//6 5699//6 5729//6
f 5701//6 5705//6 5730//6
f 5694//6 5730//6 5696//6
f 5695//6 5701//6 5694//6
f 5730//6 5694//6 5701//6
f 5729//6 5696//6 5730//6
f 5728//6 5730//6 5705//6
f 5718//6 5729//6 5728//6
f 5730//6 5728//6 5729//6
f 5731//6 5709//6 5732//6
f 5733//6 5732//6 5734//6
f 5735//6 5731//6 5733//6
f 5732//6 5733//6 5731//6
f 5736//6 5734//6 5737//6
f 5738//6 5737//6 5739//6
f 5740//6 5736//6 5738//6
f 5737//6 5738//6 5736//6
f 5741//6 5735//6 5742//6
f 5743//6 5742//6 5740//6
f 5744//6 5741//6 5743//6
f 5742//6 5743//6 5741//6
f 5736//6 5740//6 5742//6
f 5733//6 5742//6 5735//6
f 5734//6 5736//6 5733//6
f 5742//6 5733//6 5736//6
f 5745//6 5739//6 5746//6
f 5747//6 5746//6 5748//6
f 5749//6 5745//6 5747//6
f 5746//6 5747//6 5745//6
f 5750//6 5748//6 5751//6
f 5752//6 5751//6 5753//6
f 5754//6 5750//6 5752//6
f 5751//6 5752//6 5750//6
f 5755//6 5749//6 5756//6
f 5757//6 5756//6 5754//6
f 5758//6 5755//6 5757//6
f 5756//6 5757//6 5755//6
f 5750//6 5754//6 5756//6
f 5747//6 5756//6 5749//6
f 5748//6 5750//6 5747//6
f 5756//6 5747//6 5750//6
f 5759//6 5744//6 5760//6
f 5761//6 5760//6 5762//6
f 5763//6 5759//6 5761//6
f 5760//6 5761//6 5759//6
f 5764//6 5762//6 5765//6
f 5766//6 5765//6 5758//6
f 5767//6 5764//6 5766//6
f 5765//6 5766//6 5764//6
f 5768//6 5763//6 5769//6
f 5770//6 5769//6 5767//6
f 5771//6 5768//6 5770//6
f 5769//6 5770//6 5768//6
f 5764//6 5767//6 5769//6
f 5761//6 5769//6 5763//6
f 5762//6 5764//6 5761//6
f 5769//6 5761//6 5764//6
f 5755//6 5758//6 5765//6
f 5772//6 5765//6 5762//6
f 5749//6 5755//6 5772//6
f 5765//6 5772//6 5755//6
f 5773//6 5762//6 5760//6
f 5743//6 5760//6 5744//6
f 5740//6 5773//6 5743//6
f 5760//6 5743//6 5773//6
f 5745//6 5749//6 5774//6
f 5738//6 5774//6 5740//6
f 5739//6 5745//6 5738//6
f 5774//6 5738//6 5745//6
f 5773//6 5740//6 5774//6
f 5772//6 5774//6 5749//6
f 5762//6 5773//6 5772//6
f 5774//6 5772//6 5773//6
f 5775//6 5727//6 5776//6
f 5777//6 5776//6 5778//6
f 5779//6 5775//6 5777//6
f 5776//6 5777//6 5775//6
f 5780//6 5778//6 5781//6
f 5782//6 5781//6 5783//6
f 5784//6 5780//6 5782//6
f 5781//6 5782//6 5780//6
f 5785//6 5779//6 5786//6
f 5787//6 5786//6 5784//6
f 5788//6 5785//6 5787//6
f 5786//6 5787//6 5785//6
f 5780//6 5784//6 5786//6
f 5777//6 5786//6 5779//6
f 5778//6 5780//6 5777//6
f 5786//6 5777//6 5780//6
f 5789//6 5783//6 5790//6
f 5791//6 5790//6 5792//6
f 5793//6 5789//6 5791//6
f 5790//6 5791//6 5789//6
f 5794//6 5792//6 5795//6
f 5796//6 5795//6 5771//6
f 5797//6 5794//6 5796//6
f 5795//6 5796//6 5794//6
f 5798//6 5793//6 5799//6
f 5800//6 5799//6 5797//6
f 5801//6 5798//6 5800//6
f 5799//6 5800//6 5798//6
f 5794//6 5797//6 5799//6
f 5791//6 5799//6 5793//6
f 5792//6 5794//6 5791//6
f 5799//6 5791//6 5794//6
f 5802//6 5788//6 5803//6
f 5804//6 5803//6 5805//6
f 5806//6 5802//6 5804//6
f 5803//6 5804//6 5802//6
f 5807//6 5805//6 5808//6
f 5809//6 5808//6 5801//6
f 5810//6 5807//6 5809//6
f 5808//6 5809//6 5807//6
f 5811//6 5806//6 5812//6
f 5813//6 5812//6 5810//6
f 5814//6 5811//6 5813//6
f 5812//6 5813//6 5811//6
f 5807//6 5810//6 5812//6
f 5804//6 5812//6 5806//6
f 5805//6 5807//6 5804//6
f 5812//6 5804//6 5807//6
f 5798//6 5801//6 5808//6
f 5815//6 5808//6 5805//6
f 5793//6 5798//6 5815//6
f 5808//6 5815//6 5798//6
f 5816//6 5805//6 5803//6
f 5787//6 5803//6 5788//6
f 5784//6 5816//6 5787//6
f 5803//6 5787//6 5816//6
f 5789//6 5793//6 5817//6
f 5782//6 5817//6 5784//6
f 5783//6 5789//6 5782//6
f 5817//6 5782//6 5789//6
f 5816//6 5784//6 5817//6
f 5815//6 5817//6 5793//6
f 5805//6 5816//6 5815//6
f 5817//6 5815//6 5816//6
f 5768//6 5771//6 5795//6
f 5818//6 5795//6 5792//6
f 5763//6 5768//6 5818//6
f 5795//6 5818//6 5768//6
f 5819//6 5792//6 5790//6
f 5820//6 5790//6 5783//6
f 5821//6 5819//6 5820//6
f 5790//6 5820//6 5819//6
f 5759//6 5763//6 5822//6
f 5823//6 5822//6 5821//6
f 5744//6 5759//6 5823//6
f 5822//6 5823//6 5759//6
f 5819//6 5821//6 5822//6
f 5818//6 5822//6 5763//6
f 5792//6 5819//6 5818//6
f 5822//6 5818//6 5819//6
f 5824//6 5783//6 5781//6
f 5825//6 5781//6 5778//6
f 5826//6 5824//6 5825//6
f 5781//6 5825//6 5824//6
f 5827//6 5778//6 5776//6
f 5726//6 5776//6 5727//6
f 5723//6 5827//6 5726//6
f 5776//6 5726//6 5827//6
f 5828//6 5826//6 5829//6
f 5722//6 5829//6 5723//6
f 5714//6 5828//6 5722//6
f 5829//6 5722//6 5828//6
f 5827//6 5723//6 5829//6
f 5825//6 5829//6 5826//6
f 5778//6 5827//6 5825//6
f 5829//6 5825//6 5827//6
f 5741//6 5744//6 5830//6
f 5831//6 5830//6 5832//6
f 5735//6 5741//6 5831//6
f 5830//6 5831//6 5741//6
f 5833//6 5832//6 5834//6
f 5713//6 5834//6 5714//6
f 5710//6 5833//6 5713//6
f 5834//6 5713//6 5833//6
f 5731//6 5735//6 5835//6
f 5708//6 5835//6 5710//6
f 5709//6 5731//6 5708//6
f 5835//6 5708//6 5731//6
f 5833//6 5710//6 5835//6
f 5831//6 5835//6 5735//6
f 5832//6 5833//6 5831//6
f 5835//6 5831//6 5833//6
f 5828//6 5714//6 5834//6
f 5836//6 5834//6 5832//6
f 5826//6 5828//6 5836//6
f 5834//6 5836//6 5828//6
f 5837//6 5832//6 5830//6
f 5823//6 5830//6 5744//6
f 5821//6 5837//6 5823//6
f 5830//6 5823//6 5837//6
f 5824//6 5826//6 5838//6
f 5820//6 5838//6 5821//6
f 5783//6 5824//6 5820//6
f 5838//6 5820//6 5824//6
f 5837//6 5821//6 5838//6
f 5836//6 5838//6 5826//6
f 5832//6 5837//6 5836//6
f 5838//6 5836//6 5837//6
f 5839//6 5753//6 5840//6
f 5841//6 5840//6 5842//6
f 5843//6 5839//6 5841//6
f 5840//6 5841//6 5839//6
f 5844//6 5842//6 5845//6
f 5846//6 5845//6 5847//6
f 5848//6 5844//6 5846//6
f 5845//6 5846//6 5844//6
f 5849//6 5843//6 5850//6
f 5851//6 5850//6 5848//6
f 5852//6 5849//6 5851//6
f 5850//6 5851//6 5849//6
f 5844//6 5848//6 5850//6
f 5841//6 5850//6 5843//6
f 5842//6 5844//6 5841//6
f 5850//6 5841//6 5844//6
f 5853//6 5847//6 5854//6
f 5855//6 5854//6 5856//6
f 5857//6 5853//6 5855//6
f 5854//6 5855//6 5853//6
f 5858//6 5856//6 5859//6
f 5860//6 5859//6 5861//6
f 5862//6 5858//6 5860//6
f 5859//6 5860//6 5858//6
f 5863//6 5857//6 5864//6
f 5865//6 5864//6 5862//6
f 5866//6 5863//6 5865//6
f 5864//6 5865//6 5863//6
f 5858//6 5862//6 5864//6
f 5855//6 5864//6 5857//6
f 5856//6 5858//6 5855//6
f 5864//6 5855//6 5858//6
f 5867//6 5852//6 5868//6
f 5869//6 5868//6 5870//6
f 5871//6 5867//6 5869//6
f 5868//6 5869//6 5867//6
f 5872//6 5870//6 5873//6
f 5874//6 5873//6 5866//6
f 5875//6 5872//6 5874//6
f 5873//6 5874//6 5872//6
f 5876//6 5871//6 5877//6
f 5878//6 5877//6 5875//6
f 5879//6 5876//6 5878//6
f 5877//6 5878//6 5876//6
f 5872//6 5875//6 5877//6
f 5869//6 5877//6 5871//6
f 5870//6 5872//6 5869//6
f 5877//6 5869//6 5872//6
f 5863//6 5866//6 5873//6
f 5880//6 5873//6 5870//6
f 5857//6 5863//6 5880//6
f 5873//6 5880//6 5863//6
f 5881//6 5870//6 5868//6
f 5851//6 5868//6 5852//6
f 5848//6 5881//6 5851//6
f 5868//6 5851//6 5881//6
f 5853//6 5857//6 5882//6
f 5846//6 5882//6 5848//6
f 5847//6 5853//6 5846//6
f 5882//6 5846//6 5853//6
f 5881//6 5848//6 5882//6
f 5880//6 5882//6 5857//6
f 5870//6 5881//6 5880//6
f 5882//6 5880//6 5881//6
f 5883//6 5861//6 5884//6
f 1318//6 5884//6 1300//6
f 5885//6 5883//6 5886//6
f 5884//6 5886//6 5883//6
f 1317//6 5887//6 5888//6
f 5889//6 5885//6 5890//6
f 5891//6 5890//6 5887//6
f 5892//6 5889//6 5891//6
f 5890//6 5891//6 5889//6
f 5888//6 5887//6 5890//6
f 5886//6 5890//6 5885//6
f 5890//6 5886//6 5888//6
f 5884//6 1318//6 5886//6
f 5886//6 1318//6 5888//6
f 5888//6 1318//6 1317//6
f 5893//6 5892//6 5894//6
f 5895//6 5894//6 5896//6
f 5897//6 5893//6 5895//6
f 5894//6 5895//6 5893//6
f 5896//6 701//6 705//6
f 5896//6 705//6 5895//6
f 704//6 728//6 5897//6
f 5897//6 728//6 5898//6
f 705//6 704//6 5895//6
f 5895//6 704//6 5897//6
f 701//6 5896//6 5899//6
f 1319//6 702//6 5899//6
f 5900//6 5896//6 5894//6
f 5899//6 702//6 701//6
f 5891//6 5894//6 5892//6
f 5887//6 5900//6 5891//6
f 5894//6 5891//6 5900//6
f 5901//6 5887//6 1320//6
f 1320//6 1319//6 5901//6
f 5901//6 1319//6 5899//6
f 5900//6 5887//6 5901//6
f 5887//6 1317//6 1320//6
f 5896//6 5900//6 5899//6
f 5901//6 5899//6 5900//6
f 5902//6 5879//6 5903//6
f 5904//6 5903//6 5905//6
f 5906//6 5902//6 5904//6
f 5903//6 5904//6 5902//6
f 5907//6 5905//6 5908//6
f 5909//6 5908//6 5910//6
f 5911//6 5907//6 5909//6
f 5908//6 5909//6 5907//6
f 5912//6 5906//6 5913//6
f 5914//6 5913//6 5911//6
f 5915//6 5912//6 5914//6
f 5913//6 5914//6 5912//6
f 5907//6 5911//6 5913//6
f 5904//6 5913//6 5906//6
f 5905//6 5907//6 5904//6
f 5913//6 5904//6 5907//6
f 5916//6 5910//6 5917//6
f 5918//6 5917//6 5919//6
f 5920//6 5916//6 5918//6
f 5917//6 5918//6 5916//6
f 727//6 731//6 5919//6
f 5919//6 731//6 5918//6
f 730//6 738//6 5920//6
f 5920//6 738//6 5921//6
f 5922//6 5915//6 5923//6
f 731//6 730//6 5918//6
f 5918//6 730//6 5920//6
f 5924//6 5923//6 5925//6
f 5926//6 5922//6 5924//6
f 5923//6 5924//6 5922//6
f 737//6 741//6 5925//6
f 5925//6 741//6 5924//6
f 5924//6 740//6 5926//6
f 5926//6 740//6 776//6
f 741//6 740//6 5924//6
f 5927//6 5925//6 5923//6
f 738//6 737//6 5921//6
f 5921//6 737//6 5925//6
f 5914//6 5923//6 5915//6
f 5911//6 5927//6 5914//6
f 5923//6 5914//6 5927//6
f 5916//6 5920//6 5928//6
f 5909//6 5928//6 5911//6
f 5910//6 5916//6 5909//6
f 5928//6 5909//6 5916//6
f 5927//6 5911//6 5928//6
f 5921//6 5928//6 5920//6
f 5925//6 5927//6 5921//6
f 5928//6 5921//6 5927//6
f 5929//6 5919//6 5917//6
f 728//6 727//6 5898//6
f 5898//6 727//6 5919//6
f 5930//6 5917//6 5910//6
f 5931//6 5929//6 5930//6
f 5917//6 5930//6 5929//6
f 5893//6 5897//6 5932//6
f 5933//6 5932//6 5931//6
f 5892//6 5893//6 5933//6
f 5932//6 5933//6 5893//6
f 5929//6 5931//6 5932//6
f 5898//6 5932//6 5897//6
f 5919//6 5929//6 5898//6
f 5932//6 5898//6 5929//6
f 5934//6 5910//6 5908//6
f 5935//6 5908//6 5905//6
f 5936//6 5934//6 5935//6
f 5908//6 5935//6 5934//6
f 5937//6 5905//6 5903//6
f 5878//6 5903//6 5879//6
f 5875//6 5937//6 5878//6
f 5903//6 5878//6 5937//6
f 5938//6 5936//6 5939//6
f 5874//6 5939//6 5875//6
f 5866//6 5938//6 5874//6
f 5939//6 5874//6 5938//6
f 5937//6 5875//6 5939//6
f 5935//6 5939//6 5936//6
f 5905//6 5937//6 5935//6
f 5939//6 5935//6 5937//6
f 5889//6 5892//6 5940//6
f 5941//6 5940//6 5942//6
f 5885//6 5889//6 5941//6
f 5940//6 5941//6 5889//6
f 5943//6 5942//6 5944//6
f 5865//6 5944//6 5866//6
f 5862//6 5943//6 5865//6
f 5944//6 5865//6 5943//6
f 5883//6 5885//6 5945//6
f 5860//6 5945//6 5862//6
f 5861//6 5883//6 5860//6
f 5945//6 5860//6 5883//6
f 5943//6 5862//6 5945//6
f 5941//6 5945//6 5885//6
f 5942//6 5943//6 5941//6
f 5945//6 5941//6 5943//6
f 5938//6 5866//6 5944//6
f 5946//6 5944//6 5942//6
f 5936//6 5938//6 5946//6
f 5944//6 5946//6 5938//6
f 5947//6 5942//6 5940//6
f 5933//6 5940//6 5892//6
f 5931//6 5947//6 5933//6
f 5940//6 5933//6 5947//6
f 5934//6 5936//6 5948//6
f 5930//6 5948//6 5931//6
f 5910//6 5934//6 5930//6
f 5948//6 5930//6 5934//6
f 5947//6 5931//6 5948//6
f 5946//6 5948//6 5936//6
f 5942//6 5947//6 5946//6
f 5948//6 5946//6 5947//6
f 5949//6 5814//6 5950//6
f 5951//6 5950//6 5952//6
f 5953//6 5949//6 5951//6
f 5950//6 5951//6 5949//6
f 5954//6 5952//6 5955//6
f 5956//6 5955//6 5957//6
f 5958//6 5954//6 5956//6
f 5955//6 5956//6 5954//6
f 5959//6 5953//6 5960//6
f 5961//6 5960//6 5958//6
f 5962//6 5959//6 5961//6
f 5960//6 5961//6 5959//6
f 5954//6 5958//6 5960//6
f 5951//6 5960//6 5953//6
f 5952//6 5954//6 5951//6
f 5960//6 5951//6 5954//6
f 5963//6 5957//6 5964//6
f 5965//6 5964//6 5966//6
f 5967//6 5963//6 5965//6
f 5964//6 5965//6 5963//6
f 5968//6 5966//6 5969//6
f 5970//6 5969//6 5971//6
f 5972//6 5968//6 5970//6
f 5969//6 5970//6 5968//6
f 5973//6 5967//6 5974//6
f 5975//6 5974//6 5972//6
f 5976//6 5973//6 5975//6
f 5974//6 5975//6 5973//6
f 5968//6 5972//6 5974//6
f 5965//6 5974//6 5967//6
f 5966//6 5968//6 5965//6
f 5974//6 5965//6 5968//6
f 5977//6 5962//6 5978//6
f 5979//6 5978//6 5980//6
f 5981//6 5977//6 5979//6
f 5978//6 5979//6 5977//6
f 5982//6 5980//6 5983//6
f 5984//6 5983//6 5976//6
f 5985//6 5982//6 5984//6
f 5983//6 5984//6 5982//6
f 5986//6 5981//6 5987//6
f 5988//6 5987//6 5985//6
f 5989//6 5986//6 5988//6
f 5987//6 5988//6 5986//6
f 5982//6 5985//6 5987//6
f 5979//6 5987//6 5981//6
f 5980//6 5982//6 5979//6
f 5987//6 5979//6 5982//6
f 5973//6 5976//6 5983//6
f 5990//6 5983//6 5980//6
f 5967//6 5973//6 5990//6
f 5983//6 5990//6 5973//6
f 5991//6 5980//6 5978//6
f 5961//6 5978//6 5962//6
f 5958//6 5991//6 5961//6
f 5978//6 5961//6 5991//6
f 5963//6 5967//6 5992//6
f 5956//6 5992//6 5958//6
f 5957//6 5963//6 5956//6
f 5992//6 5956//6 5963//6
f 5991//6 5958//6 5992//6
f 5990//6 5992//6 5967//6
f 5980//6 5991//6 5990//6
f 5992//6 5990//6 5991//6
f 5993//6 5971//6 5994//6
f 5995//6 5994//6 5996//6
f 5997//6 5993//6 5995//6
f 5994//6 5995//6 5993//6
f 5998//6 5996//6 5999//6
f 6000//6 5999//6 6001//6
f 6002//6 5998//6 6000//6
f 5999//6 6000//6 5998//6
f 6003//6 5997//6 6004//6
f 6005//6 6004//6 6002//6
f 6006//6 6003//6 6005//6
f 6004//6 6005//6 6003//6
f 5998//6 6002//6 6004//6
f 5995//6 6004//6 5997//6
f 5996//6 5998//6 5995//6
f 6004//6 5995//6 5998//6
f 6007//6 6001//6 6008//6
f 6009//6 6008//6 6010//6
f 6011//6 6007//6 6009//6
f 6008//6 6009//6 6007//6
f 6009//6 778//6 6011//6
f 6010//6 779//6 6009//6
f 6009//6 779//6 778//6
f 6012//6 6006//6 6013//6
f 6014//6 6013//6 6015//6
f 6016//6 6012//6 6014//6
f 6013//6 6014//6 6012//6
f 786//6 785//6 6017//6
f 789//6 788//6 6014//6
f 6016//6 6014//6 788//6
f 6014//6 6015//6 789//6
f 785//6 789//6 6015//6
f 6015//6 6017//6 785//6
f 6011//6 786//6 6017//6
f 778//6 786//6 6011//6
f 6018//6 6015//6 6013//6
f 6005//6 6013//6 6006//6
f 6002//6 6018//6 6005//6
f 6013//6 6005//6 6018//6
f 6007//6 6011//6 6019//6
f 6000//6 6019//6 6002//6
f 6001//6 6007//6 6000//6
f 6019//6 6000//6 6007//6
f 6018//6 6002//6 6019//6
f 6017//6 6019//6 6011//6
f 6015//6 6018//6 6017//6
f 6019//6 6017//6 6018//6
f 6020//6 5989//6 6021//6
f 6022//6 6021//6 6023//6
f 6024//6 6020//6 6022//6
f 6021//6 6022//6 6020//6
f 6025//6 6023//6 6026//6
f 6027//6 6026//6 6028//6
f 6029//6 6025//6 6027//6
f 6026//6 6027//6 6025//6
f 6030//6 6024//6 6031//6
f 6032//6 6031//6 6029//6
f 6033//6 6030//6 6032//6
f 6031//6 6032//6 6030//6
f 6025//6 6029//6 6031//6
f 6022//6 6031//6 6024//6
f 6023//6 6025//6 6022//6
f 6031//6 6022//6 6025//6
f 6034//6 6028//6 6035//6
f 6036//6 6035//6 6037//6
f 6038//6 6034//6 6036//6
f 6035//6 6036//6 6034//6
f 811//6 810//6 6039//6
f 814//6 813//6 6036//6
f 6038//6 6036//6 813//6
f 6036//6 6037//6 814//6
f 6040//6 6033//6 6041//6
f 810//6 814//6 6037//6
f 6042//6 6041//6 6043//6
f 6044//6 6040//6 6042//6
f 6041//6 6042//6 6040//6
f 821//6 820//6 6045//6
f 823//6 6042//6 824//6
f 6042//6 823//6 6044//6
f 6043//6 824//6 6042//6
f 824//6 6043//6 820//6
f 6043//6 6045//6 820//6
f 6045//6 6038//6 821//6
f 6046//6 6043//6 6041//6
f 813//6 821//6 6038//6
f 6032//6 6041//6 6033//6
f 6029//6 6046//6 6032//6
f 6041//6 6032//6 6046//6
f 6034//6 6038//6 6047//6
f 6027//6 6047//6 6029//6
f 6028//6 6034//6 6027//6
f 6047//6 6027//6 6034//6
f 6046//6 6029//6 6047//6
f 6045//6 6047//6 6038//6
f 6043//6 6046//6 6045//6
f 6047//6 6045//6 6046//6
f 6037//6 6039//6 810//6
f 6039//6 6016//6 811//6
f 6048//6 6037//6 6035//6
f 788//6 811//6 6016//6
f 6049//6 6035//6 6028//6
f 6050//6 6048//6 6049//6
f 6035//6 6049//6 6048//6
f 6012//6 6016//6 6051//6
f 6052//6 6051//6 6050//6
f 6006//6 6012//6 6052//6
f 6051//6 6052//6 6012//6
f 6048//6 6050//6 6051//6
f 6039//6 6051//6 6016//6
f 6037//6 6048//6 6039//6
f 6051//6 6039//6 6048//6
f 6053//6 6028//6 6026//6
f 6054//6 6026//6 6023//6
f 6055//6 6053//6 6054//6
f 6026//6 6054//6 6053//6
f 6056//6 6023//6 6021//6
f 5988//6 6021//6 5989//6
f 5985//6 6056//6 5988//6
f 6021//6 5988//6 6056//6
f 6057//6 6055//6 6058//6
f 5984//6 6058//6 5985//6
f 5976//6 6057//6 5984//6
f 6058//6 5984//6 6057//6
f 6056//6 5985//6 6058//6
f 6054//6 6058//6 6055//6
f 6023//6 6056//6 6054//6
f 6058//6 6054//6 6056//6
f 6003//6 6006//6 6059//6
f 6060//6 6059//6 6061//6
f 5997//6 6003//6 6060//6
f 6059//6 6060//6 6003//6
f 6062//6 6061//6 6063//6
f 5975//6 6063//6 5976//6
f 5972//6 6062//6 5975//6
f 6063//6 5975//6 6062//6
f 5993//6 5997//6 6064//6
f 5970//6 6064//6 5972//6
f 5971//6 5993//6 5970//6
f 6064//6 5970//6 5993//6
f 6062//6 5972//6 6064//6
f 6060//6 6064//6 5997//6
f 6061//6 6062//6 6060//6
f 6064//6 6060//6 6062//6
f 6057//6 5976//6 6063//6
f 6065//6 6063//6 6061//6
f 6055//6 6057//6 6065//6
f 6063//6 6065//6 6057//6
f 6066//6 6061//6 6059//6
f 6052//6 6059//6 6006//6
f 6050//6 6066//6 6052//6
f 6059//6 6052//6 6066//6
f 6053//6 6055//6 6067//6
f 6049//6 6067//6 6050//6
f 6028//6 6053//6 6049//6
f 6067//6 6049//6 6053//6
f 6066//6 6050//6 6067//6
f 6065//6 6067//6 6055//6
f 6061//6 6066//6 6065//6
f 6067//6 6065//6 6066//6
f 6068//6 775//6 6010//6
f 6010//6 775//6 779//6
f 5926//6 776//6 6068//6
f 6068//6 776//6 775//6
f 6069//6 6010//6 6008//6
f 6070//6 6008//6 6001//6
f 6071//6 6069//6 6070//6
f 6008//6 6070//6 6069//6
f 5922//6 5926//6 6072//6
f 6073//6 6072//6 6071//6
f 5915//6 5922//6 6073//6
f 6072//6 6073//6 5922//6
f 6069//6 6071//6 6072//6
f 6068//6 6072//6 5926//6
f 6010//6 6069//6 6068//6
f 6072//6 6068//6 6069//6
f 6074//6 6001//6 5999//6
f 6075//6 5999//6 5996//6
f 6076//6 6074//6 6075//6
f 5999//6 6075//6 6074//6
f 6077//6 5996//6 5994//6
f 6078//6 5994//6 5971//6
f 6079//6 6077//6 6078//6
f 5994//6 6078//6 6077//6
f 6080//6 6076//6 6081//6
f 6082//6 6081//6 6079//6
f 6083//6 6080//6 6082//6
f 6081//6 6082//6 6080//6
f 6077//6 6079//6 6081//6
f 6075//6 6081//6 6076//6
f 5996//6 6077//6 6075//6
f 6081//6 6075//6 6077//6
f 5912//6 5915//6 6084//6
f 6085//6 6084//6 6086//6
f 5906//6 5912//6 6085//6
f 6084//6 6085//6 5912//6
f 6087//6 6086//6 6088//6
f 6089//6 6088//6 6083//6
f 6090//6 6087//6 6089//6
f 6088//6 6089//6 6087//6
f 5902//6 5906//6 6091//6
f 6092//6 6091//6 6090//6
f 5879//6 5902//6 6092//6
f 6091//6 6092//6 5902//6
f 6087//6 6090//6 6091//6
f 6085//6 6091//6 5906//6
f 6086//6 6087//6 6085//6
f 6091//6 6085//6 6087//6
f 6080//6 6083//6 6088//6
f 6093//6 6088//6 6086//6
f 6076//6 6080//6 6093//6
f 6088//6 6093//6 6080//6
f 6094//6 6086//6 6084//6
f 6073//6 6084//6 5915//6
f 6071//6 6094//6 6073//6
f 6084//6 6073//6 6094//6
f 6074//6 6076//6 6095//6
f 6070//6 6095//6 6071//6
f 6001//6 6074//6 6070//6
f 6095//6 6070//6 6074//6
f 6094//6 6071//6 6095//6
f 6093//6 6095//6 6076//6
f 6086//6 6094//6 6093//6
f 6095//6 6093//6 6094//6
f 6096//6 5971//6 5969//6
f 6097//6 5969//6 5966//6
f 6098//6 6096//6 6097//6
f 5969//6 6097//6 6096//6
f 6099//6 5966//6 5964//6
f 6100//6 5964//6 5957//6
f 6101//6 6099//6 6100//6
f 5964//6 6100//6 6099//6
f 6102//6 6098//6 6103//6
f 6104//6 6103//6 6101//6
f 6105//6 6102//6 6104//6
f 6103//6 6104//6 6102//6
f 6099//6 6101//6 6103//6
f 6097//6 6103//6 6098//6
f 5966//6 6099//6 6097//6
f 6103//6 6097//6 6099//6
f 6106//6 5957//6 5955//6
f 6107//6 5955//6 5952//6
f 6108//6 6106//6 6107//6
f 5955//6 6107//6 6106//6
f 6109//6 5952//6 5950//6
f 5813//6 5950//6 5814//6
f 5810//6 6109//6 5813//6
f 5950//6 5813//6 6109//6
f 6110//6 6108//6 6111//6
f 5809//6 6111//6 5810//6
f 5801//6 6110//6 5809//6
f 6111//6 5809//6 6110//6
f 6109//6 5810//6 6111//6
f 6107//6 6111//6 6108//6
f 5952//6 6109//6 6107//6
f 6111//6 6107//6 6109//6
f 6112//6 6105//6 6113//6
f 6114//6 6113//6 6115//6
f 6116//6 6112//6 6114//6
f 6113//6 6114//6 6112//6
f 6117//6 6115//6 6118//6
f 5800//6 6118//6 5801//6
f 5797//6 6117//6 5800//6
f 6118//6 5800//6 6117//6
f 6119//6 6116//6 6120//6
f 5796//6 6120//6 5797//6
f 5771//6 6119//6 5796//6
f 6120//6 5796//6 6119//6
f 6117//6 5797//6 6120//6
f 6114//6 6120//6 6116//6
f 6115//6 6117//6 6114//6
f 6120//6 6114//6 6117//6
f 6110//6 5801//6 6118//6
f 6121//6 6118//6 6115//6
f 6108//6 6110//6 6121//6
f 6118//6 6121//6 6110//6
f 6122//6 6115//6 6113//6
f 6104//6 6113//6 6105//6
f 6101//6 6122//6 6104//6
f 6113//6 6104//6 6122//6
f 6106//6 6108//6 6123//6
f 6100//6 6123//6 6101//6
f 5957//6 6106//6 6100//6
f 6123//6 6100//6 6106//6
f 6122//6 6101//6 6123//6
f 6121//6 6123//6 6108//6
f 6115//6 6122//6 6121//6
f 6123//6 6121//6 6122//6
f 5876//6 5879//6 6124//6
f 6125//6 6124//6 6126//6
f 5871//6 5876//6 6125//6
f 6124//6 6125//6 5876//6
f 6127//6 6126//6 6128//6
f 6129//6 6128//6 6130//6
f 6131//6 6127//6 6129//6
f 6128//6 6129//6 6127//6
f 5867//6 5871//6 6132//6
f 6133//6 6132//6 6131//6
f 5852//6 5867//6 6133//6
f 6132//6 6133//6 5867//6
f 6127//6 6131//6 6132//6
f 6125//6 6132//6 5871//6
f 6126//6 6127//6 6125//6
f 6132//6 6125//6 6127//6
f 6134//6 6130//6 6135//6
f 6136//6 6135//6 6137//6
f 6138//6 6134//6 6136//6
f 6135//6 6136//6 6134//6
f 6139//6 6137//6 6140//6
f 5770//6 6140//6 5771//6
f 5767//6 6139//6 5770//6
f 6140//6 5770//6 6139//6
f 6141//6 6138//6 6142//6
f 5766//6 6142//6 5767//6
f 5758//6 6141//6 5766//6
f 6142//6 5766//6 6141//6
f 6139//6 5767//6 6142//6
f 6136//6 6142//6 6138//6
f 6137//6 6139//6 6136//6
f 6142//6 6136//6 6139//6
f 5849//6 5852//6 6143//6
f 6144//6 6143//6 6145//6
f 5843//6 5849//6 6144//6
f 6143//6 6144//6 5849//6
f 6146//6 6145//6 6147//6
f 5757//6 6147//6 5758//6
f 5754//6 6146//6 5757//6
f 6147//6 5757//6 6146//6
f 5839//6 5843//6 6148//6
f 5752//6 6148//6 5754//6
f 5753//6 5839//6 5752//6
f 6148//6 5752//6 5839//6
f 6146//6 5754//6 6148//6
f 6144//6 6148//6 5843//6
f 6145//6 6146//6 6144//6
f 6148//6 6144//6 6146//6
f 6141//6 5758//6 6147//6
f 6149//6 6147//6 6145//6
f 6138//6 6141//6 6149//6
f 6147//6 6149//6 6141//6
f 6150//6 6145//6 6143//6
f 6133//6 6143//6 5852//6
f 6131//6 6150//6 6133//6
f 6143//6 6133//6 6150//6
f 6134//6 6138//6 6151//6
f 6129//6 6151//6 6131//6
f 6130//6 6134//6 6129//6
f 6151//6 6129//6 6134//6
f 6150//6 6131//6 6151//6
f 6149//6 6151//6 6138//6
f 6145//6 6150//6 6149//6
f 6151//6 6149//6 6150//6
f 6119//6 5771//6 6140//6
f 6152//6 6140//6 6137//6
f 6116//6 6119//6 6152//6
f 6140//6 6152//6 6119//6
f 6153//6 6137//6 6135//6
f 6154//6 6135//6 6130//6
f 6155//6 6153//6 6154//6
f 6135//6 6154//6 6153//6
f 6112//6 6116//6 6156//6
f 6157//6 6156//6 6155//6
f 6105//6 6112//6 6157//6
f 6156//6 6157//6 6112//6
f 6153//6 6155//6 6156//6
f 6152//6 6156//6 6116//6
f 6137//6 6153//6 6152//6
f 6156//6 6152//6 6153//6
f 6158//6 6130//6 6128//6
f 6159//6 6128//6 6126//6
f 6160//6 6158//6 6159//6
f 6128//6 6159//6 6158//6
f 6161//6 6126//6 6124//6
f 6092//6 6124//6 5879//6
f 6090//6 6161//6 6092//6
f 6124//6 6092//6 6161//6
f 6162//6 6160//6 6163//6
f 6089//6 6163//6 6090//6
f 6083//6 6162//6 6089//6
f 6163//6 6089//6 6162//6
f 6161//6 6090//6 6163//6
f 6159//6 6163//6 6160//6
f 6126//6 6161//6 6159//6
f 6163//6 6159//6 6161//6
f 6102//6 6105//6 6164//6
f 6165//6 6164//6 6166//6
f 6098//6 6102//6 6165//6
f 6164//6 6165//6 6102//6
f 6167//6 6166//6 6168//6
f 6082//6 6168//6 6083//6
f 6079//6 6167//6 6082//6
f 6168//6 6082//6 6167//6
f 6096//6 6098//6 6169//6
f 6078//6 6169//6 6079//6
f 5971//6 6096//6 6078//6
f 6169//6 6078//6 6096//6
f 6167//6 6079//6 6169//6
f 6165//6 6169//6 6098//6
f 6166//6 6167//6 6165//6
f 6169//6 6165//6 6167//6
f 6162//6 6083//6 6168//6
f 6170//6 6168//6 6166//6
f 6160//6 6162//6 6170//6
f 6168//6 6170//6 6162//6
f 6171//6 6166//6 6164//6
f 6157//6 6164//6 6105//6
f 6155//6 6171//6 6157//6
f 6164//6 6157//6 6171//6
f 6158//6 6160//6 6172//6
f 6154//6 6172//6 6155//6
f 6130//6 6158//6 6154//6
f 6172//6 6154//6 6158//6
f 6171//6 6155//6 6172//6
f 6170//6 6172//6 6160//6
f 6166//6 6171//6 6170//6
f 6172//6 6170//6 6171//6
f 5861//6 1300//6 5884//6
f 1300//6 5861//6 1301//6
f 6173//6 5861//6 5859//6
f 6174//6 5859//6 5856//6
f 6173//6 6174//6 1298//6
f 5859//6 6174//6 6173//6
f 6175//6 5856//6 5854//6
f 6176//6 5854//6 5847//6
f 6177//6 6175//6 6176//6
f 5854//6 6176//6 6175//6
f 6178//6 1299//6 6174//6
f 1292//6 1291//6 6179//6
f 6177//6 1291//6 6178//6
f 6178//6 1291//6 1299//6
f 6175//6 6177//6 6178//6
f 5856//6 6175//6 6174//6
f 6178//6 6174//6 6175//6
f 6180//6 5847//6 5845//6
f 6181//6 5845//6 5842//6
f 6182//6 6180//6 6181//6
f 5845//6 6181//6 6180//6
f 6183//6 5842//6 5840//6
f 6184//6 5840//6 5753//6
f 6185//6 6183//6 6184//6
f 5840//6 6184//6 6183//6
f 6186//6 6182//6 6187//6
f 6188//6 6187//6 6185//6
f 6189//6 6186//6 6188//6
f 6187//6 6188//6 6186//6
f 6183//6 6185//6 6187//6
f 6181//6 6187//6 6182//6
f 5842//6 6183//6 6181//6
f 6187//6 6181//6 6183//6
f 6190//6 6189//6 1290//6
f 1290//6 1289//6 6190//6
f 6190//6 1289//6 6191//6
f 1252//6 1290//6 6189//6
f 6186//6 6189//6 6190//6
f 6182//6 6186//6 6191//6
f 6190//6 6191//6 6186//6
f 1289//6 6179//6 6191//6
f 6177//6 6179//6 1291//6
f 6180//6 6182//6 6192//6
f 6176//6 6192//6 6177//6
f 5847//6 6180//6 6176//6
f 6192//6 6176//6 6180//6
f 6179//6 6177//6 6192//6
f 6191//6 6192//6 6182//6
f 6179//6 1289//6 1292//6
f 6192//6 6191//6 6179//6
f 1299//6 1298//6 6174//6
f 1298//6 1301//6 6173//6
f 6173//6 1301//6 5861//6
f 6193//6 5753//6 5751//6
f 6194//6 5751//6 5748//6
f 6195//6 6193//6 6194//6
f 5751//6 6194//6 6193//6
f 6196//6 5748//6 5746//6
f 6197//6 5746//6 5739//6
f 6198//6 6196//6 6197//6
f 5746//6 6197//6 6196//6
f 6199//6 6195//6 6200//6
f 6201//6 6200//6 6198//6
f 6202//6 6199//6 6201//6
f 6200//6 6201//6 6199//6
f 6196//6 6198//6 6200//6
f 6194//6 6200//6 6195//6
f 5748//6 6196//6 6194//6
f 6200//6 6194//6 6196//6
f 6203//6 5739//6 5737//6
f 6204//6 5737//6 5734//6
f 6205//6 6203//6 6204//6
f 5737//6 6204//6 6203//6
f 6206//6 5734//6 5732//6
f 6207//6 5732//6 5709//6
f 6208//6 6206//6 6207//6
f 5732//6 6207//6 6206//6
f 6209//6 6205//6 6210//6
f 6211//6 6210//6 6208//6
f 6212//6 6209//6 6211//6
f 6210//6 6211//6 6209//6
f 6206//6 6208//6 6210//6
f 6204//6 6210//6 6205//6
f 5734//6 6206//6 6204//6
f 6210//6 6204//6 6206//6
f 6213//6 6202//6 6214//6
f 6215//6 6214//6 6216//6
f 6217//6 6213//6 6215//6
f 6214//6 6215//6 6213//6
f 6218//6 6216//6 6219//6
f 6220//6 6219//6 6212//6
f 6221//6 6218//6 6220//6
f 6219//6 6220//6 6218//6
f 6222//6 6217//6 6223//6
f 6224//6 6223//6 6221//6
f 6225//6 6222//6 6224//6
f 6223//6 6224//6 6222//6
f 6218//6 6221//6 6223//6
f 6215//6 6223//6 6217//6
f 6216//6 6218//6 6215//6
f 6223//6 6215//6 6218//6
f 6209//6 6212//6 6219//6
f 6226//6 6219//6 6216//6
f 6205//6 6209//6 6226//6
f 6219//6 6226//6 6209//6
f 6227//6 6216//6 6214//6
f 6201//6 6214//6 6202//6
f 6198//6 6227//6 6201//6
f 6214//6 6201//6 6227//6
f 6203//6 6205//6 6228//6
f 6197//6 6228//6 6198//6
f 5739//6 6203//6 6197//6
f 6228//6 6197//6 6203//6
f 6227//6 6198//6 6228//6
f 6226//6 6228//6 6205//6
f 6216//6 6227//6 6226//6
f 6228//6 6226//6 6227//6
f 6229//6 5709//6 5707//6
f 6230//6 5707//6 5704//6
f 6231//6 6229//6 6230//6
f 5707//6 6230//6 6229//6
f 6232//6 5704//6 5702//6
f 6233//6 5702//6 5695//6
f 6234//6 6232//6 6233//6
f 5702//6 6233//6 6232//6
f 6235//6 6231//6 6236//6
f 6237//6 6236//6 6234//6
f 6238//6 6235//6 6237//6
f 6236//6 6237//6 6235//6
f 6232//6 6234//6 6236//6
f 6230//6 6236//6 6231//6
f 5704//6 6232//6 6230//6
f 6236//6 6230//6 6232//6
f 6239//6 5695//6 5693//6
f 6240//6 5693//6 5690//6
f 6241//6 6239//6 6240//6
f 5693//6 6240//6 6239//6
f 6242//6 5690//6 5688//6
f 5645//6 5688//6 5646//6
f 5642//6 6242//6 5645//6
f 5688//6 5645//6 6242//6
f 6243//6 6241//6 6244//6
f 5641//6 6244//6 5642//6
f 5633//6 6243//6 5641//6
f 6244//6 5641//6 6243//6
f 6242//6 5642//6 6244//6
f 6240//6 6244//6 6241//6
f 5690//6 6242//6 6240//6
f 6244//6 6240//6 6242//6
f 6245//6 6238//6 6246//6
f 6247//6 6246//6 6248//6
f 6249//6 6245//6 6247//6
f 6246//6 6247//6 6245//6
f 6250//6 6248//6 6251//6
f 5632//6 6251//6 5633//6
f 5629//6 6250//6 5632//6
f 6251//6 5632//6 6250//6
f 6252//6 6249//6 6253//6
f 5628//6 6253//6 5629//6
f 5604//6 6252//6 5628//6
f 6253//6 5628//6 6252//6
f 6250//6 5629//6 6253//6
f 6247//6 6253//6 6249//6
f 6248//6 6250//6 6247//6
f 6253//6 6247//6 6250//6
f 6243//6 5633//6 6251//6
f 6254//6 6251//6 6248//6
f 6241//6 6243//6 6254//6
f 6251//6 6254//6 6243//6
f 6255//6 6248//6 6246//6
f 6237//6 6246//6 6238//6
f 6234//6 6255//6 6237//6
f 6246//6 6237//6 6255//6
f 6239//6 6241//6 6256//6
f 6233//6 6256//6 6234//6
f 5695//6 6239//6 6233//6
f 6256//6 6233//6 6239//6
f 6255//6 6234//6 6256//6
f 6254//6 6256//6 6241//6
f 6248//6 6255//6 6254//6
f 6256//6 6254//6 6255//6
f 6257//6 6225//6 6258//6
f 6259//6 6258//6 6260//6
f 6257//6 1218//6 1242//6
f 6258//6 6259//6 6257//6
f 6261//6 6260//6 6262//6
f 6263//6 6262//6 6264//6
f 6265//6 6261//6 6263//6
f 6262//6 6263//6 6261//6
f 6266//6 6265//6 1219//6
f 1219//6 1218//6 6266//6
f 6266//6 1218//6 6259//6
f 6261//6 6265//6 6266//6
f 1216//6 1219//6 6265//6
f 6260//6 6261//6 6259//6
f 6266//6 6259//6 6261//6
f 6267//6 6264//6 6268//6
f 6269//6 6268//6 6270//6
f 6271//6 6267//6 6269//6
f 6268//6 6269//6 6267//6
f 6272//6 6270//6 6273//6
f 5603//6 6273//6 5604//6
f 5600//6 6272//6 5603//6
f 6273//6 5603//6 6272//6
f 6274//6 6271//6 6275//6
f 5599//6 6275//6 5600//6
f 5591//6 6274//6 5599//6
f 6275//6 5599//6 6274//6
f 6272//6 5600//6 6275//6
f 6269//6 6275//6 6271//6
f 6270//6 6272//6 6269//6
f 6275//6 6269//6 6272//6
f 6276//6 1210//6 1209//6
f 1210//6 6276//6 5591//6
f 6274//6 5591//6 6276//6
f 1217//6 6276//6 1209//6
f 6271//6 6274//6 6277//6
f 6276//6 6277//6 6274//6
f 6278//6 1217//6 1216//6
f 6276//6 1217//6 6277//6
f 6267//6 6271//6 6279//6
f 6278//6 1216//6 6265//6
f 6263//6 6279//6 6265//6
f 6264//6 6267//6 6263//6
f 6279//6 6263//6 6267//6
f 6278//6 6265//6 6279//6
f 6277//6 6279//6 6271//6
f 6278//6 6277//6 1217//6
f 6279//6 6277//6 6278//6
f 6252//6 5604//6 6273//6
f 6280//6 6273//6 6270//6
f 6249//6 6252//6 6280//6
f 6273//6 6280//6 6252//6
f 6281//6 6270//6 6268//6
f 6282//6 6268//6 6264//6
f 6283//6 6281//6 6282//6
f 6268//6 6282//6 6281//6
f 6245//6 6249//6 6284//6
f 6285//6 6284//6 6283//6
f 6238//6 6245//6 6285//6
f 6284//6 6285//6 6245//6
f 6281//6 6283//6 6284//6
f 6280//6 6284//6 6249//6
f 6270//6 6281//6 6280//6
f 6284//6 6280//6 6281//6
f 6286//6 6264//6 6262//6
f 6287//6 6262//6 6260//6
f 6288//6 6286//6 6287//6
f 6262//6 6287//6 6286//6
f 6289//6 6260//6 6258//6
f 6224//6 6258//6 6225//6
f 6221//6 6289//6 6224//6
f 6258//6 6224//6 6289//6
f 6290//6 6288//6 6291//6
f 6220//6 6291//6 6221//6
f 6212//6 6290//6 6220//6
f 6291//6 6220//6 6290//6
f 6289//6 6221//6 6291//6
f 6287//6 6291//6 6288//6
f 6260//6 6289//6 6287//6
f 6291//6 6287//6 6289//6
f 6235//6 6238//6 6292//6
f 6293//6 6292//6 6294//6
f 6231//6 6235//6 6293//6
f 6292//6 6293//6 6235//6
f 6295//6 6294//6 6296//6
f 6211//6 6296//6 6212//6
f 6208//6 6295//6 6211//6
f 6296//6 6211//6 6295//6
f 6229//6 6231//6 6297//6
f 6207//6 6297//6 6208//6
f 5709//6 6229//6 6207//6
f 6297//6 6207//6 6229//6
f 6295//6 6208//6 6297//6
f 6293//6 6297//6 6231//6
f 6294//6 6295//6 6293//6
f 6297//6 6293//6 6295//6
f 6290//6 6212//6 6296//6
f 6298//6 6296//6 6294//6
f 6288//6 6290//6 6298//6
f 6296//6 6298//6 6290//6
f 6299//6 6294//6 6292//6
f 6285//6 6292//6 6238//6
f 6283//6 6299//6 6285//6
f 6292//6 6285//6 6299//6
f 6286//6 6288//6 6300//6
f 6282//6 6300//6 6283//6
f 6264//6 6286//6 6282//6
f 6300//6 6282//6 6286//6
f 6299//6 6283//6 6300//6
f 6298//6 6300//6 6288//6
f 6294//6 6299//6 6298//6
f 6300//6 6298//6 6299//6
f 1218//6 6257//6 6259//6
f 1241//6 6257//6 1242//6
f 6222//6 6225//6 6301//6
f 6217//6 6222//6 6302//6
f 6301//6 6302//6 6222//6
f 1244//6 1243//6 6302//6
f 6213//6 6217//6 6303//6
f 1243//6 1251//6 6304//6
f 6304//6 1251//6 6305//6
f 6306//6 6303//6 6305//6
f 6202//6 6213//6 6306//6
f 6303//6 6306//6 6213//6
f 6304//6 6305//6 6303//6
f 6302//6 6303//6 6217//6
f 6304//6 6302//6 1243//6
f 6303//6 6302//6 6304//6
f 1253//6 1252//6 6307//6
f 6307//6 1252//6 6189//6
f 6199//6 6202//6 6308//6
f 6309//6 6308//6 6310//6
f 6195//6 6199//6 6309//6
f 6308//6 6309//6 6199//6
f 6311//6 6310//6 6312//6
f 6188//6 6312//6 6189//6
f 6185//6 6311//6 6188//6
f 6312//6 6188//6 6311//6
f 6193//6 6195//6 6313//6
f 6184//6 6313//6 6185//6
f 5753//6 6193//6 6184//6
f 6313//6 6184//6 6193//6
f 6311//6 6185//6 6313//6
f 6309//6 6313//6 6195//6
f 6310//6 6311//6 6309//6
f 6313//6 6309//6 6311//6
f 6307//6 6189//6 6312//6
f 6314//6 6312//6 6310//6
f 6312//6 6314//6 6307//6
f 6315//6 1253//6 6314//6
f 6314//6 1253//6 6307//6
f 6316//6 6310//6 6308//6
f 6306//6 6308//6 6202//6
f 6305//6 6316//6 6306//6
f 6308//6 6306//6 6316//6
f 6315//6 1251//6 1250//6
f 6316//6 6305//6 6315//6
f 1251//6 6315//6 6305//6
f 1253//6 6315//6 1250//6
f 6310//6 6316//6 6314//6
f 6315//6 6314//6 6316//6
f 6301//6 6225//6 1241//6
f 6301//6 1244//6 6302//6
f 6301//6 1241//6 1244//6
f 6257//6 1241//6 6225//6
f 6317//6 614//6 6318//6
f 6319//6 615//6 6320//6
f 6320//6 615//6 6317//6
f 6317//6 615//6 614//6
f 6319//6 6320//6 6321//6
f 6322//6 6321//6 6323//6
f 6319//6 613//6 612//6
f 6321//6 6322//6 6319//6
f 6324//6 6323//6 6325//6
f 6326//6 6325//6 6327//6
f 6328//6 6324//6 6326//6
f 6325//6 6326//6 6324//6
f 6329//6 6328//6 575//6
f 575//6 613//6 6329//6
f 6329//6 613//6 6322//6
f 6324//6 6328//6 6329//6
f 576//6 575//6 6328//6
f 6323//6 6324//6 6322//6
f 6329//6 6322//6 6324//6
f 6330//6 6327//6 6331//6
f 6332//6 6331//6 6333//6
f 6334//6 6330//6 6332//6
f 6331//6 6332//6 6330//6
f 6335//6 6333//6 6336//6
f 6337//6 6336//6 6338//6
f 6339//6 6335//6 6337//6
f 6336//6 6337//6 6335//6
f 6340//6 6334//6 6341//6
f 6342//6 6341//6 6339//6
f 6343//6 6340//6 6342//6
f 6341//6 6342//6 6340//6
f 6335//6 6339//6 6341//6
f 6332//6 6341//6 6334//6
f 6333//6 6335//6 6332//6
f 6341//6 6332//6 6335//6
f 6344//6 566//6 574//6
f 566//6 6344//6 6343//6
f 6340//6 6343//6 6344//6
f 573//6 6344//6 574//6
f 6334//6 6340//6 6345//6
f 6344//6 6345//6 6340//6
f 6346//6 573//6 576//6
f 6344//6 573//6 6345//6
f 6330//6 6334//6 6347//6
f 6346//6 576//6 6328//6
f 6326//6 6347//6 6328//6
f 6327//6 6330//6 6326//6
f 6347//6 6326//6 6330//6
f 6346//6 6328//6 6347//6
f 6345//6 6347//6 6334//6
f 6346//6 6345//6 573//6
f 6347//6 6345//6 6346//6
f 613//6 6319//6 6322//6
f 615//6 6319//6 612//6
f 6348//6 6338//6 6349//6
f 6350//6 6349//6 6351//6
f 6352//6 6348//6 6350//6
f 6349//6 6350//6 6348//6
f 6353//6 6351//6 6354//6
f 6355//6 6354//6 6356//6
f 6357//6 6353//6 6355//6
f 6354//6 6355//6 6353//6
f 6358//6 6352//6 6359//6
f 6360//6 6359//6 6357//6
f 6361//6 6358//6 6360//6
f 6359//6 6360//6 6358//6
f 6353//6 6357//6 6359//6
f 6350//6 6359//6 6352//6
f 6351//6 6353//6 6350//6
f 6359//6 6350//6 6353//6
f 6362//6 6356//6 6363//6
f 6364//6 6363//6 6365//6
f 6366//6 6362//6 6364//6
f 6363//6 6364//6 6362//6
f 6367//6 6365//6 6368//6
f 6369//6 6368//6 6370//6
f 6371//6 6367//6 6369//6
f 6368//6 6369//6 6367//6
f 6372//6 6366//6 6373//6
f 6374//6 6373//6 6371//6
f 6375//6 6372//6 6374//6
f 6373//6 6374//6 6372//6
f 6367//6 6371//6 6373//6
f 6364//6 6373//6 6366//6
f 6365//6 6367//6 6364//6
f 6373//6 6364//6 6367//6
f 6376//6 6361//6 6377//6
f 6378//6 6377//6 6379//6
f 6380//6 6376//6 6378//6
f 6377//6 6378//6 6376//6
f 6381//6 6379//6 6382//6
f 6383//6 6382//6 6375//6
f 6384//6 6381//6 6383//6
f 6382//6 6383//6 6381//6
f 6385//6 6380//6 6386//6
f 6387//6 6386//6 6384//6
f 6388//6 6385//6 6387//6
f 6386//6 6387//6 6385//6
f 6381//6 6384//6 6386//6
f 6378//6 6386//6 6380//6
f 6379//6 6381//6 6378//6
f 6386//6 6378//6 6381//6
f 6372//6 6375//6 6382//6
f 6389//6 6382//6 6379//6
f 6366//6 6372//6 6389//6
f 6382//6 6389//6 6372//6
f 6390//6 6379//6 6377//6
f 6360//6 6377//6 6361//6
f 6357//6 6390//6 6360//6
f 6377//6 6360//6 6390//6
f 6362//6 6366//6 6391//6
f 6355//6 6391//6 6357//6
f 6356//6 6362//6 6355//6
f 6391//6 6355//6 6362//6
f 6390//6 6357//6 6391//6
f 6389//6 6391//6 6366//6
f 6379//6 6390//6 6389//6
f 6391//6 6389//6 6390//6
f 6392//6 6370//6 6393//6
f 6394//6 6393//6 6395//6
f 6396//6 6392//6 6394//6
f 6393//6 6394//6 6392//6
f 6397//6 6395//6 6398//6
f 6399//6 6398//6 6400//6
f 6401//6 6397//6 6399//6
f 6398//6 6399//6 6397//6
f 6402//6 6396//6 6403//6
f 6404//6 6403//6 6401//6
f 6405//6 6402//6 6404//6
f 6403//6 6404//6 6402//6
f 6397//6 6401//6 6403//6
f 6394//6 6403//6 6396//6
f 6395//6 6397//6 6394//6
f 6403//6 6394//6 6397//6
f 6406//6 6400//6 6407//6
f 6408//6 6407//6 6409//6
f 6410//6 6406//6 6408//6
f 6407//6 6408//6 6406//6
f 6411//6 6409//6 6412//6
f 6413//6 6412//6 6414//6
f 6415//6 6411//6 6413//6
f 6412//6 6413//6 6411//6
f 6416//6 6410//6 6417//6
f 6418//6 6417//6 6415//6
f 6419//6 6416//6 6418//6
f 6417//6 6418//6 6416//6
f 6411//6 6415//6 6417//6
f 6408//6 6417//6 6410//6
f 6409//6 6411//6 6408//6
f 6417//6 6408//6 6411//6
f 6420//6 6405//6 6421//6
f 6422//6 6421//6 6423//6
f 6424//6 6420//6 6422//6
f 6421//6 6422//6 6420//6
f 6425//6 6423//6 6426//6
f 6427//6 6426//6 6419//6
f 6428//6 6425//6 6427//6
f 6426//6 6427//6 6425//6
f 6429//6 6424//6 6430//6
f 6431//6 6430//6 6428//6
f 6432//6 6429//6 6431//6
f 6430//6 6431//6 6429//6
f 6425//6 6428//6 6430//6
f 6422//6 6430//6 6424//6
f 6423//6 6425//6 6422//6
f 6430//6 6422//6 6425//6
f 6416//6 6419//6 6426//6
f 6433//6 6426//6 6423//6
f 6410//6 6416//6 6433//6
f 6426//6 6433//6 6416//6
f 6434//6 6423//6 6421//6
f 6404//6 6421//6 6405//6
f 6401//6 6434//6 6404//6
f 6421//6 6404//6 6434//6
f 6406//6 6410//6 6435//6
f 6399//6 6435//6 6401//6
f 6400//6 6406//6 6399//6
f 6435//6 6399//6 6406//6
f 6434//6 6401//6 6435//6
f 6433//6 6435//6 6410//6
f 6423//6 6434//6 6433//6
f 6435//6 6433//6 6434//6
f 6436//6 6388//6 6437//6
f 6438//6 6437//6 6439//6
f 6436//6 6438//6 532//6
f 6437//6 6438//6 6436//6
f 6440//6 6439//6 6441//6
f 6442//6 6441//6 6443//6
f 6444//6 6440//6 6442//6
f 6441//6 6442//6 6440//6
f 6445//6 530//6 533//6
f 530//6 6445//6 6444//6
f 6440//6 6444//6 6445//6
f 532//6 6445//6 533//6
f 6439//6 6440//6 6438//6
f 6445//6 6438//6 6440//6
f 6446//6 6443//6 6447//6
f 6448//6 6447//6 6449//6
f 6450//6 6446//6 6448//6
f 6447//6 6448//6 6446//6
f 6451//6 6449//6 6452//6
f 6453//6 6452//6 6432//6
f 6454//6 6451//6 6453//6
f 6452//6 6453//6 6451//6
f 6455//6 6450//6 6456//6
f 6457//6 6456//6 6454//6
f 6458//6 6455//6 6457//6
f 6456//6 6457//6 6455//6
f 6451//6 6454//6 6456//6
f 6448//6 6456//6 6450//6
f 6449//6 6451//6 6448//6
f 6456//6 6448//6 6451//6
f 6459//6 6458//6 483//6
f 6459//6 482//6 6460//6
f 6459//6 483//6 482//6
f 6461//6 483//6 6458//6
f 6455//6 6458//6 6459//6
f 6450//6 6455//6 6460//6
f 6459//6 6460//6 6455//6
f 6462//6 531//6 530//6
f 482//6 531//6 6460//6
f 6446//6 6450//6 6463//6
f 6462//6 530//6 6444//6
f 6442//6 6463//6 6444//6
f 6443//6 6446//6 6442//6
f 6463//6 6442//6 6446//6
f 6462//6 6444//6 6463//6
f 6460//6 6463//6 6450//6
f 6462//6 6460//6 531//6
f 6463//6 6460//6 6462//6
f 6429//6 6432//6 6452//6
f 6464//6 6452//6 6449//6
f 6424//6 6429//6 6464//6
f 6452//6 6464//6 6429//6
f 6465//6 6449//6 6447//6
f 6466//6 6447//6 6443//6
f 6467//6 6465//6 6466//6
f 6447//6 6466//6 6465//6
f 6420//6 6424//6 6468//6
f 6469//6 6468//6 6467//6
f 6405//6 6420//6 6469//6
f 6468//6 6469//6 6420//6
f 6465//6 6467//6 6468//6
f 6464//6 6468//6 6424//6
f 6449//6 6465//6 6464//6
f 6468//6 6464//6 6465//6
f 6470//6 6443//6 6441//6
f 6471//6 6441//6 6439//6
f 6472//6 6470//6 6471//6
f 6441//6 6471//6 6470//6
f 6473//6 6439//6 6437//6
f 6387//6 6437//6 6388//6
f 6384//6 6473//6 6387//6
f 6437//6 6387//6 6473//6
f 6474//6 6472//6 6475//6
f 6383//6 6475//6 6384//6
f 6375//6 6474//6 6383//6
f 6475//6 6383//6 6474//6
f 6473//6 6384//6 6475//6
f 6471//6 6475//6 6472//6
f 6439//6 6473//6 6471//6
f 6475//6 6471//6 6473//6
f 6402//6 6405//6 6476//6
f 6477//6 6476//6 6478//6
f 6396//6 6402//6 6477//6
f 6476//6 6477//6 6402//6
f 6479//6 6478//6 6480//6
f 6374//6 6480//6 6375//6
f 6371//6 6479//6 6374//6
f 6480//6 6374//6 6479//6
f 6392//6 6396//6 6481//6
f 6369//6 6481//6 6371//6
f 6370//6 6392//6 6369//6
f 6481//6 6369//6 6392//6
f 6479//6 6371//6 6481//6
f 6477//6 6481//6 6396//6
f 6478//6 6479//6 6477//6
f 6481//6 6477//6 6479//6
f 6474//6 6375//6 6480//6
f 6482//6 6480//6 6478//6
f 6472//6 6474//6 6482//6
f 6480//6 6482//6 6474//6
f 6483//6 6478//6 6476//6
f 6469//6 6476//6 6405//6
f 6467//6 6483//6 6469//6
f 6476//6 6469//6 6483//6
f 6470//6 6472//6 6484//6
f 6466//6 6484//6 6467//6
f 6443//6 6470//6 6466//6
f 6484//6 6466//6 6470//6
f 6483//6 6467//6 6484//6
f 6482//6 6484//6 6472//6
f 6478//6 6483//6 6482//6
f 6484//6 6482//6 6483//6
f 6436//6 532//6 540//6
f 6445//6 532//6 6438//6
f 6436//6 540//6 6388//6
f 6385//6 6388//6 6485//6
f 6486//6 542//6 541//6
f 6380//6 6385//6 6487//6
f 6485//6 6487//6 6385//6
f 6487//6 542//6 6486//6
f 565//6 6486//6 541//6
f 6376//6 6380//6 6488//6
f 6489//6 6488//6 6490//6
f 6361//6 6376//6 6489//6
f 6488//6 6489//6 6376//6
f 6486//6 6490//6 6488//6
f 6487//6 6488//6 6380//6
f 542//6 6487//6 6485//6
f 6488//6 6487//6 6486//6
f 564//6 567//6 6491//6
f 567//6 566//6 6492//6
f 6492//6 566//6 6343//6
f 6358//6 6361//6 6493//6
f 6494//6 6493//6 6495//6
f 6352//6 6358//6 6494//6
f 6493//6 6494//6 6358//6
f 6496//6 6495//6 6497//6
f 6342//6 6497//6 6343//6
f 6339//6 6496//6 6342//6
f 6497//6 6342//6 6496//6
f 6348//6 6352//6 6498//6
f 6337//6 6498//6 6339//6
f 6338//6 6348//6 6337//6
f 6498//6 6337//6 6348//6
f 6496//6 6339//6 6498//6
f 6494//6 6498//6 6352//6
f 6495//6 6496//6 6494//6
f 6498//6 6494//6 6496//6
f 6492//6 6343//6 6497//6
f 6491//6 6497//6 6495//6
f 6492//6 6491//6 567//6
f 6497//6 6491//6 6492//6
f 6499//6 6495//6 6493//6
f 6489//6 6493//6 6361//6
f 6490//6 6499//6 6489//6
f 6493//6 6489//6 6499//6
f 6500//6 6490//6 565//6
f 6500//6 564//6 6491//6
f 6499//6 6490//6 6500//6
f 6500//6 565//6 564//6
f 6486//6 565//6 6490//6
f 6495//6 6499//6 6491//6
f 6500//6 6491//6 6499//6
f 6485//6 6388//6 539//6
f 6485//6 539//6 542//6
f 540//6 539//6 6388//6
f 6501//6 6414//6 6502//6
f 6503//6 6502//6 6504//6
f 6505//6 6501//6 6503//6
f 6502//6 6503//6 6501//6
f 6506//6 6504//6 6507//6
f 6508//6 6507//6 6509//6
f 6510//6 6506//6 6508//6
f 6507//6 6508//6 6506//6
f 6511//6 6505//6 6512//6
f 6513//6 6512//6 6510//6
f 6514//6 6511//6 6513//6
f 6512//6 6513//6 6511//6
f 6506//6 6510//6 6512//6
f 6503//6 6512//6 6505//6
f 6504//6 6506//6 6503//6
f 6512//6 6503//6 6506//6
f 6515//6 6509//6 6516//6
f 6517//6 6516//6 6518//6
f 6519//6 6515//6 6517//6
f 6516//6 6517//6 6515//6
f 6520//6 6518//6 6521//6
f 6522//6 6521//6 6523//6
f 6524//6 6520//6 6522//6
f 6521//6 6522//6 6520//6
f 6525//6 6519//6 6526//6
f 6527//6 6526//6 6524//6
f 6528//6 6525//6 6527//6
f 6526//6 6527//6 6525//6
f 6520//6 6524//6 6526//6
f 6517//6 6526//6 6519//6
f 6518//6 6520//6 6517//6
f 6526//6 6517//6 6520//6
f 6529//6 6514//6 6530//6
f 6531//6 6530//6 6532//6
f 6533//6 6529//6 6531//6
f 6530//6 6531//6 6529//6
f 6534//6 6532//6 6535//6
f 6536//6 6535//6 6528//6
f 6537//6 6534//6 6536//6
f 6535//6 6536//6 6534//6
f 6538//6 6533//6 6539//6
f 6540//6 6539//6 6537//6
f 6541//6 6538//6 6540//6
f 6539//6 6540//6 6538//6
f 6534//6 6537//6 6539//6
f 6531//6 6539//6 6533//6
f 6532//6 6534//6 6531//6
f 6539//6 6531//6 6534//6
f 6525//6 6528//6 6535//6
f 6542//6 6535//6 6532//6
f 6519//6 6525//6 6542//6
f 6535//6 6542//6 6525//6
f 6543//6 6532//6 6530//6
f 6513//6 6530//6 6514//6
f 6510//6 6543//6 6513//6
f 6530//6 6513//6 6543//6
f 6515//6 6519//6 6544//6
f 6508//6 6544//6 6510//6
f 6509//6 6515//6 6508//6
f 6544//6 6508//6 6515//6
f 6543//6 6510//6 6544//6
f 6542//6 6544//6 6519//6
f 6532//6 6543//6 6542//6
f 6544//6 6542//6 6543//6
f 6545//6 6523//6 6546//6
f 6547//6 6546//6 6548//6
f 6549//6 6545//6 6547//6
f 6546//6 6547//6 6545//6
f 6550//6 6548//6 6551//6
f 6552//6 6551//6 6553//6
f 6554//6 6550//6 6552//6
f 6551//6 6552//6 6550//6
f 6555//6 6549//6 6556//6
f 6557//6 6556//6 6554//6
f 6558//6 6555//6 6557//6
f 6556//6 6557//6 6555//6
f 6550//6 6554//6 6556//6
f 6547//6 6556//6 6549//6
f 6548//6 6550//6 6547//6
f 6556//6 6547//6 6550//6
f 6559//6 6553//6 6560//6
f 6561//6 6560//6 6562//6
f 6563//6 6559//6 6561//6
f 6560//6 6561//6 6559//6
f 6564//6 6562//6 6565//6
f 6566//6 6565//6 6567//6
f 6568//6 6564//6 6566//6
f 6565//6 6566//6 6564//6
f 6569//6 6563//6 6570//6
f 6571//6 6570//6 6568//6
f 6572//6 6569//6 6571//6
f 6570//6 6571//6 6569//6
f 6564//6 6568//6 6570//6
f 6561//6 6570//6 6563//6
f 6562//6 6564//6 6561//6
f 6570//6 6561//6 6564//6
f 6573//6 6558//6 6574//6
f 6575//6 6574//6 6576//6
f 6577//6 6573//6 6575//6
f 6574//6 6575//6 6573//6
f 6578//6 6576//6 6579//6
f 6580//6 6579//6 6572//6
f 6581//6 6578//6 6580//6
f 6579//6 6580//6 6578//6
f 6582//6 6577//6 6583//6
f 6584//6 6583//6 6581//6
f 6585//6 6582//6 6584//6
f 6583//6 6584//6 6582//6
f 6578//6 6581//6 6583//6
f 6575//6 6583//6 6577//6
f 6576//6 6578//6 6575//6
f 6583//6 6575//6 6578//6
f 6569//6 6572//6 6579//6
f 6586//6 6579//6 6576//6
f 6563//6 6569//6 6586//6
f 6579//6 6586//6 6569//6
f 6587//6 6576//6 6574//6
f 6557//6 6574//6 6558//6
f 6554//6 6587//6 6557//6
f 6574//6 6557//6 6587//6
f 6559//6 6563//6 6588//6
f 6552//6 6588//6 6554//6
f 6553//6 6559//6 6552//6
f 6588//6 6552//6 6559//6
f 6587//6 6554//6 6588//6
f 6586//6 6588//6 6563//6
f 6576//6 6587//6 6586//6
f 6588//6 6586//6 6587//6
f 6589//6 6541//6 6590//6
f 6591//6 6590//6 6592//6
f 6593//6 6589//6 6591//6
f 6590//6 6591//6 6589//6
f 6594//6 6592//6 6595//6
f 6596//6 6595//6 6597//6
f 6598//6 6594//6 6596//6
f 6595//6 6596//6 6594//6
f 6599//6 6593//6 6600//6
f 6601//6 6600//6 6598//6
f 6602//6 6599//6 6601//6
f 6600//6 6601//6 6599//6
f 6594//6 6598//6 6600//6
f 6591//6 6600//6 6593//6
f 6592//6 6594//6 6591//6
f 6600//6 6591//6 6594//6
f 6603//6 6597//6 6604//6
f 6605//6 6604//6 6606//6
f 6607//6 6603//6 6605//6
f 6604//6 6605//6 6603//6
f 6608//6 6606//6 6609//6
f 6610//6 6609//6 6585//6
f 6611//6 6608//6 6610//6
f 6609//6 6610//6 6608//6
f 6612//6 6607//6 6613//6
f 6614//6 6613//6 6611//6
f 6615//6 6612//6 6614//6
f 6613//6 6614//6 6612//6
f 6608//6 6611//6 6613//6
f 6605//6 6613//6 6607//6
f 6606//6 6608//6 6605//6
f 6613//6 6605//6 6608//6
f 6616//6 6602//6 6617//6
f 6618//6 6617//6 6619//6
f 6620//6 6616//6 6618//6
f 6617//6 6618//6 6616//6
f 6621//6 6619//6 6622//6
f 6623//6 6622//6 6615//6
f 6624//6 6621//6 6623//6
f 6622//6 6623//6 6621//6
f 6625//6 6620//6 6626//6
f 6627//6 6626//6 6624//6
f 6628//6 6625//6 6627//6
f 6626//6 6627//6 6625//6
f 6621//6 6624//6 6626//6
f 6618//6 6626//6 6620//6
f 6619//6 6621//6 6618//6
f 6626//6 6618//6 6621//6
f 6612//6 6615//6 6622//6
f 6629//6 6622//6 6619//6
f 6607//6 6612//6 6629//6
f 6622//6 6629//6 6612//6
f 6630//6 6619//6 6617//6
f 6601//6 6617//6 6602//6
f 6598//6 6630//6 6601//6
f 6617//6 6601//6 6630//6
f 6603//6 6607//6 6631//6
f 6596//6 6631//6 6598//6
f 6597//6 6603//6 6596//6
f 6631//6 6596//6 6603//6
f 6630//6 6598//6 6631//6
f 6629//6 6631//6 6607//6
f 6619//6 6630//6 6629//6
f 6631//6 6629//6 6630//6
f 6582//6 6585//6 6609//6
f 6632//6 6609//6 6606//6
f 6577//6 6582//6 6632//6
f 6609//6 6632//6 6582//6
f 6633//6 6606//6 6604//6
f 6634//6 6604//6 6597//6
f 6635//6 6633//6 6634//6
f 6604//6 6634//6 6633//6
f 6573//6 6577//6 6636//6
f 6637//6 6636//6 6635//6
f 6558//6 6573//6 6637//6
f 6636//6 6637//6 6573//6
f 6633//6 6635//6 6636//6
f 6632//6 6636//6 6577//6
f 6606//6 6633//6 6632//6
f 6636//6 6632//6 6633//6
f 6638//6 6597//6 6595//6
f 6639//6 6595//6 6592//6
f 6640//6 6638//6 6639//6
f 6595//6 6639//6 6638//6
f 6641//6 6592//6 6590//6
f 6540//6 6590//6 6541//6
f 6537//6 6641//6 6540//6
f 6590//6 6540//6 6641//6
f 6642//6 6640//6 6643//6
f 6536//6 6643//6 6537//6
f 6528//6 6642//6 6536//6
f 6643//6 6536//6 6642//6
f 6641//6 6537//6 6643//6
f 6639//6 6643//6 6640//6
f 6592//6 6641//6 6639//6
f 6643//6 6639//6 6641//6
f 6555//6 6558//6 6644//6
f 6645//6 6644//6 6646//6
f 6549//6 6555//6 6645//6
f 6644//6 6645//6 6555//6
f 6647//6 6646//6 6648//6
f 6527//6 6648//6 6528//6
f 6524//6 6647//6 6527//6
f 6648//6 6527//6 6647//6
f 6545//6 6549//6 6649//6
f 6522//6 6649//6 6524//6
f 6523//6 6545//6 6522//6
f 6649//6 6522//6 6545//6
f 6647//6 6524//6 6649//6
f 6645//6 6649//6 6549//6
f 6646//6 6647//6 6645//6
f 6649//6 6645//6 6647//6
f 6642//6 6528//6 6648//6
f 6650//6 6648//6 6646//6
f 6640//6 6642//6 6650//6
f 6648//6 6650//6 6642//6
f 6651//6 6646//6 6644//6
f 6637//6 6644//6 6558//6
f 6635//6 6651//6 6637//6
f 6644//6 6637//6 6651//6
f 6638//6 6640//6 6652//6
f 6634//6 6652//6 6635//6
f 6597//6 6638//6 6634//6
f 6652//6 6634//6 6638//6
f 6651//6 6635//6 6652//6
f 6650//6 6652//6 6640//6
f 6646//6 6651//6 6650//6
f 6652//6 6650//6 6651//6
f 6653//6 6567//6 6654//6
f 6655//6 6654//6 6656//6
f 6657//6 6653//6 6655//6
f 6654//6 6655//6 6653//6
f 6658//6 6656//6 6659//6
f 6660//6 6659//6 6661//6
f 6662//6 6658//6 6660//6
f 6659//6 6660//6 6658//6
f 6663//6 6657//6 6664//6
f 6665//6 6664//6 6662//6
f 6666//6 6663//6 6665//6
f 6664//6 6665//6 6663//6
f 6658//6 6662//6 6664//6
f 6655//6 6664//6 6657//6
f 6656//6 6658//6 6655//6
f 6664//6 6655//6 6658//6
f 6667//6 6661//6 6668//6
f 6669//6 6668//6 6670//6
f 6671//6 6667//6 6669//6
f 6668//6 6669//6 6667//6
f 6672//6 6670//6 6673//6
f 6674//6 6673//6 6675//6
f 6676//6 6672//6 6674//6
f 6673//6 6674//6 6672//6
f 6677//6 6671//6 6678//6
f 6679//6 6678//6 6676//6
f 6680//6 6677//6 6679//6
f 6678//6 6679//6 6677//6
f 6672//6 6676//6 6678//6
f 6669//6 6678//6 6671//6
f 6670//6 6672//6 6669//6
f 6678//6 6669//6 6672//6
f 6681//6 6666//6 6682//6
f 6683//6 6682//6 6684//6
f 6685//6 6681//6 6683//6
f 6682//6 6683//6 6681//6
f 6686//6 6684//6 6687//6
f 6688//6 6687//6 6680//6
f 6689//6 6686//6 6688//6
f 6687//6 6688//6 6686//6
f 6690//6 6685//6 6691//6
f 6692//6 6691//6 6689//6
f 6693//6 6690//6 6692//6
f 6691//6 6692//6 6690//6
f 6686//6 6689//6 6691//6
f 6683//6 6691//6 6685//6
f 6684//6 6686//6 6683//6
f 6691//6 6683//6 6686//6
f 6677//6 6680//6 6687//6
f 6694//6 6687//6 6684//6
f 6671//6 6677//6 6694//6
f 6687//6 6694//6 6677//6
f 6695//6 6684//6 6682//6
f 6665//6 6682//6 6666//6
f 6662//6 6695//6 6665//6
f 6682//6 6665//6 6695//6
f 6667//6 6671//6 6696//6
f 6660//6 6696//6 6662//6
f 6661//6 6667//6 6660//6
f 6696//6 6660//6 6667//6
f 6695//6 6662//6 6696//6
f 6694//6 6696//6 6671//6
f 6684//6 6695//6 6694//6
f 6696//6 6694//6 6695//6
f 6697//6 6675//6 6698//6
f 6699//6 6698//6 6700//6
f 6701//6 6697//6 6699//6
f 6698//6 6699//6 6697//6
f 6702//6 6700//6 6703//6
f 6704//6 6703//6 6705//6
f 6706//6 6702//6 6704//6
f 6703//6 6704//6 6702//6
f 6707//6 6701//6 6708//6
f 6709//6 6708//6 6706//6
f 6710//6 6707//6 6709//6
f 6708//6 6709//6 6707//6
f 6702//6 6706//6 6708//6
f 6699//6 6708//6 6701//6
f 6700//6 6702//6 6699//6
f 6708//6 6699//6 6702//6
f 6711//6 6705//6 6712//6
f 6713//6 6712//6 6714//6
f 6715//6 6711//6 6713//6
f 6712//6 6713//6 6711//6
f 6714//6 872//6 871//6
f 6715//6 874//6 873//6
f 6715//6 873//6 6716//6
f 874//6 6715//6 6713//6
f 871//6 6713//6 6714//6
f 6717//6 6710//6 6718//6
f 6713//6 871//6 874//6
f 6719//6 6718//6 6720//6
f 6721//6 6717//6 6719//6
f 6718//6 6719//6 6717//6
f 881//6 880//6 6720//6
f 6720//6 880//6 6719//6
f 883//6 882//6 6721//6
f 6721//6 882//6 6722//6
f 880//6 883//6 6719//6
f 6719//6 883//6 6721//6
f 6723//6 6720//6 6718//6
f 873//6 881//6 6716//6
f 6716//6 881//6 6720//6
f 6709//6 6718//6 6710//6
f 6706//6 6723//6 6709//6
f 6718//6 6709//6 6723//6
f 6711//6 6715//6 6724//6
f 6704//6 6724//6 6706//6
f 6705//6 6711//6 6704//6
f 6724//6 6704//6 6711//6
f 6723//6 6706//6 6724//6
f 6716//6 6724//6 6715//6
f 6720//6 6723//6 6716//6
f 6724//6 6716//6 6723//6
f 6725//6 6693//6 6726//6
f 6727//6 6726//6 6728//6
f 6729//6 6725//6 6727//6
f 6726//6 6727//6 6725//6
f 6730//6 6728//6 6731//6
f 6732//6 6731//6 6733//6
f 6734//6 6730//6 6732//6
f 6731//6 6732//6 6730//6
f 6735//6 6729//6 6736//6
f 6737//6 6736//6 6734//6
f 6738//6 6735//6 6737//6
f 6736//6 6737//6 6735//6
f 6730//6 6734//6 6736//6
f 6727//6 6736//6 6729//6
f 6728//6 6730//6 6727//6
f 6736//6 6727//6 6730//6
f 6739//6 6733//6 6740//6
f 6741//6 6740//6 6742//6
f 6743//6 6739//6 6741//6
f 6740//6 6741//6 6739//6
f 906//6 905//6 6742//6
f 6742//6 905//6 6741//6
f 908//6 907//6 6743//6
f 6743//6 907//6 6744//6
f 6745//6 6738//6 6746//6
f 905//6 908//6 6741//6
f 6741//6 908//6 6743//6
f 6747//6 6746//6 6748//6
f 6749//6 6745//6 6747//6
f 6746//6 6747//6 6745//6
f 915//6 914//6 6748//6
f 6747//6 917//6 6749//6
f 6749//6 917//6 916//6
f 6748//6 914//6 6747//6
f 6747//6 914//6 917//6
f 6744//6 915//6 6748//6
f 907//6 915//6 6744//6
f 6750//6 6748//6 6746//6
f 6737//6 6746//6 6738//6
f 6734//6 6750//6 6737//6
f 6746//6 6737//6 6750//6
f 6739//6 6743//6 6751//6
f 6732//6 6751//6 6734//6
f 6733//6 6739//6 6732//6
f 6751//6 6732//6 6739//6
f 6750//6 6734//6 6751//6
f 6744//6 6751//6 6743//6
f 6748//6 6750//6 6744//6
f 6751//6 6744//6 6750//6
f 6752//6 6742//6 6740//6
f 882//6 906//6 6722//6
f 6722//6 906//6 6742//6
f 6753//6 6740//6 6733//6
f 6754//6 6752//6 6753//6
f 6740//6 6753//6 6752//6
f 6717//6 6721//6 6755//6
f 6756//6 6755//6 6754//6
f 6710//6 6717//6 6756//6
f 6755//6 6756//6 6717//6
f 6752//6 6754//6 6755//6
f 6722//6 6755//6 6721//6
f 6742//6 6752//6 6722//6
f 6755//6 6722//6 6752//6
f 6757//6 6733//6 6731//6
f 6758//6 6731//6 6728//6
f 6759//6 6757//6 6758//6
f 6731//6 6758//6 6757//6
f 6760//6 6728//6 6726//6
f 6692//6 6726//6 6693//6
f 6689//6 6760//6 6692//6
f 6726//6 6692//6 6760//6
f 6761//6 6759//6 6762//6
f 6688//6 6762//6 6689//6
f 6680//6 6761//6 6688//6
f 6762//6 6688//6 6761//6
f 6760//6 6689//6 6762//6
f 6758//6 6762//6 6759//6
f 6728//6 6760//6 6758//6
f 6762//6 6758//6 6760//6
f 6707//6 6710//6 6763//6
f 6764//6 6763//6 6765//6
f 6701//6 6707//6 6764//6
f 6763//6 6764//6 6707//6
f 6766//6 6765//6 6767//6
f 6679//6 6767//6 6680//6
f 6676//6 6766//6 6679//6
f 6767//6 6679//6 6766//6
f 6697//6 6701//6 6768//6
f 6674//6 6768//6 6676//6
f 6675//6 6697//6 6674//6
f 6768//6 6674//6 6697//6
f 6766//6 6676//6 6768//6
f 6764//6 6768//6 6701//6
f 6765//6 6766//6 6764//6
f 6768//6 6764//6 6766//6
f 6761//6 6680//6 6767//6
f 6769//6 6767//6 6765//6
f 6759//6 6761//6 6769//6
f 6767//6 6769//6 6761//6
f 6770//6 6765//6 6763//6
f 6756//6 6763//6 6710//6
f 6754//6 6770//6 6756//6
f 6763//6 6756//6 6770//6
f 6757//6 6759//6 6771//6
f 6753//6 6771//6 6754//6
f 6733//6 6757//6 6753//6
f 6771//6 6753//6 6757//6
f 6770//6 6754//6 6771//6
f 6769//6 6771//6 6759//6
f 6765//6 6770//6 6769//6
f 6771//6 6769//6 6770//6
f 6772//6 6628//6 6773//6
f 6774//6 6773//6 6775//6
f 6776//6 6772//6 6774//6
f 6773//6 6774//6 6772//6
f 6777//6 6775//6 6778//6
f 6779//6 6778//6 6780//6
f 6781//6 6777//6 6779//6
f 6778//6 6779//6 6777//6
f 6782//6 6776//6 6783//6
f 6784//6 6783//6 6781//6
f 6785//6 6782//6 6784//6
f 6783//6 6784//6 6782//6
f 6777//6 6781//6 6783//6
f 6774//6 6783//6 6776//6
f 6775//6 6777//6 6774//6
f 6783//6 6774//6 6777//6
f 6786//6 6780//6 6787//6
f 6788//6 6787//6 6789//6
f 6790//6 6786//6 6788//6
f 6787//6 6788//6 6786//6
f 6791//6 6789//6 6792//6
f 6793//6 6792//6 6794//6
f 6795//6 6791//6 6793//6
f 6792//6 6793//6 6791//6
f 6796//6 6790//6 6797//6
f 6798//6 6797//6 6795//6
f 6799//6 6796//6 6798//6
f 6797//6 6798//6 6796//6
f 6791//6 6795//6 6797//6
f 6788//6 6797//6 6790//6
f 6789//6 6791//6 6788//6
f 6797//6 6788//6 6791//6
f 6800//6 6785//6 6801//6
f 6802//6 6801//6 6803//6
f 6804//6 6800//6 6802//6
f 6801//6 6802//6 6800//6
f 6805//6 6803//6 6806//6
f 6807//6 6806//6 6799//6
f 6808//6 6805//6 6807//6
f 6806//6 6807//6 6805//6
f 6809//6 6804//6 6810//6
f 6811//6 6810//6 6808//6
f 6812//6 6809//6 6811//6
f 6810//6 6811//6 6809//6
f 6805//6 6808//6 6810//6
f 6802//6 6810//6 6804//6
f 6803//6 6805//6 6802//6
f 6810//6 6802//6 6805//6
f 6796//6 6799//6 6806//6
f 6813//6 6806//6 6803//6
f 6790//6 6796//6 6813//6
f 6806//6 6813//6 6796//6
f 6814//6 6803//6 6801//6
f 6784//6 6801//6 6785//6
f 6781//6 6814//6 6784//6
f 6801//6 6784//6 6814//6
f 6786//6 6790//6 6815//6
f 6779//6 6815//6 6781//6
f 6780//6 6786//6 6779//6
f 6815//6 6779//6 6786//6
f 6814//6 6781//6 6815//6
f 6813//6 6815//6 6790//6
f 6803//6 6814//6 6813//6
f 6815//6 6813//6 6814//6
f 6816//6 6794//6 6817//6
f 6818//6 6817//6 6819//6
f 6820//6 6816//6 6818//6
f 6817//6 6818//6 6816//6
f 6821//6 6819//6 6822//6
f 6823//6 6822//6 6824//6
f 6825//6 6821//6 6823//6
f 6822//6 6823//6 6821//6
f 6826//6 6820//6 6827//6
f 6828//6 6827//6 6825//6
f 6829//6 6826//6 6828//6
f 6827//6 6828//6 6826//6
f 6821//6 6825//6 6827//6
f 6818//6 6827//6 6820//6
f 6819//6 6821//6 6818//6
f 6827//6 6818//6 6821//6
f 6830//6 6824//6 6831//6
f 6832//6 6831//6 6833//6
f 6834//6 6830//6 6832//6
f 6831//6 6832//6 6830//6
f 953//6 956//6 6832//6
f 6834//6 6832//6 956//6
f 6833//6 953//6 6832//6
f 6835//6 6829//6 6836//6
f 6837//6 6836//6 6838//6
f 6839//6 6835//6 6837//6
f 6836//6 6837//6 6835//6
f 955//6 963//6 6840//6
f 962//6 965//6 6837//6
f 6839//6 6837//6 965//6
f 6837//6 6838//6 962//6
f 963//6 962//6 6838//6
f 6838//6 6840//6 963//6
f 6834//6 955//6 6840//6
f 6841//6 6838//6 6836//6
f 955//6 6834//6 956//6
f 6828//6 6836//6 6829//6
f 6825//6 6841//6 6828//6
f 6836//6 6828//6 6841//6
f 6830//6 6834//6 6842//6
f 6823//6 6842//6 6825//6
f 6824//6 6830//6 6823//6
f 6842//6 6823//6 6830//6
f 6841//6 6825//6 6842//6
f 6840//6 6842//6 6834//6
f 6838//6 6841//6 6840//6
f 6842//6 6840//6 6841//6
f 6843//6 6812//6 6844//6
f 6845//6 6844//6 6846//6
f 6843//6 387//6 386//6
f 6844//6 6845//6 6843//6
f 6847//6 6846//6 6848//6
f 6849//6 6848//6 6850//6
f 6851//6 6847//6 6849//6
f 6848//6 6849//6 6847//6
f 6851//6 363//6 6852//6
f 6847//6 6851//6 6852//6
f 6852//6 363//6 387//6
f 363//6 6851//6 364//6
f 6846//6 6847//6 6845//6
f 6852//6 387//6 6845//6
f 6852//6 6845//6 6847//6
f 6853//6 6850//6 6854//6
f 6855//6 6854//6 6856//6
f 6857//6 6853//6 6855//6
f 6854//6 6855//6 6853//6
f 964//6 982//6 6858//6
f 981//6 984//6 6855//6
f 6857//6 6855//6 984//6
f 6855//6 6856//6 981//6
f 982//6 981//6 6856//6
f 983//6 361//6 6859//6
f 6857//6 983//6 6859//6
f 983//6 6857//6 984//6
f 6859//6 361//6 360//6
f 6853//6 6857//6 6860//6
f 360//6 364//6 6861//6
f 6861//6 364//6 6851//6
f 6849//6 6860//6 6851//6
f 6850//6 6853//6 6849//6
f 6860//6 6849//6 6853//6
f 6861//6 6851//6 6860//6
f 6859//6 6860//6 6857//6
f 6861//6 6859//6 360//6
f 6860//6 6859//6 6861//6
f 6856//6 6858//6 982//6
f 6858//6 6839//6 964//6
f 6862//6 6856//6 6854//6
f 965//6 964//6 6839//6
f 6863//6 6854//6 6850//6
f 6864//6 6862//6 6863//6
f 6854//6 6863//6 6862//6
f 6835//6 6839//6 6865//6
f 6866//6 6865//6 6864//6
f 6829//6 6835//6 6866//6
f 6865//6 6866//6 6835//6
f 6862//6 6864//6 6865//6
f 6858//6 6865//6 6839//6
f 6856//6 6862//6 6858//6
f 6865//6 6858//6 6862//6
f 6867//6 6850//6 6848//6
f 6868//6 6848//6 6846//6
f 6869//6 6867//6 6868//6
f 6848//6 6868//6 6867//6
f 6870//6 6846//6 6844//6
f 6811//6 6844//6 6812//6
f 6808//6 6870//6 6811//6
f 6844//6 6811//6 6870//6
f 6871//6 6869//6 6872//6
f 6807//6 6872//6 6808//6
f 6799//6 6871//6 6807//6
f 6872//6 6807//6 6871//6
f 6870//6 6808//6 6872//6
f 6868//6 6872//6 6869//6
f 6846//6 6870//6 6868//6
f 6872//6 6868//6 6870//6
f 6826//6 6829//6 6873//6
f 6874//6 6873//6 6875//6
f 6820//6 6826//6 6874//6
f 6873//6 6874//6 6826//6
f 6876//6 6875//6 6877//6
f 6798//6 6877//6 6799//6
f 6795//6 6876//6 6798//6
f 6877//6 6798//6 6876//6
f 6816//6 6820//6 6878//6
f 6793//6 6878//6 6795//6
f 6794//6 6816//6 6793//6
f 6878//6 6793//6 6816//6
f 6876//6 6795//6 6878//6
f 6874//6 6878//6 6820//6
f 6875//6 6876//6 6874//6
f 6878//6 6874//6 6876//6
f 6871//6 6799//6 6877//6
f 6879//6 6877//6 6875//6
f 6869//6 6871//6 6879//6
f 6877//6 6879//6 6871//6
f 6880//6 6875//6 6873//6
f 6866//6 6873//6 6829//6
f 6864//6 6880//6 6866//6
f 6873//6 6866//6 6880//6
f 6867//6 6869//6 6881//6
f 6863//6 6881//6 6864//6
f 6850//6 6867//6 6863//6
f 6881//6 6863//6 6867//6
f 6880//6 6864//6 6881//6
f 6879//6 6881//6 6869//6
f 6875//6 6880//6 6879//6
f 6881//6 6879//6 6880//6
f 6882//6 954//6 6833//6
f 6833//6 954//6 953//6
f 6749//6 916//6 6882//6
f 6882//6 916//6 954//6
f 6883//6 6833//6 6831//6
f 6884//6 6831//6 6824//6
f 6885//6 6883//6 6884//6
f 6831//6 6884//6 6883//6
f 6745//6 6749//6 6886//6
f 6887//6 6886//6 6885//6
f 6738//6 6745//6 6887//6
f 6886//6 6887//6 6745//6
f 6883//6 6885//6 6886//6
f 6882//6 6886//6 6749//6
f 6833//6 6883//6 6882//6
f 6886//6 6882//6 6883//6
f 6888//6 6824//6 6822//6
f 6889//6 6822//6 6819//6
f 6890//6 6888//6 6889//6
f 6822//6 6889//6 6888//6
f 6891//6 6819//6 6817//6
f 6892//6 6817//6 6794//6
f 6893//6 6891//6 6892//6
f 6817//6 6892//6 6891//6
f 6894//6 6890//6 6895//6
f 6896//6 6895//6 6893//6
f 6897//6 6894//6 6896//6
f 6895//6 6896//6 6894//6
f 6891//6 6893//6 6895//6
f 6889//6 6895//6 6890//6
f 6819//6 6891//6 6889//6
f 6895//6 6889//6 6891//6
f 6735//6 6738//6 6898//6
f 6899//6 6898//6 6900//6
f 6729//6 6735//6 6899//6
f 6898//6 6899//6 6735//6
f 6901//6 6900//6 6902//6
f 6903//6 6902//6 6897//6
f 6904//6 6901//6 6903//6
f 6902//6 6903//6 6901//6
f 6725//6 6729//6 6905//6
f 6906//6 6905//6 6904//6
f 6693//6 6725//6 6906//6
f 6905//6 6906//6 6725//6
f 6901//6 6904//6 6905//6
f 6899//6 6905//6 6729//6
f 6900//6 6901//6 6899//6
f 6905//6 6899//6 6901//6
f 6894//6 6897//6 6902//6
f 6907//6 6902//6 6900//6
f 6890//6 6894//6 6907//6
f 6902//6 6907//6 6894//6
f 6908//6 6900//6 6898//6
f 6887//6 6898//6 6738//6
f 6885//6 6908//6 6887//6
f 6898//6 6887//6 6908//6
f 6888//6 6890//6 6909//6
f 6884//6 6909//6 6885//6
f 6824//6 6888//6 6884//6
f 6909//6 6884//6 6888//6
f 6908//6 6885//6 6909//6
f 6907//6 6909//6 6890//6
f 6900//6 6908//6 6907//6
f 6909//6 6907//6 6908//6
f 6910//6 6794//6 6792//6
f 6911//6 6792//6 6789//6
f 6912//6 6910//6 6911//6
f 6792//6 6911//6 6910//6
f 6913//6 6789//6 6787//6
f 6914//6 6787//6 6780//6
f 6915//6 6913//6 6914//6
f 6787//6 6914//6 6913//6
f 6916//6 6912//6 6917//6
f 6918//6 6917//6 6915//6
f 6919//6 6916//6 6918//6
f 6917//6 6918//6 6916//6
f 6913//6 6915//6 6917//6
f 6911//6 6917//6 6912//6
f 6789//6 6913//6 6911//6
f 6917//6 6911//6 6913//6
f 6920//6 6780//6 6778//6
f 6921//6 6778//6 6775//6
f 6922//6 6920//6 6921//6
f 6778//6 6921//6 6920//6
f 6923//6 6775//6 6773//6
f 6627//6 6773//6 6628//6
f 6624//6 6923//6 6627//6
f 6773//6 6627//6 6923//6
f 6924//6 6922//6 6925//6
f 6623//6 6925//6 6624//6
f 6615//6 6924//6 6623//6
f 6925//6 6623//6 6924//6
f 6923//6 6624//6 6925//6
f 6921//6 6925//6 6922//6
f 6775//6 6923//6 6921//6
f 6925//6 6921//6 6923//6
f 6926//6 6919//6 6927//6
f 6928//6 6927//6 6929//6
f 6930//6 6926//6 6928//6
f 6927//6 6928//6 6926//6
f 6931//6 6929//6 6932//6
f 6614//6 6932//6 6615//6
f 6611//6 6931//6 6614//6
f 6932//6 6614//6 6931//6
f 6933//6 6930//6 6934//6
f 6610//6 6934//6 6611//6
f 6585//6 6933//6 6610//6
f 6934//6 6610//6 6933//6
f 6931//6 6611//6 6934//6
f 6928//6 6934//6 6930//6
f 6929//6 6931//6 6928//6
f 6934//6 6928//6 6931//6
f 6924//6 6615//6 6932//6
f 6935//6 6932//6 6929//6
f 6922//6 6924//6 6935//6
f 6932//6 6935//6 6924//6
f 6936//6 6929//6 6927//6
f 6918//6 6927//6 6919//6
f 6915//6 6936//6 6918//6
f 6927//6 6918//6 6936//6
f 6920//6 6922//6 6937//6
f 6914//6 6937//6 6915//6
f 6780//6 6920//6 6914//6
f 6937//6 6914//6 6920//6
f 6936//6 6915//6 6937//6
f 6935//6 6937//6 6922//6
f 6929//6 6936//6 6935//6
f 6937//6 6935//6 6936//6
f 6690//6 6693//6 6938//6
f 6939//6 6938//6 6940//6
f 6685//6 6690//6 6939//6
f 6938//6 6939//6 6690//6
f 6941//6 6940//6 6942//6
f 6943//6 6942//6 6944//6
f 6945//6 6941//6 6943//6
f 6942//6 6943//6 6941//6
f 6681//6 6685//6 6946//6
f 6947//6 6946//6 6945//6
f 6666//6 6681//6 6947//6
f 6946//6 6947//6 6681//6
f 6941//6 6945//6 6946//6
f 6939//6 6946//6 6685//6
f 6940//6 6941//6 6939//6
f 6946//6 6939//6 6941//6
f 6948//6 6944//6 6949//6
f 6950//6 6949//6 6951//6
f 6952//6 6948//6 6950//6
f 6949//6 6950//6 6948//6
f 6953//6 6951//6 6954//6
f 6584//6 6954//6 6585//6
f 6581//6 6953//6 6584//6
f 6954//6 6584//6 6953//6
f 6955//6 6952//6 6956//6
f 6580//6 6956//6 6581//6
f 6572//6 6955//6 6580//6
f 6956//6 6580//6 6955//6
f 6953//6 6581//6 6956//6
f 6950//6 6956//6 6952//6
f 6951//6 6953//6 6950//6
f 6956//6 6950//6 6953//6
f 6663//6 6666//6 6957//6
f 6958//6 6957//6 6959//6
f 6657//6 6663//6 6958//6
f 6957//6 6958//6 6663//6
f 6960//6 6959//6 6961//6
f 6571//6 6961//6 6572//6
f 6568//6 6960//6 6571//6
f 6961//6 6571//6 6960//6
f 6653//6 6657//6 6962//6
f 6566//6 6962//6 6568//6
f 6567//6 6653//6 6566//6
f 6962//6 6566//6 6653//6
f 6960//6 6568//6 6962//6
f 6958//6 6962//6 6657//6
f 6959//6 6960//6 6958//6
f 6962//6 6958//6 6960//6
f 6955//6 6572//6 6961//6
f 6963//6 6961//6 6959//6
f 6952//6 6955//6 6963//6
f 6961//6 6963//6 6955//6
f 6964//6 6959//6 6957//6
f 6947//6 6957//6 6666//6
f 6945//6 6964//6 6947//6
f 6957//6 6947//6 6964//6
f 6948//6 6952//6 6965//6
f 6943//6 6965//6 6945//6
f 6944//6 6948//6 6943//6
f 6965//6 6943//6 6948//6
f 6964//6 6945//6 6965//6
f 6963//6 6965//6 6952//6
f 6959//6 6964//6 6963//6
f 6965//6 6963//6 6964//6
f 6933//6 6585//6 6954//6
f 6966//6 6954//6 6951//6
f 6930//6 6933//6 6966//6
f 6954//6 6966//6 6933//6
f 6967//6 6951//6 6949//6
f 6968//6 6949//6 6944//6
f 6969//6 6967//6 6968//6
f 6949//6 6968//6 6967//6
f 6926//6 6930//6 6970//6
f 6971//6 6970//6 6969//6
f 6919//6 6926//6 6971//6
f 6970//6 6971//6 6926//6
f 6967//6 6969//6 6970//6
f 6966//6 6970//6 6930//6
f 6951//6 6967//6 6966//6
f 6970//6 6966//6 6967//6
f 6972//6 6944//6 6942//6
f 6973//6 6942//6 6940//6
f 6974//6 6972//6 6973//6
f 6942//6 6973//6 6972//6
f 6975//6 6940//6 6938//6
f 6906//6 6938//6 6693//6
f 6904//6 6975//6 6906//6
f 6938//6 6906//6 6975//6
f 6976//6 6974//6 6977//6
f 6903//6 6977//6 6904//6
f 6897//6 6976//6 6903//6
f 6977//6 6903//6 6976//6
f 6975//6 6904//6 6977//6
f 6973//6 6977//6 6974//6
f 6940//6 6975//6 6973//6
f 6977//6 6973//6 6975//6
f 6916//6 6919//6 6978//6
f 6979//6 6978//6 6980//6
f 6912//6 6916//6 6979//6
f 6978//6 6979//6 6916//6
f 6981//6 6980//6 6982//6
f 6896//6 6982//6 6897//6
f 6893//6 6981//6 6896//6
f 6982//6 6896//6 6981//6
f 6910//6 6912//6 6983//6
f 6892//6 6983//6 6893//6
f 6794//6 6910//6 6892//6
f 6983//6 6892//6 6910//6
f 6981//6 6893//6 6983//6
f 6979//6 6983//6 6912//6
f 6980//6 6981//6 6979//6
f 6983//6 6979//6 6981//6
f 6976//6 6897//6 6982//6
f 6984//6 6982//6 6980//6
f 6974//6 6976//6 6984//6
f 6982//6 6984//6 6976//6
f 6985//6 6980//6 6978//6
f 6971//6 6978//6 6919//6
f 6969//6 6985//6 6971//6
f 6978//6 6971//6 6985//6
f 6972//6 6974//6 6986//6
f 6968//6 6986//6 6969//6
f 6944//6 6972//6 6968//6
f 6986//6 6968//6 6972//6
f 6985//6 6969//6 6986//6
f 6984//6 6986//6 6974//6
f 6980//6 6985//6 6984//6
f 6986//6 6984//6 6985//6
f 387//6 6843//6 6845//6
f 386//6 6812//6 6843//6
f 6809//6 6812//6 6987//6
f 6804//6 6809//6 6988//6
f 6987//6 6988//6 6809//6
f 6989//6 397//6 396//6
f 389//6 397//6 6988//6
f 6990//6 396//6 6991//6
f 6989//6 396//6 6990//6
f 6800//6 6804//6 6992//6
f 6993//6 6992//6 6990//6
f 6785//6 6800//6 6993//6
f 6992//6 6993//6 6800//6
f 6989//6 6990//6 6992//6
f 6988//6 6992//6 6804//6
f 6989//6 6988//6 397//6
f 6992//6 6988//6 6989//6
f 6991//6 399//6 6994//6
f 399//6 435//6 6995//6
f 6995//6 435//6 6996//6
f 6782//6 6785//6 6997//6
f 6998//6 6997//6 6999//6
f 6776//6 6782//6 6998//6
f 6997//6 6998//6 6782//6
f 7000//6 6999//6 7001//6
f 7002//6 7001//6 6996//6
f 7003//6 7000//6 7002//6
f 7001//6 7002//6 7000//6
f 6772//6 6776//6 7004//6
f 7005//6 7004//6 7003//6
f 6628//6 6772//6 7005//6
f 7004//6 7005//6 6772//6
f 7000//6 7003//6 7004//6
f 6998//6 7004//6 6776//6
f 6999//6 7000//6 6998//6
f 7004//6 6998//6 7000//6
f 6995//6 6996//6 7001//6
f 6994//6 7001//6 6999//6
f 6995//6 6994//6 399//6
f 7001//6 6994//6 6995//6
f 7006//6 6999//6 6997//6
f 6993//6 6997//6 6785//6
f 6990//6 7006//6 6993//6
f 6997//6 6993//6 7006//6
f 396//6 400//6 6991//6
f 7006//6 6990//6 6991//6
f 399//6 6991//6 400//6
f 6999//6 7006//6 6994//6
f 6991//6 6994//6 7006//6
f 6987//6 6812//6 390//6
f 390//6 389//6 6987//6
f 6987//6 389//6 6988//6
f 6812//6 386//6 390//6
f 6625//6 6628//6 7007//6
f 7008//6 7007//6 7009//6
f 6620//6 6625//6 7008//6
f 7007//6 7008//6 6625//6
f 7010//6 7009//6 7011//6
f 7012//6 7011//6 7013//6
f 7014//6 7010//6 7012//6
f 7011//6 7012//6 7010//6
f 6616//6 6620//6 7015//6
f 7016//6 7015//6 7014//6
f 6602//6 6616//6 7016//6
f 7015//6 7016//6 6616//6
f 7010//6 7014//6 7015//6
f 7008//6 7015//6 6620//6
f 7009//6 7010//6 7008//6
f 7015//6 7008//6 7010//6
f 7017//6 7013//6 7018//6
f 7019//6 7018//6 7020//6
f 7021//6 7017//6 7019//6
f 7018//6 7019//6 7017//6
f 7022//6 7020//6 7023//6
f 7024//6 7023//6 7025//6
f 7026//6 7022//6 7024//6
f 7023//6 7024//6 7022//6
f 7027//6 7021//6 7028//6
f 7029//6 7028//6 7026//6
f 7030//6 7027//6 7029//6
f 7028//6 7029//6 7027//6
f 7022//6 7026//6 7028//6
f 7019//6 7028//6 7021//6
f 7020//6 7022//6 7019//6
f 7028//6 7019//6 7022//6
f 6599//6 6602//6 7031//6
f 7032//6 7031//6 7033//6
f 6593//6 6599//6 7032//6
f 7031//6 7032//6 6599//6
f 7034//6 7033//6 7035//6
f 7036//6 7035//6 7030//6
f 7037//6 7034//6 7036//6
f 7035//6 7036//6 7034//6
f 6589//6 6593//6 7038//6
f 7039//6 7038//6 7037//6
f 6541//6 6589//6 7039//6
f 7038//6 7039//6 6589//6
f 7034//6 7037//6 7038//6
f 7032//6 7038//6 6593//6
f 7033//6 7034//6 7032//6
f 7038//6 7032//6 7034//6
f 7027//6 7030//6 7035//6
f 7040//6 7035//6 7033//6
f 7021//6 7027//6 7040//6
f 7035//6 7040//6 7027//6
f 7041//6 7033//6 7031//6
f 7016//6 7031//6 6602//6
f 7014//6 7041//6 7016//6
f 7031//6 7016//6 7041//6
f 7017//6 7021//6 7042//6
f 7012//6 7042//6 7014//6
f 7013//6 7017//6 7012//6
f 7042//6 7012//6 7017//6
f 7041//6 7014//6 7042//6
f 7040//6 7042//6 7021//6
f 7033//6 7041//6 7040//6
f 7042//6 7040//6 7041//6
f 7043//6 7025//6 7044//6
f 469//6 7044//6 470//6
f 7045//6 7043//6 7046//6
f 7044//6 7046//6 7043//6
f 7044//6 469//6 7046//6
f 7047//6 7045//6 7048//6
f 469//6 473//6 7049//6
f 7049//6 473//6 7050//6
f 7051//6 7048//6 7050//6
f 7052//6 7047//6 7051//6
f 7048//6 7051//6 7047//6
f 7049//6 7050//6 7048//6
f 7046//6 7048//6 7045//6
f 7049//6 7046//6 469//6
f 7048//6 7046//6 7049//6
f 480//6 6461//6 7053//6
f 483//6 6461//6 479//6
f 7054//6 7052//6 7055//6
f 7056//6 7055//6 7057//6
f 7058//6 7054//6 7056//6
f 7055//6 7056//6 7054//6
f 7059//6 7057//6 7060//6
f 6457//6 7060//6 6458//6
f 6454//6 7059//6 6457//6
f 7060//6 6457//6 7059//6
f 7061//6 7058//6 7062//6
f 6453//6 7062//6 6454//6
f 6432//6 7061//6 6453//6
f 7062//6 6453//6 7061//6
f 7059//6 6454//6 7062//6
f 7056//6 7062//6 7058//6
f 7057//6 7059//6 7056//6
f 7062//6 7056//6 7059//6
f 6461//6 6458//6 7060//6
f 7053//6 7060//6 7057//6
f 6461//6 480//6 479//6
f 7060//6 7053//6 6461//6
f 7063//6 7057//6 7055//6
f 7051//6 7055//6 7052//6
f 7050//6 7063//6 7051//6
f 7055//6 7051//6 7063//6
f 7064//6 7050//6 472//6
f 7064//6 480//6 7053//6
f 7063//6 7050//6 7064//6
f 7064//6 472//6 480//6
f 473//6 472//6 7050//6
f 7057//6 7063//6 7053//6
f 7064//6 7053//6 7063//6
f 6538//6 6541//6 7065//6
f 7066//6 7065//6 7067//6
f 6533//6 6538//6 7066//6
f 7065//6 7066//6 6538//6
f 7068//6 7067//6 7069//6
f 7070//6 7069//6 7071//6
f 7072//6 7068//6 7070//6
f 7069//6 7070//6 7068//6
f 6529//6 6533//6 7073//6
f 7074//6 7073//6 7072//6
f 6514//6 6529//6 7074//6
f 7073//6 7074//6 6529//6
f 7068//6 7072//6 7073//6
f 7066//6 7073//6 6533//6
f 7067//6 7068//6 7066//6
f 7073//6 7066//6 7068//6
f 7075//6 7071//6 7076//6
f 7077//6 7076//6 7078//6
f 7079//6 7075//6 7077//6
f 7076//6 7077//6 7075//6
f 7080//6 7078//6 7081//6
f 6431//6 7081//6 6432//6
f 6428//6 7080//6 6431//6
f 7081//6 6431//6 7080//6
f 7082//6 7079//6 7083//6
f 6427//6 7083//6 6428//6
f 6419//6 7082//6 6427//6
f 7083//6 6427//6 7082//6
f 7080//6 6428//6 7083//6
f 7077//6 7083//6 7079//6
f 7078//6 7080//6 7077//6
f 7083//6 7077//6 7080//6
f 6511//6 6514//6 7084//6
f 7085//6 7084//6 7086//6
f 6505//6 6511//6 7085//6
f 7084//6 7085//6 6511//6
f 7087//6 7086//6 7088//6
f 6418//6 7088//6 6419//6
f 6415//6 7087//6 6418//6
f 7088//6 6418//6 7087//6
f 6501//6 6505//6 7089//6
f 6413//6 7089//6 6415//6
f 6414//6 6501//6 6413//6
f 7089//6 6413//6 6501//6
f 7087//6 6415//6 7089//6
f 7085//6 7089//6 6505//6
f 7086//6 7087//6 7085//6
f 7089//6 7085//6 7087//6
f 7082//6 6419//6 7088//6
f 7090//6 7088//6 7086//6
f 7079//6 7082//6 7090//6
f 7088//6 7090//6 7082//6
f 7091//6 7086//6 7084//6
f 7074//6 7084//6 6514//6
f 7072//6 7091//6 7074//6
f 7084//6 7074//6 7091//6
f 7075//6 7079//6 7092//6
f 7070//6 7092//6 7072//6
f 7071//6 7075//6 7070//6
f 7092//6 7070//6 7075//6
f 7091//6 7072//6 7092//6
f 7090//6 7092//6 7079//6
f 7086//6 7091//6 7090//6
f 7092//6 7090//6 7091//6
f 7061//6 6432//6 7081//6
f 7093//6 7081//6 7078//6
f 7058//6 7061//6 7093//6
f 7081//6 7093//6 7061//6
f 7094//6 7078//6 7076//6
f 7095//6 7076//6 7071//6
f 7096//6 7094//6 7095//6
f 7076//6 7095//6 7094//6
f 7054//6 7058//6 7097//6
f 7098//6 7097//6 7096//6
f 7052//6 7054//6 7098//6
f 7097//6 7098//6 7054//6
f 7094//6 7096//6 7097//6
f 7093//6 7097//6 7058//6
f 7078//6 7094//6 7093//6
f 7097//6 7093//6 7094//6
f 7099//6 7071//6 7069//6
f 7100//6 7069//6 7067//6
f 7101//6 7099//6 7100//6
f 7069//6 7100//6 7099//6
f 7102//6 7067//6 7065//6
f 7039//6 7065//6 6541//6
f 7037//6 7102//6 7039//6
f 7065//6 7039//6 7102//6
f 7103//6 7101//6 7104//6
f 7036//6 7104//6 7037//6
f 7030//6 7103//6 7036//6
f 7104//6 7036//6 7103//6
f 7102//6 7037//6 7104//6
f 7100//6 7104//6 7101//6
f 7067//6 7102//6 7100//6
f 7104//6 7100//6 7102//6
f 7047//6 7052//6 7105//6
f 7106//6 7105//6 7107//6
f 7045//6 7047//6 7106//6
f 7105//6 7106//6 7047//6
f 7108//6 7107//6 7109//6
f 7029//6 7109//6 7030//6
f 7026//6 7108//6 7029//6
f 7109//6 7029//6 7108//6
f 7043//6 7045//6 7110//6
f 7024//6 7110//6 7026//6
f 7025//6 7043//6 7024//6
f 7110//6 7024//6 7043//6
f 7108//6 7026//6 7110//6
f 7106//6 7110//6 7045//6
f 7107//6 7108//6 7106//6
f 7110//6 7106//6 7108//6
f 7103//6 7030//6 7109//6
f 7111//6 7109//6 7107//6
f 7101//6 7103//6 7111//6
f 7109//6 7111//6 7103//6
f 7112//6 7107//6 7105//6
f 7098//6 7105//6 7052//6
f 7096//6 7112//6 7098//6
f 7105//6 7098//6 7112//6
f 7099//6 7101//6 7113//6
f 7095//6 7113//6 7096//6
f 7071//6 7099//6 7095//6
f 7113//6 7095//6 7099//6
f 7112//6 7096//6 7113//6
f 7111//6 7113//6 7101//6
f 7107//6 7112//6 7111//6
f 7113//6 7111//6 7112//6
f 7044//6 447//6 470//6
f 447//6 7044//6 7025//6
f 7114//6 7025//6 7023//6
f 7115//6 7023//6 7020//6
f 7114//6 7115//6 448//6
f 7023//6 7115//6 7114//6
f 7116//6 7020//6 7018//6
f 7117//6 7018//6 7013//6
f 7118//6 7116//6 7117//6
f 7018//6 7117//6 7116//6
f 7119//6 7118//6 445//6
f 445//6 444//6 7119//6
f 7119//6 444//6 7115//6
f 7116//6 7118//6 7119//6
f 7120//6 445//6 7118//6
f 7020//6 7116//6 7115//6
f 7119//6 7115//6 7116//6
f 7121//6 7013//6 7011//6
f 7122//6 7011//6 7009//6
f 7123//6 7121//6 7122//6
f 7011//6 7122//6 7121//6
f 7124//6 7009//6 7007//6
f 7005//6 7007//6 6628//6
f 7003//6 7124//6 7005//6
f 7007//6 7005//6 7124//6
f 7125//6 7123//6 7126//6
f 7002//6 7126//6 7003//6
f 6996//6 7125//6 7002//6
f 7126//6 7002//6 7125//6
f 7124//6 7003//6 7126//6
f 7122//6 7126//6 7123//6
f 7009//6 7124//6 7122//6
f 7126//6 7122//6 7124//6
f 7127//6 6996//6 434//6
f 7127//6 434//6 438//6
f 435//6 434//6 6996//6
f 7125//6 6996//6 7127//6
f 7123//6 7125//6 7128//6
f 7127//6 438//6 7128//6
f 7127//6 7128//6 7125//6
f 438//6 7120//6 7128//6
f 445//6 7120//6 437//6
f 7121//6 7123//6 7129//6
f 7117//6 7129//6 7118//6
f 7013//6 7121//6 7117//6
f 7129//6 7117//6 7121//6
f 7120//6 7118//6 7129//6
f 7128//6 7129//6 7123//6
f 7120//6 438//6 437//6
f 7129//6 7128//6 7120//6
f 7114//6 448//6 447//6
f 444//6 448//6 7115//6
f 7114//6 447//6 7025//6
f 872//6 6714//6 7130//6
f 6044//6 872//6 7130//6
f 7131//6 6714//6 6712//6
f 872//6 6044//6 823//6
f 7132//6 6712//6 6705//6
f 7133//6 7131//6 7132//6
f 6712//6 7132//6 7131//6
f 6040//6 6044//6 7134//6
f 7135//6 7134//6 7133//6
f 6033//6 6040//6 7135//6
f 7134//6 7135//6 6040//6
f 7131//6 7133//6 7134//6
f 7130//6 7134//6 6044//6
f 6714//6 7131//6 7130//6
f 7134//6 7130//6 7131//6
f 7136//6 6705//6 6703//6
f 7137//6 6703//6 6700//6
f 7138//6 7136//6 7137//6
f 6703//6 7137//6 7136//6
f 7139//6 6700//6 6698//6
f 7140//6 6698//6 6675//6
f 7141//6 7139//6 7140//6
f 6698//6 7140//6 7139//6
f 7142//6 7138//6 7143//6
f 7144//6 7143//6 7141//6
f 7145//6 7142//6 7144//6
f 7143//6 7144//6 7142//6
f 7139//6 7141//6 7143//6
f 7137//6 7143//6 7138//6
f 6700//6 7139//6 7137//6
f 7143//6 7137//6 7139//6
f 6030//6 6033//6 7146//6
f 7147//6 7146//6 7148//6
f 6024//6 6030//6 7147//6
f 7146//6 7147//6 6030//6
f 7149//6 7148//6 7150//6
f 7151//6 7150//6 7145//6
f 7152//6 7149//6 7151//6
f 7150//6 7151//6 7149//6
f 6020//6 6024//6 7153//6
f 7154//6 7153//6 7152//6
f 5989//6 6020//6 7154//6
f 7153//6 7154//6 6020//6
f 7149//6 7152//6 7153//6
f 7147//6 7153//6 6024//6
f 7148//6 7149//6 7147//6
f 7153//6 7147//6 7149//6
f 7142//6 7145//6 7150//6
f 7155//6 7150//6 7148//6
f 7138//6 7142//6 7155//6
f 7150//6 7155//6 7142//6
f 7156//6 7148//6 7146//6
f 7135//6 7146//6 6033//6
f 7133//6 7156//6 7135//6
f 7146//6 7135//6 7156//6
f 7136//6 7138//6 7157//6
f 7132//6 7157//6 7133//6
f 6705//6 7136//6 7132//6
f 7157//6 7132//6 7136//6
f 7156//6 7133//6 7157//6
f 7155//6 7157//6 7138//6
f 7148//6 7156//6 7155//6
f 7157//6 7155//6 7156//6
f 7158//6 6675//6 6673//6
f 7159//6 6673//6 6670//6
f 7160//6 7158//6 7159//6
f 6673//6 7159//6 7158//6
f 7161//6 6670//6 6668//6
f 7162//6 6668//6 6661//6
f 7163//6 7161//6 7162//6
f 6668//6 7162//6 7161//6
f 7164//6 7160//6 7165//6
f 7166//6 7165//6 7163//6
f 7167//6 7164//6 7166//6
f 7165//6 7166//6 7164//6
f 7161//6 7163//6 7165//6
f 7159//6 7165//6 7160//6
f 6670//6 7161//6 7159//6
f 7165//6 7159//6 7161//6
f 7168//6 6661//6 6659//6
f 7169//6 6659//6 6656//6
f 7170//6 7168//6 7169//6
f 6659//6 7169//6 7168//6
f 7171//6 6656//6 6654//6
f 7172//6 6654//6 6567//6
f 7173//6 7171//6 7172//6
f 6654//6 7172//6 7171//6
f 7174//6 7170//6 7175//6
f 7176//6 7175//6 7173//6
f 7177//6 7174//6 7176//6
f 7175//6 7176//6 7174//6
f 7171//6 7173//6 7175//6
f 7169//6 7175//6 7170//6
f 6656//6 7171//6 7169//6
f 7175//6 7169//6 7171//6
f 7178//6 7167//6 7179//6
f 7180//6 7179//6 7181//6
f 7182//6 7178//6 7180//6
f 7179//6 7180//6 7178//6
f 7183//6 7181//6 7184//6
f 7185//6 7184//6 7177//6
f 7186//6 7183//6 7185//6
f 7184//6 7185//6 7183//6
f 7187//6 7182//6 7188//6
f 7189//6 7188//6 7186//6
f 7190//6 7187//6 7189//6
f 7188//6 7189//6 7187//6
f 7183//6 7186//6 7188//6
f 7180//6 7188//6 7182//6
f 7181//6 7183//6 7180//6
f 7188//6 7180//6 7183//6
f 7174//6 7177//6 7184//6
f 7191//6 7184//6 7181//6
f 7170//6 7174//6 7191//6
f 7184//6 7191//6 7174//6
f 7192//6 7181//6 7179//6
f 7166//6 7179//6 7167//6
f 7163//6 7192//6 7166//6
f 7179//6 7166//6 7192//6
f 7168//6 7170//6 7193//6
f 7162//6 7193//6 7163//6
f 6661//6 7168//6 7162//6
f 7193//6 7162//6 7168//6
f 7192//6 7163//6 7193//6
f 7191//6 7193//6 7170//6
f 7181//6 7192//6 7191//6
f 7193//6 7191//6 7192//6
f 5986//6 5989//6 7194//6
f 7195//6 7194//6 7196//6
f 5981//6 5986//6 7195//6
f 7194//6 7195//6 5986//6
f 7197//6 7196//6 7198//6
f 7199//6 7198//6 7200//6
f 7201//6 7197//6 7199//6
f 7198//6 7199//6 7197//6
f 5977//6 5981//6 7202//6
f 7203//6 7202//6 7201//6
f 5962//6 5977//6 7203//6
f 7202//6 7203//6 5977//6
f 7197//6 7201//6 7202//6
f 7195//6 7202//6 5981//6
f 7196//6 7197//6 7195//6
f 7202//6 7195//6 7197//6
f 7204//6 7200//6 7205//6
f 7206//6 7205//6 7207//6
f 7208//6 7204//6 7206//6
f 7205//6 7206//6 7204//6
f 7209//6 7207//6 7210//6
f 7211//6 7210//6 7190//6
f 7212//6 7209//6 7211//6
f 7210//6 7211//6 7209//6
f 7213//6 7208//6 7214//6
f 7215//6 7214//6 7212//6
f 7216//6 7213//6 7215//6
f 7214//6 7215//6 7213//6
f 7209//6 7212//6 7214//6
f 7206//6 7214//6 7208//6
f 7207//6 7209//6 7206//6
f 7214//6 7206//6 7209//6
f 5959//6 5962//6 7217//6
f 7218//6 7217//6 7219//6
f 5953//6 5959//6 7218//6
f 7217//6 7218//6 5959//6
f 7220//6 7219//6 7221//6
f 7222//6 7221//6 7216//6
f 7223//6 7220//6 7222//6
f 7221//6 7222//6 7220//6
f 5949//6 5953//6 7224//6
f 7225//6 7224//6 7223//6
f 5814//6 5949//6 7225//6
f 7224//6 7225//6 5949//6
f 7220//6 7223//6 7224//6
f 7218//6 7224//6 5953//6
f 7219//6 7220//6 7218//6
f 7224//6 7218//6 7220//6
f 7213//6 7216//6 7221//6
f 7226//6 7221//6 7219//6
f 7208//6 7213//6 7226//6
f 7221//6 7226//6 7213//6
f 7227//6 7219//6 7217//6
f 7203//6 7217//6 5962//6
f 7201//6 7227//6 7203//6
f 7217//6 7203//6 7227//6
f 7204//6 7208//6 7228//6
f 7199//6 7228//6 7201//6
f 7200//6 7204//6 7199//6
f 7228//6 7199//6 7204//6
f 7227//6 7201//6 7228//6
f 7226//6 7228//6 7208//6
f 7219//6 7227//6 7226//6
f 7228//6 7226//6 7227//6
f 7187//6 7190//6 7210//6
f 7229//6 7210//6 7207//6
f 7182//6 7187//6 7229//6
f 7210//6 7229//6 7187//6
f 7230//6 7207//6 7205//6
f 7231//6 7205//6 7200//6
f 7232//6 7230//6 7231//6
f 7205//6 7231//6 7230//6
f 7178//6 7182//6 7233//6
f 7234//6 7233//6 7232//6
f 7167//6 7178//6 7234//6
f 7233//6 7234//6 7178//6
f 7230//6 7232//6 7233//6
f 7229//6 7233//6 7182//6
f 7207//6 7230//6 7229//6
f 7233//6 7229//6 7230//6
f 7235//6 7200//6 7198//6
f 7236//6 7198//6 7196//6
f 7237//6 7235//6 7236//6
f 7198//6 7236//6 7235//6
f 7238//6 7196//6 7194//6
f 7154//6 7194//6 5989//6
f 7152//6 7238//6 7154//6
f 7194//6 7154//6 7238//6
f 7239//6 7237//6 7240//6
f 7151//6 7240//6 7152//6
f 7145//6 7239//6 7151//6
f 7240//6 7151//6 7239//6
f 7238//6 7152//6 7240//6
f 7236//6 7240//6 7237//6
f 7196//6 7238//6 7236//6
f 7240//6 7236//6 7238//6
f 7164//6 7167//6 7241//6
f 7242//6 7241//6 7243//6
f 7160//6 7164//6 7242//6
f 7241//6 7242//6 7164//6
f 7244//6 7243//6 7245//6
f 7144//6 7245//6 7145//6
f 7141//6 7244//6 7144//6
f 7245//6 7144//6 7244//6
f 7158//6 7160//6 7246//6
f 7140//6 7246//6 7141//6
f 6675//6 7158//6 7140//6
f 7246//6 7140//6 7158//6
f 7244//6 7141//6 7246//6
f 7242//6 7246//6 7160//6
f 7243//6 7244//6 7242//6
f 7246//6 7242//6 7244//6
f 7239//6 7145//6 7245//6
f 7247//6 7245//6 7243//6
f 7237//6 7239//6 7247//6
f 7245//6 7247//6 7239//6
f 7248//6 7243//6 7241//6
f 7234//6 7241//6 7167//6
f 7232//6 7248//6 7234//6
f 7241//6 7234//6 7248//6
f 7235//6 7237//6 7249//6
f 7231//6 7249//6 7232//6
f 7200//6 7235//6 7231//6
f 7249//6 7231//6 7235//6
f 7248//6 7232//6 7249//6
f 7247//6 7249//6 7237//6
f 7243//6 7248//6 7247//6
f 7249//6 7247//6 7248//6
f 7250//6 6567//6 6565//6
f 7251//6 6565//6 6562//6
f 7252//6 7250//6 7251//6
f 6565//6 7251//6 7250//6
f 7253//6 6562//6 6560//6
f 7254//6 6560//6 6553//6
f 7255//6 7253//6 7254//6
f 6560//6 7254//6 7253//6
f 7256//6 7252//6 7257//6
f 7258//6 7257//6 7255//6
f 7259//6 7256//6 7258//6
f 7257//6 7258//6 7256//6
f 7253//6 7255//6 7257//6
f 7251//6 7257//6 7252//6
f 6562//6 7253//6 7251//6
f 7257//6 7251//6 7253//6
f 7260//6 6553//6 6551//6
f 7261//6 6551//6 6548//6
f 7262//6 7260//6 7261//6
f 6551//6 7261//6 7260//6
f 7263//6 6548//6 6546//6
f 7264//6 6546//6 6523//6
f 7265//6 7263//6 7264//6
f 6546//6 7264//6 7263//6
f 7266//6 7262//6 7267//6
f 7268//6 7267//6 7265//6
f 7269//6 7266//6 7268//6
f 7267//6 7268//6 7266//6
f 7263//6 7265//6 7267//6
f 7261//6 7267//6 7262//6
f 6548//6 7263//6 7261//6
f 7267//6 7261//6 7263//6
f 7270//6 7259//6 7271//6
f 7272//6 7271//6 7273//6
f 7274//6 7270//6 7272//6
f 7271//6 7272//6 7270//6
f 7275//6 7273//6 7276//6
f 7277//6 7276//6 7269//6
f 7278//6 7275//6 7277//6
f 7276//6 7277//6 7275//6
f 7279//6 7274//6 7280//6
f 7281//6 7280//6 7278//6
f 7282//6 7279//6 7281//6
f 7280//6 7281//6 7279//6
f 7275//6 7278//6 7280//6
f 7272//6 7280//6 7274//6
f 7273//6 7275//6 7272//6
f 7280//6 7272//6 7275//6
f 7266//6 7269//6 7276//6
f 7283//6 7276//6 7273//6
f 7262//6 7266//6 7283//6
f 7276//6 7283//6 7266//6
f 7284//6 7273//6 7271//6
f 7258//6 7271//6 7259//6
f 7255//6 7284//6 7258//6
f 7271//6 7258//6 7284//6
f 7260//6 7262//6 7285//6
f 7254//6 7285//6 7255//6
f 6553//6 7260//6 7254//6
f 7285//6 7254//6 7260//6
f 7284//6 7255//6 7285//6
f 7283//6 7285//6 7262//6
f 7273//6 7284//6 7283//6
f 7285//6 7283//6 7284//6
f 7286//6 6523//6 6521//6
f 7287//6 6521//6 6518//6
f 7288//6 7286//6 7287//6
f 6521//6 7287//6 7286//6
f 7289//6 6518//6 6516//6
f 7290//6 6516//6 6509//6
f 7291//6 7289//6 7290//6
f 6516//6 7290//6 7289//6
f 7292//6 7288//6 7293//6
f 7294//6 7293//6 7291//6
f 7295//6 7292//6 7294//6
f 7293//6 7294//6 7292//6
f 7289//6 7291//6 7293//6
f 7287//6 7293//6 7288//6
f 6518//6 7289//6 7287//6
f 7293//6 7287//6 7289//6
f 7296//6 6509//6 6507//6
f 7297//6 6507//6 6504//6
f 7298//6 7296//6 7297//6
f 6507//6 7297//6 7296//6
f 7299//6 6504//6 6502//6
f 7300//6 6502//6 6414//6
f 7301//6 7299//6 7300//6
f 6502//6 7300//6 7299//6
f 7302//6 7298//6 7303//6
f 7304//6 7303//6 7301//6
f 7305//6 7302//6 7304//6
f 7303//6 7304//6 7302//6
f 7299//6 7301//6 7303//6
f 7297//6 7303//6 7298//6
f 6504//6 7299//6 7297//6
f 7303//6 7297//6 7299//6
f 7306//6 7295//6 7307//6
f 7308//6 7307//6 7309//6
f 7310//6 7306//6 7308//6
f 7307//6 7308//6 7306//6
f 7311//6 7309//6 7312//6
f 7313//6 7312//6 7305//6
f 7314//6 7311//6 7313//6
f 7312//6 7313//6 7311//6
f 7315//6 7310//6 7316//6
f 7317//6 7316//6 7314//6
f 7318//6 7315//6 7317//6
f 7316//6 7317//6 7315//6
f 7311//6 7314//6 7316//6
f 7308//6 7316//6 7310//6
f 7309//6 7311//6 7308//6
f 7316//6 7308//6 7311//6
f 7302//6 7305//6 7312//6
f 7319//6 7312//6 7309//6
f 7298//6 7302//6 7319//6
f 7312//6 7319//6 7302//6
f 7320//6 7309//6 7307//6
f 7294//6 7307//6 7295//6
f 7291//6 7320//6 7294//6
f 7307//6 7294//6 7320//6
f 7296//6 7298//6 7321//6
f 7290//6 7321//6 7291//6
f 6509//6 7296//6 7290//6
f 7321//6 7290//6 7296//6
f 7320//6 7291//6 7321//6
f 7319//6 7321//6 7298//6
f 7309//6 7320//6 7319//6
f 7321//6 7319//6 7320//6
f 7322//6 7282//6 7323//6
f 7324//6 7323//6 7325//6
f 7326//6 7322//6 7324//6
f 7323//6 7324//6 7322//6
f 7327//6 7325//6 7328//6
f 7329//6 7328//6 7330//6
f 7331//6 7327//6 7329//6
f 7328//6 7329//6 7327//6
f 7332//6 7326//6 7333//6
f 7334//6 7333//6 7331//6
f 7335//6 7332//6 7334//6
f 7333//6 7334//6 7332//6
f 7327//6 7331//6 7333//6
f 7324//6 7333//6 7326//6
f 7325//6 7327//6 7324//6
f 7333//6 7324//6 7327//6
f 7336//6 7330//6 7337//6
f 7338//6 7337//6 7339//6
f 7340//6 7336//6 7338//6
f 7337//6 7338//6 7336//6
f 7341//6 7339//6 7342//6
f 7343//6 7342//6 7318//6
f 7344//6 7341//6 7343//6
f 7342//6 7343//6 7341//6
f 7345//6 7340//6 7346//6
f 7347//6 7346//6 7344//6
f 7348//6 7345//6 7347//6
f 7346//6 7347//6 7345//6
f 7341//6 7344//6 7346//6
f 7338//6 7346//6 7340//6
f 7339//6 7341//6 7338//6
f 7346//6 7338//6 7341//6
f 7349//6 7335//6 7350//6
f 7351//6 7350//6 7352//6
f 7353//6 7349//6 7351//6
f 7350//6 7351//6 7349//6
f 7354//6 7352//6 7355//6
f 7356//6 7355//6 7348//6
f 7357//6 7354//6 7356//6
f 7355//6 7356//6 7354//6
f 7358//6 7353//6 7359//6
f 7360//6 7359//6 7357//6
f 7361//6 7358//6 7360//6
f 7359//6 7360//6 7358//6
f 7354//6 7357//6 7359//6
f 7351//6 7359//6 7353//6
f 7352//6 7354//6 7351//6
f 7359//6 7351//6 7354//6
f 7345//6 7348//6 7355//6
f 7362//6 7355//6 7352//6
f 7340//6 7345//6 7362//6
f 7355//6 7362//6 7345//6
f 7363//6 7352//6 7350//6
f 7334//6 7350//6 7335//6
f 7331//6 7363//6 7334//6
f 7350//6 7334//6 7363//6
f 7336//6 7340//6 7364//6
f 7329//6 7364//6 7331//6
f 7330//6 7336//6 7329//6
f 7364//6 7329//6 7336//6
f 7363//6 7331//6 7364//6
f 7362//6 7364//6 7340//6
f 7352//6 7363//6 7362//6
f 7364//6 7362//6 7363//6
f 7315//6 7318//6 7342//6
f 7365//6 7342//6 7339//6
f 7310//6 7315//6 7365//6
f 7342//6 7365//6 7315//6
f 7366//6 7339//6 7337//6
f 7367//6 7337//6 7330//6
f 7368//6 7366//6 7367//6
f 7337//6 7367//6 7366//6
f 7306//6 7310//6 7369//6
f 7370//6 7369//6 7368//6
f 7295//6 7306//6 7370//6
f 7369//6 7370//6 7306//6
f 7366//6 7368//6 7369//6
f 7365//6 7369//6 7310//6
f 7339//6 7366//6 7365//6
f 7369//6 7365//6 7366//6
f 7371//6 7330//6 7328//6
f 7372//6 7328//6 7325//6
f 7373//6 7371//6 7372//6
f 7328//6 7372//6 7371//6
f 7374//6 7325//6 7323//6
f 7281//6 7323//6 7282//6
f 7278//6 7374//6 7281//6
f 7323//6 7281//6 7374//6
f 7375//6 7373//6 7376//6
f 7277//6 7376//6 7278//6
f 7269//6 7375//6 7277//6
f 7376//6 7277//6 7375//6
f 7374//6 7278//6 7376//6
f 7372//6 7376//6 7373//6
f 7325//6 7374//6 7372//6
f 7376//6 7372//6 7374//6
f 7292//6 7295//6 7377//6
f 7378//6 7377//6 7379//6
f 7288//6 7292//6 7378//6
f 7377//6 7378//6 7292//6
f 7380//6 7379//6 7381//6
f 7268//6 7381//6 7269//6
f 7265//6 7380//6 7268//6
f 7381//6 7268//6 7380//6
f 7286//6 7288//6 7382//6
f 7264//6 7382//6 7265//6
f 6523//6 7286//6 7264//6
f 7382//6 7264//6 7286//6
f 7380//6 7265//6 7382//6
f 7378//6 7382//6 7288//6
f 7379//6 7380//6 7378//6
f 7382//6 7378//6 7380//6
f 7375//6 7269//6 7381//6
f 7383//6 7381//6 7379//6
f 7373//6 7375//6 7383//6
f 7381//6 7383//6 7375//6
f 7384//6 7379//6 7377//6
f 7370//6 7377//6 7295//6
f 7368//6 7384//6 7370//6
f 7377//6 7370//6 7384//6
f 7371//6 7373//6 7385//6
f 7367//6 7385//6 7368//6
f 7330//6 7371//6 7367//6
f 7385//6 7367//6 7371//6
f 7384//6 7368//6 7385//6
f 7383//6 7385//6 7373//6
f 7379//6 7384//6 7383//6
f 7385//6 7383//6 7384//6
f 5811//6 5814//6 7386//6
f 7387//6 7386//6 7388//6
f 5806//6 5811//6 7387//6
f 7386//6 7387//6 5811//6
f 7389//6 7388//6 7390//6
f 7391//6 7390//6 7392//6
f 7393//6 7389//6 7391//6
f 7390//6 7391//6 7389//6
f 5802//6 5806//6 7394//6
f 7395//6 7394//6 7393//6
f 5788//6 5802//6 7395//6
f 7394//6 7395//6 5802//6
f 7389//6 7393//6 7394//6
f 7387//6 7394//6 5806//6
f 7388//6 7389//6 7387//6
f 7394//6 7387//6 7389//6
f 7396//6 7392//6 7397//6
f 7398//6 7397//6 7399//6
f 7400//6 7396//6 7398//6
f 7397//6 7398//6 7396//6
f 7401//6 7399//6 7402//6
f 7403//6 7402//6 7404//6
f 7405//6 7401//6 7403//6
f 7402//6 7403//6 7401//6
f 7406//6 7400//6 7407//6
f 7408//6 7407//6 7405//6
f 7409//6 7406//6 7408//6
f 7407//6 7408//6 7406//6
f 7401//6 7405//6 7407//6
f 7398//6 7407//6 7400//6
f 7399//6 7401//6 7398//6
f 7407//6 7398//6 7401//6
f 5785//6 5788//6 7410//6
f 7411//6 7410//6 7412//6
f 5779//6 5785//6 7411//6
f 7410//6 7411//6 5785//6
f 7413//6 7412//6 7414//6
f 7415//6 7414//6 7409//6
f 7416//6 7413//6 7415//6
f 7414//6 7415//6 7413//6
f 5775//6 5779//6 7417//6
f 7418//6 7417//6 7416//6
f 5727//6 5775//6 7418//6
f 7417//6 7418//6 5775//6
f 7413//6 7416//6 7417//6
f 7411//6 7417//6 5779//6
f 7412//6 7413//6 7411//6
f 7417//6 7411//6 7413//6
f 7406//6 7409//6 7414//6
f 7419//6 7414//6 7412//6
f 7400//6 7406//6 7419//6
f 7414//6 7419//6 7406//6
f 7420//6 7412//6 7410//6
f 7395//6 7410//6 5788//6
f 7393//6 7420//6 7395//6
f 7410//6 7395//6 7420//6
f 7396//6 7400//6 7421//6
f 7391//6 7421//6 7393//6
f 7392//6 7396//6 7391//6
f 7421//6 7391//6 7396//6
f 7420//6 7393//6 7421//6
f 7419//6 7421//6 7400//6
f 7412//6 7420//6 7419//6
f 7421//6 7419//6 7420//6
f 7422//6 7404//6 7423//6
f 7424//6 7423//6 7425//6
f 7426//6 7422//6 7424//6
f 7423//6 7424//6 7422//6
f 7427//6 7425//6 7428//6
f 7429//6 7428//6 7430//6
f 7431//6 7427//6 7429//6
f 7428//6 7429//6 7427//6
f 7432//6 7426//6 7433//6
f 7434//6 7433//6 7431//6
f 7435//6 7432//6 7434//6
f 7433//6 7434//6 7432//6
f 7427//6 7431//6 7433//6
f 7424//6 7433//6 7426//6
f 7425//6 7427//6 7424//6
f 7433//6 7424//6 7427//6
f 7436//6 7430//6 7437//6
f 7438//6 7437//6 7439//6
f 7440//6 7436//6 7438//6
f 7437//6 7438//6 7436//6
f 7441//6 7439//6 7442//6
f 7443//6 7442//6 7361//6
f 7444//6 7441//6 7443//6
f 7442//6 7443//6 7441//6
f 7445//6 7440//6 7446//6
f 7447//6 7446//6 7444//6
f 7448//6 7445//6 7447//6
f 7446//6 7447//6 7445//6
f 7441//6 7444//6 7446//6
f 7438//6 7446//6 7440//6
f 7439//6 7441//6 7438//6
f 7446//6 7438//6 7441//6
f 7449//6 7435//6 7450//6
f 7451//6 7450//6 7452//6
f 7453//6 7449//6 7451//6
f 7450//6 7451//6 7449//6
f 7454//6 7452//6 7455//6
f 7456//6 7455//6 7448//6
f 7457//6 7454//6 7456//6
f 7455//6 7456//6 7454//6
f 7458//6 7453//6 7459//6
f 7460//6 7459//6 7457//6
f 7461//6 7458//6 7460//6
f 7459//6 7460//6 7458//6
f 7454//6 7457//6 7459//6
f 7451//6 7459//6 7453//6
f 7452//6 7454//6 7451//6
f 7459//6 7451//6 7454//6
f 7445//6 7448//6 7455//6
f 7462//6 7455//6 7452//6
f 7440//6 7445//6 7462//6
f 7455//6 7462//6 7445//6
f 7463//6 7452//6 7450//6
f 7434//6 7450//6 7435//6
f 7431//6 7463//6 7434//6
f 7450//6 7434//6 7463//6
f 7436//6 7440//6 7464//6
f 7429//6 7464//6 7431//6
f 7430//6 7436//6 7429//6
f 7464//6 7429//6 7436//6
f 7463//6 7431//6 7464//6
f 7462//6 7464//6 7440//6
f 7452//6 7463//6 7462//6
f 7464//6 7462//6 7463//6
f 5724//6 5727//6 7465//6
f 7466//6 7465//6 7467//6
f 5719//6 5724//6 7466//6
f 7465//6 7466//6 5724//6
f 7468//6 7467//6 7469//6
f 7470//6 7469//6 7471//6
f 7472//6 7468//6 7470//6
f 7469//6 7470//6 7468//6
f 5715//6 5719//6 7473//6
f 7474//6 7473//6 7472//6
f 5700//6 5715//6 7474//6
f 7473//6 7474//6 5715//6
f 7468//6 7472//6 7473//6
f 7466//6 7473//6 5719//6
f 7467//6 7468//6 7466//6
f 7473//6 7466//6 7468//6
f 7475//6 7471//6 7476//6
f 7477//6 7476//6 7478//6
f 7479//6 7475//6 7477//6
f 7476//6 7477//6 7475//6
f 7480//6 7478//6 7481//6
f 7482//6 7481//6 7461//6
f 7483//6 7480//6 7482//6
f 7481//6 7482//6 7480//6
f 7484//6 7479//6 7485//6
f 7486//6 7485//6 7483//6
f 7487//6 7484//6 7486//6
f 7485//6 7486//6 7484//6
f 7480//6 7483//6 7485//6
f 7477//6 7485//6 7479//6
f 7478//6 7480//6 7477//6
f 7485//6 7477//6 7480//6
f 5697//6 5700//6 7488//6
f 7489//6 7488//6 7490//6
f 5691//6 5697//6 7489//6
f 7488//6 7489//6 5697//6
f 7491//6 7490//6 7492//6
f 7493//6 7492//6 7487//6
f 7494//6 7491//6 7493//6
f 7492//6 7493//6 7491//6
f 5687//6 5691//6 7495//6
f 7496//6 7495//6 7494//6
f 5646//6 5687//6 7496//6
f 7495//6 7496//6 5687//6
f 7491//6 7494//6 7495//6
f 7489//6 7495//6 5691//6
f 7490//6 7491//6 7489//6
f 7495//6 7489//6 7491//6
f 7484//6 7487//6 7492//6
f 7497//6 7492//6 7490//6
f 7479//6 7484//6 7497//6
f 7492//6 7497//6 7484//6
f 7498//6 7490//6 7488//6
f 7474//6 7488//6 5700//6
f 7472//6 7498//6 7474//6
f 7488//6 7474//6 7498//6
f 7475//6 7479//6 7499//6
f 7470//6 7499//6 7472//6
f 7471//6 7475//6 7470//6
f 7499//6 7470//6 7475//6
f 7498//6 7472//6 7499//6
f 7497//6 7499//6 7479//6
f 7490//6 7498//6 7497//6
f 7499//6 7497//6 7498//6
f 7458//6 7461//6 7481//6
f 7500//6 7481//6 7478//6
f 7453//6 7458//6 7500//6
f 7481//6 7500//6 7458//6
f 7501//6 7478//6 7476//6
f 7502//6 7476//6 7471//6
f 7503//6 7501//6 7502//6
f 7476//6 7502//6 7501//6
f 7449//6 7453//6 7504//6
f 7505//6 7504//6 7503//6
f 7435//6 7449//6 7505//6
f 7504//6 7505//6 7449//6
f 7501//6 7503//6 7504//6
f 7500//6 7504//6 7453//6
f 7478//6 7501//6 7500//6
f 7504//6 7500//6 7501//6
f 7506//6 7471//6 7469//6
f 7507//6 7469//6 7467//6
f 7508//6 7506//6 7507//6
f 7469//6 7507//6 7506//6
f 7509//6 7467//6 7465//6
f 7418//6 7465//6 5727//6
f 7416//6 7509//6 7418//6
f 7465//6 7418//6 7509//6
f 7510//6 7508//6 7511//6
f 7415//6 7511//6 7416//6
f 7409//6 7510//6 7415//6
f 7511//6 7415//6 7510//6
f 7509//6 7416//6 7511//6
f 7507//6 7511//6 7508//6
f 7467//6 7509//6 7507//6
f 7511//6 7507//6 7509//6
f 7432//6 7435//6 7512//6
f 7513//6 7512//6 7514//6
f 7426//6 7432//6 7513//6
f 7512//6 7513//6 7432//6
f 7515//6 7514//6 7516//6
f 7408//6 7516//6 7409//6
f 7405//6 7515//6 7408//6
f 7516//6 7408//6 7515//6
f 7422//6 7426//6 7517//6
f 7403//6 7517//6 7405//6
f 7404//6 7422//6 7403//6
f 7517//6 7403//6 7422//6
f 7515//6 7405//6 7517//6
f 7513//6 7517//6 7426//6
f 7514//6 7515//6 7513//6
f 7517//6 7513//6 7515//6
f 7510//6 7409//6 7516//6
f 7518//6 7516//6 7514//6
f 7508//6 7510//6 7518//6
f 7516//6 7518//6 7510//6
f 7519//6 7514//6 7512//6
f 7505//6 7512//6 7435//6
f 7503//6 7519//6 7505//6
f 7512//6 7505//6 7519//6
f 7506//6 7508//6 7520//6
f 7502//6 7520//6 7503//6
f 7471//6 7506//6 7502//6
f 7520//6 7502//6 7506//6
f 7519//6 7503//6 7520//6
f 7518//6 7520//6 7508//6
f 7514//6 7519//6 7518//6
f 7520//6 7518//6 7519//6
f 7358//6 7361//6 7442//6
f 7521//6 7442//6 7439//6
f 7353//6 7358//6 7521//6
f 7442//6 7521//6 7358//6
f 7522//6 7439//6 7437//6
f 7523//6 7437//6 7430//6
f 7524//6 7522//6 7523//6
f 7437//6 7523//6 7522//6
f 7349//6 7353//6 7525//6
f 7526//6 7525//6 7524//6
f 7335//6 7349//6 7526//6
f 7525//6 7526//6 7349//6
f 7522//6 7524//6 7525//6
f 7521//6 7525//6 7353//6
f 7439//6 7522//6 7521//6
f 7525//6 7521//6 7522//6
f 7527//6 7430//6 7428//6
f 7528//6 7428//6 7425//6
f 7529//6 7527//6 7528//6
f 7428//6 7528//6 7527//6
f 7530//6 7425//6 7423//6
f 7531//6 7423//6 7404//6
f 7532//6 7530//6 7531//6
f 7423//6 7531//6 7530//6
f 7533//6 7529//6 7534//6
f 7535//6 7534//6 7532//6
f 7536//6 7533//6 7535//6
f 7534//6 7535//6 7533//6
f 7530//6 7532//6 7534//6
f 7528//6 7534//6 7529//6
f 7425//6 7530//6 7528//6
f 7534//6 7528//6 7530//6
f 7332//6 7335//6 7537//6
f 7538//6 7537//6 7539//6
f 7326//6 7332//6 7538//6
f 7537//6 7538//6 7332//6
f 7540//6 7539//6 7541//6
f 7542//6 7541//6 7536//6
f 7543//6 7540//6 7542//6
f 7541//6 7542//6 7540//6
f 7322//6 7326//6 7544//6
f 7545//6 7544//6 7543//6
f 7282//6 7322//6 7545//6
f 7544//6 7545//6 7322//6
f 7540//6 7543//6 7544//6
f 7538//6 7544//6 7326//6
f 7539//6 7540//6 7538//6
f 7544//6 7538//6 7540//6
f 7533//6 7536//6 7541//6
f 7546//6 7541//6 7539//6
f 7529//6 7533//6 7546//6
f 7541//6 7546//6 7533//6
f 7547//6 7539//6 7537//6
f 7526//6 7537//6 7335//6
f 7524//6 7547//6 7526//6
f 7537//6 7526//6 7547//6
f 7527//6 7529//6 7548//6
f 7523//6 7548//6 7524//6
f 7430//6 7527//6 7523//6
f 7548//6 7523//6 7527//6
f 7547//6 7524//6 7548//6
f 7546//6 7548//6 7529//6
f 7539//6 7547//6 7546//6
f 7548//6 7546//6 7547//6
f 7549//6 7404//6 7402//6
f 7550//6 7402//6 7399//6
f 7551//6 7549//6 7550//6
f 7402//6 7550//6 7549//6
f 7552//6 7399//6 7397//6
f 7553//6 7397//6 7392//6
f 7554//6 7552//6 7553//6
f 7397//6 7553//6 7552//6
f 7555//6 7551//6 7556//6
f 7557//6 7556//6 7554//6
f 7558//6 7555//6 7557//6
f 7556//6 7557//6 7555//6
f 7552//6 7554//6 7556//6
f 7550//6 7556//6 7551//6
f 7399//6 7552//6 7550//6
f 7556//6 7550//6 7552//6
f 7559//6 7392//6 7390//6
f 7560//6 7390//6 7388//6
f 7561//6 7559//6 7560//6
f 7390//6 7560//6 7559//6
f 7562//6 7388//6 7386//6
f 7225//6 7386//6 5814//6
f 7223//6 7562//6 7225//6
f 7386//6 7225//6 7562//6
f 7563//6 7561//6 7564//6
f 7222//6 7564//6 7223//6
f 7216//6 7563//6 7222//6
f 7564//6 7222//6 7563//6
f 7562//6 7223//6 7564//6
f 7560//6 7564//6 7561//6
f 7388//6 7562//6 7560//6
f 7564//6 7560//6 7562//6
f 7565//6 7558//6 7566//6
f 7567//6 7566//6 7568//6
f 7569//6 7565//6 7567//6
f 7566//6 7567//6 7565//6
f 7570//6 7568//6 7571//6
f 7215//6 7571//6 7216//6
f 7212//6 7570//6 7215//6
f 7571//6 7215//6 7570//6
f 7572//6 7569//6 7573//6
f 7211//6 7573//6 7212//6
f 7190//6 7572//6 7211//6
f 7573//6 7211//6 7572//6
f 7570//6 7212//6 7573//6
f 7567//6 7573//6 7569//6
f 7568//6 7570//6 7567//6
f 7573//6 7567//6 7570//6
f 7563//6 7216//6 7571//6
f 7574//6 7571//6 7568//6
f 7561//6 7563//6 7574//6
f 7571//6 7574//6 7563//6
f 7575//6 7568//6 7566//6
f 7557//6 7566//6 7558//6
f 7554//6 7575//6 7557//6
f 7566//6 7557//6 7575//6
f 7559//6 7561//6 7576//6
f 7553//6 7576//6 7554//6
f 7392//6 7559//6 7553//6
f 7576//6 7553//6 7559//6
f 7575//6 7554//6 7576//6
f 7574//6 7576//6 7561//6
f 7568//6 7575//6 7574//6
f 7576//6 7574//6 7575//6
f 7279//6 7282//6 7577//6
f 7578//6 7577//6 7579//6
f 7274//6 7279//6 7578//6
f 7577//6 7578//6 7279//6
f 7580//6 7579//6 7581//6
f 7582//6 7581//6 7583//6
f 7584//6 7580//6 7582//6
f 7581//6 7582//6 7580//6
f 7270//6 7274//6 7585//6
f 7586//6 7585//6 7584//6
f 7259//6 7270//6 7586//6
f 7585//6 7586//6 7270//6
f 7580//6 7584//6 7585//6
f 7578//6 7585//6 7274//6
f 7579//6 7580//6 7578//6
f 7585//6 7578//6 7580//6
f 7587//6 7583//6 7588//6
f 7589//6 7588//6 7590//6
f 7591//6 7587//6 7589//6
f 7588//6 7589//6 7587//6
f 7592//6 7590//6 7593//6
f 7189//6 7593//6 7190//6
f 7186//6 7592//6 7189//6
f 7593//6 7189//6 7592//6
f 7594//6 7591//6 7595//6
f 7185//6 7595//6 7186//6
f 7177//6 7594//6 7185//6
f 7595//6 7185//6 7594//6
f 7592//6 7186//6 7595//6
f 7589//6 7595//6 7591//6
f 7590//6 7592//6 7589//6
f 7595//6 7589//6 7592//6
f 7256//6 7259//6 7596//6
f 7597//6 7596//6 7598//6
f 7252//6 7256//6 7597//6
f 7596//6 7597//6 7256//6
f 7599//6 7598//6 7600//6
f 7176//6 7600//6 7177//6
f 7173//6 7599//6 7176//6
f 7600//6 7176//6 7599//6
f 7250//6 7252//6 7601//6
f 7172//6 7601//6 7173//6
f 6567//6 7250//6 7172//6
f 7601//6 7172//6 7250//6
f 7599//6 7173//6 7601//6
f 7597//6 7601//6 7252//6
f 7598//6 7599//6 7597//6
f 7601//6 7597//6 7599//6
f 7594//6 7177//6 7600//6
f 7602//6 7600//6 7598//6
f 7591//6 7594//6 7602//6
f 7600//6 7602//6 7594//6
f 7603//6 7598//6 7596//6
f 7586//6 7596//6 7259//6
f 7584//6 7603//6 7586//6
f 7596//6 7586//6 7603//6
f 7587//6 7591//6 7604//6
f 7582//6 7604//6 7584//6
f 7583//6 7587//6 7582//6
f 7604//6 7582//6 7587//6
f 7603//6 7584//6 7604//6
f 7602//6 7604//6 7591//6
f 7598//6 7603//6 7602//6
f 7604//6 7602//6 7603//6
f 7572//6 7190//6 7593//6
f 7605//6 7593//6 7590//6
f 7569//6 7572//6 7605//6
f 7593//6 7605//6 7572//6
f 7606//6 7590//6 7588//6
f 7607//6 7588//6 7583//6
f 7608//6 7606//6 7607//6
f 7588//6 7607//6 7606//6
f 7565//6 7569//6 7609//6
f 7610//6 7609//6 7608//6
f 7558//6 7565//6 7610//6
f 7609//6 7610//6 7565//6
f 7606//6 7608//6 7609//6
f 7605//6 7609//6 7569//6
f 7590//6 7606//6 7605//6
f 7609//6 7605//6 7606//6
f 7611//6 7583//6 7581//6
f 7612//6 7581//6 7579//6
f 7613//6 7611//6 7612//6
f 7581//6 7612//6 7611//6
f 7614//6 7579//6 7577//6
f 7545//6 7577//6 7282//6
f 7543//6 7614//6 7545//6
f 7577//6 7545//6 7614//6
f 7615//6 7613//6 7616//6
f 7542//6 7616//6 7543//6
f 7536//6 7615//6 7542//6
f 7616//6 7542//6 7615//6
f 7614//6 7543//6 7616//6
f 7612//6 7616//6 7613//6
f 7579//6 7614//6 7612//6
f 7616//6 7612//6 7614//6
f 7555//6 7558//6 7617//6
f 7618//6 7617//6 7619//6
f 7551//6 7555//6 7618//6
f 7617//6 7618//6 7555//6
f 7620//6 7619//6 7621//6
f 7535//6 7621//6 7536//6
f 7532//6 7620//6 7535//6
f 7621//6 7535//6 7620//6
f 7549//6 7551//6 7622//6
f 7531//6 7622//6 7532//6
f 7404//6 7549//6 7531//6
f 7622//6 7531//6 7549//6
f 7620//6 7532//6 7622//6
f 7618//6 7622//6 7551//6
f 7619//6 7620//6 7618//6
f 7622//6 7618//6 7620//6
f 7615//6 7536//6 7621//6
f 7623//6 7621//6 7619//6
f 7613//6 7615//6 7623//6
f 7621//6 7623//6 7615//6
f 7624//6 7619//6 7617//6
f 7610//6 7617//6 7558//6
f 7608//6 7624//6 7610//6
f 7617//6 7610//6 7624//6
f 7611//6 7613//6 7625//6
f 7607//6 7625//6 7608//6
f 7583//6 7611//6 7607//6
f 7625//6 7607//6 7611//6
f 7624//6 7608//6 7625//6
f 7623//6 7625//6 7613//6
f 7619//6 7624//6 7623//6
f 7625//6 7623//6 7624//6
f 7626//6 6414//6 6412//6
f 7627//6 6412//6 6409//6
f 7628//6 7626//6 7627//6
f 6412//6 7627//6 7626//6
f 7629//6 6409//6 6407//6
f 7630//6 6407//6 6400//6
f 7631//6 7629//6 7630//6
f 6407//6 7630//6 7629//6
f 7632//6 7628//6 7633//6
f 7634//6 7633//6 7631//6
f 7635//6 7632//6 7634//6
f 7633//6 7634//6 7632//6
f 7629//6 7631//6 7633//6
f 7627//6 7633//6 7628//6
f 6409//6 7629//6 7627//6
f 7633//6 7627//6 7629//6
f 7636//6 6400//6 6398//6
f 7637//6 6398//6 6395//6
f 7638//6 7636//6 7637//6
f 6398//6 7637//6 7636//6
f 7639//6 6395//6 6393//6
f 7640//6 6393//6 6370//6
f 7641//6 7639//6 7640//6
f 6393//6 7640//6 7639//6
f 7642//6 7638//6 7643//6
f 7644//6 7643//6 7641//6
f 7645//6 7642//6 7644//6
f 7643//6 7644//6 7642//6
f 7639//6 7641//6 7643//6
f 7637//6 7643//6 7638//6
f 6395//6 7639//6 7637//6
f 7643//6 7637//6 7639//6
f 7646//6 7635//6 7647//6
f 7648//6 7647//6 7649//6
f 7650//6 7646//6 7648//6
f 7647//6 7648//6 7646//6
f 7651//6 7649//6 7652//6
f 7653//6 7652//6 7645//6
f 7654//6 7651//6 7653//6
f 7652//6 7653//6 7651//6
f 7655//6 7650//6 7656//6
f 7657//6 7656//6 7654//6
f 7658//6 7655//6 7657//6
f 7656//6 7657//6 7655//6
f 7651//6 7654//6 7656//6
f 7648//6 7656//6 7650//6
f 7649//6 7651//6 7648//6
f 7656//6 7648//6 7651//6
f 7642//6 7645//6 7652//6
f 7659//6 7652//6 7649//6
f 7638//6 7642//6 7659//6
f 7652//6 7659//6 7642//6
f 7660//6 7649//6 7647//6
f 7634//6 7647//6 7635//6
f 7631//6 7660//6 7634//6
f 7647//6 7634//6 7660//6
f 7636//6 7638//6 7661//6
f 7630//6 7661//6 7631//6
f 6400//6 7636//6 7630//6
f 7661//6 7630//6 7636//6
f 7660//6 7631//6 7661//6
f 7659//6 7661//6 7638//6
f 7649//6 7660//6 7659//6
f 7661//6 7659//6 7660//6
f 7662//6 6370//6 6368//6
f 7663//6 6368//6 6365//6
f 7664//6 7662//6 7663//6
f 6368//6 7663//6 7662//6
f 7665//6 6365//6 6363//6
f 7666//6 6363//6 6356//6
f 7667//6 7665//6 7666//6
f 6363//6 7666//6 7665//6
f 7668//6 7664//6 7669//6
f 7670//6 7669//6 7667//6
f 7671//6 7668//6 7670//6
f 7669//6 7670//6 7668//6
f 7665//6 7667//6 7669//6
f 7663//6 7669//6 7664//6
f 6365//6 7665//6 7663//6
f 7669//6 7663//6 7665//6
f 7672//6 6356//6 6354//6
f 7673//6 6354//6 6351//6
f 7674//6 7672//6 7673//6
f 6354//6 7673//6 7672//6
f 7675//6 6351//6 6349//6
f 7676//6 6349//6 6338//6
f 7677//6 7675//6 7676//6
f 6349//6 7676//6 7675//6
f 7678//6 7674//6 7679//6
f 7680//6 7679//6 7677//6
f 7681//6 7678//6 7680//6
f 7679//6 7680//6 7678//6
f 7675//6 7677//6 7679//6
f 7673//6 7679//6 7674//6
f 6351//6 7675//6 7673//6
f 7679//6 7673//6 7675//6
f 7682//6 7671//6 7683//6
f 7684//6 7683//6 7685//6
f 7686//6 7682//6 7684//6
f 7683//6 7684//6 7682//6
f 7687//6 7685//6 7688//6
f 7689//6 7688//6 7681//6
f 7690//6 7687//6 7689//6
f 7688//6 7689//6 7687//6
f 7691//6 7686//6 7692//6
f 7693//6 7692//6 7690//6
f 7694//6 7691//6 7693//6
f 7692//6 7693//6 7691//6
f 7687//6 7690//6 7692//6
f 7684//6 7692//6 7686//6
f 7685//6 7687//6 7684//6
f 7692//6 7684//6 7687//6
f 7678//6 7681//6 7688//6
f 7695//6 7688//6 7685//6
f 7674//6 7678//6 7695//6
f 7688//6 7695//6 7678//6
f 7696//6 7685//6 7683//6
f 7670//6 7683//6 7671//6
f 7667//6 7696//6 7670//6
f 7683//6 7670//6 7696//6
f 7672//6 7674//6 7697//6
f 7666//6 7697//6 7667//6
f 6356//6 7672//6 7666//6
f 7697//6 7666//6 7672//6
f 7696//6 7667//6 7697//6
f 7695//6 7697//6 7674//6
f 7685//6 7696//6 7695//6
f 7697//6 7695//6 7696//6
f 7698//6 7658//6 7699//6
f 7700//6 7699//6 7701//6
f 7702//6 7698//6 7700//6
f 7699//6 7700//6 7698//6
f 7703//6 7701//6 7704//6
f 7705//6 7704//6 7706//6
f 7707//6 7703//6 7705//6
f 7704//6 7705//6 7703//6
f 7708//6 7702//6 7709//6
f 7710//6 7709//6 7707//6
f 7711//6 7708//6 7710//6
f 7709//6 7710//6 7708//6
f 7703//6 7707//6 7709//6
f 7700//6 7709//6 7702//6
f 7701//6 7703//6 7700//6
f 7709//6 7700//6 7703//6
f 7712//6 7706//6 7713//6
f 7714//6 7713//6 7715//6
f 7716//6 7712//6 7714//6
f 7713//6 7714//6 7712//6
f 7717//6 7715//6 7718//6
f 7719//6 7718//6 7694//6
f 7720//6 7717//6 7719//6
f 7718//6 7719//6 7717//6
f 7721//6 7716//6 7722//6
f 7723//6 7722//6 7720//6
f 7724//6 7721//6 7723//6
f 7722//6 7723//6 7721//6
f 7717//6 7720//6 7722//6
f 7714//6 7722//6 7716//6
f 7715//6 7717//6 7714//6
f 7722//6 7714//6 7717//6
f 7725//6 7711//6 7726//6
f 7727//6 7726//6 7728//6
f 7729//6 7725//6 7727//6
f 7726//6 7727//6 7725//6
f 7730//6 7728//6 7731//6
f 7732//6 7731//6 7724//6
f 7733//6 7730//6 7732//6
f 7731//6 7732//6 7730//6
f 7734//6 7729//6 7735//6
f 7736//6 7735//6 7733//6
f 7737//6 7734//6 7736//6
f 7735//6 7736//6 7734//6
f 7730//6 7733//6 7735//6
f 7727//6 7735//6 7729//6
f 7728//6 7730//6 7727//6
f 7735//6 7727//6 7730//6
f 7721//6 7724//6 7731//6
f 7738//6 7731//6 7728//6
f 7716//6 7721//6 7738//6
f 7731//6 7738//6 7721//6
f 7739//6 7728//6 7726//6
f 7710//6 7726//6 7711//6
f 7707//6 7739//6 7710//6
f 7726//6 7710//6 7739//6
f 7712//6 7716//6 7740//6
f 7705//6 7740//6 7707//6
f 7706//6 7712//6 7705//6
f 7740//6 7705//6 7712//6
f 7739//6 7707//6 7740//6
f 7738//6 7740//6 7716//6
f 7728//6 7739//6 7738//6
f 7740//6 7738//6 7739//6
f 7691//6 7694//6 7718//6
f 7741//6 7718//6 7715//6
f 7686//6 7691//6 7741//6
f 7718//6 7741//6 7691//6
f 7742//6 7715//6 7713//6
f 7743//6 7713//6 7706//6
f 7744//6 7742//6 7743//6
f 7713//6 7743//6 7742//6
f 7682//6 7686//6 7745//6
f 7746//6 7745//6 7744//6
f 7671//6 7682//6 7746//6
f 7745//6 7746//6 7682//6
f 7742//6 7744//6 7745//6
f 7741//6 7745//6 7686//6
f 7715//6 7742//6 7741//6
f 7745//6 7741//6 7742//6
f 7747//6 7706//6 7704//6
f 7748//6 7704//6 7701//6
f 7749//6 7747//6 7748//6
f 7704//6 7748//6 7747//6
f 7750//6 7701//6 7699//6
f 7657//6 7699//6 7658//6
f 7654//6 7750//6 7657//6
f 7699//6 7657//6 7750//6
f 7751//6 7749//6 7752//6
f 7653//6 7752//6 7654//6
f 7645//6 7751//6 7653//6
f 7752//6 7653//6 7751//6
f 7750//6 7654//6 7752//6
f 7748//6 7752//6 7749//6
f 7701//6 7750//6 7748//6
f 7752//6 7748//6 7750//6
f 7668//6 7671//6 7753//6
f 7754//6 7753//6 7755//6
f 7664//6 7668//6 7754//6
f 7753//6 7754//6 7668//6
f 7756//6 7755//6 7757//6
f 7644//6 7757//6 7645//6
f 7641//6 7756//6 7644//6
f 7757//6 7644//6 7756//6
f 7662//6 7664//6 7758//6
f 7640//6 7758//6 7641//6
f 6370//6 7662//6 7640//6
f 7758//6 7640//6 7662//6
f 7756//6 7641//6 7758//6
f 7754//6 7758//6 7664//6
f 7755//6 7756//6 7754//6
f 7758//6 7754//6 7756//6
f 7751//6 7645//6 7757//6
f 7759//6 7757//6 7755//6
f 7749//6 7751//6 7759//6
f 7757//6 7759//6 7751//6
f 7760//6 7755//6 7753//6
f 7746//6 7753//6 7671//6
f 7744//6 7760//6 7746//6
f 7753//6 7746//6 7760//6
f 7747//6 7749//6 7761//6
f 7743//6 7761//6 7744//6
f 7706//6 7747//6 7743//6
f 7761//6 7743//6 7747//6
f 7760//6 7744//6 7761//6
f 7759//6 7761//6 7749//6
f 7755//6 7760//6 7759//6
f 7761//6 7759//6 7760//6
f 7762//6 6338//6 6336//6
f 7763//6 6336//6 6333//6
f 7764//6 7762//6 7763//6
f 6336//6 7763//6 7762//6
f 7765//6 6333//6 6331//6
f 7766//6 6331//6 6327//6
f 7767//6 7765//6 7766//6
f 6331//6 7766//6 7765//6
f 7768//6 7764//6 7769//6
f 7770//6 7769//6 7767//6
f 7771//6 7768//6 7770//6
f 7769//6 7770//6 7768//6
f 7765//6 7767//6 7769//6
f 7763//6 7769//6 7764//6
f 6333//6 7765//6 7763//6
f 7769//6 7763//6 7765//6
f 7772//6 6327//6 6325//6
f 7773//6 6325//6 6323//6
f 7774//6 7772//6 7773//6
f 6325//6 7773//6 7772//6
f 7775//6 6323//6 6321//6
f 7776//6 6321//6 6320//6
f 7777//6 7775//6 7776//6
f 6321//6 7776//6 7775//6
f 7778//6 7774//6 7779//6
f 7780//6 7779//6 7777//6
f 7781//6 7778//6 7780//6
f 7779//6 7780//6 7778//6
f 7775//6 7777//6 7779//6
f 7773//6 7779//6 7774//6
f 6323//6 7775//6 7773//6
f 7779//6 7773//6 7775//6
f 7782//6 7771//6 7783//6
f 7784//6 7783//6 7785//6
f 7786//6 7782//6 7784//6
f 7783//6 7784//6 7782//6
f 7787//6 7785//6 7788//6
f 7789//6 7788//6 7781//6
f 7790//6 7787//6 7789//6
f 7788//6 7789//6 7787//6
f 7791//6 7786//6 7792//6
f 7793//6 7792//6 7790//6
f 7794//6 7791//6 7793//6
f 7792//6 7793//6 7791//6
f 7787//6 7790//6 7792//6
f 7784//6 7792//6 7786//6
f 7785//6 7787//6 7784//6
f 7792//6 7784//6 7787//6
f 7778//6 7781//6 7788//6
f 7795//6 7788//6 7785//6
f 7774//6 7778//6 7795//6
f 7788//6 7795//6 7778//6
f 7796//6 7785//6 7783//6
f 7770//6 7783//6 7771//6
f 7767//6 7796//6 7770//6
f 7783//6 7770//6 7796//6
f 7772//6 7774//6 7797//6
f 7766//6 7797//6 7767//6
f 6327//6 7772//6 7766//6
f 7797//6 7766//6 7772//6
f 7796//6 7767//6 7797//6
f 7795//6 7797//6 7774//6
f 7785//6 7796//6 7795//6
f 7797//6 7795//6 7796//6
f 7798//6 6320//6 6317//6
f 7799//6 7798//6 6318//6
f 6317//6 6318//6 7798//6
f 614//6 622//6 6318//6
f 7800//6 7799//6 7801//6
f 622//6 621//6 7802//6
f 7802//6 621//6 7803//6
f 7804//6 7801//6 7803//6
f 7805//6 7800//6 7804//6
f 7801//6 7804//6 7800//6
f 7802//6 7803//6 7801//6
f 6318//6 7801//6 7799//6
f 7802//6 6318//6 622//6
f 7801//6 6318//6 7802//6
f 7806//6 641//6 5483//6
f 7807//6 7805//6 7808//6
f 7809//6 7808//6 7810//6
f 7811//6 7807//6 7809//6
f 7808//6 7809//6 7807//6
f 7812//6 7810//6 7813//6
f 5482//6 7813//6 5483//6
f 5479//6 7812//6 5482//6
f 7813//6 5482//6 7812//6
f 7814//6 7811//6 7815//6
f 5478//6 7815//6 5479//6
f 5464//6 7814//6 5478//6
f 7815//6 5478//6 7814//6
f 7812//6 5479//6 7815//6
f 7809//6 7815//6 7811//6
f 7810//6 7812//6 7809//6
f 7815//6 7809//6 7812//6
f 7806//6 5483//6 7813//6
f 7816//6 7813//6 7810//6
f 7813//6 7816//6 7806//6
f 624//6 623//6 7817//6
f 7816//6 623//6 7806//6
f 7806//6 623//6 641//6
f 7818//6 7810//6 7808//6
f 7804//6 7808//6 7805//6
f 7803//6 7818//6 7804//6
f 7808//6 7804//6 7818//6
f 7817//6 621//6 624//6
f 7818//6 7803//6 7817//6
f 621//6 7817//6 7803//6
f 7816//6 7817//6 623//6
f 7810//6 7818//6 7816//6
f 7817//6 7816//6 7818//6
f 7819//6 7794//6 7820//6
f 7821//6 7820//6 7822//6
f 7823//6 7819//6 7821//6
f 7820//6 7821//6 7819//6
f 7824//6 7822//6 7825//6
f 7826//6 7825//6 7827//6
f 7828//6 7824//6 7826//6
f 7825//6 7826//6 7824//6
f 7829//6 7823//6 7830//6
f 7831//6 7830//6 7828//6
f 7832//6 7829//6 7831//6
f 7830//6 7831//6 7829//6
f 7824//6 7828//6 7830//6
f 7821//6 7830//6 7823//6
f 7822//6 7824//6 7821//6
f 7830//6 7821//6 7824//6
f 7833//6 7827//6 7834//6
f 7835//6 7834//6 7836//6
f 7837//6 7833//6 7835//6
f 7834//6 7835//6 7833//6
f 7838//6 7836//6 7839//6
f 5463//6 7839//6 5464//6
f 5460//6 7838//6 5463//6
f 7839//6 5463//6 7838//6
f 7840//6 7837//6 7841//6
f 5459//6 7841//6 5460//6
f 5452//6 7840//6 5459//6
f 7841//6 5459//6 7840//6
f 7838//6 5460//6 7841//6
f 7835//6 7841//6 7837//6
f 7836//6 7838//6 7835//6
f 7841//6 7835//6 7838//6
f 7842//6 7832//6 7843//6
f 7844//6 7843//6 7845//6
f 7846//6 7842//6 7844//6
f 7843//6 7844//6 7842//6
f 7847//6 7845//6 7848//6
f 5451//6 7848//6 5452//6
f 5448//6 7847//6 5451//6
f 7848//6 5451//6 7847//6
f 7849//6 7846//6 7850//6
f 5447//6 7850//6 5448//6
f 5424//6 7849//6 5447//6
f 7850//6 5447//6 7849//6
f 7847//6 5448//6 7850//6
f 7844//6 7850//6 7846//6
f 7845//6 7847//6 7844//6
f 7850//6 7844//6 7847//6
f 7840//6 5452//6 7848//6
f 7851//6 7848//6 7845//6
f 7837//6 7840//6 7851//6
f 7848//6 7851//6 7840//6
f 7852//6 7845//6 7843//6
f 7831//6 7843//6 7832//6
f 7828//6 7852//6 7831//6
f 7843//6 7831//6 7852//6
f 7833//6 7837//6 7853//6
f 7826//6 7853//6 7828//6
f 7827//6 7833//6 7826//6
f 7853//6 7826//6 7833//6
f 7852//6 7828//6 7853//6
f 7851//6 7853//6 7837//6
f 7845//6 7852//6 7851//6
f 7853//6 7851//6 7852//6
f 7814//6 5464//6 7839//6
f 7854//6 7839//6 7836//6
f 7811//6 7814//6 7854//6
f 7839//6 7854//6 7814//6
f 7855//6 7836//6 7834//6
f 7856//6 7834//6 7827//6
f 7857//6 7855//6 7856//6
f 7834//6 7856//6 7855//6
f 7807//6 7811//6 7858//6
f 7859//6 7858//6 7857//6
f 7805//6 7807//6 7859//6
f 7858//6 7859//6 7807//6
f 7855//6 7857//6 7858//6
f 7854//6 7858//6 7811//6
f 7836//6 7855//6 7854//6
f 7858//6 7854//6 7855//6
f 7860//6 7827//6 7825//6
f 7861//6 7825//6 7822//6
f 7862//6 7860//6 7861//6
f 7825//6 7861//6 7860//6
f 7863//6 7822//6 7820//6
f 7793//6 7820//6 7794//6
f 7790//6 7863//6 7793//6
f 7820//6 7793//6 7863//6
f 7864//6 7862//6 7865//6
f 7789//6 7865//6 7790//6
f 7781//6 7864//6 7789//6
f 7865//6 7789//6 7864//6
f 7863//6 7790//6 7865//6
f 7861//6 7865//6 7862//6
f 7822//6 7863//6 7861//6
f 7865//6 7861//6 7863//6
f 7800//6 7805//6 7866//6
f 7867//6 7866//6 7868//6
f 7799//6 7800//6 7867//6
f 7866//6 7867//6 7800//6
f 7869//6 7868//6 7870//6
f 7780//6 7870//6 7781//6
f 7777//6 7869//6 7780//6
f 7870//6 7780//6 7869//6
f 7798//6 7799//6 7871//6
f 7776//6 7871//6 7777//6
f 6320//6 7798//6 7776//6
f 7871//6 7776//6 7798//6
f 7869//6 7777//6 7871//6
f 7867//6 7871//6 7799//6
f 7868//6 7869//6 7867//6
f 7871//6 7867//6 7869//6
f 7864//6 7781//6 7870//6
f 7872//6 7870//6 7868//6
f 7862//6 7864//6 7872//6
f 7870//6 7872//6 7864//6
f 7873//6 7868//6 7866//6
f 7859//6 7866//6 7805//6
f 7857//6 7873//6 7859//6
f 7866//6 7859//6 7873//6
f 7860//6 7862//6 7874//6
f 7856//6 7874//6 7857//6
f 7827//6 7860//6 7856//6
f 7874//6 7856//6 7860//6
f 7873//6 7857//6 7874//6
f 7872//6 7874//6 7862//6
f 7868//6 7873//6 7872//6
f 7874//6 7872//6 7873//6
f 7875//6 7737//6 7876//6
f 7877//6 7876//6 7878//6
f 7879//6 7875//6 7877//6
f 7876//6 7877//6 7875//6
f 7880//6 7878//6 7881//6
f 7882//6 7881//6 7883//6
f 7884//6 7880//6 7882//6
f 7881//6 7882//6 7880//6
f 7885//6 7879//6 7886//6
f 7887//6 7886//6 7884//6
f 7888//6 7885//6 7887//6
f 7886//6 7887//6 7885//6
f 7880//6 7884//6 7886//6
f 7877//6 7886//6 7879//6
f 7878//6 7880//6 7877//6
f 7886//6 7877//6 7880//6
f 7889//6 7883//6 7890//6
f 7891//6 7890//6 7892//6
f 7893//6 7889//6 7891//6
f 7890//6 7891//6 7889//6
f 7894//6 7892//6 7895//6
f 7896//6 7895//6 7897//6
f 7898//6 7894//6 7896//6
f 7895//6 7896//6 7894//6
f 7899//6 7893//6 7900//6
f 7901//6 7900//6 7898//6
f 7902//6 7899//6 7901//6
f 7900//6 7901//6 7899//6
f 7894//6 7898//6 7900//6
f 7891//6 7900//6 7893//6
f 7892//6 7894//6 7891//6
f 7900//6 7891//6 7894//6
f 7903//6 7888//6 7904//6
f 7905//6 7904//6 7906//6
f 7907//6 7903//6 7905//6
f 7904//6 7905//6 7903//6
f 7908//6 7906//6 7909//6
f 7910//6 7909//6 7902//6
f 7911//6 7908//6 7910//6
f 7909//6 7910//6 7908//6
f 7912//6 7907//6 7913//6
f 7914//6 7913//6 7911//6
f 7915//6 7912//6 7914//6
f 7913//6 7914//6 7912//6
f 7908//6 7911//6 7913//6
f 7905//6 7913//6 7907//6
f 7906//6 7908//6 7905//6
f 7913//6 7905//6 7908//6
f 7899//6 7902//6 7909//6
f 7916//6 7909//6 7906//6
f 7893//6 7899//6 7916//6
f 7909//6 7916//6 7899//6
f 7917//6 7906//6 7904//6
f 7887//6 7904//6 7888//6
f 7884//6 7917//6 7887//6
f 7904//6 7887//6 7917//6
f 7889//6 7893//6 7918//6
f 7882//6 7918//6 7884//6
f 7883//6 7889//6 7882//6
f 7918//6 7882//6 7889//6
f 7917//6 7884//6 7918//6
f 7916//6 7918//6 7893//6
f 7906//6 7917//6 7916//6
f 7918//6 7916//6 7917//6
f 7919//6 7897//6 7920//6
f 7921//6 7920//6 7922//6
f 7923//6 7919//6 7921//6
f 7920//6 7921//6 7919//6
f 7924//6 7922//6 7925//6
f 7926//6 7925//6 7927//6
f 7928//6 7924//6 7926//6
f 7925//6 7926//6 7924//6
f 7929//6 7923//6 7930//6
f 7931//6 7930//6 7928//6
f 7932//6 7929//6 7931//6
f 7930//6 7931//6 7929//6
f 7924//6 7928//6 7930//6
f 7921//6 7930//6 7923//6
f 7922//6 7924//6 7921//6
f 7930//6 7921//6 7924//6
f 7933//6 7927//6 7934//6
f 7935//6 7934//6 7936//6
f 7937//6 7933//6 7935//6
f 7934//6 7935//6 7933//6
f 7938//6 7936//6 7939//6
f 5423//6 7939//6 5424//6
f 5420//6 7938//6 5423//6
f 7939//6 5423//6 7938//6
f 7940//6 7937//6 7941//6
f 5419//6 7941//6 5420//6
f 5412//6 7940//6 5419//6
f 7941//6 5419//6 7940//6
f 7938//6 5420//6 7941//6
f 7935//6 7941//6 7937//6
f 7936//6 7938//6 7935//6
f 7941//6 7935//6 7938//6
f 7942//6 7932//6 7943//6
f 7944//6 7943//6 7945//6
f 7946//6 7942//6 7944//6
f 7943//6 7944//6 7942//6
f 7947//6 7945//6 7948//6
f 5411//6 7948//6 5412//6
f 5408//6 7947//6 5411//6
f 7948//6 5411//6 7947//6
f 7949//6 7946//6 7950//6
f 5407//6 7950//6 5408//6
f 5390//6 7949//6 5407//6
f 7950//6 5407//6 7949//6
f 7947//6 5408//6 7950//6
f 7944//6 7950//6 7946//6
f 7945//6 7947//6 7944//6
f 7950//6 7944//6 7947//6
f 7940//6 5412//6 7948//6
f 7951//6 7948//6 7945//6
f 7937//6 7940//6 7951//6
f 7948//6 7951//6 7940//6
f 7952//6 7945//6 7943//6
f 7931//6 7943//6 7932//6
f 7928//6 7952//6 7931//6
f 7943//6 7931//6 7952//6
f 7933//6 7937//6 7953//6
f 7926//6 7953//6 7928//6
f 7927//6 7933//6 7926//6
f 7953//6 7926//6 7933//6
f 7952//6 7928//6 7953//6
f 7951//6 7953//6 7937//6
f 7945//6 7952//6 7951//6
f 7953//6 7951//6 7952//6
f 7954//6 7915//6 7955//6
f 7956//6 7955//6 7957//6
f 7958//6 7954//6 7956//6
f 7955//6 7956//6 7954//6
f 7959//6 7957//6 7960//6
f 7961//6 7960//6 7962//6
f 7963//6 7959//6 7961//6
f 7960//6 7961//6 7959//6
f 7964//6 7958//6 7965//6
f 7966//6 7965//6 7963//6
f 7967//6 7964//6 7966//6
f 7965//6 7966//6 7964//6
f 7959//6 7963//6 7965//6
f 7956//6 7965//6 7958//6
f 7957//6 7959//6 7956//6
f 7965//6 7956//6 7959//6
f 7968//6 7962//6 7969//6
f 7970//6 7969//6 7971//6
f 7972//6 7968//6 7970//6
f 7969//6 7970//6 7968//6
f 7973//6 7971//6 7974//6
f 5389//6 7974//6 5390//6
f 5386//6 7973//6 5389//6
f 7974//6 5389//6 7973//6
f 7975//6 7972//6 7976//6
f 5385//6 7976//6 5386//6
f 5378//6 7975//6 5385//6
f 7976//6 5385//6 7975//6
f 7973//6 5386//6 7976//6
f 7970//6 7976//6 7972//6
f 7971//6 7973//6 7970//6
f 7976//6 7970//6 7973//6
f 7977//6 7967//6 7978//6
f 7979//6 7978//6 7980//6
f 7981//6 7977//6 7979//6
f 7978//6 7979//6 7977//6
f 7982//6 7980//6 7983//6
f 5377//6 7983//6 5378//6
f 5374//6 7982//6 5377//6
f 7983//6 5377//6 7982//6
f 7984//6 7981//6 7985//6
f 5373//6 7985//6 5374//6
f 5344//6 7984//6 5373//6
f 7985//6 5373//6 7984//6
f 7982//6 5374//6 7985//6
f 7979//6 7985//6 7981//6
f 7980//6 7982//6 7979//6
f 7985//6 7979//6 7982//6
f 7975//6 5378//6 7983//6
f 7986//6 7983//6 7980//6
f 7972//6 7975//6 7986//6
f 7983//6 7986//6 7975//6
f 7987//6 7980//6 7978//6
f 7966//6 7978//6 7967//6
f 7963//6 7987//6 7966//6
f 7978//6 7966//6 7987//6
f 7968//6 7972//6 7988//6
f 7961//6 7988//6 7963//6
f 7962//6 7968//6 7961//6
f 7988//6 7961//6 7968//6
f 7987//6 7963//6 7988//6
f 7986//6 7988//6 7972//6
f 7980//6 7987//6 7986//6
f 7988//6 7986//6 7987//6
f 7949//6 5390//6 7974//6
f 7989//6 7974//6 7971//6
f 7946//6 7949//6 7989//6
f 7974//6 7989//6 7949//6
f 7990//6 7971//6 7969//6
f 7991//6 7969//6 7962//6
f 7992//6 7990//6 7991//6
f 7969//6 7991//6 7990//6
f 7942//6 7946//6 7993//6
f 7994//6 7993//6 7992//6
f 7932//6 7942//6 7994//6
f 7993//6 7994//6 7942//6
f 7990//6 7992//6 7993//6
f 7989//6 7993//6 7946//6
f 7971//6 7990//6 7989//6
f 7993//6 7989//6 7990//6
f 7995//6 7962//6 7960//6
f 7996//6 7960//6 7957//6
f 7997//6 7995//6 7996//6
f 7960//6 7996//6 7995//6
f 7998//6 7957//6 7955//6
f 7914//6 7955//6 7915//6
f 7911//6 7998//6 7914//6
f 7955//6 7914//6 7998//6
f 7999//6 7997//6 8000//6
f 7910//6 8000//6 7911//6
f 7902//6 7999//6 7910//6
f 8000//6 7910//6 7999//6
f 7998//6 7911//6 8000//6
f 7996//6 8000//6 7997//6
f 7957//6 7998//6 7996//6
f 8000//6 7996//6 7998//6
f 7929//6 7932//6 8001//6
f 8002//6 8001//6 8003//6
f 7923//6 7929//6 8002//6
f 8001//6 8002//6 7929//6
f 8004//6 8003//6 8005//6
f 7901//6 8005//6 7902//6
f 7898//6 8004//6 7901//6
f 8005//6 7901//6 8004//6
f 7919//6 7923//6 8006//6
f 7896//6 8006//6 7898//6
f 7897//6 7919//6 7896//6
f 8006//6 7896//6 7919//6
f 8004//6 7898//6 8006//6
f 8002//6 8006//6 7923//6
f 8003//6 8004//6 8002//6
f 8006//6 8002//6 8004//6
f 7999//6 7902//6 8005//6
f 8007//6 8005//6 8003//6
f 7997//6 7999//6 8007//6
f 8005//6 8007//6 7999//6
f 8008//6 8003//6 8001//6
f 7994//6 8001//6 7932//6
f 7992//6 8008//6 7994//6
f 8001//6 7994//6 8008//6
f 7995//6 7997//6 8009//6
f 7991//6 8009//6 7992//6
f 7962//6 7995//6 7991//6
f 8009//6 7991//6 7995//6
f 8008//6 7992//6 8009//6
f 8007//6 8009//6 7997//6
f 8003//6 8008//6 8007//6
f 8009//6 8007//6 8008//6
f 7849//6 5424//6 7939//6
f 8010//6 7939//6 7936//6
f 7846//6 7849//6 8010//6
f 7939//6 8010//6 7849//6
f 8011//6 7936//6 7934//6
f 8012//6 7934//6 7927//6
f 8013//6 8011//6 8012//6
f 7934//6 8012//6 8011//6
f 7842//6 7846//6 8014//6
f 8015//6 8014//6 8013//6
f 7832//6 7842//6 8015//6
f 8014//6 8015//6 7842//6
f 8011//6 8013//6 8014//6
f 8010//6 8014//6 7846//6
f 7936//6 8011//6 8010//6
f 8014//6 8010//6 8011//6
f 8016//6 7927//6 7925//6
f 8017//6 7925//6 7922//6
f 8018//6 8016//6 8017//6
f 7925//6 8017//6 8016//6
f 8019//6 7922//6 7920//6
f 8020//6 7920//6 7897//6
f 8021//6 8019//6 8020//6
f 7920//6 8020//6 8019//6
f 8022//6 8018//6 8023//6
f 8024//6 8023//6 8021//6
f 8025//6 8022//6 8024//6
f 8023//6 8024//6 8022//6
f 8019//6 8021//6 8023//6
f 8017//6 8023//6 8018//6
f 7922//6 8019//6 8017//6
f 8023//6 8017//6 8019//6
f 7829//6 7832//6 8026//6
f 8027//6 8026//6 8028//6
f 7823//6 7829//6 8027//6
f 8026//6 8027//6 7829//6
f 8029//6 8028//6 8030//6
f 8031//6 8030//6 8025//6
f 8032//6 8029//6 8031//6
f 8030//6 8031//6 8029//6
f 7819//6 7823//6 8033//6
f 8034//6 8033//6 8032//6
f 7794//6 7819//6 8034//6
f 8033//6 8034//6 7819//6
f 8029//6 8032//6 8033//6
f 8027//6 8033//6 7823//6
f 8028//6 8029//6 8027//6
f 8033//6 8027//6 8029//6
f 8022//6 8025//6 8030//6
f 8035//6 8030//6 8028//6
f 8018//6 8022//6 8035//6
f 8030//6 8035//6 8022//6
f 8036//6 8028//6 8026//6
f 8015//6 8026//6 7832//6
f 8013//6 8036//6 8015//6
f 8026//6 8015//6 8036//6
f 8016//6 8018//6 8037//6
f 8012//6 8037//6 8013//6
f 7927//6 8016//6 8012//6
f 8037//6 8012//6 8016//6
f 8036//6 8013//6 8037//6
f 8035//6 8037//6 8018//6
f 8028//6 8036//6 8035//6
f 8037//6 8035//6 8036//6
f 8038//6 7897//6 7895//6
f 8039//6 7895//6 7892//6
f 8040//6 8038//6 8039//6
f 7895//6 8039//6 8038//6
f 8041//6 7892//6 7890//6
f 8042//6 7890//6 7883//6
f 8043//6 8041//6 8042//6
f 7890//6 8042//6 8041//6
f 8044//6 8040//6 8045//6
f 8046//6 8045//6 8043//6
f 8047//6 8044//6 8046//6
f 8045//6 8046//6 8044//6
f 8041//6 8043//6 8045//6
f 8039//6 8045//6 8040//6
f 7892//6 8041//6 8039//6
f 8045//6 8039//6 8041//6
f 8048//6 7883//6 7881//6
f 8049//6 7881//6 7878//6
f 8050//6 8048//6 8049//6
f 7881//6 8049//6 8048//6
f 8051//6 7878//6 7876//6
f 7736//6 7876//6 7737//6
f 7733//6 8051//6 7736//6
f 7876//6 7736//6 8051//6
f 8052//6 8050//6 8053//6
f 7732//6 8053//6 7733//6
f 7724//6 8052//6 7732//6
f 8053//6 7732//6 8052//6
f 8051//6 7733//6 8053//6
f 8049//6 8053//6 8050//6
f 7878//6 8051//6 8049//6
f 8053//6 8049//6 8051//6
f 8054//6 8047//6 8055//6
f 8056//6 8055//6 8057//6
f 8058//6 8054//6 8056//6
f 8055//6 8056//6 8054//6
f 8059//6 8057//6 8060//6
f 7723//6 8060//6 7724//6
f 7720//6 8059//6 7723//6
f 8060//6 7723//6 8059//6
f 8061//6 8058//6 8062//6
f 7719//6 8062//6 7720//6
f 7694//6 8061//6 7719//6
f 8062//6 7719//6 8061//6
f 8059//6 7720//6 8062//6
f 8056//6 8062//6 8058//6
f 8057//6 8059//6 8056//6
f 8062//6 8056//6 8059//6
f 8052//6 7724//6 8060//6
f 8063//6 8060//6 8057//6
f 8050//6 8052//6 8063//6
f 8060//6 8063//6 8052//6
f 8064//6 8057//6 8055//6
f 8046//6 8055//6 8047//6
f 8043//6 8064//6 8046//6
f 8055//6 8046//6 8064//6
f 8048//6 8050//6 8065//6
f 8042//6 8065//6 8043//6
f 7883//6 8048//6 8042//6
f 8065//6 8042//6 8048//6
f 8064//6 8043//6 8065//6
f 8063//6 8065//6 8050//6
f 8057//6 8064//6 8063//6
f 8065//6 8063//6 8064//6
f 7791//6 7794//6 8066//6
f 8067//6 8066//6 8068//6
f 7786//6 7791//6 8067//6
f 8066//6 8067//6 7791//6
f 8069//6 8068//6 8070//6
f 8071//6 8070//6 8072//6
f 8073//6 8069//6 8071//6
f 8070//6 8071//6 8069//6
f 7782//6 7786//6 8074//6
f 8075//6 8074//6 8073//6
f 7771//6 7782//6 8075//6
f 8074//6 8075//6 7782//6
f 8069//6 8073//6 8074//6
f 8067//6 8074//6 7786//6
f 8068//6 8069//6 8067//6
f 8074//6 8067//6 8069//6
f 8076//6 8072//6 8077//6
f 8078//6 8077//6 8079//6
f 8080//6 8076//6 8078//6
f 8077//6 8078//6 8076//6
f 8081//6 8079//6 8082//6
f 7693//6 8082//6 7694//6
f 7690//6 8081//6 7693//6
f 8082//6 7693//6 8081//6
f 8083//6 8080//6 8084//6
f 7689//6 8084//6 7690//6
f 7681//6 8083//6 7689//6
f 8084//6 7689//6 8083//6
f 8081//6 7690//6 8084//6
f 8078//6 8084//6 8080//6
f 8079//6 8081//6 8078//6
f 8084//6 8078//6 8081//6
f 7768//6 7771//6 8085//6
f 8086//6 8085//6 8087//6
f 7764//6 7768//6 8086//6
f 8085//6 8086//6 7768//6
f 8088//6 8087//6 8089//6
f 7680//6 8089//6 7681//6
f 7677//6 8088//6 7680//6
f 8089//6 7680//6 8088//6
f 7762//6 7764//6 8090//6
f 7676//6 8090//6 7677//6
f 6338//6 7762//6 7676//6
f 8090//6 7676//6 7762//6
f 8088//6 7677//6 8090//6
f 8086//6 8090//6 7764//6
f 8087//6 8088//6 8086//6
f 8090//6 8086//6 8088//6
f 8083//6 7681//6 8089//6
f 8091//6 8089//6 8087//6
f 8080//6 8083//6 8091//6
f 8089//6 8091//6 8083//6
f 8092//6 8087//6 8085//6
f 8075//6 8085//6 7771//6
f 8073//6 8092//6 8075//6
f 8085//6 8075//6 8092//6
f 8076//6 8080//6 8093//6
f 8071//6 8093//6 8073//6
f 8072//6 8076//6 8071//6
f 8093//6 8071//6 8076//6
f 8092//6 8073//6 8093//6
f 8091//6 8093//6 8080//6
f 8087//6 8092//6 8091//6
f 8093//6 8091//6 8092//6
f 8061//6 7694//6 8082//6
f 8094//6 8082//6 8079//6
f 8058//6 8061//6 8094//6
f 8082//6 8094//6 8061//6
f 8095//6 8079//6 8077//6
f 8096//6 8077//6 8072//6
f 8097//6 8095//6 8096//6
f 8077//6 8096//6 8095//6
f 8054//6 8058//6 8098//6
f 8099//6 8098//6 8097//6
f 8047//6 8054//6 8099//6
f 8098//6 8099//6 8054//6
f 8095//6 8097//6 8098//6
f 8094//6 8098//6 8058//6
f 8079//6 8095//6 8094//6
f 8098//6 8094//6 8095//6
f 8100//6 8072//6 8070//6
f 8101//6 8070//6 8068//6
f 8102//6 8100//6 8101//6
f 8070//6 8101//6 8100//6
f 8103//6 8068//6 8066//6
f 8034//6 8066//6 7794//6
f 8032//6 8103//6 8034//6
f 8066//6 8034//6 8103//6
f 8104//6 8102//6 8105//6
f 8031//6 8105//6 8032//6
f 8025//6 8104//6 8031//6
f 8105//6 8031//6 8104//6
f 8103//6 8032//6 8105//6
f 8101//6 8105//6 8102//6
f 8068//6 8103//6 8101//6
f 8105//6 8101//6 8103//6
f 8044//6 8047//6 8106//6
f 8107//6 8106//6 8108//6
f 8040//6 8044//6 8107//6
f 8106//6 8107//6 8044//6
f 8109//6 8108//6 8110//6
f 8024//6 8110//6 8025//6
f 8021//6 8109//6 8024//6
f 8110//6 8024//6 8109//6
f 8038//6 8040//6 8111//6
f 8020//6 8111//6 8021//6
f 7897//6 8038//6 8020//6
f 8111//6 8020//6 8038//6
f 8109//6 8021//6 8111//6
f 8107//6 8111//6 8040//6
f 8108//6 8109//6 8107//6
f 8111//6 8107//6 8109//6
f 8104//6 8025//6 8110//6
f 8112//6 8110//6 8108//6
f 8102//6 8104//6 8112//6
f 8110//6 8112//6 8104//6
f 8113//6 8108//6 8106//6
f 8099//6 8106//6 8047//6
f 8097//6 8113//6 8099//6
f 8106//6 8099//6 8113//6
f 8100//6 8102//6 8114//6
f 8096//6 8114//6 8097//6
f 8072//6 8100//6 8096//6
f 8114//6 8096//6 8100//6
f 8113//6 8097//6 8114//6
f 8112//6 8114//6 8102//6
f 8108//6 8113//6 8112//6
f 8114//6 8112//6 8113//6
f 5643//6 5646//6 8115//6
f 8116//6 8115//6 8117//6
f 5638//6 5643//6 8116//6
f 8115//6 8116//6 5643//6
f 8118//6 8117//6 8119//6
f 8120//6 8119//6 8121//6
f 8122//6 8118//6 8120//6
f 8119//6 8120//6 8118//6
f 5634//6 5638//6 8123//6
f 8124//6 8123//6 8122//6
f 5620//6 5634//6 8124//6
f 8123//6 8124//6 5634//6
f 8118//6 8122//6 8123//6
f 8116//6 8123//6 5638//6
f 8117//6 8118//6 8116//6
f 8123//6 8116//6 8118//6
f 8125//6 8121//6 8126//6
f 8127//6 8126//6 8128//6
f 8129//6 8125//6 8127//6
f 8126//6 8127//6 8125//6
f 8130//6 8128//6 8131//6
f 8132//6 8131//6 8133//6
f 8134//6 8130//6 8132//6
f 8131//6 8132//6 8130//6
f 8135//6 8129//6 8136//6
f 8137//6 8136//6 8134//6
f 8138//6 8135//6 8137//6
f 8136//6 8137//6 8135//6
f 8130//6 8134//6 8136//6
f 8127//6 8136//6 8129//6
f 8128//6 8130//6 8127//6
f 8136//6 8127//6 8130//6
f 5617//6 5620//6 8139//6
f 8140//6 8139//6 8141//6
f 5611//6 5617//6 8140//6
f 8139//6 8140//6 5617//6
f 8142//6 8141//6 8143//6
f 8144//6 8143//6 8138//6
f 8145//6 8142//6 8144//6
f 8143//6 8144//6 8142//6
f 5607//6 5611//6 8146//6
f 8147//6 8146//6 8145//6
f 5575//6 5607//6 8147//6
f 8146//6 8147//6 5607//6
f 8142//6 8145//6 8146//6
f 8140//6 8146//6 5611//6
f 8141//6 8142//6 8140//6
f 8146//6 8140//6 8142//6
f 8135//6 8138//6 8143//6
f 8148//6 8143//6 8141//6
f 8129//6 8135//6 8148//6
f 8143//6 8148//6 8135//6
f 8149//6 8141//6 8139//6
f 8124//6 8139//6 5620//6
f 8122//6 8149//6 8124//6
f 8139//6 8124//6 8149//6
f 8125//6 8129//6 8150//6
f 8120//6 8150//6 8122//6
f 8121//6 8125//6 8120//6
f 8150//6 8120//6 8125//6
f 8149//6 8122//6 8150//6
f 8148//6 8150//6 8129//6
f 8141//6 8149//6 8148//6
f 8150//6 8148//6 8149//6
f 8151//6 8133//6 8152//6
f 8153//6 8152//6 8154//6
f 8155//6 8151//6 8153//6
f 8152//6 8153//6 8151//6
f 8156//6 8154//6 8157//6
f 8158//6 8157//6 8159//6
f 8160//6 8156//6 8158//6
f 8157//6 8158//6 8156//6
f 8161//6 8155//6 8162//6
f 8163//6 8162//6 8160//6
f 8164//6 8161//6 8163//6
f 8162//6 8163//6 8161//6
f 8156//6 8160//6 8162//6
f 8153//6 8162//6 8155//6
f 8154//6 8156//6 8153//6
f 8162//6 8153//6 8156//6
f 8165//6 8159//6 8166//6
f 8167//6 8166//6 8168//6
f 8169//6 8165//6 8167//6
f 8166//6 8167//6 8165//6
f 8170//6 8168//6 8171//6
f 8172//6 8171//6 8173//6
f 8174//6 8170//6 8172//6
f 8171//6 8172//6 8170//6
f 8175//6 8169//6 8176//6
f 8177//6 8176//6 8174//6
f 8178//6 8175//6 8177//6
f 8176//6 8177//6 8175//6
f 8170//6 8174//6 8176//6
f 8167//6 8176//6 8169//6
f 8168//6 8170//6 8167//6
f 8176//6 8167//6 8170//6
f 8179//6 8164//6 8180//6
f 8181//6 8180//6 8182//6
f 8183//6 8179//6 8181//6
f 8180//6 8181//6 8179//6
f 8184//6 8182//6 8185//6
f 8186//6 8185//6 8178//6
f 8187//6 8184//6 8186//6
f 8185//6 8186//6 8184//6
f 8188//6 8183//6 8189//6
f 8190//6 8189//6 8187//6
f 8191//6 8188//6 8190//6
f 8189//6 8190//6 8188//6
f 8184//6 8187//6 8189//6
f 8181//6 8189//6 8183//6
f 8182//6 8184//6 8181//6
f 8189//6 8181//6 8184//6
f 8175//6 8178//6 8185//6
f 8192//6 8185//6 8182//6
f 8169//6 8175//6 8192//6
f 8185//6 8192//6 8175//6
f 8193//6 8182//6 8180//6
f 8163//6 8180//6 8164//6
f 8160//6 8193//6 8163//6
f 8180//6 8163//6 8193//6
f 8165//6 8169//6 8194//6
f 8158//6 8194//6 8160//6
f 8159//6 8165//6 8158//6
f 8194//6 8158//6 8165//6
f 8193//6 8160//6 8194//6
f 8192//6 8194//6 8169//6
f 8182//6 8193//6 8192//6
f 8194//6 8192//6 8193//6
f 5572//6 5575//6 8195//6
f 8196//6 8195//6 8197//6
f 5567//6 5572//6 8196//6
f 8195//6 8196//6 5572//6
f 8198//6 8197//6 8199//6
f 8200//6 8199//6 8201//6
f 8202//6 8198//6 8200//6
f 8199//6 8200//6 8198//6
f 5563//6 5567//6 8203//6
f 8204//6 8203//6 8202//6
f 5548//6 5563//6 8204//6
f 8203//6 8204//6 5563//6
f 8198//6 8202//6 8203//6
f 8196//6 8203//6 5567//6
f 8197//6 8198//6 8196//6
f 8203//6 8196//6 8198//6
f 8205//6 8201//6 8206//6
f 8207//6 8206//6 8208//6
f 8209//6 8205//6 8207//6
f 8206//6 8207//6 8205//6
f 8210//6 8208//6 8211//6
f 8212//6 8211//6 8191//6
f 8213//6 8210//6 8212//6
f 8211//6 8212//6 8210//6
f 8214//6 8209//6 8215//6
f 8216//6 8215//6 8213//6
f 8217//6 8214//6 8216//6
f 8215//6 8216//6 8214//6
f 8210//6 8213//6 8215//6
f 8207//6 8215//6 8209//6
f 8208//6 8210//6 8207//6
f 8215//6 8207//6 8210//6
f 5545//6 5548//6 8218//6
f 8219//6 8218//6 8220//6
f 5539//6 5545//6 8219//6
f 8218//6 8219//6 5545//6
f 8221//6 8220//6 8222//6
f 8223//6 8222//6 8217//6
f 8224//6 8221//6 8223//6
f 8222//6 8223//6 8221//6
f 5535//6 5539//6 8225//6
f 8226//6 8225//6 8224//6
f 5532//6 5535//6 8226//6
f 8225//6 8226//6 5535//6
f 8221//6 8224//6 8225//6
f 8219//6 8225//6 5539//6
f 8220//6 8221//6 8219//6
f 8225//6 8219//6 8221//6
f 8214//6 8217//6 8222//6
f 8227//6 8222//6 8220//6
f 8209//6 8214//6 8227//6
f 8222//6 8227//6 8214//6
f 8228//6 8220//6 8218//6
f 8204//6 8218//6 5548//6
f 8202//6 8228//6 8204//6
f 8218//6 8204//6 8228//6
f 8205//6 8209//6 8229//6
f 8200//6 8229//6 8202//6
f 8201//6 8205//6 8200//6
f 8229//6 8200//6 8205//6
f 8228//6 8202//6 8229//6
f 8227//6 8229//6 8209//6
f 8220//6 8228//6 8227//6
f 8229//6 8227//6 8228//6
f 8188//6 8191//6 8211//6
f 8230//6 8211//6 8208//6
f 8183//6 8188//6 8230//6
f 8211//6 8230//6 8188//6
f 8231//6 8208//6 8206//6
f 8232//6 8206//6 8201//6
f 8233//6 8231//6 8232//6
f 8206//6 8232//6 8231//6
f 8179//6 8183//6 8234//6
f 8235//6 8234//6 8233//6
f 8164//6 8179//6 8235//6
f 8234//6 8235//6 8179//6
f 8231//6 8233//6 8234//6
f 8230//6 8234//6 8183//6
f 8208//6 8231//6 8230//6
f 8234//6 8230//6 8231//6
f 8236//6 8201//6 8199//6
f 8237//6 8199//6 8197//6
f 8238//6 8236//6 8237//6
f 8199//6 8237//6 8236//6
f 8239//6 8197//6 8195//6
f 8147//6 8195//6 5575//6
f 8145//6 8239//6 8147//6
f 8195//6 8147//6 8239//6
f 8240//6 8238//6 8241//6
f 8144//6 8241//6 8145//6
f 8138//6 8240//6 8144//6
f 8241//6 8144//6 8240//6
f 8239//6 8145//6 8241//6
f 8237//6 8241//6 8238//6
f 8197//6 8239//6 8237//6
f 8241//6 8237//6 8239//6
f 8161//6 8164//6 8242//6
f 8243//6 8242//6 8244//6
f 8155//6 8161//6 8243//6
f 8242//6 8243//6 8161//6
f 8245//6 8244//6 8246//6
f 8137//6 8246//6 8138//6
f 8134//6 8245//6 8137//6
f 8246//6 8137//6 8245//6
f 8151//6 8155//6 8247//6
f 8132//6 8247//6 8134//6
f 8133//6 8151//6 8132//6
f 8247//6 8132//6 8151//6
f 8245//6 8134//6 8247//6
f 8243//6 8247//6 8155//6
f 8244//6 8245//6 8243//6
f 8247//6 8243//6 8245//6
f 8240//6 8138//6 8246//6
f 8248//6 8246//6 8244//6
f 8238//6 8240//6 8248//6
f 8246//6 8248//6 8240//6
f 8249//6 8244//6 8242//6
f 8235//6 8242//6 8164//6
f 8233//6 8249//6 8235//6
f 8242//6 8235//6 8249//6
f 8236//6 8238//6 8250//6
f 8232//6 8250//6 8233//6
f 8201//6 8236//6 8232//6
f 8250//6 8232//6 8236//6
f 8249//6 8233//6 8250//6
f 8248//6 8250//6 8238//6
f 8244//6 8249//6 8248//6
f 8250//6 8248//6 8249//6
f 8251//6 8173//6 8252//6
f 8253//6 8252//6 8254//6
f 8255//6 8251//6 8253//6
f 8252//6 8253//6 8251//6
f 8256//6 8254//6 8257//6
f 8258//6 8257//6 8259//6
f 8260//6 8256//6 8258//6
f 8257//6 8258//6 8256//6
f 8261//6 8255//6 8262//6
f 8263//6 8262//6 8260//6
f 8264//6 8261//6 8263//6
f 8262//6 8263//6 8261//6
f 8256//6 8260//6 8262//6
f 8253//6 8262//6 8255//6
f 8254//6 8256//6 8253//6
f 8262//6 8253//6 8256//6
f 8265//6 8259//6 8266//6
f 8267//6 8266//6 8268//6
f 8269//6 8265//6 8267//6
f 8266//6 8267//6 8265//6
f 8270//6 8268//6 8271//6
f 8272//6 8271//6 8273//6
f 8274//6 8270//6 8272//6
f 8271//6 8272//6 8270//6
f 8275//6 8269//6 8276//6
f 8277//6 8276//6 8274//6
f 8278//6 8275//6 8277//6
f 8276//6 8277//6 8275//6
f 8270//6 8274//6 8276//6
f 8267//6 8276//6 8269//6
f 8268//6 8270//6 8267//6
f 8276//6 8267//6 8270//6
f 8279//6 8264//6 8280//6
f 8281//6 8280//6 8282//6
f 8283//6 8279//6 8281//6
f 8280//6 8281//6 8279//6
f 8284//6 8282//6 8285//6
f 8286//6 8285//6 8278//6
f 8287//6 8284//6 8286//6
f 8285//6 8286//6 8284//6
f 8288//6 8283//6 8289//6
f 8290//6 8289//6 8287//6
f 8291//6 8288//6 8290//6
f 8289//6 8290//6 8288//6
f 8284//6 8287//6 8289//6
f 8281//6 8289//6 8283//6
f 8282//6 8284//6 8281//6
f 8289//6 8281//6 8284//6
f 8275//6 8278//6 8285//6
f 8292//6 8285//6 8282//6
f 8269//6 8275//6 8292//6
f 8285//6 8292//6 8275//6
f 8293//6 8282//6 8280//6
f 8263//6 8280//6 8264//6
f 8260//6 8293//6 8263//6
f 8280//6 8263//6 8293//6
f 8265//6 8269//6 8294//6
f 8258//6 8294//6 8260//6
f 8259//6 8265//6 8258//6
f 8294//6 8258//6 8265//6
f 8293//6 8260//6 8294//6
f 8292//6 8294//6 8269//6
f 8282//6 8293//6 8292//6
f 8294//6 8292//6 8293//6
f 8295//6 8273//6 8296//6
f 8297//6 8296//6 8298//6
f 8299//6 8295//6 8297//6
f 8296//6 8297//6 8295//6
f 8300//6 8298//6 8301//6
f 8302//6 8301//6 8303//6
f 8304//6 8300//6 8302//6
f 8301//6 8302//6 8300//6
f 8305//6 8299//6 8306//6
f 8307//6 8306//6 8304//6
f 8308//6 8305//6 8307//6
f 8306//6 8307//6 8305//6
f 8300//6 8304//6 8306//6
f 8297//6 8306//6 8299//6
f 8298//6 8300//6 8297//6
f 8306//6 8297//6 8300//6
f 8309//6 8303//6 8310//6
f 8311//6 8310//6 8312//6
f 8313//6 8309//6 8311//6
f 8310//6 8311//6 8309//6
f 8314//6 8312//6 8315//6
f 5343//6 8315//6 5344//6
f 5340//6 8314//6 5343//6
f 8315//6 5343//6 8314//6
f 8316//6 8313//6 8317//6
f 5339//6 8317//6 5340//6
f 5332//6 8316//6 5339//6
f 8317//6 5339//6 8316//6
f 8314//6 5340//6 8317//6
f 8311//6 8317//6 8313//6
f 8312//6 8314//6 8311//6
f 8317//6 8311//6 8314//6
f 8318//6 8308//6 8319//6
f 8320//6 8319//6 8321//6
f 8322//6 8318//6 8320//6
f 8319//6 8320//6 8318//6
f 8323//6 8321//6 8324//6
f 5331//6 8324//6 5332//6
f 5328//6 8323//6 5331//6
f 8324//6 5331//6 8323//6
f 8325//6 8322//6 8326//6
f 5327//6 8326//6 5328//6
f 5310//6 8325//6 5327//6
f 8326//6 5327//6 8325//6
f 8323//6 5328//6 8326//6
f 8320//6 8326//6 8322//6
f 8321//6 8323//6 8320//6
f 8326//6 8320//6 8323//6
f 8316//6 5332//6 8324//6
f 8327//6 8324//6 8321//6
f 8313//6 8316//6 8327//6
f 8324//6 8327//6 8316//6
f 8328//6 8321//6 8319//6
f 8307//6 8319//6 8308//6
f 8304//6 8328//6 8307//6
f 8319//6 8307//6 8328//6
f 8309//6 8313//6 8329//6
f 8302//6 8329//6 8304//6
f 8303//6 8309//6 8302//6
f 8329//6 8302//6 8309//6
f 8328//6 8304//6 8329//6
f 8327//6 8329//6 8313//6
f 8321//6 8328//6 8327//6
f 8329//6 8327//6 8328//6
f 8330//6 8291//6 8331//6
f 8332//6 8331//6 8333//6
f 8334//6 8330//6 8332//6
f 8331//6 8332//6 8330//6
f 8335//6 8333//6 8336//6
f 8337//6 8336//6 8338//6
f 8339//6 8335//6 8337//6
f 8336//6 8337//6 8335//6
f 8340//6 8334//6 8341//6
f 8342//6 8341//6 8339//6
f 8343//6 8340//6 8342//6
f 8341//6 8342//6 8340//6
f 8335//6 8339//6 8341//6
f 8332//6 8341//6 8334//6
f 8333//6 8335//6 8332//6
f 8341//6 8332//6 8335//6
f 8344//6 8338//6 8345//6
f 8346//6 8345//6 8347//6
f 8348//6 8344//6 8346//6
f 8345//6 8346//6 8344//6
f 8349//6 8347//6 8350//6
f 5309//6 8350//6 5310//6
f 5306//6 8349//6 5309//6
f 8350//6 5309//6 8349//6
f 8351//6 8348//6 8352//6
f 5305//6 8352//6 5306//6
f 5298//6 8351//6 5305//6
f 8352//6 5305//6 8351//6
f 8349//6 5306//6 8352//6
f 8346//6 8352//6 8348//6
f 8347//6 8349//6 8346//6
f 8352//6 8346//6 8349//6
f 8353//6 8343//6 8354//6
f 8355//6 8354//6 8356//6
f 8357//6 8353//6 8355//6
f 8354//6 8355//6 8353//6
f 8358//6 8356//6 8359//6
f 5297//6 8359//6 5298//6
f 5294//6 8358//6 5297//6
f 8359//6 5297//6 8358//6
f 8360//6 8357//6 8361//6
f 5293//6 8361//6 5294//6
f 5270//6 8360//6 5293//6
f 8361//6 5293//6 8360//6
f 8358//6 5294//6 8361//6
f 8355//6 8361//6 8357//6
f 8356//6 8358//6 8355//6
f 8361//6 8355//6 8358//6
f 8351//6 5298//6 8359//6
f 8362//6 8359//6 8356//6
f 8348//6 8351//6 8362//6
f 8359//6 8362//6 8351//6
f 8363//6 8356//6 8354//6
f 8342//6 8354//6 8343//6
f 8339//6 8363//6 8342//6
f 8354//6 8342//6 8363//6
f 8344//6 8348//6 8364//6
f 8337//6 8364//6 8339//6
f 8338//6 8344//6 8337//6
f 8364//6 8337//6 8344//6
f 8363//6 8339//6 8364//6
f 8362//6 8364//6 8348//6
f 8356//6 8363//6 8362//6
f 8364//6 8362//6 8363//6
f 8325//6 5310//6 8350//6
f 8365//6 8350//6 8347//6
f 8322//6 8325//6 8365//6
f 8350//6 8365//6 8325//6
f 8366//6 8347//6 8345//6
f 8367//6 8345//6 8338//6
f 8368//6 8366//6 8367//6
f 8345//6 8367//6 8366//6
f 8318//6 8322//6 8369//6
f 8370//6 8369//6 8368//6
f 8308//6 8318//6 8370//6
f 8369//6 8370//6 8318//6
f 8366//6 8368//6 8369//6
f 8365//6 8369//6 8322//6
f 8347//6 8366//6 8365//6
f 8369//6 8365//6 8366//6
f 8371//6 8338//6 8336//6
f 8372//6 8336//6 8333//6
f 8373//6 8371//6 8372//6
f 8336//6 8372//6 8371//6
f 8374//6 8333//6 8331//6
f 8290//6 8331//6 8291//6
f 8287//6 8374//6 8290//6
f 8331//6 8290//6 8374//6
f 8375//6 8373//6 8376//6
f 8286//6 8376//6 8287//6
f 8278//6 8375//6 8286//6
f 8376//6 8286//6 8375//6
f 8374//6 8287//6 8376//6
f 8372//6 8376//6 8373//6
f 8333//6 8374//6 8372//6
f 8376//6 8372//6 8374//6
f 8305//6 8308//6 8377//6
f 8378//6 8377//6 8379//6
f 8299//6 8305//6 8378//6
f 8377//6 8378//6 8305//6
f 8380//6 8379//6 8381//6
f 8277//6 8381//6 8278//6
f 8274//6 8380//6 8277//6
f 8381//6 8277//6 8380//6
f 8295//6 8299//6 8382//6
f 8272//6 8382//6 8274//6
f 8273//6 8295//6 8272//6
f 8382//6 8272//6 8295//6
f 8380//6 8274//6 8382//6
f 8378//6 8382//6 8299//6
f 8379//6 8380//6 8378//6
f 8382//6 8378//6 8380//6
f 8375//6 8278//6 8381//6
f 8383//6 8381//6 8379//6
f 8373//6 8375//6 8383//6
f 8381//6 8383//6 8375//6
f 8384//6 8379//6 8377//6
f 8370//6 8377//6 8308//6
f 8368//6 8384//6 8370//6
f 8377//6 8370//6 8384//6
f 8371//6 8373//6 8385//6
f 8367//6 8385//6 8368//6
f 8338//6 8371//6 8367//6
f 8385//6 8367//6 8371//6
f 8384//6 8368//6 8385//6
f 8383//6 8385//6 8373//6
f 8379//6 8384//6 8383//6
f 8385//6 8383//6 8384//6
f 5529//6 5532//6 8386//6
f 8387//6 8386//6 8388//6
f 5523//6 5529//6 8387//6
f 8386//6 8387//6 5529//6
f 8389//6 8388//6 8390//6
f 8391//6 8390//6 8392//6
f 8393//6 8389//6 8391//6
f 8390//6 8391//6 8389//6
f 5519//6 5523//6 8394//6
f 8395//6 8394//6 8393//6
f 5516//6 5519//6 8395//6
f 8394//6 8395//6 5519//6
f 8389//6 8393//6 8394//6
f 8387//6 8394//6 5523//6
f 8388//6 8389//6 8387//6
f 8394//6 8387//6 8389//6
f 8396//6 8392//6 8397//6
f 8398//6 8397//6 8399//6
f 8400//6 8396//6 8398//6
f 8397//6 8398//6 8396//6
f 8401//6 8399//6 8402//6
f 8403//6 8402//6 8404//6
f 8405//6 8401//6 8403//6
f 8402//6 8403//6 8401//6
f 8406//6 8400//6 8407//6
f 8408//6 8407//6 8405//6
f 8409//6 8406//6 8408//6
f 8407//6 8408//6 8406//6
f 8401//6 8405//6 8407//6
f 8398//6 8407//6 8400//6
f 8399//6 8401//6 8398//6
f 8407//6 8398//6 8401//6
f 5511//6 5516//6 8410//6
f 8411//6 8410//6 8412//6
f 5509//6 5511//6 8411//6
f 8410//6 8411//6 5511//6
f 8413//6 8412//6 8414//6
f 8415//6 8414//6 8409//6
f 8416//6 8413//6 8415//6
f 8414//6 8415//6 8413//6
f 5507//6 5509//6 8417//6
f 8418//6 8417//6 8416//6
f 5506//6 5507//6 8418//6
f 8417//6 8418//6 5507//6
f 8413//6 8416//6 8417//6
f 8411//6 8417//6 5509//6
f 8412//6 8413//6 8411//6
f 8417//6 8411//6 8413//6
f 8406//6 8409//6 8414//6
f 8419//6 8414//6 8412//6
f 8400//6 8406//6 8419//6
f 8414//6 8419//6 8406//6
f 8420//6 8412//6 8410//6
f 8395//6 8410//6 5516//6
f 8393//6 8420//6 8395//6
f 8410//6 8395//6 8420//6
f 8396//6 8400//6 8421//6
f 8391//6 8421//6 8393//6
f 8392//6 8396//6 8391//6
f 8421//6 8391//6 8396//6
f 8420//6 8393//6 8421//6
f 8419//6 8421//6 8400//6
f 8412//6 8420//6 8419//6
f 8421//6 8419//6 8420//6
f 8422//6 8404//6 8423//6
f 8424//6 8423//6 8425//6
f 8426//6 8422//6 8424//6
f 8423//6 8424//6 8422//6
f 8427//6 8425//6 8428//6
f 8429//6 8428//6 8430//6
f 8431//6 8427//6 8429//6
f 8428//6 8429//6 8427//6
f 8432//6 8426//6 8433//6
f 8434//6 8433//6 8431//6
f 8435//6 8432//6 8434//6
f 8433//6 8434//6 8432//6
f 8427//6 8431//6 8433//6
f 8424//6 8433//6 8426//6
f 8425//6 8427//6 8424//6
f 8433//6 8424//6 8427//6
f 8436//6 8430//6 8437//6
f 8438//6 8437//6 8439//6
f 8440//6 8436//6 8438//6
f 8437//6 8438//6 8436//6
f 8441//6 8439//6 8442//6
f 5269//6 8442//6 5270//6
f 5266//6 8441//6 5269//6
f 8442//6 5269//6 8441//6
f 8443//6 8440//6 8444//6
f 5265//6 8444//6 5266//6
f 5258//6 8443//6 5265//6
f 8444//6 5265//6 8443//6
f 8441//6 5266//6 8444//6
f 8438//6 8444//6 8440//6
f 8439//6 8441//6 8438//6
f 8444//6 8438//6 8441//6
f 8445//6 8435//6 8446//6
f 8447//6 8446//6 8448//6
f 8449//6 8445//6 8447//6
f 8446//6 8447//6 8445//6
f 8450//6 8448//6 8451//6
f 5257//6 8451//6 5258//6
f 5254//6 8450//6 5257//6
f 8451//6 5257//6 8450//6
f 8452//6 8449//6 8453//6
f 5253//6 8453//6 5254//6
f 5237//6 8452//6 5253//6
f 8453//6 5253//6 8452//6
f 8450//6 5254//6 8453//6
f 8447//6 8453//6 8449//6
f 8448//6 8450//6 8447//6
f 8453//6 8447//6 8450//6
f 8443//6 5258//6 8451//6
f 8454//6 8451//6 8448//6
f 8440//6 8443//6 8454//6
f 8451//6 8454//6 8443//6
f 8455//6 8448//6 8446//6
f 8434//6 8446//6 8435//6
f 8431//6 8455//6 8434//6
f 8446//6 8434//6 8455//6
f 8436//6 8440//6 8456//6
f 8429//6 8456//6 8431//6
f 8430//6 8436//6 8429//6
f 8456//6 8429//6 8436//6
f 8455//6 8431//6 8456//6
f 8454//6 8456//6 8440//6
f 8448//6 8455//6 8454//6
f 8456//6 8454//6 8455//6
f 5504//6 5506//6 8457//6
f 5505//6 8457//6 8458//6
f 5504//6 5505//6 1073//6
f 8457//6 5505//6 5504//6
f 8459//6 8458//6 8460//6
f 8461//6 8460//6 8462//6
f 8463//6 8459//6 8461//6
f 8460//6 8461//6 8459//6
f 8464//6 8463//6 1066//6
f 1066//6 1074//6 8464//6
f 8464//6 1074//6 5505//6
f 8459//6 8463//6 8464//6
f 8465//6 1066//6 8463//6
f 8458//6 8459//6 5505//6
f 8464//6 5505//6 8459//6
f 8466//6 8462//6 8467//6
f 8468//6 8467//6 8469//6
f 8470//6 8466//6 8468//6
f 8467//6 8468//6 8466//6
f 8471//6 8469//6 8472//6
f 5236//6 8472//6 5237//6
f 5233//6 8471//6 5236//6
f 8472//6 5236//6 8471//6
f 8473//6 8470//6 8474//6
f 5232//6 8474//6 5233//6
f 5224//6 8473//6 5232//6
f 8474//6 5232//6 8473//6
f 8471//6 5233//6 8474//6
f 8468//6 8474//6 8470//6
f 8469//6 8471//6 8468//6
f 8474//6 8468//6 8471//6
f 8475//6 5224//6 1064//6
f 8475//6 1064//6 1063//6
f 1042//6 1064//6 5224//6
f 8473//6 5224//6 8475//6
f 8470//6 8473//6 8476//6
f 8476//6 1063//6 8465//6
f 8475//6 1063//6 8476//6
f 8475//6 8476//6 8473//6
f 1063//6 1067//6 8465//6
f 1066//6 8465//6 1067//6
f 8466//6 8470//6 8477//6
f 8461//6 8477//6 8463//6
f 8462//6 8466//6 8461//6
f 8477//6 8461//6 8466//6
f 8465//6 8463//6 8477//6
f 8476//6 8477//6 8470//6
f 8477//6 8476//6 8465//6
f 8452//6 5237//6 8472//6
f 8478//6 8472//6 8469//6
f 8449//6 8452//6 8478//6
f 8472//6 8478//6 8452//6
f 8479//6 8469//6 8467//6
f 8480//6 8467//6 8462//6
f 8481//6 8479//6 8480//6
f 8467//6 8480//6 8479//6
f 8445//6 8449//6 8482//6
f 8483//6 8482//6 8481//6
f 8435//6 8445//6 8483//6
f 8482//6 8483//6 8445//6
f 8479//6 8481//6 8482//6
f 8478//6 8482//6 8449//6
f 8469//6 8479//6 8478//6
f 8482//6 8478//6 8479//6
f 8484//6 8462//6 8460//6
f 8485//6 8460//6 8458//6
f 8486//6 8484//6 8485//6
f 8460//6 8485//6 8484//6
f 8487//6 8458//6 8457//6
f 8418//6 8457//6 5506//6
f 8416//6 8487//6 8418//6
f 8457//6 8418//6 8487//6
f 8488//6 8486//6 8489//6
f 8415//6 8489//6 8416//6
f 8409//6 8488//6 8415//6
f 8489//6 8415//6 8488//6
f 8487//6 8416//6 8489//6
f 8485//6 8489//6 8486//6
f 8458//6 8487//6 8485//6
f 8489//6 8485//6 8487//6
f 8432//6 8435//6 8490//6
f 8491//6 8490//6 8492//6
f 8426//6 8432//6 8491//6
f 8490//6 8491//6 8432//6
f 8493//6 8492//6 8494//6
f 8408//6 8494//6 8409//6
f 8405//6 8493//6 8408//6
f 8494//6 8408//6 8493//6
f 8422//6 8426//6 8495//6
f 8403//6 8495//6 8405//6
f 8404//6 8422//6 8403//6
f 8495//6 8403//6 8422//6
f 8493//6 8405//6 8495//6
f 8491//6 8495//6 8426//6
f 8492//6 8493//6 8491//6
f 8495//6 8491//6 8493//6
f 8488//6 8409//6 8494//6
f 8496//6 8494//6 8492//6
f 8486//6 8488//6 8496//6
f 8494//6 8496//6 8488//6
f 8497//6 8492//6 8490//6
f 8483//6 8490//6 8435//6
f 8481//6 8497//6 8483//6
f 8490//6 8483//6 8497//6
f 8484//6 8486//6 8498//6
f 8480//6 8498//6 8481//6
f 8462//6 8484//6 8480//6
f 8498//6 8480//6 8484//6
f 8497//6 8481//6 8498//6
f 8496//6 8498//6 8486//6
f 8492//6 8497//6 8496//6
f 8498//6 8496//6 8497//6
f 8360//6 5270//6 8442//6
f 8499//6 8442//6 8439//6
f 8357//6 8360//6 8499//6
f 8442//6 8499//6 8360//6
f 8500//6 8439//6 8437//6
f 8501//6 8437//6 8430//6
f 8502//6 8500//6 8501//6
f 8437//6 8501//6 8500//6
f 8353//6 8357//6 8503//6
f 8504//6 8503//6 8502//6
f 8343//6 8353//6 8504//6
f 8503//6 8504//6 8353//6
f 8500//6 8502//6 8503//6
f 8499//6 8503//6 8357//6
f 8439//6 8500//6 8499//6
f 8503//6 8499//6 8500//6
f 8505//6 8430//6 8428//6
f 8506//6 8428//6 8425//6
f 8507//6 8505//6 8506//6
f 8428//6 8506//6 8505//6
f 8508//6 8425//6 8423//6
f 8509//6 8423//6 8404//6
f 8510//6 8508//6 8509//6
f 8423//6 8509//6 8508//6
f 8511//6 8507//6 8512//6
f 8513//6 8512//6 8510//6
f 8514//6 8511//6 8513//6
f 8512//6 8513//6 8511//6
f 8508//6 8510//6 8512//6
f 8506//6 8512//6 8507//6
f 8425//6 8508//6 8506//6
f 8512//6 8506//6 8508//6
f 8340//6 8343//6 8515//6
f 8516//6 8515//6 8517//6
f 8334//6 8340//6 8516//6
f 8515//6 8516//6 8340//6
f 8518//6 8517//6 8519//6
f 8520//6 8519//6 8514//6
f 8521//6 8518//6 8520//6
f 8519//6 8520//6 8518//6
f 8330//6 8334//6 8522//6
f 8523//6 8522//6 8521//6
f 8291//6 8330//6 8523//6
f 8522//6 8523//6 8330//6
f 8518//6 8521//6 8522//6
f 8516//6 8522//6 8334//6
f 8517//6 8518//6 8516//6
f 8522//6 8516//6 8518//6
f 8511//6 8514//6 8519//6
f 8524//6 8519//6 8517//6
f 8507//6 8511//6 8524//6
f 8519//6 8524//6 8511//6
f 8525//6 8517//6 8515//6
f 8504//6 8515//6 8343//6
f 8502//6 8525//6 8504//6
f 8515//6 8504//6 8525//6
f 8505//6 8507//6 8526//6
f 8501//6 8526//6 8502//6
f 8430//6 8505//6 8501//6
f 8526//6 8501//6 8505//6
f 8525//6 8502//6 8526//6
f 8524//6 8526//6 8507//6
f 8517//6 8525//6 8524//6
f 8526//6 8524//6 8525//6
f 8527//6 8404//6 8402//6
f 8528//6 8402//6 8399//6
f 8529//6 8527//6 8528//6
f 8402//6 8528//6 8527//6
f 8530//6 8399//6 8397//6
f 8531//6 8397//6 8392//6
f 8532//6 8530//6 8531//6
f 8397//6 8531//6 8530//6
f 8533//6 8529//6 8534//6
f 8535//6 8534//6 8532//6
f 8536//6 8533//6 8535//6
f 8534//6 8535//6 8533//6
f 8530//6 8532//6 8534//6
f 8528//6 8534//6 8529//6
f 8399//6 8530//6 8528//6
f 8534//6 8528//6 8530//6
f 8537//6 8392//6 8390//6
f 8538//6 8390//6 8388//6
f 8539//6 8537//6 8538//6
f 8390//6 8538//6 8537//6
f 8540//6 8388//6 8386//6
f 8226//6 8386//6 5532//6
f 8224//6 8540//6 8226//6
f 8386//6 8226//6 8540//6
f 8541//6 8539//6 8542//6
f 8223//6 8542//6 8224//6
f 8217//6 8541//6 8223//6
f 8542//6 8223//6 8541//6
f 8540//6 8224//6 8542//6
f 8538//6 8542//6 8539//6
f 8388//6 8540//6 8538//6
f 8542//6 8538//6 8540//6
f 8543//6 8536//6 8544//6
f 8545//6 8544//6 8546//6
f 8547//6 8543//6 8545//6
f 8544//6 8545//6 8543//6
f 8548//6 8546//6 8549//6
f 8216//6 8549//6 8217//6
f 8213//6 8548//6 8216//6
f 8549//6 8216//6 8548//6
f 8550//6 8547//6 8551//6
f 8212//6 8551//6 8213//6
f 8191//6 8550//6 8212//6
f 8551//6 8212//6 8550//6
f 8548//6 8213//6 8551//6
f 8545//6 8551//6 8547//6
f 8546//6 8548//6 8545//6
f 8551//6 8545//6 8548//6
f 8541//6 8217//6 8549//6
f 8552//6 8549//6 8546//6
f 8539//6 8541//6 8552//6
f 8549//6 8552//6 8541//6
f 8553//6 8546//6 8544//6
f 8535//6 8544//6 8536//6
f 8532//6 8553//6 8535//6
f 8544//6 8535//6 8553//6
f 8537//6 8539//6 8554//6
f 8531//6 8554//6 8532//6
f 8392//6 8537//6 8531//6
f 8554//6 8531//6 8537//6
f 8553//6 8532//6 8554//6
f 8552//6 8554//6 8539//6
f 8546//6 8553//6 8552//6
f 8554//6 8552//6 8553//6
f 8288//6 8291//6 8555//6
f 8556//6 8555//6 8557//6
f 8283//6 8288//6 8556//6
f 8555//6 8556//6 8288//6
f 8558//6 8557//6 8559//6
f 8560//6 8559//6 8561//6
f 8562//6 8558//6 8560//6
f 8559//6 8560//6 8558//6
f 8279//6 8283//6 8563//6
f 8564//6 8563//6 8562//6
f 8264//6 8279//6 8564//6
f 8563//6 8564//6 8279//6
f 8558//6 8562//6 8563//6
f 8556//6 8563//6 8283//6
f 8557//6 8558//6 8556//6
f 8563//6 8556//6 8558//6
f 8565//6 8561//6 8566//6
f 8567//6 8566//6 8568//6
f 8569//6 8565//6 8567//6
f 8566//6 8567//6 8565//6
f 8570//6 8568//6 8571//6
f 8190//6 8571//6 8191//6
f 8187//6 8570//6 8190//6
f 8571//6 8190//6 8570//6
f 8572//6 8569//6 8573//6
f 8186//6 8573//6 8187//6
f 8178//6 8572//6 8186//6
f 8573//6 8186//6 8572//6
f 8570//6 8187//6 8573//6
f 8567//6 8573//6 8569//6
f 8568//6 8570//6 8567//6
f 8573//6 8567//6 8570//6
f 8261//6 8264//6 8574//6
f 8575//6 8574//6 8576//6
f 8255//6 8261//6 8575//6
f 8574//6 8575//6 8261//6
f 8577//6 8576//6 8578//6
f 8177//6 8578//6 8178//6
f 8174//6 8577//6 8177//6
f 8578//6 8177//6 8577//6
f 8251//6 8255//6 8579//6
f 8172//6 8579//6 8174//6
f 8173//6 8251//6 8172//6
f 8579//6 8172//6 8251//6
f 8577//6 8174//6 8579//6
f 8575//6 8579//6 8255//6
f 8576//6 8577//6 8575//6
f 8579//6 8575//6 8577//6
f 8572//6 8178//6 8578//6
f 8580//6 8578//6 8576//6
f 8569//6 8572//6 8580//6
f 8578//6 8580//6 8572//6
f 8581//6 8576//6 8574//6
f 8564//6 8574//6 8264//6
f 8562//6 8581//6 8564//6
f 8574//6 8564//6 8581//6
f 8565//6 8569//6 8582//6
f 8560//6 8582//6 8562//6
f 8561//6 8565//6 8560//6
f 8582//6 8560//6 8565//6
f 8581//6 8562//6 8582//6
f 8580//6 8582//6 8569//6
f 8576//6 8581//6 8580//6
f 8582//6 8580//6 8581//6
f 8550//6 8191//6 8571//6
f 8583//6 8571//6 8568//6
f 8547//6 8550//6 8583//6
f 8571//6 8583//6 8550//6
f 8584//6 8568//6 8566//6
f 8585//6 8566//6 8561//6
f 8586//6 8584//6 8585//6
f 8566//6 8585//6 8584//6
f 8543//6 8547//6 8587//6
f 8588//6 8587//6 8586//6
f 8536//6 8543//6 8588//6
f 8587//6 8588//6 8543//6
f 8584//6 8586//6 8587//6
f 8583//6 8587//6 8547//6
f 8568//6 8584//6 8583//6
f 8587//6 8583//6 8584//6
f 8589//6 8561//6 8559//6
f 8590//6 8559//6 8557//6
f 8591//6 8589//6 8590//6
f 8559//6 8590//6 8589//6
f 8592//6 8557//6 8555//6
f 8523//6 8555//6 8291//6
f 8521//6 8592//6 8523//6
f 8555//6 8523//6 8592//6
f 8593//6 8591//6 8594//6
f 8520//6 8594//6 8521//6
f 8514//6 8593//6 8520//6
f 8594//6 8520//6 8593//6
f 8592//6 8521//6 8594//6
f 8590//6 8594//6 8591//6
f 8557//6 8592//6 8590//6
f 8594//6 8590//6 8592//6
f 8533//6 8536//6 8595//6
f 8596//6 8595//6 8597//6
f 8529//6 8533//6 8596//6
f 8595//6 8596//6 8533//6
f 8598//6 8597//6 8599//6
f 8513//6 8599//6 8514//6
f 8510//6 8598//6 8513//6
f 8599//6 8513//6 8598//6
f 8527//6 8529//6 8600//6
f 8509//6 8600//6 8510//6
f 8404//6 8527//6 8509//6
f 8600//6 8509//6 8527//6
f 8598//6 8510//6 8600//6
f 8596//6 8600//6 8529//6
f 8597//6 8598//6 8596//6
f 8600//6 8596//6 8598//6
f 8593//6 8514//6 8599//6
f 8601//6 8599//6 8597//6
f 8591//6 8593//6 8601//6
f 8599//6 8601//6 8593//6
f 8602//6 8597//6 8595//6
f 8588//6 8595//6 8536//6
f 8586//6 8602//6 8588//6
f 8595//6 8588//6 8602//6
f 8589//6 8591//6 8603//6
f 8585//6 8603//6 8586//6
f 8561//6 8589//6 8585//6
f 8603//6 8585//6 8589//6
f 8602//6 8586//6 8603//6
f 8601//6 8603//6 8591//6
f 8597//6 8602//6 8601//6
f 8603//6 8601//6 8602//6
f 7984//6 5344//6 8315//6
f 8604//6 8315//6 8312//6
f 7981//6 7984//6 8604//6
f 8315//6 8604//6 7984//6
f 8605//6 8312//6 8310//6
f 8606//6 8310//6 8303//6
f 8607//6 8605//6 8606//6
f 8310//6 8606//6 8605//6
f 7977//6 7981//6 8608//6
f 8609//6 8608//6 8607//6
f 7967//6 7977//6 8609//6
f 8608//6 8609//6 7977//6
f 8605//6 8607//6 8608//6
f 8604//6 8608//6 7981//6
f 8312//6 8605//6 8604//6
f 8608//6 8604//6 8605//6
f 8610//6 8303//6 8301//6
f 8611//6 8301//6 8298//6
f 8612//6 8610//6 8611//6
f 8301//6 8611//6 8610//6
f 8613//6 8298//6 8296//6
f 8614//6 8296//6 8273//6
f 8615//6 8613//6 8614//6
f 8296//6 8614//6 8613//6
f 8616//6 8612//6 8617//6
f 8618//6 8617//6 8615//6
f 8619//6 8616//6 8618//6
f 8617//6 8618//6 8616//6
f 8613//6 8615//6 8617//6
f 8611//6 8617//6 8612//6
f 8298//6 8613//6 8611//6
f 8617//6 8611//6 8613//6
f 7964//6 7967//6 8620//6
f 8621//6 8620//6 8622//6
f 7958//6 7964//6 8621//6
f 8620//6 8621//6 7964//6
f 8623//6 8622//6 8624//6
f 8625//6 8624//6 8619//6
f 8626//6 8623//6 8625//6
f 8624//6 8625//6 8623//6
f 7954//6 7958//6 8627//6
f 8628//6 8627//6 8626//6
f 7915//6 7954//6 8628//6
f 8627//6 8628//6 7954//6
f 8623//6 8626//6 8627//6
f 8621//6 8627//6 7958//6
f 8622//6 8623//6 8621//6
f 8627//6 8621//6 8623//6
f 8616//6 8619//6 8624//6
f 8629//6 8624//6 8622//6
f 8612//6 8616//6 8629//6
f 8624//6 8629//6 8616//6
f 8630//6 8622//6 8620//6
f 8609//6 8620//6 7967//6
f 8607//6 8630//6 8609//6
f 8620//6 8609//6 8630//6
f 8610//6 8612//6 8631//6
f 8606//6 8631//6 8607//6
f 8303//6 8610//6 8606//6
f 8631//6 8606//6 8610//6
f 8630//6 8607//6 8631//6
f 8629//6 8631//6 8612//6
f 8622//6 8630//6 8629//6
f 8631//6 8629//6 8630//6
f 8632//6 8273//6 8271//6
f 8633//6 8271//6 8268//6
f 8634//6 8632//6 8633//6
f 8271//6 8633//6 8632//6
f 8635//6 8268//6 8266//6
f 8636//6 8266//6 8259//6
f 8637//6 8635//6 8636//6
f 8266//6 8636//6 8635//6
f 8638//6 8634//6 8639//6
f 8640//6 8639//6 8637//6
f 8641//6 8638//6 8640//6
f 8639//6 8640//6 8638//6
f 8635//6 8637//6 8639//6
f 8633//6 8639//6 8634//6
f 8268//6 8635//6 8633//6
f 8639//6 8633//6 8635//6
f 8642//6 8259//6 8257//6
f 8643//6 8257//6 8254//6
f 8644//6 8642//6 8643//6
f 8257//6 8643//6 8642//6
f 8645//6 8254//6 8252//6
f 8646//6 8252//6 8173//6
f 8647//6 8645//6 8646//6
f 8252//6 8646//6 8645//6
f 8648//6 8644//6 8649//6
f 8650//6 8649//6 8647//6
f 8651//6 8648//6 8650//6
f 8649//6 8650//6 8648//6
f 8645//6 8647//6 8649//6
f 8643//6 8649//6 8644//6
f 8254//6 8645//6 8643//6
f 8649//6 8643//6 8645//6
f 8652//6 8641//6 8653//6
f 8654//6 8653//6 8655//6
f 8656//6 8652//6 8654//6
f 8653//6 8654//6 8652//6
f 8657//6 8655//6 8658//6
f 8659//6 8658//6 8651//6
f 8660//6 8657//6 8659//6
f 8658//6 8659//6 8657//6
f 8661//6 8656//6 8662//6
f 8663//6 8662//6 8660//6
f 8664//6 8661//6 8663//6
f 8662//6 8663//6 8661//6
f 8657//6 8660//6 8662//6
f 8654//6 8662//6 8656//6
f 8655//6 8657//6 8654//6
f 8662//6 8654//6 8657//6
f 8648//6 8651//6 8658//6
f 8665//6 8658//6 8655//6
f 8644//6 8648//6 8665//6
f 8658//6 8665//6 8648//6
f 8666//6 8655//6 8653//6
f 8640//6 8653//6 8641//6
f 8637//6 8666//6 8640//6
f 8653//6 8640//6 8666//6
f 8642//6 8644//6 8667//6
f 8636//6 8667//6 8637//6
f 8259//6 8642//6 8636//6
f 8667//6 8636//6 8642//6
f 8666//6 8637//6 8667//6
f 8665//6 8667//6 8644//6
f 8655//6 8666//6 8665//6
f 8667//6 8665//6 8666//6
f 7912//6 7915//6 8668//6
f 8669//6 8668//6 8670//6
f 7907//6 7912//6 8669//6
f 8668//6 8669//6 7912//6
f 8671//6 8670//6 8672//6
f 8673//6 8672//6 8674//6
f 8675//6 8671//6 8673//6
f 8672//6 8673//6 8671//6
f 7903//6 7907//6 8676//6
f 8677//6 8676//6 8675//6
f 7888//6 7903//6 8677//6
f 8676//6 8677//6 7903//6
f 8671//6 8675//6 8676//6
f 8669//6 8676//6 7907//6
f 8670//6 8671//6 8669//6
f 8676//6 8669//6 8671//6
f 8678//6 8674//6 8679//6
f 8680//6 8679//6 8681//6
f 8682//6 8678//6 8680//6
f 8679//6 8680//6 8678//6
f 8683//6 8681//6 8684//6
f 8685//6 8684//6 8664//6
f 8686//6 8683//6 8685//6
f 8684//6 8685//6 8683//6
f 8687//6 8682//6 8688//6
f 8689//6 8688//6 8686//6
f 8690//6 8687//6 8689//6
f 8688//6 8689//6 8687//6
f 8683//6 8686//6 8688//6
f 8680//6 8688//6 8682//6
f 8681//6 8683//6 8680//6
f 8688//6 8680//6 8683//6
f 7885//6 7888//6 8691//6
f 8692//6 8691//6 8693//6
f 7879//6 7885//6 8692//6
f 8691//6 8692//6 7885//6
f 8694//6 8693//6 8695//6
f 8696//6 8695//6 8690//6
f 8697//6 8694//6 8696//6
f 8695//6 8696//6 8694//6
f 7875//6 7879//6 8698//6
f 8699//6 8698//6 8697//6
f 7737//6 7875//6 8699//6
f 8698//6 8699//6 7875//6
f 8694//6 8697//6 8698//6
f 8692//6 8698//6 7879//6
f 8693//6 8694//6 8692//6
f 8698//6 8692//6 8694//6
f 8687//6 8690//6 8695//6
f 8700//6 8695//6 8693//6
f 8682//6 8687//6 8700//6
f 8695//6 8700//6 8687//6
f 8701//6 8693//6 8691//6
f 8677//6 8691//6 7888//6
f 8675//6 8701//6 8677//6
f 8691//6 8677//6 8701//6
f 8678//6 8682//6 8702//6
f 8673//6 8702//6 8675//6
f 8674//6 8678//6 8673//6
f 8702//6 8673//6 8678//6
f 8701//6 8675//6 8702//6
f 8700//6 8702//6 8682//6
f 8693//6 8701//6 8700//6
f 8702//6 8700//6 8701//6
f 8661//6 8664//6 8684//6
f 8703//6 8684//6 8681//6
f 8656//6 8661//6 8703//6
f 8684//6 8703//6 8661//6
f 8704//6 8681//6 8679//6
f 8705//6 8679//6 8674//6
f 8706//6 8704//6 8705//6
f 8679//6 8705//6 8704//6
f 8652//6 8656//6 8707//6
f 8708//6 8707//6 8706//6
f 8641//6 8652//6 8708//6
f 8707//6 8708//6 8652//6
f 8704//6 8706//6 8707//6
f 8703//6 8707//6 8656//6
f 8681//6 8704//6 8703//6
f 8707//6 8703//6 8704//6
f 8709//6 8674//6 8672//6
f 8710//6 8672//6 8670//6
f 8711//6 8709//6 8710//6
f 8672//6 8710//6 8709//6
f 8712//6 8670//6 8668//6
f 8628//6 8668//6 7915//6
f 8626//6 8712//6 8628//6
f 8668//6 8628//6 8712//6
f 8713//6 8711//6 8714//6
f 8625//6 8714//6 8626//6
f 8619//6 8713//6 8625//6
f 8714//6 8625//6 8713//6
f 8712//6 8626//6 8714//6
f 8710//6 8714//6 8711//6
f 8670//6 8712//6 8710//6
f 8714//6 8710//6 8712//6
f 8638//6 8641//6 8715//6
f 8716//6 8715//6 8717//6
f 8634//6 8638//6 8716//6
f 8715//6 8716//6 8638//6
f 8718//6 8717//6 8719//6
f 8618//6 8719//6 8619//6
f 8615//6 8718//6 8618//6
f 8719//6 8618//6 8718//6
f 8632//6 8634//6 8720//6
f 8614//6 8720//6 8615//6
f 8273//6 8632//6 8614//6
f 8720//6 8614//6 8632//6
f 8718//6 8615//6 8720//6
f 8716//6 8720//6 8634//6
f 8717//6 8718//6 8716//6
f 8720//6 8716//6 8718//6
f 8713//6 8619//6 8719//6
f 8721//6 8719//6 8717//6
f 8711//6 8713//6 8721//6
f 8719//6 8721//6 8713//6
f 8722//6 8717//6 8715//6
f 8708//6 8715//6 8641//6
f 8706//6 8722//6 8708//6
f 8715//6 8708//6 8722//6
f 8709//6 8711//6 8723//6
f 8705//6 8723//6 8706//6
f 8674//6 8709//6 8705//6
f 8723//6 8705//6 8709//6
f 8722//6 8706//6 8723//6
f 8721//6 8723//6 8711//6
f 8717//6 8722//6 8721//6
f 8723//6 8721//6 8722//6
f 8724//6 8173//6 8171//6
f 8725//6 8171//6 8168//6
f 8726//6 8724//6 8725//6
f 8171//6 8725//6 8724//6
f 8727//6 8168//6 8166//6
f 8728//6 8166//6 8159//6
f 8729//6 8727//6 8728//6
f 8166//6 8728//6 8727//6
f 8730//6 8726//6 8731//6
f 8732//6 8731//6 8729//6
f 8733//6 8730//6 8732//6
f 8731//6 8732//6 8730//6
f 8727//6 8729//6 8731//6
f 8725//6 8731//6 8726//6
f 8168//6 8727//6 8725//6
f 8731//6 8725//6 8727//6
f 8734//6 8159//6 8157//6
f 8735//6 8157//6 8154//6
f 8736//6 8734//6 8735//6
f 8157//6 8735//6 8734//6
f 8737//6 8154//6 8152//6
f 8738//6 8152//6 8133//6
f 8739//6 8737//6 8738//6
f 8152//6 8738//6 8737//6
f 8740//6 8736//6 8741//6
f 8742//6 8741//6 8739//6
f 8743//6 8740//6 8742//6
f 8741//6 8742//6 8740//6
f 8737//6 8739//6 8741//6
f 8735//6 8741//6 8736//6
f 8154//6 8737//6 8735//6
f 8741//6 8735//6 8737//6
f 8744//6 8733//6 8745//6
f 8746//6 8745//6 8747//6
f 8748//6 8744//6 8746//6
f 8745//6 8746//6 8744//6
f 8749//6 8747//6 8750//6
f 8751//6 8750//6 8743//6
f 8752//6 8749//6 8751//6
f 8750//6 8751//6 8749//6
f 8753//6 8748//6 8754//6
f 8755//6 8754//6 8752//6
f 8756//6 8753//6 8755//6
f 8754//6 8755//6 8753//6
f 8749//6 8752//6 8754//6
f 8746//6 8754//6 8748//6
f 8747//6 8749//6 8746//6
f 8754//6 8746//6 8749//6
f 8740//6 8743//6 8750//6
f 8757//6 8750//6 8747//6
f 8736//6 8740//6 8757//6
f 8750//6 8757//6 8740//6
f 8758//6 8747//6 8745//6
f 8732//6 8745//6 8733//6
f 8729//6 8758//6 8732//6
f 8745//6 8732//6 8758//6
f 8734//6 8736//6 8759//6
f 8728//6 8759//6 8729//6
f 8159//6 8734//6 8728//6
f 8759//6 8728//6 8734//6
f 8758//6 8729//6 8759//6
f 8757//6 8759//6 8736//6
f 8747//6 8758//6 8757//6
f 8759//6 8757//6 8758//6
f 8760//6 8133//6 8131//6
f 8761//6 8131//6 8128//6
f 8762//6 8760//6 8761//6
f 8131//6 8761//6 8760//6
f 8763//6 8128//6 8126//6
f 8764//6 8126//6 8121//6
f 8765//6 8763//6 8764//6
f 8126//6 8764//6 8763//6
f 8766//6 8762//6 8767//6
f 8768//6 8767//6 8765//6
f 8769//6 8766//6 8768//6
f 8767//6 8768//6 8766//6
f 8763//6 8765//6 8767//6
f 8761//6 8767//6 8762//6
f 8128//6 8763//6 8761//6
f 8767//6 8761//6 8763//6
f 8770//6 8121//6 8119//6
f 8771//6 8119//6 8117//6
f 8772//6 8770//6 8771//6
f 8119//6 8771//6 8770//6
f 8773//6 8117//6 8115//6
f 7496//6 8115//6 5646//6
f 7494//6 8773//6 7496//6
f 8115//6 7496//6 8773//6
f 8774//6 8772//6 8775//6
f 7493//6 8775//6 7494//6
f 7487//6 8774//6 7493//6
f 8775//6 7493//6 8774//6
f 8773//6 7494//6 8775//6
f 8771//6 8775//6 8772//6
f 8117//6 8773//6 8771//6
f 8775//6 8771//6 8773//6
f 8776//6 8769//6 8777//6
f 8778//6 8777//6 8779//6
f 8780//6 8776//6 8778//6
f 8777//6 8778//6 8776//6
f 8781//6 8779//6 8782//6
f 7486//6 8782//6 7487//6
f 7483//6 8781//6 7486//6
f 8782//6 7486//6 8781//6
f 8783//6 8780//6 8784//6
f 7482//6 8784//6 7483//6
f 7461//6 8783//6 7482//6
f 8784//6 7482//6 8783//6
f 8781//6 7483//6 8784//6
f 8778//6 8784//6 8780//6
f 8779//6 8781//6 8778//6
f 8784//6 8778//6 8781//6
f 8774//6 7487//6 8782//6
f 8785//6 8782//6 8779//6
f 8772//6 8774//6 8785//6
f 8782//6 8785//6 8774//6
f 8786//6 8779//6 8777//6
f 8768//6 8777//6 8769//6
f 8765//6 8786//6 8768//6
f 8777//6 8768//6 8786//6
f 8770//6 8772//6 8787//6
f 8764//6 8787//6 8765//6
f 8121//6 8770//6 8764//6
f 8787//6 8764//6 8770//6
f 8786//6 8765//6 8787//6
f 8785//6 8787//6 8772//6
f 8779//6 8786//6 8785//6
f 8787//6 8785//6 8786//6
f 8788//6 8756//6 8789//6
f 8790//6 8789//6 8791//6
f 8792//6 8788//6 8790//6
f 8789//6 8790//6 8788//6
f 8793//6 8791//6 8794//6
f 8795//6 8794//6 8796//6
f 8797//6 8793//6 8795//6
f 8794//6 8795//6 8793//6
f 8798//6 8792//6 8799//6
f 8800//6 8799//6 8797//6
f 8801//6 8798//6 8800//6
f 8799//6 8800//6 8798//6
f 8793//6 8797//6 8799//6
f 8790//6 8799//6 8792//6
f 8791//6 8793//6 8790//6
f 8799//6 8790//6 8793//6
f 8802//6 8796//6 8803//6
f 8804//6 8803//6 8805//6
f 8806//6 8802//6 8804//6
f 8803//6 8804//6 8802//6
f 8807//6 8805//6 8808//6
f 7460//6 8808//6 7461//6
f 7457//6 8807//6 7460//6
f 8808//6 7460//6 8807//6
f 8809//6 8806//6 8810//6
f 7456//6 8810//6 7457//6
f 7448//6 8809//6 7456//6
f 8810//6 7456//6 8809//6
f 8807//6 7457//6 8810//6
f 8804//6 8810//6 8806//6
f 8805//6 8807//6 8804//6
f 8810//6 8804//6 8807//6
f 8811//6 8801//6 8812//6
f 8813//6 8812//6 8814//6
f 8815//6 8811//6 8813//6
f 8812//6 8813//6 8811//6
f 8816//6 8814//6 8817//6
f 7447//6 8817//6 7448//6
f 7444//6 8816//6 7447//6
f 8817//6 7447//6 8816//6
f 8818//6 8815//6 8819//6
f 7443//6 8819//6 7444//6
f 7361//6 8818//6 7443//6
f 8819//6 7443//6 8818//6
f 8816//6 7444//6 8819//6
f 8813//6 8819//6 8815//6
f 8814//6 8816//6 8813//6
f 8819//6 8813//6 8816//6
f 8809//6 7448//6 8817//6
f 8820//6 8817//6 8814//6
f 8806//6 8809//6 8820//6
f 8817//6 8820//6 8809//6
f 8821//6 8814//6 8812//6
f 8800//6 8812//6 8801//6
f 8797//6 8821//6 8800//6
f 8812//6 8800//6 8821//6
f 8802//6 8806//6 8822//6
f 8795//6 8822//6 8797//6
f 8796//6 8802//6 8795//6
f 8822//6 8795//6 8802//6
f 8821//6 8797//6 8822//6
f 8820//6 8822//6 8806//6
f 8814//6 8821//6 8820//6
f 8822//6 8820//6 8821//6
f 8783//6 7461//6 8808//6
f 8823//6 8808//6 8805//6
f 8780//6 8783//6 8823//6
f 8808//6 8823//6 8783//6
f 8824//6 8805//6 8803//6
f 8825//6 8803//6 8796//6
f 8826//6 8824//6 8825//6
f 8803//6 8825//6 8824//6
f 8776//6 8780//6 8827//6
f 8828//6 8827//6 8826//6
f 8769//6 8776//6 8828//6
f 8827//6 8828//6 8776//6
f 8824//6 8826//6 8827//6
f 8823//6 8827//6 8780//6
f 8805//6 8824//6 8823//6
f 8827//6 8823//6 8824//6
f 8829//6 8796//6 8794//6
f 8830//6 8794//6 8791//6
f 8831//6 8829//6 8830//6
f 8794//6 8830//6 8829//6
f 8832//6 8791//6 8789//6
f 8755//6 8789//6 8756//6
f 8752//6 8832//6 8755//6
f 8789//6 8755//6 8832//6
f 8833//6 8831//6 8834//6
f 8751//6 8834//6 8752//6
f 8743//6 8833//6 8751//6
f 8834//6 8751//6 8833//6
f 8832//6 8752//6 8834//6
f 8830//6 8834//6 8831//6
f 8791//6 8832//6 8830//6
f 8834//6 8830//6 8832//6
f 8766//6 8769//6 8835//6
f 8836//6 8835//6 8837//6
f 8762//6 8766//6 8836//6
f 8835//6 8836//6 8766//6
f 8838//6 8837//6 8839//6
f 8742//6 8839//6 8743//6
f 8739//6 8838//6 8742//6
f 8839//6 8742//6 8838//6
f 8760//6 8762//6 8840//6
f 8738//6 8840//6 8739//6
f 8133//6 8760//6 8738//6
f 8840//6 8738//6 8760//6
f 8838//6 8739//6 8840//6
f 8836//6 8840//6 8762//6
f 8837//6 8838//6 8836//6
f 8840//6 8836//6 8838//6
f 8833//6 8743//6 8839//6
f 8841//6 8839//6 8837//6
f 8831//6 8833//6 8841//6
f 8839//6 8841//6 8833//6
f 8842//6 8837//6 8835//6
f 8828//6 8835//6 8769//6
f 8826//6 8842//6 8828//6
f 8835//6 8828//6 8842//6
f 8829//6 8831//6 8843//6
f 8825//6 8843//6 8826//6
f 8796//6 8829//6 8825//6
f 8843//6 8825//6 8829//6
f 8842//6 8826//6 8843//6
f 8841//6 8843//6 8831//6
f 8837//6 8842//6 8841//6
f 8843//6 8841//6 8842//6
f 7734//6 7737//6 8844//6
f 8845//6 8844//6 8846//6
f 7729//6 7734//6 8845//6
f 8844//6 8845//6 7734//6
f 8847//6 8846//6 8848//6
f 8849//6 8848//6 8850//6
f 8851//6 8847//6 8849//6
f 8848//6 8849//6 8847//6
f 7725//6 7729//6 8852//6
f 8853//6 8852//6 8851//6
f 7711//6 7725//6 8853//6
f 8852//6 8853//6 7725//6
f 8847//6 8851//6 8852//6
f 8845//6 8852//6 7729//6
f 8846//6 8847//6 8845//6
f 8852//6 8845//6 8847//6
f 8854//6 8850//6 8855//6
f 8856//6 8855//6 8857//6
f 8858//6 8854//6 8856//6
f 8855//6 8856//6 8854//6
f 8859//6 8857//6 8860//6
f 8861//6 8860//6 8862//6
f 8863//6 8859//6 8861//6
f 8860//6 8861//6 8859//6
f 8864//6 8858//6 8865//6
f 8866//6 8865//6 8863//6
f 8867//6 8864//6 8866//6
f 8865//6 8866//6 8864//6
f 8859//6 8863//6 8865//6
f 8856//6 8865//6 8858//6
f 8857//6 8859//6 8856//6
f 8865//6 8856//6 8859//6
f 7708//6 7711//6 8868//6
f 8869//6 8868//6 8870//6
f 7702//6 7708//6 8869//6
f 8868//6 8869//6 7708//6
f 8871//6 8870//6 8872//6
f 8873//6 8872//6 8867//6
f 8874//6 8871//6 8873//6
f 8872//6 8873//6 8871//6
f 7698//6 7702//6 8875//6
f 8876//6 8875//6 8874//6
f 7658//6 7698//6 8876//6
f 8875//6 8876//6 7698//6
f 8871//6 8874//6 8875//6
f 8869//6 8875//6 7702//6
f 8870//6 8871//6 8869//6
f 8875//6 8869//6 8871//6
f 8864//6 8867//6 8872//6
f 8877//6 8872//6 8870//6
f 8858//6 8864//6 8877//6
f 8872//6 8877//6 8864//6
f 8878//6 8870//6 8868//6
f 8853//6 8868//6 7711//6
f 8851//6 8878//6 8853//6
f 8868//6 8853//6 8878//6
f 8854//6 8858//6 8879//6
f 8849//6 8879//6 8851//6
f 8850//6 8854//6 8849//6
f 8879//6 8849//6 8854//6
f 8878//6 8851//6 8879//6
f 8877//6 8879//6 8858//6
f 8870//6 8878//6 8877//6
f 8879//6 8877//6 8878//6
f 8880//6 8862//6 8881//6
f 8882//6 8881//6 8883//6
f 8884//6 8880//6 8882//6
f 8881//6 8882//6 8880//6
f 8885//6 8883//6 8886//6
f 8887//6 8886//6 8888//6
f 8889//6 8885//6 8887//6
f 8886//6 8887//6 8885//6
f 8890//6 8884//6 8891//6
f 8892//6 8891//6 8889//6
f 8893//6 8890//6 8892//6
f 8891//6 8892//6 8890//6
f 8885//6 8889//6 8891//6
f 8882//6 8891//6 8884//6
f 8883//6 8885//6 8882//6
f 8891//6 8882//6 8885//6
f 8894//6 8888//6 8895//6
f 8896//6 8895//6 8897//6
f 8898//6 8894//6 8896//6
f 8895//6 8896//6 8894//6
f 8899//6 8897//6 8900//6
f 7360//6 8900//6 7361//6
f 7357//6 8899//6 7360//6
f 8900//6 7360//6 8899//6
f 8901//6 8898//6 8902//6
f 7356//6 8902//6 7357//6
f 7348//6 8901//6 7356//6
f 8902//6 7356//6 8901//6
f 8899//6 7357//6 8902//6
f 8896//6 8902//6 8898//6
f 8897//6 8899//6 8896//6
f 8902//6 8896//6 8899//6
f 8903//6 8893//6 8904//6
f 8905//6 8904//6 8906//6
f 8907//6 8903//6 8905//6
f 8904//6 8905//6 8903//6
f 8908//6 8906//6 8909//6
f 7347//6 8909//6 7348//6
f 7344//6 8908//6 7347//6
f 8909//6 7347//6 8908//6
f 8910//6 8907//6 8911//6
f 7343//6 8911//6 7344//6
f 7318//6 8910//6 7343//6
f 8911//6 7343//6 8910//6
f 8908//6 7344//6 8911//6
f 8905//6 8911//6 8907//6
f 8906//6 8908//6 8905//6
f 8911//6 8905//6 8908//6
f 8901//6 7348//6 8909//6
f 8912//6 8909//6 8906//6
f 8898//6 8901//6 8912//6
f 8909//6 8912//6 8901//6
f 8913//6 8906//6 8904//6
f 8892//6 8904//6 8893//6
f 8889//6 8913//6 8892//6
f 8904//6 8892//6 8913//6
f 8894//6 8898//6 8914//6
f 8887//6 8914//6 8889//6
f 8888//6 8894//6 8887//6
f 8914//6 8887//6 8894//6
f 8913//6 8889//6 8914//6
f 8912//6 8914//6 8898//6
f 8906//6 8913//6 8912//6
f 8914//6 8912//6 8913//6
f 7655//6 7658//6 8915//6
f 8916//6 8915//6 8917//6
f 7650//6 7655//6 8916//6
f 8915//6 8916//6 7655//6
f 8918//6 8917//6 8919//6
f 8920//6 8919//6 8921//6
f 8922//6 8918//6 8920//6
f 8919//6 8920//6 8918//6
f 7646//6 7650//6 8923//6
f 8924//6 8923//6 8922//6
f 7635//6 7646//6 8924//6
f 8923//6 8924//6 7646//6
f 8918//6 8922//6 8923//6
f 8916//6 8923//6 7650//6
f 8917//6 8918//6 8916//6
f 8923//6 8916//6 8918//6
f 8925//6 8921//6 8926//6
f 8927//6 8926//6 8928//6
f 8929//6 8925//6 8927//6
f 8926//6 8927//6 8925//6
f 8930//6 8928//6 8931//6
f 7317//6 8931//6 7318//6
f 7314//6 8930//6 7317//6
f 8931//6 7317//6 8930//6
f 8932//6 8929//6 8933//6
f 7313//6 8933//6 7314//6
f 7305//6 8932//6 7313//6
f 8933//6 7313//6 8932//6
f 8930//6 7314//6 8933//6
f 8927//6 8933//6 8929//6
f 8928//6 8930//6 8927//6
f 8933//6 8927//6 8930//6
f 7632//6 7635//6 8934//6
f 8935//6 8934//6 8936//6
f 7628//6 7632//6 8935//6
f 8934//6 8935//6 7632//6
f 8937//6 8936//6 8938//6
f 7304//6 8938//6 7305//6
f 7301//6 8937//6 7304//6
f 8938//6 7304//6 8937//6
f 7626//6 7628//6 8939//6
f 7300//6 8939//6 7301//6
f 6414//6 7626//6 7300//6
f 8939//6 7300//6 7626//6
f 8937//6 7301//6 8939//6
f 8935//6 8939//6 7628//6
f 8936//6 8937//6 8935//6
f 8939//6 8935//6 8937//6
f 8932//6 7305//6 8938//6
f 8940//6 8938//6 8936//6
f 8929//6 8932//6 8940//6
f 8938//6 8940//6 8932//6
f 8941//6 8936//6 8934//6
f 8924//6 8934//6 7635//6
f 8922//6 8941//6 8924//6
f 8934//6 8924//6 8941//6
f 8925//6 8929//6 8942//6
f 8920//6 8942//6 8922//6
f 8921//6 8925//6 8920//6
f 8942//6 8920//6 8925//6
f 8941//6 8922//6 8942//6
f 8940//6 8942//6 8929//6
f 8936//6 8941//6 8940//6
f 8942//6 8940//6 8941//6
f 8910//6 7318//6 8931//6
f 8943//6 8931//6 8928//6
f 8907//6 8910//6 8943//6
f 8931//6 8943//6 8910//6
f 8944//6 8928//6 8926//6
f 8945//6 8926//6 8921//6
f 8946//6 8944//6 8945//6
f 8926//6 8945//6 8944//6
f 8903//6 8907//6 8947//6
f 8948//6 8947//6 8946//6
f 8893//6 8903//6 8948//6
f 8947//6 8948//6 8903//6
f 8944//6 8946//6 8947//6
f 8943//6 8947//6 8907//6
f 8928//6 8944//6 8943//6
f 8947//6 8943//6 8944//6
f 8949//6 8921//6 8919//6
f 8950//6 8919//6 8917//6
f 8951//6 8949//6 8950//6
f 8919//6 8950//6 8949//6
f 8952//6 8917//6 8915//6
f 8876//6 8915//6 7658//6
f 8874//6 8952//6 8876//6
f 8915//6 8876//6 8952//6
f 8953//6 8951//6 8954//6
f 8873//6 8954//6 8874//6
f 8867//6 8953//6 8873//6
f 8954//6 8873//6 8953//6
f 8952//6 8874//6 8954//6
f 8950//6 8954//6 8951//6
f 8917//6 8952//6 8950//6
f 8954//6 8950//6 8952//6
f 8890//6 8893//6 8955//6
f 8956//6 8955//6 8957//6
f 8884//6 8890//6 8956//6
f 8955//6 8956//6 8890//6
f 8958//6 8957//6 8959//6
f 8866//6 8959//6 8867//6
f 8863//6 8958//6 8866//6
f 8959//6 8866//6 8958//6
f 8880//6 8884//6 8960//6
f 8861//6 8960//6 8863//6
f 8862//6 8880//6 8861//6
f 8960//6 8861//6 8880//6
f 8958//6 8863//6 8960//6
f 8956//6 8960//6 8884//6
f 8957//6 8958//6 8956//6
f 8960//6 8956//6 8958//6
f 8953//6 8867//6 8959//6
f 8961//6 8959//6 8957//6
f 8951//6 8953//6 8961//6
f 8959//6 8961//6 8953//6
f 8962//6 8957//6 8955//6
f 8948//6 8955//6 8893//6
f 8946//6 8962//6 8948//6
f 8955//6 8948//6 8962//6
f 8949//6 8951//6 8963//6
f 8945//6 8963//6 8946//6
f 8921//6 8949//6 8945//6
f 8963//6 8945//6 8949//6
f 8962//6 8946//6 8963//6
f 8961//6 8963//6 8951//6
f 8957//6 8962//6 8961//6
f 8963//6 8961//6 8962//6
f 8818//6 7361//6 8900//6
f 8964//6 8900//6 8897//6
f 8815//6 8818//6 8964//6
f 8900//6 8964//6 8818//6
f 8965//6 8897//6 8895//6
f 8966//6 8895//6 8888//6
f 8967//6 8965//6 8966//6
f 8895//6 8966//6 8965//6
f 8811//6 8815//6 8968//6
f 8969//6 8968//6 8967//6
f 8801//6 8811//6 8969//6
f 8968//6 8969//6 8811//6
f 8965//6 8967//6 8968//6
f 8964//6 8968//6 8815//6
f 8897//6 8965//6 8964//6
f 8968//6 8964//6 8965//6
f 8970//6 8888//6 8886//6
f 8971//6 8886//6 8883//6
f 8972//6 8970//6 8971//6
f 8886//6 8971//6 8970//6
f 8973//6 8883//6 8881//6
f 8974//6 8881//6 8862//6
f 8975//6 8973//6 8974//6
f 8881//6 8974//6 8973//6
f 8976//6 8972//6 8977//6
f 8978//6 8977//6 8975//6
f 8979//6 8976//6 8978//6
f 8977//6 8978//6 8976//6
f 8973//6 8975//6 8977//6
f 8971//6 8977//6 8972//6
f 8883//6 8973//6 8971//6
f 8977//6 8971//6 8973//6
f 8798//6 8801//6 8980//6
f 8981//6 8980//6 8982//6
f 8792//6 8798//6 8981//6
f 8980//6 8981//6 8798//6
f 8983//6 8982//6 8984//6
f 8985//6 8984//6 8979//6
f 8986//6 8983//6 8985//6
f 8984//6 8985//6 8983//6
f 8788//6 8792//6 8987//6
f 8988//6 8987//6 8986//6
f 8756//6 8788//6 8988//6
f 8987//6 8988//6 8788//6
f 8983//6 8986//6 8987//6
f 8981//6 8987//6 8792//6
f 8982//6 8983//6 8981//6
f 8987//6 8981//6 8983//6
f 8976//6 8979//6 8984//6
f 8989//6 8984//6 8982//6
f 8972//6 8976//6 8989//6
f 8984//6 8989//6 8976//6
f 8990//6 8982//6 8980//6
f 8969//6 8980//6 8801//6
f 8967//6 8990//6 8969//6
f 8980//6 8969//6 8990//6
f 8970//6 8972//6 8991//6
f 8966//6 8991//6 8967//6
f 8888//6 8970//6 8966//6
f 8991//6 8966//6 8970//6
f 8990//6 8967//6 8991//6
f 8989//6 8991//6 8972//6
f 8982//6 8990//6 8989//6
f 8991//6 8989//6 8990//6
f 8992//6 8862//6 8860//6
f 8993//6 8860//6 8857//6
f 8994//6 8992//6 8993//6
f 8860//6 8993//6 8992//6
f 8995//6 8857//6 8855//6
f 8996//6 8855//6 8850//6
f 8997//6 8995//6 8996//6
f 8855//6 8996//6 8995//6
f 8998//6 8994//6 8999//6
f 9000//6 8999//6 8997//6
f 9001//6 8998//6 9000//6
f 8999//6 9000//6 8998//6
f 8995//6 8997//6 8999//6
f 8993//6 8999//6 8994//6
f 8857//6 8995//6 8993//6
f 8999//6 8993//6 8995//6
f 9002//6 8850//6 8848//6
f 9003//6 8848//6 8846//6
f 9004//6 9002//6 9003//6
f 8848//6 9003//6 9002//6
f 9005//6 8846//6 8844//6
f 8699//6 8844//6 7737//6
f 8697//6 9005//6 8699//6
f 8844//6 8699//6 9005//6
f 9006//6 9004//6 9007//6
f 8696//6 9007//6 8697//6
f 8690//6 9006//6 8696//6
f 9007//6 8696//6 9006//6
f 9005//6 8697//6 9007//6
f 9003//6 9007//6 9004//6
f 8846//6 9005//6 9003//6
f 9007//6 9003//6 9005//6
f 9008//6 9001//6 9009//6
f 9010//6 9009//6 9011//6
f 9012//6 9008//6 9010//6
f 9009//6 9010//6 9008//6
f 9013//6 9011//6 9014//6
f 8689//6 9014//6 8690//6
f 8686//6 9013//6 8689//6
f 9014//6 8689//6 9013//6
f 9015//6 9012//6 9016//6
f 8685//6 9016//6 8686//6
f 8664//6 9015//6 8685//6
f 9016//6 8685//6 9015//6
f 9013//6 8686//6 9016//6
f 9010//6 9016//6 9012//6
f 9011//6 9013//6 9010//6
f 9016//6 9010//6 9013//6
f 9006//6 8690//6 9014//6
f 9017//6 9014//6 9011//6
f 9004//6 9006//6 9017//6
f 9014//6 9017//6 9006//6
f 9018//6 9011//6 9009//6
f 9000//6 9009//6 9001//6
f 8997//6 9018//6 9000//6
f 9009//6 9000//6 9018//6
f 9002//6 9004//6 9019//6
f 8996//6 9019//6 8997//6
f 8850//6 9002//6 8996//6
f 9019//6 8996//6 9002//6
f 9018//6 8997//6 9019//6
f 9017//6 9019//6 9004//6
f 9011//6 9018//6 9017//6
f 9019//6 9017//6 9018//6
f 8753//6 8756//6 9020//6
f 9021//6 9020//6 9022//6
f 8748//6 8753//6 9021//6
f 9020//6 9021//6 8753//6
f 9023//6 9022//6 9024//6
f 9025//6 9024//6 9026//6
f 9027//6 9023//6 9025//6
f 9024//6 9025//6 9023//6
f 8744//6 8748//6 9028//6
f 9029//6 9028//6 9027//6
f 8733//6 8744//6 9029//6
f 9028//6 9029//6 8744//6
f 9023//6 9027//6 9028//6
f 9021//6 9028//6 8748//6
f 9022//6 9023//6 9021//6
f 9028//6 9021//6 9023//6
f 9030//6 9026//6 9031//6
f 9032//6 9031//6 9033//6
f 9034//6 9030//6 9032//6
f 9031//6 9032//6 9030//6
f 9035//6 9033//6 9036//6
f 8663//6 9036//6 8664//6
f 8660//6 9035//6 8663//6
f 9036//6 8663//6 9035//6
f 9037//6 9034//6 9038//6
f 8659//6 9038//6 8660//6
f 8651//6 9037//6 8659//6
f 9038//6 8659//6 9037//6
f 9035//6 8660//6 9038//6
f 9032//6 9038//6 9034//6
f 9033//6 9035//6 9032//6
f 9038//6 9032//6 9035//6
f 8730//6 8733//6 9039//6
f 9040//6 9039//6 9041//6
f 8726//6 8730//6 9040//6
f 9039//6 9040//6 8730//6
f 9042//6 9041//6 9043//6
f 8650//6 9043//6 8651//6
f 8647//6 9042//6 8650//6
f 9043//6 8650//6 9042//6
f 8724//6 8726//6 9044//6
f 8646//6 9044//6 8647//6
f 8173//6 8724//6 8646//6
f 9044//6 8646//6 8724//6
f 9042//6 8647//6 9044//6
f 9040//6 9044//6 8726//6
f 9041//6 9042//6 9040//6
f 9044//6 9040//6 9042//6
f 9037//6 8651//6 9043//6
f 9045//6 9043//6 9041//6
f 9034//6 9037//6 9045//6
f 9043//6 9045//6 9037//6
f 9046//6 9041//6 9039//6
f 9029//6 9039//6 8733//6
f 9027//6 9046//6 9029//6
f 9039//6 9029//6 9046//6
f 9030//6 9034//6 9047//6
f 9025//6 9047//6 9027//6
f 9026//6 9030//6 9025//6
f 9047//6 9025//6 9030//6
f 9046//6 9027//6 9047//6
f 9045//6 9047//6 9034//6
f 9041//6 9046//6 9045//6
f 9047//6 9045//6 9046//6
f 9015//6 8664//6 9036//6
f 9048//6 9036//6 9033//6
f 9012//6 9015//6 9048//6
f 9036//6 9048//6 9015//6
f 9049//6 9033//6 9031//6
f 9050//6 9031//6 9026//6
f 9051//6 9049//6 9050//6
f 9031//6 9050//6 9049//6
f 9008//6 9012//6 9052//6
f 9053//6 9052//6 9051//6
f 9001//6 9008//6 9053//6
f 9052//6 9053//6 9008//6
f 9049//6 9051//6 9052//6
f 9048//6 9052//6 9012//6
f 9033//6 9049//6 9048//6
f 9052//6 9048//6 9049//6
f 9054//6 9026//6 9024//6
f 9055//6 9024//6 9022//6
f 9056//6 9054//6 9055//6
f 9024//6 9055//6 9054//6
f 9057//6 9022//6 9020//6
f 8988//6 9020//6 8756//6
f 8986//6 9057//6 8988//6
f 9020//6 8988//6 9057//6
f 9058//6 9056//6 9059//6
f 8985//6 9059//6 8986//6
f 8979//6 9058//6 8985//6
f 9059//6 8985//6 9058//6
f 9057//6 8986//6 9059//6
f 9055//6 9059//6 9056//6
f 9022//6 9057//6 9055//6
f 9059//6 9055//6 9057//6
f 8998//6 9001//6 9060//6
f 9061//6 9060//6 9062//6
f 8994//6 8998//6 9061//6
f 9060//6 9061//6 8998//6
f 9063//6 9062//6 9064//6
f 8978//6 9064//6 8979//6
f 8975//6 9063//6 8978//6
f 9064//6 8978//6 9063//6
f 8992//6 8994//6 9065//6
f 8974//6 9065//6 8975//6
f 8862//6 8992//6 8974//6
f 9065//6 8974//6 8992//6
f 9063//6 8975//6 9065//6
f 9061//6 9065//6 8994//6
f 9062//6 9063//6 9061//6
f 9065//6 9061//6 9063//6
f 9058//6 8979//6 9064//6
f 9066//6 9064//6 9062//6
f 9056//6 9058//6 9066//6
f 9064//6 9066//6 9058//6
f 9067//6 9062//6 9060//6
f 9053//6 9060//6 9001//6
f 9051//6 9067//6 9053//6
f 9060//6 9053//6 9067//6
f 9054//6 9056//6 9068//6
f 9050//6 9068//6 9051//6
f 9026//6 9054//6 9050//6
f 9068//6 9050//6 9054//6
f 9067//6 9051//6 9068//6
f 9066//6 9068//6 9056//6
f 9062//6 9067//6 9066//6
f 9068//6 9066//6 9067//6
