# Blender 4.3.2
# www.blender.org
mtllib plate80mm.mtl
o plate80mm
v 0.040200 0.000000 0.000000
v 0.040187 0.000011 0.001003
v 0.040188 0.000000 0.000998
v 0.040088 0.000000 0.002992
v 0.040150 0.000000 0.001996
v 0.040150 0.000011 0.002013
v 0.040172 0.000357 0.001508
v 0.040086 0.000011 0.003022
v 0.040121 0.000357 0.002518
v 0.040200 0.001000 0.000000
v 0.040197 0.000357 0.000498
v 0.040045 0.000357 0.003525
v 0.040086 0.000704 0.003022
v 0.040150 0.000704 0.002013
v 0.039998 0.000704 0.004028
v 0.040187 0.000704 0.001003
v 0.040150 0.001000 0.001996
v 0.040002 0.001000 0.003987
v 0.040088 0.001000 0.002992
v 0.040188 0.001000 0.000998
v 0.039200 0.000000 0.008911
v 0.039409 0.000000 0.007934
v 0.039391 0.000011 0.008022
v 0.039489 0.000357 0.007526
v 0.039177 0.000011 0.009010
v 0.039288 0.000357 0.008516
v 0.038709 0.000000 0.010846
v 0.038967 0.000000 0.009881
v 0.038939 0.000011 0.009991
v 0.039061 0.000357 0.009501
v 0.038675 0.000011 0.010967
v 0.038810 0.000357 0.010480
v 0.039581 0.000011 0.007030
v 0.039666 0.000357 0.006532
v 0.039581 0.000704 0.007030
v 0.039745 0.000704 0.006033
v 0.039391 0.000704 0.008022
v 0.039884 0.000704 0.005032
v 0.039755 0.001000 0.005968
v 0.039409 0.001000 0.007934
v 0.039594 0.001000 0.006953
v 0.038534 0.000357 0.011452
v 0.038675 0.000704 0.010967
v 0.038939 0.000704 0.009991
v 0.038387 0.000704 0.011935
v 0.039177 0.000704 0.009010
v 0.038967 0.001000 0.009881
v 0.038428 0.001000 0.011804
v 0.038709 0.001000 0.010846
v 0.039200 0.001000 0.008911
v 0.039890 0.001000 0.004979
v 0.039817 0.000357 0.005533
v 0.039745 0.000011 0.006033
v 0.039594 0.000000 0.006953
v 0.039884 0.000011 0.005032
v 0.039755 0.000000 0.005968
v 0.039944 0.000357 0.004530
v 0.039998 0.000011 0.004028
v 0.040002 0.000000 0.003987
v 0.039890 0.000000 0.004979
v 0.036996 0.000011 0.015728
v 0.037068 0.000000 0.015557
v 0.037190 0.000357 0.015262
v 0.036670 0.000000 0.016472
v 0.036589 0.000011 0.016653
v 0.036795 0.000357 0.016191
v 0.036250 0.000000 0.017378
v 0.036159 0.000011 0.017567
v 0.036377 0.000357 0.017111
v 0.035807 0.000000 0.018273
v 0.035706 0.000011 0.018470
v 0.035935 0.000357 0.018020
v 0.035342 0.000000 0.019156
v 0.037379 0.000011 0.014793
v 0.037562 0.000357 0.014322
v 0.037379 0.000704 0.014793
v 0.037739 0.000704 0.013849
v 0.036996 0.000704 0.015728
v 0.038123 0.001000 0.012754
v 0.037795 0.001000 0.013697
v 0.038075 0.000704 0.012896
v 0.037443 0.001000 0.014631
v 0.037068 0.001000 0.015557
v 0.035471 0.000357 0.018917
v 0.035706 0.000704 0.018470
v 0.036159 0.000704 0.017567
v 0.035230 0.000704 0.019361
v 0.036670 0.001000 0.016472
v 0.036250 0.001000 0.017378
v 0.036589 0.000704 0.016653
v 0.035807 0.001000 0.018273
v 0.035342 0.001000 0.019156
v 0.033109 0.000011 0.022800
v 0.033268 0.000000 0.022567
v 0.033393 0.000357 0.022382
v 0.032698 0.000000 0.023386
v 0.032526 0.000011 0.023625
v 0.032820 0.000357 0.023214
v 0.032107 0.000000 0.024191
v 0.031922 0.000011 0.024435
v 0.032226 0.000357 0.024031
v 0.031496 0.000000 0.024981
v 0.031298 0.000011 0.025229
v 0.031612 0.000357 0.024834
v 0.030866 0.000000 0.025755
v 0.033672 0.000011 0.021960
v 0.033945 0.000357 0.021536
v 0.033672 0.000704 0.021960
v 0.034213 0.000704 0.021107
v 0.033109 0.000704 0.022800
v 0.034856 0.001000 0.020028
v 0.034348 0.001000 0.020887
v 0.034733 0.000704 0.020241
v 0.033818 0.001000 0.021734
v 0.033268 0.001000 0.022567
v 0.030978 0.000357 0.025620
v 0.031298 0.000704 0.025229
v 0.031922 0.000704 0.024435
v 0.030654 0.000704 0.026008
v 0.032698 0.001000 0.023386
v 0.032107 0.001000 0.024191
v 0.032526 0.000704 0.023625
v 0.031496 0.001000 0.024981
v 0.030866 0.001000 0.025755
v 0.034475 0.000357 0.020676
v 0.034213 0.000011 0.021107
v 0.034733 0.000011 0.020241
v 0.034348 0.000000 0.020887
v 0.034984 0.000357 0.019803
v 0.035230 0.000011 0.019361
v 0.034856 0.000000 0.020028
v 0.033818 0.000000 0.021734
v 0.037910 0.000357 0.013374
v 0.037739 0.000011 0.013849
v 0.038075 0.000011 0.012896
v 0.038234 0.000357 0.012417
v 0.038387 0.000011 0.011935
v 0.038428 0.000000 0.011804
v 0.038123 0.000000 0.012754
v 0.037443 0.000000 0.014631
v 0.037795 0.000000 0.013697
v 0.027889 0.000011 0.028953
v 0.028160 0.000000 0.028689
v 0.028250 0.000357 0.028600
v 0.027439 0.000000 0.029380
v 0.027152 0.000011 0.029645
v 0.027522 0.000357 0.029301
v 0.026701 0.000000 0.030052
v 0.026398 0.000011 0.030318
v 0.026777 0.000357 0.029984
v 0.025946 0.000000 0.030706
v 0.025628 0.000011 0.030972
v 0.026015 0.000357 0.030647
v 0.025176 0.000000 0.031341
v 0.028607 0.000011 0.028243
v 0.028960 0.000357 0.027881
v 0.028607 0.000704 0.028243
v 0.029308 0.000704 0.027515
v 0.027889 0.000704 0.028953
v 0.030217 0.001000 0.026514
v 0.029549 0.001000 0.027256
v 0.029990 0.000704 0.026770
v 0.028863 0.001000 0.027981
v 0.028160 0.001000 0.028689
v 0.025237 0.000357 0.031291
v 0.025628 0.000704 0.030972
v 0.026398 0.000704 0.030318
v 0.024842 0.000704 0.031606
v 0.027439 0.001000 0.029380
v 0.026701 0.001000 0.030052
v 0.027152 0.000704 0.029645
v 0.025946 0.001000 0.030706
v 0.025176 0.001000 0.031341
v 0.024390 0.001000 0.031956
v 0.021544 0.000011 0.033940
v 0.021943 0.000000 0.033683
v 0.021969 0.000357 0.033666
v 0.021100 0.000000 0.034217
v 0.020684 0.000011 0.034470
v 0.021116 0.000357 0.034208
v 0.020244 0.000000 0.034731
v 0.019812 0.000011 0.034979
v 0.020250 0.000357 0.034727
v 0.019375 0.000000 0.035223
v 0.018926 0.000011 0.035466
v 0.019370 0.000357 0.035225
v 0.018495 0.000000 0.035693
v 0.022390 0.000011 0.033387
v 0.022808 0.000357 0.033103
v 0.022390 0.000704 0.033387
v 0.023222 0.000704 0.032814
v 0.021544 0.000704 0.033940
v 0.021943 0.001000 0.033683
v 0.021100 0.001000 0.034217
v 0.022773 0.001000 0.033128
v 0.018479 0.000357 0.035701
v 0.018926 0.000704 0.035466
v 0.019812 0.000704 0.034979
v 0.018029 0.000704 0.035930
v 0.018495 0.001000 0.035693
v 0.017603 0.001000 0.036141
v 0.019375 0.001000 0.035223
v 0.020684 0.000704 0.034470
v 0.020244 0.001000 0.034731
v 0.024040 0.000704 0.032220
v 0.023589 0.001000 0.032552
v 0.023633 0.000357 0.032520
v 0.023222 0.000011 0.032814
v 0.022773 0.000000 0.033128
v 0.024040 0.000011 0.032220
v 0.023589 0.000000 0.032552
v 0.024443 0.000357 0.031915
v 0.024842 0.000011 0.031606
v 0.024390 0.000000 0.031956
v 0.014332 0.000011 0.037559
v 0.014864 0.000000 0.037351
v 0.014803 0.000357 0.037375
v 0.013931 0.000000 0.037709
v 0.013383 0.000011 0.037907
v 0.013859 0.000357 0.037736
v 0.012991 0.000000 0.038043
v 0.012426 0.000011 0.038231
v 0.012906 0.000357 0.038072
v 0.012042 0.000000 0.038354
v 0.011462 0.000011 0.038531
v 0.011945 0.000357 0.038384
v 0.011086 0.000000 0.038641
v 0.015271 0.000011 0.037186
v 0.015737 0.000357 0.036992
v 0.015271 0.000704 0.037186
v 0.016201 0.000704 0.036791
v 0.014332 0.000704 0.037559
v 0.013931 0.001000 0.037709
v 0.013383 0.000704 0.037907
v 0.014864 0.001000 0.037351
v 0.015786 0.001000 0.036971
v 0.010977 0.000357 0.038672
v 0.011462 0.000704 0.038531
v 0.012426 0.000704 0.038231
v 0.010490 0.000704 0.038807
v 0.012991 0.001000 0.038043
v 0.012042 0.001000 0.038354
v 0.011086 0.001000 0.038641
v 0.010123 0.001000 0.038905
v 0.009511 0.000704 0.039059
v 0.006542 0.000011 0.039664
v 0.007199 0.000000 0.039550
v 0.007040 0.000357 0.039579
v 0.006215 0.000000 0.039717
v 0.005543 0.000011 0.039816
v 0.006043 0.000357 0.039743
v 0.005227 0.000000 0.039859
v 0.004540 0.000011 0.039943
v 0.005042 0.000357 0.039883
v 0.004235 0.000000 0.039976
v 0.003535 0.000011 0.040044
v 0.004038 0.000357 0.039997
v 0.003241 0.000000 0.040069
v 0.007536 0.000011 0.039487
v 0.008032 0.000357 0.039389
v 0.007536 0.000704 0.039487
v 0.008526 0.000704 0.039285
v 0.006542 0.000704 0.039664
v 0.009154 0.001000 0.039144
v 0.008179 0.001000 0.039359
v 0.007199 0.001000 0.039550
v 0.006215 0.001000 0.039717
v 0.005543 0.000704 0.039816
v 0.003032 0.000357 0.040086
v 0.003535 0.000704 0.040044
v 0.004540 0.000704 0.039943
v 0.002528 0.000704 0.040120
v 0.005227 0.001000 0.039859
v 0.004235 0.001000 0.039976
v 0.003241 0.001000 0.040069
v 0.002245 0.001000 0.040137
v 0.001519 0.000704 0.040171
v 0.009019 0.000357 0.039175
v 0.008526 0.000011 0.039285
v 0.008179 0.000000 0.039359
v 0.009511 0.000011 0.039059
v 0.009154 0.000000 0.039144
v 0.010001 0.000357 0.038936
v 0.010490 0.000011 0.038807
v 0.010123 0.000000 0.038905
v 0.017120 0.000704 0.036372
v 0.016700 0.001000 0.036567
v 0.016662 0.000357 0.036584
v 0.016201 0.000011 0.036791
v 0.015786 0.000000 0.036971
v 0.017120 0.000011 0.036372
v 0.017576 0.000357 0.036154
v 0.018029 0.000011 0.035930
v 0.017603 0.000000 0.036141
v 0.016700 0.000000 0.036567
v 0.029652 0.000357 0.027145
v 0.029308 0.000011 0.027515
v 0.029990 0.000011 0.026770
v 0.030324 0.000357 0.026391
v 0.030654 0.000011 0.026008
v 0.030217 0.000000 0.026514
v 0.029549 0.000000 0.027256
v 0.028863 0.000000 0.027981
v -0.001512 0.000011 0.040172
v -0.000749 0.000000 0.040193
v -0.001007 0.000357 0.040187
v -0.001747 0.000000 0.040162
v -0.002521 0.000011 0.040121
v -0.002017 0.000357 0.040149
v -0.002743 0.000000 0.040106
v -0.003528 0.000011 0.040045
v -0.003025 0.000357 0.040086
v -0.003738 0.000000 0.040026
v -0.004534 0.000011 0.039944
v -0.004031 0.000357 0.039997
v -0.004731 0.000000 0.039921
v -0.000502 0.000011 0.040197
v 0.000003 0.000357 0.040200
v -0.000502 0.000704 0.040197
v 0.000509 0.000704 0.040197
v -0.001512 0.000704 0.040172
v 0.001248 0.001000 0.040181
v 0.000250 0.001000 0.040199
v -0.000749 0.001000 0.040193
v -0.001747 0.001000 0.040162
v -0.002521 0.000704 0.040121
v -0.005035 0.000357 0.039883
v -0.004534 0.000704 0.039944
v -0.003528 0.000704 0.040045
v -0.005536 0.000704 0.039817
v -0.002743 0.001000 0.040106
v -0.003738 0.001000 0.040026
v -0.004731 0.001000 0.039921
v -0.005721 0.001000 0.039791
v -0.006535 0.000704 0.039665
v -0.009504 0.000011 0.039060
v -0.008667 0.000000 0.039255
v -0.009013 0.000357 0.039177
v -0.009639 0.000000 0.039027
v -0.010483 0.000011 0.038809
v -0.009995 0.000357 0.038938
v -0.010605 0.000000 0.038776
v -0.011455 0.000011 0.038533
v -0.010970 0.000357 0.038674
v -0.011565 0.000000 0.038501
v -0.012420 0.000011 0.038233
v -0.011938 0.000357 0.038386
v -0.012517 0.000000 0.038202
v -0.008520 0.000011 0.039287
v -0.008025 0.000357 0.039391
v -0.008520 0.000704 0.039287
v -0.007530 0.000704 0.039489
v -0.009504 0.000704 0.039060
v -0.006707 0.001000 0.039636
v -0.007690 0.001000 0.039458
v -0.008667 0.001000 0.039255
v -0.009639 0.001000 0.039027
v -0.012899 0.000357 0.038074
v -0.012420 0.000704 0.038233
v -0.011455 0.000704 0.038533
v -0.013377 0.000704 0.037909
v -0.010605 0.001000 0.038776
v -0.010483 0.000704 0.038809
v -0.012517 0.001000 0.038202
v -0.013462 0.001000 0.037879
v -0.011565 0.001000 0.038501
v -0.007033 0.000357 0.039580
v -0.007530 0.000011 0.039489
v -0.007690 0.000000 0.039458
v -0.006535 0.000011 0.039665
v -0.006707 0.000000 0.039636
v -0.006036 0.000357 0.039744
v -0.005536 0.000011 0.039817
v -0.005721 0.000000 0.039791
v -0.017114 0.000011 0.036375
v -0.016244 0.000000 0.036772
v -0.016656 0.000357 0.036587
v -0.017152 0.000000 0.036357
v -0.018023 0.000011 0.035933
v -0.017570 0.000357 0.036157
v -0.018050 0.000000 0.035920
v -0.018920 0.000011 0.035469
v -0.018473 0.000357 0.035704
v -0.018936 0.000000 0.035461
v -0.019806 0.000011 0.034983
v -0.019364 0.000357 0.035229
v -0.016195 0.000011 0.036794
v -0.015731 0.000357 0.036994
v -0.016195 0.000704 0.036794
v -0.015265 0.000704 0.037189
v -0.017114 0.000704 0.036375
v -0.014399 0.001000 0.037533
v -0.014325 0.000704 0.037561
v -0.016244 0.001000 0.036772
v -0.017152 0.001000 0.036357
v -0.015326 0.001000 0.037164
v -0.020244 0.000357 0.034731
v -0.019806 0.000704 0.034983
v -0.018920 0.000704 0.035469
v -0.020679 0.000704 0.034474
v -0.018050 0.001000 0.035920
v -0.018023 0.000704 0.035933
v -0.020674 0.001000 0.034477
v -0.019811 0.001000 0.034979
v -0.018936 0.001000 0.035461
v -0.024785 0.000000 0.031651
v -0.023991 0.000000 0.032256
v -0.024034 0.000011 0.032224
v -0.023627 0.000357 0.032524
v -0.024836 0.000011 0.031610
v -0.024437 0.000357 0.031920
v -0.026325 0.000000 0.030381
v -0.025563 0.000000 0.031025
v -0.025623 0.000011 0.030976
v -0.025232 0.000357 0.031295
v -0.026393 0.000011 0.030322
v -0.026010 0.000357 0.030651
v -0.023217 0.000011 0.032818
v -0.022802 0.000357 0.033107
v -0.023217 0.000704 0.032818
v -0.022385 0.000704 0.033391
v -0.024034 0.000704 0.032224
v -0.021538 0.000704 0.033943
v -0.022360 0.001000 0.033408
v -0.023991 0.001000 0.032256
v -0.023183 0.001000 0.032842
v -0.026772 0.000357 0.029988
v -0.026393 0.000704 0.030322
v -0.025623 0.000704 0.030976
v -0.027147 0.000704 0.029649
v -0.024836 0.000704 0.031610
v -0.025563 0.001000 0.031025
v -0.027072 0.001000 0.029718
v -0.026325 0.001000 0.030381
v -0.024785 0.001000 0.031651
v -0.021523 0.001000 0.033953
v -0.021963 0.000357 0.033670
v -0.022385 0.000011 0.033391
v -0.023183 0.000000 0.032842
v -0.021538 0.000011 0.033943
v -0.022360 0.000000 0.033408
v -0.021110 0.000357 0.034211
v -0.020679 0.000011 0.034474
v -0.019811 0.000000 0.034979
v -0.020674 0.000000 0.034477
v -0.021523 0.000000 0.033953
v -0.014796 0.000357 0.037378
v -0.015265 0.000011 0.037189
v -0.015326 0.000000 0.037164
v -0.014325 0.000011 0.037561
v -0.013852 0.000357 0.037738
v -0.013377 0.000011 0.037909
v -0.013462 0.000000 0.037879
v -0.014399 0.000000 0.037533
v -0.030544 0.000000 0.026136
v -0.029886 0.000000 0.026887
v -0.029986 0.000011 0.026775
v -0.029647 0.000357 0.027150
v -0.030649 0.000011 0.026013
v -0.030320 0.000357 0.026396
v -0.031804 0.000000 0.024588
v -0.031184 0.000000 0.025370
v -0.031293 0.000011 0.025234
v -0.030974 0.000357 0.025626
v -0.031918 0.000011 0.024440
v -0.031608 0.000357 0.024839
v -0.032405 0.000000 0.023790
v -0.029303 0.000011 0.027520
v -0.028955 0.000357 0.027886
v -0.029303 0.000704 0.027520
v -0.028603 0.000704 0.028248
v -0.029986 0.000704 0.026775
v -0.027884 0.000704 0.028958
v -0.028514 0.001000 0.028337
v -0.029209 0.001000 0.027621
v -0.029886 0.001000 0.026887
v -0.032222 0.000357 0.024037
v -0.031918 0.000704 0.024440
v -0.031293 0.000704 0.025234
v -0.032522 0.000704 0.023630
v -0.030544 0.001000 0.026136
v -0.031184 0.001000 0.025370
v -0.030649 0.000704 0.026013
v -0.031804 0.001000 0.024588
v -0.032405 0.001000 0.023790
v -0.034729 0.000011 0.020247
v -0.034604 0.000000 0.020459
v -0.034472 0.000357 0.020681
v -0.035102 0.000000 0.019594
v -0.035227 0.000011 0.019367
v -0.034981 0.000357 0.019809
v -0.035577 0.000000 0.018716
v -0.035703 0.000011 0.018476
v -0.035468 0.000357 0.018923
v -0.036031 0.000000 0.017827
v -0.036156 0.000011 0.017573
v -0.035932 0.000357 0.018026
v -0.036463 0.000000 0.016926
v -0.034209 0.000011 0.021113
v -0.033941 0.000357 0.021541
v -0.034209 0.000704 0.021113
v -0.033668 0.000704 0.021966
v -0.034729 0.000704 0.020247
v -0.032985 0.001000 0.022978
v -0.033546 0.001000 0.022152
v -0.033105 0.000704 0.022805
v -0.034086 0.001000 0.021312
v -0.034604 0.001000 0.020459
v -0.036374 0.000357 0.017117
v -0.036156 0.000704 0.017573
v -0.035703 0.000704 0.018476
v -0.036586 0.000704 0.016659
v -0.035102 0.001000 0.019594
v -0.035577 0.001000 0.018716
v -0.035227 0.000704 0.019367
v -0.036031 0.001000 0.017827
v -0.036463 0.001000 0.016926
v -0.033389 0.000357 0.022387
v -0.033668 0.000011 0.021966
v -0.033105 0.000011 0.022805
v -0.033546 0.000000 0.022152
v -0.032816 0.000357 0.023220
v -0.032522 0.000011 0.023630
v -0.032985 0.000000 0.022978
v -0.034086 0.000000 0.021312
v -0.038073 0.000011 0.012903
v -0.037962 0.000000 0.013227
v -0.037908 0.000357 0.013380
v -0.038278 0.000000 0.012280
v -0.038385 0.000011 0.011942
v -0.038232 0.000357 0.012423
v -0.038572 0.000000 0.011326
v -0.038673 0.000011 0.010973
v -0.038532 0.000357 0.011458
v -0.038841 0.000000 0.010364
v -0.038937 0.000011 0.009998
v -0.038808 0.000357 0.010486
v -0.039086 0.000000 0.009397
v -0.037737 0.000011 0.013855
v -0.037560 0.000357 0.014328
v -0.037737 0.000704 0.013855
v -0.037377 0.000704 0.014799
v -0.038073 0.000704 0.012903
v -0.036872 0.001000 0.016016
v -0.037258 0.001000 0.015095
v -0.036993 0.000704 0.015734
v -0.037622 0.001000 0.014165
v -0.037962 0.001000 0.013227
v -0.039059 0.000357 0.009508
v -0.038937 0.000704 0.009998
v -0.038673 0.000704 0.010973
v -0.039176 0.000704 0.009016
v -0.038278 0.001000 0.012280
v -0.038572 0.001000 0.011326
v -0.038385 0.000704 0.011942
v -0.038841 0.001000 0.010364
v -0.039086 0.001000 0.009397
v -0.039883 0.000011 0.005039
v -0.039826 0.000000 0.005474
v -0.039817 0.000357 0.005539
v -0.039949 0.000000 0.004483
v -0.039997 0.000011 0.004035
v -0.039943 0.000357 0.004537
v -0.040048 0.000000 0.003490
v -0.040086 0.000011 0.003028
v -0.040045 0.000357 0.003532
v -0.040123 0.000000 0.002494
v -0.040149 0.000011 0.002020
v -0.040121 0.000357 0.002524
v -0.040172 0.000000 0.001497
v -0.039744 0.000011 0.006039
v -0.039665 0.000357 0.006538
v -0.039744 0.000704 0.006039
v -0.039579 0.000704 0.007036
v -0.039883 0.000704 0.005039
v -0.039308 0.001000 0.008423
v -0.039505 0.001000 0.007444
v -0.039390 0.000704 0.008029
v -0.039677 0.001000 0.006461
v -0.039826 0.001000 0.005474
v -0.039949 0.001000 0.004483
v -0.040171 0.000357 0.001515
v -0.040149 0.000704 0.002020
v -0.040086 0.000704 0.003028
v -0.040187 0.000704 0.001010
v -0.040172 0.001000 0.001497
v -0.040197 0.001000 0.000499
v -0.040123 0.001000 0.002494
v -0.039997 0.000704 0.004035
v -0.040048 0.001000 0.003490
v -0.039488 0.000357 0.007533
v -0.039579 0.000011 0.007036
v -0.039390 0.000011 0.008029
v -0.039505 0.000000 0.007444
v -0.039286 0.000357 0.008523
v -0.039176 0.000011 0.009016
v -0.039308 0.000000 0.008423
v -0.039677 0.000000 0.006461
v -0.037188 0.000357 0.015268
v -0.037377 0.000011 0.014799
v -0.036993 0.000011 0.015734
v -0.036792 0.000357 0.016198
v -0.036586 0.000011 0.016659
v -0.036872 0.000000 0.016016
v -0.037258 0.000000 0.015095
v -0.037622 0.000000 0.014165
v -0.027801 0.001000 0.029037
v -0.028245 0.000357 0.028605
v -0.028603 0.000011 0.028248
v -0.029209 0.000000 0.027621
v -0.027884 0.000011 0.028958
v -0.027518 0.000357 0.029306
v -0.027147 0.000011 0.029649
v -0.027072 0.000000 0.029718
v -0.027801 0.000000 0.029037
v -0.028514 0.000000 0.028337
v 0.001014 0.000357 0.040187
v 0.000509 0.000011 0.040197
v 0.000250 0.000000 0.040199
v 0.001519 0.000011 0.040171
v 0.002023 0.000357 0.040149
v 0.002528 0.000011 0.040120
v 0.002245 0.000000 0.040137
v 0.001248 0.000000 0.040181
v -0.040086 0.000011 -0.003028
v -0.040123 0.000000 -0.002494
v -0.040121 0.000357 -0.002524
v -0.040048 0.000000 -0.003490
v -0.039997 0.000011 -0.004035
v -0.040045 0.000357 -0.003532
v -0.039949 0.000000 -0.004483
v -0.039883 0.000011 -0.005039
v -0.039943 0.000357 -0.004537
v -0.039826 0.000000 -0.005474
v -0.039744 0.000011 -0.006039
v -0.039817 0.000357 -0.005539
v -0.039677 0.000000 -0.006461
v -0.040149 0.000011 -0.002020
v -0.040171 0.000357 -0.001515
v -0.040149 0.000704 -0.002020
v -0.040187 0.000704 -0.001010
v -0.040086 0.000704 -0.003028
v -0.040123 0.001000 -0.002494
v -0.040048 0.001000 -0.003490
v -0.040172 0.001000 -0.001497
v -0.039665 0.000357 -0.006538
v -0.039744 0.000704 -0.006039
v -0.039883 0.000704 -0.005039
v -0.039579 0.000704 -0.007036
v -0.039677 0.001000 -0.006461
v -0.039505 0.001000 -0.007444
v -0.039390 0.000704 -0.008029
v -0.039826 0.001000 -0.005474
v -0.039997 0.000704 -0.004035
v -0.039949 0.001000 -0.004483
v -0.038673 0.000011 -0.010973
v -0.038841 0.000000 -0.010364
v -0.038808 0.000357 -0.010486
v -0.038572 0.000000 -0.011326
v -0.038385 0.000011 -0.011942
v -0.038532 0.000357 -0.011458
v -0.038278 0.000000 -0.012280
v -0.038073 0.000011 -0.012903
v -0.038232 0.000357 -0.012423
v -0.037962 0.000000 -0.013227
v -0.037737 0.000011 -0.013855
v -0.037908 0.000357 -0.013380
v -0.037622 0.000000 -0.014165
v -0.038937 0.000011 -0.009998
v -0.039059 0.000357 -0.009508
v -0.038937 0.000704 -0.009998
v -0.039176 0.000704 -0.009016
v -0.038673 0.000704 -0.010973
v -0.039308 0.001000 -0.008423
v -0.039086 0.001000 -0.009397
v -0.038841 0.001000 -0.010364
v -0.038572 0.001000 -0.011326
v -0.038385 0.000704 -0.011942
v -0.037560 0.000357 -0.014328
v -0.037737 0.000704 -0.013855
v -0.038073 0.000704 -0.012903
v -0.037377 0.000704 -0.014799
v -0.038278 0.001000 -0.012280
v -0.037962 0.001000 -0.013227
v -0.037622 0.001000 -0.014165
v -0.037258 0.001000 -0.015095
v -0.036993 0.000704 -0.015734
v -0.039286 0.000357 -0.008523
v -0.039176 0.000011 -0.009016
v -0.039086 0.000000 -0.009397
v -0.039390 0.000011 -0.008029
v -0.039308 0.000000 -0.008423
v -0.039488 0.000357 -0.007533
v -0.039579 0.000011 -0.007036
v -0.039505 0.000000 -0.007444
v -0.035703 0.000011 -0.018476
v -0.036031 0.000000 -0.017827
v -0.035932 0.000357 -0.018026
v -0.035577 0.000000 -0.018716
v -0.035227 0.000011 -0.019367
v -0.035468 0.000357 -0.018923
v -0.035102 0.000000 -0.019594
v -0.034729 0.000011 -0.020247
v -0.034981 0.000357 -0.019809
v -0.034604 0.000000 -0.020459
v -0.034209 0.000011 -0.021113
v -0.034472 0.000357 -0.020681
v -0.034086 0.000000 -0.021312
v -0.036156 0.000011 -0.017573
v -0.036374 0.000357 -0.017117
v -0.036156 0.000704 -0.017573
v -0.036586 0.000704 -0.016659
v -0.035703 0.000704 -0.018476
v -0.036872 0.001000 -0.016016
v -0.036463 0.001000 -0.016926
v -0.036031 0.001000 -0.017827
v -0.035577 0.001000 -0.018716
v -0.035227 0.000704 -0.019367
v -0.033941 0.000357 -0.021541
v -0.034209 0.000704 -0.021113
v -0.034729 0.000704 -0.020247
v -0.033668 0.000704 -0.021966
v -0.035102 0.001000 -0.019594
v -0.034604 0.001000 -0.020459
v -0.034086 0.001000 -0.021312
v -0.033546 0.001000 -0.022152
v -0.033105 0.000704 -0.022805
v -0.031293 0.000011 -0.025234
v -0.031804 0.000000 -0.024588
v -0.031608 0.000357 -0.024839
v -0.031184 0.000000 -0.025370
v -0.030649 0.000011 -0.026013
v -0.030974 0.000357 -0.025626
v -0.030544 0.000000 -0.026136
v -0.029986 0.000011 -0.026775
v -0.030320 0.000357 -0.026396
v -0.029886 0.000000 -0.026887
v -0.029303 0.000011 -0.027520
v -0.029647 0.000357 -0.027150
v -0.029209 0.000000 -0.027621
v -0.031918 0.000011 -0.024440
v -0.032222 0.000357 -0.024037
v -0.031918 0.000704 -0.024440
v -0.032522 0.000704 -0.023630
v -0.031293 0.000704 -0.025234
v -0.032985 0.001000 -0.022978
v -0.032405 0.001000 -0.023790
v -0.031804 0.001000 -0.024588
v -0.031184 0.001000 -0.025370
v -0.030649 0.000704 -0.026013
v -0.028955 0.000357 -0.027886
v -0.029303 0.000704 -0.027520
v -0.029986 0.000704 -0.026775
v -0.028603 0.000704 -0.028248
v -0.030544 0.001000 -0.026136
v -0.029886 0.001000 -0.026887
v -0.029209 0.001000 -0.027621
v -0.028514 0.001000 -0.028337
v -0.032816 0.000357 -0.023220
v -0.032522 0.000011 -0.023630
v -0.032405 0.000000 -0.023790
v -0.033105 0.000011 -0.022805
v -0.032985 0.000000 -0.022978
v -0.033389 0.000357 -0.022387
v -0.033668 0.000011 -0.021966
v -0.033546 0.000000 -0.022152
v -0.036792 0.000357 -0.016198
v -0.036586 0.000011 -0.016659
v -0.036463 0.000000 -0.016926
v -0.036993 0.000011 -0.015734
v -0.037188 0.000357 -0.015268
v -0.037377 0.000011 -0.014799
v -0.037258 0.000000 -0.015095
v -0.036872 0.000000 -0.016016
v -0.025623 0.000011 -0.030976
v -0.026325 0.000000 -0.030381
v -0.026010 0.000357 -0.030651
v -0.025563 0.000000 -0.031025
v -0.024836 0.000011 -0.031610
v -0.025232 0.000357 -0.031295
v -0.024785 0.000000 -0.031651
v -0.024034 0.000011 -0.032224
v -0.024437 0.000357 -0.031920
v -0.023991 0.000000 -0.032256
v -0.023217 0.000011 -0.032818
v -0.023627 0.000357 -0.032524
v -0.023183 0.000000 -0.032842
v -0.026393 0.000011 -0.030322
v -0.026772 0.000357 -0.029988
v -0.026393 0.000704 -0.030322
v -0.027147 0.000704 -0.029649
v -0.025623 0.000704 -0.030976
v -0.027801 0.001000 -0.029037
v -0.027884 0.000704 -0.028958
v -0.026325 0.001000 -0.030381
v -0.025563 0.001000 -0.031025
v -0.027072 0.001000 -0.029718
v -0.022802 0.000357 -0.033107
v -0.023217 0.000704 -0.032818
v -0.024034 0.000704 -0.032224
v -0.022385 0.000704 -0.033391
v -0.024785 0.001000 -0.031651
v -0.024836 0.000704 -0.031610
v -0.023183 0.001000 -0.032842
v -0.022360 0.001000 -0.033408
v -0.023991 0.001000 -0.032256
v -0.018050 0.000000 -0.035920
v -0.018936 0.000000 -0.035461
v -0.018920 0.000011 -0.035469
v -0.019364 0.000357 -0.035229
v -0.019806 0.000011 -0.034983
v -0.019811 0.000000 -0.034979
v -0.018023 0.000011 -0.035933
v -0.018473 0.000357 -0.035704
v -0.016244 0.000000 -0.036772
v -0.017152 0.000000 -0.036357
v -0.017114 0.000011 -0.036375
v -0.017570 0.000357 -0.036157
v -0.016195 0.000011 -0.036794
v -0.016656 0.000357 -0.036587
v -0.020244 0.000357 -0.034731
v -0.019806 0.000704 -0.034983
v -0.020679 0.000704 -0.034474
v -0.018920 0.000704 -0.035469
v -0.021523 0.001000 -0.033953
v -0.021538 0.000704 -0.033943
v -0.018936 0.001000 -0.035461
v -0.019811 0.001000 -0.034979
v -0.020674 0.001000 -0.034477
v -0.015731 0.000357 -0.036994
v -0.016195 0.000704 -0.036794
v -0.017114 0.000704 -0.036375
v -0.015265 0.000704 -0.037189
v -0.018023 0.000704 -0.035933
v -0.017152 0.001000 -0.036357
v -0.015326 0.001000 -0.037164
v -0.016244 0.001000 -0.036772
v -0.018050 0.001000 -0.035920
v -0.021110 0.000357 -0.034211
v -0.020679 0.000011 -0.034474
v -0.021538 0.000011 -0.033943
v -0.021523 0.000000 -0.033953
v -0.021963 0.000357 -0.033670
v -0.022385 0.000011 -0.033391
v -0.022360 0.000000 -0.033408
v -0.020674 0.000000 -0.034477
v -0.010605 0.000000 -0.038776
v -0.011565 0.000000 -0.038501
v -0.011455 0.000011 -0.038533
v -0.011938 0.000357 -0.038386
v -0.010483 0.000011 -0.038809
v -0.010970 0.000357 -0.038674
v -0.008667 0.000000 -0.039255
v -0.009639 0.000000 -0.039027
v -0.009504 0.000011 -0.039060
v -0.009995 0.000357 -0.038938
v -0.008520 0.000011 -0.039287
v -0.009013 0.000357 -0.039177
v -0.012420 0.000011 -0.038233
v -0.012899 0.000357 -0.038074
v -0.012420 0.000704 -0.038233
v -0.013377 0.000704 -0.037909
v -0.011455 0.000704 -0.038533
v -0.014325 0.000704 -0.037561
v -0.013462 0.001000 -0.037879
v -0.011565 0.001000 -0.038501
v -0.012517 0.001000 -0.038202
v -0.008025 0.000357 -0.039391
v -0.008520 0.000704 -0.039287
v -0.009504 0.000704 -0.039060
v -0.007530 0.000704 -0.039489
v -0.010483 0.000704 -0.038809
v -0.009639 0.001000 -0.039027
v -0.008667 0.001000 -0.039255
v -0.007690 0.001000 -0.039458
v -0.010605 0.001000 -0.038776
v -0.003528 0.000011 -0.040045
v -0.003738 0.000000 -0.040026
v -0.004031 0.000357 -0.039997
v -0.002743 0.000000 -0.040106
v -0.002521 0.000011 -0.040121
v -0.003025 0.000357 -0.040086
v -0.001747 0.000000 -0.040162
v -0.001512 0.000011 -0.040172
v -0.002017 0.000357 -0.040149
v -0.000749 0.000000 -0.040193
v -0.000502 0.000011 -0.040197
v -0.001007 0.000357 -0.040187
v 0.000250 0.000000 -0.040199
v -0.004534 0.000011 -0.039944
v -0.005035 0.000357 -0.039883
v -0.004534 0.000704 -0.039944
v -0.005536 0.000704 -0.039817
v -0.003528 0.000704 -0.040045
v -0.006707 0.001000 -0.039636
v -0.005721 0.001000 -0.039791
v -0.006535 0.000704 -0.039665
v -0.004731 0.001000 -0.039921
v -0.003738 0.001000 -0.040026
v 0.000003 0.000357 -0.040200
v -0.000502 0.000704 -0.040197
v -0.001512 0.000704 -0.040172
v 0.000509 0.000704 -0.040197
v -0.002743 0.001000 -0.040106
v -0.001747 0.001000 -0.040162
v -0.002521 0.000704 -0.040121
v -0.000749 0.001000 -0.040193
v 0.000250 0.001000 -0.040199
v -0.006036 0.000357 -0.039744
v -0.005536 0.000011 -0.039817
v -0.006535 0.000011 -0.039665
v -0.005721 0.000000 -0.039791
v -0.007033 0.000357 -0.039580
v -0.007530 0.000011 -0.039489
v -0.007690 0.000000 -0.039458
v -0.006707 0.000000 -0.039636
v -0.004731 0.000000 -0.039921
v -0.014399 0.001000 -0.037533
v -0.013852 0.000357 -0.037738
v -0.013377 0.000011 -0.037909
v -0.012517 0.000000 -0.038202
v -0.014325 0.000011 -0.037561
v -0.014796 0.000357 -0.037378
v -0.015265 0.000011 -0.037189
v -0.015326 0.000000 -0.037164
v -0.014399 0.000000 -0.037533
v -0.013462 0.000000 -0.037879
v -0.027518 0.000357 -0.029306
v -0.027147 0.000011 -0.029649
v -0.027072 0.000000 -0.029718
v -0.027884 0.000011 -0.028958
v -0.028245 0.000357 -0.028605
v -0.028603 0.000011 -0.028248
v -0.028514 0.000000 -0.028337
v -0.027801 0.000000 -0.029037
v 0.004540 0.000011 -0.039943
v 0.004235 0.000000 -0.039976
v 0.004038 0.000357 -0.039997
v 0.005227 0.000000 -0.039859
v 0.005543 0.000011 -0.039816
v 0.005042 0.000357 -0.039883
v 0.006215 0.000000 -0.039717
v 0.006542 0.000011 -0.039664
v 0.006043 0.000357 -0.039743
v 0.007199 0.000000 -0.039550
v 0.007536 0.000011 -0.039487
v 0.007040 0.000357 -0.039579
v 0.008179 0.000000 -0.039359
v 0.003535 0.000011 -0.040044
v 0.003032 0.000357 -0.040086
v 0.003535 0.000704 -0.040044
v 0.002528 0.000704 -0.040120
v 0.004540 0.000704 -0.039943
v 0.001248 0.001000 -0.040181
v 0.002245 0.001000 -0.040137
v 0.001519 0.000704 -0.040171
v 0.003241 0.001000 -0.040069
v 0.004235 0.001000 -0.039976
v 0.008032 0.000357 -0.039389
v 0.007536 0.000704 -0.039487
v 0.006542 0.000704 -0.039664
v 0.008526 0.000704 -0.039285
v 0.005227 0.001000 -0.039859
v 0.006215 0.001000 -0.039717
v 0.005543 0.000704 -0.039816
v 0.007199 0.001000 -0.039550
v 0.008179 0.001000 -0.039359
v 0.012426 0.000011 -0.038231
v 0.012042 0.000000 -0.038354
v 0.011945 0.000357 -0.038384
v 0.012991 0.000000 -0.038043
v 0.013383 0.000011 -0.037907
v 0.012906 0.000357 -0.038072
v 0.013931 0.000000 -0.037709
v 0.014332 0.000011 -0.037559
v 0.013859 0.000357 -0.037736
v 0.014864 0.000000 -0.037351
v 0.015271 0.000011 -0.037186
v 0.014803 0.000357 -0.037375
v 0.015786 0.000000 -0.036971
v 0.011462 0.000011 -0.038531
v 0.010977 0.000357 -0.038672
v 0.011462 0.000704 -0.038531
v 0.010490 0.000704 -0.038807
v 0.012426 0.000704 -0.038231
v 0.009154 0.001000 -0.039144
v 0.010123 0.001000 -0.038905
v 0.009511 0.000704 -0.039059
v 0.011086 0.001000 -0.038641
v 0.012042 0.001000 -0.038354
v 0.015737 0.000357 -0.036992
v 0.015271 0.000704 -0.037186
v 0.014332 0.000704 -0.037559
v 0.016201 0.000704 -0.036791
v 0.012991 0.001000 -0.038043
v 0.013931 0.001000 -0.037709
v 0.013383 0.000704 -0.037907
v 0.014864 0.001000 -0.037351
v 0.015786 0.001000 -0.036971
v 0.016700 0.001000 -0.036567
v 0.010001 0.000357 -0.038936
v 0.010490 0.000011 -0.038807
v 0.009511 0.000011 -0.039059
v 0.010123 0.000000 -0.038905
v 0.009019 0.000357 -0.039175
v 0.008526 0.000011 -0.039285
v 0.009154 0.000000 -0.039144
v 0.011086 0.000000 -0.038641
v 0.019812 0.000011 -0.034979
v 0.019375 0.000000 -0.035223
v 0.019370 0.000357 -0.035225
v 0.020244 0.000000 -0.034731
v 0.020684 0.000011 -0.034470
v 0.020250 0.000357 -0.034727
v 0.021100 0.000000 -0.034217
v 0.021544 0.000011 -0.033940
v 0.021116 0.000357 -0.034208
v 0.021943 0.000000 -0.033683
v 0.022390 0.000011 -0.033387
v 0.021969 0.000357 -0.033666
v 0.022773 0.000000 -0.033128
v 0.018926 0.000011 -0.035466
v 0.018479 0.000357 -0.035701
v 0.018926 0.000704 -0.035466
v 0.018029 0.000704 -0.035930
v 0.019812 0.000704 -0.034979
v 0.019375 0.001000 -0.035223
v 0.020244 0.001000 -0.034731
v 0.018495 0.001000 -0.035693
v 0.022808 0.000357 -0.033103
v 0.022390 0.000704 -0.033387
v 0.021544 0.000704 -0.033940
v 0.023222 0.000704 -0.032814
v 0.022773 0.001000 -0.033128
v 0.023589 0.001000 -0.032552
v 0.021943 0.001000 -0.033683
v 0.020684 0.000704 -0.034470
v 0.021100 0.001000 -0.034217
v 0.026398 0.000011 -0.030318
v 0.025946 0.000000 -0.030706
v 0.026015 0.000357 -0.030647
v 0.026701 0.000000 -0.030052
v 0.027152 0.000011 -0.029645
v 0.026777 0.000357 -0.029984
v 0.027439 0.000000 -0.029380
v 0.027889 0.000011 -0.028953
v 0.027522 0.000357 -0.029301
v 0.028160 0.000000 -0.028689
v 0.028607 0.000011 -0.028243
v 0.028250 0.000357 -0.028600
v 0.028863 0.000000 -0.027981
v 0.025628 0.000011 -0.030972
v 0.025237 0.000357 -0.031291
v 0.025628 0.000704 -0.030972
v 0.024842 0.000704 -0.031606
v 0.026398 0.000704 -0.030318
v 0.025176 0.001000 -0.031341
v 0.025946 0.001000 -0.030706
v 0.026701 0.001000 -0.030052
v 0.027152 0.000704 -0.029645
v 0.028960 0.000357 -0.027881
v 0.028607 0.000704 -0.028243
v 0.027889 0.000704 -0.028953
v 0.029308 0.000704 -0.027515
v 0.027439 0.001000 -0.029380
v 0.028160 0.001000 -0.028689
v 0.028863 0.001000 -0.027981
v 0.029549 0.001000 -0.027256
v 0.029990 0.000704 -0.026770
v 0.024040 0.000704 -0.032220
v 0.024390 0.001000 -0.031956
v 0.024443 0.000357 -0.031915
v 0.024842 0.000011 -0.031606
v 0.025176 0.000000 -0.031341
v 0.024040 0.000011 -0.032220
v 0.024390 0.000000 -0.031956
v 0.023633 0.000357 -0.032520
v 0.023222 0.000011 -0.032814
v 0.023589 0.000000 -0.032552
v 0.017120 0.000704 -0.036372
v 0.017603 0.001000 -0.036141
v 0.017576 0.000357 -0.036154
v 0.018029 0.000011 -0.035930
v 0.018495 0.000000 -0.035693
v 0.017120 0.000011 -0.036372
v 0.016662 0.000357 -0.036584
v 0.016201 0.000011 -0.036791
v 0.016700 0.000000 -0.036567
v 0.017603 0.000000 -0.036141
v 0.031922 0.000011 -0.024435
v 0.031496 0.000000 -0.024981
v 0.031612 0.000357 -0.024834
v 0.032107 0.000000 -0.024191
v 0.032526 0.000011 -0.023625
v 0.032226 0.000357 -0.024031
v 0.032698 0.000000 -0.023386
v 0.033109 0.000011 -0.022800
v 0.032820 0.000357 -0.023214
v 0.033268 0.000000 -0.022567
v 0.033672 0.000011 -0.021960
v 0.033393 0.000357 -0.022382
v 0.033818 0.000000 -0.021734
v 0.031298 0.000011 -0.025229
v 0.030978 0.000357 -0.025620
v 0.031298 0.000704 -0.025229
v 0.030654 0.000704 -0.026008
v 0.031922 0.000704 -0.024435
v 0.030217 0.001000 -0.026514
v 0.030866 0.001000 -0.025755
v 0.031496 0.001000 -0.024981
v 0.032107 0.001000 -0.024191
v 0.032526 0.000704 -0.023625
v 0.033945 0.000357 -0.021536
v 0.033672 0.000704 -0.021960
v 0.033109 0.000704 -0.022800
v 0.034213 0.000704 -0.021107
v 0.032698 0.001000 -0.023386
v 0.033268 0.001000 -0.022567
v 0.033818 0.001000 -0.021734
v 0.034348 0.001000 -0.020887
v 0.034733 0.000704 -0.020241
v 0.036159 0.000011 -0.017567
v 0.035807 0.000000 -0.018273
v 0.035935 0.000357 -0.018020
v 0.036250 0.000000 -0.017378
v 0.036589 0.000011 -0.016653
v 0.036377 0.000357 -0.017111
v 0.036670 0.000000 -0.016472
v 0.036996 0.000011 -0.015728
v 0.036795 0.000357 -0.016191
v 0.037068 0.000000 -0.015557
v 0.037379 0.000011 -0.014793
v 0.037190 0.000357 -0.015262
v 0.037443 0.000000 -0.014631
v 0.035706 0.000011 -0.018470
v 0.035471 0.000357 -0.018917
v 0.035706 0.000704 -0.018470
v 0.035230 0.000704 -0.019361
v 0.036159 0.000704 -0.017567
v 0.034856 0.001000 -0.020028
v 0.035342 0.001000 -0.019156
v 0.035807 0.001000 -0.018273
v 0.036250 0.001000 -0.017378
v 0.036589 0.000704 -0.016653
v 0.037562 0.000357 -0.014322
v 0.037379 0.000704 -0.014793
v 0.036996 0.000704 -0.015728
v 0.037739 0.000704 -0.013849
v 0.036670 0.001000 -0.016472
v 0.037068 0.001000 -0.015557
v 0.037443 0.001000 -0.014631
v 0.037795 0.001000 -0.013697
v 0.038075 0.000704 -0.012896
v 0.034984 0.000357 -0.019803
v 0.035230 0.000011 -0.019361
v 0.035342 0.000000 -0.019156
v 0.034733 0.000011 -0.020241
v 0.034856 0.000000 -0.020028
v 0.034475 0.000357 -0.020676
v 0.034213 0.000011 -0.021107
v 0.034348 0.000000 -0.020887
v 0.038939 0.000011 -0.009991
v 0.038709 0.000000 -0.010846
v 0.038810 0.000357 -0.010480
v 0.038967 0.000000 -0.009881
v 0.039177 0.000011 -0.009010
v 0.039061 0.000357 -0.009501
v 0.039200 0.000000 -0.008911
v 0.039391 0.000011 -0.008022
v 0.039288 0.000357 -0.008516
v 0.039409 0.000000 -0.007934
v 0.039581 0.000011 -0.007030
v 0.039489 0.000357 -0.007526
v 0.039594 0.000000 -0.006953
v 0.038675 0.000011 -0.010967
v 0.038534 0.000357 -0.011452
v 0.038675 0.000704 -0.010967
v 0.038387 0.000704 -0.011935
v 0.038939 0.000704 -0.009991
v 0.038123 0.001000 -0.012754
v 0.038428 0.001000 -0.011804
v 0.038709 0.001000 -0.010846
v 0.038967 0.001000 -0.009881
v 0.039666 0.000357 -0.006532
v 0.039581 0.000704 -0.007030
v 0.039391 0.000704 -0.008022
v 0.039745 0.000704 -0.006033
v 0.039200 0.001000 -0.008911
v 0.039177 0.000704 -0.009010
v 0.039594 0.001000 -0.006953
v 0.039755 0.001000 -0.005968
v 0.039409 0.001000 -0.007934
v 0.040150 0.000011 -0.002013
v 0.040088 0.000000 -0.002992
v 0.040121 0.000357 -0.002518
v 0.040150 0.000000 -0.001996
v 0.040187 0.000011 -0.001003
v 0.040172 0.000357 -0.001508
v 0.040188 0.000000 -0.000998
v 0.040086 0.000011 -0.003022
v 0.040045 0.000357 -0.003525
v 0.040086 0.000704 -0.003022
v 0.039998 0.000704 -0.004028
v 0.040150 0.000704 -0.002013
v 0.039890 0.001000 -0.004979
v 0.039884 0.000704 -0.005032
v 0.040088 0.001000 -0.002992
v 0.040150 0.001000 -0.001996
v 0.040002 0.001000 -0.003987
v 0.040197 0.000357 -0.000498
v 0.040188 0.001000 -0.000998
v 0.040187 0.000704 -0.001003
v 0.039944 0.000357 -0.004530
v 0.039998 0.000011 -0.004028
v 0.040002 0.000000 -0.003987
v 0.039884 0.000011 -0.005032
v 0.039890 0.000000 -0.004979
v 0.039817 0.000357 -0.005533
v 0.039745 0.000011 -0.006033
v 0.039755 0.000000 -0.005968
v 0.038234 0.000357 -0.012417
v 0.038387 0.000011 -0.011935
v 0.038428 0.000000 -0.011804
v 0.038075 0.000011 -0.012896
v 0.037910 0.000357 -0.013374
v 0.037739 0.000011 -0.013849
v 0.037795 0.000000 -0.013697
v 0.038123 0.000000 -0.012754
v 0.030324 0.000357 -0.026391
v 0.030654 0.000011 -0.026008
v 0.030866 0.000000 -0.025755
v 0.029990 0.000011 -0.026770
v 0.029652 0.000357 -0.027145
v 0.029308 0.000011 -0.027515
v 0.029549 0.000000 -0.027256
v 0.030217 0.000000 -0.026514
v 0.002023 0.000357 -0.040149
v 0.002528 0.000011 -0.040120
v 0.001519 0.000011 -0.040171
v 0.001014 0.000357 -0.040187
v 0.000509 0.000011 -0.040197
v 0.001248 0.000000 -0.040181
v 0.002245 0.000000 -0.040137
v 0.003241 0.000000 -0.040069
v -0.040200 0.000704 -0.000000
v -0.040197 0.001000 -0.000499
v -0.040197 0.000357 -0.000505
v -0.040187 0.000011 -0.001010
v -0.040172 0.000000 -0.001497
v -0.040200 0.000011 -0.000000
v -0.040197 0.000357 0.000505
v -0.040187 0.000011 0.001010
v -0.040197 0.000000 0.000499
v -0.040197 0.000000 -0.000499
v 0.020000 0.000000 -0.034641
v 0.019293 0.000000 -0.035178
v 0.018260 0.000000 -0.035775
v 0.019130 0.000000 -0.035129
v 0.018248 0.000000 -0.035595
v 0.017355 0.000000 -0.036039
v 0.013781 0.000000 -0.037565
v 0.013681 0.000000 -0.037588
v 0.012739 0.000000 -0.037917
v 0.012059 0.000000 -0.038162
v 0.014614 0.000000 -0.037235
v 0.015504 0.000000 -0.036968
v 0.015537 0.000000 -0.036859
v 0.016451 0.000000 -0.036460
v 0.004135 0.000000 -0.039952
v 0.003983 0.000000 -0.039801
v 0.002758 0.000000 -0.039952
v 0.002989 0.000000 -0.039888
v 0.003446 0.000000 -0.039952
v 0.007925 0.000000 -0.039355
v 0.007926 0.000000 -0.039207
v 0.008901 0.000000 -0.038997
v 0.007236 0.000000 -0.039355
v 0.004974 0.000000 -0.039690
v 0.005962 0.000000 -0.039553
v 0.006946 0.000000 -0.039392
v 0.010834 0.000000 -0.038505
v 0.009870 0.000000 -0.038763
v 0.010336 0.000000 -0.038758
v 0.011790 0.000000 -0.038223
v -0.003443 0.000000 -0.039952
v -0.004132 0.000000 -0.039952
v -0.003983 0.000000 -0.039801
v -0.002989 0.000000 -0.039888
v -0.002065 0.000000 -0.039952
v -0.001994 0.000000 -0.039950
v -0.007922 0.000000 -0.039355
v -0.007926 0.000000 -0.039207
v -0.007233 0.000000 -0.039355
v -0.006946 0.000000 -0.039392
v -0.008901 0.000000 -0.038997
v -0.004974 0.000000 -0.039690
v -0.005962 0.000000 -0.039553
v -0.002754 0.000000 -0.039952
v -0.012739 0.000000 -0.037917
v -0.012056 0.000000 -0.038162
v -0.011790 0.000000 -0.038223
v -0.013681 0.000000 -0.037588
v -0.013778 0.000000 -0.037565
v -0.015501 0.000000 -0.036968
v -0.014614 0.000000 -0.037235
v -0.015537 0.000000 -0.036859
v -0.016451 0.000000 -0.036460
v -0.017355 0.000000 -0.036039
v -0.018257 0.000000 -0.035775
v -0.018248 0.000000 -0.035595
v -0.019290 0.000000 -0.035178
v -0.019130 0.000000 -0.035129
v -0.009870 0.000000 -0.038763
v -0.010333 0.000000 -0.038758
v -0.010834 0.000000 -0.038505
v -0.000997 0.000000 -0.039988
v 0.002069 0.000000 -0.039952
v 0.001994 0.000000 -0.039950
v 0.000997 0.000000 -0.039988
v -0.000000 0.000000 -0.040000
v 0.035595 0.000000 -0.018248
v 0.036460 0.000000 -0.016451
v 0.036859 0.000000 -0.015537
v 0.035129 0.000000 -0.019130
v 0.036039 0.000000 -0.017355
v 0.039963 0.000000 -0.004151
v 0.039801 0.000000 -0.003983
v 0.039888 0.000000 -0.002989
v 0.039963 0.000000 -0.002957
v 0.039988 0.000000 -0.000997
v 0.039950 0.000000 -0.001994
v 0.039963 0.000000 -0.001764
v 0.039950 0.000000 0.001994
v 0.039988 0.000000 0.000997
v 0.039963 0.000000 0.001816
v 0.039888 0.000000 0.002989
v 0.039963 0.000000 0.003009
v 0.040000 0.000000 0.000000
v 0.039690 0.000000 -0.004974
v 0.039618 0.000000 -0.005941
v 0.039553 0.000000 -0.005962
v 0.039274 0.000000 -0.007731
v 0.039207 0.000000 -0.007926
v 0.038929 0.000000 -0.009521
v 0.038997 0.000000 -0.008901
v 0.039392 0.000000 -0.006946
v 0.038505 0.000000 -0.010834
v 0.038223 0.000000 -0.011790
v 0.038763 0.000000 -0.009870
v 0.037207 0.000000 -0.014891
v 0.037235 0.000000 -0.014614
v 0.037588 0.000000 -0.013681
v 0.037551 0.000000 -0.014294
v 0.038240 0.000000 -0.011908
v 0.037917 0.000000 -0.012739
v 0.033050 0.000000 0.022533
v 0.032478 0.000000 0.023350
v 0.031885 0.000000 0.024152
v 0.031695 0.000000 0.024490
v 0.031273 0.000000 0.024940
v 0.018248 0.000000 0.035595
v 0.019130 0.000000 0.035129
v 0.017355 0.000000 0.036039
v 0.016451 0.000000 0.036460
v 0.014614 0.000000 0.037235
v 0.013781 0.000000 0.037617
v 0.013681 0.000000 0.037588
v 0.012739 0.000000 0.037917
v 0.015504 0.000000 0.037020
v 0.015537 0.000000 0.036859
v 0.009870 0.000000 0.038763
v 0.008901 0.000000 0.038997
v 0.005962 0.000000 0.039553
v 0.006946 0.000000 0.039392
v 0.007236 0.000000 0.039407
v 0.007926 0.000000 0.039207
v 0.003983 0.000000 0.039801
v 0.004974 0.000000 0.039690
v 0.002989 0.000000 0.039888
v 0.003446 0.000000 0.040004
v 0.001994 0.000000 0.039950
v 0.001380 0.000000 0.040004
v 0.000997 0.000000 0.039988
v 0.000000 0.000000 0.040000
v 0.000691 0.000000 0.040004
v 0.002069 0.000000 0.040004
v 0.002758 0.000000 0.040004
v 0.010336 0.000000 0.038810
v 0.010834 0.000000 0.038505
v 0.012059 0.000000 0.038214
v 0.011790 0.000000 0.038223
v 0.019293 0.000000 0.035230
v 0.020000 0.000000 0.034641
v 0.020327 0.000000 0.034634
v 0.022533 0.000000 0.033050
v 0.023350 0.000000 0.032478
v 0.023772 0.000000 0.032247
v 0.024152 0.000000 0.031885
v 0.020857 0.000000 0.034132
v 0.021702 0.000000 0.033601
v 0.021360 0.000000 0.034037
v 0.026467 0.000000 0.029991
v 0.027207 0.000000 0.029322
v 0.027906 0.000000 0.028667
v 0.029628 0.000000 0.026877
v 0.029991 0.000000 0.026467
v 0.029284 0.000000 0.027473
v 0.029322 0.000000 0.027207
v 0.028635 0.000000 0.027929
v 0.027929 0.000000 0.028635
v 0.030642 0.000000 0.025712
v 0.031351 0.000000 0.025087
v 0.026183 0.000000 0.030457
v 0.025712 0.000000 0.030642
v 0.024940 0.000000 0.031273
v 0.033601 0.000000 0.021702
v 0.036862 0.000000 0.015540
v 0.036460 0.000000 0.016451
v 0.036859 0.000000 0.015537
v 0.037207 0.000000 0.014943
v 0.037235 0.000000 0.014614
v 0.037588 0.000000 0.013681
v 0.037917 0.000000 0.012739
v 0.038240 0.000000 0.011960
v 0.038223 0.000000 0.011790
v 0.038505 0.000000 0.010834
v 0.038763 0.000000 0.009870
v 0.039207 0.000000 0.007926
v 0.039274 0.000000 0.007783
v 0.038997 0.000000 0.008901
v 0.038929 0.000000 0.009573
v 0.039690 0.000000 0.004974
v 0.039963 0.000000 0.004203
v 0.039801 0.000000 0.003983
v 0.039618 0.000000 0.005993
v 0.039392 0.000000 0.006946
v 0.039553 0.000000 0.005962
v 0.036039 0.000000 0.017355
v 0.034641 0.000000 0.020000
v 0.035129 0.000000 0.019130
v 0.035595 0.000000 0.018248
v 0.034132 0.000000 0.020857
v -0.034641 0.000000 -0.020000
v -0.035129 0.000000 -0.019130
v -0.035595 0.000000 -0.018248
v -0.036460 0.000000 -0.016451
v -0.036039 0.000000 -0.017355
v -0.039801 0.000000 -0.003983
v -0.039888 0.000000 -0.002989
v -0.039960 0.000000 -0.002957
v -0.039950 0.000000 -0.001994
v -0.039988 0.000000 -0.000997
v -0.039690 0.000000 -0.004974
v -0.039960 0.000000 0.001816
v -0.039988 0.000000 0.000997
v -0.039950 0.000000 0.001994
v -0.040000 0.000000 0.000000
v -0.039960 0.000000 0.003009
v -0.039888 0.000000 0.002989
v -0.039960 0.000000 -0.004151
v -0.039553 0.000000 -0.005962
v -0.039615 0.000000 -0.005941
v -0.039392 0.000000 -0.006946
v -0.038997 0.000000 -0.008901
v -0.039207 0.000000 -0.007926
v -0.039271 0.000000 -0.007731
v -0.038926 0.000000 -0.009521
v -0.038223 0.000000 -0.011790
v -0.038505 0.000000 -0.010834
v -0.038763 0.000000 -0.009870
v -0.037548 0.000000 -0.014294
v -0.037204 0.000000 -0.014891
v -0.036859 0.000000 -0.015537
v -0.037235 0.000000 -0.014614
v -0.037588 0.000000 -0.013681
v -0.038237 0.000000 -0.011908
v -0.037917 0.000000 -0.012739
v -0.001994 0.000000 0.039950
v -0.000997 0.000000 0.039988
v -0.001376 0.000000 0.040004
v -0.002065 0.000000 0.040004
v 0.000002 0.000000 0.040004
v -0.000687 0.000000 0.040004
v -0.003983 0.000000 0.039801
v -0.004974 0.000000 0.039690
v -0.003443 0.000000 0.040004
v -0.002989 0.000000 0.039888
v -0.002754 0.000000 0.040004
v -0.005962 0.000000 0.039553
v -0.007926 0.000000 0.039207
v -0.007233 0.000000 0.039407
v -0.006946 0.000000 0.039392
v -0.008901 0.000000 0.038997
v -0.009870 0.000000 0.038763
v -0.018248 0.000000 0.035595
v -0.017355 0.000000 0.036039
v -0.019130 0.000000 0.035129
v -0.016451 0.000000 0.036460
v -0.014614 0.000000 0.037235
v -0.013778 0.000000 0.037617
v -0.013681 0.000000 0.037588
v -0.012739 0.000000 0.037917
v -0.015501 0.000000 0.037020
v -0.015537 0.000000 0.036859
v -0.010333 0.000000 0.038810
v -0.012056 0.000000 0.038214
v -0.011790 0.000000 0.038223
v -0.010834 0.000000 0.038505
v -0.033050 0.000000 0.022533
v -0.032478 0.000000 0.023350
v -0.033601 0.000000 0.021702
v -0.031885 0.000000 0.024152
v -0.031347 0.000000 0.025087
v -0.031273 0.000000 0.024940
v -0.031692 0.000000 0.024490
v -0.022533 0.000000 0.033050
v -0.023769 0.000000 0.032247
v -0.024152 0.000000 0.031885
v -0.023350 0.000000 0.032478
v -0.024940 0.000000 0.031273
v -0.020324 0.000000 0.034634
v -0.020857 0.000000 0.034132
v -0.020000 0.000000 0.034641
v -0.019290 0.000000 0.035230
v -0.021357 0.000000 0.034037
v -0.021702 0.000000 0.033601
v -0.026467 0.000000 0.029991
v -0.027902 0.000000 0.028667
v -0.027207 0.000000 0.029322
v -0.027929 0.000000 0.028635
v -0.029280 0.000000 0.027473
v -0.029625 0.000000 0.026877
v -0.029991 0.000000 0.026467
v -0.029322 0.000000 0.027207
v -0.028635 0.000000 0.027929
v -0.030642 0.000000 0.025712
v -0.026180 0.000000 0.030457
v -0.025712 0.000000 0.030642
v -0.036859 0.000000 0.015537
v -0.036460 0.000000 0.016451
v -0.037235 0.000000 0.014614
v -0.037204 0.000000 0.014943
v -0.037588 0.000000 0.013681
v -0.038237 0.000000 0.011960
v -0.037917 0.000000 0.012739
v -0.038505 0.000000 0.010834
v -0.038223 0.000000 0.011790
v -0.038763 0.000000 0.009870
v -0.039271 0.000000 0.007783
v -0.039207 0.000000 0.007926
v -0.038997 0.000000 0.008901
v -0.039392 0.000000 0.006946
v -0.038926 0.000000 0.009573
v -0.039690 0.000000 0.004974
v -0.039960 0.000000 0.004203
v -0.039801 0.000000 0.003983
v -0.039615 0.000000 0.005993
v -0.039553 0.000000 0.005962
v -0.036039 0.000000 0.017355
v -0.035595 0.000000 0.018248
v -0.035129 0.000000 0.019130
v -0.034641 0.000000 0.020000
v -0.034132 0.000000 0.020857
v -0.033601 0.000000 -0.021702
v -0.034132 0.000000 -0.020857
v -0.031692 0.000000 -0.024438
v -0.031885 0.000000 -0.024152
v -0.031273 0.000000 -0.024940
v -0.030642 0.000000 -0.025712
v -0.031347 0.000000 -0.025035
v -0.032478 0.000000 -0.023350
v -0.033050 0.000000 -0.022533
v -0.027929 0.000000 -0.028635
v -0.028635 0.000000 -0.027929
v -0.027558 0.000000 -0.029211
v -0.027207 0.000000 -0.029322
v -0.026180 0.000000 -0.030405
v -0.026467 0.000000 -0.029991
v -0.025712 0.000000 -0.030642
v -0.024802 0.000000 -0.031598
v -0.024152 0.000000 -0.031885
v -0.024940 0.000000 -0.031273
v -0.023769 0.000000 -0.032195
v -0.029280 0.000000 -0.027421
v -0.029322 0.000000 -0.027207
v -0.029991 0.000000 -0.026467
v -0.020324 0.000000 -0.034581
v -0.020000 0.000000 -0.034641
v -0.020857 0.000000 -0.034132
v -0.021357 0.000000 -0.033985
v -0.021702 0.000000 -0.033601
v -0.022533 0.000000 -0.033050
v -0.023350 0.000000 -0.032478
v 0.021702 0.000000 -0.033601
v 0.020857 0.000000 -0.034132
v 0.021360 0.000000 -0.033985
v 0.020327 0.000000 -0.034581
v 0.034641 0.000000 -0.020000
v 0.034132 0.000000 -0.020857
v 0.031695 0.000000 -0.024438
v 0.032478 0.000000 -0.023350
v 0.031885 0.000000 -0.024152
v 0.031351 0.000000 -0.025035
v 0.031273 0.000000 -0.024940
v 0.030642 0.000000 -0.025712
v 0.033050 0.000000 -0.022533
v 0.033601 0.000000 -0.021702
v 0.028635 0.000000 -0.027929
v 0.029284 0.000000 -0.027421
v 0.029322 0.000000 -0.027207
v 0.027207 0.000000 -0.029322
v 0.026467 0.000000 -0.029991
v 0.026183 0.000000 -0.030405
v 0.027561 0.000000 -0.029211
v 0.027929 0.000000 -0.028635
v 0.024805 0.000000 -0.031598
v 0.024940 0.000000 -0.031273
v 0.025712 0.000000 -0.030642
v 0.023772 0.000000 -0.032195
v 0.024152 0.000000 -0.031885
v 0.029991 0.000000 -0.026467
v 0.023350 0.000000 -0.032478
v 0.022533 0.000000 -0.033050
v 0.020000 0.001000 -0.034641
v 0.019293 0.001000 -0.035178
v 0.018260 0.001000 -0.035775
v 0.019130 0.001000 -0.035129
v 0.018248 0.001000 -0.035595
v 0.017355 0.001000 -0.036039
v 0.013781 0.001000 -0.037565
v 0.013681 0.001000 -0.037588
v 0.012739 0.001000 -0.037917
v 0.012059 0.001000 -0.038162
v 0.014614 0.001000 -0.037235
v 0.015537 0.001000 -0.036859
v 0.015504 0.001000 -0.036968
v 0.016451 0.001000 -0.036460
v 0.004135 0.001000 -0.039952
v 0.003983 0.001000 -0.039801
v 0.002758 0.001000 -0.039952
v 0.002989 0.001000 -0.039888
v 0.003446 0.001000 -0.039952
v 0.007925 0.001000 -0.039355
v 0.007926 0.001000 -0.039207
v 0.008901 0.001000 -0.038997
v 0.007236 0.001000 -0.039355
v 0.004974 0.001000 -0.039690
v 0.005962 0.001000 -0.039553
v 0.006946 0.001000 -0.039392
v 0.010834 0.001000 -0.038505
v 0.010336 0.001000 -0.038758
v 0.009870 0.001000 -0.038763
v 0.011790 0.001000 -0.038223
v -0.003443 0.001000 -0.039952
v -0.004132 0.001000 -0.039952
v -0.003983 0.001000 -0.039801
v -0.002989 0.001000 -0.039888
v -0.001994 0.001000 -0.039950
v -0.002065 0.001000 -0.039952
v -0.007922 0.001000 -0.039355
v -0.007926 0.001000 -0.039207
v -0.006946 0.001000 -0.039392
v -0.007233 0.001000 -0.039355
v -0.008901 0.001000 -0.038997
v -0.004974 0.001000 -0.039690
v -0.005962 0.001000 -0.039553
v -0.002754 0.001000 -0.039952
v -0.012739 0.001000 -0.037917
v -0.011790 0.001000 -0.038223
v -0.012056 0.001000 -0.038162
v -0.013681 0.001000 -0.037588
v -0.013778 0.001000 -0.037565
v -0.015501 0.001000 -0.036968
v -0.015537 0.001000 -0.036859
v -0.014614 0.001000 -0.037235
v -0.016451 0.001000 -0.036460
v -0.017355 0.001000 -0.036039
v -0.018248 0.001000 -0.035595
v -0.018257 0.001000 -0.035775
v -0.019290 0.001000 -0.035178
v -0.019130 0.001000 -0.035129
v -0.009870 0.001000 -0.038763
v -0.010333 0.001000 -0.038758
v -0.010834 0.001000 -0.038505
v -0.000997 0.001000 -0.039988
v 0.002069 0.001000 -0.039952
v 0.001994 0.001000 -0.039950
v 0.000997 0.001000 -0.039988
v -0.000000 0.001000 -0.040000
v 0.035595 0.001000 -0.018248
v 0.036460 0.001000 -0.016451
v 0.036859 0.001000 -0.015537
v 0.035129 0.001000 -0.019130
v 0.036039 0.001000 -0.017355
v 0.039963 0.001000 -0.004151
v 0.039801 0.001000 -0.003983
v 0.039888 0.001000 -0.002989
v 0.039963 0.001000 -0.002957
v 0.039988 0.001000 -0.000997
v 0.039963 0.001000 -0.001764
v 0.039950 0.001000 -0.001994
v 0.039950 0.001000 0.001994
v 0.039963 0.001000 0.001816
v 0.039988 0.001000 0.000997
v 0.039888 0.001000 0.002989
v 0.039963 0.001000 0.003009
v 0.040000 0.001000 0.000000
v 0.039690 0.001000 -0.004974
v 0.039618 0.001000 -0.005941
v 0.039553 0.001000 -0.005962
v 0.039274 0.001000 -0.007731
v 0.039207 0.001000 -0.007926
v 0.038929 0.001000 -0.009521
v 0.038997 0.001000 -0.008901
v 0.039392 0.001000 -0.006946
v 0.038505 0.001000 -0.010834
v 0.038223 0.001000 -0.011790
v 0.038763 0.001000 -0.009870
v 0.037207 0.001000 -0.014891
v 0.037235 0.001000 -0.014614
v 0.037588 0.001000 -0.013681
v 0.037551 0.001000 -0.014294
v 0.038240 0.001000 -0.011908
v 0.037917 0.001000 -0.012739
v 0.033050 0.001000 0.022533
v 0.032478 0.001000 0.023350
v 0.031885 0.001000 0.024152
v 0.031695 0.001000 0.024490
v 0.031273 0.001000 0.024940
v 0.018248 0.001000 0.035595
v 0.019130 0.001000 0.035129
v 0.017355 0.001000 0.036039
v 0.016451 0.001000 0.036460
v 0.014614 0.001000 0.037235
v 0.013681 0.001000 0.037588
v 0.013781 0.001000 0.037617
v 0.012739 0.001000 0.037917
v 0.015504 0.001000 0.037020
v 0.015537 0.001000 0.036859
v 0.009870 0.001000 0.038763
v 0.008901 0.001000 0.038997
v 0.005962 0.001000 0.039553
v 0.006946 0.001000 0.039392
v 0.007236 0.001000 0.039407
v 0.007926 0.001000 0.039207
v 0.003983 0.001000 0.039801
v 0.004974 0.001000 0.039690
v 0.002989 0.001000 0.039888
v 0.003446 0.001000 0.040004
v 0.001994 0.001000 0.039950
v 0.001380 0.001000 0.040004
v 0.000997 0.001000 0.039988
v 0.000000 0.001000 0.040000
v 0.000691 0.001000 0.040004
v 0.002069 0.001000 0.040004
v 0.002758 0.001000 0.040004
v 0.010336 0.001000 0.038810
v 0.010834 0.001000 0.038505
v 0.012059 0.001000 0.038214
v 0.011790 0.001000 0.038223
v 0.019293 0.001000 0.035230
v 0.020000 0.001000 0.034641
v 0.020327 0.001000 0.034634
v 0.022533 0.001000 0.033050
v 0.023350 0.001000 0.032478
v 0.024152 0.001000 0.031885
v 0.023772 0.001000 0.032247
v 0.020857 0.001000 0.034132
v 0.021360 0.001000 0.034037
v 0.021702 0.001000 0.033601
v 0.026467 0.001000 0.029991
v 0.027207 0.001000 0.029322
v 0.027906 0.001000 0.028667
v 0.029991 0.001000 0.026467
v 0.029628 0.001000 0.026877
v 0.029284 0.001000 0.027473
v 0.029322 0.001000 0.027207
v 0.028635 0.001000 0.027929
v 0.027929 0.001000 0.028635
v 0.030642 0.001000 0.025712
v 0.031351 0.001000 0.025087
v 0.026183 0.001000 0.030457
v 0.025712 0.001000 0.030642
v 0.024940 0.001000 0.031273
v 0.033601 0.001000 0.021702
v 0.036862 0.001000 0.015540
v 0.036460 0.001000 0.016451
v 0.036859 0.001000 0.015537
v 0.037207 0.001000 0.014943
v 0.037235 0.001000 0.014614
v 0.037588 0.001000 0.013681
v 0.037917 0.001000 0.012739
v 0.038240 0.001000 0.011960
v 0.038223 0.001000 0.011790
v 0.038505 0.001000 0.010834
v 0.038763 0.001000 0.009870
v 0.039207 0.001000 0.007926
v 0.039274 0.001000 0.007783
v 0.038997 0.001000 0.008901
v 0.038929 0.001000 0.009573
v 0.039690 0.001000 0.004974
v 0.039963 0.001000 0.004203
v 0.039801 0.001000 0.003983
v 0.039618 0.001000 0.005993
v 0.039392 0.001000 0.006946
v 0.039553 0.001000 0.005962
v 0.036039 0.001000 0.017355
v 0.034641 0.001000 0.020000
v 0.035129 0.001000 0.019130
v 0.035595 0.001000 0.018248
v 0.034132 0.001000 0.020857
v -0.034641 0.001000 -0.020000
v -0.035129 0.001000 -0.019130
v -0.035595 0.001000 -0.018248
v -0.036460 0.001000 -0.016451
v -0.036039 0.001000 -0.017355
v -0.039801 0.001000 -0.003983
v -0.039888 0.001000 -0.002989
v -0.039960 0.001000 -0.002957
v -0.039950 0.001000 -0.001994
v -0.039988 0.001000 -0.000997
v -0.039690 0.001000 -0.004974
v -0.039960 0.001000 0.001816
v -0.039950 0.001000 0.001994
v -0.039988 0.001000 0.000997
v -0.040000 0.001000 0.000000
v -0.039960 0.001000 0.003009
v -0.039888 0.001000 0.002989
v -0.039960 0.001000 -0.004151
v -0.039553 0.001000 -0.005962
v -0.039615 0.001000 -0.005941
v -0.039392 0.001000 -0.006946
v -0.038997 0.001000 -0.008901
v -0.039207 0.001000 -0.007926
v -0.039271 0.001000 -0.007731
v -0.038926 0.001000 -0.009521
v -0.038223 0.001000 -0.011790
v -0.038505 0.001000 -0.010834
v -0.038763 0.001000 -0.009870
v -0.037548 0.001000 -0.014294
v -0.037204 0.001000 -0.014891
v -0.037235 0.001000 -0.014614
v -0.036859 0.001000 -0.015537
v -0.037588 0.001000 -0.013681
v -0.038237 0.001000 -0.011908
v -0.037917 0.001000 -0.012739
v -0.001994 0.001000 0.039950
v -0.001376 0.001000 0.040004
v -0.000997 0.001000 0.039988
v -0.002065 0.001000 0.040004
v 0.000002 0.001000 0.040004
v -0.000687 0.001000 0.040004
v -0.003983 0.001000 0.039801
v -0.004974 0.001000 0.039690
v -0.003443 0.001000 0.040004
v -0.002989 0.001000 0.039888
v -0.002754 0.001000 0.040004
v -0.005962 0.001000 0.039553
v -0.007926 0.001000 0.039207
v -0.007233 0.001000 0.039407
v -0.006946 0.001000 0.039392
v -0.008901 0.001000 0.038997
v -0.009870 0.001000 0.038763
v -0.018248 0.001000 0.035595
v -0.017355 0.001000 0.036039
v -0.019130 0.001000 0.035129
v -0.016451 0.001000 0.036460
v -0.014614 0.001000 0.037235
v -0.013778 0.001000 0.037617
v -0.013681 0.001000 0.037588
v -0.012739 0.001000 0.037917
v -0.015501 0.001000 0.037020
v -0.015537 0.001000 0.036859
v -0.010333 0.001000 0.038810
v -0.012056 0.001000 0.038214
v -0.011790 0.001000 0.038223
v -0.010834 0.001000 0.038505
v -0.033050 0.001000 0.022533
v -0.032478 0.001000 0.023350
v -0.033601 0.001000 0.021702
v -0.031885 0.001000 0.024152
v -0.031347 0.001000 0.025087
v -0.031273 0.001000 0.024940
v -0.031692 0.001000 0.024490
v -0.022533 0.001000 0.033050
v -0.023769 0.001000 0.032247
v -0.024152 0.001000 0.031885
v -0.023350 0.001000 0.032478
v -0.024940 0.001000 0.031273
v -0.020324 0.001000 0.034634
v -0.020000 0.001000 0.034641
v -0.020857 0.001000 0.034132
v -0.019290 0.001000 0.035230
v -0.021357 0.001000 0.034037
v -0.021702 0.001000 0.033601
v -0.026467 0.001000 0.029991
v -0.027902 0.001000 0.028667
v -0.027207 0.001000 0.029322
v -0.027929 0.001000 0.028635
v -0.029280 0.001000 0.027473
v -0.029625 0.001000 0.026877
v -0.029991 0.001000 0.026467
v -0.029322 0.001000 0.027207
v -0.028635 0.001000 0.027929
v -0.030642 0.001000 0.025712
v -0.026180 0.001000 0.030457
v -0.025712 0.001000 0.030642
v -0.036460 0.001000 0.016451
v -0.036859 0.001000 0.015537
v -0.037235 0.001000 0.014614
v -0.037204 0.001000 0.014943
v -0.037588 0.001000 0.013681
v -0.038237 0.001000 0.011960
v -0.037917 0.001000 0.012739
v -0.038505 0.001000 0.010834
v -0.038223 0.001000 0.011790
v -0.038763 0.001000 0.009870
v -0.039207 0.001000 0.007926
v -0.039271 0.001000 0.007783
v -0.038997 0.001000 0.008901
v -0.039392 0.001000 0.006946
v -0.038926 0.001000 0.009573
v -0.039690 0.001000 0.004974
v -0.039801 0.001000 0.003983
v -0.039960 0.001000 0.004203
v -0.039615 0.001000 0.005993
v -0.039553 0.001000 0.005962
v -0.036039 0.001000 0.017355
v -0.035595 0.001000 0.018248
v -0.035129 0.001000 0.019130
v -0.034641 0.001000 0.020000
v -0.034132 0.001000 0.020857
v -0.033601 0.001000 -0.021702
v -0.034132 0.001000 -0.020857
v -0.031692 0.001000 -0.024438
v -0.031885 0.001000 -0.024152
v -0.031273 0.001000 -0.024940
v -0.030642 0.001000 -0.025712
v -0.031347 0.001000 -0.025035
v -0.032478 0.001000 -0.023350
v -0.033050 0.001000 -0.022533
v -0.027929 0.001000 -0.028635
v -0.028635 0.001000 -0.027929
v -0.027558 0.001000 -0.029211
v -0.027207 0.001000 -0.029322
v -0.026467 0.001000 -0.029991
v -0.026180 0.001000 -0.030405
v -0.025712 0.001000 -0.030642
v -0.024802 0.001000 -0.031598
v -0.024152 0.001000 -0.031885
v -0.024940 0.001000 -0.031273
v -0.023769 0.001000 -0.032195
v -0.029280 0.001000 -0.027421
v -0.029322 0.001000 -0.027207
v -0.029991 0.001000 -0.026467
v -0.020324 0.001000 -0.034581
v -0.020000 0.001000 -0.034641
v -0.020857 0.001000 -0.034132
v -0.021357 0.001000 -0.033985
v -0.021702 0.001000 -0.033601
v -0.022533 0.001000 -0.033050
v -0.023350 0.001000 -0.032478
v 0.021702 0.001000 -0.033601
v 0.021360 0.001000 -0.033985
v 0.020857 0.001000 -0.034132
v 0.020327 0.001000 -0.034581
v 0.034641 0.001000 -0.020000
v 0.034132 0.001000 -0.020857
v 0.031695 0.001000 -0.024438
v 0.032478 0.001000 -0.023350
v 0.031885 0.001000 -0.024152
v 0.031351 0.001000 -0.025035
v 0.031273 0.001000 -0.024940
v 0.030642 0.001000 -0.025712
v 0.033050 0.001000 -0.022533
v 0.033601 0.001000 -0.021702
v 0.028635 0.001000 -0.027929
v 0.029322 0.001000 -0.027207
v 0.029284 0.001000 -0.027421
v 0.027207 0.001000 -0.029322
v 0.026467 0.001000 -0.029991
v 0.026183 0.001000 -0.030405
v 0.027561 0.001000 -0.029211
v 0.027929 0.001000 -0.028635
v 0.024805 0.001000 -0.031598
v 0.024940 0.001000 -0.031273
v 0.025712 0.001000 -0.030642
v 0.023772 0.001000 -0.032195
v 0.024152 0.001000 -0.031885
v 0.029991 0.001000 -0.026467
v 0.023350 0.001000 -0.032478
v 0.022533 0.001000 -0.033050
v 0.039988 0.000012 0.000992
v 0.039950 0.000012 0.001997
v 0.039846 0.000359 0.003502
v 0.039922 0.000359 0.002499
v 0.039887 0.000012 0.003001
v 0.039887 0.000705 0.003001
v 0.039950 0.000705 0.001997
v 0.039799 0.000705 0.004002
v 0.039988 0.000705 0.000992
v 0.039972 0.000359 0.001495
v 0.039997 0.000359 0.000490
v 0.039197 0.000012 0.007977
v 0.039294 0.000359 0.007483
v 0.038984 0.000012 0.008959
v 0.039093 0.000359 0.008469
v 0.038746 0.000012 0.009936
v 0.038868 0.000359 0.009448
v 0.038484 0.000012 0.010907
v 0.038618 0.000359 0.010422
v 0.039469 0.000359 0.006493
v 0.039385 0.000012 0.006989
v 0.039385 0.000705 0.006989
v 0.039548 0.000705 0.005997
v 0.039197 0.000705 0.007977
v 0.039686 0.000705 0.005001
v 0.038344 0.000359 0.011390
v 0.038484 0.000705 0.010907
v 0.038746 0.000705 0.009936
v 0.038198 0.000705 0.011871
v 0.038984 0.000705 0.008959
v 0.039620 0.000359 0.005499
v 0.039548 0.000012 0.005997
v 0.039686 0.000012 0.005001
v 0.039746 0.000359 0.004502
v 0.039799 0.000012 0.004002
v 0.036814 0.000012 0.015645
v 0.037007 0.000359 0.015181
v 0.036409 0.000012 0.016565
v 0.036614 0.000359 0.016106
v 0.035981 0.000012 0.017475
v 0.036198 0.000359 0.017021
v 0.035530 0.000012 0.018374
v 0.035759 0.000359 0.017926
v 0.037377 0.000359 0.014246
v 0.037195 0.000012 0.014714
v 0.037195 0.000705 0.014714
v 0.037553 0.000705 0.013775
v 0.036814 0.000705 0.015645
v 0.037888 0.000705 0.012827
v 0.035297 0.000359 0.018819
v 0.035530 0.000705 0.018374
v 0.035981 0.000705 0.017475
v 0.035057 0.000705 0.019261
v 0.036409 0.000705 0.016565
v 0.032947 0.000012 0.022682
v 0.033230 0.000359 0.022266
v 0.032367 0.000012 0.023503
v 0.032660 0.000359 0.023094
v 0.031766 0.000012 0.024309
v 0.032069 0.000359 0.023908
v 0.031145 0.000012 0.025100
v 0.031458 0.000359 0.024706
v 0.033779 0.000359 0.021424
v 0.033507 0.000012 0.021847
v 0.033507 0.000705 0.021847
v 0.034045 0.000705 0.020998
v 0.032947 0.000705 0.022682
v 0.034562 0.000705 0.020136
v 0.030827 0.000359 0.025489
v 0.031145 0.000705 0.025100
v 0.031766 0.000705 0.024309
v 0.030504 0.000705 0.025875
v 0.032367 0.000705 0.023503
v 0.034307 0.000359 0.020568
v 0.034045 0.000012 0.020998
v 0.034562 0.000012 0.020136
v 0.034813 0.000359 0.019700
v 0.035057 0.000012 0.019261
v 0.037723 0.000359 0.013302
v 0.037553 0.000012 0.013775
v 0.037888 0.000012 0.012827
v 0.038046 0.000359 0.012350
v 0.038198 0.000012 0.011871
v 0.027753 0.000012 0.028806
v 0.028113 0.000359 0.028455
v 0.027020 0.000012 0.029494
v 0.027389 0.000359 0.029152
v 0.026270 0.000012 0.030164
v 0.026647 0.000359 0.029831
v 0.025504 0.000012 0.030815
v 0.025889 0.000359 0.030492
v 0.028819 0.000359 0.027739
v 0.028468 0.000012 0.028099
v 0.028468 0.000705 0.028099
v 0.029165 0.000705 0.027375
v 0.027753 0.000705 0.028806
v 0.029844 0.000705 0.026633
v 0.025115 0.000359 0.031133
v 0.025504 0.000705 0.030815
v 0.026270 0.000705 0.030164
v 0.024722 0.000705 0.031446
v 0.027020 0.000705 0.029494
v 0.021440 0.000012 0.033768
v 0.021863 0.000359 0.033496
v 0.020585 0.000012 0.034297
v 0.021014 0.000359 0.034035
v 0.019717 0.000012 0.034803
v 0.020152 0.000359 0.034553
v 0.018836 0.000012 0.035288
v 0.019278 0.000359 0.035048
v 0.022698 0.000359 0.032936
v 0.022282 0.000012 0.033219
v 0.022282 0.000705 0.033219
v 0.023110 0.000705 0.032648
v 0.021440 0.000705 0.033768
v 0.023923 0.000705 0.032057
v 0.018391 0.000359 0.035522
v 0.018836 0.000705 0.035288
v 0.019717 0.000705 0.034803
v 0.017943 0.000705 0.035750
v 0.020585 0.000705 0.034297
v 0.023519 0.000359 0.032355
v 0.023110 0.000012 0.032648
v 0.023923 0.000012 0.032057
v 0.024324 0.000359 0.031754
v 0.024722 0.000012 0.031446
v 0.014264 0.000012 0.037370
v 0.014732 0.000359 0.037188
v 0.013320 0.000012 0.037717
v 0.013793 0.000359 0.037547
v 0.012368 0.000012 0.038040
v 0.012845 0.000359 0.037881
v 0.011408 0.000012 0.038339
v 0.011889 0.000359 0.038192
v 0.015662 0.000359 0.036806
v 0.015199 0.000012 0.037000
v 0.015199 0.000705 0.037000
v 0.016124 0.000705 0.036606
v 0.014264 0.000705 0.037370
v 0.017039 0.000705 0.036190
v 0.010925 0.000359 0.038479
v 0.011408 0.000705 0.038339
v 0.012368 0.000705 0.038040
v 0.010441 0.000705 0.038613
v 0.013320 0.000705 0.037717
v 0.006512 0.000012 0.039466
v 0.007008 0.000359 0.039381
v 0.005519 0.000012 0.039617
v 0.006016 0.000359 0.039545
v 0.004521 0.000012 0.039744
v 0.005020 0.000359 0.039684
v 0.003521 0.000012 0.039845
v 0.004021 0.000359 0.039797
v 0.007996 0.000359 0.039193
v 0.007502 0.000012 0.039290
v 0.007502 0.000705 0.039290
v 0.008487 0.000705 0.039089
v 0.006512 0.000705 0.039466
v 0.009467 0.000705 0.038864
v 0.003020 0.000359 0.039886
v 0.003521 0.000705 0.039845
v 0.004521 0.000705 0.039744
v 0.002518 0.000705 0.039921
v 0.005519 0.000705 0.039617
v 0.008978 0.000359 0.038979
v 0.008487 0.000012 0.039089
v 0.009467 0.000012 0.038864
v 0.009955 0.000359 0.038741
v 0.010441 0.000012 0.038613
v 0.016582 0.000359 0.036401
v 0.016124 0.000012 0.036606
v 0.017039 0.000012 0.036190
v 0.017492 0.000359 0.035973
v 0.017943 0.000012 0.035750
v 0.029507 0.000359 0.027006
v 0.029165 0.000012 0.027375
v 0.029844 0.000012 0.026633
v 0.030177 0.000359 0.026256
v 0.030504 0.000012 0.025875
v -0.001501 0.000012 0.039972
v -0.000999 0.000359 0.039988
v -0.002505 0.000012 0.039921
v -0.002004 0.000359 0.039950
v -0.003508 0.000012 0.039846
v -0.003007 0.000359 0.039887
v -0.004508 0.000012 0.039745
v -0.004008 0.000359 0.039799
v 0.000006 0.000359 0.040000
v -0.000496 0.000012 0.039997
v -0.000496 0.000705 0.039997
v 0.000509 0.000705 0.039997
v -0.001501 0.000705 0.039972
v -0.005007 0.000359 0.039685
v -0.004508 0.000705 0.039745
v -0.003508 0.000705 0.039846
v -0.005506 0.000705 0.039619
v -0.002505 0.000705 0.039921
v -0.009455 0.000012 0.038867
v -0.008965 0.000359 0.038982
v -0.010428 0.000012 0.038617
v -0.009942 0.000359 0.038745
v -0.011396 0.000012 0.038342
v -0.010913 0.000359 0.038483
v -0.012356 0.000012 0.038044
v -0.011877 0.000359 0.038196
v -0.007983 0.000359 0.039195
v -0.008475 0.000012 0.039092
v -0.008475 0.000705 0.039092
v -0.007490 0.000705 0.039293
v -0.009455 0.000705 0.038867
v -0.012833 0.000359 0.037886
v -0.012356 0.000705 0.038044
v -0.011396 0.000705 0.038342
v -0.013308 0.000705 0.037721
v -0.014252 0.000705 0.037375
v -0.010428 0.000705 0.038617
v -0.006500 0.000705 0.039468
v -0.006995 0.000359 0.039384
v -0.007490 0.000012 0.039293
v -0.006500 0.000012 0.039468
v -0.006003 0.000359 0.039547
v -0.005506 0.000012 0.039619
v -0.017027 0.000012 0.036195
v -0.016571 0.000359 0.036406
v -0.017931 0.000012 0.035756
v -0.017481 0.000359 0.035978
v -0.018824 0.000012 0.035294
v -0.018379 0.000359 0.035528
v -0.019705 0.000012 0.034809
v -0.019266 0.000359 0.035054
v -0.015651 0.000359 0.036811
v -0.016112 0.000012 0.036612
v -0.016112 0.000705 0.036612
v -0.015187 0.000705 0.037005
v -0.017027 0.000705 0.036195
v -0.017931 0.000705 0.035756
v -0.020141 0.000359 0.034559
v -0.019705 0.000705 0.034809
v -0.018824 0.000705 0.035294
v -0.020574 0.000705 0.034303
v -0.021430 0.000705 0.033775
v -0.023913 0.000012 0.032065
v -0.023508 0.000359 0.032363
v -0.024711 0.000012 0.031454
v -0.024314 0.000359 0.031762
v -0.025494 0.000012 0.030823
v -0.025105 0.000359 0.031141
v -0.026261 0.000012 0.030172
v -0.025880 0.000359 0.030500
v -0.022687 0.000359 0.032944
v -0.023100 0.000012 0.032656
v -0.023100 0.000705 0.032656
v -0.022272 0.000705 0.033226
v -0.023913 0.000705 0.032065
v -0.024711 0.000705 0.031454
v -0.026638 0.000359 0.029840
v -0.026261 0.000705 0.030172
v -0.025494 0.000705 0.030823
v -0.027011 0.000705 0.029503
v -0.027744 0.000705 0.028815
v -0.021852 0.000359 0.033503
v -0.022272 0.000012 0.033226
v -0.021430 0.000012 0.033775
v -0.021003 0.000359 0.034042
v -0.020574 0.000012 0.034303
v -0.014720 0.000359 0.037193
v -0.015187 0.000012 0.037005
v -0.014252 0.000012 0.037375
v -0.013781 0.000359 0.037551
v -0.013308 0.000012 0.037721
v -0.029836 0.000012 0.026643
v -0.029498 0.000359 0.027016
v -0.030496 0.000012 0.025884
v -0.030168 0.000359 0.026266
v -0.031137 0.000012 0.025110
v -0.030819 0.000359 0.025499
v -0.031758 0.000012 0.024319
v -0.031450 0.000359 0.024717
v -0.028810 0.000359 0.027748
v -0.029157 0.000012 0.027384
v -0.029157 0.000705 0.027384
v -0.028459 0.000705 0.028108
v -0.029836 0.000705 0.026643
v -0.030496 0.000705 0.025884
v -0.032061 0.000359 0.023918
v -0.031758 0.000705 0.024319
v -0.031137 0.000705 0.025110
v -0.032359 0.000705 0.023513
v -0.032940 0.000705 0.022693
v -0.034556 0.000012 0.020147
v -0.034300 0.000359 0.020579
v -0.035051 0.000012 0.019272
v -0.034806 0.000359 0.019711
v -0.035525 0.000012 0.018385
v -0.035291 0.000359 0.018830
v -0.035975 0.000012 0.017486
v -0.035753 0.000359 0.017937
v -0.033772 0.000359 0.021435
v -0.034039 0.000012 0.021009
v -0.034039 0.000705 0.021009
v -0.033500 0.000705 0.021858
v -0.034556 0.000705 0.020147
v -0.035051 0.000705 0.019272
v -0.036192 0.000359 0.017033
v -0.035975 0.000705 0.017486
v -0.035525 0.000705 0.018385
v -0.036404 0.000705 0.016577
v -0.036809 0.000705 0.015656
v -0.033222 0.000359 0.022277
v -0.033500 0.000012 0.021858
v -0.032940 0.000012 0.022693
v -0.032652 0.000359 0.023105
v -0.032359 0.000012 0.023513
v -0.037884 0.000012 0.012839
v -0.037719 0.000359 0.013314
v -0.038194 0.000012 0.011883
v -0.038042 0.000359 0.012362
v -0.038481 0.000012 0.010919
v -0.038341 0.000359 0.011402
v -0.038743 0.000012 0.009949
v -0.038615 0.000359 0.010435
v -0.037373 0.000359 0.014258
v -0.037549 0.000012 0.013787
v -0.037549 0.000705 0.013787
v -0.037190 0.000705 0.014726
v -0.037884 0.000705 0.012839
v -0.038865 0.000359 0.009461
v -0.038743 0.000705 0.009949
v -0.038481 0.000705 0.010919
v -0.038981 0.000705 0.008972
v -0.038194 0.000705 0.011883
v -0.039685 0.000012 0.005014
v -0.039618 0.000359 0.005512
v -0.039798 0.000012 0.004015
v -0.039744 0.000359 0.004515
v -0.039886 0.000012 0.003013
v -0.039845 0.000359 0.003514
v -0.039949 0.000012 0.002010
v -0.039921 0.000359 0.002512
v -0.039467 0.000359 0.006506
v -0.039546 0.000012 0.006010
v -0.039546 0.000705 0.006010
v -0.039382 0.000705 0.007002
v -0.039685 0.000705 0.005014
v -0.039194 0.000705 0.007989
v -0.039972 0.000359 0.001508
v -0.039949 0.000705 0.002010
v -0.039886 0.000705 0.003013
v -0.039987 0.000705 0.001005
v -0.039798 0.000705 0.004015
v -0.039291 0.000359 0.007496
v -0.039382 0.000012 0.007002
v -0.039194 0.000012 0.007989
v -0.039091 0.000359 0.008481
v -0.038981 0.000012 0.008972
v -0.037002 0.000359 0.015193
v -0.037190 0.000012 0.014726
v -0.036809 0.000012 0.015656
v -0.036609 0.000359 0.016118
v -0.036404 0.000012 0.016577
v -0.028104 0.000359 0.028464
v -0.028459 0.000012 0.028108
v -0.027744 0.000012 0.028815
v -0.027379 0.000359 0.029161
v -0.027011 0.000012 0.029503
v 0.001514 0.000705 0.039971
v 0.001012 0.000359 0.039987
v 0.000509 0.000012 0.039997
v 0.001514 0.000012 0.039971
v 0.002016 0.000359 0.039949
v 0.002518 0.000012 0.039921
v -0.039886 0.000012 -0.003013
v -0.039921 0.000359 -0.002512
v -0.039949 0.000012 -0.002010
v -0.039798 0.000012 -0.004015
v -0.039845 0.000359 -0.003514
v -0.039685 0.000012 -0.005014
v -0.039744 0.000359 -0.004515
v -0.039546 0.000012 -0.006010
v -0.039618 0.000359 -0.005512
v -0.039972 0.000359 -0.001508
v -0.039949 0.000705 -0.002010
v -0.039987 0.000705 -0.001005
v -0.039886 0.000705 -0.003013
v -0.040000 0.000705 0.000000
v -0.039467 0.000359 -0.006506
v -0.039546 0.000705 -0.006010
v -0.039685 0.000705 -0.005014
v -0.039382 0.000705 -0.007002
v -0.039798 0.000705 -0.004015
v -0.038481 0.000012 -0.010919
v -0.038615 0.000359 -0.010435
v -0.038194 0.000012 -0.011883
v -0.038341 0.000359 -0.011402
v -0.037884 0.000012 -0.012839
v -0.038042 0.000359 -0.012362
v -0.037549 0.000012 -0.013787
v -0.037719 0.000359 -0.013314
v -0.038865 0.000359 -0.009461
v -0.038743 0.000012 -0.009949
v -0.038743 0.000705 -0.009949
v -0.038981 0.000705 -0.008972
v -0.038481 0.000705 -0.010919
v -0.039194 0.000705 -0.007989
v -0.037373 0.000359 -0.014258
v -0.037549 0.000705 -0.013787
v -0.037884 0.000705 -0.012839
v -0.037190 0.000705 -0.014726
v -0.038194 0.000705 -0.011883
v -0.039091 0.000359 -0.008481
v -0.038981 0.000012 -0.008972
v -0.039194 0.000012 -0.007989
v -0.039291 0.000359 -0.007496
v -0.039382 0.000012 -0.007002
v -0.035525 0.000012 -0.018385
v -0.035753 0.000359 -0.017937
v -0.035051 0.000012 -0.019272
v -0.035291 0.000359 -0.018830
v -0.034556 0.000012 -0.020147
v -0.034806 0.000359 -0.019711
v -0.034039 0.000012 -0.021009
v -0.034300 0.000359 -0.020579
v -0.036192 0.000359 -0.017033
v -0.035975 0.000012 -0.017486
v -0.035975 0.000705 -0.017486
v -0.036404 0.000705 -0.016577
v -0.035525 0.000705 -0.018385
v -0.036809 0.000705 -0.015656
v -0.033772 0.000359 -0.021435
v -0.034039 0.000705 -0.021009
v -0.034556 0.000705 -0.020147
v -0.033500 0.000705 -0.021858
v -0.035051 0.000705 -0.019272
v -0.031137 0.000012 -0.025110
v -0.031450 0.000359 -0.024717
v -0.030496 0.000012 -0.025884
v -0.030819 0.000359 -0.025499
v -0.029836 0.000012 -0.026643
v -0.030168 0.000359 -0.026266
v -0.029157 0.000012 -0.027384
v -0.029498 0.000359 -0.027016
v -0.032061 0.000359 -0.023918
v -0.031758 0.000012 -0.024319
v -0.031758 0.000705 -0.024319
v -0.032359 0.000705 -0.023513
v -0.031137 0.000705 -0.025110
v -0.032940 0.000705 -0.022693
v -0.028810 0.000359 -0.027748
v -0.029157 0.000705 -0.027384
v -0.029836 0.000705 -0.026643
v -0.028459 0.000705 -0.028108
v -0.030496 0.000705 -0.025884
v -0.032652 0.000359 -0.023105
v -0.032359 0.000012 -0.023513
v -0.032940 0.000012 -0.022693
v -0.033222 0.000359 -0.022277
v -0.033500 0.000012 -0.021858
v -0.036609 0.000359 -0.016118
v -0.036404 0.000012 -0.016577
v -0.036809 0.000012 -0.015656
v -0.037002 0.000359 -0.015193
v -0.037190 0.000012 -0.014726
v -0.025494 0.000012 -0.030823
v -0.025880 0.000359 -0.030500
v -0.024711 0.000012 -0.031454
v -0.025105 0.000359 -0.031141
v -0.023913 0.000012 -0.032065
v -0.024314 0.000359 -0.031762
v -0.023100 0.000012 -0.032656
v -0.023508 0.000359 -0.032363
v -0.026638 0.000359 -0.029840
v -0.026261 0.000012 -0.030172
v -0.026261 0.000705 -0.030172
v -0.027011 0.000705 -0.029503
v -0.025494 0.000705 -0.030823
v -0.027744 0.000705 -0.028815
v -0.022687 0.000359 -0.032944
v -0.023100 0.000705 -0.032656
v -0.023913 0.000705 -0.032065
v -0.022272 0.000705 -0.033226
v -0.024711 0.000705 -0.031454
v -0.018824 0.000012 -0.035294
v -0.019266 0.000359 -0.035054
v -0.017931 0.000012 -0.035756
v -0.018379 0.000359 -0.035528
v -0.017027 0.000012 -0.036195
v -0.017481 0.000359 -0.035978
v -0.016112 0.000012 -0.036612
v -0.016571 0.000359 -0.036406
v -0.020141 0.000359 -0.034559
v -0.019705 0.000012 -0.034809
v -0.019705 0.000705 -0.034809
v -0.020574 0.000705 -0.034303
v -0.018824 0.000705 -0.035294
v -0.021430 0.000705 -0.033775
v -0.015651 0.000359 -0.036811
v -0.016112 0.000705 -0.036612
v -0.017027 0.000705 -0.036195
v -0.015187 0.000705 -0.037005
v -0.017931 0.000705 -0.035756
v -0.021003 0.000359 -0.034042
v -0.020574 0.000012 -0.034303
v -0.021430 0.000012 -0.033775
v -0.021852 0.000359 -0.033503
v -0.022272 0.000012 -0.033226
v -0.011396 0.000012 -0.038342
v -0.011877 0.000359 -0.038196
v -0.010428 0.000012 -0.038617
v -0.010913 0.000359 -0.038483
v -0.009455 0.000012 -0.038867
v -0.009942 0.000359 -0.038745
v -0.008475 0.000012 -0.039092
v -0.008965 0.000359 -0.038982
v -0.012833 0.000359 -0.037886
v -0.012356 0.000012 -0.038044
v -0.012356 0.000705 -0.038044
v -0.013308 0.000705 -0.037721
v -0.011396 0.000705 -0.038342
v -0.014252 0.000705 -0.037375
v -0.007983 0.000359 -0.039195
v -0.008475 0.000705 -0.039092
v -0.009455 0.000705 -0.038867
v -0.007490 0.000705 -0.039293
v -0.010428 0.000705 -0.038617
v -0.003508 0.000012 -0.039846
v -0.004008 0.000359 -0.039799
v -0.002505 0.000012 -0.039921
v -0.003007 0.000359 -0.039887
v -0.001501 0.000012 -0.039972
v -0.002004 0.000359 -0.039950
v -0.000496 0.000012 -0.039997
v -0.000999 0.000359 -0.039988
v -0.005007 0.000359 -0.039685
v -0.004508 0.000012 -0.039745
v -0.004508 0.000705 -0.039745
v -0.005506 0.000705 -0.039619
v -0.003508 0.000705 -0.039846
v 0.000006 0.000359 -0.040000
v -0.000496 0.000705 -0.039997
v -0.001501 0.000705 -0.039972
v 0.000509 0.000705 -0.039997
v -0.002505 0.000705 -0.039921
v -0.006500 0.000705 -0.039468
v -0.006003 0.000359 -0.039547
v -0.005506 0.000012 -0.039619
v -0.006500 0.000012 -0.039468
v -0.006995 0.000359 -0.039384
v -0.007490 0.000012 -0.039293
v -0.013781 0.000359 -0.037551
v -0.013308 0.000012 -0.037721
v -0.014252 0.000012 -0.037375
v -0.014720 0.000359 -0.037193
v -0.015187 0.000012 -0.037005
v -0.027379 0.000359 -0.029161
v -0.027011 0.000012 -0.029503
v -0.027744 0.000012 -0.028815
v -0.028104 0.000359 -0.028464
v -0.028459 0.000012 -0.028108
v 0.004521 0.000012 -0.039744
v 0.004021 0.000359 -0.039797
v 0.005519 0.000012 -0.039617
v 0.005020 0.000359 -0.039684
v 0.006512 0.000012 -0.039466
v 0.006016 0.000359 -0.039545
v 0.007502 0.000012 -0.039290
v 0.007008 0.000359 -0.039381
v 0.003020 0.000359 -0.039886
v 0.003521 0.000012 -0.039845
v 0.003521 0.000705 -0.039845
v 0.002518 0.000705 -0.039921
v 0.004521 0.000705 -0.039744
v 0.007996 0.000359 -0.039193
v 0.007502 0.000705 -0.039290
v 0.006512 0.000705 -0.039466
v 0.008487 0.000705 -0.039089
v 0.009467 0.000705 -0.038864
v 0.005519 0.000705 -0.039617
v 0.012368 0.000012 -0.038040
v 0.011889 0.000359 -0.038192
v 0.013320 0.000012 -0.037717
v 0.012845 0.000359 -0.037881
v 0.014264 0.000012 -0.037370
v 0.013793 0.000359 -0.037547
v 0.015199 0.000012 -0.037000
v 0.014732 0.000359 -0.037188
v 0.010925 0.000359 -0.038479
v 0.011408 0.000012 -0.038339
v 0.011408 0.000705 -0.038339
v 0.010441 0.000705 -0.038613
v 0.012368 0.000705 -0.038040
v 0.013320 0.000705 -0.037717
v 0.015662 0.000359 -0.036806
v 0.015199 0.000705 -0.037000
v 0.014264 0.000705 -0.037370
v 0.016124 0.000705 -0.036606
v 0.017039 0.000705 -0.036190
v 0.009955 0.000359 -0.038741
v 0.010441 0.000012 -0.038613
v 0.009467 0.000012 -0.038864
v 0.008978 0.000359 -0.038979
v 0.008487 0.000012 -0.039089
v 0.019717 0.000012 -0.034803
v 0.019278 0.000359 -0.035048
v 0.020585 0.000012 -0.034297
v 0.020152 0.000359 -0.034553
v 0.021440 0.000012 -0.033768
v 0.021014 0.000359 -0.034035
v 0.022282 0.000012 -0.033219
v 0.021863 0.000359 -0.033496
v 0.018391 0.000359 -0.035522
v 0.018836 0.000012 -0.035288
v 0.018836 0.000705 -0.035288
v 0.017943 0.000705 -0.035750
v 0.019717 0.000705 -0.034803
v 0.020585 0.000705 -0.034297
v 0.022698 0.000359 -0.032936
v 0.022282 0.000705 -0.033219
v 0.021440 0.000705 -0.033768
v 0.023110 0.000705 -0.032648
v 0.023923 0.000705 -0.032057
v 0.026270 0.000012 -0.030164
v 0.025889 0.000359 -0.030492
v 0.027020 0.000012 -0.029494
v 0.026647 0.000359 -0.029831
v 0.027753 0.000012 -0.028806
v 0.027389 0.000359 -0.029152
v 0.028468 0.000012 -0.028099
v 0.028113 0.000359 -0.028455
v 0.025115 0.000359 -0.031133
v 0.025504 0.000012 -0.030815
v 0.025504 0.000705 -0.030815
v 0.024722 0.000705 -0.031446
v 0.026270 0.000705 -0.030164
v 0.027020 0.000705 -0.029494
v 0.028819 0.000359 -0.027739
v 0.028468 0.000705 -0.028099
v 0.027753 0.000705 -0.028806
v 0.029165 0.000705 -0.027375
v 0.029844 0.000705 -0.026633
v 0.024324 0.000359 -0.031754
v 0.024722 0.000012 -0.031446
v 0.023923 0.000012 -0.032057
v 0.023519 0.000359 -0.032355
v 0.023110 0.000012 -0.032648
v 0.017492 0.000359 -0.035973
v 0.017943 0.000012 -0.035750
v 0.017039 0.000012 -0.036190
v 0.016582 0.000359 -0.036401
v 0.016124 0.000012 -0.036606
v 0.031766 0.000012 -0.024309
v 0.031458 0.000359 -0.024706
v 0.032367 0.000012 -0.023503
v 0.032069 0.000359 -0.023908
v 0.032947 0.000012 -0.022682
v 0.032660 0.000359 -0.023094
v 0.033507 0.000012 -0.021847
v 0.033230 0.000359 -0.022266
v 0.030827 0.000359 -0.025489
v 0.031145 0.000012 -0.025100
v 0.031145 0.000705 -0.025100
v 0.030504 0.000705 -0.025875
v 0.031766 0.000705 -0.024309
v 0.032367 0.000705 -0.023503
v 0.033779 0.000359 -0.021424
v 0.033507 0.000705 -0.021847
v 0.032947 0.000705 -0.022682
v 0.034045 0.000705 -0.020998
v 0.034562 0.000705 -0.020136
v 0.035981 0.000012 -0.017475
v 0.035759 0.000359 -0.017926
v 0.036409 0.000012 -0.016565
v 0.036198 0.000359 -0.017021
v 0.036814 0.000012 -0.015645
v 0.036614 0.000359 -0.016106
v 0.037195 0.000012 -0.014714
v 0.037007 0.000359 -0.015181
v 0.035297 0.000359 -0.018819
v 0.035530 0.000012 -0.018374
v 0.035530 0.000705 -0.018374
v 0.035057 0.000705 -0.019261
v 0.035981 0.000705 -0.017475
v 0.037377 0.000359 -0.014246
v 0.037195 0.000705 -0.014714
v 0.036814 0.000705 -0.015645
v 0.037553 0.000705 -0.013775
v 0.036409 0.000705 -0.016565
v 0.034813 0.000359 -0.019700
v 0.035057 0.000012 -0.019261
v 0.034562 0.000012 -0.020136
v 0.034307 0.000359 -0.020568
v 0.034045 0.000012 -0.020998
v 0.038746 0.000012 -0.009936
v 0.038618 0.000359 -0.010422
v 0.038984 0.000012 -0.008959
v 0.038868 0.000359 -0.009448
v 0.039197 0.000012 -0.007977
v 0.039093 0.000359 -0.008469
v 0.039385 0.000012 -0.006989
v 0.039294 0.000359 -0.007483
v 0.038344 0.000359 -0.011390
v 0.038484 0.000012 -0.010907
v 0.038484 0.000705 -0.010907
v 0.038198 0.000705 -0.011871
v 0.038746 0.000705 -0.009936
v 0.037888 0.000705 -0.012827
v 0.039469 0.000359 -0.006493
v 0.039385 0.000705 -0.006989
v 0.039197 0.000705 -0.007977
v 0.039548 0.000705 -0.005997
v 0.038984 0.000705 -0.008959
v 0.039887 0.000012 -0.003001
v 0.039950 0.000012 -0.001997
v 0.039988 0.000012 -0.000992
v 0.039997 0.000359 -0.000490
v 0.039922 0.000359 -0.002499
v 0.039846 0.000359 -0.003502
v 0.039887 0.000705 -0.003001
v 0.039799 0.000705 -0.004002
v 0.039950 0.000705 -0.001997
v 0.039686 0.000705 -0.005001
v 0.039988 0.000705 -0.000992
v 0.039972 0.000359 -0.001495
v 0.039746 0.000359 -0.004502
v 0.039799 0.000012 -0.004002
v 0.039686 0.000012 -0.005001
v 0.039620 0.000359 -0.005499
v 0.039548 0.000012 -0.005997
v 0.038046 0.000359 -0.012350
v 0.038198 0.000012 -0.011871
v 0.037888 0.000012 -0.012827
v 0.037723 0.000359 -0.013302
v 0.037553 0.000012 -0.013775
v 0.030177 0.000359 -0.026256
v 0.030504 0.000012 -0.025875
v 0.029844 0.000012 -0.026633
v 0.029507 0.000359 -0.027006
v 0.029165 0.000012 -0.027375
v 0.001514 0.000705 -0.039971
v 0.002016 0.000359 -0.039949
v 0.002518 0.000012 -0.039921
v 0.001514 0.000012 -0.039971
v 0.001012 0.000359 -0.039987
v 0.000509 0.000012 -0.039997
v -0.039997 0.000359 -0.000503
v -0.039987 0.000012 -0.001005
v -0.040000 0.000012 0.000000
v -0.039997 0.000359 0.000503
v -0.039987 0.000012 0.001005
v 0.039801 -0.000500 0.003983
v 0.040000 -0.000500 0.000000
v 0.039207 -0.000500 0.007926
v 0.038223 -0.000500 0.011790
v 0.036859 -0.000500 0.015537
v 0.035129 -0.000500 0.019130
v 0.033050 -0.000500 0.022533
v 0.024940 -0.000500 0.031273
v 0.021702 -0.000500 0.033601
v 0.027929 -0.000500 0.028635
v 0.018248 -0.000500 0.035595
v 0.014614 -0.000500 0.037235
v 0.010834 -0.000500 0.038505
v 0.006946 -0.000500 0.039392
v 0.030642 -0.000500 0.025712
v 0.002989 -0.000500 0.039888
v -0.000997 -0.000500 0.039988
v -0.004974 -0.000500 0.039690
v -0.008901 -0.000500 0.038997
v -0.012739 -0.000500 0.037917
v -0.016451 -0.000500 0.036460
v -0.020000 -0.000500 0.034641
v -0.023350 -0.000500 0.032478
v -0.026467 -0.000500 0.029991
v -0.029322 -0.000500 0.027207
v -0.034132 -0.000500 0.020857
v -0.036039 -0.000500 0.017355
v -0.031885 -0.000500 0.024152
v -0.037588 -0.000500 0.013681
v -0.038763 -0.000500 0.009870
v -0.039950 -0.000500 0.001994
v -0.039553 -0.000500 0.005962
v -0.038763 -0.000500 -0.009870
v -0.037588 -0.000500 -0.013681
v -0.039553 -0.000500 -0.005962
v -0.036039 -0.000500 -0.017355
v -0.034132 -0.000500 -0.020857
v -0.031885 -0.000500 -0.024152
v -0.029322 -0.000500 -0.027207
v -0.023350 -0.000500 -0.032478
v -0.026467 -0.000500 -0.029991
v -0.020000 -0.000500 -0.034641
v -0.016451 -0.000500 -0.036460
v -0.008901 -0.000500 -0.038997
v -0.012739 -0.000500 -0.037917
v -0.004974 -0.000500 -0.039690
v -0.000997 -0.000500 -0.039988
v 0.002989 -0.000500 -0.039888
v 0.006946 -0.000500 -0.039392
v 0.014614 -0.000500 -0.037235
v 0.018248 -0.000500 -0.035595
v 0.010834 -0.000500 -0.038505
v 0.021702 -0.000500 -0.033601
v 0.024940 -0.000500 -0.031273
v 0.027929 -0.000500 -0.028635
v 0.030642 -0.000500 -0.025712
v 0.033050 -0.000500 -0.022533
v 0.035129 -0.000500 -0.019130
v 0.036859 -0.000500 -0.015537
v 0.038223 -0.000500 -0.011790
v 0.039207 -0.000500 -0.007926
v 0.039801 -0.000500 -0.003983
v -0.039950 -0.000500 -0.001994
v 0.014469 -0.000500 -0.036080
v 0.011580 -0.000500 -0.036080
v 0.008691 -0.000500 -0.036080
v 0.010136 -0.000500 -0.038581
v 0.005802 -0.000500 -0.036080
v 0.007247 -0.000500 -0.038581
v 0.002914 -0.000500 -0.036080
v 0.004358 -0.000500 -0.038581
v 0.001469 -0.000500 -0.038581
v 0.000025 -0.000500 -0.036080
v -0.004308 -0.000500 -0.038581
v -0.002864 -0.000500 -0.036080
v -0.001420 -0.000500 -0.038581
v -0.005753 -0.000500 -0.036080
v -0.008642 -0.000500 -0.036080
v -0.007197 -0.000500 -0.038581
v -0.010086 -0.000500 -0.038581
v -0.011530 -0.000500 -0.036080
v -0.014419 -0.000500 -0.036080
v -0.018752 -0.000500 -0.033578
v -0.015863 -0.000500 -0.033578
v 0.034690 -0.000500 -0.016066
v 0.033246 -0.000500 -0.013564
v 0.036135 -0.000500 -0.013564
v 0.034690 -0.000500 -0.011062
v 0.037579 -0.000500 -0.011062
v 0.031802 -0.000500 -0.011062
v 0.036135 -0.000500 -0.008560
v 0.039024 -0.000500 -0.008560
v 0.034690 -0.000500 -0.006058
v 0.037579 -0.000500 -0.006058
v 0.030357 -0.000500 -0.008560
v 0.033246 -0.000500 -0.008560
v 0.031802 -0.000500 -0.006058
v 0.028913 -0.000500 -0.006058
v 0.039024 -0.000500 -0.003557
v 0.037579 -0.000500 -0.001055
v 0.036135 -0.000500 0.001447
v 0.039024 -0.000500 0.001447
v 0.037579 -0.000500 0.003949
v 0.034690 -0.000500 0.003949
v 0.027468 -0.000500 -0.003557
v 0.030357 -0.000500 -0.003557
v 0.028913 -0.000500 -0.001055
v 0.031802 -0.000500 -0.001055
v 0.026024 -0.000500 -0.001055
v 0.030357 -0.000500 0.001447
v 0.033246 -0.000500 0.001447
v 0.031802 -0.000500 0.003949
v 0.028913 -0.000500 0.003949
v 0.024580 -0.000500 0.001447
v 0.027468 -0.000500 0.001447
v 0.026024 -0.000500 0.003949
v 0.023135 -0.000500 0.003949
v 0.034690 -0.000500 -0.001055
v 0.033246 -0.000500 -0.003557
v 0.036135 -0.000500 -0.003557
v 0.021691 -0.000500 0.006450
v 0.024580 -0.000500 0.006450
v 0.023135 -0.000500 0.008952
v 0.026024 -0.000500 0.008952
v 0.020246 -0.000500 0.008952
v 0.024580 -0.000500 0.011454
v 0.027468 -0.000500 0.011454
v 0.026024 -0.000500 0.013956
v 0.028913 -0.000500 0.013956
v 0.023135 -0.000500 0.013956
v 0.018802 -0.000500 0.011454
v 0.021691 -0.000500 0.011454
v 0.020246 -0.000500 0.013956
v 0.017358 -0.000500 0.013956
v 0.027468 -0.000500 0.016457
v 0.030357 -0.000500 0.016457
v 0.028913 -0.000500 0.018959
v 0.031802 -0.000500 0.018959
v 0.026024 -0.000500 0.018959
v 0.030357 -0.000500 0.021461
v 0.033246 -0.000500 0.021461
v 0.028913 -0.000500 0.023963
v 0.031802 -0.000500 0.023963
v 0.024580 -0.000500 0.021461
v 0.027468 -0.000500 0.021461
v 0.026024 -0.000500 0.023963
v 0.023135 -0.000500 0.023963
v 0.015913 -0.000500 0.016457
v 0.018802 -0.000500 0.016457
v 0.017358 -0.000500 0.018959
v 0.020246 -0.000500 0.018959
v 0.014469 -0.000500 0.018959
v 0.018802 -0.000500 0.021461
v 0.021691 -0.000500 0.021461
v 0.020246 -0.000500 0.023963
v 0.017358 -0.000500 0.023963
v 0.013024 -0.000500 0.021461
v 0.015913 -0.000500 0.021461
v 0.014469 -0.000500 0.023963
v 0.011580 -0.000500 0.023963
v 0.023135 -0.000500 0.018959
v 0.021691 -0.000500 0.016457
v 0.024580 -0.000500 0.016457
v 0.010136 -0.000500 0.026465
v 0.013024 -0.000500 0.026465
v 0.011580 -0.000500 0.028966
v 0.014469 -0.000500 0.028966
v 0.008691 -0.000500 0.028966
v 0.013024 -0.000500 0.031468
v 0.015913 -0.000500 0.031468
v 0.014469 -0.000500 0.033970
v 0.017358 -0.000500 0.033970
v 0.011580 -0.000500 0.033970
v 0.007247 -0.000500 0.031468
v 0.010136 -0.000500 0.031468
v 0.008691 -0.000500 0.033970
v 0.005802 -0.000500 0.033970
v 0.020246 -0.000500 0.033970
v 0.015913 -0.000500 0.036472
v 0.004358 -0.000500 0.036472
v 0.007247 -0.000500 0.036472
v 0.005802 -0.000500 0.038973
v 0.002914 -0.000500 0.038973
v 0.000025 -0.000500 0.038973
v 0.008691 -0.000500 0.038973
v 0.010136 -0.000500 0.036472
v 0.013024 -0.000500 0.036472
v 0.018802 -0.000500 0.031468
v 0.017358 -0.000500 0.028966
v 0.020246 -0.000500 0.028966
v 0.015913 -0.000500 0.026465
v 0.021691 -0.000500 0.026465
v 0.018802 -0.000500 0.026465
v 0.027468 -0.000500 0.026465
v 0.026024 -0.000500 0.028966
v 0.024580 -0.000500 0.026465
v 0.023135 -0.000500 0.028966
v 0.021691 -0.000500 0.031468
v 0.024580 -0.000500 0.031468
v 0.034690 -0.000500 0.018959
v 0.036135 -0.000500 0.016457
v 0.033246 -0.000500 0.016457
v 0.031802 -0.000500 0.013956
v 0.034690 -0.000500 0.013956
v 0.036135 -0.000500 0.011454
v 0.030357 -0.000500 0.011454
v 0.028913 -0.000500 0.008952
v 0.031802 -0.000500 0.008952
v 0.027468 -0.000500 0.006450
v 0.033246 -0.000500 0.006450
v 0.030357 -0.000500 0.006450
v 0.039024 -0.000500 0.006450
v 0.037579 -0.000500 0.008952
v 0.036135 -0.000500 0.006450
v 0.034690 -0.000500 0.008952
v 0.033246 -0.000500 0.011454
v -0.036085 -0.000500 -0.013564
v -0.034641 -0.000500 -0.016066
v -0.033196 -0.000500 -0.018567
v -0.033196 -0.000500 -0.013564
v -0.034641 -0.000500 -0.011062
v -0.031752 -0.000500 -0.011062
v -0.037529 -0.000500 -0.011062
v -0.033196 -0.000500 -0.008560
v -0.030307 -0.000500 -0.008560
v -0.031752 -0.000500 -0.006058
v -0.028863 -0.000500 -0.006058
v -0.034641 -0.000500 -0.006058
v -0.036085 -0.000500 -0.008560
v -0.037529 -0.000500 -0.006058
v -0.038974 -0.000500 -0.008560
v -0.030307 -0.000500 -0.003557
v -0.027419 -0.000500 -0.003557
v -0.028863 -0.000500 -0.001055
v -0.025974 -0.000500 -0.001055
v -0.031752 -0.000500 -0.001055
v -0.027419 -0.000500 0.001447
v -0.024530 -0.000500 0.001447
v -0.025974 -0.000500 0.003949
v -0.023085 -0.000500 0.003949
v -0.028863 -0.000500 0.003949
v -0.033196 -0.000500 0.001447
v -0.030307 -0.000500 0.001447
v -0.031752 -0.000500 0.003949
v -0.034641 -0.000500 0.003949
v -0.038974 -0.000500 -0.003557
v -0.037529 -0.000500 -0.001055
v -0.038974 -0.000500 0.001447
v -0.036085 -0.000500 0.001447
v -0.037529 -0.000500 0.003949
v -0.034641 -0.000500 -0.001055
v -0.036085 -0.000500 -0.003557
v -0.033196 -0.000500 -0.003557
v -0.024530 -0.000500 0.006450
v -0.021641 -0.000500 0.006450
v -0.023085 -0.000500 0.008952
v -0.020197 -0.000500 0.008952
v -0.025974 -0.000500 0.008952
v -0.021641 -0.000500 0.011454
v -0.018752 -0.000500 0.011454
v -0.020197 -0.000500 0.013956
v -0.017308 -0.000500 0.013956
v -0.023085 -0.000500 0.013956
v -0.027419 -0.000500 0.011454
v -0.024530 -0.000500 0.011454
v -0.025974 -0.000500 0.013956
v -0.028863 -0.000500 0.013956
v -0.018752 -0.000500 0.016457
v -0.015863 -0.000500 0.016457
v -0.017308 -0.000500 0.018959
v -0.014419 -0.000500 0.018959
v -0.020197 -0.000500 0.018959
v -0.015863 -0.000500 0.021461
v -0.012975 -0.000500 0.021461
v -0.014419 -0.000500 0.023963
v -0.011530 -0.000500 0.023963
v -0.017308 -0.000500 0.023963
v -0.021641 -0.000500 0.021461
v -0.018752 -0.000500 0.021461
v -0.020197 -0.000500 0.023963
v -0.023085 -0.000500 0.023963
v -0.030307 -0.000500 0.016457
v -0.027419 -0.000500 0.016457
v -0.028863 -0.000500 0.018959
v -0.025974 -0.000500 0.018959
v -0.031752 -0.000500 0.018959
v -0.027419 -0.000500 0.021461
v -0.024530 -0.000500 0.021461
v -0.025974 -0.000500 0.023963
v -0.028863 -0.000500 0.023963
v -0.033196 -0.000500 0.021461
v -0.030307 -0.000500 0.021461
v -0.031752 -0.000500 0.023963
v -0.023085 -0.000500 0.018959
v -0.024530 -0.000500 0.016457
v -0.021641 -0.000500 0.016457
v -0.012975 -0.000500 0.026465
v -0.010086 -0.000500 0.026465
v -0.011530 -0.000500 0.028966
v -0.008642 -0.000500 0.028966
v -0.014419 -0.000500 0.028966
v -0.010086 -0.000500 0.031468
v -0.007197 -0.000500 0.031468
v -0.008642 -0.000500 0.033970
v -0.005753 -0.000500 0.033970
v -0.011530 -0.000500 0.033970
v -0.015863 -0.000500 0.031468
v -0.012975 -0.000500 0.031468
v -0.014419 -0.000500 0.033970
v -0.017308 -0.000500 0.033970
v -0.007197 -0.000500 0.036472
v -0.004308 -0.000500 0.036472
v -0.005753 -0.000500 0.038973
v -0.002864 -0.000500 0.038973
v -0.008642 -0.000500 0.038973
v -0.015863 -0.000500 0.036472
v -0.012975 -0.000500 0.036472
v -0.010086 -0.000500 0.036472
v -0.020197 -0.000500 0.033970
v -0.024530 -0.000500 0.026465
v -0.025974 -0.000500 0.028966
v -0.027419 -0.000500 0.026465
v -0.018752 -0.000500 0.031468
v -0.017308 -0.000500 0.028966
v -0.020197 -0.000500 0.028966
v -0.018752 -0.000500 0.026465
v -0.021641 -0.000500 0.026465
v -0.015863 -0.000500 0.026465
v -0.023085 -0.000500 0.028966
v -0.021641 -0.000500 0.031468
v -0.024530 -0.000500 0.031468
v -0.034641 -0.000500 0.018959
v -0.036085 -0.000500 0.016457
v -0.033196 -0.000500 0.016457
v -0.031752 -0.000500 0.013956
v -0.034641 -0.000500 0.013956
v -0.036085 -0.000500 0.011454
v -0.036085 -0.000500 0.006450
v -0.037529 -0.000500 0.008952
v -0.038974 -0.000500 0.006450
v -0.030307 -0.000500 0.011454
v -0.028863 -0.000500 0.008952
v -0.031752 -0.000500 0.008952
v -0.030307 -0.000500 0.006450
v -0.033196 -0.000500 0.006450
v -0.027419 -0.000500 0.006450
v -0.034641 -0.000500 0.008952
v -0.033196 -0.000500 0.011454
v -0.001420 -0.000500 0.036472
v -0.002864 -0.000500 0.033970
v 0.000025 -0.000500 0.033970
v 0.001469 -0.000500 0.036472
v 0.002914 -0.000500 0.033970
v -0.004308 -0.000500 0.031468
v -0.005753 -0.000500 0.028966
v -0.002864 -0.000500 0.028966
v -0.007197 -0.000500 0.026465
v -0.008642 -0.000500 0.023963
v -0.005753 -0.000500 0.023963
v -0.001420 -0.000500 0.026465
v -0.004308 -0.000500 0.026465
v -0.002864 -0.000500 0.023963
v 0.000025 -0.000500 0.023963
v 0.004358 -0.000500 0.031468
v 0.005802 -0.000500 0.028966
v 0.002914 -0.000500 0.028966
v 0.004358 -0.000500 0.026465
v 0.001469 -0.000500 0.026465
v 0.002914 -0.000500 0.023963
v 0.005802 -0.000500 0.023963
v 0.007247 -0.000500 0.026465
v 0.008691 -0.000500 0.023963
v 0.000025 -0.000500 0.028966
v 0.001469 -0.000500 0.031468
v -0.001420 -0.000500 0.031468
v -0.010086 -0.000500 0.021461
v -0.011530 -0.000500 0.018959
v -0.008642 -0.000500 0.018959
v -0.012975 -0.000500 0.016457
v -0.014419 -0.000500 0.013956
v -0.011530 -0.000500 0.013956
v -0.007197 -0.000500 0.016457
v -0.010086 -0.000500 0.016457
v -0.008642 -0.000500 0.013956
v -0.005753 -0.000500 0.013956
v -0.015863 -0.000500 0.011454
v -0.017308 -0.000500 0.008952
v -0.014419 -0.000500 0.008952
v -0.018752 -0.000500 0.006450
v -0.020197 -0.000500 0.003949
v -0.017308 -0.000500 0.003949
v -0.012975 -0.000500 0.006450
v -0.015863 -0.000500 0.006450
v -0.014419 -0.000500 0.003949
v -0.011530 -0.000500 0.003949
v -0.004308 -0.000500 0.011454
v -0.007197 -0.000500 0.011454
v -0.005753 -0.000500 0.008952
v -0.008642 -0.000500 0.008952
v -0.002864 -0.000500 0.008952
v -0.007197 -0.000500 0.006450
v -0.010086 -0.000500 0.006450
v -0.008642 -0.000500 0.003949
v -0.005753 -0.000500 0.003949
v -0.001420 -0.000500 0.006450
v -0.004308 -0.000500 0.006450
v -0.002864 -0.000500 0.003949
v 0.000025 -0.000500 0.003949
v -0.011530 -0.000500 0.008952
v -0.010086 -0.000500 0.011454
v -0.012975 -0.000500 0.011454
v 0.010136 -0.000500 0.021461
v 0.011580 -0.000500 0.018959
v 0.008691 -0.000500 0.018959
v 0.010136 -0.000500 0.016457
v 0.007247 -0.000500 0.016457
v 0.008691 -0.000500 0.013956
v 0.005802 -0.000500 0.013956
v 0.011580 -0.000500 0.013956
v 0.013024 -0.000500 0.016457
v 0.014469 -0.000500 0.013956
v 0.007247 -0.000500 0.011454
v 0.004358 -0.000500 0.011454
v 0.005802 -0.000500 0.008952
v 0.002914 -0.000500 0.008952
v 0.008691 -0.000500 0.008952
v 0.004358 -0.000500 0.006450
v 0.001469 -0.000500 0.006450
v 0.002914 -0.000500 0.003949
v 0.005802 -0.000500 0.003949
v 0.010136 -0.000500 0.006450
v 0.007247 -0.000500 0.006450
v 0.008691 -0.000500 0.003949
v 0.011580 -0.000500 0.003949
v 0.015913 -0.000500 0.011454
v 0.017358 -0.000500 0.008952
v 0.014469 -0.000500 0.008952
v 0.015913 -0.000500 0.006450
v 0.013024 -0.000500 0.006450
v 0.014469 -0.000500 0.003949
v 0.017358 -0.000500 0.003949
v 0.018802 -0.000500 0.006450
v 0.020246 -0.000500 0.003949
v 0.011580 -0.000500 0.008952
v 0.013024 -0.000500 0.011454
v 0.010136 -0.000500 0.011454
v 0.000025 -0.000500 0.008952
v 0.001469 -0.000500 0.011454
v 0.002914 -0.000500 0.013956
v 0.000025 -0.000500 0.013956
v -0.001420 -0.000500 0.011454
v -0.002864 -0.000500 0.013956
v 0.004358 -0.000500 0.016457
v 0.005802 -0.000500 0.018959
v 0.002914 -0.000500 0.018959
v 0.007247 -0.000500 0.021461
v 0.001469 -0.000500 0.021461
v 0.004358 -0.000500 0.021461
v -0.004308 -0.000500 0.016457
v -0.005753 -0.000500 0.018959
v -0.002864 -0.000500 0.018959
v -0.004308 -0.000500 0.021461
v -0.001420 -0.000500 0.021461
v -0.007197 -0.000500 0.021461
v 0.000025 -0.000500 0.018959
v -0.001420 -0.000500 0.016457
v 0.001469 -0.000500 0.016457
v -0.021641 -0.000500 0.001447
v -0.023085 -0.000500 -0.001055
v -0.020197 -0.000500 -0.001055
v -0.024530 -0.000500 -0.003557
v -0.025974 -0.000500 -0.006058
v -0.023085 -0.000500 -0.006058
v -0.018752 -0.000500 -0.003557
v -0.021641 -0.000500 -0.003557
v -0.020197 -0.000500 -0.006058
v -0.017308 -0.000500 -0.006058
v -0.027419 -0.000500 -0.008560
v -0.028863 -0.000500 -0.011062
v -0.025974 -0.000500 -0.011062
v -0.030307 -0.000500 -0.013564
v -0.031752 -0.000500 -0.016066
v -0.028863 -0.000500 -0.016066
v -0.024530 -0.000500 -0.013564
v -0.027419 -0.000500 -0.013564
v -0.025974 -0.000500 -0.016066
v -0.023085 -0.000500 -0.016066
v -0.015863 -0.000500 -0.008560
v -0.018752 -0.000500 -0.008560
v -0.017308 -0.000500 -0.011062
v -0.020197 -0.000500 -0.011062
v -0.014419 -0.000500 -0.011062
v -0.018752 -0.000500 -0.013564
v -0.021641 -0.000500 -0.013564
v -0.020197 -0.000500 -0.016066
v -0.017308 -0.000500 -0.016066
v -0.012975 -0.000500 -0.013564
v -0.015863 -0.000500 -0.013564
v -0.014419 -0.000500 -0.016066
v -0.011530 -0.000500 -0.016066
v -0.023085 -0.000500 -0.011062
v -0.021641 -0.000500 -0.008560
v -0.024530 -0.000500 -0.008560
v -0.031752 -0.000500 -0.021069
v -0.030307 -0.000500 -0.023571
v -0.028863 -0.000500 -0.026073
v -0.027419 -0.000500 -0.028574
v -0.010086 -0.000500 -0.018567
v -0.012975 -0.000500 -0.018567
v -0.011530 -0.000500 -0.021069
v -0.014419 -0.000500 -0.021069
v -0.008642 -0.000500 -0.021069
v -0.012975 -0.000500 -0.023571
v -0.015863 -0.000500 -0.023571
v -0.014419 -0.000500 -0.026073
v -0.017308 -0.000500 -0.026073
v -0.011530 -0.000500 -0.026073
v -0.007197 -0.000500 -0.023571
v -0.010086 -0.000500 -0.023571
v -0.008642 -0.000500 -0.026073
v -0.005753 -0.000500 -0.026073
v -0.015863 -0.000500 -0.028574
v -0.018752 -0.000500 -0.028574
v -0.017308 -0.000500 -0.031076
v -0.020197 -0.000500 -0.031076
v -0.014419 -0.000500 -0.031076
v -0.012975 -0.000500 -0.033578
v -0.004308 -0.000500 -0.028574
v -0.007197 -0.000500 -0.028574
v -0.005753 -0.000500 -0.031076
v -0.008642 -0.000500 -0.031076
v -0.002864 -0.000500 -0.031076
v -0.007197 -0.000500 -0.033578
v -0.010086 -0.000500 -0.033578
v -0.001420 -0.000500 -0.033578
v -0.004308 -0.000500 -0.033578
v -0.011530 -0.000500 -0.031076
v -0.010086 -0.000500 -0.028574
v -0.012975 -0.000500 -0.028574
v -0.023085 -0.000500 -0.031076
v -0.024530 -0.000500 -0.028574
v -0.021641 -0.000500 -0.028574
v -0.020197 -0.000500 -0.026073
v -0.023085 -0.000500 -0.026073
v -0.025974 -0.000500 -0.026073
v -0.018752 -0.000500 -0.023571
v -0.017308 -0.000500 -0.021069
v -0.020197 -0.000500 -0.021069
v -0.015863 -0.000500 -0.018567
v -0.021641 -0.000500 -0.018567
v -0.018752 -0.000500 -0.018567
v -0.027419 -0.000500 -0.023571
v -0.028863 -0.000500 -0.021069
v -0.025974 -0.000500 -0.021069
v -0.027419 -0.000500 -0.018567
v -0.024530 -0.000500 -0.018567
v -0.030307 -0.000500 -0.018567
v -0.023085 -0.000500 -0.021069
v -0.024530 -0.000500 -0.023571
v -0.021641 -0.000500 -0.023571
v 0.021691 -0.000500 0.001447
v 0.023135 -0.000500 -0.001055
v 0.020246 -0.000500 -0.001055
v 0.021691 -0.000500 -0.003557
v 0.018802 -0.000500 -0.003557
v 0.020246 -0.000500 -0.006058
v 0.017358 -0.000500 -0.006058
v 0.023135 -0.000500 -0.006058
v 0.024580 -0.000500 -0.003557
v 0.026024 -0.000500 -0.006058
v 0.018802 -0.000500 -0.008560
v 0.015913 -0.000500 -0.008560
v 0.017358 -0.000500 -0.011062
v 0.014469 -0.000500 -0.011062
v 0.020246 -0.000500 -0.011062
v 0.015913 -0.000500 -0.013564
v 0.013024 -0.000500 -0.013564
v 0.014469 -0.000500 -0.016066
v 0.011580 -0.000500 -0.016066
v 0.017358 -0.000500 -0.016066
v 0.021691 -0.000500 -0.013564
v 0.018802 -0.000500 -0.013564
v 0.020246 -0.000500 -0.016066
v 0.023135 -0.000500 -0.016066
v 0.027468 -0.000500 -0.008560
v 0.028913 -0.000500 -0.011062
v 0.026024 -0.000500 -0.011062
v 0.027468 -0.000500 -0.013564
v 0.024580 -0.000500 -0.013564
v 0.026024 -0.000500 -0.016066
v 0.028913 -0.000500 -0.016066
v 0.030357 -0.000500 -0.013564
v 0.031802 -0.000500 -0.016066
v 0.023135 -0.000500 -0.011062
v 0.024580 -0.000500 -0.008560
v 0.021691 -0.000500 -0.008560
v 0.013024 -0.000500 -0.018567
v 0.010136 -0.000500 -0.018567
v 0.011580 -0.000500 -0.021069
v 0.008691 -0.000500 -0.021069
v 0.014469 -0.000500 -0.021069
v 0.010136 -0.000500 -0.023571
v 0.007247 -0.000500 -0.023571
v 0.008691 -0.000500 -0.026073
v 0.005802 -0.000500 -0.026073
v 0.011580 -0.000500 -0.026073
v 0.015913 -0.000500 -0.023571
v 0.013024 -0.000500 -0.023571
v 0.014469 -0.000500 -0.026073
v 0.017358 -0.000500 -0.026073
v 0.007247 -0.000500 -0.028574
v 0.004358 -0.000500 -0.028574
v 0.005802 -0.000500 -0.031076
v 0.002914 -0.000500 -0.031076
v 0.008691 -0.000500 -0.031076
v 0.004358 -0.000500 -0.033578
v 0.001469 -0.000500 -0.033578
v 0.010136 -0.000500 -0.033578
v 0.007247 -0.000500 -0.033578
v 0.018802 -0.000500 -0.028574
v 0.015913 -0.000500 -0.028574
v 0.017358 -0.000500 -0.031076
v 0.014469 -0.000500 -0.031076
v 0.020246 -0.000500 -0.031076
v 0.015913 -0.000500 -0.033578
v 0.013024 -0.000500 -0.033578
v 0.021691 -0.000500 -0.033578
v 0.018802 -0.000500 -0.033578
v 0.011580 -0.000500 -0.031076
v 0.013024 -0.000500 -0.028574
v 0.010136 -0.000500 -0.028574
v 0.031802 -0.000500 -0.021069
v 0.030357 -0.000500 -0.023571
v 0.033246 -0.000500 -0.018567
v 0.028913 -0.000500 -0.026073
v 0.027468 -0.000500 -0.028574
v 0.024580 -0.000500 -0.028574
v 0.023135 -0.000500 -0.031076
v 0.026024 -0.000500 -0.026073
v 0.023135 -0.000500 -0.026073
v 0.021691 -0.000500 -0.028574
v 0.020246 -0.000500 -0.026073
v 0.027468 -0.000500 -0.023571
v 0.028913 -0.000500 -0.021069
v 0.026024 -0.000500 -0.021069
v 0.030357 -0.000500 -0.018567
v 0.024580 -0.000500 -0.018567
v 0.027468 -0.000500 -0.018567
v 0.018802 -0.000500 -0.023571
v 0.017358 -0.000500 -0.021069
v 0.020246 -0.000500 -0.021069
v 0.018802 -0.000500 -0.018567
v 0.021691 -0.000500 -0.018567
v 0.015913 -0.000500 -0.018567
v 0.023135 -0.000500 -0.021069
v 0.021691 -0.000500 -0.023571
v 0.024580 -0.000500 -0.023571
v 0.000025 -0.000500 -0.031076
v 0.001469 -0.000500 -0.028574
v 0.002914 -0.000500 -0.026073
v 0.000025 -0.000500 -0.026073
v -0.001420 -0.000500 -0.028574
v -0.002864 -0.000500 -0.026073
v 0.004358 -0.000500 -0.023571
v 0.005802 -0.000500 -0.021069
v 0.002914 -0.000500 -0.021069
v 0.007247 -0.000500 -0.018567
v 0.008691 -0.000500 -0.016066
v 0.005802 -0.000500 -0.016066
v 0.001469 -0.000500 -0.018567
v 0.004358 -0.000500 -0.018567
v 0.002914 -0.000500 -0.016066
v 0.000025 -0.000500 -0.016066
v -0.004308 -0.000500 -0.023571
v -0.005753 -0.000500 -0.021069
v -0.002864 -0.000500 -0.021069
v -0.004308 -0.000500 -0.018567
v -0.001420 -0.000500 -0.018567
v -0.002864 -0.000500 -0.016066
v -0.005753 -0.000500 -0.016066
v -0.007197 -0.000500 -0.018567
v -0.008642 -0.000500 -0.016066
v 0.000025 -0.000500 -0.021069
v -0.001420 -0.000500 -0.023571
v 0.001469 -0.000500 -0.023571
v 0.010136 -0.000500 -0.013564
v 0.011580 -0.000500 -0.011062
v 0.008691 -0.000500 -0.011062
v 0.013024 -0.000500 -0.008560
v 0.014469 -0.000500 -0.006058
v 0.011580 -0.000500 -0.006058
v 0.007247 -0.000500 -0.008560
v 0.010136 -0.000500 -0.008560
v 0.008691 -0.000500 -0.006058
v 0.005802 -0.000500 -0.006058
v 0.015913 -0.000500 -0.003557
v 0.017358 -0.000500 -0.001055
v 0.014469 -0.000500 -0.001055
v 0.018802 -0.000500 0.001447
v 0.013024 -0.000500 0.001447
v 0.015913 -0.000500 0.001447
v 0.004358 -0.000500 -0.003557
v 0.007247 -0.000500 -0.003557
v 0.005802 -0.000500 -0.001055
v 0.008691 -0.000500 -0.001055
v 0.002914 -0.000500 -0.001055
v 0.007247 -0.000500 0.001447
v 0.010136 -0.000500 0.001447
v 0.001469 -0.000500 0.001447
v 0.004358 -0.000500 0.001447
v 0.011580 -0.000500 -0.001055
v 0.010136 -0.000500 -0.003557
v 0.013024 -0.000500 -0.003557
v -0.010086 -0.000500 -0.013564
v -0.011530 -0.000500 -0.011062
v -0.008642 -0.000500 -0.011062
v -0.010086 -0.000500 -0.008560
v -0.007197 -0.000500 -0.008560
v -0.008642 -0.000500 -0.006058
v -0.005753 -0.000500 -0.006058
v -0.011530 -0.000500 -0.006058
v -0.012975 -0.000500 -0.008560
v -0.014419 -0.000500 -0.006058
v -0.007197 -0.000500 -0.003557
v -0.004308 -0.000500 -0.003557
v -0.005753 -0.000500 -0.001055
v -0.002864 -0.000500 -0.001055
v -0.008642 -0.000500 -0.001055
v -0.004308 -0.000500 0.001447
v -0.001420 -0.000500 0.001447
v -0.010086 -0.000500 0.001447
v -0.007197 -0.000500 0.001447
v -0.015863 -0.000500 -0.003557
v -0.017308 -0.000500 -0.001055
v -0.014419 -0.000500 -0.001055
v -0.015863 -0.000500 0.001447
v -0.012975 -0.000500 0.001447
v -0.018752 -0.000500 0.001447
v -0.011530 -0.000500 -0.001055
v -0.012975 -0.000500 -0.003557
v -0.010086 -0.000500 -0.003557
v 0.000025 -0.000500 -0.001055
v -0.001420 -0.000500 -0.003557
v -0.002864 -0.000500 -0.006058
v 0.000025 -0.000500 -0.006058
v 0.001469 -0.000500 -0.003557
v 0.002914 -0.000500 -0.006058
v -0.004308 -0.000500 -0.008560
v -0.005753 -0.000500 -0.011062
v -0.002864 -0.000500 -0.011062
v -0.007197 -0.000500 -0.013564
v -0.001420 -0.000500 -0.013564
v -0.004308 -0.000500 -0.013564
v 0.004358 -0.000500 -0.008560
v 0.005802 -0.000500 -0.011062
v 0.002914 -0.000500 -0.011062
v 0.004358 -0.000500 -0.013564
v 0.001469 -0.000500 -0.013564
v 0.007247 -0.000500 -0.013564
v 0.000025 -0.000500 -0.011062
v 0.001469 -0.000500 -0.008560
v -0.001420 -0.000500 -0.008560
v 0.014469 0.000000 -0.036080
v 0.011580 0.000000 -0.036080
v 0.008691 0.000000 -0.036080
v 0.010136 0.000000 -0.038581
v 0.005802 0.000000 -0.036080
v 0.007247 0.000000 -0.038581
v 0.002914 0.000000 -0.036080
v 0.004358 0.000000 -0.038581
v 0.001469 0.000000 -0.038581
v 0.000025 0.000000 -0.036080
v -0.004308 0.000000 -0.038581
v -0.002864 0.000000 -0.036080
v -0.001420 0.000000 -0.038581
v -0.005753 0.000000 -0.036080
v -0.008642 0.000000 -0.036080
v -0.007197 0.000000 -0.038581
v -0.010086 0.000000 -0.038581
v -0.011530 0.000000 -0.036080
v -0.014419 0.000000 -0.036080
v -0.018752 0.000000 -0.033578
v -0.015863 0.000000 -0.033578
v 0.034690 0.000000 -0.016066
v 0.033246 0.000000 -0.013564
v 0.036135 0.000000 -0.013564
v 0.034690 0.000000 -0.011062
v 0.037579 0.000000 -0.011062
v 0.031802 0.000000 -0.011062
v 0.036135 0.000000 -0.008560
v 0.039024 0.000000 -0.008560
v 0.034690 0.000000 -0.006058
v 0.037579 0.000000 -0.006058
v 0.030357 0.000000 -0.008560
v 0.033246 0.000000 -0.008560
v 0.031802 0.000000 -0.006058
v 0.028913 0.000000 -0.006058
v 0.039024 0.000000 -0.003557
v 0.037579 0.000000 -0.001055
v 0.036135 0.000000 0.001447
v 0.039024 0.000000 0.001447
v 0.037579 0.000000 0.003949
v 0.034690 0.000000 0.003949
v 0.027468 0.000000 -0.003557
v 0.030357 0.000000 -0.003557
v 0.028913 0.000000 -0.001055
v 0.031802 0.000000 -0.001055
v 0.026024 0.000000 -0.001055
v 0.030357 0.000000 0.001447
v 0.033246 0.000000 0.001447
v 0.031802 0.000000 0.003949
v 0.028913 0.000000 0.003949
v 0.024580 0.000000 0.001447
v 0.027468 0.000000 0.001447
v 0.026024 0.000000 0.003949
v 0.023135 0.000000 0.003949
v 0.034690 0.000000 -0.001055
v 0.033246 0.000000 -0.003557
v 0.036135 0.000000 -0.003557
v 0.021691 0.000000 0.006450
v 0.024580 0.000000 0.006450
v 0.023135 0.000000 0.008952
v 0.026024 0.000000 0.008952
v 0.020246 0.000000 0.008952
v 0.024580 0.000000 0.011454
v 0.027468 0.000000 0.011454
v 0.026024 0.000000 0.013956
v 0.028913 0.000000 0.013956
v 0.023135 0.000000 0.013956
v 0.018802 0.000000 0.011454
v 0.021691 0.000000 0.011454
v 0.020246 0.000000 0.013956
v 0.017358 0.000000 0.013956
v 0.027468 0.000000 0.016457
v 0.030357 0.000000 0.016457
v 0.028913 0.000000 0.018959
v 0.031802 0.000000 0.018959
v 0.026024 0.000000 0.018959
v 0.030357 0.000000 0.021461
v 0.033246 0.000000 0.021461
v 0.028913 0.000000 0.023963
v 0.031802 0.000000 0.023963
v 0.024580 0.000000 0.021461
v 0.027468 0.000000 0.021461
v 0.026024 0.000000 0.023963
v 0.023135 0.000000 0.023963
v 0.015913 0.000000 0.016457
v 0.018802 0.000000 0.016457
v 0.017358 0.000000 0.018959
v 0.020246 0.000000 0.018959
v 0.014469 0.000000 0.018959
v 0.018802 0.000000 0.021461
v 0.021691 0.000000 0.021461
v 0.020246 0.000000 0.023963
v 0.017358 0.000000 0.023963
v 0.013024 0.000000 0.021461
v 0.015913 0.000000 0.021461
v 0.014469 0.000000 0.023963
v 0.011580 0.000000 0.023963
v 0.023135 0.000000 0.018959
v 0.021691 0.000000 0.016457
v 0.024580 0.000000 0.016457
v 0.010136 0.000000 0.026465
v 0.013024 0.000000 0.026465
v 0.011580 0.000000 0.028966
v 0.014469 0.000000 0.028966
v 0.008691 0.000000 0.028966
v 0.013024 0.000000 0.031468
v 0.015913 0.000000 0.031468
v 0.014469 0.000000 0.033970
v 0.017358 0.000000 0.033970
v 0.011580 0.000000 0.033970
v 0.007247 0.000000 0.031468
v 0.010136 0.000000 0.031468
v 0.008691 0.000000 0.033970
v 0.005802 0.000000 0.033970
v 0.020246 0.000000 0.033970
v 0.015913 0.000000 0.036472
v 0.004358 0.000000 0.036472
v 0.007247 0.000000 0.036472
v 0.005802 0.000000 0.038973
v 0.002914 0.000000 0.038973
v 0.000025 0.000000 0.038973
v 0.008691 0.000000 0.038973
v 0.010136 0.000000 0.036472
v 0.013024 0.000000 0.036472
v 0.018802 0.000000 0.031468
v 0.017358 0.000000 0.028966
v 0.020246 0.000000 0.028966
v 0.015913 0.000000 0.026465
v 0.021691 0.000000 0.026465
v 0.018802 0.000000 0.026465
v 0.027468 0.000000 0.026465
v 0.024580 0.000000 0.026465
v 0.026024 0.000000 0.028966
v 0.023135 0.000000 0.028966
v 0.021691 0.000000 0.031468
v 0.024580 0.000000 0.031468
v 0.034690 0.000000 0.018959
v 0.036135 0.000000 0.016457
v 0.033246 0.000000 0.016457
v 0.031802 0.000000 0.013956
v 0.034690 0.000000 0.013956
v 0.036135 0.000000 0.011454
v 0.030357 0.000000 0.011454
v 0.028913 0.000000 0.008952
v 0.031802 0.000000 0.008952
v 0.027468 0.000000 0.006450
v 0.033246 0.000000 0.006450
v 0.030357 0.000000 0.006450
v 0.039024 0.000000 0.006450
v 0.036135 0.000000 0.006450
v 0.037579 0.000000 0.008952
v 0.034690 0.000000 0.008952
v 0.033246 0.000000 0.011454
v -0.036085 0.000000 -0.013564
v -0.034641 0.000000 -0.016066
v -0.033196 0.000000 -0.018567
v -0.033196 0.000000 -0.013564
v -0.034641 0.000000 -0.011062
v -0.031752 0.000000 -0.011062
v -0.037529 0.000000 -0.011062
v -0.033196 0.000000 -0.008560
v -0.030307 0.000000 -0.008560
v -0.031752 0.000000 -0.006058
v -0.028863 0.000000 -0.006058
v -0.034641 0.000000 -0.006058
v -0.036085 0.000000 -0.008560
v -0.037529 0.000000 -0.006058
v -0.038974 0.000000 -0.008560
v -0.030307 0.000000 -0.003557
v -0.027419 0.000000 -0.003557
v -0.028863 0.000000 -0.001055
v -0.025974 0.000000 -0.001055
v -0.031752 0.000000 -0.001055
v -0.027419 0.000000 0.001447
v -0.024530 0.000000 0.001447
v -0.025974 0.000000 0.003949
v -0.023085 0.000000 0.003949
v -0.028863 0.000000 0.003949
v -0.033196 0.000000 0.001447
v -0.030307 0.000000 0.001447
v -0.031752 0.000000 0.003949
v -0.034641 0.000000 0.003949
v -0.038974 0.000000 -0.003557
v -0.037529 0.000000 -0.001055
v -0.038974 0.000000 0.001447
v -0.036085 0.000000 0.001447
v -0.037529 0.000000 0.003949
v -0.034641 0.000000 -0.001055
v -0.036085 0.000000 -0.003557
v -0.033196 0.000000 -0.003557
v -0.024530 0.000000 0.006450
v -0.021641 0.000000 0.006450
v -0.023085 0.000000 0.008952
v -0.020197 0.000000 0.008952
v -0.025974 0.000000 0.008952
v -0.021641 0.000000 0.011454
v -0.018752 0.000000 0.011454
v -0.020197 0.000000 0.013956
v -0.017308 0.000000 0.013956
v -0.023085 0.000000 0.013956
v -0.027419 0.000000 0.011454
v -0.024530 0.000000 0.011454
v -0.025974 0.000000 0.013956
v -0.028863 0.000000 0.013956
v -0.018752 0.000000 0.016457
v -0.015863 0.000000 0.016457
v -0.017308 0.000000 0.018959
v -0.014419 0.000000 0.018959
v -0.020197 0.000000 0.018959
v -0.015863 0.000000 0.021461
v -0.012975 0.000000 0.021461
v -0.014419 0.000000 0.023963
v -0.011530 0.000000 0.023963
v -0.017308 0.000000 0.023963
v -0.021641 0.000000 0.021461
v -0.018752 0.000000 0.021461
v -0.020197 0.000000 0.023963
v -0.023085 0.000000 0.023963
v -0.030307 0.000000 0.016457
v -0.027419 0.000000 0.016457
v -0.028863 0.000000 0.018959
v -0.025974 0.000000 0.018959
v -0.031752 0.000000 0.018959
v -0.027419 0.000000 0.021461
v -0.024530 0.000000 0.021461
v -0.025974 0.000000 0.023963
v -0.028863 0.000000 0.023963
v -0.033196 0.000000 0.021461
v -0.030307 0.000000 0.021461
v -0.031752 0.000000 0.023963
v -0.023085 0.000000 0.018959
v -0.024530 0.000000 0.016457
v -0.021641 0.000000 0.016457
v -0.012975 0.000000 0.026465
v -0.010086 0.000000 0.026465
v -0.011530 0.000000 0.028966
v -0.008642 0.000000 0.028966
v -0.014419 0.000000 0.028966
v -0.010086 0.000000 0.031468
v -0.007197 0.000000 0.031468
v -0.008642 0.000000 0.033970
v -0.005753 0.000000 0.033970
v -0.011530 0.000000 0.033970
v -0.015863 0.000000 0.031468
v -0.012975 0.000000 0.031468
v -0.014419 0.000000 0.033970
v -0.017308 0.000000 0.033970
v -0.007197 0.000000 0.036472
v -0.004308 0.000000 0.036472
v -0.005753 0.000000 0.038973
v -0.002864 0.000000 0.038973
v -0.008642 0.000000 0.038973
v -0.015863 0.000000 0.036472
v -0.012975 0.000000 0.036472
v -0.010086 0.000000 0.036472
v -0.020197 0.000000 0.033970
v -0.024530 0.000000 0.026465
v -0.027419 0.000000 0.026465
v -0.025974 0.000000 0.028966
v -0.018752 0.000000 0.031468
v -0.017308 0.000000 0.028966
v -0.020197 0.000000 0.028966
v -0.018752 0.000000 0.026465
v -0.021641 0.000000 0.026465
v -0.015863 0.000000 0.026465
v -0.023085 0.000000 0.028966
v -0.021641 0.000000 0.031468
v -0.024530 0.000000 0.031468
v -0.034641 0.000000 0.018959
v -0.036085 0.000000 0.016457
v -0.033196 0.000000 0.016457
v -0.031752 0.000000 0.013956
v -0.034641 0.000000 0.013956
v -0.036085 0.000000 0.011454
v -0.036085 0.000000 0.006450
v -0.038974 0.000000 0.006450
v -0.037529 0.000000 0.008952
v -0.030307 0.000000 0.011454
v -0.028863 0.000000 0.008952
v -0.031752 0.000000 0.008952
v -0.030307 0.000000 0.006450
v -0.033196 0.000000 0.006450
v -0.027419 0.000000 0.006450
v -0.034641 0.000000 0.008952
v -0.033196 0.000000 0.011454
v -0.001420 0.000000 0.036472
v -0.002864 0.000000 0.033970
v 0.000025 0.000000 0.033970
v 0.001469 0.000000 0.036472
v 0.002914 0.000000 0.033970
v -0.004308 0.000000 0.031468
v -0.005753 0.000000 0.028966
v -0.002864 0.000000 0.028966
v -0.007197 0.000000 0.026465
v -0.008642 0.000000 0.023963
v -0.005753 0.000000 0.023963
v -0.001420 0.000000 0.026465
v -0.004308 0.000000 0.026465
v -0.002864 0.000000 0.023963
v 0.000025 0.000000 0.023963
v 0.004358 0.000000 0.031468
v 0.005802 0.000000 0.028966
v 0.002914 0.000000 0.028966
v 0.004358 0.000000 0.026465
v 0.001469 0.000000 0.026465
v 0.002914 0.000000 0.023963
v 0.005802 0.000000 0.023963
v 0.007247 0.000000 0.026465
v 0.008691 0.000000 0.023963
v 0.000025 0.000000 0.028966
v 0.001469 0.000000 0.031468
v -0.001420 0.000000 0.031468
v -0.010086 0.000000 0.021461
v -0.011530 0.000000 0.018959
v -0.008642 0.000000 0.018959
v -0.012975 0.000000 0.016457
v -0.014419 0.000000 0.013956
v -0.011530 0.000000 0.013956
v -0.007197 0.000000 0.016457
v -0.010086 0.000000 0.016457
v -0.008642 0.000000 0.013956
v -0.005753 0.000000 0.013956
v -0.015863 0.000000 0.011454
v -0.017308 0.000000 0.008952
v -0.014419 0.000000 0.008952
v -0.018752 0.000000 0.006450
v -0.020197 0.000000 0.003949
v -0.017308 0.000000 0.003949
v -0.012975 0.000000 0.006450
v -0.015863 0.000000 0.006450
v -0.014419 0.000000 0.003949
v -0.011530 0.000000 0.003949
v -0.004308 0.000000 0.011454
v -0.007197 0.000000 0.011454
v -0.005753 0.000000 0.008952
v -0.008642 0.000000 0.008952
v -0.002864 0.000000 0.008952
v -0.007197 0.000000 0.006450
v -0.010086 0.000000 0.006450
v -0.008642 0.000000 0.003949
v -0.005753 0.000000 0.003949
v -0.001420 0.000000 0.006450
v -0.004308 0.000000 0.006450
v -0.002864 0.000000 0.003949
v 0.000025 0.000000 0.003949
v -0.011530 0.000000 0.008952
v -0.010086 0.000000 0.011454
v -0.012975 0.000000 0.011454
v 0.010136 0.000000 0.021461
v 0.011580 0.000000 0.018959
v 0.008691 0.000000 0.018959
v 0.010136 0.000000 0.016457
v 0.007247 0.000000 0.016457
v 0.008691 0.000000 0.013956
v 0.005802 0.000000 0.013956
v 0.011580 0.000000 0.013956
v 0.013024 0.000000 0.016457
v 0.014469 0.000000 0.013956
v 0.007247 0.000000 0.011454
v 0.004358 0.000000 0.011454
v 0.005802 0.000000 0.008952
v 0.002914 0.000000 0.008952
v 0.008691 0.000000 0.008952
v 0.004358 0.000000 0.006450
v 0.001469 0.000000 0.006450
v 0.002914 0.000000 0.003949
v 0.005802 0.000000 0.003949
v 0.010136 0.000000 0.006450
v 0.007247 0.000000 0.006450
v 0.008691 0.000000 0.003949
v 0.011580 0.000000 0.003949
v 0.015913 0.000000 0.011454
v 0.017358 0.000000 0.008952
v 0.014469 0.000000 0.008952
v 0.015913 0.000000 0.006450
v 0.013024 0.000000 0.006450
v 0.014469 0.000000 0.003949
v 0.017358 0.000000 0.003949
v 0.018802 0.000000 0.006450
v 0.020246 0.000000 0.003949
v 0.011580 0.000000 0.008952
v 0.013024 0.000000 0.011454
v 0.010136 0.000000 0.011454
v 0.000025 0.000000 0.008952
v 0.001469 0.000000 0.011454
v 0.002914 0.000000 0.013956
v 0.000025 0.000000 0.013956
v -0.001420 0.000000 0.011454
v -0.002864 0.000000 0.013956
v 0.004358 0.000000 0.016457
v 0.005802 0.000000 0.018959
v 0.002914 0.000000 0.018959
v 0.007247 0.000000 0.021461
v 0.001469 0.000000 0.021461
v 0.004358 0.000000 0.021461
v -0.004308 0.000000 0.016457
v -0.005753 0.000000 0.018959
v -0.002864 0.000000 0.018959
v -0.004308 0.000000 0.021461
v -0.001420 0.000000 0.021461
v -0.007197 0.000000 0.021461
v 0.000025 0.000000 0.018959
v -0.001420 0.000000 0.016457
v 0.001469 0.000000 0.016457
v -0.021641 0.000000 0.001447
v -0.023085 0.000000 -0.001055
v -0.020197 0.000000 -0.001055
v -0.024530 0.000000 -0.003557
v -0.025974 0.000000 -0.006058
v -0.023085 0.000000 -0.006058
v -0.018752 0.000000 -0.003557
v -0.021641 0.000000 -0.003557
v -0.020197 0.000000 -0.006058
v -0.017308 0.000000 -0.006058
v -0.027419 0.000000 -0.008560
v -0.028863 0.000000 -0.011062
v -0.025974 0.000000 -0.011062
v -0.030307 0.000000 -0.013564
v -0.031752 0.000000 -0.016066
v -0.028863 0.000000 -0.016066
v -0.024530 0.000000 -0.013564
v -0.027419 0.000000 -0.013564
v -0.025974 0.000000 -0.016066
v -0.023085 0.000000 -0.016066
v -0.015863 0.000000 -0.008560
v -0.018752 0.000000 -0.008560
v -0.017308 0.000000 -0.011062
v -0.020197 0.000000 -0.011062
v -0.014419 0.000000 -0.011062
v -0.018752 0.000000 -0.013564
v -0.021641 0.000000 -0.013564
v -0.020197 0.000000 -0.016066
v -0.017308 0.000000 -0.016066
v -0.012975 0.000000 -0.013564
v -0.015863 0.000000 -0.013564
v -0.014419 0.000000 -0.016066
v -0.011530 0.000000 -0.016066
v -0.023085 0.000000 -0.011062
v -0.021641 0.000000 -0.008560
v -0.024530 0.000000 -0.008560
v -0.031752 0.000000 -0.021069
v -0.030307 0.000000 -0.023571
v -0.028863 0.000000 -0.026073
v -0.027419 0.000000 -0.028574
v -0.010086 0.000000 -0.018567
v -0.012975 0.000000 -0.018567
v -0.011530 0.000000 -0.021069
v -0.014419 0.000000 -0.021069
v -0.008642 0.000000 -0.021069
v -0.012975 0.000000 -0.023571
v -0.015863 0.000000 -0.023571
v -0.014419 0.000000 -0.026073
v -0.017308 0.000000 -0.026073
v -0.011530 0.000000 -0.026073
v -0.007197 0.000000 -0.023571
v -0.010086 0.000000 -0.023571
v -0.008642 0.000000 -0.026073
v -0.005753 0.000000 -0.026073
v -0.015863 0.000000 -0.028574
v -0.018752 0.000000 -0.028574
v -0.017308 0.000000 -0.031076
v -0.020197 0.000000 -0.031076
v -0.014419 0.000000 -0.031076
v -0.012975 0.000000 -0.033578
v -0.004308 0.000000 -0.028574
v -0.007197 0.000000 -0.028574
v -0.005753 0.000000 -0.031076
v -0.008642 0.000000 -0.031076
v -0.002864 0.000000 -0.031076
v -0.007197 0.000000 -0.033578
v -0.010086 0.000000 -0.033578
v -0.001420 0.000000 -0.033578
v -0.004308 0.000000 -0.033578
v -0.011530 0.000000 -0.031076
v -0.010086 0.000000 -0.028574
v -0.012975 0.000000 -0.028574
v -0.023085 0.000000 -0.031076
v -0.024530 0.000000 -0.028574
v -0.021641 0.000000 -0.028574
v -0.020197 0.000000 -0.026073
v -0.023085 0.000000 -0.026073
v -0.025974 0.000000 -0.026073
v -0.018752 0.000000 -0.023571
v -0.017308 0.000000 -0.021069
v -0.020197 0.000000 -0.021069
v -0.015863 0.000000 -0.018567
v -0.021641 0.000000 -0.018567
v -0.018752 0.000000 -0.018567
v -0.027419 0.000000 -0.023571
v -0.028863 0.000000 -0.021069
v -0.025974 0.000000 -0.021069
v -0.027419 0.000000 -0.018567
v -0.024530 0.000000 -0.018567
v -0.030307 0.000000 -0.018567
v -0.023085 0.000000 -0.021069
v -0.024530 0.000000 -0.023571
v -0.021641 0.000000 -0.023571
v 0.021691 0.000000 0.001447
v 0.023135 0.000000 -0.001055
v 0.020246 0.000000 -0.001055
v 0.021691 0.000000 -0.003557
v 0.018802 0.000000 -0.003557
v 0.020246 0.000000 -0.006058
v 0.017358 0.000000 -0.006058
v 0.023135 0.000000 -0.006058
v 0.024580 0.000000 -0.003557
v 0.026024 0.000000 -0.006058
v 0.018802 0.000000 -0.008560
v 0.015913 0.000000 -0.008560
v 0.017358 0.000000 -0.011062
v 0.014469 0.000000 -0.011062
v 0.020246 0.000000 -0.011062
v 0.015913 0.000000 -0.013564
v 0.013024 0.000000 -0.013564
v 0.014469 0.000000 -0.016066
v 0.011580 0.000000 -0.016066
v 0.017358 0.000000 -0.016066
v 0.021691 0.000000 -0.013564
v 0.018802 0.000000 -0.013564
v 0.020246 0.000000 -0.016066
v 0.023135 0.000000 -0.016066
v 0.027468 0.000000 -0.008560
v 0.028913 0.000000 -0.011062
v 0.026024 0.000000 -0.011062
v 0.027468 0.000000 -0.013564
v 0.024580 0.000000 -0.013564
v 0.026024 0.000000 -0.016066
v 0.028913 0.000000 -0.016066
v 0.030357 0.000000 -0.013564
v 0.031802 0.000000 -0.016066
v 0.023135 0.000000 -0.011062
v 0.024580 0.000000 -0.008560
v 0.021691 0.000000 -0.008560
v 0.013024 0.000000 -0.018567
v 0.010136 0.000000 -0.018567
v 0.011580 0.000000 -0.021069
v 0.008691 0.000000 -0.021069
v 0.014469 0.000000 -0.021069
v 0.010136 0.000000 -0.023571
v 0.007247 0.000000 -0.023571
v 0.008691 0.000000 -0.026073
v 0.005802 0.000000 -0.026073
v 0.011580 0.000000 -0.026073
v 0.015913 0.000000 -0.023571
v 0.013024 0.000000 -0.023571
v 0.014469 0.000000 -0.026073
v 0.017358 0.000000 -0.026073
v 0.007247 0.000000 -0.028574
v 0.004358 0.000000 -0.028574
v 0.005802 0.000000 -0.031076
v 0.002914 0.000000 -0.031076
v 0.008691 0.000000 -0.031076
v 0.004358 0.000000 -0.033578
v 0.001469 0.000000 -0.033578
v 0.010136 0.000000 -0.033578
v 0.007247 0.000000 -0.033578
v 0.018802 0.000000 -0.028574
v 0.015913 0.000000 -0.028574
v 0.017358 0.000000 -0.031076
v 0.014469 0.000000 -0.031076
v 0.020246 0.000000 -0.031076
v 0.015913 0.000000 -0.033578
v 0.013024 0.000000 -0.033578
v 0.021691 0.000000 -0.033578
v 0.018802 0.000000 -0.033578
v 0.011580 0.000000 -0.031076
v 0.013024 0.000000 -0.028574
v 0.010136 0.000000 -0.028574
v 0.031802 0.000000 -0.021069
v 0.030357 0.000000 -0.023571
v 0.033246 0.000000 -0.018567
v 0.028913 0.000000 -0.026073
v 0.027468 0.000000 -0.028574
v 0.024580 0.000000 -0.028574
v 0.023135 0.000000 -0.031076
v 0.026024 0.000000 -0.026073
v 0.023135 0.000000 -0.026073
v 0.021691 0.000000 -0.028574
v 0.020246 0.000000 -0.026073
v 0.027468 0.000000 -0.023571
v 0.028913 0.000000 -0.021069
v 0.026024 0.000000 -0.021069
v 0.030357 0.000000 -0.018567
v 0.024580 0.000000 -0.018567
v 0.027468 0.000000 -0.018567
v 0.018802 0.000000 -0.023571
v 0.017358 0.000000 -0.021069
v 0.020246 0.000000 -0.021069
v 0.018802 0.000000 -0.018567
v 0.021691 0.000000 -0.018567
v 0.015913 0.000000 -0.018567
v 0.023135 0.000000 -0.021069
v 0.021691 0.000000 -0.023571
v 0.024580 0.000000 -0.023571
v 0.000025 0.000000 -0.031076
v 0.001469 0.000000 -0.028574
v 0.002914 0.000000 -0.026073
v 0.000025 0.000000 -0.026073
v -0.001420 0.000000 -0.028574
v -0.002864 0.000000 -0.026073
v 0.004358 0.000000 -0.023571
v 0.005802 0.000000 -0.021069
v 0.002914 0.000000 -0.021069
v 0.007247 0.000000 -0.018567
v 0.008691 0.000000 -0.016066
v 0.005802 0.000000 -0.016066
v 0.001469 0.000000 -0.018567
v 0.004358 0.000000 -0.018567
v 0.002914 0.000000 -0.016066
v 0.000025 0.000000 -0.016066
v -0.004308 0.000000 -0.023571
v -0.005753 0.000000 -0.021069
v -0.002864 0.000000 -0.021069
v -0.004308 0.000000 -0.018567
v -0.001420 0.000000 -0.018567
v -0.002864 0.000000 -0.016066
v -0.005753 0.000000 -0.016066
v -0.007197 0.000000 -0.018567
v -0.008642 0.000000 -0.016066
v 0.000025 0.000000 -0.021069
v -0.001420 0.000000 -0.023571
v 0.001469 0.000000 -0.023571
v 0.010136 0.000000 -0.013564
v 0.011580 0.000000 -0.011062
v 0.008691 0.000000 -0.011062
v 0.013024 0.000000 -0.008560
v 0.014469 0.000000 -0.006058
v 0.011580 0.000000 -0.006058
v 0.007247 0.000000 -0.008560
v 0.010136 0.000000 -0.008560
v 0.008691 0.000000 -0.006058
v 0.005802 0.000000 -0.006058
v 0.015913 0.000000 -0.003557
v 0.017358 0.000000 -0.001055
v 0.014469 0.000000 -0.001055
v 0.018802 0.000000 0.001447
v 0.013024 0.000000 0.001447
v 0.015913 0.000000 0.001447
v 0.004358 0.000000 -0.003557
v 0.007247 0.000000 -0.003557
v 0.005802 0.000000 -0.001055
v 0.008691 0.000000 -0.001055
v 0.002914 0.000000 -0.001055
v 0.007247 0.000000 0.001447
v 0.010136 0.000000 0.001447
v 0.001469 0.000000 0.001447
v 0.004358 0.000000 0.001447
v 0.011580 0.000000 -0.001055
v 0.010136 0.000000 -0.003557
v 0.013024 0.000000 -0.003557
v -0.010086 0.000000 -0.013564
v -0.011530 0.000000 -0.011062
v -0.008642 0.000000 -0.011062
v -0.010086 0.000000 -0.008560
v -0.007197 0.000000 -0.008560
v -0.008642 0.000000 -0.006058
v -0.005753 0.000000 -0.006058
v -0.011530 0.000000 -0.006058
v -0.012975 0.000000 -0.008560
v -0.014419 0.000000 -0.006058
v -0.007197 0.000000 -0.003557
v -0.004308 0.000000 -0.003557
v -0.005753 0.000000 -0.001055
v -0.002864 0.000000 -0.001055
v -0.008642 0.000000 -0.001055
v -0.004308 0.000000 0.001447
v -0.001420 0.000000 0.001447
v -0.010086 0.000000 0.001447
v -0.007197 0.000000 0.001447
v -0.015863 0.000000 -0.003557
v -0.017308 0.000000 -0.001055
v -0.014419 0.000000 -0.001055
v -0.015863 0.000000 0.001447
v -0.012975 0.000000 0.001447
v -0.018752 0.000000 0.001447
v -0.011530 0.000000 -0.001055
v -0.012975 0.000000 -0.003557
v -0.010086 0.000000 -0.003557
v 0.000025 0.000000 -0.001055
v -0.001420 0.000000 -0.003557
v -0.002864 0.000000 -0.006058
v 0.000025 0.000000 -0.006058
v 0.001469 0.000000 -0.003557
v 0.002914 0.000000 -0.006058
v -0.004308 0.000000 -0.008560
v -0.005753 0.000000 -0.011062
v -0.002864 0.000000 -0.011062
v -0.007197 0.000000 -0.013564
v -0.001420 0.000000 -0.013564
v -0.004308 0.000000 -0.013564
v 0.004358 0.000000 -0.008560
v 0.005802 0.000000 -0.011062
v 0.002914 0.000000 -0.011062
v 0.004358 0.000000 -0.013564
v 0.001469 0.000000 -0.013564
v 0.007247 0.000000 -0.013564
v 0.000025 0.000000 -0.011062
v 0.001469 0.000000 -0.008560
v -0.001420 0.000000 -0.008560
vn 0.9999 0.0061 0.0124
vn 0.9979 -0.0199 0.0620
vn 0.9989 0.0045 0.0471
vn 0.9993 -0.0060 0.0372
vn 0.9973 0.0055 0.0727
vn 1.0000 -0.0000 0.0062
vn 0.9971 0.0092 0.0752
vn 0.9980 0.0092 0.0626
vn 0.9961 0.0092 0.0877
vn 0.9971 -0.0092 0.0752
vn 0.9993 -0.0007 0.0375
vn 0.9961 -0.0017 0.0877
vn 0.9962 0.0012 0.0868
vn 0.9981 0.0007 0.0621
vn 0.9980 -0.0012 0.0626
vn 0.9993 0.0002 0.0372
vn 0.9999 0.0063 0.0144
vn 0.9987 -0.0092 0.0501
vn 0.9999 -0.0089 0.0126
vn 0.9980 -0.0085 0.0622
vn 0.9993 -0.0087 0.0372
vn 0.9987 0.0092 0.0501
vn 0.9996 0.0092 0.0250
vn 0.9999 -0.0002 0.0124
vn 0.9993 0.0092 0.0375
vn 0.9996 -0.0092 0.0250
vn 0.9735 -0.0933 0.2086
vn 0.9802 0.0064 0.1977
vn 0.9750 0.0064 0.2222
vn 0.9598 -0.1151 0.2561
vn 0.9691 0.0063 0.2467
vn 0.9626 0.0061 0.2708
vn 0.9670 -0.1042 0.2325
vn 0.9846 0.0092 0.1749
vn 0.9867 0.0092 0.1625
vn 0.9823 0.0092 0.1872
vn 0.9846 -0.0092 0.1749
vn 0.9905 -0.0026 0.1376
vn 0.9823 -0.0035 0.1872
vn 0.9827 0.0030 0.1852
vn 0.9870 0.0026 0.1607
vn 0.9620 0.0092 0.2728
vn 0.9867 -0.0030 0.1625
vn 0.9654 0.0092 0.2607
vn 0.9585 0.0092 0.2849
vn 0.9620 -0.0092 0.2728
vn 0.9717 -0.0043 0.2363
vn 0.9586 -0.0050 0.2849
vn 0.9595 0.0046 0.2817
vn 0.9662 0.0042 0.2578
vn 0.9654 -0.0047 0.2607
vn 0.9723 0.0038 0.2337
vn 0.9778 0.0034 0.2095
vn 0.9686 -0.0092 0.2485
vn 0.9773 -0.0039 0.2118
vn 0.9658 -0.0068 0.2591
vn 0.9720 -0.0070 0.2349
vn 0.9686 0.0092 0.2485
vn 0.9798 -0.0092 0.1996
vn 0.9776 -0.0072 0.2105
vn 0.9825 -0.0074 0.1860
vn 0.9798 0.0092 0.1996
vn 0.9745 0.0092 0.2241
vn 0.9773 0.0092 0.2118
vn 0.9716 0.0092 0.2363
vn 0.9745 -0.0092 0.2241
vn 0.9907 0.0021 0.1362
vn 0.9938 0.0017 0.1115
vn 0.9886 -0.0092 0.1501
vn 0.9936 -0.0021 0.1127
vn 0.9869 -0.0076 0.1614
vn 0.9906 -0.0078 0.1367
vn 0.9886 0.0092 0.1501
vn 0.9949 -0.0092 0.1002
vn 0.9936 -0.0092 0.1127
vn 0.9961 -0.0092 0.0877
vn 0.9949 0.0092 0.1002
vn 0.9921 0.0092 0.1252
vn 0.9936 0.0092 0.1127
vn 0.9904 0.0092 0.1376
vn 0.9921 -0.0092 0.1252
vn 0.9957 -0.0332 0.0868
vn 0.9927 -0.0456 0.1114
vn 0.9951 0.0462 0.0876
vn 0.9919 0.0589 0.1125
vn 0.9845 -0.0704 0.1603
vn 0.9889 0.0064 0.1482
vn 0.9849 0.0065 0.1730
vn 0.9794 -0.0818 0.1846
vn 0.9890 -0.0581 0.1359
vn 0.9213 0.0053 0.3888
vn 0.9036 -0.1715 0.3925
vn 0.9113 0.0052 0.4117
vn 0.8922 -0.1800 0.4142
vn 0.9007 0.0050 0.4344
vn 0.8804 -0.1875 0.4356
vn 0.8896 0.0048 0.4568
vn 0.8679 -0.1954 0.4566
vn 0.9298 0.0092 0.3680
vn 0.9343 0.0092 0.3563
vn 0.9251 0.0092 0.3796
vn 0.9298 -0.0092 0.3680
vn 0.9443 0.0053 0.3290
vn 0.9268 0.0060 0.3755
vn 0.9251 -0.0064 0.3796
vn 0.9344 -0.0061 0.3563
vn 0.8882 0.0092 0.4594
vn 0.9358 0.0057 0.3524
vn 0.8939 0.0092 0.4482
vn 0.8823 0.0092 0.4706
vn 0.8882 -0.0092 0.4594
vn 0.9070 0.0067 0.4210
vn 0.8850 0.0072 0.4655
vn 0.8823 -0.0076 0.4706
vn 0.8939 -0.0073 0.4482
vn 0.8963 0.0069 0.4434
vn 0.9049 -0.0071 0.4256
vn 0.9153 -0.0067 0.4028
vn 0.8994 -0.0092 0.4370
vn 0.9172 0.0063 0.3984
vn 0.8952 -0.0050 0.4457
vn 0.9060 -0.0052 0.4232
vn 0.8994 0.0092 0.4370
vn 0.9203 -0.0092 0.3912
vn 0.9163 -0.0055 0.4005
vn 0.9260 -0.0057 0.3774
vn 0.9203 0.0092 0.3912
vn 0.9101 0.0092 0.4142
vn 0.9153 0.0092 0.4028
vn 0.9049 0.0092 0.4256
vn 0.9101 -0.0092 0.4142
vn 0.8257 0.0038 0.5641
vn 0.7991 -0.2272 0.5566
vn 0.8113 0.0036 0.5846
vn 0.7840 -0.2325 0.5756
vn 0.7964 0.0034 0.6047
vn 0.7685 -0.2377 0.5941
vn 0.7811 0.0032 0.6244
vn 0.7526 -0.2422 0.6123
vn 0.8376 0.0092 0.5463
vn 0.8444 0.0092 0.5357
vn 0.8306 0.0092 0.5567
vn 0.8376 -0.0092 0.5463
vn 0.8608 0.0078 0.5089
vn 0.8344 0.0082 0.5510
vn 0.8306 -0.0086 0.5567
vn 0.8444 -0.0084 0.5357
vn 0.7785 0.0092 0.6276
vn 0.8479 0.0080 0.5301
vn 0.7863 0.0092 0.6177
vn 0.7706 0.0092 0.6373
vn 0.7785 -0.0092 0.6276
vn 0.8061 0.0087 0.5918
vn 0.7757 0.0091 0.6311
vn 0.7706 -0.0094 0.6373
vn 0.7863 -0.0092 0.6177
vn 0.7911 0.0089 0.6116
vn 0.8016 -0.0090 0.5978
vn 0.8164 -0.0088 0.5774
vn 0.7940 -0.0092 0.6078
vn 0.8205 0.0085 0.5716
vn 0.7888 -0.0033 0.6146
vn 0.8039 -0.0035 0.5947
vn 0.7940 0.0092 0.6078
vn 0.8236 -0.0092 0.5671
vn 0.8185 -0.0037 0.5744
vn 0.8326 -0.0040 0.5538
vn 0.8236 0.0092 0.5671
vn 0.8091 0.0092 0.5877
vn 0.8164 0.0092 0.5774
vn 0.8016 0.0092 0.5978
vn 0.8091 -0.0092 0.5877
vn 0.8576 -0.0081 0.5143
vn 0.8702 -0.0079 0.4926
vn 0.8510 -0.0092 0.5250
vn 0.8732 0.0075 0.4874
vn 0.8444 -0.0092 0.5357
vn 0.8593 -0.0044 0.5115
vn 0.8510 0.0092 0.5250
vn 0.8763 -0.0092 0.4816
vn 0.8702 -0.0092 0.4926
vn 0.8823 -0.0092 0.4706
vn 0.8763 0.0092 0.4816
vn 0.8640 0.0092 0.5035
vn 0.8702 0.0092 0.4926
vn 0.8576 0.0092 0.5143
vn 0.8640 -0.0092 0.5035
vn 0.8636 0.2052 0.4606
vn 0.8552 -0.2020 0.4773
vn 0.8505 0.2121 0.4814
vn 0.8418 -0.2090 0.4977
vn 0.8528 0.0042 0.5222
vn 0.8280 -0.2154 0.5177
vn 0.8228 0.2250 0.5220
vn 0.8138 -0.2211 0.5374
vn 0.9430 -0.0058 0.3327
vn 0.9511 -0.0054 0.3089
vn 0.9387 -0.0092 0.3445
vn 0.9522 0.0050 0.3055
vn 0.9343 -0.0092 0.3563
vn 0.9430 -0.0092 0.3327
vn 0.9387 0.0092 0.3445
vn 0.9549 -0.0092 0.2969
vn 0.9511 -0.0092 0.3089
vn 0.9585 -0.0092 0.2849
vn 0.9549 0.0092 0.2969
vn 0.9471 0.0092 0.3208
vn 0.9511 0.0092 0.3089
vn 0.9430 0.0092 0.3327
vn 0.9471 -0.0092 0.3208
vn 0.9519 -0.1256 0.2795
vn 0.9434 -0.1354 0.3027
vn 0.9495 0.1374 0.2822
vn 0.9408 0.1468 0.3055
vn 0.9247 -0.1543 0.3482
vn 0.9314 0.1565 0.3286
vn 0.9215 0.1655 0.3514
vn 0.9144 -0.1631 0.3705
vn 0.9343 -0.1452 0.3255
vn 0.6972 0.0022 0.7169
vn 0.6675 -0.2613 0.6972
vn 0.6790 0.0020 0.7341
vn 0.6495 -0.2643 0.7130
vn 0.6605 0.0018 0.7508
vn 0.6311 -0.2668 0.7284
vn 0.6415 0.0016 0.7671
vn 0.6125 -0.2687 0.7434
vn 0.7116 0.0092 0.7025
vn 0.7204 0.0092 0.6935
vn 0.7027 0.0092 0.7114
vn 0.7116 -0.0092 0.7025
vn 0.7434 0.0094 0.6688
vn 0.7093 0.0097 0.7049
vn 0.7027 -0.0100 0.7114
vn 0.7204 -0.0099 0.6935
vn 0.6375 0.0092 0.7704
vn 0.7266 0.0096 0.6870
vn 0.6471 0.0092 0.7623
vn 0.6278 0.0092 0.7784
vn 0.6375 -0.0092 0.7704
vn 0.6734 0.0100 0.7392
vn 0.6359 0.0101 0.7717
vn 0.6165 0.0102 0.7873
vn 0.6277 -0.0104 0.7783
vn 0.6471 -0.0104 0.7623
vn 0.6548 0.0101 0.7557
vn 0.6661 -0.0103 0.7458
vn 0.6846 -0.0102 0.7288
vn 0.6566 -0.0092 0.7541
vn 0.6915 0.0098 0.7223
vn 0.6511 -0.0016 0.7590
vn 0.6698 -0.0018 0.7425
vn 0.6566 0.0092 0.7541
vn 0.6937 -0.0092 0.7202
vn 0.6882 -0.0020 0.7255
vn 0.7061 -0.0022 0.7081
vn 0.6937 0.0092 0.7202
vn 0.6754 0.0092 0.7374
vn 0.6846 0.0092 0.7289
vn 0.6661 0.0092 0.7458
vn 0.6754 -0.0092 0.7374
vn 0.5409 0.0005 0.8411
vn 0.5146 -0.2758 0.8118
vn 0.5197 0.0003 0.8543
vn 0.4943 -0.2761 0.8243
vn 0.4982 0.0001 0.8671
vn 0.4736 -0.2766 0.8362
vn 0.4764 -0.0001 0.8792
vn 0.4527 -0.2763 0.8478
vn 0.5569 0.0092 0.8305
vn 0.5673 0.0092 0.8234
vn 0.5465 0.0092 0.8374
vn 0.5569 -0.0092 0.8305
vn 0.5465 -0.0107 0.8374
vn 0.5354 0.0104 0.8445
vn 0.5673 -0.0106 0.8234
vn 0.5562 0.0104 0.8310
vn 0.4708 0.0092 0.8822
vn 0.4818 0.0092 0.8762
vn 0.4597 0.0092 0.8880
vn 0.4708 -0.0092 0.8822
vn 0.4596 -0.0107 0.8880
vn 0.4490 0.0105 0.8935
vn 0.4818 -0.0107 0.8762
vn 0.4710 0.0105 0.8821
vn 0.5037 -0.0107 0.8638
vn 0.4928 0.0105 0.8701
vn 0.5252 -0.0107 0.8509
vn 0.5142 0.0105 0.8576
vn 0.4928 -0.0092 0.8701
vn 0.4874 0.0001 0.8732
vn 0.5091 -0.0001 0.8607
vn 0.4928 0.0092 0.8701
vn 0.5359 -0.0092 0.8442
vn 0.5304 -0.0003 0.8477
vn 0.5514 -0.0005 0.8342
vn 0.5359 0.0092 0.8442
vn 0.5145 0.0092 0.8574
vn 0.5253 0.0092 0.8509
vn 0.5037 0.0092 0.8638
vn 0.5145 -0.0092 0.8574
vn 0.5878 -0.0106 0.8089
vn 0.5766 0.0104 0.8169
vn 0.6080 -0.0105 0.7939
vn 0.5968 0.0103 0.8024
vn 0.5776 -0.0092 0.8162
vn 0.5721 -0.0008 0.8202
vn 0.5924 -0.0010 0.8056
vn 0.5776 0.0092 0.8162
vn 0.6179 -0.0092 0.7862
vn 0.6080 -0.0092 0.7939
vn 0.6278 -0.0092 0.7784
vn 0.6179 0.0092 0.7862
vn 0.5980 0.0092 0.8015
vn 0.6080 0.0092 0.7939
vn 0.5879 0.0092 0.8089
vn 0.5980 -0.0092 0.8015
vn 0.6034 0.2759 0.7482
vn 0.5935 -0.2710 0.7579
vn 0.5841 0.2780 0.7626
vn 0.5742 -0.2725 0.7720
vn 0.5822 0.0010 0.8130
vn 0.5547 -0.2737 0.7858
vn 0.5618 0.0007 0.8273
vn 0.5348 -0.2751 0.7990
vn 0.3631 -0.0012 0.9317
vn 0.3447 -0.2717 0.8985
vn 0.3397 -0.0014 0.9405
vn 0.3225 -0.2693 0.9074
vn 0.3161 -0.0016 0.9487
vn 0.3001 -0.2663 0.9160
vn 0.2923 -0.0018 0.9563
vn 0.2774 -0.2648 0.9235
vn 0.3799 0.0092 0.9250
vn 0.3915 0.0092 0.9202
vn 0.3682 0.0092 0.9297
vn 0.3799 -0.0092 0.9250
vn 0.3447 -0.0105 0.9386
vn 0.3682 -0.0105 0.9297
vn 0.3582 0.0103 0.9336
vn 0.3915 -0.0106 0.9201
vn 0.3812 0.0103 0.9244
vn 0.2851 0.0092 0.9585
vn 0.2971 0.0092 0.9548
vn 0.2730 0.0092 0.9620
vn 0.2851 -0.0092 0.9585
vn 0.3114 0.0100 0.9502
vn 0.2971 -0.0103 0.9548
vn 0.2638 0.0098 0.9645
vn 0.2488 -0.0100 0.9685
vn 0.2877 0.0100 0.9577
vn 0.2730 -0.0102 0.9620
vn 0.3091 -0.0092 0.9510
vn 0.3349 0.0102 0.9422
vn 0.3210 -0.0104 0.9470
vn 0.3043 0.0018 0.9526
vn 0.3280 0.0016 0.9447
vn 0.3091 0.0092 0.9510
vn 0.3565 -0.0091 0.9343
vn 0.3515 0.0014 0.9362
vn 0.3748 0.0011 0.9271
vn 0.3565 0.0091 0.9343
vn 0.3329 0.0092 0.9429
vn 0.3447 0.0092 0.9387
vn 0.3210 0.0092 0.9470
vn 0.3329 -0.0092 0.9429
vn 0.1709 -0.0029 0.9853
vn 0.1617 -0.2474 0.9553
vn 0.1462 -0.0031 0.9893
vn 0.1381 -0.2428 0.9602
vn 0.1214 -0.0033 0.9926
vn 0.1143 -0.2381 0.9645
vn 0.0966 -0.0035 0.9953
vn 0.0904 -0.2325 0.9684
vn 0.1875 0.0092 0.9822
vn 0.1998 0.0092 0.9798
vn 0.1751 0.0091 0.9845
vn 0.1875 -0.0092 0.9822
vn 0.2156 0.0096 0.9764
vn 0.1998 -0.0098 0.9798
vn 0.1668 0.0093 0.9859
vn 0.1503 -0.0094 0.9886
vn 0.0879 0.0092 0.9961
vn 0.1913 0.0095 0.9815
vn 0.1751 -0.0096 0.9845
vn 0.1004 0.0092 0.9949
vn 0.0754 0.0091 0.9971
vn 0.0879 -0.0092 0.9961
vn 0.1177 0.0089 0.9930
vn 0.1004 -0.0091 0.9949
vn 0.0682 0.0085 0.9976
vn 0.0503 -0.0086 0.9987
vn 0.0930 0.0087 0.9956
vn 0.0754 -0.0088 0.9971
vn 0.1129 -0.0092 0.9936
vn 0.1423 0.0091 0.9898
vn 0.1254 -0.0092 0.9921
vn 0.1090 0.0034 0.9940
vn 0.1338 0.0032 0.9910
vn 0.1129 0.0092 0.9936
vn 0.1627 -0.0092 0.9866
vn 0.1586 0.0030 0.9873
vn 0.1832 0.0028 0.9831
vn 0.1627 0.0092 0.9866
vn 0.1379 0.0092 0.9904
vn 0.1503 0.0091 0.9886
vn 0.1254 0.0092 0.9921
vn 0.1379 -0.0092 0.9904
vn 0.2121 -0.0092 0.9772
vn 0.2398 0.0097 0.9708
vn 0.2244 -0.0099 0.9745
vn 0.2077 0.0026 0.9782
vn 0.2321 0.0024 0.9727
vn 0.2121 0.0092 0.9772
vn 0.2609 -0.0092 0.9653
vn 0.2488 -0.0092 0.9685
vn 0.2730 -0.0092 0.9620
vn 0.2609 0.0092 0.9653
vn 0.2366 0.0092 0.9716
vn 0.2488 0.0092 0.9685
vn 0.2244 0.0092 0.9745
vn 0.2366 -0.0092 0.9716
vn 0.2630 0.2693 0.9265
vn 0.2547 -0.2611 0.9311
vn 0.2398 0.2662 0.9336
vn 0.2316 -0.2584 0.9379
vn 0.2199 -0.0024 0.9755
vn 0.2085 -0.2550 0.9442
vn 0.1954 -0.0027 0.9807
vn 0.1851 -0.2520 0.9499
vn 0.4144 -0.0106 0.9100
vn 0.4041 0.0104 0.9147
vn 0.4372 -0.0107 0.8993
vn 0.4267 0.0104 0.9044
vn 0.4030 -0.0092 0.9152
vn 0.3978 0.0009 0.9175
vn 0.4145 -0.0092 0.9100
vn 0.4030 0.0092 0.9152
vn 0.4485 -0.0091 0.8938
vn 0.4372 -0.0092 0.8993
vn 0.4597 -0.0092 0.8880
vn 0.4485 0.0091 0.8938
vn 0.4259 0.0092 0.9047
vn 0.4372 0.0092 0.8993
vn 0.4145 0.0092 0.9100
vn 0.4259 -0.0092 0.9047
vn 0.4410 0.2824 0.8519
vn 0.4315 -0.2763 0.8588
vn 0.4195 0.2818 0.8629
vn 0.4102 -0.2754 0.8694
vn 0.3978 0.2806 0.8735
vn 0.3886 -0.2745 0.8796
vn 0.3863 -0.0009 0.9224
vn 0.3668 -0.2726 0.8894
vn 0.7376 -0.0098 0.6752
vn 0.7543 -0.0096 0.6565
vn 0.7290 -0.0092 0.6844
vn 0.7598 0.0093 0.6501
vn 0.7204 -0.0092 0.6935
vn 0.7376 -0.0092 0.6752
vn 0.7290 0.0092 0.6844
vn 0.7625 -0.0092 0.6469
vn 0.7543 -0.0092 0.6565
vn 0.7706 -0.0092 0.6373
vn 0.7625 0.0092 0.6469
vn 0.7460 0.0092 0.6659
vn 0.7543 0.0092 0.6565
vn 0.7376 0.0092 0.6752
vn 0.7460 -0.0092 0.6659
vn 0.7459 0.2510 0.6169
vn 0.7363 -0.2470 0.6300
vn 0.7293 0.2554 0.6347
vn 0.7197 -0.2506 0.6475
vn 0.7124 0.2591 0.6522
vn 0.7026 -0.2547 0.6644
vn 0.6951 0.2625 0.6693
vn 0.6853 -0.2580 0.6810
vn -0.0282 -0.0046 0.9996
vn -0.0304 -0.2033 0.9786
vn -0.0531 -0.0048 0.9986
vn -0.0548 -0.1963 0.9790
vn -0.0781 -0.0050 0.9969
vn -0.0792 -0.1873 0.9791
vn -0.1030 -0.0052 0.9947
vn -0.1036 -0.1809 0.9780
vn -0.0125 0.0092 0.9999
vn 0.0001 0.0092 1.0000
vn -0.0250 0.0092 0.9996
vn -0.0125 -0.0092 0.9999
vn 0.0186 0.0080 0.9998
vn 0.0001 -0.0082 1.0000
vn -0.0310 0.0075 0.9995
vn -0.0502 -0.0077 0.9987
vn -0.1128 0.0092 0.9936
vn -0.0062 0.0078 1.0000
vn -0.0250 -0.0079 0.9997
vn -0.1003 0.0092 0.9949
vn -0.1252 0.0092 0.9921
vn -0.1128 -0.0092 0.9936
vn -0.0806 0.0069 0.9967
vn -0.1003 -0.0071 0.9949
vn -0.1300 0.0064 0.9915
vn -0.1501 -0.0064 0.9886
vn -0.1053 0.0067 0.9944
vn -0.1253 -0.0068 0.9921
vn -0.0878 -0.0092 0.9961
vn -0.0558 0.0073 0.9984
vn -0.0752 -0.0073 0.9971
vn -0.0906 0.0050 0.9959
vn -0.0657 0.0048 0.9978
vn -0.0878 0.0092 0.9961
vn -0.0376 -0.0092 0.9993
vn -0.0407 0.0046 0.9992
vn -0.0157 0.0044 0.9999
vn -0.0376 0.0092 0.9993
vn -0.0627 0.0091 0.9980
vn -0.0502 0.0092 0.9987
vn -0.0752 0.0092 0.9971
vn -0.0627 -0.0091 0.9980
vn -0.2261 -0.0063 0.9741
vn -0.2256 -0.1360 0.9647
vn -0.2504 -0.0065 0.9681
vn -0.2498 -0.1261 0.9600
vn -0.2745 -0.0067 0.9616
vn -0.2739 -0.1169 0.9546
vn -0.2984 -0.0070 0.9544
vn -0.2979 -0.1049 0.9488
vn -0.2119 0.0092 0.9772
vn -0.1996 0.0092 0.9798
vn -0.2242 0.0091 0.9745
vn -0.2119 -0.0092 0.9772
vn -0.1791 0.0057 0.9838
vn -0.1996 -0.0058 0.9799
vn -0.2277 0.0050 0.9737
vn -0.3089 0.0092 0.9510
vn -0.2035 0.0053 0.9791
vn -0.2242 -0.0054 0.9745
vn -0.2970 0.0092 0.9548
vn -0.3209 0.0091 0.9471
vn -0.3089 -0.0092 0.9510
vn -0.2729 -0.0047 0.9620
vn -0.3209 -0.0039 0.9471
vn -0.3232 0.0035 0.9463
vn -0.2995 0.0038 0.9541
vn -0.2970 -0.0043 0.9549
vn -0.2758 0.0043 0.9612
vn -0.2518 0.0046 0.9678
vn -0.2849 -0.0092 0.9585
vn -0.2486 -0.0051 0.9686
vn -0.2869 0.0062 0.9580
vn -0.2628 0.0061 0.9648
vn -0.2849 0.0092 0.9585
vn -0.2364 -0.0092 0.9716
vn -0.2385 0.0060 0.9711
vn -0.2142 0.0059 0.9768
vn -0.2364 0.0092 0.9716
vn -0.2608 0.0091 0.9654
vn -0.2486 0.0092 0.9686
vn -0.2729 0.0092 0.9620
vn -0.2608 -0.0091 0.9654
vn -0.1873 -0.0092 0.9823
vn -0.1546 0.0060 0.9880
vn -0.1749 -0.0061 0.9846
vn -0.1897 0.0056 0.9818
vn -0.1650 0.0055 0.9863
vn -0.1873 0.0092 0.9823
vn -0.1377 -0.0092 0.9904
vn -0.1501 -0.0092 0.9886
vn -0.1252 -0.0092 0.9921
vn -0.1377 0.0092 0.9904
vn -0.1626 0.0092 0.9867
vn -0.1501 0.0092 0.9886
vn -0.1749 0.0091 0.9845
vn -0.1626 -0.0092 0.9867
vn -0.1231 0.1841 0.9752
vn -0.1281 -0.1725 0.9766
vn -0.1478 0.1744 0.9735
vn -0.1525 -0.1635 0.9747
vn -0.1772 -0.0059 0.9842
vn -0.1769 -0.1550 0.9719
vn -0.2017 -0.0061 0.9794
vn -0.2013 -0.1452 0.9687
vn -0.4150 -0.0081 0.9098
vn -0.4150 -0.0473 0.9086
vn -0.4376 -0.0083 0.8991
vn -0.4376 -0.0331 0.8985
vn -0.4599 -0.0085 0.8879
vn -0.4600 -0.0210 0.8877
vn -0.4820 -0.0087 0.8761
vn -0.4028 0.0091 0.9152
vn -0.3913 0.0092 0.9202
vn -0.4143 0.0092 0.9101
vn -0.4028 -0.0091 0.9152
vn -0.3681 -0.0031 0.9298
vn -0.4143 -0.0022 0.9101
vn -0.4154 0.0017 0.9096
vn -0.3927 0.0022 0.9197
vn -0.4927 0.0091 0.8702
vn -0.3913 -0.0026 0.9203
vn -0.4817 0.0092 0.8763
vn -0.5036 0.0092 0.8639
vn -0.4927 -0.0091 0.8702
vn -0.4595 -0.0013 0.8882
vn -0.5036 -0.0003 0.8639
vn -0.5036 -0.0003 0.8640
vn -0.4820 0.0003 0.8762
vn -0.4817 -0.0008 0.8763
vn -0.4601 0.0008 0.8879
vn -0.4379 0.0012 0.8990
vn -0.4706 -0.0091 0.8823
vn -0.4371 -0.0017 0.8994
vn -0.4733 0.0048 0.8809
vn -0.4503 0.0058 0.8928
vn -0.4706 0.0091 0.8823
vn -0.4257 -0.0092 0.9048
vn -0.4277 0.0059 0.9039
vn -0.4046 0.0065 0.9145
vn -0.4257 0.0092 0.9048
vn -0.4483 0.0092 0.8938
vn -0.4370 0.0092 0.8994
vn -0.4595 0.0092 0.8881
vn -0.4483 -0.0092 0.8938
vn -0.6057 -0.0588 0.7935
vn -0.5963 0.0063 0.8028
vn -0.6163 0.0064 0.7875
vn -0.6432 -0.0823 0.7612
vn -0.6360 0.0064 0.7717
vn -0.6551 0.0065 0.7555
vn -0.6247 -0.0715 0.7776
vn -0.5775 0.0092 0.8163
vn -0.5672 0.0092 0.8235
vn -0.5877 0.0092 0.8090
vn -0.5775 -0.0092 0.8163
vn -0.5464 -0.0012 0.8376
vn -0.5877 -0.0022 0.8090
vn -0.5868 0.0017 0.8097
vn -0.5665 0.0012 0.8241
vn -0.6565 0.0092 0.7542
vn -0.5672 -0.0017 0.8236
vn -0.6470 0.0092 0.7624
vn -0.6659 0.0092 0.7459
vn -0.6565 -0.0092 0.7542
vn -0.6277 -0.0031 0.7785
vn -0.6660 -0.0039 0.7460
vn -0.6642 0.0034 0.7476
vn -0.6454 0.0030 0.7638
vn -0.6470 -0.0035 0.7625
vn -0.6263 0.0026 0.7796
vn -0.6067 0.0021 0.7949
vn -0.6374 -0.0092 0.7705
vn -0.6079 -0.0026 0.7940
vn -0.6461 -0.0074 0.7632
vn -0.6268 -0.0076 0.7791
vn -0.6374 0.0092 0.7705
vn -0.5978 -0.0092 0.8016
vn -0.6072 -0.0078 0.7945
vn -0.5871 -0.0080 0.8095
vn -0.5978 0.0092 0.8016
vn -0.6178 0.0092 0.7863
vn -0.6079 0.0092 0.7940
vn -0.6276 0.0092 0.7785
vn -0.6178 -0.0092 0.7863
vn -0.5459 0.0007 0.8379
vn -0.5249 0.0002 0.8512
vn -0.5568 -0.0092 0.8306
vn -0.5251 -0.0008 0.8510
vn -0.5667 -0.0083 0.8239
vn -0.5459 -0.0085 0.8378
vn -0.5568 0.0092 0.8306
vn -0.5144 -0.0092 0.8575
vn -0.5251 -0.0092 0.8510
vn -0.5036 -0.0092 0.8639
vn -0.5144 0.0092 0.8575
vn -0.5358 0.0092 0.8443
vn -0.5251 0.0092 0.8510
vn -0.5463 0.0092 0.8375
vn -0.5358 -0.0092 0.8443
vn -0.4820 -0.0074 0.8762
vn -0.5036 0.0068 0.8639
vn -0.5250 0.0207 0.8508
vn -0.5249 -0.0064 0.8512
vn -0.5036 0.0074 0.8639
vn -0.5662 -0.0331 0.8236
vn -0.5548 0.0058 0.8319
vn -0.5758 0.0061 0.8176
vn -0.5861 -0.0466 0.8089
vn -0.5457 -0.0199 0.8377
vn -0.3697 0.0026 0.9291
vn -0.3466 0.0030 0.9380
vn -0.3797 -0.0092 0.9251
vn -0.3446 -0.0035 0.9388
vn -0.3814 0.0066 0.9244
vn -0.3681 -0.0092 0.9298
vn -0.3797 0.0092 0.9251
vn -0.3327 -0.0092 0.9430
vn -0.3446 -0.0092 0.9387
vn -0.3209 -0.0091 0.9471
vn -0.3327 0.0092 0.9430
vn -0.3563 0.0092 0.9343
vn -0.3446 0.0092 0.9387
vn -0.3681 0.0092 0.9298
vn -0.3563 -0.0092 0.9343
vn -0.3191 0.1065 0.9417
vn -0.3217 -0.0949 0.9421
vn -0.3430 0.0955 0.9345
vn -0.3454 -0.0829 0.9348
vn -0.3668 0.0840 0.9265
vn -0.3688 -0.0715 0.9268
vn -0.3921 -0.0078 0.9199
vn -0.3920 -0.0594 0.9180
vn -0.7436 -0.1457 0.6525
vn -0.7444 0.0058 0.6677
vn -0.7609 0.0057 0.6489
vn -0.7729 -0.1636 0.6130
vn -0.7768 0.0055 0.6297
vn -0.7924 0.0053 0.6100
vn -0.7868 -0.1719 0.5928
vn -0.7586 -0.1545 0.6330
vn -0.7289 0.0092 0.6845
vn -0.7203 0.0092 0.6937
vn -0.7375 0.0092 0.6753
vn -0.7289 -0.0092 0.6845
vn -0.7026 -0.0047 0.7116
vn -0.7351 0.0050 0.6780
vn -0.7375 -0.0054 0.6754
vn -0.7180 0.0046 0.6960
vn -0.7939 0.0092 0.6079
vn -0.7203 -0.0051 0.6937
vn -0.7862 0.0092 0.6179
vn -0.8015 0.0092 0.5979
vn -0.7939 -0.0092 0.6079
vn -0.7678 0.0057 0.6407
vn -0.7987 0.0063 0.6017
vn -0.8015 -0.0068 0.5979
vn -0.7862 -0.0065 0.6179
vn -0.7835 0.0060 0.6214
vn -0.7705 -0.0061 0.6374
vn -0.7542 -0.0058 0.6566
vn -0.7784 -0.0092 0.6277
vn -0.7517 0.0054 0.6595
vn -0.7848 -0.0057 0.6198
vn -0.7690 -0.0059 0.6392
vn -0.7784 0.0092 0.6277
vn -0.7459 -0.0092 0.6660
vn -0.7528 -0.0061 0.6582
vn -0.7362 -0.0063 0.6768
vn -0.7459 0.0092 0.6660
vn -0.7624 0.0092 0.6471
vn -0.7542 0.0092 0.6566
vn -0.7705 0.0092 0.6374
vn -0.7624 -0.0092 0.6471
vn -0.8623 0.0044 0.5064
vn -0.8479 -0.2090 0.4872
vn -0.8746 0.0042 0.4847
vn -0.8585 -0.2153 0.4654
vn -0.8865 0.0040 0.4627
vn -0.8686 -0.2213 0.4433
vn -0.8978 0.0038 0.4404
vn -0.8782 -0.2272 0.4210
vn -0.8509 0.0092 0.5252
vn -0.8443 0.0092 0.5358
vn -0.8575 0.0092 0.5144
vn -0.8509 -0.0092 0.5252
vn -0.8275 0.0070 0.5614
vn -0.8544 0.0075 0.5196
vn -0.8575 -0.0079 0.5144
vn -0.8443 -0.0076 0.5358
vn -0.8994 0.0092 0.4371
vn -0.8412 0.0072 0.5406
vn -0.8938 0.0092 0.4484
vn -0.9048 0.0092 0.4258
vn -0.8994 -0.0092 0.4371
vn -0.8791 0.0080 0.4765
vn -0.9017 0.0085 0.4323
vn -0.9048 -0.0089 0.4258
vn -0.8938 -0.0086 0.4484
vn -0.8907 0.0083 0.4545
vn -0.8822 -0.0084 0.4707
vn -0.8701 -0.0081 0.4927
vn -0.8881 -0.0092 0.4596
vn -0.8670 0.0078 0.4982
vn -0.8922 -0.0039 0.4516
vn -0.8807 -0.0042 0.4737
vn -0.8881 0.0092 0.4596
vn -0.8639 -0.0092 0.5036
vn -0.8685 -0.0044 0.4956
vn -0.8559 -0.0046 0.5171
vn -0.8639 0.0092 0.5036
vn -0.8763 0.0092 0.4818
vn -0.8701 0.0092 0.4927
vn -0.8822 0.0092 0.4707
vn -0.8763 -0.0092 0.4818
vn -0.8306 -0.0074 0.5569
vn -0.8163 -0.0071 0.5776
vn -0.8375 -0.0092 0.5464
vn -0.8134 0.0067 0.5817
vn -0.8443 -0.0092 0.5358
vn -0.8290 -0.0050 0.5593
vn -0.8375 0.0092 0.5464
vn -0.8090 -0.0092 0.5878
vn -0.8163 -0.0092 0.5776
vn -0.8015 -0.0092 0.5979
vn -0.8090 0.0092 0.5878
vn -0.8235 0.0092 0.5673
vn -0.8163 0.0092 0.5776
vn -0.8305 0.0092 0.5569
vn -0.8235 -0.0092 0.5673
vn -0.7880 0.1831 0.5878
vn -0.8001 -0.1802 0.5722
vn -0.8014 0.1904 0.5670
vn -0.8128 -0.1882 0.5513
vn -0.8359 0.0048 0.5489
vn -0.8251 -0.1951 0.5303
vn -0.8263 0.2055 0.5244
vn -0.8368 -0.2023 0.5088
vn -0.9457 0.0028 0.3251
vn -0.9180 -0.2509 0.3071
vn -0.9535 0.0026 0.3013
vn -0.9244 -0.2547 0.2839
vn -0.9607 0.0024 0.2774
vn -0.9303 -0.2581 0.2607
vn -0.9674 0.0022 0.2533
vn -0.9357 -0.2613 0.2373
vn -0.9387 0.0092 0.3447
vn -0.9343 0.0092 0.3564
vn -0.9429 0.0092 0.3328
vn -0.9387 -0.0092 0.3447
vn -0.9221 0.0089 0.3870
vn -0.9401 0.0093 0.3407
vn -0.9429 -0.0096 0.3328
vn -0.9343 -0.0094 0.3564
vn -0.9685 0.0092 0.2487
vn -0.9314 0.0091 0.3640
vn -0.9653 0.0092 0.2608
vn -0.9716 0.0092 0.2365
vn -0.9685 -0.0092 0.2487
vn -0.9559 0.0096 0.2936
vn -0.9693 0.0098 0.2458
vn -0.9716 -0.0102 0.2365
vn -0.9653 -0.0101 0.2608
vn -0.9629 0.0097 0.2698
vn -0.9585 -0.0099 0.2850
vn -0.9510 -0.0098 0.3090
vn -0.9620 -0.0092 0.2730
vn -0.9483 0.0094 0.3173
vn -0.9641 -0.0022 0.2654
vn -0.9572 -0.0024 0.2894
vn -0.9620 0.0092 0.2730
vn -0.9471 -0.0092 0.3209
vn -0.9497 -0.0027 0.3133
vn -0.9415 -0.0029 0.3369
vn -0.9471 0.0092 0.3209
vn -0.9548 0.0092 0.2970
vn -0.9510 0.0092 0.3090
vn -0.9585 0.0092 0.2850
vn -0.9548 -0.0092 0.2970
vn -0.9914 0.0012 0.1308
vn -0.9547 -0.2728 0.1191
vn -0.9944 0.0009 0.1060
vn -0.9569 -0.2742 0.0954
vn -0.9967 0.0007 0.0811
vn -0.9587 -0.2751 0.0716
vn -0.9984 0.0005 0.0562
vn -0.9600 -0.2758 0.0477
vn -0.9886 0.0092 0.1502
vn -0.9866 0.0092 0.1626
vn -0.9904 0.0092 0.1378
vn -0.9886 -0.0092 0.1502
vn -0.9803 0.0101 0.1974
vn -0.9866 -0.0104 0.1626
vn -0.9904 -0.0105 0.1378
vn -0.9922 0.0103 0.1238
vn -0.9987 0.0092 0.0502
vn -0.9849 0.0102 0.1730
vn -0.9889 0.0102 0.1485
vn -0.9980 0.0092 0.0628
vn -0.9992 0.0092 0.0377
vn -0.9987 -0.0092 0.0502
vn -0.9992 -0.0107 0.0377
vn -0.9996 0.0104 0.0248
vn -0.9980 -0.0107 0.0628
vn -0.9987 0.0104 0.0497
vn -0.9961 -0.0106 0.0878
vn -0.9972 0.0104 0.0744
vn -0.9936 -0.0106 0.1129
vn -0.9950 0.0104 0.0992
vn -0.9971 -0.0092 0.0753
vn -0.9976 -0.0005 0.0687
vn -0.9956 -0.0007 0.0936
vn -0.9971 0.0092 0.0753
vn -0.9921 -0.0092 0.1253
vn -0.9930 -0.0010 0.1184
vn -0.9897 -0.0012 0.1432
vn -0.9921 0.0092 0.1253
vn -0.9949 0.0092 0.1004
vn -0.9936 0.0092 0.1128
vn -0.9961 0.0092 0.0878
vn -0.9949 -0.0092 0.1004
vn -0.9822 -0.0104 0.1874
vn -0.9772 -0.0103 0.2120
vn -0.9845 -0.0092 0.1750
vn -0.9751 0.0100 0.2216
vn -0.9866 -0.0092 0.1626
vn -0.9813 -0.0016 0.1925
vn -0.9845 0.0092 0.1750
vn -0.9745 -0.0092 0.2243
vn -0.9772 -0.0092 0.2120
vn -0.9716 -0.0092 0.2365
vn -0.9745 0.0092 0.2243
vn -0.9798 0.0092 0.1997
vn -0.9772 0.0092 0.2120
vn -0.9822 0.0092 0.1874
vn -0.9798 -0.0092 0.1997
vn -0.9357 0.2695 0.2278
vn -0.9405 -0.2642 0.2138
vn -0.9405 0.2717 0.2040
vn -0.9447 -0.2672 0.1902
vn -0.9836 0.0016 0.1801
vn -0.9485 -0.2693 0.1666
vn -0.9483 0.2762 0.1563
vn -0.9518 -0.2712 0.1429
vn -0.9250 -0.0093 0.3798
vn -0.9152 -0.0091 0.4029
vn -0.9297 -0.0092 0.3681
vn -0.9122 0.0087 0.4098
vn -0.9343 -0.0092 0.3564
vn -0.9250 -0.0092 0.3798
vn -0.9297 0.0092 0.3681
vn -0.9101 -0.0092 0.4144
vn -0.9152 -0.0092 0.4029
vn -0.9048 -0.0092 0.4258
vn -0.9101 0.0092 0.4144
vn -0.9202 0.0092 0.3914
vn -0.9152 0.0092 0.4029
vn -0.9250 0.0092 0.3798
vn -0.9202 -0.0092 0.3914
vn -0.8791 0.2365 0.4137
vn -0.8871 -0.2328 0.3985
vn -0.8881 0.2416 0.3910
vn -0.8956 -0.2379 0.3759
vn -0.8965 0.2466 0.3681
vn -0.9036 -0.2424 0.3531
vn -0.9044 0.2511 0.3450
vn -0.9110 -0.2470 0.3302
vn -0.7005 0.0042 0.7137
vn -0.6825 0.0038 0.7308
vn -0.7115 -0.0092 0.7027
vn -0.6845 -0.0043 0.7290
vn -0.7190 -0.0065 0.6950
vn -0.7026 -0.0092 0.7115
vn -0.7115 0.0092 0.7027
vn -0.6753 -0.0092 0.7375
vn -0.6845 -0.0092 0.7290
vn -0.6659 -0.0092 0.7459
vn -0.6753 0.0092 0.7375
vn -0.6936 0.0092 0.7203
vn -0.6845 0.0092 0.7290
vn -0.7026 0.0092 0.7115
vn -0.6936 -0.0092 0.7203
vn -0.6613 -0.0936 0.7443
vn -0.6788 -0.1049 0.7268
vn -0.6622 0.1063 0.7417
vn -0.6798 0.1168 0.7240
vn -0.7123 -0.1261 0.6905
vn -0.6969 0.1276 0.7057
vn -0.7274 0.0060 0.6861
vn -0.7283 -0.1356 0.6717
vn -0.6958 -0.1157 0.7089
vn 0.0126 -0.0092 0.9999
vn 0.0434 0.0083 0.9990
vn 0.0252 -0.0084 0.9996
vn 0.0093 0.0042 0.9999
vn 0.0252 -0.0092 0.9996
vn 0.0126 0.0092 0.9999
vn 0.0629 -0.0092 0.9980
vn 0.0503 -0.0091 0.9987
vn 0.0754 -0.0091 0.9971
vn 0.0629 0.0092 0.9980
vn 0.0378 0.0092 0.9992
vn 0.0503 0.0091 0.9987
vn 0.0252 0.0092 0.9996
vn 0.0378 -0.0092 0.9992
vn 0.0733 0.2364 0.9689
vn 0.0665 -0.2272 0.9716
vn 0.0490 0.2313 0.9717
vn 0.0424 -0.2225 0.9740
vn 0.0246 0.2254 0.9739
vn 0.0182 -0.2153 0.9764
vn -0.0032 -0.0044 1.0000
vn -0.0061 -0.2096 0.9778
vn -0.9976 -0.0005 -0.0687
vn -0.9587 -0.2751 -0.0716
vn -0.9956 -0.0007 -0.0936
vn -0.9569 -0.2742 -0.0954
vn -0.9930 -0.0010 -0.1184
vn -0.9547 -0.2728 -0.1191
vn -0.9897 -0.0012 -0.1432
vn -0.9518 -0.2712 -0.1429
vn -0.9987 0.0092 -0.0502
vn -0.9992 0.0092 -0.0377
vn -0.9980 0.0092 -0.0628
vn -0.9987 -0.0092 -0.0502
vn -0.9980 -0.0107 -0.0628
vn -0.9972 0.0104 -0.0744
vn -0.9992 -0.0107 -0.0377
vn -0.9987 0.0104 -0.0497
vn -0.9886 0.0092 -0.1502
vn -0.9904 0.0092 -0.1378
vn -0.9866 0.0092 -0.1626
vn -0.9886 -0.0092 -0.1502
vn -0.9849 0.0102 -0.1730
vn -0.9822 -0.0104 -0.1874
vn -0.9904 -0.0105 -0.1378
vn -0.9889 0.0102 -0.1485
vn -0.9866 -0.0104 -0.1626
vn -0.9936 -0.0106 -0.1129
vn -0.9922 0.0103 -0.1238
vn -0.9961 -0.0106 -0.0878
vn -0.9950 0.0104 -0.0992
vn -0.9921 -0.0092 -0.1253
vn -0.9914 0.0012 -0.1308
vn -0.9944 0.0009 -0.1060
vn -0.9921 0.0092 -0.1253
vn -0.9971 -0.0092 -0.0753
vn -0.9967 0.0007 -0.0811
vn -0.9984 0.0005 -0.0562
vn -0.9971 0.0092 -0.0753
vn -0.9949 0.0092 -0.1004
vn -0.9961 0.0092 -0.0878
vn -0.9936 0.0092 -0.1128
vn -0.9949 -0.0092 -0.1004
vn -0.9641 -0.0022 -0.2654
vn -0.9303 -0.2581 -0.2607
vn -0.9572 -0.0024 -0.2894
vn -0.9244 -0.2547 -0.2839
vn -0.9497 -0.0027 -0.3133
vn -0.9180 -0.2509 -0.3071
vn -0.9415 -0.0029 -0.3369
vn -0.9110 -0.2470 -0.3302
vn -0.9685 0.0092 -0.2487
vn -0.9716 0.0092 -0.2365
vn -0.9653 0.0092 -0.2608
vn -0.9685 -0.0092 -0.2487
vn -0.9751 0.0100 -0.2216
vn -0.9716 -0.0102 -0.2365
vn -0.9653 -0.0101 -0.2608
vn -0.9585 -0.0099 -0.2850
vn -0.9629 0.0097 -0.2698
vn -0.9387 0.0092 -0.3447
vn -0.9693 0.0098 -0.2458
vn -0.9429 0.0092 -0.3328
vn -0.9343 0.0092 -0.3564
vn -0.9387 -0.0092 -0.3447
vn -0.9483 0.0094 -0.3173
vn -0.9429 -0.0096 -0.3328
vn -0.9314 0.0091 -0.3640
vn -0.9250 -0.0093 -0.3798
vn -0.9401 0.0093 -0.3407
vn -0.9343 -0.0094 -0.3564
vn -0.9471 -0.0092 -0.3209
vn -0.9559 0.0096 -0.2936
vn -0.9510 -0.0098 -0.3090
vn -0.9457 0.0028 -0.3251
vn -0.9535 0.0026 -0.3013
vn -0.9471 0.0092 -0.3209
vn -0.9620 -0.0092 -0.2730
vn -0.9607 0.0024 -0.2774
vn -0.9674 0.0022 -0.2533
vn -0.9620 0.0092 -0.2730
vn -0.9548 0.0092 -0.2970
vn -0.9585 0.0092 -0.2850
vn -0.9510 0.0092 -0.3090
vn -0.9548 -0.0092 -0.2970
vn -0.9745 -0.0092 -0.2243
vn -0.9803 0.0101 -0.1974
vn -0.9772 -0.0103 -0.2120
vn -0.9734 0.0020 -0.2291
vn -0.9788 0.0018 -0.2047
vn -0.9745 0.0092 -0.2243
vn -0.9845 -0.0092 -0.1750
vn -0.9822 -0.0092 -0.1874
vn -0.9866 -0.0092 -0.1626
vn -0.9845 0.0092 -0.1750
vn -0.9798 0.0092 -0.1997
vn -0.9822 0.0092 -0.1874
vn -0.9772 0.0092 -0.2120
vn -0.9798 -0.0092 -0.1997
vn -0.9483 0.2762 -0.1563
vn -0.9485 -0.2693 -0.1666
vn -0.9447 0.2739 -0.1802
vn -0.9447 -0.2672 -0.1902
vn -0.9762 -0.0018 -0.2169
vn -0.9405 -0.2642 -0.2138
vn -0.9705 -0.0020 -0.2413
vn -0.9357 -0.2613 -0.2373
vn -0.8922 -0.0039 -0.4516
vn -0.8686 -0.2214 -0.4433
vn -0.8807 -0.0042 -0.4737
vn -0.8586 -0.2152 -0.4654
vn -0.8685 -0.0044 -0.4956
vn -0.8479 -0.2091 -0.4872
vn -0.8559 -0.0046 -0.5171
vn -0.8367 -0.2023 -0.5088
vn -0.8994 0.0092 -0.4371
vn -0.9048 0.0092 -0.4258
vn -0.8938 0.0092 -0.4484
vn -0.8994 -0.0092 -0.4371
vn -0.9122 0.0087 -0.4098
vn -0.9048 -0.0089 -0.4258
vn -0.8907 0.0083 -0.4545
vn -0.8822 -0.0084 -0.4707
vn -0.8509 0.0092 -0.5252
vn -0.9017 0.0085 -0.4323
vn -0.8938 -0.0086 -0.4484
vn -0.8575 0.0092 -0.5144
vn -0.8443 0.0092 -0.5358
vn -0.8509 -0.0092 -0.5252
vn -0.8670 0.0078 -0.4982
vn -0.8575 -0.0079 -0.5144
vn -0.8412 0.0072 -0.5406
vn -0.8306 -0.0074 -0.5569
vn -0.8544 0.0075 -0.5196
vn -0.8443 -0.0076 -0.5358
vn -0.8639 -0.0092 -0.5036
vn -0.8791 0.0080 -0.4765
vn -0.8701 -0.0081 -0.4927
vn -0.8623 0.0044 -0.5064
vn -0.8746 0.0042 -0.4847
vn -0.8639 0.0092 -0.5036
vn -0.8881 -0.0092 -0.4596
vn -0.8865 0.0040 -0.4627
vn -0.8978 0.0038 -0.4404
vn -0.8881 0.0092 -0.4596
vn -0.8763 0.0092 -0.4818
vn -0.8822 0.0092 -0.4707
vn -0.8701 0.0092 -0.4927
vn -0.8763 -0.0092 -0.4818
vn -0.7848 -0.0057 -0.6198
vn -0.7729 -0.1636 -0.6130
vn -0.7690 -0.0059 -0.6392
vn -0.7586 -0.1545 -0.6330
vn -0.7528 -0.0061 -0.6582
vn -0.7436 -0.1457 -0.6525
vn -0.7362 -0.0063 -0.6768
vn -0.7283 -0.1357 -0.6717
vn -0.7939 0.0092 -0.6079
vn -0.8015 0.0092 -0.5979
vn -0.7862 0.0092 -0.6179
vn -0.7939 -0.0092 -0.6079
vn -0.8134 0.0067 -0.5817
vn -0.8015 -0.0068 -0.5979
vn -0.7835 0.0060 -0.6214
vn -0.7705 -0.0061 -0.6374
vn -0.7289 0.0092 -0.6845
vn -0.7987 0.0063 -0.6017
vn -0.7862 -0.0065 -0.6179
vn -0.7375 0.0092 -0.6753
vn -0.7203 0.0092 -0.6937
vn -0.7289 -0.0092 -0.6845
vn -0.7517 0.0054 -0.6595
vn -0.7375 -0.0054 -0.6754
vn -0.7203 -0.0051 -0.6937
vn -0.7180 0.0046 -0.6960
vn -0.7351 0.0050 -0.6780
vn -0.7459 -0.0092 -0.6660
vn -0.7678 0.0057 -0.6407
vn -0.7542 -0.0058 -0.6566
vn -0.7444 0.0058 -0.6677
vn -0.7609 0.0057 -0.6489
vn -0.7459 0.0092 -0.6660
vn -0.7784 -0.0092 -0.6277
vn -0.7768 0.0055 -0.6297
vn -0.7924 0.0053 -0.6100
vn -0.7784 0.0092 -0.6277
vn -0.7624 0.0092 -0.6471
vn -0.7705 0.0092 -0.6374
vn -0.7542 0.0092 -0.6566
vn -0.7624 -0.0092 -0.6471
vn -0.8090 -0.0092 -0.5878
vn -0.8275 0.0070 -0.5614
vn -0.8163 -0.0071 -0.5776
vn -0.8074 0.0052 -0.5900
vn -0.8219 0.0050 -0.5696
vn -0.8090 0.0092 -0.5878
vn -0.8375 -0.0092 -0.5464
vn -0.8305 -0.0092 -0.5569
vn -0.8443 -0.0092 -0.5358
vn -0.8375 0.0092 -0.5464
vn -0.8235 0.0092 -0.5673
vn -0.8305 0.0092 -0.5569
vn -0.8163 0.0092 -0.5776
vn -0.8235 -0.0092 -0.5673
vn -0.8263 0.2055 -0.5244
vn -0.8251 -0.1950 -0.5303
vn -0.8141 0.1983 -0.5458
vn -0.8128 -0.1883 -0.5513
vn -0.8148 -0.0052 -0.5798
vn -0.8001 -0.1801 -0.5722
vn -0.8000 -0.0055 -0.6000
vn -0.7868 -0.1719 -0.5928
vn -0.9101 -0.0092 -0.4144
vn -0.9221 0.0089 -0.3870
vn -0.9152 -0.0091 -0.4029
vn -0.9085 0.0036 -0.4179
vn -0.9152 -0.0092 -0.4029
vn -0.9101 0.0092 -0.4144
vn -0.9297 -0.0092 -0.3681
vn -0.9250 -0.0092 -0.3798
vn -0.9343 -0.0092 -0.3564
vn -0.9297 0.0092 -0.3681
vn -0.9202 0.0092 -0.3914
vn -0.9250 0.0092 -0.3798
vn -0.9152 0.0092 -0.4029
vn -0.9202 -0.0092 -0.3914
vn -0.9044 0.2511 -0.3450
vn -0.9036 -0.2424 -0.3531
vn -0.8965 0.2466 -0.3681
vn -0.8956 -0.2379 -0.3759
vn -0.8881 0.2416 -0.3910
vn -0.8871 -0.2328 -0.3985
vn -0.9032 -0.0037 -0.4292
vn -0.8782 -0.2272 -0.4210
vn -0.6461 -0.0074 -0.7632
vn -0.6432 -0.0822 -0.7612
vn -0.6268 -0.0076 -0.7791
vn -0.6247 -0.0715 -0.7776
vn -0.6072 -0.0078 -0.7945
vn -0.6057 -0.0587 -0.7936
vn -0.5871 -0.0080 -0.8095
vn -0.5861 -0.0466 -0.8089
vn -0.6565 0.0092 -0.7542
vn -0.6659 0.0092 -0.7459
vn -0.6470 0.0092 -0.7624
vn -0.6565 -0.0092 -0.7542
vn -0.6845 -0.0043 -0.7290
vn -0.6470 -0.0035 -0.7625
vn -0.6454 0.0030 -0.7638
vn -0.6642 0.0034 -0.7476
vn -0.5775 0.0092 -0.8163
vn -0.6660 -0.0039 -0.7460
vn -0.5877 0.0092 -0.8090
vn -0.5672 0.0092 -0.8235
vn -0.5775 -0.0092 -0.8163
vn -0.6079 -0.0026 -0.7940
vn -0.5672 -0.0017 -0.8236
vn -0.5665 0.0012 -0.8241
vn -0.5868 0.0017 -0.8097
vn -0.5877 -0.0022 -0.8090
vn -0.6067 0.0021 -0.7949
vn -0.6263 0.0026 -0.7796
vn -0.5978 -0.0092 -0.8016
vn -0.6277 -0.0030 -0.7785
vn -0.5963 0.0063 -0.8028
vn -0.6163 0.0064 -0.7875
vn -0.5978 0.0092 -0.8016
vn -0.6374 -0.0092 -0.7705
vn -0.6360 0.0064 -0.7717
vn -0.6551 0.0065 -0.7555
vn -0.6374 0.0092 -0.7705
vn -0.6178 0.0092 -0.7863
vn -0.6276 0.0092 -0.7785
vn -0.6079 0.0092 -0.7940
vn -0.6178 -0.0092 -0.7863
vn -0.4600 -0.0208 -0.8877
vn -0.4733 0.0048 -0.8809
vn -0.4820 -0.0074 -0.8762
vn -0.4503 0.0058 -0.8928
vn -0.4149 -0.0474 -0.9086
vn -0.4277 0.0059 -0.9039
vn -0.4046 0.0065 -0.9145
vn -0.4376 -0.0333 -0.8985
vn -0.4927 0.0091 -0.8702
vn -0.5036 0.0092 -0.8639
vn -0.4817 0.0092 -0.8763
vn -0.4927 -0.0091 -0.8702
vn -0.5251 -0.0008 -0.8510
vn -0.4817 -0.0008 -0.8763
vn -0.4820 0.0003 -0.8762
vn -0.5036 -0.0003 -0.8640
vn -0.4028 0.0091 -0.9152
vn -0.5036 -0.0002 -0.8639
vn -0.4143 0.0092 -0.9101
vn -0.3913 0.0092 -0.9202
vn -0.4028 -0.0091 -0.9152
vn -0.4371 -0.0017 -0.8994
vn -0.3913 -0.0026 -0.9203
vn -0.3927 0.0022 -0.9197
vn -0.4154 0.0017 -0.9096
vn -0.4143 -0.0022 -0.9101
vn -0.4379 0.0012 -0.8990
vn -0.4601 0.0008 -0.8879
vn -0.4257 -0.0092 -0.9048
vn -0.4595 -0.0013 -0.8882
vn -0.4150 -0.0081 -0.9098
vn -0.4376 -0.0083 -0.8991
vn -0.4257 0.0092 -0.9048
vn -0.4706 -0.0091 -0.8823
vn -0.4599 -0.0085 -0.8879
vn -0.4820 -0.0087 -0.8761
vn -0.4706 0.0091 -0.8823
vn -0.4483 0.0092 -0.8938
vn -0.4595 0.0092 -0.8881
vn -0.4370 0.0092 -0.8994
vn -0.4483 -0.0092 -0.8938
vn -0.5249 0.0002 -0.8512
vn -0.5459 0.0007 -0.8379
vn -0.5144 -0.0092 -0.8575
vn -0.5464 -0.0012 -0.8376
vn -0.5036 -0.0092 -0.8639
vn -0.5332 0.0045 -0.8460
vn -0.5144 0.0092 -0.8575
vn -0.5568 -0.0092 -0.8306
vn -0.5548 0.0058 -0.8319
vn -0.5672 -0.0092 -0.8235
vn -0.5568 0.0092 -0.8306
vn -0.5358 0.0092 -0.8443
vn -0.5463 0.0092 -0.8375
vn -0.5251 0.0092 -0.8510
vn -0.5358 -0.0092 -0.8443
vn -0.5036 0.0074 -0.8639
vn -0.5666 0.0473 -0.8226
vn -0.5662 -0.0331 -0.8236
vn -0.5459 -0.0085 -0.8378
vn -0.5457 -0.0199 -0.8377
vn -0.5036 0.0068 -0.8639
vn -0.5248 -0.0087 -0.8512
vn -0.5249 -0.0064 -0.8512
vn -0.2739 -0.1166 -0.9547
vn -0.2869 0.0062 -0.9580
vn -0.2628 0.0061 -0.9648
vn -0.2256 -0.1359 -0.9647
vn -0.2385 0.0060 -0.9711
vn -0.2142 0.0059 -0.9768
vn -0.2498 -0.1264 -0.9600
vn -0.3089 0.0092 -0.9510
vn -0.3209 0.0091 -0.9471
vn -0.2970 0.0092 -0.9548
vn -0.3089 -0.0092 -0.9510
vn -0.3446 -0.0035 -0.9388
vn -0.2970 -0.0043 -0.9549
vn -0.2995 0.0038 -0.9541
vn -0.3232 0.0035 -0.9463
vn -0.2119 0.0092 -0.9772
vn -0.3209 -0.0039 -0.9471
vn -0.2242 0.0091 -0.9745
vn -0.1996 0.0092 -0.9798
vn -0.2119 -0.0092 -0.9772
vn -0.2486 -0.0051 -0.9686
vn -0.2035 0.0053 -0.9791
vn -0.1996 -0.0058 -0.9799
vn -0.2242 -0.0054 -0.9745
vn -0.2277 0.0050 -0.9737
vn -0.2518 0.0046 -0.9678
vn -0.2758 0.0043 -0.9612
vn -0.2364 -0.0092 -0.9716
vn -0.2729 -0.0047 -0.9620
vn -0.2261 -0.0063 -0.9741
vn -0.2504 -0.0065 -0.9681
vn -0.2364 0.0092 -0.9716
vn -0.2849 -0.0092 -0.9585
vn -0.2745 -0.0067 -0.9616
vn -0.2984 -0.0070 -0.9544
vn -0.2849 0.0092 -0.9585
vn -0.2608 0.0091 -0.9654
vn -0.2729 0.0092 -0.9620
vn -0.2486 0.0092 -0.9686
vn -0.2608 -0.0091 -0.9654
vn -0.0906 0.0050 -0.9959
vn -0.0792 -0.1877 -0.9790
vn -0.0657 0.0048 -0.9978
vn -0.0548 -0.1965 -0.9790
vn -0.0407 0.0046 -0.9992
vn -0.0304 -0.2031 -0.9787
vn -0.0157 0.0044 -0.9999
vn -0.0061 -0.2095 -0.9778
vn -0.1128 0.0092 -0.9936
vn -0.1252 0.0092 -0.9921
vn -0.1003 0.0092 -0.9949
vn -0.1128 -0.0092 -0.9936
vn -0.1546 0.0060 -0.9880
vn -0.1053 0.0067 -0.9944
vn -0.1003 -0.0071 -0.9949
vn -0.1253 -0.0068 -0.9921
vn -0.0125 0.0092 -0.9999
vn -0.1300 0.0064 -0.9915
vn -0.0250 0.0092 -0.9996
vn 0.0001 0.0092 -1.0000
vn -0.0125 -0.0092 -0.9999
vn -0.0558 0.0073 -0.9984
vn -0.0062 0.0078 -1.0000
vn 0.0001 -0.0082 -1.0000
vn -0.0250 -0.0079 -0.9997
vn -0.0310 0.0075 -0.9995
vn -0.0502 -0.0077 -0.9987
vn -0.0752 -0.0073 -0.9971
vn -0.0376 -0.0092 -0.9993
vn -0.0806 0.0069 -0.9967
vn -0.0282 -0.0046 -0.9996
vn -0.0531 -0.0048 -0.9986
vn -0.0376 0.0092 -0.9993
vn -0.0878 -0.0092 -0.9961
vn -0.0781 -0.0050 -0.9969
vn -0.1030 -0.0052 -0.9947
vn -0.0878 0.0092 -0.9961
vn -0.0627 0.0091 -0.9980
vn -0.0752 0.0092 -0.9971
vn -0.0502 0.0092 -0.9987
vn -0.0627 -0.0091 -0.9980
vn -0.1501 -0.0064 -0.9886
vn -0.1749 -0.0061 -0.9846
vn -0.1377 -0.0092 -0.9904
vn -0.1791 0.0057 -0.9838
vn -0.1252 -0.0092 -0.9921
vn -0.1525 -0.0057 -0.9883
vn -0.1377 0.0092 -0.9904
vn -0.1873 -0.0092 -0.9823
vn -0.1749 -0.0091 -0.9845
vn -0.1996 -0.0092 -0.9798
vn -0.1873 0.0092 -0.9823
vn -0.1626 0.0092 -0.9867
vn -0.1749 0.0091 -0.9845
vn -0.1501 0.0092 -0.9886
vn -0.1626 -0.0092 -0.9867
vn -0.2013 -0.1451 -0.9687
vn -0.1769 -0.1550 -0.9719
vn -0.1972 0.1571 -0.9677
vn -0.1725 0.1654 -0.9710
vn -0.1403 0.0053 -0.9901
vn -0.1281 -0.1725 -0.9766
vn -0.1231 0.1839 -0.9752
vn -0.1036 -0.1811 -0.9780
vn -0.1525 -0.1636 -0.9747
vn -0.3466 0.0030 -0.9380
vn -0.3697 0.0026 -0.9291
vn -0.3327 -0.0092 -0.9430
vn -0.3681 -0.0031 -0.9298
vn -0.3222 -0.0072 -0.9467
vn -0.3446 -0.0092 -0.9387
vn -0.3327 0.0092 -0.9430
vn -0.3797 -0.0092 -0.9251
vn -0.3681 -0.0092 -0.9298
vn -0.3913 -0.0092 -0.9202
vn -0.3797 0.0092 -0.9251
vn -0.3563 0.0092 -0.9343
vn -0.3681 0.0092 -0.9298
vn -0.3446 0.0092 -0.9387
vn -0.3563 -0.0092 -0.9343
vn -0.3920 -0.0596 -0.9180
vn -0.3688 -0.0718 -0.9267
vn -0.3903 0.0720 -0.9179
vn -0.3668 0.0839 -0.9265
vn -0.3217 -0.0946 -0.9421
vn -0.3430 0.0958 -0.9344
vn -0.3108 0.0063 -0.9505
vn -0.2979 -0.1051 -0.9488
vn -0.3454 -0.0830 -0.9348
vn -0.6825 0.0038 -0.7308
vn -0.7005 0.0042 -0.7137
vn -0.6753 -0.0092 -0.7375
vn -0.7026 -0.0047 -0.7116
vn -0.6738 0.0063 -0.7388
vn -0.6845 -0.0092 -0.7290
vn -0.6753 0.0092 -0.7375
vn -0.7115 -0.0092 -0.7027
vn -0.7026 -0.0092 -0.7115
vn -0.7203 -0.0092 -0.6937
vn -0.7115 0.0092 -0.7027
vn -0.6936 0.0092 -0.7203
vn -0.7026 0.0092 -0.7115
vn -0.6845 0.0092 -0.7290
vn -0.6936 -0.0092 -0.7203
vn -0.7134 0.1379 -0.6871
vn -0.7123 -0.1261 -0.6905
vn -0.6969 0.1276 -0.7057
vn -0.6958 -0.1159 -0.7089
vn -0.6798 0.1166 -0.7240
vn -0.6788 -0.1049 -0.7268
vn -0.6649 -0.0072 -0.7469
vn -0.6613 -0.0936 -0.7443
vn 0.1090 0.0034 -0.9940
vn 0.1143 -0.2380 -0.9645
vn 0.1338 0.0032 -0.9910
vn 0.1381 -0.2428 -0.9602
vn 0.1586 0.0030 -0.9873
vn 0.1617 -0.2475 -0.9553
vn 0.1832 0.0028 -0.9831
vn 0.1851 -0.2520 -0.9499
vn 0.0879 0.0092 -0.9961
vn 0.0754 0.0091 -0.9971
vn 0.1004 0.0092 -0.9949
vn 0.0879 -0.0092 -0.9961
vn 0.0434 0.0083 -0.9990
vn 0.0930 0.0087 -0.9956
vn 0.1004 -0.0091 -0.9949
vn 0.0754 -0.0088 -0.9971
vn 0.1875 0.0092 -0.9822
vn 0.0682 0.0085 -0.9976
vn 0.1751 0.0091 -0.9845
vn 0.1998 0.0092 -0.9798
vn 0.1875 -0.0092 -0.9822
vn 0.1423 0.0091 -0.9898
vn 0.1913 0.0095 -0.9815
vn 0.1998 -0.0098 -0.9798
vn 0.1751 -0.0096 -0.9845
vn 0.1668 0.0093 -0.9859
vn 0.1503 -0.0094 -0.9886
vn 0.1254 -0.0092 -0.9921
vn 0.1627 -0.0092 -0.9866
vn 0.1177 0.0089 -0.9930
vn 0.1709 -0.0029 -0.9853
vn 0.1462 -0.0031 -0.9893
vn 0.1627 0.0092 -0.9866
vn 0.1129 -0.0092 -0.9936
vn 0.1214 -0.0033 -0.9926
vn 0.0966 -0.0035 -0.9953
vn 0.1129 0.0092 -0.9936
vn 0.1379 0.0092 -0.9904
vn 0.1254 0.0092 -0.9921
vn 0.1503 0.0091 -0.9886
vn 0.1379 -0.0092 -0.9904
vn 0.3043 0.0018 -0.9526
vn 0.3001 -0.2663 -0.9160
vn 0.3280 0.0016 -0.9447
vn 0.3225 -0.2693 -0.9074
vn 0.3515 0.0014 -0.9362
vn 0.3447 -0.2717 -0.8985
vn 0.3748 0.0011 -0.9271
vn 0.3668 -0.2726 -0.8894
vn 0.2851 0.0092 -0.9585
vn 0.2730 0.0092 -0.9620
vn 0.2971 0.0092 -0.9548
vn 0.2851 -0.0092 -0.9585
vn 0.2398 0.0097 -0.9708
vn 0.2877 0.0100 -0.9577
vn 0.2971 -0.0103 -0.9548
vn 0.2730 -0.0102 -0.9620
vn 0.3799 0.0092 -0.9250
vn 0.2638 0.0098 -0.9645
vn 0.3682 0.0092 -0.9297
vn 0.3915 0.0092 -0.9202
vn 0.3799 -0.0092 -0.9250
vn 0.3349 0.0102 -0.9422
vn 0.3582 0.0103 -0.9336
vn 0.3915 -0.0106 -0.9201
vn 0.4041 0.0104 -0.9147
vn 0.3682 -0.0105 -0.9297
vn 0.3812 0.0103 -0.9244
vn 0.3447 -0.0105 -0.9386
vn 0.3210 -0.0104 -0.9470
vn 0.3565 -0.0091 -0.9343
vn 0.3114 0.0100 -0.9502
vn 0.3631 -0.0012 -0.9317
vn 0.3397 -0.0014 -0.9405
vn 0.3565 0.0091 -0.9343
vn 0.3091 -0.0092 -0.9510
vn 0.3161 -0.0016 -0.9487
vn 0.2923 -0.0018 -0.9563
vn 0.3091 0.0092 -0.9510
vn 0.3329 0.0092 -0.9429
vn 0.3210 0.0092 -0.9470
vn 0.3447 0.0092 -0.9387
vn 0.3329 -0.0092 -0.9429
vn 0.2488 -0.0100 -0.9685
vn 0.2244 -0.0099 -0.9745
vn 0.2609 -0.0092 -0.9653
vn 0.2156 0.0096 -0.9764
vn 0.2730 -0.0092 -0.9620
vn 0.2442 -0.0022 -0.9697
vn 0.2609 0.0092 -0.9653
vn 0.2121 -0.0092 -0.9772
vn 0.2244 -0.0092 -0.9745
vn 0.1998 -0.0092 -0.9798
vn 0.2121 0.0092 -0.9772
vn 0.2366 0.0092 -0.9716
vn 0.2244 0.0092 -0.9745
vn 0.2488 0.0092 -0.9685
vn 0.2366 -0.0092 -0.9716
vn 0.1929 0.2597 -0.9462
vn 0.2085 -0.2549 -0.9442
vn 0.2164 0.2634 -0.9401
vn 0.2316 -0.2584 -0.9379
vn 0.2563 0.0022 -0.9666
vn 0.2546 -0.2613 -0.9311
vn 0.2630 0.2693 -0.9265
vn 0.2774 -0.2648 -0.9235
vn 0.4874 0.0001 -0.8732
vn 0.4736 -0.2766 -0.8362
vn 0.5091 -0.0001 -0.8607
vn 0.4943 -0.2761 -0.8243
vn 0.5304 -0.0003 -0.8477
vn 0.5146 -0.2758 -0.8118
vn 0.5514 -0.0005 -0.8342
vn 0.5348 -0.2751 -0.7990
vn 0.4708 0.0092 -0.8822
vn 0.4597 0.0092 -0.8880
vn 0.4818 0.0092 -0.8762
vn 0.4708 -0.0092 -0.8822
vn 0.4818 -0.0107 -0.8762
vn 0.4928 0.0105 -0.8701
vn 0.4596 -0.0107 -0.8880
vn 0.4710 0.0105 -0.8821
vn 0.5569 0.0092 -0.8305
vn 0.5465 0.0092 -0.8374
vn 0.5673 0.0092 -0.8234
vn 0.5569 -0.0092 -0.8305
vn 0.5673 -0.0106 -0.8234
vn 0.5766 0.0104 -0.8169
vn 0.5465 -0.0107 -0.8374
vn 0.5562 0.0104 -0.8310
vn 0.5252 -0.0107 -0.8509
vn 0.5354 0.0104 -0.8445
vn 0.5037 -0.0107 -0.8638
vn 0.5142 0.0105 -0.8576
vn 0.5359 -0.0092 -0.8442
vn 0.5409 0.0005 -0.8411
vn 0.5197 0.0003 -0.8543
vn 0.5359 0.0092 -0.8442
vn 0.4928 -0.0092 -0.8701
vn 0.4982 0.0001 -0.8671
vn 0.4764 -0.0001 -0.8792
vn 0.4928 0.0092 -0.8701
vn 0.5145 0.0092 -0.8574
vn 0.5037 0.0092 -0.8638
vn 0.5253 0.0092 -0.8509
vn 0.5145 -0.0092 -0.8574
vn 0.6511 -0.0016 -0.7590
vn 0.6311 -0.2668 -0.7284
vn 0.6698 -0.0018 -0.7425
vn 0.6495 -0.2643 -0.7130
vn 0.6882 -0.0020 -0.7255
vn 0.6675 -0.2613 -0.6972
vn 0.7061 -0.0022 -0.7081
vn 0.6853 -0.2579 -0.6811
vn 0.6375 0.0092 -0.7704
vn 0.6278 0.0092 -0.7784
vn 0.6471 0.0092 -0.7623
vn 0.6375 -0.0092 -0.7704
vn 0.6277 -0.0104 -0.7783
vn 0.6548 0.0101 -0.7557
vn 0.6661 -0.0103 -0.7458
vn 0.7116 0.0092 -0.7025
vn 0.6359 0.0101 -0.7717
vn 0.6471 -0.0104 -0.7623
vn 0.7027 0.0092 -0.7114
vn 0.7204 0.0092 -0.6935
vn 0.7116 -0.0092 -0.7025
vn 0.6915 0.0098 -0.7223
vn 0.7027 -0.0100 -0.7114
vn 0.7266 0.0096 -0.6870
vn 0.7376 -0.0098 -0.6752
vn 0.7093 0.0097 -0.7049
vn 0.7204 -0.0099 -0.6935
vn 0.6937 -0.0092 -0.7202
vn 0.6734 0.0100 -0.7392
vn 0.6846 -0.0102 -0.7288
vn 0.6972 0.0022 -0.7169
vn 0.6790 0.0020 -0.7341
vn 0.6937 0.0092 -0.7202
vn 0.6566 -0.0092 -0.7541
vn 0.6605 0.0018 -0.7508
vn 0.6415 0.0016 -0.7671
vn 0.6566 0.0092 -0.7541
vn 0.6754 0.0092 -0.7374
vn 0.6661 0.0092 -0.7458
vn 0.6846 0.0092 -0.7289
vn 0.6754 -0.0092 -0.7374
vn 0.6080 -0.0105 -0.7939
vn 0.6165 0.0102 -0.7873
vn 0.5878 -0.0106 -0.8089
vn 0.5968 0.0103 -0.8024
vn 0.6179 -0.0092 -0.7862
vn 0.6221 0.0014 -0.7829
vn 0.6024 0.0012 -0.7982
vn 0.6179 0.0092 -0.7862
vn 0.5776 -0.0092 -0.8162
vn 0.5879 -0.0092 -0.8089
vn 0.5673 -0.0092 -0.8234
vn 0.5776 0.0092 -0.8162
vn 0.5980 0.0092 -0.8015
vn 0.5879 0.0092 -0.8089
vn 0.6080 0.0092 -0.7939
vn 0.5980 -0.0092 -0.8015
vn 0.5445 0.2811 -0.7903
vn 0.5547 -0.2737 -0.7858
vn 0.5644 0.2800 -0.7766
vn 0.5742 -0.2725 -0.7720
vn 0.6124 -0.0012 -0.7906
vn 0.5935 -0.2710 -0.7579
vn 0.6319 -0.0014 -0.7750
vn 0.6125 -0.2687 -0.7434
vn 0.4372 -0.0107 -0.8993
vn 0.4490 0.0105 -0.8935
vn 0.4144 -0.0106 -0.9100
vn 0.4267 0.0104 -0.9044
vn 0.4485 -0.0091 -0.8938
vn 0.4543 -0.0003 -0.8909
vn 0.4372 -0.0092 -0.8993
vn 0.4485 0.0091 -0.8938
vn 0.4030 -0.0092 -0.9152
vn 0.4145 -0.0092 -0.9100
vn 0.3915 -0.0092 -0.9202
vn 0.4030 0.0092 -0.9152
vn 0.4259 0.0092 -0.9047
vn 0.4145 0.0092 -0.9100
vn 0.4372 0.0092 -0.8993
vn 0.4259 -0.0092 -0.9047
vn 0.3759 0.2794 -0.8835
vn 0.3886 -0.2745 -0.8796
vn 0.3978 0.2806 -0.8735
vn 0.4102 -0.2754 -0.8694
vn 0.4195 0.2818 -0.8629
vn 0.4315 -0.2763 -0.8588
vn 0.4654 0.0003 -0.8851
vn 0.4527 -0.2763 -0.8478
vn 0.7888 -0.0033 -0.6146
vn 0.7685 -0.2377 -0.5941
vn 0.8039 -0.0035 -0.5947
vn 0.7840 -0.2325 -0.5756
vn 0.8185 -0.0037 -0.5744
vn 0.7991 -0.2272 -0.5566
vn 0.8326 -0.0040 -0.5538
vn 0.8138 -0.2211 -0.5374
vn 0.7785 0.0092 -0.6276
vn 0.7706 0.0092 -0.6373
vn 0.7863 0.0092 -0.6177
vn 0.7785 -0.0092 -0.6276
vn 0.7598 0.0093 -0.6501
vn 0.7706 -0.0094 -0.6373
vn 0.7911 0.0089 -0.6116
vn 0.8016 -0.0090 -0.5978
vn 0.8376 0.0092 -0.5463
vn 0.7757 0.0091 -0.6311
vn 0.7863 -0.0092 -0.6177
vn 0.8306 0.0092 -0.5567
vn 0.8444 0.0092 -0.5357
vn 0.8376 -0.0092 -0.5463
vn 0.8205 0.0085 -0.5716
vn 0.8306 -0.0086 -0.5567
vn 0.8479 0.0080 -0.5301
vn 0.8576 -0.0081 -0.5143
vn 0.8344 0.0082 -0.5510
vn 0.8444 -0.0084 -0.5357
vn 0.8236 -0.0092 -0.5671
vn 0.8061 0.0087 -0.5918
vn 0.8164 -0.0088 -0.5774
vn 0.8257 0.0038 -0.5641
vn 0.8113 0.0036 -0.5846
vn 0.8236 0.0092 -0.5671
vn 0.7940 -0.0092 -0.6078
vn 0.7964 0.0034 -0.6047
vn 0.7811 0.0032 -0.6244
vn 0.7940 0.0092 -0.6078
vn 0.8091 0.0092 -0.5877
vn 0.8016 0.0092 -0.5978
vn 0.8164 0.0092 -0.5774
vn 0.8091 -0.0092 -0.5877
vn 0.8952 -0.0050 -0.4457
vn 0.8804 -0.1875 -0.4356
vn 0.9060 -0.0052 -0.4232
vn 0.8922 -0.1800 -0.4142
vn 0.9163 -0.0055 -0.4005
vn 0.9036 -0.1715 -0.3925
vn 0.9260 -0.0057 -0.3774
vn 0.9144 -0.1631 -0.3705
vn 0.8882 0.0092 -0.4594
vn 0.8823 0.0092 -0.4706
vn 0.8939 0.0092 -0.4482
vn 0.8882 -0.0092 -0.4594
vn 0.8732 0.0075 -0.4874
vn 0.8823 -0.0076 -0.4706
vn 0.8963 0.0069 -0.4434
vn 0.9049 -0.0071 -0.4256
vn 0.9298 0.0092 -0.3680
vn 0.8850 0.0072 -0.4655
vn 0.8939 -0.0073 -0.4482
vn 0.9251 0.0092 -0.3796
vn 0.9343 0.0092 -0.3563
vn 0.9298 -0.0092 -0.3680
vn 0.9172 0.0063 -0.3984
vn 0.9251 -0.0064 -0.3796
vn 0.9358 0.0057 -0.3524
vn 0.9430 -0.0058 -0.3327
vn 0.9268 0.0060 -0.3755
vn 0.9344 -0.0061 -0.3563
vn 0.9203 -0.0092 -0.3912
vn 0.9070 0.0067 -0.4210
vn 0.9153 -0.0067 -0.4028
vn 0.9213 0.0053 -0.3888
vn 0.9113 0.0052 -0.4117
vn 0.9203 0.0092 -0.3912
vn 0.8994 -0.0092 -0.4370
vn 0.9007 0.0050 -0.4344
vn 0.8896 0.0048 -0.4568
vn 0.8994 0.0092 -0.4370
vn 0.9101 0.0092 -0.4142
vn 0.9049 0.0092 -0.4256
vn 0.9153 0.0092 -0.4028
vn 0.9101 -0.0092 -0.4142
vn 0.8763 -0.0092 -0.4816
vn 0.8608 0.0078 -0.5089
vn 0.8702 -0.0079 -0.4926
vn 0.8778 0.0046 -0.4789
vn 0.8656 0.0044 -0.5007
vn 0.8763 0.0092 -0.4816
vn 0.8510 -0.0092 -0.5250
vn 0.8576 -0.0092 -0.5143
vn 0.8444 -0.0092 -0.5357
vn 0.8510 0.0092 -0.5250
vn 0.8640 0.0092 -0.5035
vn 0.8576 0.0092 -0.5143
vn 0.8702 0.0092 -0.4926
vn 0.8640 -0.0092 -0.5035
vn 0.8228 0.2249 -0.5220
vn 0.8280 -0.2153 -0.5177
vn 0.8368 0.2187 -0.5019
vn 0.8418 -0.2090 -0.4977
vn 0.8718 -0.0046 -0.4899
vn 0.8552 -0.2020 -0.4773
vn 0.8837 -0.0048 -0.4679
vn 0.8680 -0.1954 -0.4566
vn 0.9658 -0.0068 -0.2591
vn 0.9598 -0.1151 -0.2561
vn 0.9720 -0.0070 -0.2349
vn 0.9670 -0.1042 -0.2325
vn 0.9776 -0.0072 -0.2105
vn 0.9735 -0.0933 -0.2086
vn 0.9825 -0.0074 -0.1860
vn 0.9794 -0.0818 -0.1846
vn 0.9620 0.0092 -0.2728
vn 0.9585 0.0092 -0.2849
vn 0.9654 0.0092 -0.2607
vn 0.9620 -0.0092 -0.2728
vn 0.9522 0.0050 -0.3055
vn 0.9654 -0.0047 -0.2607
vn 0.9662 0.0042 -0.2578
vn 0.9595 0.0046 -0.2817
vn 0.9846 0.0092 -0.1749
vn 0.9586 -0.0050 -0.2849
vn 0.9823 0.0092 -0.1872
vn 0.9867 0.0092 -0.1625
vn 0.9846 -0.0092 -0.1749
vn 0.9773 -0.0039 -0.2118
vn 0.9867 -0.0030 -0.1625
vn 0.9870 0.0026 -0.1607
vn 0.9827 0.0030 -0.1852
vn 0.9823 -0.0035 -0.1872
vn 0.9778 0.0034 -0.2095
vn 0.9723 0.0038 -0.2337
vn 0.9798 -0.0092 -0.1996
vn 0.9717 -0.0043 -0.2363
vn 0.9802 0.0064 -0.1977
vn 0.9750 0.0064 -0.2222
vn 0.9798 0.0092 -0.1996
vn 0.9686 -0.0092 -0.2485
vn 0.9691 0.0063 -0.2467
vn 0.9626 0.0061 -0.2708
vn 0.9686 0.0092 -0.2485
vn 0.9745 0.0092 -0.2241
vn 0.9716 0.0092 -0.2363
vn 0.9773 0.0092 -0.2118
vn 0.9745 -0.0092 -0.2241
vn 0.9980 -0.0085 -0.0622
vn 0.9979 -0.0199 -0.0620
vn 0.9993 -0.0087 -0.0372
vn 0.9999 0.0061 -0.0124
vn 0.9993 -0.0060 -0.0372
vn 0.9971 0.0092 -0.0752
vn 0.9961 0.0092 -0.0877
vn 0.9980 0.0092 -0.0626
vn 0.9971 -0.0092 -0.0752
vn 0.9936 -0.0021 -0.1127
vn 0.9980 -0.0012 -0.0626
vn 0.9981 0.0007 -0.0621
vn 0.9962 0.0012 -0.0868
vn 0.9961 -0.0017 -0.0877
vn 0.9999 -0.0089 -0.0126
vn 0.9999 -0.0002 -0.0124
vn 0.9993 0.0002 -0.0372
vn 0.9999 0.0063 -0.0144
vn 0.9993 -0.0007 -0.0375
vn 1.0000 -0.0000 -0.0062
vn 0.9987 -0.0092 -0.0501
vn 0.9989 0.0045 -0.0471
vn 0.9973 0.0055 -0.0727
vn 0.9987 0.0092 -0.0501
vn 0.9996 0.0092 -0.0250
vn 0.9993 0.0092 -0.0375
vn 0.9996 -0.0092 -0.0250
vn 0.9938 0.0017 -0.1115
vn 0.9907 0.0021 -0.1362
vn 0.9949 -0.0092 -0.1002
vn 0.9905 -0.0026 -0.1376
vn 0.9952 0.0061 -0.0981
vn 0.9924 0.0063 -0.1233
vn 0.9949 0.0092 -0.1002
vn 0.9886 -0.0092 -0.1501
vn 0.9904 -0.0092 -0.1376
vn 0.9867 -0.0092 -0.1625
vn 0.9886 0.0092 -0.1501
vn 0.9921 0.0092 -0.1252
vn 0.9904 0.0092 -0.1376
vn 0.9936 0.0092 -0.1127
vn 0.9921 -0.0092 -0.1252
vn 0.9833 0.0833 -0.1619
vn 0.9845 -0.0704 -0.1603
vn 0.9880 0.0710 -0.1373
vn 0.9890 -0.0581 -0.1359
vn 0.9937 -0.0081 -0.1119
vn 0.9927 -0.0456 -0.1114
vn 0.9962 -0.0083 -0.0871
vn 0.9957 -0.0332 -0.0868
vn 0.9549 -0.0092 -0.2969
vn 0.9443 0.0053 -0.3290
vn 0.9511 -0.0054 -0.3089
vn 0.9555 0.0060 -0.2948
vn 0.9511 -0.0092 -0.3089
vn 0.9549 0.0092 -0.2969
vn 0.9387 -0.0092 -0.3445
vn 0.9430 -0.0092 -0.3327
vn 0.9343 -0.0092 -0.3563
vn 0.9387 0.0092 -0.3445
vn 0.9471 0.0092 -0.3208
vn 0.9430 0.0092 -0.3327
vn 0.9511 0.0092 -0.3089
vn 0.9471 -0.0092 -0.3208
vn 0.9215 0.1655 -0.3514
vn 0.9247 -0.1543 -0.3482
vn 0.9314 0.1565 -0.3286
vn 0.9343 -0.1452 -0.3255
vn 0.9408 0.1468 -0.3055
vn 0.9434 -0.1354 -0.3027
vn 0.9591 -0.0066 -0.2831
vn 0.9519 -0.1256 -0.2795
vn 0.7625 -0.0092 -0.6469
vn 0.7434 0.0094 -0.6688
vn 0.7543 -0.0096 -0.6565
vn 0.7652 0.0030 -0.6437
vn 0.7543 -0.0092 -0.6565
vn 0.7625 0.0092 -0.6469
vn 0.7290 -0.0092 -0.6844
vn 0.7376 -0.0092 -0.6752
vn 0.7204 -0.0092 -0.6935
vn 0.7290 0.0092 -0.6844
vn 0.7460 0.0092 -0.6659
vn 0.7376 0.0092 -0.6752
vn 0.7543 0.0092 -0.6565
vn 0.7460 -0.0092 -0.6659
vn 0.6951 0.2625 -0.6692
vn 0.7026 -0.2547 -0.6644
vn 0.7124 0.2591 -0.6522
vn 0.7197 -0.2506 -0.6475
vn 0.7293 0.2554 -0.6347
vn 0.7362 -0.2471 -0.6300
vn 0.7732 -0.0031 -0.6341
vn 0.7526 -0.2421 -0.6123
vn 0.0503 -0.0086 -0.9987
vn 0.0252 -0.0084 -0.9996
vn 0.0629 -0.0092 -0.9980
vn 0.0186 0.0080 -0.9998
vn 0.0754 -0.0091 -0.9971
vn 0.0503 -0.0091 -0.9987
vn 0.0629 0.0092 -0.9980
vn 0.0126 -0.0092 -0.9999
vn 0.0252 -0.0092 -0.9996
vn 0.0001 -0.0092 -1.0000
vn 0.0126 0.0092 -0.9999
vn 0.0378 0.0092 -0.9992
vn 0.0252 0.0092 -0.9996
vn 0.0503 0.0091 -0.9987
vn 0.0378 -0.0092 -0.9992
vn 0.0001 0.2191 -0.9757
vn 0.0182 -0.2153 -0.9764
vn 0.0246 0.2253 -0.9740
vn 0.0424 -0.2227 -0.9740
vn 0.0490 0.2311 -0.9717
vn 0.0665 -0.2274 -0.9715
vn 0.0733 0.2364 -0.9689
vn 0.0904 -0.2325 -0.9684
vn -0.9999 -0.0107 -0.0126
vn -0.9996 0.0104 -0.0248
vn -0.9999 -0.0107 0.0126
vn -0.9999 0.0105 -0.0000
vn -0.9996 -0.0092 -0.0251
vn -0.9995 0.0003 -0.0312
vn -0.9999 -0.0092 -0.0126
vn -0.9996 0.0092 -0.0251
vn -0.9996 -0.0092 0.0251
vn -0.9999 -0.0092 0.0126
vn -0.9992 -0.0092 0.0377
vn -0.9996 0.0092 0.0251
vn -1.0000 0.0092 -0.0000
vn -0.9999 0.0092 0.0126
vn -0.9999 0.0092 -0.0126
vn -1.0000 -0.0092 -0.0000
vn -0.9586 0.2825 0.0361
vn -0.9609 -0.2760 0.0239
vn -0.9592 0.2826 0.0121
vn -0.9610 -0.2764 -0.0000
vn -0.9592 0.2826 -0.0121
vn -0.9609 -0.2760 -0.0239
vn -0.9990 -0.0003 -0.0437
vn -0.9600 -0.2758 -0.0477
vn -0.0000 -1.0000 -0.0000
vn -0.0000 1.0000 -0.0000
vn 0.0001 1.0000 -0.0000
vn -0.9993 -0.0051 -0.0374
vn -0.9981 0.0034 -0.0623
vn -0.9993 -0.0033 -0.0374
vn -0.9999 0.0046 -0.0125
vn -0.9971 -0.0091 -0.0750
vn -0.9980 -0.0091 -0.0625
vn -0.9961 -0.0091 -0.0875
vn -0.9971 0.0091 -0.0750
vn -0.9993 0.0002 -0.0374
vn -0.9962 0.0008 -0.0875
vn -0.9962 -0.0005 -0.0872
vn -0.9981 -0.0001 -0.0623
vn -0.9980 0.0005 -0.0625
vn -0.9993 0.0001 -0.0374
vn -0.9999 -0.0002 -0.0125
vn -0.9987 0.0091 -0.0499
vn -0.9999 0.0087 -0.0125
vn -0.9980 0.0091 -0.0625
vn -0.9993 0.0091 -0.0374
vn -0.9987 -0.0091 -0.0499
vn -1.0000 -0.0000 -0.0061
vn -0.9997 -0.0091 -0.0248
vn -0.9999 -0.0062 -0.0142
vn -0.9993 -0.0091 -0.0374
vn -0.9997 0.0091 -0.0248
vn -0.9764 0.0498 -0.2101
vn -0.9803 -0.0061 -0.1974
vn -0.9750 -0.0062 -0.2220
vn -0.9639 0.0640 -0.2583
vn -0.9691 -0.0063 -0.2465
vn -0.9626 -0.0063 -0.2709
vn -0.9705 0.0572 -0.2343
vn -0.9846 -0.0091 -0.1747
vn -0.9867 -0.0091 -0.1623
vn -0.9823 -0.0091 -0.1871
vn -0.9846 0.0091 -0.1747
vn -0.9905 0.0015 -0.1375
vn -0.9823 0.0021 -0.1871
vn -0.9826 -0.0018 -0.1859
vn -0.9869 -0.0014 -0.1614
vn -0.9621 -0.0091 -0.2727
vn -0.9867 0.0018 -0.1623
vn -0.9654 -0.0091 -0.2606
vn -0.9586 -0.0091 -0.2847
vn -0.9621 0.0091 -0.2727
vn -0.9717 0.0027 -0.2362
vn -0.9586 0.0033 -0.2847
vn -0.9592 -0.0030 -0.2828
vn -0.9659 -0.0027 -0.2588
vn -0.9655 0.0030 -0.2606
vn -0.9721 -0.0024 -0.2347
vn -0.9776 -0.0021 -0.2103
vn -0.9686 0.0091 -0.2484
vn -0.9773 0.0024 -0.2117
vn -0.9657 0.0076 -0.2595
vn -0.9719 0.0077 -0.2353
vn -0.9686 -0.0091 -0.2484
vn -0.9799 0.0091 -0.1994
vn -0.9775 0.0079 -0.2109
vn -0.9825 0.0080 -0.1863
vn -0.9799 -0.0091 -0.1994
vn -0.9746 -0.0091 -0.2240
vn -0.9773 -0.0091 -0.2117
vn -0.9717 -0.0091 -0.2362
vn -0.9746 0.0091 -0.2240
vn -0.9906 -0.0011 -0.1367
vn -0.9937 -0.0008 -0.1120
vn -0.9887 0.0091 -0.1499
vn -0.9936 0.0011 -0.1125
vn -0.9868 0.0082 -0.1617
vn -0.9905 0.0083 -0.1369
vn -0.9887 -0.0091 -0.1499
vn -0.9949 0.0091 -0.1000
vn -0.9936 0.0091 -0.1125
vn -0.9961 0.0091 -0.0875
vn -0.9949 -0.0091 -0.1000
vn -0.9921 -0.0091 -0.1250
vn -0.9936 -0.0091 -0.1125
vn -0.9905 -0.0091 -0.1375
vn -0.9921 0.0091 -0.1250
vn -0.9980 -0.0115 -0.0625
vn -0.9935 0.0193 -0.1119
vn -0.9960 -0.0196 -0.0875
vn -0.9961 0.0114 -0.0872
vn -0.9933 -0.0273 -0.1125
vn -0.9863 0.0345 -0.1613
vn -0.9890 -0.0058 -0.1478
vn -0.9850 -0.0058 -0.1725
vn -0.9817 0.0427 -0.1857
vn -0.9902 0.0272 -0.1367
vn -0.9116 0.1039 -0.3977
vn -0.9211 -0.0061 -0.3892
vn -0.9111 -0.0060 -0.4122
vn -0.8895 0.1158 -0.4421
vn -0.9005 -0.0059 -0.4349
vn -0.8893 -0.0058 -0.4573
vn -0.9008 0.1098 -0.4201
vn -0.9298 -0.0091 -0.3678
vn -0.9344 -0.0091 -0.3561
vn -0.9251 -0.0091 -0.3795
vn -0.9298 0.0091 -0.3678
vn -0.9431 0.0038 -0.3325
vn -0.9252 0.0044 -0.3795
vn -0.9262 -0.0041 -0.3769
vn -0.9353 -0.0038 -0.3537
vn -0.8882 -0.0091 -0.4593
vn -0.9344 0.0041 -0.3561
vn -0.8939 -0.0091 -0.4481
vn -0.8824 -0.0091 -0.4704
vn -0.8882 0.0091 -0.4593
vn -0.9049 0.0049 -0.4255
vn -0.8841 -0.0051 -0.4673
vn -0.8824 0.0054 -0.4705
vn -0.8940 0.0052 -0.4481
vn -0.8955 -0.0049 -0.4451
vn -0.9063 -0.0046 -0.4226
vn -0.9166 -0.0044 -0.3999
vn -0.8995 0.0091 -0.4369
vn -0.9153 0.0047 -0.4026
vn -0.8948 0.0064 -0.4465
vn -0.9057 0.0066 -0.4239
vn -0.8995 -0.0091 -0.4369
vn -0.9203 0.0091 -0.3911
vn -0.9160 0.0067 -0.4011
vn -0.9257 0.0069 -0.3781
vn -0.9203 -0.0091 -0.3911
vn -0.9102 -0.0091 -0.4141
vn -0.9153 -0.0091 -0.4026
vn -0.9049 -0.0091 -0.4255
vn -0.9102 0.0091 -0.4141
vn -0.8101 0.1486 -0.5672
vn -0.8252 -0.0053 -0.5649
vn -0.8107 -0.0052 -0.5854
vn -0.7950 0.1539 -0.5867
vn -0.7958 -0.0051 -0.6055
vn -0.7796 0.1586 -0.6059
vn -0.7804 -0.0050 -0.6253
vn -0.7636 0.1633 -0.6247
vn -0.8376 -0.0091 -0.5461
vn -0.8444 -0.0091 -0.5356
vn -0.8307 -0.0091 -0.5566
vn -0.8376 0.0091 -0.5461
vn -0.8597 -0.0056 -0.5108
vn -0.8332 -0.0060 -0.5530
vn -0.8307 0.0063 -0.5567
vn -0.8444 0.0061 -0.5356
vn -0.7786 -0.0091 -0.6275
vn -0.8467 -0.0058 -0.5320
vn -0.7864 -0.0091 -0.6176
vn -0.7706 -0.0091 -0.6372
vn -0.7786 0.0091 -0.6275
vn -0.8046 -0.0065 -0.5938
vn -0.7740 -0.0069 -0.6332
vn -0.7707 0.0072 -0.6372
vn -0.7864 0.0070 -0.6176
vn -0.7895 -0.0067 -0.6137
vn -0.8017 0.0068 -0.5977
vn -0.8165 0.0065 -0.5773
vn -0.7941 0.0091 -0.6077
vn -0.8191 -0.0063 -0.5736
vn -0.7881 0.0053 -0.6156
vn -0.8032 0.0054 -0.5956
vn -0.7941 -0.0091 -0.6077
vn -0.8236 0.0091 -0.5670
vn -0.8179 0.0056 -0.5753
vn -0.8320 0.0057 -0.5547
vn -0.8236 -0.0091 -0.5670
vn -0.8091 -0.0091 -0.5875
vn -0.8165 -0.0091 -0.5773
vn -0.8017 -0.0091 -0.5977
vn -0.8091 0.0091 -0.5875
vn -0.8576 0.0059 -0.5142
vn -0.8703 0.0057 -0.4925
vn -0.8511 0.0091 -0.5249
vn -0.8722 -0.0054 -0.4892
vn -0.8457 0.0059 -0.5337
vn -0.8588 0.0060 -0.5124
vn -0.8511 -0.0091 -0.5249
vn -0.8764 0.0091 -0.4815
vn -0.8703 0.0091 -0.4925
vn -0.8824 0.0091 -0.4704
vn -0.8764 -0.0091 -0.4815
vn -0.8640 -0.0091 -0.5034
vn -0.8703 -0.0091 -0.4925
vn -0.8576 -0.0091 -0.5142
vn -0.8640 0.0091 -0.5034
vn -0.8775 0.1220 -0.4638
vn -0.8651 0.1273 -0.4852
vn -0.8751 -0.1287 -0.4666
vn -0.8624 -0.1346 -0.4880
vn -0.8386 0.1385 -0.5269
vn -0.8524 -0.0055 -0.5228
vn -0.8390 -0.0054 -0.5441
vn -0.8246 0.1435 -0.5473
vn -0.8521 0.1327 -0.5062
vn -0.9439 -0.0035 -0.3303
vn -0.9518 -0.0033 -0.3066
vn -0.9388 0.0091 -0.3444
vn -0.9511 0.0036 -0.3087
vn -0.9349 0.0070 -0.3548
vn -0.9430 0.0091 -0.3325
vn -0.9388 -0.0091 -0.3444
vn -0.9549 0.0091 -0.2968
vn -0.9511 0.0091 -0.3087
vn -0.9586 0.0091 -0.2847
vn -0.9549 -0.0091 -0.2968
vn -0.9472 -0.0091 -0.3207
vn -0.9511 -0.0091 -0.3087
vn -0.9430 -0.0091 -0.3325
vn -0.9472 0.0091 -0.3207
vn -0.9567 0.0711 -0.2821
vn -0.9489 0.0781 -0.3057
vn -0.9557 -0.0784 -0.2839
vn -0.9477 -0.0854 -0.3076
vn -0.9315 0.0911 -0.3522
vn -0.9391 -0.0920 -0.3311
vn -0.9306 -0.0062 -0.3660
vn -0.9218 0.0974 -0.3751
vn -0.9405 0.0846 -0.3291
vn -0.6962 -0.0043 -0.7178
vn -0.6774 0.1847 -0.7120
vn -0.6780 -0.0042 -0.7351
vn -0.6589 0.1886 -0.7282
vn -0.6594 -0.0041 -0.7518
vn -0.6401 0.1927 -0.7438
vn -0.6403 -0.0040 -0.7681
vn -0.6209 0.1962 -0.7590
vn -0.7117 -0.0091 -0.7024
vn -0.7204 -0.0091 -0.6935
vn -0.7028 -0.0091 -0.7113
vn -0.7117 0.0091 -0.7024
vn -0.7415 -0.0073 -0.6710
vn -0.7071 -0.0076 -0.7071
vn -0.7028 0.0079 -0.7113
vn -0.7205 0.0077 -0.6935
vn -0.6376 -0.0091 -0.7703
vn -0.7245 -0.0075 -0.6892
vn -0.6472 -0.0091 -0.7623
vn -0.6278 -0.0091 -0.7783
vn -0.6376 0.0091 -0.7703
vn -0.6710 -0.0080 -0.7415
vn -0.6332 -0.0083 -0.7740
vn -0.6278 0.0086 -0.7783
vn -0.6472 0.0084 -0.7623
vn -0.6523 -0.0082 -0.7579
vn -0.6662 0.0082 -0.7458
vn -0.6847 0.0081 -0.7288
vn -0.6567 0.0091 -0.7541
vn -0.6892 -0.0078 -0.7245
vn -0.6498 0.0041 -0.7601
vn -0.6687 0.0043 -0.7435
vn -0.6567 -0.0091 -0.7541
vn -0.6938 0.0091 -0.7201
vn -0.6871 0.0044 -0.7266
vn -0.7050 0.0046 -0.7091
vn -0.6938 -0.0091 -0.7201
vn -0.6755 -0.0091 -0.7373
vn -0.6847 -0.0091 -0.7288
vn -0.6662 -0.0091 -0.7458
vn -0.6755 0.0091 -0.7373
vn -0.5394 -0.0033 -0.8420
vn -0.5200 0.2119 -0.8275
vn -0.5181 -0.0032 -0.8553
vn -0.4988 0.2148 -0.8397
vn -0.4965 -0.0031 -0.8680
vn -0.4775 0.2173 -0.8514
vn -0.4747 -0.0029 -0.8802
vn -0.4559 0.2196 -0.8625
vn -0.5570 -0.0091 -0.8304
vn -0.5674 -0.0091 -0.8234
vn -0.5466 -0.0091 -0.8374
vn -0.5570 0.0091 -0.8304
vn -0.5938 -0.0086 -0.8046
vn -0.5530 -0.0089 -0.8332
vn -0.5466 0.0091 -0.8374
vn -0.5674 0.0090 -0.8234
vn -0.4709 -0.0091 -0.8822
vn -0.5736 -0.0088 -0.8191
vn -0.4819 -0.0091 -0.8762
vn -0.4597 -0.0091 -0.8880
vn -0.4709 0.0091 -0.8822
vn -0.5107 -0.0092 -0.8597
vn -0.4672 -0.0094 -0.8841
vn -0.4597 0.0096 -0.8880
vn -0.4819 0.0095 -0.8762
vn -0.4891 -0.0093 -0.8722
vn -0.5038 0.0094 -0.8638
vn -0.5253 0.0093 -0.8508
vn -0.4929 0.0091 -0.8700
vn -0.5320 -0.0090 -0.8467
vn -0.4856 0.0030 -0.8741
vn -0.5074 0.0031 -0.8617
vn -0.4929 -0.0091 -0.8700
vn -0.5360 0.0091 -0.8442
vn -0.5288 0.0033 -0.8487
vn -0.5499 0.0034 -0.8352
vn -0.5360 -0.0091 -0.8442
vn -0.5146 -0.0091 -0.8574
vn -0.5253 -0.0091 -0.8508
vn -0.5038 -0.0091 -0.8638
vn -0.5146 0.0091 -0.8574
vn -0.5879 0.0089 -0.8089
vn -0.6081 0.0088 -0.7938
vn -0.5777 0.0091 -0.8162
vn -0.6137 -0.0085 -0.7895
vn -0.5706 0.0035 -0.8212
vn -0.5910 0.0037 -0.8067
vn -0.5777 -0.0091 -0.8162
vn -0.6180 0.0091 -0.7861
vn -0.6081 0.0091 -0.7938
vn -0.6278 0.0091 -0.7783
vn -0.6180 -0.0091 -0.7861
vn -0.5981 -0.0091 -0.8014
vn -0.6081 -0.0091 -0.7938
vn -0.5879 -0.0091 -0.8089
vn -0.5981 0.0091 -0.8014
vn -0.6150 -0.2014 -0.7624
vn -0.6013 0.2000 -0.7736
vn -0.5951 -0.2055 -0.7769
vn -0.5815 0.2023 -0.7880
vn -0.5809 -0.0036 -0.8140
vn -0.5612 0.2064 -0.8015
vn -0.5603 -0.0034 -0.8283
vn -0.5407 0.2095 -0.8147
vn -0.3610 -0.0022 -0.9326
vn -0.3442 0.2303 -0.9102
vn -0.3376 -0.0021 -0.9413
vn -0.3212 0.2328 -0.9180
vn -0.3139 -0.0019 -0.9495
vn -0.2981 0.2343 -0.9253
vn -0.2900 -0.0018 -0.9570
vn -0.2748 0.2360 -0.9321
vn -0.3799 -0.0091 -0.9250
vn -0.3915 -0.0091 -0.9201
vn -0.3683 -0.0091 -0.9297
vn -0.3799 0.0091 -0.9250
vn -0.4226 -0.0096 -0.9063
vn -0.3769 -0.0098 -0.9262
vn -0.3683 0.0100 -0.9297
vn -0.3915 0.0099 -0.9201
vn -0.2852 -0.0091 -0.9584
vn -0.3999 -0.0097 -0.9165
vn -0.2972 -0.0091 -0.9548
vn -0.2731 -0.0091 -0.9619
vn -0.2852 0.0091 -0.9584
vn -0.3303 -0.0100 -0.9438
vn -0.2828 -0.0101 -0.9591
vn -0.2731 0.0103 -0.9619
vn -0.2972 0.0102 -0.9548
vn -0.3066 -0.0100 -0.9518
vn -0.3211 0.0102 -0.9470
vn -0.3448 0.0101 -0.9386
vn -0.3092 0.0091 -0.9510
vn -0.3537 -0.0099 -0.9353
vn -0.3020 0.0018 -0.9533
vn -0.3258 0.0020 -0.9454
vn -0.3092 -0.0091 -0.9510
vn -0.3566 0.0091 -0.9342
vn -0.3494 0.0021 -0.9370
vn -0.3727 0.0022 -0.9279
vn -0.3566 -0.0091 -0.9342
vn -0.3330 -0.0091 -0.9429
vn -0.3448 -0.0091 -0.9386
vn -0.3211 -0.0091 -0.9470
vn -0.3330 0.0091 -0.9429
vn -0.1683 -0.0011 -0.9857
vn -0.1566 0.2418 -0.9576
vn -0.1435 -0.0010 -0.9896
vn -0.1326 0.2428 -0.9610
vn -0.1187 -0.0008 -0.9929
vn -0.1086 0.2434 -0.9638
vn -0.0938 -0.0007 -0.9956
vn -0.0845 0.2442 -0.9660
vn -0.1875 -0.0091 -0.9822
vn -0.1999 -0.0091 -0.9798
vn -0.1752 -0.0091 -0.9845
vn -0.1875 0.0091 -0.9822
vn -0.2346 -0.0103 -0.9720
vn -0.2103 -0.0103 -0.9776
vn -0.1752 0.0105 -0.9845
vn -0.1614 -0.0104 -0.9868
vn -0.1999 0.0105 -0.9798
vn -0.1859 -0.0103 -0.9825
vn -0.0880 -0.0091 -0.9961
vn -0.1005 -0.0091 -0.9949
vn -0.0755 -0.0091 -0.9971
vn -0.0880 0.0091 -0.9961
vn -0.0755 0.0107 -0.9971
vn -0.0623 -0.0105 -0.9980
vn -0.1005 0.0106 -0.9949
vn -0.0872 -0.0105 -0.9961
vn -0.1255 0.0106 -0.9920
vn -0.1120 -0.0104 -0.9937
vn -0.1504 0.0106 -0.9886
vn -0.1367 -0.0104 -0.9906
vn -0.1130 0.0091 -0.9936
vn -0.1063 0.0007 -0.9943
vn -0.1312 0.0008 -0.9914
vn -0.1130 -0.0091 -0.9936
vn -0.1628 0.0091 -0.9866
vn -0.1560 0.0009 -0.9878
vn -0.1806 0.0011 -0.9836
vn -0.1628 -0.0091 -0.9866
vn -0.1380 -0.0091 -0.9904
vn -0.1504 -0.0091 -0.9886
vn -0.1255 -0.0091 -0.9921
vn -0.1380 0.0091 -0.9904
vn -0.2244 0.0104 -0.9744
vn -0.2489 0.0104 -0.9685
vn -0.2122 0.0091 -0.9772
vn -0.2588 -0.0102 -0.9659
vn -0.2052 0.0012 -0.9787
vn -0.2296 0.0014 -0.9733
vn -0.2122 -0.0091 -0.9772
vn -0.2610 0.0091 -0.9653
vn -0.2489 0.0091 -0.9685
vn -0.2731 0.0091 -0.9619
vn -0.2610 -0.0091 -0.9653
vn -0.2367 -0.0091 -0.9715
vn -0.2489 -0.0091 -0.9685
vn -0.2244 -0.0091 -0.9744
vn -0.2367 0.0091 -0.9715
vn -0.2651 -0.2407 -0.9337
vn -0.2514 0.2378 -0.9382
vn -0.2415 -0.2424 -0.9397
vn -0.2279 0.2390 -0.9439
vn -0.2174 -0.0014 -0.9761
vn -0.2042 0.2401 -0.9490
vn -0.1929 -0.0012 -0.9812
vn -0.1804 0.2407 -0.9537
vn -0.4145 0.0098 -0.9100
vn -0.4373 0.0097 -0.8993
vn -0.4031 0.0091 -0.9151
vn -0.4451 -0.0095 -0.8954
vn -0.3958 0.0024 -0.9183
vn -0.4145 0.0091 -0.9100
vn -0.4031 -0.0091 -0.9151
vn -0.4486 0.0091 -0.8937
vn -0.4373 0.0091 -0.8993
vn -0.4597 0.0091 -0.8880
vn -0.4486 -0.0091 -0.8937
vn -0.4259 -0.0091 -0.9047
vn -0.4373 -0.0091 -0.8993
vn -0.4145 -0.0091 -0.9100
vn -0.4259 0.0091 -0.9047
vn -0.4480 -0.2245 -0.8654
vn -0.4339 0.2228 -0.8730
vn -0.4258 -0.2277 -0.8757
vn -0.4118 0.2251 -0.8830
vn -0.4035 -0.2296 -0.8857
vn -0.3895 0.2266 -0.8927
vn -0.3843 -0.0023 -0.9232
vn -0.3669 0.2295 -0.9015
vn -0.7377 0.0075 -0.6751
vn -0.7544 0.0074 -0.6564
vn -0.7291 0.0091 -0.6843
vn -0.7580 -0.0071 -0.6523
vn -0.7226 0.0047 -0.6913
vn -0.7376 0.0091 -0.6751
vn -0.7291 -0.0091 -0.6843
vn -0.7626 0.0091 -0.6468
vn -0.7544 0.0091 -0.6564
vn -0.7706 0.0091 -0.6372
vn -0.7626 -0.0091 -0.6468
vn -0.7461 -0.0091 -0.6658
vn -0.7544 -0.0091 -0.6564
vn -0.7376 -0.0091 -0.6751
vn -0.7461 0.0091 -0.6658
vn -0.7595 -0.1694 -0.6280
vn -0.7472 0.1679 -0.6430
vn -0.7429 -0.1740 -0.6464
vn -0.7304 0.1722 -0.6610
vn -0.7259 -0.1783 -0.6643
vn -0.7131 0.1766 -0.6784
vn -0.7139 -0.0045 -0.7002
vn -0.6955 0.1806 -0.6955
vn 0.0312 -0.0000 -0.9995
vn 0.0362 0.2456 -0.9687
vn 0.0562 0.0002 -0.9984
vn 0.0604 0.2453 -0.9676
vn 0.0812 0.0003 -0.9967
vn 0.0845 0.2453 -0.9658
vn 0.1062 0.0004 -0.9943
vn 0.1086 0.2442 -0.9636
vn 0.0124 -0.0091 -0.9999
vn -0.0002 -0.0091 -1.0000
vn 0.0250 -0.0091 -0.9996
vn 0.0124 0.0091 -0.9999
vn 0.0250 0.0107 -0.9996
vn 0.0374 -0.0105 -0.9992
vn -0.0002 0.0107 -0.9999
vn 0.0125 -0.0106 -0.9999
vn 0.1127 -0.0091 -0.9936
vn 0.1002 -0.0091 -0.9949
vn 0.1252 -0.0091 -0.9921
vn 0.1127 0.0091 -0.9936
vn 0.1252 0.0107 -0.9921
vn 0.1367 -0.0105 -0.9906
vn 0.1002 0.0107 -0.9949
vn 0.1120 -0.0105 -0.9937
vn 0.0752 0.0107 -0.9971
vn 0.0872 -0.0105 -0.9961
vn 0.0501 0.0107 -0.9987
vn 0.0623 -0.0105 -0.9980
vn 0.0877 0.0091 -0.9961
vn 0.0937 -0.0004 -0.9956
vn 0.0687 -0.0003 -0.9976
vn 0.0877 -0.0091 -0.9961
vn 0.0375 0.0091 -0.9993
vn 0.0437 -0.0002 -0.9990
vn 0.0187 -0.0000 -0.9998
vn 0.0375 -0.0091 -0.9993
vn 0.0626 -0.0091 -0.9980
vn 0.0501 -0.0091 -0.9987
vn 0.0752 -0.0091 -0.9971
vn 0.0626 0.0091 -0.9980
vn 0.2295 0.0012 -0.9733
vn 0.2277 0.2409 -0.9434
vn 0.2538 0.0013 -0.9673
vn 0.2512 0.2401 -0.9377
vn 0.2779 0.0014 -0.9606
vn 0.2747 0.2382 -0.9316
vn 0.3019 0.0016 -0.9534
vn 0.2979 0.2371 -0.9247
vn 0.2119 -0.0091 -0.9773
vn 0.1996 -0.0091 -0.9798
vn 0.2241 -0.0091 -0.9745
vn 0.2119 0.0091 -0.9773
vn 0.2241 0.0105 -0.9745
vn 0.2346 -0.0103 -0.9720
vn 0.1996 0.0105 -0.9798
vn 0.2103 -0.0104 -0.9776
vn 0.3089 -0.0091 -0.9511
vn 0.2969 -0.0091 -0.9549
vn 0.3208 -0.0091 -0.9471
vn 0.3089 0.0091 -0.9511
vn 0.2828 -0.0102 -0.9591
vn 0.2969 0.0104 -0.9549
vn 0.3303 -0.0101 -0.9438
vn 0.3445 0.0102 -0.9387
vn 0.3066 -0.0102 -0.9518
vn 0.3208 0.0103 -0.9471
vn 0.2849 0.0091 -0.9585
vn 0.2485 0.0105 -0.9686
vn 0.2588 -0.0103 -0.9659
vn 0.2728 0.0104 -0.9620
vn 0.2899 -0.0016 -0.9571
vn 0.2658 -0.0014 -0.9640
vn 0.2849 -0.0091 -0.9585
vn 0.2364 0.0091 -0.9716
vn 0.2416 -0.0013 -0.9704
vn 0.2172 -0.0012 -0.9761
vn 0.2364 -0.0091 -0.9716
vn 0.2607 -0.0091 -0.9654
vn 0.2485 -0.0091 -0.9686
vn 0.2728 -0.0091 -0.9620
vn 0.2607 0.0091 -0.9654
vn 0.1749 0.0106 -0.9845
vn 0.1859 -0.0104 -0.9825
vn 0.1501 0.0107 -0.9886
vn 0.1614 -0.0104 -0.9868
vn 0.1872 0.0091 -0.9823
vn 0.1927 -0.0010 -0.9813
vn 0.1681 -0.0009 -0.9858
vn 0.1872 -0.0091 -0.9823
vn 0.1376 0.0091 -0.9904
vn 0.1501 0.0091 -0.9886
vn 0.1252 0.0091 -0.9921
vn 0.1376 -0.0091 -0.9904
vn 0.1625 -0.0091 -0.9867
vn 0.1501 -0.0091 -0.9886
vn 0.1749 -0.0091 -0.9845
vn 0.1625 0.0091 -0.9867
vn 0.1213 -0.2480 -0.9611
vn 0.1326 0.2437 -0.9608
vn 0.1454 -0.2477 -0.9579
vn 0.1565 0.2431 -0.9573
vn 0.1805 0.0009 -0.9836
vn 0.1804 0.2423 -0.9533
vn 0.2050 0.0010 -0.9788
vn 0.2041 0.2415 -0.9487
vn 0.4185 0.0023 -0.9082
vn 0.4115 0.2281 -0.8824
vn 0.4411 0.0025 -0.8974
vn 0.4335 0.2262 -0.8723
vn 0.4635 0.0026 -0.8861
vn 0.4554 0.2240 -0.8616
vn 0.4855 0.0027 -0.8742
vn 0.4771 0.2210 -0.8506
vn 0.4028 -0.0091 -0.9153
vn 0.3912 -0.0091 -0.9202
vn 0.4142 -0.0091 -0.9101
vn 0.4028 0.0091 -0.9153
vn 0.3769 -0.0099 -0.9262
vn 0.3912 0.0101 -0.9202
vn 0.4226 -0.0098 -0.9063
vn 0.4370 0.0099 -0.8994
vn 0.4926 -0.0091 -0.8702
vn 0.3999 -0.0099 -0.9165
vn 0.4142 0.0100 -0.9101
vn 0.4816 -0.0091 -0.8763
vn 0.5035 -0.0091 -0.8639
vn 0.4926 0.0091 -0.8702
vn 0.4672 -0.0096 -0.8841
vn 0.4816 0.0097 -0.8763
vn 0.5107 -0.0094 -0.8597
vn 0.5251 0.0095 -0.8510
vn 0.4891 -0.0094 -0.8722
vn 0.5035 0.0096 -0.8639
vn 0.4706 0.0091 -0.8823
vn 0.4451 -0.0097 -0.8954
vn 0.4595 0.0098 -0.8881
vn 0.4745 -0.0027 -0.8802
vn 0.4523 -0.0025 -0.8918
vn 0.4706 -0.0091 -0.8823
vn 0.4257 0.0091 -0.9048
vn 0.4299 -0.0024 -0.9029
vn 0.4071 -0.0023 -0.9134
vn 0.4257 -0.0091 -0.9048
vn 0.4483 -0.0091 -0.8939
vn 0.4370 -0.0091 -0.8994
vn 0.4595 -0.0091 -0.8882
vn 0.4483 0.0091 -0.8939
vn 0.5909 0.0035 -0.8068
vn 0.5809 0.2077 -0.7871
vn 0.6109 0.0036 -0.7917
vn 0.6006 0.2052 -0.7727
vn 0.6305 0.0037 -0.7762
vn 0.6202 0.2016 -0.7581
vn 0.6497 0.0039 -0.7602
vn 0.6393 0.1982 -0.7429
vn 0.5775 -0.0091 -0.8164
vn 0.5672 -0.0091 -0.8236
vn 0.5877 -0.0091 -0.8090
vn 0.5775 0.0091 -0.8164
vn 0.5530 -0.0091 -0.8332
vn 0.5672 0.0092 -0.8236
vn 0.5938 -0.0088 -0.8046
vn 0.6078 0.0090 -0.7940
vn 0.6565 -0.0091 -0.7543
vn 0.5736 -0.0090 -0.8191
vn 0.5877 0.0091 -0.8090
vn 0.6470 -0.0091 -0.7625
vn 0.6659 -0.0091 -0.7460
vn 0.6565 0.0091 -0.7543
vn 0.6332 -0.0086 -0.7740
vn 0.6470 0.0087 -0.7625
vn 0.6710 -0.0083 -0.7415
vn 0.6845 0.0084 -0.7290
vn 0.6523 -0.0084 -0.7579
vn 0.6659 0.0085 -0.7460
vn 0.6373 0.0091 -0.7705
vn 0.6137 -0.0087 -0.7895
vn 0.6276 0.0088 -0.7785
vn 0.6402 -0.0038 -0.7682
vn 0.6208 -0.0036 -0.7840
vn 0.6373 -0.0091 -0.7705
vn 0.5978 0.0091 -0.8016
vn 0.6009 -0.0035 -0.7993
vn 0.5807 -0.0034 -0.8141
vn 0.5978 -0.0091 -0.8016
vn 0.6178 -0.0091 -0.7863
vn 0.6078 -0.0091 -0.7940
vn 0.6276 -0.0091 -0.7785
vn 0.6178 0.0091 -0.7863
vn 0.5568 0.0091 -0.8306
vn 0.5320 -0.0092 -0.8467
vn 0.5463 0.0094 -0.8375
vn 0.5672 0.0091 -0.8236
vn 0.5392 -0.0031 -0.8421
vn 0.5568 -0.0091 -0.8306
vn 0.5143 0.0091 -0.8575
vn 0.5251 0.0091 -0.8510
vn 0.5035 0.0091 -0.8639
vn 0.5143 -0.0091 -0.8575
vn 0.5357 -0.0091 -0.8443
vn 0.5251 -0.0091 -0.8510
vn 0.5463 -0.0091 -0.8376
vn 0.5357 0.0091 -0.8443
vn 0.4907 -0.2243 -0.8420
vn 0.4984 0.2190 -0.8388
vn 0.5121 -0.2212 -0.8300
vn 0.5195 0.2160 -0.8267
vn 0.5497 0.0032 -0.8353
vn 0.5402 0.2141 -0.8139
vn 0.5538 -0.2159 -0.8042
vn 0.5607 0.2110 -0.8007
vn 0.3797 0.0091 -0.9251
vn 0.3537 -0.0100 -0.9353
vn 0.3680 0.0102 -0.9298
vn 0.3912 0.0091 -0.9202
vn 0.3680 0.0091 -0.9298
vn 0.3797 -0.0091 -0.9251
vn 0.3327 0.0091 -0.9430
vn 0.3445 0.0091 -0.9387
vn 0.3208 0.0091 -0.9471
vn 0.3327 -0.0091 -0.9430
vn 0.3563 -0.0091 -0.9343
vn 0.3445 -0.0091 -0.9387
vn 0.3680 -0.0091 -0.9298
vn 0.3563 0.0091 -0.9343
vn 0.3114 -0.2407 -0.9193
vn 0.3209 0.2360 -0.9172
vn 0.3346 -0.2387 -0.9116
vn 0.3439 0.2336 -0.9095
vn 0.3575 -0.2371 -0.9033
vn 0.3666 0.2322 -0.9009
vn 0.3802 -0.2356 -0.8944
vn 0.3892 0.2300 -0.8920
vn 0.7395 0.0046 -0.6731
vn 0.7295 0.1790 -0.6602
vn 0.7562 0.0048 -0.6544
vn 0.7463 0.1748 -0.6422
vn 0.7723 0.0049 -0.6352
vn 0.7627 0.1704 -0.6239
vn 0.7880 0.0051 -0.6157
vn 0.7786 0.1659 -0.6052
vn 0.7289 -0.0091 -0.6846
vn 0.7202 -0.0091 -0.6937
vn 0.7374 -0.0091 -0.6754
vn 0.7289 0.0091 -0.6846
vn 0.7071 -0.0079 -0.7071
vn 0.7202 0.0080 -0.6937
vn 0.7415 -0.0076 -0.6710
vn 0.7542 0.0077 -0.6566
vn 0.7939 -0.0091 -0.6080
vn 0.7245 -0.0078 -0.6892
vn 0.7374 0.0078 -0.6754
vn 0.7862 -0.0091 -0.6179
vn 0.8015 -0.0091 -0.5979
vn 0.7939 0.0091 -0.6080
vn 0.7740 -0.0072 -0.6332
vn 0.7862 0.0073 -0.6179
vn 0.8046 -0.0068 -0.5938
vn 0.8163 0.0069 -0.5776
vn 0.7895 -0.0070 -0.6137
vn 0.8015 0.0071 -0.5979
vn 0.7784 0.0091 -0.6277
vn 0.7579 -0.0074 -0.6523
vn 0.7704 0.0075 -0.6375
vn 0.7803 -0.0048 -0.6254
vn 0.7644 -0.0047 -0.6448
vn 0.7784 -0.0091 -0.6277
vn 0.7459 0.0091 -0.6660
vn 0.7480 -0.0045 -0.6637
vn 0.7311 -0.0044 -0.6822
vn 0.7459 -0.0091 -0.6660
vn 0.7624 -0.0091 -0.6471
vn 0.7542 -0.0091 -0.6566
vn 0.7704 -0.0091 -0.6375
vn 0.7624 0.0091 -0.6471
vn 0.8587 0.0058 -0.5125
vn 0.8511 0.1411 -0.5056
vn 0.8712 0.0059 -0.4908
vn 0.8641 0.1361 -0.4846
vn 0.8832 0.0061 -0.4689
vn 0.8765 0.1306 -0.4633
vn 0.8947 0.0062 -0.4466
vn 0.8885 0.1250 -0.4416
vn 0.8509 -0.0091 -0.5252
vn 0.8443 -0.0091 -0.5359
vn 0.8575 -0.0091 -0.5145
vn 0.8509 0.0091 -0.5252
vn 0.8332 -0.0064 -0.5530
vn 0.8443 0.0065 -0.5359
vn 0.8597 -0.0059 -0.5107
vn 0.8701 0.0060 -0.4928
vn 0.8993 -0.0091 -0.4371
vn 0.8467 -0.0062 -0.5320
vn 0.8575 0.0062 -0.5145
vn 0.8938 -0.0091 -0.4484
vn 0.9048 -0.0091 -0.4258
vn 0.8993 0.0091 -0.4371
vn 0.8841 -0.0055 -0.4673
vn 0.8938 0.0055 -0.4484
vn 0.9063 -0.0050 -0.4226
vn 0.9152 0.0051 -0.4029
vn 0.8955 -0.0052 -0.4451
vn 0.9048 0.0053 -0.4258
vn 0.8881 0.0091 -0.4596
vn 0.8722 -0.0057 -0.4892
vn 0.8823 0.0058 -0.4707
vn 0.8892 -0.0057 -0.4576
vn 0.8775 -0.0056 -0.4796
vn 0.8881 -0.0091 -0.4596
vn 0.8639 0.0091 -0.5036
vn 0.8651 -0.0055 -0.5015
vn 0.8523 -0.0053 -0.5230
vn 0.8639 -0.0091 -0.5036
vn 0.8762 -0.0091 -0.4818
vn 0.8701 -0.0091 -0.4928
vn 0.8822 -0.0091 -0.4707
vn 0.8762 0.0091 -0.4818
vn 0.8375 0.0091 -0.5464
vn 0.8191 -0.0066 -0.5736
vn 0.8305 0.0067 -0.5569
vn 0.8443 0.0091 -0.5359
vn 0.8250 -0.0051 -0.5650
vn 0.8375 -0.0091 -0.5464
vn 0.8089 0.0091 -0.5878
vn 0.8163 0.0091 -0.5776
vn 0.8015 0.0091 -0.5979
vn 0.8089 -0.0091 -0.5878
vn 0.8235 -0.0091 -0.5673
vn 0.8163 -0.0091 -0.5776
vn 0.8305 -0.0091 -0.5569
vn 0.8235 0.0091 -0.5673
vn 0.7902 -0.1676 -0.5895
vn 0.7940 0.1619 -0.5860
vn 0.8054 -0.1627 -0.5699
vn 0.8091 0.1565 -0.5665
vn 0.8319 0.0055 -0.5548
vn 0.8235 0.1517 -0.5466
vn 0.8343 -0.1533 -0.5295
vn 0.8375 0.1470 -0.5262
vn 0.9435 0.0069 -0.3314
vn 0.9396 0.0949 -0.3288
vn 0.9515 0.0071 -0.3077
vn 0.9481 0.0886 -0.3054
vn 0.9589 0.0072 -0.2838
vn 0.9560 0.0818 -0.2819
vn 0.9657 0.0074 -0.2597
vn 0.9632 0.0753 -0.2581
vn 0.9387 -0.0091 -0.3447
vn 0.9343 -0.0091 -0.3564
vn 0.9429 -0.0091 -0.3328
vn 0.9387 0.0091 -0.3447
vn 0.9250 0.0048 -0.3798
vn 0.9430 0.0043 -0.3328
vn 0.9439 -0.0040 -0.3303
vn 0.9353 -0.0042 -0.3537
vn 0.9685 -0.0091 -0.2487
vn 0.9343 0.0046 -0.3564
vn 0.9653 -0.0091 -0.2609
vn 0.9716 -0.0091 -0.2365
vn 0.9685 0.0091 -0.2487
vn 0.9585 0.0037 -0.2850
vn 0.9716 0.0032 -0.2365
vn 0.9721 -0.0028 -0.2347
vn 0.9659 -0.0031 -0.2588
vn 0.9654 0.0035 -0.2609
vn 0.9592 -0.0034 -0.2828
vn 0.9518 -0.0037 -0.3066
vn 0.9620 0.0091 -0.2730
vn 0.9510 0.0040 -0.3091
vn 0.9625 -0.0063 -0.2711
vn 0.9554 -0.0062 -0.2952
vn 0.9620 -0.0091 -0.2730
vn 0.9470 0.0091 -0.3210
vn 0.9477 -0.0062 -0.3191
vn 0.9394 -0.0061 -0.3427
vn 0.9470 -0.0091 -0.3210
vn 0.9548 -0.0091 -0.2971
vn 0.9510 -0.0091 -0.3090
vn 0.9585 -0.0091 -0.2850
vn 0.9548 0.0091 -0.2971
vn 0.9905 0.0081 -0.1371
vn 0.9898 0.0394 -0.1366
vn 0.9936 0.0082 -0.1123
vn 0.9932 0.0319 -0.1119
vn 0.9961 0.0084 -0.0874
vn 0.9959 0.0241 -0.0871
vn 0.9980 0.0085 -0.0624
vn 0.9886 -0.0091 -0.1502
vn 0.9866 -0.0091 -0.1626
vn 0.9904 -0.0091 -0.1378
vn 0.9886 0.0091 -0.1502
vn 0.9823 0.0026 -0.1874
vn 0.9905 0.0020 -0.1378
vn 0.9906 -0.0016 -0.1367
vn 0.9869 -0.0019 -0.1614
vn 0.9987 -0.0091 -0.0503
vn 0.9867 0.0023 -0.1627
vn 0.9980 -0.0091 -0.0628
vn 0.9992 -0.0091 -0.0377
vn 0.9987 0.0091 -0.0503
vn 0.9961 0.0013 -0.0879
vn 0.9993 0.0007 -0.0377
vn 0.9993 -0.0003 -0.0374
vn 0.9981 -0.0007 -0.0623
vn 0.9980 0.0010 -0.0628
vn 0.9962 -0.0010 -0.0872
vn 0.9937 -0.0013 -0.1120
vn 0.9971 0.0091 -0.0753
vn 0.9936 0.0017 -0.1129
vn 0.9974 -0.0050 -0.0725
vn 0.9952 -0.0054 -0.0978
vn 0.9971 -0.0091 -0.0753
vn 0.9921 0.0091 -0.1253
vn 0.9924 -0.0058 -0.1233
vn 0.9889 -0.0060 -0.1481
vn 0.9921 -0.0091 -0.1253
vn 0.9949 -0.0091 -0.1004
vn 0.9936 -0.0091 -0.1129
vn 0.9961 -0.0091 -0.0879
vn 0.9949 0.0091 -0.1004
vn 0.9826 -0.0022 -0.1859
vn 0.9776 -0.0026 -0.2103
vn 0.9845 0.0091 -0.1750
vn 0.9773 0.0029 -0.2120
vn 0.9849 -0.0062 -0.1730
vn 0.9802 -0.0062 -0.1978
vn 0.9845 -0.0091 -0.1750
vn 0.9745 0.0091 -0.2243
vn 0.9772 0.0091 -0.2120
vn 0.9716 0.0091 -0.2365
vn 0.9745 -0.0091 -0.2243
vn 0.9798 -0.0091 -0.1997
vn 0.9772 -0.0091 -0.2120
vn 0.9822 -0.0091 -0.1874
vn 0.9798 0.0091 -0.1997
vn 0.9688 -0.0757 -0.2358
vn 0.9698 0.0682 -0.2341
vn 0.9749 -0.0689 -0.2115
vn 0.9758 0.0614 -0.2100
vn 0.9824 0.0078 -0.1865
vn 0.9811 0.0539 -0.1856
vn 0.9868 0.0079 -0.1618
vn 0.9858 0.0467 -0.1612
vn 0.9262 -0.0045 -0.3769
vn 0.9297 0.0091 -0.3681
vn 0.9166 -0.0048 -0.3999
vn 0.9305 -0.0061 -0.3662
vn 0.9250 0.0091 -0.3798
vn 0.9297 -0.0091 -0.3681
vn 0.9100 0.0091 -0.4144
vn 0.9152 0.0091 -0.4029
vn 0.9048 0.0091 -0.4258
vn 0.9100 -0.0091 -0.4144
vn 0.9202 -0.0091 -0.3914
vn 0.9152 -0.0091 -0.4029
vn 0.9250 -0.0091 -0.3798
vn 0.9202 0.0091 -0.3914
vn 0.8976 -0.1263 -0.4224
vn 0.8998 0.1194 -0.4196
vn 0.9086 -0.1204 -0.4000
vn 0.9107 0.1133 -0.3973
vn 0.9190 -0.1147 -0.3773
vn 0.9209 0.1072 -0.3747
vn 0.9349 0.0068 -0.3549
vn 0.9306 0.1013 -0.3519
vn 0.7115 0.0091 -0.7027
vn 0.6892 -0.0081 -0.7245
vn 0.7026 0.0082 -0.7116
vn 0.7202 0.0091 -0.6937
vn 0.7026 0.0091 -0.7116
vn 0.7115 -0.0091 -0.7027
vn 0.6752 0.0091 -0.7375
vn 0.6845 0.0091 -0.7290
vn 0.6659 0.0091 -0.7460
vn 0.6752 -0.0091 -0.7375
vn 0.6936 -0.0091 -0.7203
vn 0.6845 -0.0091 -0.7290
vn 0.7026 -0.0091 -0.7116
vn 0.6936 0.0091 -0.7203
vn 0.6525 -0.1999 -0.7309
vn 0.6582 0.1946 -0.7273
vn 0.6711 -0.1966 -0.7148
vn 0.6766 0.1906 -0.7112
vn 0.6894 -0.1930 -0.6982
vn 0.6946 0.1873 -0.6946
vn 0.7073 -0.1890 -0.6812
vn 0.7123 0.1832 -0.6776
vn -0.0253 0.0107 -0.9996
vn -0.0125 -0.0106 -0.9999
vn -0.0504 0.0107 -0.9987
vn -0.0374 -0.0105 -0.9992
vn -0.0127 0.0091 -0.9999
vn -0.0064 0.0001 -1.0000
vn -0.0253 0.0091 -0.9996
vn -0.0127 -0.0091 -0.9999
vn -0.0630 0.0091 -0.9980
vn -0.0504 0.0091 -0.9987
vn -0.0755 0.0091 -0.9971
vn -0.0630 -0.0091 -0.9980
vn -0.0378 -0.0091 -0.9992
vn -0.0504 -0.0091 -0.9987
vn -0.0253 -0.0091 -0.9996
vn -0.0378 0.0091 -0.9992
vn -0.0731 -0.2483 -0.9659
vn -0.0604 0.2450 -0.9676
vn -0.0488 -0.2483 -0.9675
vn -0.0363 0.2447 -0.9689
vn -0.0245 -0.2491 -0.9682
vn -0.0121 0.2456 -0.9693
vn 0.0062 -0.0001 -1.0000
vn 0.0121 0.2456 -0.9693
vn 0.9959 0.0241 0.0871
vn 0.9974 -0.0050 0.0725
vn 0.9979 0.0162 0.0623
vn 0.9952 -0.0054 0.0978
vn 0.9898 0.0394 0.1366
vn 0.9924 -0.0058 0.1233
vn 0.9889 -0.0060 0.1481
vn 0.9932 0.0319 0.1119
vn 0.9987 -0.0091 0.0503
vn 0.9992 -0.0091 0.0377
vn 0.9980 -0.0091 0.0628
vn 0.9987 0.0091 0.0503
vn 0.9999 0.0004 0.0126
vn 0.9980 0.0010 0.0628
vn 0.9981 -0.0007 0.0623
vn 0.9993 -0.0003 0.0374
vn 0.9886 -0.0091 0.1502
vn 0.9993 0.0007 0.0377
vn 0.9904 -0.0091 0.1378
vn 0.9866 -0.0091 0.1626
vn 0.9886 0.0091 0.1502
vn 0.9936 0.0017 0.1129
vn 0.9867 0.0023 0.1627
vn 0.9869 -0.0019 0.1614
vn 0.9906 -0.0016 0.1367
vn 0.9905 0.0020 0.1378
vn 0.9937 -0.0013 0.1120
vn 0.9962 -0.0010 0.0872
vn 0.9921 0.0091 0.1253
vn 0.9961 0.0013 0.0879
vn 0.9905 0.0081 0.1371
vn 0.9936 0.0082 0.1123
vn 0.9921 -0.0091 0.1253
vn 0.9971 0.0091 0.0753
vn 0.9961 0.0084 0.0874
vn 0.9980 0.0085 0.0624
vn 0.9971 -0.0091 0.0753
vn 0.9949 -0.0091 0.1004
vn 0.9961 -0.0091 0.0879
vn 0.9936 -0.0091 0.1129
vn 0.9949 0.0091 0.1004
vn 0.9560 0.0818 0.2819
vn 0.9625 -0.0063 0.2711
vn 0.9554 -0.0062 0.2952
vn 0.9396 0.0949 0.3288
vn 0.9477 -0.0062 0.3191
vn 0.9394 -0.0061 0.3427
vn 0.9481 0.0886 0.3054
vn 0.9685 -0.0091 0.2487
vn 0.9716 -0.0091 0.2365
vn 0.9653 -0.0091 0.2609
vn 0.9685 0.0091 0.2487
vn 0.9773 0.0029 0.2120
vn 0.9654 0.0035 0.2609
vn 0.9659 -0.0031 0.2588
vn 0.9721 -0.0028 0.2347
vn 0.9387 -0.0091 0.3447
vn 0.9716 0.0032 0.2365
vn 0.9429 -0.0091 0.3328
vn 0.9343 -0.0091 0.3564
vn 0.9387 0.0091 0.3447
vn 0.9510 0.0040 0.3091
vn 0.9343 0.0046 0.3564
vn 0.9353 -0.0042 0.3537
vn 0.9439 -0.0040 0.3303
vn 0.9430 0.0043 0.3328
vn 0.9518 -0.0037 0.3066
vn 0.9592 -0.0034 0.2828
vn 0.9470 0.0091 0.3210
vn 0.9585 0.0037 0.2850
vn 0.9435 0.0069 0.3314
vn 0.9515 0.0071 0.3077
vn 0.9470 -0.0091 0.3210
vn 0.9620 0.0091 0.2730
vn 0.9589 0.0072 0.2838
vn 0.9657 0.0074 0.2597
vn 0.9620 -0.0091 0.2730
vn 0.9548 -0.0091 0.2971
vn 0.9585 -0.0091 0.2850
vn 0.9510 -0.0091 0.3090
vn 0.9548 0.0091 0.2971
vn 0.9776 -0.0026 0.2103
vn 0.9826 -0.0022 0.1859
vn 0.9745 0.0091 0.2243
vn 0.9823 0.0026 0.1874
vn 0.9719 0.0075 0.2354
vn 0.9774 0.0077 0.2110
vn 0.9745 -0.0091 0.2243
vn 0.9845 0.0091 0.1750
vn 0.9822 0.0091 0.1874
vn 0.9866 0.0091 0.1626
vn 0.9845 -0.0091 0.1750
vn 0.9798 -0.0091 0.1997
vn 0.9822 -0.0091 0.1874
vn 0.9772 -0.0091 0.2120
vn 0.9798 0.0091 0.1997
vn 0.9858 0.0467 0.1612
vn 0.9811 0.0539 0.1856
vn 0.9852 -0.0547 0.1624
vn 0.9804 -0.0616 0.1870
vn 0.9698 0.0682 0.2341
vn 0.9749 -0.0063 0.2224
vn 0.9690 -0.0063 0.2468
vn 0.9632 0.0752 0.2581
vn 0.9758 0.0614 0.2100
vn 0.8765 0.1306 0.4633
vn 0.8892 -0.0057 0.4576
vn 0.8775 -0.0056 0.4796
vn 0.8511 0.1412 0.5056
vn 0.8651 -0.0055 0.5015
vn 0.8523 -0.0053 0.5230
vn 0.8641 0.1361 0.4846
vn 0.8993 -0.0091 0.4371
vn 0.9048 -0.0091 0.4258
vn 0.8938 -0.0091 0.4484
vn 0.8993 0.0091 0.4371
vn 0.9166 -0.0048 0.3999
vn 0.8955 -0.0052 0.4451
vn 0.8938 0.0055 0.4484
vn 0.9048 0.0053 0.4258
vn 0.8509 -0.0091 0.5252
vn 0.9063 -0.0050 0.4226
vn 0.8575 -0.0091 0.5145
vn 0.8443 -0.0091 0.5359
vn 0.8509 0.0091 0.5252
vn 0.8722 -0.0057 0.4892
vn 0.8467 -0.0062 0.5320
vn 0.8443 0.0065 0.5359
vn 0.8575 0.0062 0.5145
vn 0.8597 -0.0059 0.5107
vn 0.8701 0.0060 0.4928
vn 0.8823 0.0058 0.4707
vn 0.8639 0.0091 0.5036
vn 0.8841 -0.0055 0.4673
vn 0.8587 0.0058 0.5125
vn 0.8712 0.0059 0.4908
vn 0.8639 -0.0091 0.5036
vn 0.8881 0.0091 0.4596
vn 0.8832 0.0061 0.4689
vn 0.8947 0.0062 0.4466
vn 0.8881 -0.0091 0.4596
vn 0.8762 -0.0091 0.4818
vn 0.8822 -0.0091 0.4707
vn 0.8701 -0.0091 0.4928
vn 0.8762 0.0091 0.4818
vn 0.7803 -0.0048 0.6254
vn 0.7627 0.1704 0.6239
vn 0.7644 -0.0047 0.6448
vn 0.7463 0.1748 0.6422
vn 0.7480 -0.0045 0.6637
vn 0.7295 0.1790 0.6602
vn 0.7311 -0.0044 0.6822
vn 0.7123 0.1832 0.6776
vn 0.7939 -0.0091 0.6080
vn 0.8015 -0.0091 0.5979
vn 0.7862 -0.0091 0.6179
vn 0.7939 0.0091 0.6080
vn 0.8191 -0.0066 0.5736
vn 0.7895 -0.0070 0.6137
vn 0.7862 0.0073 0.6179
vn 0.8015 0.0071 0.5979
vn 0.7289 -0.0091 0.6846
vn 0.8046 -0.0068 0.5938
vn 0.7374 -0.0091 0.6754
vn 0.7202 -0.0091 0.6937
vn 0.7289 0.0091 0.6846
vn 0.7579 -0.0074 0.6523
vn 0.7245 -0.0078 0.6892
vn 0.7202 0.0080 0.6937
vn 0.7374 0.0078 0.6754
vn 0.7415 -0.0076 0.6710
vn 0.7542 0.0077 0.6566
vn 0.7704 0.0075 0.6375
vn 0.7459 0.0091 0.6660
vn 0.7740 -0.0072 0.6332
vn 0.7395 0.0046 0.6731
vn 0.7562 0.0048 0.6544
vn 0.7459 -0.0091 0.6660
vn 0.7784 0.0091 0.6277
vn 0.7723 0.0049 0.6352
vn 0.7880 0.0051 0.6157
vn 0.7784 -0.0091 0.6277
vn 0.7624 -0.0091 0.6471
vn 0.7704 -0.0091 0.6375
vn 0.7542 -0.0091 0.6566
vn 0.7624 0.0091 0.6471
vn 0.8163 0.0069 0.5776
vn 0.8305 0.0067 0.5569
vn 0.8089 0.0091 0.5878
vn 0.8332 -0.0064 0.5530
vn 0.8031 0.0052 0.5958
vn 0.8178 0.0053 0.5755
vn 0.8089 -0.0091 0.5878
vn 0.8375 0.0091 0.5464
vn 0.8305 0.0091 0.5569
vn 0.8443 0.0091 0.5359
vn 0.8375 -0.0091 0.5464
vn 0.8235 -0.0091 0.5673
vn 0.8305 -0.0091 0.5569
vn 0.8163 -0.0091 0.5776
vn 0.8235 0.0091 0.5673
vn 0.8375 0.1470 0.5263
vn 0.8236 0.1517 0.5466
vn 0.8343 -0.1533 0.5295
vn 0.8201 -0.1579 0.5499
vn 0.8091 0.1565 0.5665
vn 0.8107 -0.0050 0.5855
vn 0.7940 0.1619 0.5860
vn 0.7957 -0.0049 0.6057
vn 0.7786 0.1659 0.6052
vn 0.9152 0.0051 0.4029
vn 0.9262 -0.0045 0.3769
vn 0.9100 0.0091 0.4144
vn 0.9250 0.0048 0.3798
vn 0.9056 0.0063 0.4241
vn 0.9152 0.0091 0.4029
vn 0.9100 -0.0091 0.4144
vn 0.9297 0.0091 0.3681
vn 0.9250 0.0091 0.3798
vn 0.9343 0.0091 0.3564
vn 0.9297 -0.0091 0.3681
vn 0.9202 -0.0091 0.3914
vn 0.9250 -0.0091 0.3798
vn 0.9152 -0.0091 0.4029
vn 0.9202 0.0091 0.3914
vn 0.9306 0.1013 0.3519
vn 0.9209 0.1072 0.3747
vn 0.9288 -0.1086 0.3543
vn 0.9190 -0.1146 0.3773
vn 0.8998 0.1194 0.4196
vn 0.9086 -0.1204 0.4000
vn 0.9004 -0.0058 0.4351
vn 0.8885 0.1250 0.4416
vn 0.9107 0.1133 0.3973
vn 0.6402 -0.0038 0.7682
vn 0.6202 0.2016 0.7581
vn 0.6208 -0.0036 0.7840
vn 0.6006 0.2053 0.7727
vn 0.6009 -0.0035 0.7993
vn 0.5809 0.2077 0.7871
vn 0.5807 -0.0034 0.8141
vn 0.5607 0.2110 0.8007
vn 0.6565 -0.0091 0.7543
vn 0.6659 -0.0091 0.7460
vn 0.6470 -0.0091 0.7625
vn 0.6565 0.0091 0.7543
vn 0.6892 -0.0081 0.7245
vn 0.6523 -0.0084 0.7579
vn 0.6470 0.0087 0.7625
vn 0.6659 0.0085 0.7460
vn 0.5775 -0.0091 0.8164
vn 0.6710 -0.0083 0.7415
vn 0.5877 -0.0091 0.8090
vn 0.5672 -0.0091 0.8236
vn 0.5775 0.0091 0.8164
vn 0.6137 -0.0087 0.7895
vn 0.5736 -0.0090 0.8191
vn 0.5672 0.0092 0.8236
vn 0.5877 0.0091 0.8090
vn 0.5938 -0.0088 0.8046
vn 0.6078 0.0090 0.7940
vn 0.6276 0.0088 0.7785
vn 0.5978 0.0091 0.8016
vn 0.6332 -0.0086 0.7740
vn 0.5909 0.0035 0.8068
vn 0.6109 0.0036 0.7917
vn 0.5978 -0.0091 0.8016
vn 0.6373 0.0091 0.7705
vn 0.6305 0.0037 0.7762
vn 0.6497 0.0039 0.7602
vn 0.6373 -0.0091 0.7705
vn 0.6178 -0.0091 0.7863
vn 0.6276 -0.0091 0.7785
vn 0.6078 -0.0091 0.7940
vn 0.6178 0.0091 0.7863
vn 0.4745 -0.0027 0.8802
vn 0.4554 0.2239 0.8617
vn 0.4523 -0.0025 0.8918
vn 0.4336 0.2261 0.8723
vn 0.4299 -0.0024 0.9029
vn 0.4115 0.2283 0.8824
vn 0.4071 -0.0023 0.9134
vn 0.3892 0.2302 0.8920
vn 0.4926 -0.0091 0.8702
vn 0.5035 -0.0091 0.8639
vn 0.4816 -0.0091 0.8763
vn 0.4926 0.0091 0.8702
vn 0.5320 -0.0092 0.8467
vn 0.4891 -0.0094 0.8722
vn 0.4816 0.0097 0.8763
vn 0.5035 0.0096 0.8639
vn 0.4028 -0.0091 0.9153
vn 0.5107 -0.0094 0.8597
vn 0.4142 -0.0091 0.9101
vn 0.3912 -0.0091 0.9202
vn 0.4028 0.0091 0.9153
vn 0.4451 -0.0097 0.8954
vn 0.3999 -0.0098 0.9165
vn 0.3912 0.0101 0.9202
vn 0.4142 0.0100 0.9101
vn 0.4226 -0.0098 0.9063
vn 0.4370 0.0099 0.8994
vn 0.4595 0.0098 0.8881
vn 0.4257 0.0091 0.9048
vn 0.4672 -0.0096 0.8841
vn 0.4185 0.0023 0.9082
vn 0.4411 0.0025 0.8974
vn 0.4257 -0.0091 0.9048
vn 0.4706 0.0091 0.8823
vn 0.4635 0.0026 0.8861
vn 0.4855 0.0027 0.8742
vn 0.4706 -0.0091 0.8823
vn 0.4483 -0.0091 0.8939
vn 0.4595 -0.0091 0.8882
vn 0.4370 -0.0091 0.8994
vn 0.4483 0.0091 0.8939
vn 0.5251 0.0095 0.8510
vn 0.5463 0.0094 0.8375
vn 0.5143 0.0091 0.8575
vn 0.5530 -0.0091 0.8332
vn 0.5072 0.0029 0.8618
vn 0.5287 0.0030 0.8488
vn 0.5143 -0.0091 0.8575
vn 0.5568 0.0091 0.8306
vn 0.5463 0.0091 0.8376
vn 0.5672 0.0091 0.8236
vn 0.5568 -0.0091 0.8306
vn 0.5357 -0.0091 0.8443
vn 0.5463 -0.0091 0.8376
vn 0.5251 -0.0091 0.8510
vn 0.5357 0.0091 0.8443
vn 0.5538 -0.2160 0.8041
vn 0.5401 0.2142 0.8139
vn 0.5330 -0.2190 0.8173
vn 0.5195 0.2162 0.8267
vn 0.5180 -0.0029 0.8554
vn 0.4984 0.2190 0.8388
vn 0.4964 -0.0028 0.8681
vn 0.4771 0.2211 0.8506
vn 0.2899 -0.0016 0.9571
vn 0.2747 0.2384 0.9315
vn 0.2658 -0.0014 0.9640
vn 0.2512 0.2401 0.9377
vn 0.2416 -0.0013 0.9704
vn 0.2277 0.2409 0.9434
vn 0.2172 -0.0012 0.9761
vn 0.2041 0.2415 0.9487
vn 0.3089 -0.0091 0.9511
vn 0.3208 -0.0091 0.9471
vn 0.2969 -0.0091 0.9549
vn 0.3089 0.0091 0.9511
vn 0.3537 -0.0100 0.9353
vn 0.3066 -0.0102 0.9518
vn 0.2969 0.0104 0.9549
vn 0.3208 0.0103 0.9471
vn 0.2119 -0.0091 0.9773
vn 0.3303 -0.0101 0.9438
vn 0.2241 -0.0091 0.9745
vn 0.1996 -0.0091 0.9798
vn 0.2119 0.0091 0.9773
vn 0.1996 0.0105 0.9798
vn 0.1859 -0.0104 0.9825
vn 0.2241 0.0105 0.9745
vn 0.2103 -0.0104 0.9776
vn 0.2728 0.0104 0.9620
vn 0.2485 0.0105 0.9686
vn 0.2346 -0.0103 0.9720
vn 0.2364 0.0091 0.9716
vn 0.2828 -0.0102 0.9591
vn 0.2588 -0.0103 0.9659
vn 0.2295 0.0012 0.9733
vn 0.2538 0.0013 0.9673
vn 0.2364 -0.0091 0.9716
vn 0.2849 0.0091 0.9585
vn 0.2779 0.0014 0.9606
vn 0.3019 0.0016 0.9534
vn 0.2849 -0.0091 0.9585
vn 0.2607 -0.0091 0.9654
vn 0.2728 -0.0091 0.9620
vn 0.2485 -0.0091 0.9686
vn 0.2607 0.0091 0.9654
vn 0.0937 -0.0004 0.9956
vn 0.0845 0.2453 0.9658
vn 0.0687 -0.0003 0.9976
vn 0.0604 0.2453 0.9676
vn 0.0437 -0.0002 0.9990
vn 0.0362 0.2456 0.9687
vn 0.0187 -0.0000 0.9998
vn 0.0121 0.2456 0.9693
vn 0.1127 -0.0091 0.9936
vn 0.1252 -0.0091 0.9921
vn 0.1002 -0.0091 0.9949
vn 0.1127 0.0091 0.9936
vn 0.1002 0.0107 0.9949
vn 0.0872 -0.0105 0.9961
vn 0.1252 0.0107 0.9921
vn 0.1120 -0.0105 0.9937
vn 0.0124 -0.0091 0.9999
vn 0.0250 -0.0091 0.9996
vn -0.0002 -0.0091 1.0000
vn 0.0124 0.0091 0.9999
vn -0.0002 0.0107 0.9999
vn -0.0125 -0.0106 0.9999
vn 0.0250 0.0107 0.9996
vn 0.0125 -0.0106 0.9999
vn 0.0501 0.0107 0.9987
vn 0.0374 -0.0105 0.9992
vn 0.0752 0.0107 0.9971
vn 0.0623 -0.0105 0.9980
vn 0.0375 0.0091 0.9993
vn 0.0312 -0.0000 0.9995
vn 0.0562 0.0002 0.9984
vn 0.0375 -0.0091 0.9993
vn 0.0877 0.0091 0.9961
vn 0.0812 0.0003 0.9967
vn 0.1062 0.0004 0.9943
vn 0.0877 -0.0091 0.9961
vn 0.0626 -0.0091 0.9980
vn 0.0752 -0.0091 0.9971
vn 0.0501 -0.0091 0.9987
vn 0.0626 0.0091 0.9980
vn 0.1501 0.0107 0.9886
vn 0.1367 -0.0105 0.9906
vn 0.1749 0.0106 0.9845
vn 0.1614 -0.0104 0.9868
vn 0.1376 0.0091 0.9904
vn 0.1310 0.0006 0.9914
vn 0.1558 0.0007 0.9878
vn 0.1376 -0.0091 0.9904
vn 0.1872 0.0091 0.9823
vn 0.1749 0.0091 0.9845
vn 0.1996 0.0091 0.9798
vn 0.1872 -0.0091 0.9823
vn 0.1625 -0.0091 0.9867
vn 0.1749 -0.0091 0.9845
vn 0.1501 -0.0091 0.9886
vn 0.1625 0.0091 0.9867
vn 0.1935 -0.2453 0.9499
vn 0.1804 0.2423 0.9533
vn 0.1695 -0.2472 0.9540
vn 0.1565 0.2431 0.9573
vn 0.1434 -0.0008 0.9897
vn 0.1326 0.2437 0.9608
vn 0.1185 -0.0006 0.9929
vn 0.1086 0.2442 0.9636
vn 0.3445 0.0102 0.9387
vn 0.3680 0.0102 0.9298
vn 0.3327 0.0091 0.9430
vn 0.3769 -0.0099 0.9262
vn 0.3256 0.0017 0.9455
vn 0.3445 0.0091 0.9387
vn 0.3327 -0.0091 0.9430
vn 0.3797 0.0091 0.9251
vn 0.3680 0.0091 0.9298
vn 0.3912 0.0091 0.9202
vn 0.3797 -0.0091 0.9251
vn 0.3563 -0.0091 0.9343
vn 0.3680 -0.0091 0.9298
vn 0.3445 -0.0091 0.9387
vn 0.3563 0.0091 0.9343
vn 0.3802 -0.2356 0.8944
vn 0.3666 0.2322 0.9009
vn 0.3575 -0.2372 0.9033
vn 0.3439 0.2335 0.9095
vn 0.3346 -0.2388 0.9116
vn 0.3210 0.2359 0.9172
vn 0.3137 -0.0017 0.9495
vn 0.2979 0.2371 0.9247
vn 0.6845 0.0084 0.7290
vn 0.7026 0.0082 0.7116
vn 0.6752 0.0091 0.7375
vn 0.7071 -0.0079 0.7071
vn 0.6685 0.0040 0.7437
vn 0.6845 0.0091 0.7290
vn 0.6752 -0.0091 0.7375
vn 0.7115 0.0091 0.7027
vn 0.7026 0.0091 0.7116
vn 0.7202 0.0091 0.6937
vn 0.7115 -0.0091 0.7027
vn 0.6936 -0.0091 0.7203
vn 0.7026 -0.0091 0.7116
vn 0.6845 -0.0091 0.7290
vn 0.6936 0.0091 0.7203
vn 0.7073 -0.1890 0.6812
vn 0.6946 0.1873 0.6946
vn 0.6894 -0.1929 0.6982
vn 0.6766 0.1907 0.7112
vn 0.6711 -0.1967 0.7148
vn 0.6582 0.1945 0.7273
vn 0.6592 -0.0039 0.7519
vn 0.6394 0.1981 0.7429
vn -0.1063 0.0007 0.9943
vn -0.1086 0.2434 0.9638
vn -0.1312 0.0008 0.9914
vn -0.1326 0.2428 0.9610
vn -0.1560 0.0009 0.9878
vn -0.1566 0.2418 0.9576
vn -0.1806 0.0011 0.9836
vn -0.1804 0.2407 0.9537
vn -0.0880 -0.0091 0.9961
vn -0.0755 -0.0091 0.9971
vn -0.1005 -0.0091 0.9949
vn -0.0880 0.0091 0.9961
vn -0.1005 0.0106 0.9949
vn -0.1120 -0.0104 0.9937
vn -0.0755 0.0107 0.9971
vn -0.0872 -0.0105 0.9961
vn -0.1875 -0.0091 0.9822
vn -0.1752 -0.0091 0.9845
vn -0.1999 -0.0091 0.9798
vn -0.1875 0.0091 0.9822
vn -0.2244 0.0104 0.9744
vn -0.1999 0.0105 0.9798
vn -0.2103 -0.0103 0.9776
vn -0.1752 0.0105 0.9845
vn -0.1859 -0.0103 0.9825
vn -0.1504 0.0106 0.9886
vn -0.1614 -0.0104 0.9868
vn -0.1255 0.0106 0.9920
vn -0.1367 -0.0104 0.9906
vn -0.1628 0.0091 0.9866
vn -0.1683 -0.0011 0.9857
vn -0.1435 -0.0010 0.9896
vn -0.1628 -0.0091 0.9866
vn -0.1130 0.0091 0.9936
vn -0.1187 -0.0008 0.9929
vn -0.0938 -0.0007 0.9956
vn -0.1130 -0.0091 0.9936
vn -0.1380 -0.0091 0.9904
vn -0.1255 -0.0091 0.9921
vn -0.1504 -0.0091 0.9886
vn -0.1380 0.0091 0.9904
vn -0.3020 0.0018 0.9533
vn -0.2981 0.2341 0.9254
vn -0.3258 0.0020 0.9454
vn -0.3212 0.2328 0.9180
vn -0.3494 0.0021 0.9370
vn -0.3442 0.2303 0.9102
vn -0.3727 0.0022 0.9279
vn -0.3669 0.2295 0.9015
vn -0.2852 -0.0091 0.9584
vn -0.2731 -0.0091 0.9619
vn -0.2972 -0.0091 0.9548
vn -0.2852 0.0091 0.9584
vn -0.2489 0.0104 0.9685
vn -0.2731 0.0103 0.9619
vn -0.3066 -0.0100 0.9518
vn -0.3211 0.0102 0.9470
vn -0.3799 -0.0091 0.9250
vn -0.2828 -0.0101 0.9591
vn -0.2972 0.0102 0.9548
vn -0.3683 -0.0091 0.9297
vn -0.3915 -0.0091 0.9201
vn -0.3799 0.0091 0.9250
vn -0.3537 -0.0099 0.9353
vn -0.3683 0.0100 0.9297
vn -0.3999 -0.0097 0.9165
vn -0.4145 0.0098 0.9100
vn -0.3769 -0.0098 0.9262
vn -0.3915 0.0099 0.9201
vn -0.3566 0.0091 0.9342
vn -0.3303 -0.0100 0.9438
vn -0.3448 0.0101 0.9386
vn -0.3610 -0.0022 0.9326
vn -0.3376 -0.0021 0.9413
vn -0.3566 -0.0091 0.9342
vn -0.3092 0.0091 0.9510
vn -0.3139 -0.0019 0.9495
vn -0.2900 -0.0018 0.9570
vn -0.3092 -0.0091 0.9510
vn -0.3330 -0.0091 0.9429
vn -0.3211 -0.0091 0.9470
vn -0.3448 -0.0091 0.9386
vn -0.3330 0.0091 0.9429
vn -0.2588 -0.0102 0.9659
vn -0.2610 0.0091 0.9653
vn -0.2346 -0.0103 0.9720
vn -0.2731 0.0091 0.9619
vn -0.2418 -0.0015 0.9703
vn -0.2610 -0.0091 0.9653
vn -0.2122 0.0091 0.9772
vn -0.2244 0.0091 0.9744
vn -0.1999 0.0091 0.9798
vn -0.2122 -0.0091 0.9772
vn -0.2367 -0.0091 0.9715
vn -0.2244 -0.0091 0.9744
vn -0.2489 -0.0091 0.9685
vn -0.2367 0.0091 0.9715
vn -0.1938 -0.2448 0.9500
vn -0.2042 0.2401 0.9490
vn -0.2177 -0.2432 0.9452
vn -0.2279 0.2390 0.9439
vn -0.2539 0.0015 0.9672
vn -0.2514 0.2377 0.9382
vn -0.2651 -0.2409 0.9337
vn -0.2748 0.2360 0.9321
vn -0.4856 0.0030 0.8741
vn -0.4775 0.2174 0.8513
vn -0.5074 0.0031 0.8617
vn -0.4988 0.2149 0.8396
vn -0.5288 0.0033 0.8487
vn -0.5200 0.2119 0.8275
vn -0.5499 0.0034 0.8352
vn -0.5407 0.2094 0.8147
vn -0.4709 -0.0091 0.8822
vn -0.4597 -0.0091 0.8880
vn -0.4819 -0.0091 0.8762
vn -0.4709 0.0091 0.8822
vn -0.4451 -0.0095 0.8954
vn -0.4597 0.0096 0.8880
vn -0.4891 -0.0093 0.8722
vn -0.5038 0.0094 0.8638
vn -0.5570 -0.0091 0.8304
vn -0.4672 -0.0094 0.8841
vn -0.4819 0.0095 0.8762
vn -0.5466 -0.0091 0.8374
vn -0.5674 -0.0091 0.8234
vn -0.5570 0.0091 0.8304
vn -0.5320 -0.0090 0.8467
vn -0.5466 0.0091 0.8374
vn -0.5736 -0.0088 0.8191
vn -0.5879 0.0089 0.8089
vn -0.5530 -0.0089 0.8332
vn -0.5674 0.0090 0.8234
vn -0.5360 0.0091 0.8442
vn -0.5107 -0.0092 0.8597
vn -0.5253 0.0093 0.8508
vn -0.5394 -0.0033 0.8420
vn -0.5181 -0.0032 0.8553
vn -0.5360 -0.0091 0.8442
vn -0.4929 0.0091 0.8700
vn -0.4965 -0.0031 0.8680
vn -0.4747 -0.0029 0.8802
vn -0.4929 -0.0091 0.8700
vn -0.5146 -0.0091 0.8574
vn -0.5038 -0.0091 0.8638
vn -0.5253 -0.0091 0.8508
vn -0.5146 0.0091 0.8574
vn -0.6498 0.0041 0.7601
vn -0.6401 0.1926 0.7438
vn -0.6687 0.0043 0.7435
vn -0.6589 0.1887 0.7282
vn -0.6871 0.0044 0.7266
vn -0.6774 0.1847 0.7120
vn -0.7050 0.0046 0.7091
vn -0.6955 0.1805 0.6955
vn -0.6376 -0.0091 0.7703
vn -0.6278 -0.0091 0.7783
vn -0.6472 -0.0091 0.7623
vn -0.6376 0.0091 0.7703
vn -0.6137 -0.0085 0.7895
vn -0.6278 0.0086 0.7783
vn -0.6523 -0.0082 0.7579
vn -0.6662 0.0082 0.7458
vn -0.7117 -0.0091 0.7024
vn -0.6332 -0.0083 0.7740
vn -0.6472 0.0084 0.7623
vn -0.7028 -0.0091 0.7113
vn -0.7204 -0.0091 0.6935
vn -0.7117 0.0091 0.7024
vn -0.6892 -0.0078 0.7245
vn -0.7028 0.0079 0.7113
vn -0.7245 -0.0075 0.6892
vn -0.7377 0.0075 0.6751
vn -0.7071 -0.0077 0.7071
vn -0.7205 0.0077 0.6935
vn -0.6938 0.0091 0.7201
vn -0.6710 -0.0080 0.7415
vn -0.6847 0.0081 0.7288
vn -0.6962 -0.0043 0.7178
vn -0.6780 -0.0042 0.7351
vn -0.6938 -0.0091 0.7201
vn -0.6567 0.0091 0.7541
vn -0.6594 -0.0041 0.7518
vn -0.6403 -0.0040 0.7681
vn -0.6567 -0.0091 0.7541
vn -0.6755 -0.0091 0.7373
vn -0.6662 -0.0091 0.7458
vn -0.6847 -0.0091 0.7288
vn -0.6755 0.0091 0.7373
vn -0.6180 0.0091 0.7861
vn -0.5938 -0.0086 0.8046
vn -0.6081 0.0088 0.7938
vn -0.6278 0.0091 0.7783
vn -0.6011 -0.0037 0.7992
vn -0.6180 -0.0091 0.7861
vn -0.5777 0.0091 0.8162
vn -0.5879 0.0091 0.8089
vn -0.5674 0.0091 0.8234
vn -0.5777 -0.0091 0.8162
vn -0.5981 -0.0091 0.8014
vn -0.5879 -0.0091 0.8089
vn -0.6081 -0.0091 0.7938
vn -0.5981 0.0091 0.8014
vn -0.5547 -0.2109 0.8049
vn -0.5612 0.2063 0.8015
vn -0.5751 -0.2082 0.7912
vn -0.5815 0.2024 0.7879
vn -0.6110 0.0038 0.7916
vn -0.6013 0.1999 0.7736
vn -0.6150 -0.2015 0.7623
vn -0.6209 0.1963 0.7589
vn -0.4486 0.0091 0.8937
vn -0.4226 -0.0096 0.9063
vn -0.4373 0.0097 0.8993
vn -0.4597 0.0091 0.8880
vn -0.4373 0.0091 0.8993
vn -0.4486 -0.0091 0.8937
vn -0.4031 0.0091 0.9151
vn -0.4145 0.0091 0.9100
vn -0.3915 0.0091 0.9201
vn -0.4031 -0.0091 0.9151
vn -0.4259 -0.0091 0.9047
vn -0.4145 -0.0091 0.9100
vn -0.4373 -0.0091 0.8993
vn -0.4259 0.0091 0.9047
vn -0.3809 -0.2321 0.8950
vn -0.3895 0.2265 0.8927
vn -0.4035 -0.2298 0.8857
vn -0.4118 0.2251 0.8830
vn -0.4258 -0.2277 0.8757
vn -0.4339 0.2226 0.8730
vn -0.4480 -0.2246 0.8653
vn -0.4559 0.2196 0.8625
vn -0.7881 0.0053 0.6156
vn -0.7795 0.1586 0.6059
vn -0.8032 0.0054 0.5956
vn -0.7950 0.1539 0.5867
vn -0.8179 0.0056 0.5753
vn -0.8101 0.1486 0.5672
vn -0.8320 0.0057 0.5547
vn -0.8246 0.1436 0.5472
vn -0.7786 -0.0091 0.6275
vn -0.7706 -0.0091 0.6372
vn -0.7864 -0.0091 0.6176
vn -0.7786 0.0091 0.6275
vn -0.7580 -0.0071 0.6523
vn -0.7707 0.0072 0.6372
vn -0.7895 -0.0067 0.6137
vn -0.8017 0.0068 0.5977
vn -0.8376 -0.0091 0.5461
vn -0.7740 -0.0069 0.6332
vn -0.7864 0.0070 0.6176
vn -0.8307 -0.0091 0.5566
vn -0.8444 -0.0091 0.5356
vn -0.8376 0.0091 0.5461
vn -0.8191 -0.0063 0.5736
vn -0.8307 0.0063 0.5567
vn -0.8467 -0.0058 0.5320
vn -0.8576 0.0059 0.5142
vn -0.8332 -0.0060 0.5530
vn -0.8444 0.0061 0.5356
vn -0.8236 0.0091 0.5670
vn -0.8046 -0.0065 0.5938
vn -0.8165 0.0065 0.5773
vn -0.8252 -0.0053 0.5649
vn -0.8107 -0.0052 0.5854
vn -0.8236 -0.0091 0.5670
vn -0.7941 0.0091 0.6077
vn -0.7958 -0.0051 0.6055
vn -0.7804 -0.0050 0.6253
vn -0.7941 -0.0091 0.6077
vn -0.8091 -0.0091 0.5875
vn -0.8017 -0.0091 0.5977
vn -0.8165 -0.0091 0.5773
vn -0.8091 0.0091 0.5875
vn -0.8948 0.0064 0.4465
vn -0.8895 0.1158 0.4421
vn -0.9057 0.0066 0.4239
vn -0.9008 0.1098 0.4201
vn -0.9160 0.0067 0.4011
vn -0.9116 0.1038 0.3977
vn -0.9257 0.0069 0.3781
vn -0.9218 0.0974 0.3751
vn -0.8882 -0.0091 0.4593
vn -0.8824 -0.0091 0.4704
vn -0.8939 -0.0091 0.4481
vn -0.8882 0.0091 0.4593
vn -0.8722 -0.0053 0.4892
vn -0.8824 0.0054 0.4705
vn -0.8955 -0.0049 0.4451
vn -0.9298 -0.0091 0.3678
vn -0.8841 -0.0051 0.4673
vn -0.8940 0.0052 0.4481
vn -0.9251 -0.0091 0.3795
vn -0.9344 -0.0091 0.3561
vn -0.9298 0.0091 0.3678
vn -0.9153 0.0047 0.4026
vn -0.9344 0.0041 0.3561
vn -0.9353 -0.0038 0.3537
vn -0.9262 -0.0041 0.3769
vn -0.9252 0.0044 0.3795
vn -0.9166 -0.0044 0.3999
vn -0.9063 -0.0046 0.4226
vn -0.9203 0.0091 0.3911
vn -0.9049 0.0049 0.4255
vn -0.9211 -0.0061 0.3892
vn -0.9111 -0.0060 0.4122
vn -0.9203 -0.0091 0.3911
vn -0.8995 0.0091 0.4369
vn -0.9005 -0.0059 0.4349
vn -0.8893 -0.0058 0.4573
vn -0.8995 -0.0091 0.4369
vn -0.9102 -0.0091 0.4141
vn -0.9049 -0.0091 0.4255
vn -0.9153 -0.0091 0.4026
vn -0.9102 0.0091 0.4141
vn -0.8764 0.0091 0.4815
vn -0.8597 -0.0056 0.5108
vn -0.8703 0.0057 0.4925
vn -0.8824 0.0091 0.4704
vn -0.8652 -0.0057 0.5014
vn -0.8764 -0.0091 0.4815
vn -0.8511 0.0091 0.5249
vn -0.8576 0.0091 0.5142
vn -0.8444 0.0091 0.5356
vn -0.8511 -0.0091 0.5249
vn -0.8640 -0.0091 0.5034
vn -0.8576 -0.0091 0.5142
vn -0.8703 -0.0091 0.4925
vn -0.8640 0.0091 0.5034
vn -0.8355 -0.1451 0.5299
vn -0.8386 0.1385 0.5269
vn -0.8493 -0.1396 0.5092
vn -0.8521 0.1326 0.5063
vn -0.8713 0.0061 0.4907
vn -0.8651 0.1274 0.4852
vn -0.8751 -0.1287 0.4666
vn -0.8775 0.1220 0.4638
vn -0.9657 0.0076 0.2595
vn -0.9639 0.0640 0.2583
vn -0.9719 0.0077 0.2353
vn -0.9705 0.0571 0.2343
vn -0.9775 0.0079 0.2109
vn -0.9764 0.0498 0.2101
vn -0.9825 0.0080 0.1863
vn -0.9817 0.0427 0.1857
vn -0.9621 -0.0091 0.2727
vn -0.9586 -0.0091 0.2847
vn -0.9654 -0.0091 0.2606
vn -0.9621 0.0091 0.2727
vn -0.9511 0.0036 0.3087
vn -0.9655 0.0030 0.2606
vn -0.9659 -0.0027 0.2588
vn -0.9592 -0.0030 0.2828
vn -0.9846 -0.0091 0.1747
vn -0.9586 0.0033 0.2847
vn -0.9823 -0.0091 0.1871
vn -0.9867 -0.0091 0.1623
vn -0.9846 0.0091 0.1747
vn -0.9773 0.0024 0.2117
vn -0.9867 0.0018 0.1623
vn -0.9869 -0.0014 0.1614
vn -0.9826 -0.0018 0.1859
vn -0.9823 0.0021 0.1871
vn -0.9776 -0.0021 0.2103
vn -0.9721 -0.0024 0.2347
vn -0.9799 0.0091 0.1994
vn -0.9717 0.0027 0.2362
vn -0.9803 -0.0061 0.1974
vn -0.9750 -0.0062 0.2220
vn -0.9799 -0.0091 0.1994
vn -0.9686 0.0091 0.2484
vn -0.9691 -0.0063 0.2465
vn -0.9626 -0.0063 0.2709
vn -0.9686 -0.0091 0.2484
vn -0.9746 -0.0091 0.2240
vn -0.9717 -0.0091 0.2362
vn -0.9773 -0.0091 0.2117
vn -0.9746 0.0091 0.2240
vn -0.9980 -0.0115 0.0625
vn -0.9993 -0.0033 0.0374
vn -0.9981 0.0034 0.0623
vn -0.9999 0.0046 0.0125
vn -1.0000 -0.0000 0.0061
vn -0.9993 -0.0051 0.0374
vn -0.9971 -0.0091 0.0750
vn -0.9961 -0.0091 0.0875
vn -0.9980 -0.0091 0.0625
vn -0.9971 0.0091 0.0750
vn -0.9936 0.0011 0.1125
vn -0.9980 0.0005 0.0625
vn -0.9981 -0.0001 0.0623
vn -0.9962 -0.0005 0.0872
vn -0.9962 0.0008 0.0875
vn -0.9993 0.0001 0.0374
vn -0.9999 -0.0002 0.0125
vn -0.9993 0.0002 0.0374
vn -0.9999 -0.0062 0.0142
vn -0.9999 0.0087 0.0125
vn -0.9987 0.0091 0.0499
vn -0.9993 0.0091 0.0374
vn -0.9980 0.0091 0.0625
vn -0.9987 -0.0091 0.0499
vn -0.9997 -0.0091 0.0248
vn -0.9993 -0.0091 0.0374
vn -0.9997 0.0091 0.0248
vn -0.9937 -0.0008 0.1120
vn -0.9906 -0.0011 0.1367
vn -0.9949 0.0091 0.1000
vn -0.9905 0.0015 0.1375
vn -0.9961 0.0091 0.0875
vn -0.9925 -0.0052 0.1224
vn -0.9949 -0.0091 0.1000
vn -0.9887 0.0091 0.1499
vn -0.9890 -0.0058 0.1478
vn -0.9867 0.0091 0.1623
vn -0.9887 -0.0091 0.1499
vn -0.9921 -0.0091 0.1250
vn -0.9905 -0.0091 0.1375
vn -0.9936 -0.0091 0.1125
vn -0.9921 0.0091 0.1250
vn -0.9961 0.0114 0.0872
vn -0.9858 -0.0424 0.1622
vn -0.9863 0.0345 0.1613
vn -0.9905 0.0083 0.1369
vn -0.9902 0.0272 0.1367
vn -0.9937 0.0085 0.1121
vn -0.9935 0.0193 0.1119
vn -0.9960 -0.0196 0.0875
vn -0.9518 -0.0033 0.3066
vn -0.9439 -0.0035 0.3303
vn -0.9549 0.0091 0.2968
vn -0.9431 0.0039 0.3325
vn -0.9555 -0.0062 0.2949
vn -0.9511 0.0091 0.3087
vn -0.9549 -0.0091 0.2968
vn -0.9388 0.0091 0.3444
vn -0.9430 0.0091 0.3325
vn -0.9344 0.0091 0.3561
vn -0.9388 -0.0091 0.3444
vn -0.9472 -0.0091 0.3207
vn -0.9430 -0.0091 0.3325
vn -0.9511 -0.0091 0.3087
vn -0.9472 0.0091 0.3207
vn -0.9299 -0.0987 0.3544
vn -0.9315 0.0912 0.3522
vn -0.9391 -0.0920 0.3311
vn -0.9405 0.0846 0.3291
vn -0.9477 -0.0854 0.3076
vn -0.9489 0.0781 0.3057
vn -0.9589 0.0074 0.2836
vn -0.9567 0.0711 0.2821
vn -0.7626 0.0091 0.6468
vn -0.7415 -0.0073 0.6710
vn -0.7544 0.0074 0.6564
vn -0.7706 0.0091 0.6372
vn -0.7544 0.0091 0.6564
vn -0.7626 -0.0091 0.6468
vn -0.7291 0.0091 0.6843
vn -0.7376 0.0091 0.6751
vn -0.7204 0.0091 0.6935
vn -0.7291 -0.0091 0.6843
vn -0.7461 -0.0091 0.6658
vn -0.7376 -0.0091 0.6751
vn -0.7544 -0.0091 0.6564
vn -0.7461 0.0091 0.6658
vn -0.7084 -0.1826 0.6818
vn -0.7131 0.1765 0.6784
vn -0.7259 -0.1783 0.6643
vn -0.7304 0.1723 0.6609
vn -0.7429 -0.1740 0.6464
vn -0.7472 0.1679 0.6430
vn -0.7595 -0.1694 0.6280
vn -0.7636 0.1633 0.6247
vn -0.0504 0.0107 0.9987
vn -0.0623 -0.0105 0.9980
vn -0.0253 0.0107 0.9996
vn -0.0374 -0.0105 0.9992
vn -0.0630 0.0091 0.9980
vn -0.0689 -0.0005 0.9976
vn -0.0439 -0.0004 0.9990
vn -0.0630 -0.0091 0.9980
vn -0.0127 0.0091 0.9999
vn -0.0188 -0.0003 0.9998
vn 0.0062 -0.0001 1.0000
vn -0.0127 -0.0091 0.9999
vn -0.0378 -0.0091 0.9992
vn -0.0253 -0.0091 0.9996
vn -0.0504 -0.0091 0.9987
vn -0.0378 0.0091 0.9992
vn -0.0064 0.0001 1.0000
vn -0.0121 0.2456 0.9693
vn -0.0314 0.0002 0.9995
vn -0.0363 0.2447 0.9689
vn -0.0564 0.0004 0.9984
vn -0.0604 0.2450 0.9676
vn -0.0814 0.0005 0.9967
vn -0.0845 0.2442 0.9660
vn 0.9999 -0.0000 0.0125
vn 0.9999 -0.0000 -0.0125
vn 0.9996 0.0091 0.0251
vn 0.9999 0.0004 -0.0126
vn 0.9992 0.0091 0.0377
vn 0.9999 0.0091 0.0126
vn 0.9996 -0.0091 0.0251
vn 0.9996 0.0091 -0.0251
vn 0.9999 0.0091 -0.0126
vn 0.9992 0.0091 -0.0377
vn 0.9996 -0.0091 -0.0251
vn 1.0000 -0.0091 -0.0000
vn 0.9999 -0.0091 -0.0126
vn 0.9999 -0.0091 0.0126
vn 1.0000 0.0091 -0.0000
vn 0.9992 -0.0162 0.0377
vn 0.9979 0.0162 -0.0623
vn 0.9992 -0.0162 -0.0377
vn 0.9999 -0.0084 -0.0126
vn 0.9993 0.0079 -0.0374
vn 0.9993 0.0079 0.0374
vn 0.9999 -0.0084 0.0126
vn 0.9988 -0.0000 0.0498
vn 0.9888 -0.0000 0.1490
vn 0.9691 -0.0000 0.2468
vn 0.9397 -0.0000 0.3420
vn 0.9010 -0.0000 0.4339
vn 0.8533 -0.0000 0.5214
vn 0.5837 -0.0000 0.8119
vn 0.6617 -0.0000 0.7498
vn 0.4113 -0.0000 0.9115
vn 0.2225 -0.0000 0.9749
vn 0.3185 -0.0000 0.9479
vn 0.5000 -0.0000 0.8660
vn 0.7331 -0.0000 0.6802
vn 0.7971 -0.0000 0.6038
vn 0.0249 -0.0000 0.9997
vn -0.1736 -0.0000 0.9848
vn -0.0747 -0.0000 0.9972
vn -0.3653 -0.0000 0.9309
vn -0.5425 -0.0000 0.8400
vn -0.4562 -0.0000 0.8899
vn -0.2708 -0.0000 0.9626
vn -0.6982 -0.0000 0.7159
vn -0.8262 -0.0000 0.5633
vn -0.8782 -0.0000 0.4783
vn -0.7660 -0.0000 0.6428
vn -0.9215 -0.0000 0.3884
vn -0.9556 -0.0000 0.2948
vn -0.9802 -0.0000 0.1981
vn -0.9950 -0.0000 0.0996
vn -0.6235 -0.0000 0.7818
vn 0.1243 -0.0000 0.9922
vn -0.9556 -0.0000 -0.2948
vn -0.9802 -0.0000 -0.1981
vn -0.8782 -0.0000 -0.4783
vn -0.7660 -0.0000 -0.6428
vn -0.8262 -0.0000 -0.5633
vn -0.9215 -0.0000 -0.3884
vn -0.6235 -0.0000 -0.7818
vn -0.4562 -0.0000 -0.8899
vn -0.5425 -0.0000 -0.8400
vn -0.2708 -0.0000 -0.9626
vn -0.0747 -0.0000 -0.9972
vn 0.0249 -0.0000 -0.9997
vn -0.1736 -0.0000 -0.9848
vn -0.3653 -0.0000 -0.9309
vn -0.6982 -0.0000 -0.7159
vn 0.1243 -0.0000 -0.9922
vn 0.3185 -0.0000 -0.9479
vn 0.4113 -0.0000 -0.9115
vn 0.2225 -0.0000 -0.9749
vn 0.5000 -0.0000 -0.8660
vn 0.5837 -0.0000 -0.8119
vn 0.7331 -0.0000 -0.6802
vn 0.6617 -0.0000 -0.7498
vn 0.8533 -0.0000 -0.5214
vn 0.9397 -0.0000 -0.3420
vn 0.9010 -0.0000 -0.4339
vn 0.9888 -0.0000 -0.1490
vn 0.9988 -0.0000 -0.0498
vn 0.9691 -0.0000 -0.2468
vn 0.7971 -0.0000 -0.6038
vn -0.9950 -0.0000 -0.0996
vn -1.0000 -0.0000 -0.0000
s 0
f 1//1 2//1 3//1
f 4//2 5//2 6//2
f 6//3 5//3 7//3
f 2//4 5//4 3//4
f 8//5 4//5 9//5
f 10//6 11//6 1//6
f 12//7 8//7 9//7
f 13//8 9//8 14//8
f 15//9 12//9 13//9
f 9//10 13//10 12//10
f 16//11 17//11 14//11
f 13//12 18//12 15//12
f 18//13 13//13 19//13
f 19//14 14//14 17//14
f 14//15 19//15 13//15
f 17//16 16//16 20//16
f 11//17 10//17 16//17
f 7//18 14//18 9//18
f 1//19 11//19 2//19
f 6//20 9//20 4//20
f 2//21 7//21 5//21
f 9//22 6//22 7//22
f 7//23 2//23 11//23
f 16//24 10//24 20//24
f 14//25 7//25 16//25
f 11//26 16//26 7//26
f 21//27 22//27 23//27
f 23//28 22//28 24//28
f 25//29 21//29 26//29
f 27//30 28//30 29//30
f 29//31 28//31 30//31
f 31//32 27//32 32//32
f 28//33 21//33 25//33
f 24//34 33//34 34//34
f 35//35 34//35 36//35
f 37//36 24//36 35//36
f 34//37 35//37 24//37
f 38//38 39//38 36//38
f 35//39 40//39 37//39
f 40//40 35//40 41//40
f 41//41 36//41 39//41
f 42//42 31//42 32//42
f 36//43 41//43 35//43
f 43//44 32//44 44//44
f 45//45 42//45 43//45
f 32//46 43//46 42//46
f 46//47 47//47 44//47
f 43//48 48//48 45//48
f 48//49 43//49 49//49
f 49//50 44//50 47//50
f 44//51 49//51 43//51
f 47//52 46//52 50//52
f 50//53 37//53 40//53
f 30//54 44//54 32//54
f 37//55 50//55 46//55
f 29//56 32//56 27//56
f 25//57 30//57 28//57
f 32//58 29//58 30//58
f 24//59 37//59 26//59
f 23//60 26//60 21//60
f 33//61 24//61 22//61
f 26//62 23//62 24//62
f 30//63 25//63 26//63
f 46//64 26//64 37//64
f 44//65 30//65 46//65
f 26//66 46//66 30//66
f 39//67 38//67 51//67
f 51//68 15//68 18//68
f 52//69 36//69 34//69
f 15//70 51//70 38//70
f 53//71 34//71 54//71
f 55//72 52//72 56//72
f 34//73 53//73 52//73
f 12//74 15//74 57//74
f 58//75 57//75 55//75
f 8//76 12//76 58//76
f 57//77 58//77 12//77
f 52//78 55//78 57//78
f 38//79 57//79 15//79
f 36//80 52//80 38//80
f 57//81 38//81 52//81
f 59//82 4//82 8//82
f 60//83 59//83 58//83
f 58//84 59//84 8//84
f 55//85 60//85 58//85
f 54//86 56//86 53//86
f 53//87 56//87 52//87
f 33//88 54//88 34//88
f 22//89 54//89 33//89
f 56//90 60//90 55//90
f 61//91 62//91 63//91
f 64//92 62//92 61//92
f 65//93 64//93 66//93
f 67//94 64//94 65//94
f 68//95 67//95 69//95
f 70//96 67//96 68//96
f 71//97 70//97 72//97
f 73//98 70//98 71//98
f 63//99 74//99 75//99
f 76//100 75//100 77//100
f 78//101 63//101 76//101
f 75//102 76//102 63//102
f 79//103 80//103 81//103
f 82//104 83//104 76//104
f 78//105 76//105 83//105
f 76//106 77//106 82//106
f 84//107 71//107 72//107
f 80//108 82//108 77//108
f 85//109 72//109 86//109
f 87//110 84//110 85//110
f 72//111 85//111 84//111
f 88//112 89//112 90//112
f 91//113 92//113 85//113
f 87//114 85//114 92//114
f 85//115 86//115 91//115
f 89//116 91//116 86//116
f 86//117 90//117 89//117
f 90//118 78//118 88//118
f 69//119 86//119 72//119
f 83//120 88//120 78//120
f 68//121 72//121 70//121
f 65//122 69//122 67//122
f 72//123 68//123 69//123
f 63//124 78//124 66//124
f 61//125 66//125 64//125
f 74//126 63//126 62//126
f 66//127 61//127 63//127
f 69//128 65//128 66//128
f 90//129 66//129 78//129
f 86//130 69//130 90//130
f 66//131 90//131 69//131
f 93//132 94//132 95//132
f 96//133 94//133 93//133
f 97//134 96//134 98//134
f 99//135 96//135 97//135
f 100//136 99//136 101//136
f 102//137 99//137 100//137
f 103//138 102//138 104//138
f 105//139 102//139 103//139
f 95//140 106//140 107//140
f 108//141 107//141 109//141
f 110//142 95//142 108//142
f 107//143 108//143 95//143
f 111//144 112//144 113//144
f 114//145 115//145 108//145
f 110//146 108//146 115//146
f 108//147 109//147 114//147
f 116//148 103//148 104//148
f 112//149 114//149 109//149
f 117//150 104//150 118//150
f 119//151 116//151 117//151
f 104//152 117//152 116//152
f 120//153 121//153 122//153
f 123//154 124//154 117//154
f 119//155 117//155 124//155
f 117//156 118//156 123//156
f 121//157 123//157 118//157
f 118//158 122//158 121//158
f 122//159 110//159 120//159
f 101//160 118//160 104//160
f 115//161 120//161 110//161
f 100//162 104//162 102//162
f 97//163 101//163 99//163
f 104//164 100//164 101//164
f 95//165 110//165 98//165
f 93//166 98//166 96//166
f 106//167 95//167 94//167
f 98//168 93//168 95//168
f 101//169 97//169 98//169
f 122//170 98//170 110//170
f 118//171 101//171 122//171
f 98//172 122//172 101//172
f 109//173 113//173 112//173
f 113//174 87//174 111//174
f 125//175 109//175 107//175
f 92//176 111//176 87//176
f 126//177 107//177 106//177
f 127//178 125//178 128//178
f 107//179 126//179 125//179
f 84//180 87//180 129//180
f 130//181 129//181 127//181
f 71//182 84//182 130//182
f 129//183 130//183 84//183
f 125//184 127//184 129//184
f 113//185 129//185 87//185
f 109//186 125//186 113//186
f 129//187 113//187 125//187
f 130//188 73//188 71//188
f 131//189 73//189 130//189
f 127//190 131//190 130//190
f 128//191 131//191 127//191
f 126//192 128//192 125//192
f 132//193 128//193 126//193
f 106//194 132//194 126//194
f 94//195 132//195 106//195
f 77//196 81//196 80//196
f 81//197 45//197 79//197
f 133//198 77//198 75//198
f 48//199 79//199 45//199
f 134//200 75//200 74//200
f 135//201 133//201 134//201
f 75//202 134//202 133//202
f 42//203 45//203 136//203
f 137//204 136//204 135//204
f 31//205 42//205 137//205
f 136//206 137//206 42//206
f 133//207 135//207 136//207
f 81//208 136//208 45//208
f 77//209 133//209 81//209
f 136//210 81//210 133//210
f 138//211 27//211 31//211
f 139//212 138//212 137//212
f 137//213 138//213 31//213
f 135//214 139//214 137//214
f 140//215 141//215 134//215
f 134//216 141//216 135//216
f 74//217 140//217 134//217
f 62//218 140//218 74//218
f 141//219 139//219 135//219
f 142//220 143//220 144//220
f 145//221 143//221 142//221
f 146//222 145//222 147//222
f 148//223 145//223 146//223
f 149//224 148//224 150//224
f 151//225 148//225 149//225
f 152//226 151//226 153//226
f 154//227 151//227 152//227
f 144//228 155//228 156//228
f 157//229 156//229 158//229
f 159//230 144//230 157//230
f 156//231 157//231 144//231
f 160//232 161//232 162//232
f 163//233 164//233 157//233
f 159//234 157//234 164//234
f 157//235 158//235 163//235
f 165//236 152//236 153//236
f 161//237 163//237 158//237
f 166//238 153//238 167//238
f 168//239 165//239 166//239
f 153//240 166//240 165//240
f 169//241 170//241 171//241
f 172//242 173//242 166//242
f 168//243 173//243 174//243
f 168//244 166//244 173//244
f 166//245 167//245 172//245
f 170//246 172//246 167//246
f 167//247 171//247 170//247
f 171//248 159//248 169//248
f 150//249 167//249 153//249
f 164//250 169//250 159//250
f 149//251 153//251 151//251
f 146//252 150//252 148//252
f 153//253 149//253 150//253
f 144//254 159//254 147//254
f 142//255 147//255 145//255
f 155//256 144//256 143//256
f 147//257 142//257 144//257
f 150//258 146//258 147//258
f 171//259 147//259 159//259
f 167//260 150//260 171//260
f 147//261 171//261 150//261
f 175//262 176//262 177//262
f 178//263 176//263 175//263
f 179//264 178//264 180//264
f 181//265 178//265 179//265
f 182//266 181//266 183//266
f 184//267 181//267 182//267
f 185//268 184//268 186//268
f 187//269 184//269 185//269
f 177//270 188//270 189//270
f 190//271 189//271 191//271
f 192//272 177//272 190//272
f 189//273 190//273 177//273
f 190//274 193//274 192//274
f 192//275 193//275 194//275
f 191//276 195//276 190//276
f 190//277 195//277 193//277
f 196//278 185//278 186//278
f 197//279 186//279 198//279
f 199//280 196//280 197//280
f 186//281 197//281 196//281
f 197//282 200//282 199//282
f 199//283 200//283 201//283
f 198//284 202//284 197//284
f 197//285 202//285 200//285
f 203//286 204//286 198//286
f 198//287 204//287 202//287
f 192//288 194//288 203//288
f 203//289 194//289 204//289
f 183//290 198//290 186//290
f 182//291 186//291 184//291
f 179//292 183//292 181//292
f 186//293 182//293 183//293
f 177//294 192//294 180//294
f 175//295 180//295 178//295
f 188//296 177//296 176//296
f 180//297 175//297 177//297
f 183//298 179//298 180//298
f 203//299 180//299 192//299
f 198//300 183//300 203//300
f 180//301 203//301 183//301
f 205//302 206//302 191//302
f 191//303 206//303 195//303
f 168//304 174//304 205//304
f 205//305 174//305 206//305
f 207//306 191//306 189//306
f 208//307 189//307 209//307
f 210//308 207//308 211//308
f 189//309 208//309 207//309
f 165//310 168//310 212//310
f 213//311 212//311 210//311
f 152//312 165//312 213//312
f 212//313 213//313 165//313
f 207//314 210//314 212//314
f 205//315 212//315 168//315
f 191//316 207//316 205//316
f 212//317 205//317 207//317
f 213//318 154//318 152//318
f 214//319 154//319 213//319
f 210//320 214//320 213//320
f 211//321 214//321 210//321
f 208//322 211//322 207//322
f 209//323 211//323 208//323
f 188//324 209//324 189//324
f 176//325 209//325 188//325
f 215//326 216//326 217//326
f 218//327 216//327 215//327
f 219//328 218//328 220//328
f 221//329 218//329 219//329
f 222//330 221//330 223//330
f 224//331 221//331 222//331
f 225//332 224//332 226//332
f 227//333 224//333 225//333
f 217//334 228//334 229//334
f 230//335 229//335 231//335
f 232//336 217//336 230//336
f 229//337 230//337 217//337
f 232//338 233//338 234//338
f 230//339 235//339 232//339
f 232//340 235//340 233//340
f 231//341 236//341 230//341
f 230//342 236//342 235//342
f 237//343 225//343 226//343
f 238//344 226//344 239//344
f 240//345 237//345 238//345
f 226//346 238//346 237//346
f 241//347 242//347 239//347
f 239//348 242//348 238//348
f 243//349 244//349 240//349
f 240//350 244//350 245//350
f 242//351 243//351 238//351
f 238//352 243//352 240//352
f 223//353 239//353 226//353
f 233//354 241//354 234//354
f 234//355 241//355 239//355
f 222//356 226//356 224//356
f 219//357 223//357 221//357
f 226//358 222//358 223//358
f 217//359 232//359 220//359
f 215//360 220//360 218//360
f 228//361 217//361 216//361
f 220//362 215//362 217//362
f 223//363 219//363 220//363
f 234//364 220//364 232//364
f 239//365 223//365 234//365
f 220//366 234//366 223//366
f 246//367 247//367 248//367
f 249//368 247//368 246//368
f 250//369 249//369 251//369
f 252//370 249//370 250//370
f 253//371 252//371 254//371
f 255//372 252//372 253//372
f 256//373 255//373 257//373
f 258//374 255//374 256//374
f 248//375 259//375 260//375
f 261//376 260//376 262//376
f 263//377 248//377 261//377
f 260//378 261//378 248//378
f 264//379 265//379 262//379
f 262//380 265//380 261//380
f 266//381 267//381 263//381
f 263//382 267//382 268//382
f 269//383 256//383 257//383
f 265//384 266//384 261//384
f 261//385 266//385 263//385
f 270//386 257//386 271//386
f 272//387 269//387 270//387
f 257//388 270//388 269//388
f 273//389 274//389 271//389
f 271//390 274//390 270//390
f 275//391 276//391 272//391
f 272//392 276//392 277//392
f 274//393 275//393 270//393
f 270//394 275//394 272//394
f 254//395 271//395 257//395
f 267//396 273//396 268//396
f 268//397 273//397 271//397
f 253//398 257//398 255//398
f 250//399 254//399 252//399
f 257//400 253//400 254//400
f 248//401 263//401 251//401
f 246//402 251//402 249//402
f 259//403 248//403 247//403
f 251//404 246//404 248//404
f 254//405 250//405 251//405
f 268//406 251//406 263//406
f 271//407 254//407 268//407
f 251//408 268//408 254//408
f 278//409 262//409 260//409
f 244//410 264//410 245//410
f 245//411 264//411 262//411
f 279//412 260//412 280//412
f 281//413 278//413 282//413
f 260//414 279//414 278//414
f 237//415 240//415 283//415
f 284//416 283//416 281//416
f 225//417 237//417 284//417
f 283//418 284//418 237//418
f 278//419 281//419 283//419
f 245//420 283//420 240//420
f 262//421 278//421 245//421
f 283//422 245//422 278//422
f 284//423 227//423 225//423
f 285//424 227//424 284//424
f 281//425 285//425 284//425
f 282//426 285//426 281//426
f 279//427 282//427 278//427
f 280//428 282//428 279//428
f 259//429 280//429 260//429
f 247//430 280//430 259//430
f 286//431 287//431 231//431
f 231//432 287//432 236//432
f 199//433 201//433 286//433
f 286//434 201//434 287//434
f 288//435 231//435 229//435
f 289//436 229//436 290//436
f 291//437 288//437 289//437
f 229//438 289//438 288//438
f 196//439 199//439 292//439
f 293//440 292//440 291//440
f 185//441 196//441 293//441
f 292//442 293//442 196//442
f 288//443 291//443 292//443
f 286//444 292//444 199//444
f 231//445 288//445 286//445
f 292//446 286//446 288//446
f 293//447 187//447 185//447
f 294//448 187//448 293//448
f 291//449 294//449 293//449
f 295//450 294//450 291//450
f 289//451 295//451 291//451
f 290//452 295//452 289//452
f 228//453 290//453 229//453
f 216//454 290//454 228//454
f 158//455 162//455 161//455
f 162//456 119//456 160//456
f 296//457 158//457 156//457
f 124//458 160//458 119//458
f 297//459 156//459 155//459
f 298//460 296//460 297//460
f 156//461 297//461 296//461
f 116//462 119//462 299//462
f 300//463 299//463 298//463
f 103//464 116//464 300//464
f 299//465 300//465 116//465
f 296//466 298//466 299//466
f 162//467 299//467 119//467
f 158//468 296//468 162//468
f 299//469 162//469 296//469
f 300//470 105//470 103//470
f 301//471 105//471 300//471
f 298//472 301//472 300//472
f 302//473 301//473 298//473
f 297//474 302//474 298//474
f 303//475 302//475 297//475
f 155//476 303//476 297//476
f 143//477 303//477 155//477
f 304//478 305//478 306//478
f 307//479 305//479 304//479
f 308//480 307//480 309//480
f 310//481 307//481 308//481
f 311//482 310//482 312//482
f 313//483 310//483 311//483
f 314//484 313//484 315//484
f 316//485 313//485 314//485
f 306//486 317//486 318//486
f 319//487 318//487 320//487
f 321//488 306//488 319//488
f 318//489 319//489 306//489
f 322//490 323//490 320//490
f 320//491 323//491 319//491
f 324//492 325//492 321//492
f 321//493 325//493 326//493
f 327//494 314//494 315//494
f 323//495 324//495 319//495
f 319//496 324//496 321//496
f 328//497 315//497 329//497
f 330//498 327//498 328//498
f 315//499 328//499 327//499
f 331//500 332//500 329//500
f 329//501 332//501 328//501
f 333//502 334//502 330//502
f 330//503 334//503 335//503
f 332//504 333//504 328//504
f 328//505 333//505 330//505
f 312//506 329//506 315//506
f 325//507 331//507 326//507
f 326//508 331//508 329//508
f 311//509 315//509 313//509
f 308//510 312//510 310//510
f 315//511 311//511 312//511
f 306//512 321//512 309//512
f 304//513 309//513 307//513
f 317//514 306//514 305//514
f 309//515 304//515 306//515
f 312//516 308//516 309//516
f 326//517 309//517 321//517
f 329//518 312//518 326//518
f 309//519 326//519 312//519
f 336//520 337//520 338//520
f 339//521 337//521 336//521
f 340//522 339//522 341//522
f 342//523 339//523 340//523
f 343//524 342//524 344//524
f 345//525 342//525 343//525
f 346//526 345//526 347//526
f 348//527 345//527 346//527
f 338//528 349//528 350//528
f 351//529 350//529 352//529
f 353//530 338//530 351//530
f 350//531 351//531 338//531
f 354//532 355//532 352//532
f 352//533 355//533 351//533
f 356//534 357//534 353//534
f 358//535 346//535 347//535
f 355//536 356//536 351//536
f 351//537 356//537 353//537
f 359//538 347//538 360//538
f 361//539 358//539 359//539
f 347//540 359//540 358//540
f 362//541 360//541 363//541
f 364//542 361//542 359//542
f 361//543 364//543 365//543
f 359//544 366//544 364//544
f 366//545 359//545 360//545
f 360//546 362//546 366//546
f 363//547 357//547 362//547
f 344//548 360//548 347//548
f 357//549 363//549 353//549
f 343//550 347//550 345//550
f 340//551 344//551 342//551
f 347//552 343//552 344//552
f 338//553 353//553 341//553
f 336//554 341//554 339//554
f 349//555 338//555 337//555
f 341//556 336//556 338//556
f 344//557 340//557 341//557
f 363//558 341//558 353//558
f 360//559 344//559 363//559
f 341//560 363//560 344//560
f 367//561 352//561 350//561
f 334//562 354//562 335//562
f 335//563 354//563 352//563
f 368//564 350//564 369//564
f 370//565 367//565 371//565
f 350//566 368//566 367//566
f 327//567 330//567 372//567
f 373//568 372//568 370//568
f 314//569 327//569 373//569
f 372//570 373//570 327//570
f 367//571 370//571 372//571
f 335//572 372//572 330//572
f 352//573 367//573 335//573
f 372//574 335//574 367//574
f 373//575 316//575 314//575
f 374//576 316//576 373//576
f 370//577 374//577 373//577
f 371//578 374//578 370//578
f 368//579 371//579 367//579
f 369//580 371//580 368//580
f 349//581 369//581 350//581
f 337//582 369//582 349//582
f 375//583 376//583 377//583
f 378//584 376//584 375//584
f 379//585 378//585 380//585
f 381//586 378//586 379//586
f 382//587 381//587 383//587
f 384//588 381//588 382//588
f 385//589 384//589 386//589
f 377//590 387//590 388//590
f 389//591 388//591 390//591
f 391//592 377//592 389//592
f 388//593 389//593 377//593
f 392//594 390//594 393//594
f 394//595 391//595 389//595
f 391//596 394//596 395//596
f 389//597 396//597 394//597
f 397//598 385//598 386//598
f 396//599 389//599 390//599
f 398//600 386//600 399//600
f 400//601 397//601 398//601
f 386//602 398//602 397//602
f 401//603 399//603 402//603
f 403//604 398//604 404//604
f 398//605 403//605 400//605
f 398//606 405//606 404//606
f 405//607 398//607 399//607
f 399//608 401//608 405//608
f 402//609 395//609 401//609
f 383//610 399//610 386//610
f 395//611 402//611 391//611
f 382//612 386//612 384//612
f 379//613 383//613 381//613
f 386//614 382//614 383//614
f 377//615 391//615 380//615
f 375//616 380//616 378//616
f 387//617 377//617 376//617
f 380//618 375//618 377//618
f 383//619 379//619 380//619
f 402//620 380//620 391//620
f 399//621 383//621 402//621
f 380//622 402//622 383//622
f 406//623 407//623 408//623
f 408//624 407//624 409//624
f 410//625 406//625 411//625
f 412//626 413//626 414//626
f 414//627 413//627 415//627
f 416//628 412//628 417//628
f 413//629 406//629 410//629
f 409//630 418//630 419//630
f 420//631 419//631 421//631
f 422//632 409//632 420//632
f 419//633 420//633 409//633
f 423//634 424//634 421//634
f 420//635 425//635 422//635
f 425//636 420//636 426//636
f 426//637 421//637 424//637
f 427//638 416//638 417//638
f 421//639 426//639 420//639
f 428//640 417//640 429//640
f 430//641 427//641 428//641
f 417//642 428//642 427//642
f 431//643 432//643 429//643
f 428//644 433//644 430//644
f 433//645 428//645 434//645
f 434//646 429//646 432//646
f 429//647 434//647 428//647
f 432//648 431//648 435//648
f 435//649 422//649 425//649
f 415//650 429//650 417//650
f 422//651 435//651 431//651
f 414//652 417//652 412//652
f 410//653 415//653 413//653
f 417//654 414//654 415//654
f 409//655 422//655 411//655
f 408//656 411//656 406//656
f 418//657 409//657 407//657
f 411//658 408//658 409//658
f 415//659 410//659 411//659
f 431//660 411//660 422//660
f 429//661 415//661 431//661
f 411//662 431//662 415//662
f 424//663 423//663 436//663
f 436//664 400//664 403//664
f 437//665 421//665 419//665
f 400//666 436//666 423//666
f 438//667 419//667 439//667
f 440//668 437//668 441//668
f 419//669 438//669 437//669
f 397//670 400//670 442//670
f 443//671 442//671 440//671
f 385//672 397//672 443//672
f 442//673 443//673 397//673
f 437//674 440//674 442//674
f 423//675 442//675 400//675
f 421//676 437//676 423//676
f 442//677 423//677 437//677
f 385//678 444//678 384//678
f 445//679 444//679 443//679
f 440//680 446//680 443//680
f 443//681 446//681 445//681
f 385//682 443//682 444//682
f 439//683 441//683 438//683
f 438//684 441//684 437//684
f 418//685 439//685 419//685
f 407//686 439//686 418//686
f 441//687 446//687 440//687
f 390//688 392//688 396//688
f 393//689 365//689 392//689
f 447//690 390//690 388//690
f 365//691 393//691 361//691
f 448//692 388//692 449//692
f 450//693 447//693 448//693
f 388//694 448//694 447//694
f 358//695 361//695 451//695
f 452//696 451//696 450//696
f 346//697 358//697 452//697
f 451//698 452//698 358//698
f 447//699 450//699 451//699
f 393//700 451//700 361//700
f 390//701 447//701 393//701
f 451//702 393//702 447//702
f 452//703 348//703 346//703
f 453//704 348//704 452//704
f 450//705 453//705 452//705
f 454//706 453//706 450//706
f 448//707 454//707 450//707
f 449//708 454//708 448//708
f 387//709 449//709 388//709
f 376//710 449//710 387//710
f 455//711 456//711 457//711
f 457//712 456//712 458//712
f 459//713 455//713 460//713
f 461//714 462//714 463//714
f 463//715 462//715 464//715
f 465//716 461//716 466//716
f 467//717 461//717 465//717
f 462//718 455//718 459//718
f 458//719 468//719 469//719
f 470//720 469//720 471//720
f 472//721 458//721 470//721
f 469//722 470//722 458//722
f 473//723 474//723 471//723
f 475//724 476//724 470//724
f 472//725 470//725 476//725
f 475//726 471//726 474//726
f 477//727 465//727 466//727
f 471//728 475//728 470//728
f 478//729 466//729 479//729
f 480//730 477//730 478//730
f 466//731 478//731 477//731
f 481//732 482//732 483//732
f 484//733 485//733 478//733
f 480//734 478//734 485//734
f 478//735 479//735 484//735
f 482//736 484//736 479//736
f 479//737 483//737 482//737
f 483//738 472//738 481//738
f 464//739 479//739 466//739
f 476//740 481//740 472//740
f 463//741 466//741 461//741
f 459//742 464//742 462//742
f 466//743 463//743 464//743
f 458//744 472//744 460//744
f 457//745 460//745 455//745
f 468//746 458//746 456//746
f 460//747 457//747 458//747
f 464//748 459//748 460//748
f 483//749 460//749 472//749
f 479//750 464//750 483//750
f 460//751 483//751 464//751
f 486//752 487//752 488//752
f 489//753 487//753 486//753
f 490//754 489//754 491//754
f 492//755 489//755 490//755
f 493//756 492//756 494//756
f 495//757 492//757 493//757
f 496//758 495//758 497//758
f 498//759 495//759 496//759
f 488//760 499//760 500//760
f 501//761 500//761 502//761
f 503//762 488//762 501//762
f 500//763 501//763 488//763
f 504//764 505//764 506//764
f 507//765 508//765 501//765
f 503//766 501//766 508//766
f 501//767 502//767 507//767
f 509//768 496//768 497//768
f 505//769 507//769 502//769
f 510//770 497//770 511//770
f 512//771 509//771 510//771
f 497//772 510//772 509//772
f 513//773 514//773 515//773
f 516//774 517//774 510//774
f 512//775 510//775 517//775
f 510//776 511//776 516//776
f 514//777 516//777 511//777
f 511//778 515//778 514//778
f 515//779 503//779 513//779
f 494//780 511//780 497//780
f 508//781 513//781 503//781
f 493//782 497//782 495//782
f 490//783 494//783 492//783
f 497//784 493//784 494//784
f 488//785 503//785 491//785
f 486//786 491//786 489//786
f 499//787 488//787 487//787
f 491//788 486//788 488//788
f 494//789 490//789 491//789
f 515//790 491//790 503//790
f 511//791 494//791 515//791
f 491//792 515//792 494//792
f 502//793 506//793 505//793
f 506//794 480//794 504//794
f 518//795 502//795 500//795
f 485//796 504//796 480//796
f 519//797 500//797 499//797
f 520//798 518//798 521//798
f 500//799 519//799 518//799
f 477//800 480//800 522//800
f 523//801 522//801 520//801
f 465//802 477//802 523//802
f 522//803 523//803 477//803
f 518//804 520//804 522//804
f 506//805 522//805 480//805
f 502//806 518//806 506//806
f 522//807 506//807 518//807
f 523//808 467//808 465//808
f 524//809 467//809 523//809
f 520//810 524//810 523//810
f 521//811 524//811 520//811
f 519//812 521//812 518//812
f 525//813 521//813 519//813
f 499//814 525//814 519//814
f 487//815 525//815 499//815
f 526//816 527//816 528//816
f 529//817 527//817 526//817
f 530//818 529//818 531//818
f 532//819 529//819 530//819
f 533//820 532//820 534//820
f 535//821 532//821 533//821
f 536//822 535//822 537//822
f 538//823 535//823 536//823
f 528//824 539//824 540//824
f 541//825 540//825 542//825
f 543//826 528//826 541//826
f 540//827 541//827 528//827
f 544//828 545//828 546//828
f 547//829 548//829 541//829
f 543//830 541//830 548//830
f 541//831 542//831 547//831
f 549//832 536//832 537//832
f 545//833 547//833 542//833
f 550//834 537//834 551//834
f 552//835 549//835 550//835
f 537//836 550//836 549//836
f 553//837 554//837 555//837
f 556//838 557//838 550//838
f 552//839 550//839 557//839
f 550//840 551//840 556//840
f 554//841 556//841 551//841
f 551//842 555//842 554//842
f 555//843 543//843 553//843
f 534//844 551//844 537//844
f 548//845 553//845 543//845
f 533//846 537//846 535//846
f 530//847 534//847 532//847
f 537//848 533//848 534//848
f 528//849 543//849 531//849
f 526//850 531//850 529//850
f 539//851 528//851 527//851
f 531//852 526//852 528//852
f 534//853 530//853 531//853
f 555//854 531//854 543//854
f 551//855 534//855 555//855
f 531//856 555//856 534//856
f 558//857 559//857 560//857
f 561//858 559//858 558//858
f 562//859 561//859 563//859
f 564//860 561//860 562//860
f 565//861 564//861 566//861
f 567//862 564//862 565//862
f 568//863 567//863 569//863
f 570//864 567//864 568//864
f 560//865 571//865 572//865
f 573//866 572//866 574//866
f 575//867 560//867 573//867
f 572//868 573//868 560//868
f 576//869 577//869 578//869
f 573//870 574//870 579//870
f 573//871 580//871 575//871
f 575//872 580//872 581//872
f 582//873 568//873 569//873
f 577//874 579//874 574//874
f 573//875 579//875 580//875
f 583//876 569//876 584//876
f 585//877 582//877 583//877
f 569//878 583//878 582//878
f 583//879 586//879 585//879
f 585//880 586//880 587//880
f 584//881 588//881 583//881
f 583//882 588//882 586//882
f 589//883 590//883 584//883
f 584//884 590//884 588//884
f 575//885 581//885 589//885
f 589//886 581//886 590//886
f 566//887 584//887 569//887
f 565//888 569//888 567//888
f 562//889 566//889 564//889
f 569//890 565//890 566//890
f 560//891 575//891 563//891
f 558//892 563//892 561//892
f 571//893 560//893 559//893
f 563//894 558//894 560//894
f 566//895 562//895 563//895
f 589//896 563//896 575//896
f 584//897 566//897 589//897
f 563//898 589//898 566//898
f 574//899 578//899 577//899
f 578//900 552//900 576//900
f 591//901 574//901 572//901
f 557//902 576//902 552//902
f 592//903 572//903 571//903
f 593//904 591//904 594//904
f 572//905 592//905 591//905
f 549//906 552//906 595//906
f 596//907 595//907 593//907
f 536//908 549//908 596//908
f 595//909 596//909 549//909
f 591//910 593//910 595//910
f 578//911 595//911 552//911
f 574//912 591//912 578//912
f 595//913 578//913 591//913
f 596//914 538//914 536//914
f 597//915 538//915 596//915
f 593//916 597//916 596//916
f 594//917 597//917 593//917
f 592//918 594//918 591//918
f 598//919 594//919 592//919
f 571//920 598//920 592//920
f 559//921 598//921 571//921
f 542//922 546//922 545//922
f 546//923 512//923 544//923
f 599//924 542//924 540//924
f 517//925 544//925 512//925
f 600//926 540//926 539//926
f 601//927 599//927 600//927
f 540//928 600//928 599//928
f 509//929 512//929 602//929
f 603//930 602//930 601//930
f 496//931 509//931 603//931
f 602//932 603//932 509//932
f 599//933 601//933 602//933
f 546//934 602//934 512//934
f 542//935 599//935 546//935
f 602//936 546//936 599//936
f 603//937 498//937 496//937
f 604//938 498//938 603//938
f 601//939 604//939 603//939
f 605//940 604//940 601//940
f 600//941 605//941 601//941
f 606//942 605//942 600//942
f 539//943 606//943 600//943
f 527//944 606//944 539//944
f 474//945 473//945 607//945
f 607//946 430//946 433//946
f 608//947 471//947 469//947
f 430//948 607//948 473//948
f 609//949 469//949 610//949
f 611//950 608//950 609//950
f 469//951 609//951 608//951
f 427//952 430//952 612//952
f 613//953 612//953 611//953
f 416//954 427//954 613//954
f 612//955 613//955 427//955
f 608//956 611//956 612//956
f 473//957 612//957 430//957
f 471//958 608//958 473//958
f 612//959 473//959 608//959
f 614//960 412//960 416//960
f 615//961 614//961 613//961
f 613//962 614//962 416//962
f 611//963 615//963 613//963
f 610//964 616//964 609//964
f 609//965 616//965 611//965
f 468//966 610//966 469//966
f 456//967 610//967 468//967
f 616//968 615//968 611//968
f 617//969 320//969 318//969
f 276//970 322//970 277//970
f 277//971 322//971 320//971
f 618//972 318//972 619//972
f 620//973 617//973 618//973
f 318//974 618//974 617//974
f 269//975 272//975 621//975
f 622//976 621//976 620//976
f 256//977 269//977 622//977
f 621//978 622//978 269//978
f 617//979 620//979 621//979
f 277//980 621//980 272//980
f 320//981 617//981 277//981
f 621//982 277//982 617//982
f 622//983 258//983 256//983
f 623//984 258//984 622//984
f 620//985 623//985 622//985
f 624//986 623//986 620//986
f 618//987 624//987 620//987
f 619//988 624//988 618//988
f 317//989 619//989 318//989
f 305//990 619//990 317//990
f 625//991 626//991 627//991
f 628//992 626//992 625//992
f 629//993 628//993 630//993
f 631//994 628//994 629//994
f 632//995 631//995 633//995
f 634//996 631//996 632//996
f 635//997 634//997 636//997
f 637//998 634//998 635//998
f 627//999 638//999 639//999
f 640//1000 639//1000 641//1000
f 642//1001 627//1001 640//1001
f 639//1002 640//1002 627//1002
f 640//1003 643//1003 642//1003
f 642//1004 643//1004 644//1004
f 641//1005 645//1005 640//1005
f 640//1006 645//1006 643//1006
f 646//1007 635//1007 636//1007
f 647//1008 636//1008 648//1008
f 649//1009 646//1009 647//1009
f 636//1010 647//1010 646//1010
f 650//1011 651//1011 649//1011
f 649//1012 651//1012 652//1012
f 648//1013 653//1013 647//1013
f 647//1014 653//1014 650//1014
f 647//1015 650//1015 649//1015
f 654//1016 655//1016 648//1016
f 648//1017 655//1017 653//1017
f 642//1018 644//1018 654//1018
f 654//1019 644//1019 655//1019
f 633//1020 648//1020 636//1020
f 632//1021 636//1021 634//1021
f 629//1022 633//1022 631//1022
f 636//1023 632//1023 633//1023
f 627//1024 642//1024 630//1024
f 625//1025 630//1025 628//1025
f 638//1026 627//1026 626//1026
f 630//1027 625//1027 627//1027
f 633//1028 629//1028 630//1028
f 654//1029 630//1029 642//1029
f 648//1030 633//1030 654//1030
f 630//1031 654//1031 633//1031
f 656//1032 657//1032 658//1032
f 659//1033 657//1033 656//1033
f 660//1034 659//1034 661//1034
f 662//1035 659//1035 660//1035
f 663//1036 662//1036 664//1036
f 665//1037 662//1037 663//1037
f 666//1038 665//1038 667//1038
f 668//1039 665//1039 666//1039
f 658//1040 669//1040 670//1040
f 671//1041 670//1041 672//1041
f 673//1042 658//1042 671//1042
f 670//1043 671//1043 658//1043
f 674//1044 675//1044 672//1044
f 672//1045 675//1045 671//1045
f 676//1046 673//1046 671//1046
f 673//1047 677//1047 678//1047
f 673//1048 676//1048 677//1048
f 679//1049 666//1049 667//1049
f 675//1050 676//1050 671//1050
f 680//1051 667//1051 681//1051
f 682//1052 679//1052 680//1052
f 667//1053 680//1053 679//1053
f 683//1054 684//1054 681//1054
f 681//1055 684//1055 680//1055
f 685//1056 686//1056 682//1056
f 682//1057 686//1057 687//1057
f 684//1058 685//1058 680//1058
f 680//1059 685//1059 682//1059
f 664//1060 681//1060 667//1060
f 677//1061 683//1061 678//1061
f 678//1062 683//1062 681//1062
f 663//1063 667//1063 665//1063
f 660//1064 664//1064 662//1064
f 667//1065 663//1065 664//1065
f 658//1066 673//1066 661//1066
f 656//1067 661//1067 659//1067
f 669//1068 658//1068 657//1068
f 661//1069 656//1069 658//1069
f 664//1070 660//1070 661//1070
f 678//1071 661//1071 673//1071
f 681//1072 664//1072 678//1072
f 661//1073 678//1073 664//1073
f 688//1074 672//1074 670//1074
f 651//1075 674//1075 652//1075
f 652//1076 674//1076 672//1076
f 689//1077 670//1077 690//1077
f 691//1078 688//1078 692//1078
f 670//1079 689//1079 688//1079
f 646//1080 649//1080 693//1080
f 694//1081 693//1081 691//1081
f 635//1082 646//1082 694//1082
f 693//1083 694//1083 646//1083
f 688//1084 691//1084 693//1084
f 652//1085 693//1085 649//1085
f 672//1086 688//1086 652//1086
f 693//1087 652//1087 688//1087
f 694//1088 637//1088 635//1088
f 695//1089 637//1089 694//1089
f 691//1090 695//1090 694//1090
f 692//1091 695//1091 691//1091
f 689//1092 692//1092 688//1092
f 690//1093 692//1093 689//1093
f 669//1094 690//1094 670//1094
f 657//1095 690//1095 669//1095
f 696//1096 697//1096 698//1096
f 699//1097 697//1097 696//1097
f 700//1098 699//1098 701//1098
f 702//1099 699//1099 700//1099
f 703//1100 702//1100 704//1100
f 705//1101 702//1101 703//1101
f 706//1102 705//1102 707//1102
f 708//1103 705//1103 706//1103
f 698//1104 709//1104 710//1104
f 711//1105 710//1105 712//1105
f 713//1106 698//1106 711//1106
f 710//1107 711//1107 698//1107
f 714//1108 715//1108 712//1108
f 712//1109 715//1109 711//1109
f 716//1110 717//1110 713//1110
f 713//1111 717//1111 718//1111
f 719//1112 706//1112 707//1112
f 715//1113 716//1113 711//1113
f 711//1114 716//1114 713//1114
f 720//1115 707//1115 721//1115
f 722//1116 719//1116 720//1116
f 707//1117 720//1117 719//1117
f 723//1118 724//1118 721//1118
f 721//1119 724//1119 720//1119
f 725//1120 726//1120 722//1120
f 722//1121 726//1121 727//1121
f 724//1122 725//1122 720//1122
f 720//1123 725//1123 722//1123
f 704//1124 721//1124 707//1124
f 717//1125 723//1125 718//1125
f 718//1126 723//1126 721//1126
f 703//1127 707//1127 705//1127
f 700//1128 704//1128 702//1128
f 707//1129 703//1129 704//1129
f 698//1130 713//1130 701//1130
f 696//1131 701//1131 699//1131
f 709//1132 698//1132 697//1132
f 701//1133 696//1133 698//1133
f 704//1134 700//1134 701//1134
f 718//1135 701//1135 713//1135
f 721//1136 704//1136 718//1136
f 701//1137 718//1137 704//1137
f 728//1138 729//1138 730//1138
f 731//1139 729//1139 728//1139
f 732//1140 731//1140 733//1140
f 734//1141 731//1141 732//1141
f 735//1142 734//1142 736//1142
f 737//1143 734//1143 735//1143
f 738//1144 737//1144 739//1144
f 740//1145 737//1145 738//1145
f 730//1146 741//1146 742//1146
f 743//1147 742//1147 744//1147
f 745//1148 730//1148 743//1148
f 742//1149 743//1149 730//1149
f 746//1150 747//1150 744//1150
f 744//1151 747//1151 743//1151
f 748//1152 749//1152 745//1152
f 745//1153 749//1153 750//1153
f 751//1154 738//1154 739//1154
f 747//1155 748//1155 743//1155
f 743//1156 748//1156 745//1156
f 752//1157 739//1157 753//1157
f 754//1158 751//1158 752//1158
f 739//1159 752//1159 751//1159
f 755//1160 756//1160 753//1160
f 753//1161 756//1161 752//1161
f 757//1162 754//1162 752//1162
f 754//1163 757//1163 758//1163
f 756//1164 757//1164 752//1164
f 736//1165 753//1165 739//1165
f 749//1166 755//1166 750//1166
f 750//1167 755//1167 753//1167
f 735//1168 739//1168 737//1168
f 732//1169 736//1169 734//1169
f 739//1170 735//1170 736//1170
f 730//1171 745//1171 733//1171
f 728//1172 733//1172 731//1172
f 741//1173 730//1173 729//1173
f 733//1174 728//1174 730//1174
f 736//1175 732//1175 733//1175
f 750//1176 733//1176 745//1176
f 753//1177 736//1177 750//1177
f 733//1178 750//1178 736//1178
f 759//1179 744//1179 742//1179
f 726//1180 746//1180 727//1180
f 727//1181 746//1181 744//1181
f 760//1182 742//1182 761//1182
f 762//1183 759//1183 763//1183
f 742//1184 760//1184 759//1184
f 719//1185 722//1185 764//1185
f 765//1186 764//1186 762//1186
f 706//1187 719//1187 765//1187
f 764//1188 765//1188 719//1188
f 759//1189 762//1189 764//1189
f 727//1190 764//1190 722//1190
f 744//1191 759//1191 727//1191
f 764//1192 727//1192 759//1192
f 765//1193 708//1193 706//1193
f 766//1194 708//1194 765//1194
f 762//1195 766//1195 765//1195
f 763//1196 766//1196 762//1196
f 760//1197 763//1197 759//1197
f 761//1198 763//1198 760//1198
f 741//1199 761//1199 742//1199
f 729//1200 761//1200 741//1200
f 767//1201 712//1201 710//1201
f 686//1202 714//1202 687//1202
f 687//1203 714//1203 712//1203
f 768//1204 710//1204 769//1204
f 770//1205 767//1205 768//1205
f 710//1206 768//1206 767//1206
f 679//1207 682//1207 771//1207
f 772//1208 771//1208 770//1208
f 666//1209 679//1209 772//1209
f 771//1210 772//1210 679//1210
f 767//1211 770//1211 771//1211
f 687//1212 771//1212 682//1212
f 712//1213 767//1213 687//1213
f 771//1214 687//1214 767//1214
f 772//1215 668//1215 666//1215
f 773//1216 668//1216 772//1216
f 770//1217 773//1217 772//1217
f 774//1218 773//1218 770//1218
f 768//1219 774//1219 770//1219
f 769//1220 774//1220 768//1220
f 709//1221 769//1221 710//1221
f 697//1222 769//1222 709//1222
f 775//1223 776//1223 777//1223
f 778//1224 776//1224 775//1224
f 779//1225 778//1225 780//1225
f 781//1226 778//1226 779//1226
f 782//1227 781//1227 783//1227
f 784//1228 781//1228 782//1228
f 785//1229 784//1229 786//1229
f 787//1230 784//1230 785//1230
f 777//1231 788//1231 789//1231
f 790//1232 789//1232 791//1232
f 792//1233 777//1233 790//1233
f 789//1234 790//1234 777//1234
f 793//1235 791//1235 794//1235
f 795//1236 792//1236 790//1236
f 792//1237 795//1237 796//1237
f 790//1238 797//1238 795//1238
f 798//1239 785//1239 786//1239
f 797//1240 790//1240 791//1240
f 799//1241 786//1241 800//1241
f 801//1242 798//1242 799//1242
f 786//1243 799//1243 798//1243
f 802//1244 800//1244 803//1244
f 804//1245 801//1245 799//1245
f 801//1246 804//1246 805//1246
f 799//1247 806//1247 804//1247
f 806//1248 799//1248 800//1248
f 800//1249 802//1249 806//1249
f 803//1250 796//1250 802//1250
f 783//1251 800//1251 786//1251
f 796//1252 803//1252 792//1252
f 782//1253 786//1253 784//1253
f 779//1254 783//1254 781//1254
f 786//1255 782//1255 783//1255
f 777//1256 792//1256 780//1256
f 775//1257 780//1257 778//1257
f 788//1258 777//1258 776//1258
f 780//1259 775//1259 777//1259
f 783//1260 779//1260 780//1260
f 803//1261 780//1261 792//1261
f 800//1262 783//1262 803//1262
f 780//1263 803//1263 783//1263
f 807//1264 808//1264 809//1264
f 809//1265 808//1265 810//1265
f 811//1266 808//1266 812//1266
f 813//1267 807//1267 814//1267
f 815//1268 816//1268 817//1268
f 817//1269 816//1269 818//1269
f 819//1270 815//1270 820//1270
f 816//1271 807//1271 813//1271
f 810//1272 811//1272 821//1272
f 822//1273 821//1273 823//1273
f 824//1274 810//1274 822//1274
f 821//1275 822//1275 810//1275
f 825//1276 823//1276 826//1276
f 822//1277 827//1277 824//1277
f 827//1278 822//1278 828//1278
f 829//1279 822//1279 823//1279
f 830//1280 819//1280 820//1280
f 822//1281 829//1281 828//1281
f 831//1282 820//1282 832//1282
f 833//1283 830//1283 831//1283
f 820//1284 831//1284 830//1284
f 834//1285 835//1285 832//1285
f 831//1286 836//1286 833//1286
f 836//1287 831//1287 837//1287
f 837//1288 832//1288 835//1288
f 832//1289 837//1289 831//1289
f 835//1290 834//1290 838//1290
f 838//1291 824//1291 827//1291
f 818//1292 832//1292 820//1292
f 824//1293 838//1293 834//1293
f 817//1294 820//1294 815//1294
f 813//1295 818//1295 816//1295
f 820//1296 817//1296 818//1296
f 810//1297 824//1297 814//1297
f 809//1298 814//1298 807//1298
f 811//1299 810//1299 808//1299
f 814//1300 809//1300 810//1300
f 818//1301 813//1301 814//1301
f 834//1302 814//1302 824//1302
f 832//1303 818//1303 834//1303
f 814//1304 834//1304 818//1304
f 823//1305 825//1305 829//1305
f 826//1306 805//1306 825//1306
f 839//1307 823//1307 821//1307
f 805//1308 826//1308 801//1308
f 840//1309 821//1309 811//1309
f 841//1310 839//1310 842//1310
f 821//1311 840//1311 839//1311
f 798//1312 801//1312 843//1312
f 844//1313 843//1313 845//1313
f 785//1314 798//1314 844//1314
f 843//1315 844//1315 798//1315
f 839//1316 841//1316 843//1316
f 826//1317 843//1317 801//1317
f 823//1318 839//1318 826//1318
f 843//1319 826//1319 839//1319
f 811//1320 812//1320 840//1320
f 844//1321 787//1321 785//1321
f 845//1322 787//1322 844//1322
f 841//1323 845//1323 843//1323
f 842//1324 845//1324 841//1324
f 840//1325 812//1325 846//1325
f 840//1326 842//1326 839//1326
f 840//1327 846//1327 842//1327
f 847//1328 848//1328 849//1328
f 849//1329 848//1329 850//1329
f 851//1330 847//1330 852//1330
f 853//1331 854//1331 855//1331
f 855//1332 854//1332 856//1332
f 857//1333 853//1333 858//1333
f 854//1334 847//1334 851//1334
f 850//1335 859//1335 860//1335
f 861//1336 860//1336 862//1336
f 863//1337 850//1337 861//1337
f 860//1338 861//1338 850//1338
f 864//1339 865//1339 862//1339
f 861//1340 866//1340 863//1340
f 866//1341 861//1341 867//1341
f 867//1342 862//1342 865//1342
f 868//1343 857//1343 858//1343
f 862//1344 867//1344 861//1344
f 869//1345 858//1345 870//1345
f 871//1346 868//1346 869//1346
f 858//1347 869//1347 868//1347
f 872//1348 873//1348 870//1348
f 874//1349 875//1349 869//1349
f 871//1350 869//1350 875//1350
f 869//1351 870//1351 874//1351
f 873//1352 874//1352 870//1352
f 873//1353 872//1353 876//1353
f 876//1354 863//1354 866//1354
f 856//1355 870//1355 858//1355
f 863//1356 876//1356 872//1356
f 855//1357 858//1357 853//1357
f 851//1358 856//1358 854//1358
f 858//1359 855//1359 856//1359
f 850//1360 863//1360 852//1360
f 849//1361 852//1361 847//1361
f 859//1362 850//1362 848//1362
f 852//1363 849//1363 850//1363
f 856//1364 851//1364 852//1364
f 872//1365 852//1365 863//1365
f 870//1366 856//1366 872//1366
f 852//1367 872//1367 856//1367
f 877//1368 878//1368 879//1368
f 880//1369 878//1369 877//1369
f 881//1370 880//1370 882//1370
f 883//1371 880//1371 881//1371
f 884//1372 883//1372 885//1372
f 886//1373 883//1373 884//1373
f 887//1374 886//1374 888//1374
f 889//1375 886//1375 887//1375
f 879//1376 890//1376 891//1376
f 892//1377 891//1377 893//1377
f 894//1378 879//1378 892//1378
f 891//1379 892//1379 879//1379
f 895//1380 896//1380 897//1380
f 898//1381 899//1381 892//1381
f 894//1382 892//1382 899//1382
f 892//1383 893//1383 898//1383
f 900//1384 887//1384 888//1384
f 896//1385 898//1385 893//1385
f 901//1386 888//1386 902//1386
f 903//1387 900//1387 901//1387
f 888//1388 901//1388 900//1388
f 904//1389 905//1389 906//1389
f 907//1390 908//1390 901//1390
f 903//1391 901//1391 908//1391
f 901//1392 902//1392 907//1392
f 905//1393 907//1393 902//1393
f 902//1394 906//1394 905//1394
f 906//1395 894//1395 904//1395
f 885//1396 902//1396 888//1396
f 899//1397 904//1397 894//1397
f 884//1398 888//1398 886//1398
f 881//1399 885//1399 883//1399
f 888//1400 884//1400 885//1400
f 879//1401 894//1401 882//1401
f 877//1402 882//1402 880//1402
f 890//1403 879//1403 878//1403
f 882//1404 877//1404 879//1404
f 885//1405 881//1405 882//1405
f 906//1406 882//1406 894//1406
f 902//1407 885//1407 906//1407
f 882//1408 906//1408 885//1408
f 893//1409 897//1409 896//1409
f 897//1410 871//1410 895//1410
f 909//1411 893//1411 891//1411
f 875//1412 895//1412 871//1412
f 910//1413 891//1413 890//1413
f 911//1414 909//1414 912//1414
f 891//1415 910//1415 909//1415
f 868//1416 871//1416 913//1416
f 914//1417 913//1417 911//1417
f 857//1418 868//1418 914//1418
f 913//1419 914//1419 868//1419
f 909//1420 911//1420 913//1420
f 897//1421 913//1421 871//1421
f 893//1422 909//1422 897//1422
f 913//1423 897//1423 909//1423
f 915//1424 853//1424 857//1424
f 916//1425 915//1425 914//1425
f 914//1426 915//1426 857//1426
f 911//1427 916//1427 914//1427
f 910//1428 912//1428 909//1428
f 917//1429 912//1429 910//1429
f 890//1430 917//1430 910//1430
f 878//1431 917//1431 890//1431
f 912//1432 916//1432 911//1432
f 865//1433 864//1433 918//1433
f 918//1434 833//1434 836//1434
f 919//1435 862//1435 860//1435
f 833//1436 918//1436 864//1436
f 920//1437 860//1437 921//1437
f 922//1438 919//1438 920//1438
f 860//1439 920//1439 919//1439
f 830//1440 833//1440 923//1440
f 924//1441 923//1441 922//1441
f 819//1442 830//1442 924//1442
f 923//1443 924//1443 830//1443
f 919//1444 922//1444 923//1444
f 864//1445 923//1445 833//1445
f 862//1446 919//1446 864//1446
f 923//1447 864//1447 919//1447
f 925//1448 815//1448 819//1448
f 926//1449 925//1449 924//1449
f 924//1450 925//1450 819//1450
f 922//1451 926//1451 924//1451
f 921//1452 927//1452 920//1452
f 920//1453 927//1453 922//1453
f 859//1454 921//1454 860//1454
f 848//1455 921//1455 859//1455
f 927//1456 926//1456 922//1456
f 791//1457 793//1457 797//1457
f 794//1458 758//1458 793//1458
f 928//1459 791//1459 789//1459
f 758//1460 794//1460 754//1460
f 929//1461 789//1461 930//1461
f 931//1462 928//1462 929//1462
f 789//1463 929//1463 928//1463
f 751//1464 754//1464 932//1464
f 933//1465 932//1465 931//1465
f 738//1466 751//1466 933//1466
f 932//1467 933//1467 751//1467
f 928//1468 931//1468 932//1468
f 794//1469 932//1469 754//1469
f 791//1470 928//1470 794//1470
f 932//1471 794//1471 928//1471
f 933//1472 740//1472 738//1472
f 934//1473 740//1473 933//1473
f 931//1474 934//1474 933//1474
f 935//1475 934//1475 931//1475
f 929//1476 935//1476 931//1476
f 930//1477 935//1477 929//1477
f 788//1478 930//1478 789//1478
f 776//1479 930//1479 788//1479
f 936//1480 937//1480 938//1480
f 939//1481 937//1481 936//1481
f 940//1482 939//1482 941//1482
f 942//1483 939//1483 940//1483
f 943//1484 942//1484 944//1484
f 945//1485 942//1485 943//1485
f 946//1486 945//1486 947//1486
f 948//1487 945//1487 946//1487
f 938//1488 949//1488 950//1488
f 951//1489 950//1489 952//1489
f 953//1490 938//1490 951//1490
f 950//1491 951//1491 938//1491
f 954//1492 955//1492 956//1492
f 957//1493 958//1493 951//1493
f 953//1494 951//1494 958//1494
f 951//1495 952//1495 957//1495
f 959//1496 946//1496 947//1496
f 955//1497 957//1497 952//1497
f 960//1498 947//1498 961//1498
f 962//1499 959//1499 960//1499
f 947//1500 960//1500 959//1500
f 963//1501 964//1501 965//1501
f 966//1502 967//1502 960//1502
f 962//1503 960//1503 967//1503
f 960//1504 961//1504 966//1504
f 964//1505 966//1505 961//1505
f 961//1506 965//1506 964//1506
f 965//1507 953//1507 963//1507
f 944//1508 961//1508 947//1508
f 958//1509 963//1509 953//1509
f 943//1510 947//1510 945//1510
f 940//1511 944//1511 942//1511
f 947//1512 943//1512 944//1512
f 938//1513 953//1513 941//1513
f 936//1514 941//1514 939//1514
f 949//1515 938//1515 937//1515
f 941//1516 936//1516 938//1516
f 944//1517 940//1517 941//1517
f 965//1518 941//1518 953//1518
f 961//1519 944//1519 965//1519
f 941//1520 965//1520 944//1520
f 968//1521 969//1521 970//1521
f 971//1522 969//1522 968//1522
f 972//1523 971//1523 973//1523
f 974//1524 971//1524 972//1524
f 975//1525 974//1525 976//1525
f 977//1526 974//1526 975//1526
f 978//1527 977//1527 979//1527
f 980//1528 977//1528 978//1528
f 970//1529 981//1529 982//1529
f 983//1530 982//1530 984//1530
f 985//1531 970//1531 983//1531
f 982//1532 983//1532 970//1532
f 986//1533 987//1533 988//1533
f 989//1534 990//1534 983//1534
f 985//1535 983//1535 990//1535
f 983//1536 984//1536 989//1536
f 991//1537 978//1537 979//1537
f 987//1538 989//1538 984//1538
f 992//1539 979//1539 993//1539
f 994//1540 991//1540 992//1540
f 979//1541 992//1541 991//1541
f 995//1542 996//1542 997//1542
f 993//1543 996//1543 998//1543
f 992//1544 999//1544 994//1544
f 994//1545 999//1545 1000//1545
f 993//1546 998//1546 992//1546
f 992//1547 998//1547 999//1547
f 993//1548 997//1548 996//1548
f 997//1549 985//1549 995//1549
f 976//1550 993//1550 979//1550
f 990//1551 995//1551 985//1551
f 975//1552 979//1552 977//1552
f 972//1553 976//1553 974//1553
f 979//1554 975//1554 976//1554
f 970//1555 985//1555 973//1555
f 968//1556 973//1556 971//1556
f 981//1557 970//1557 969//1557
f 973//1558 968//1558 970//1558
f 976//1559 972//1559 973//1559
f 997//1560 973//1560 985//1560
f 993//1561 976//1561 997//1561
f 973//1562 997//1562 976//1562
f 984//1563 988//1563 987//1563
f 988//1564 962//1564 986//1564
f 1001//1565 984//1565 982//1565
f 967//1566 986//1566 962//1566
f 1002//1567 982//1567 981//1567
f 1003//1568 1001//1568 1004//1568
f 982//1569 1002//1569 1001//1569
f 959//1570 962//1570 1005//1570
f 1006//1571 1005//1571 1003//1571
f 946//1572 959//1572 1006//1572
f 1005//1573 1006//1573 959//1573
f 1001//1574 1003//1574 1005//1574
f 988//1575 1005//1575 962//1575
f 984//1576 1001//1576 988//1576
f 1005//1577 988//1577 1001//1577
f 1006//1578 948//1578 946//1578
f 1007//1579 948//1579 1006//1579
f 1003//1580 1007//1580 1006//1580
f 1004//1581 1007//1581 1003//1581
f 1002//1582 1004//1582 1001//1582
f 1008//1583 1004//1583 1002//1583
f 981//1584 1008//1584 1002//1584
f 969//1585 1008//1585 981//1585
f 1009//1586 1010//1586 1011//1586
f 1012//1587 1010//1587 1009//1587
f 1013//1588 1012//1588 1014//1588
f 1015//1589 1012//1589 1013//1589
f 1016//1590 1015//1590 1017//1590
f 1018//1591 1015//1591 1016//1591
f 1019//1592 1018//1592 1020//1592
f 1021//1593 1018//1593 1019//1593
f 1011//1594 1022//1594 1023//1594
f 1024//1595 1023//1595 1025//1595
f 1026//1596 1011//1596 1024//1596
f 1023//1597 1024//1597 1011//1597
f 1024//1598 1027//1598 1026//1598
f 1026//1599 1027//1599 1028//1599
f 1025//1600 1029//1600 1024//1600
f 1024//1601 1029//1601 1027//1601
f 1030//1602 1019//1602 1020//1602
f 1031//1603 1020//1603 1032//1603
f 1033//1604 1030//1604 1031//1604
f 1020//1605 1031//1605 1030//1605
f 1031//1606 1034//1606 1033//1606
f 1033//1607 1034//1607 1035//1607
f 1032//1608 1036//1608 1031//1608
f 1031//1609 1036//1609 1034//1609
f 1037//1610 1038//1610 1032//1610
f 1032//1611 1038//1611 1036//1611
f 1026//1612 1028//1612 1037//1612
f 1037//1613 1028//1613 1038//1613
f 1017//1614 1032//1614 1020//1614
f 1016//1615 1020//1615 1018//1615
f 1013//1616 1017//1616 1015//1616
f 1020//1617 1016//1617 1017//1617
f 1011//1618 1026//1618 1014//1618
f 1009//1619 1014//1619 1012//1619
f 1022//1620 1011//1620 1010//1620
f 1014//1621 1009//1621 1011//1621
f 1017//1622 1013//1622 1014//1622
f 1037//1623 1014//1623 1026//1623
f 1032//1624 1017//1624 1037//1624
f 1014//1625 1037//1625 1017//1625
f 1039//1626 1040//1626 1041//1626
f 1042//1627 1040//1627 1039//1627
f 1043//1628 1042//1628 1044//1628
f 1045//1629 1042//1629 1043//1629
f 1046//1630 1045//1630 1047//1630
f 1048//1631 1045//1631 1046//1631
f 1049//1632 1048//1632 1050//1632
f 1051//1633 1048//1633 1049//1633
f 1041//1634 1052//1634 1053//1634
f 1054//1635 1053//1635 1055//1635
f 1056//1636 1041//1636 1054//1636
f 1053//1637 1054//1637 1041//1637
f 1055//1638 1057//1638 1054//1638
f 1058//1639 1059//1639 1056//1639
f 1056//1640 1059//1640 1060//1640
f 1061//1641 1049//1641 1050//1641
f 1057//1642 1058//1642 1054//1642
f 1054//1643 1058//1643 1056//1643
f 1062//1644 1050//1644 1063//1644
f 1064//1645 1061//1645 1062//1645
f 1050//1646 1062//1646 1061//1646
f 1065//1647 1066//1647 1063//1647
f 1063//1648 1066//1648 1062//1648
f 1067//1649 1068//1649 1064//1649
f 1064//1650 1068//1650 1069//1650
f 1066//1651 1067//1651 1062//1651
f 1062//1652 1067//1652 1064//1652
f 1047//1653 1063//1653 1050//1653
f 1059//1654 1065//1654 1060//1654
f 1060//1655 1065//1655 1063//1655
f 1046//1656 1050//1656 1048//1656
f 1043//1657 1047//1657 1045//1657
f 1050//1658 1046//1658 1047//1658
f 1041//1659 1056//1659 1044//1659
f 1039//1660 1044//1660 1042//1660
f 1052//1661 1041//1661 1040//1661
f 1044//1662 1039//1662 1041//1662
f 1047//1663 1043//1663 1044//1663
f 1060//1664 1044//1664 1056//1664
f 1063//1665 1047//1665 1060//1665
f 1044//1666 1060//1666 1047//1666
f 1070//1667 1071//1667 1055//1667
f 1055//1668 1071//1668 1057//1668
f 1033//1669 1035//1669 1070//1669
f 1070//1670 1035//1670 1071//1670
f 1072//1671 1055//1671 1053//1671
f 1073//1672 1053//1672 1074//1672
f 1075//1673 1072//1673 1076//1673
f 1053//1674 1073//1674 1072//1674
f 1030//1675 1033//1675 1077//1675
f 1078//1676 1077//1676 1075//1676
f 1019//1677 1030//1677 1078//1677
f 1077//1678 1078//1678 1030//1678
f 1072//1679 1075//1679 1077//1679
f 1070//1680 1077//1680 1033//1680
f 1055//1681 1072//1681 1070//1681
f 1077//1682 1070//1682 1072//1682
f 1078//1683 1021//1683 1019//1683
f 1079//1684 1021//1684 1078//1684
f 1075//1685 1079//1685 1078//1685
f 1076//1686 1079//1686 1075//1686
f 1073//1687 1076//1687 1072//1687
f 1074//1688 1076//1688 1073//1688
f 1052//1689 1074//1689 1053//1689
f 1040//1690 1074//1690 1052//1690
f 1080//1691 1081//1691 1025//1691
f 1025//1692 1081//1692 1029//1692
f 994//1693 1000//1693 1080//1693
f 1080//1694 1000//1694 1081//1694
f 1082//1695 1025//1695 1023//1695
f 1083//1696 1023//1696 1084//1696
f 1085//1697 1082//1697 1083//1697
f 1023//1698 1083//1698 1082//1698
f 991//1699 994//1699 1086//1699
f 1087//1700 1086//1700 1085//1700
f 978//1701 991//1701 1087//1701
f 1086//1702 1087//1702 991//1702
f 1082//1703 1085//1703 1086//1703
f 1080//1704 1086//1704 994//1704
f 1025//1705 1082//1705 1080//1705
f 1086//1706 1080//1706 1082//1706
f 1087//1707 980//1707 978//1707
f 1088//1708 980//1708 1087//1708
f 1085//1709 1088//1709 1087//1709
f 1089//1710 1088//1710 1085//1710
f 1083//1711 1089//1711 1085//1711
f 1084//1712 1089//1712 1083//1712
f 1022//1713 1084//1713 1023//1713
f 1010//1714 1084//1714 1022//1714
f 1090//1715 1091//1715 1092//1715
f 1093//1716 1091//1716 1090//1716
f 1094//1717 1093//1717 1095//1717
f 1096//1718 1093//1718 1094//1718
f 1097//1719 1096//1719 1098//1719
f 1099//1720 1096//1720 1097//1720
f 1100//1721 1099//1721 1101//1721
f 1102//1722 1099//1722 1100//1722
f 1092//1723 1103//1723 1104//1723
f 1105//1724 1104//1724 1106//1724
f 1107//1725 1092//1725 1105//1725
f 1104//1726 1105//1726 1092//1726
f 1108//1727 1109//1727 1106//1727
f 1106//1728 1109//1728 1105//1728
f 1110//1729 1111//1729 1107//1729
f 1107//1730 1111//1730 1112//1730
f 1113//1731 1100//1731 1101//1731
f 1109//1732 1110//1732 1105//1732
f 1105//1733 1110//1733 1107//1733
f 1114//1734 1101//1734 1115//1734
f 1116//1735 1113//1735 1114//1735
f 1101//1736 1114//1736 1113//1736
f 1117//1737 1118//1737 1115//1737
f 1115//1738 1118//1738 1114//1738
f 1119//1739 1120//1739 1116//1739
f 1116//1740 1120//1740 1121//1740
f 1118//1741 1119//1741 1114//1741
f 1114//1742 1119//1742 1116//1742
f 1098//1743 1115//1743 1101//1743
f 1111//1744 1117//1744 1112//1744
f 1112//1745 1117//1745 1115//1745
f 1097//1746 1101//1746 1099//1746
f 1094//1747 1098//1747 1096//1747
f 1101//1748 1097//1748 1098//1748
f 1092//1749 1107//1749 1095//1749
f 1090//1750 1095//1750 1093//1750
f 1103//1751 1092//1751 1091//1751
f 1095//1752 1090//1752 1092//1752
f 1098//1753 1094//1753 1095//1753
f 1112//1754 1095//1754 1107//1754
f 1115//1755 1098//1755 1112//1755
f 1095//1756 1112//1756 1098//1756
f 1122//1757 1123//1757 1124//1757
f 1125//1758 1123//1758 1122//1758
f 1126//1759 1125//1759 1127//1759
f 1128//1760 1125//1760 1126//1760
f 1129//1761 1128//1761 1130//1761
f 1131//1762 1128//1762 1129//1762
f 1132//1763 1131//1763 1133//1763
f 1134//1764 1131//1764 1132//1764
f 1124//1765 1135//1765 1136//1765
f 1137//1766 1136//1766 1138//1766
f 1139//1767 1124//1767 1137//1767
f 1136//1768 1137//1768 1124//1768
f 1140//1769 1141//1769 1138//1769
f 1138//1770 1141//1770 1137//1770
f 1142//1771 1143//1771 1139//1771
f 1139//1772 1143//1772 1144//1772
f 1145//1773 1132//1773 1133//1773
f 1141//1774 1142//1774 1137//1774
f 1137//1775 1142//1775 1139//1775
f 1146//1776 1133//1776 1147//1776
f 1148//1777 1145//1777 1146//1777
f 1133//1778 1146//1778 1145//1778
f 1149//1779 1150//1779 1147//1779
f 1147//1780 1150//1780 1146//1780
f 1151//1781 1152//1781 1148//1781
f 1148//1782 1152//1782 1153//1782
f 1150//1783 1151//1783 1146//1783
f 1146//1784 1151//1784 1148//1784
f 1130//1785 1147//1785 1133//1785
f 1143//1786 1149//1786 1144//1786
f 1144//1787 1149//1787 1147//1787
f 1129//1788 1133//1788 1131//1788
f 1126//1789 1130//1789 1128//1789
f 1133//1790 1129//1790 1130//1790
f 1124//1791 1139//1791 1127//1791
f 1122//1792 1127//1792 1125//1792
f 1135//1793 1124//1793 1123//1793
f 1127//1794 1122//1794 1124//1794
f 1130//1795 1126//1795 1127//1795
f 1144//1796 1127//1796 1139//1796
f 1147//1797 1130//1797 1144//1797
f 1127//1798 1144//1798 1130//1798
f 1154//1799 1138//1799 1136//1799
f 1120//1800 1140//1800 1121//1800
f 1121//1801 1140//1801 1138//1801
f 1155//1802 1136//1802 1156//1802
f 1157//1803 1154//1803 1158//1803
f 1136//1804 1155//1804 1154//1804
f 1113//1805 1116//1805 1159//1805
f 1160//1806 1159//1806 1157//1806
f 1100//1807 1113//1807 1160//1807
f 1159//1808 1160//1808 1113//1808
f 1154//1809 1157//1809 1159//1809
f 1121//1810 1159//1810 1116//1810
f 1138//1811 1154//1811 1121//1811
f 1159//1812 1121//1812 1154//1812
f 1160//1813 1102//1813 1100//1813
f 1161//1814 1102//1814 1160//1814
f 1157//1815 1161//1815 1160//1815
f 1158//1816 1161//1816 1157//1816
f 1155//1817 1158//1817 1154//1817
f 1156//1818 1158//1818 1155//1818
f 1135//1819 1156//1819 1136//1819
f 1123//1820 1156//1820 1135//1820
f 1162//1821 1163//1821 1164//1821
f 1165//1822 1163//1822 1162//1822
f 1166//1823 1165//1823 1167//1823
f 1168//1824 1165//1824 1166//1824
f 1169//1825 1168//1825 1170//1825
f 1171//1826 1168//1826 1169//1826
f 1172//1827 1171//1827 1173//1827
f 1174//1828 1171//1828 1172//1828
f 1164//1829 1175//1829 1176//1829
f 1177//1830 1176//1830 1178//1830
f 1179//1831 1164//1831 1177//1831
f 1176//1832 1177//1832 1164//1832
f 1180//1833 1181//1833 1178//1833
f 1182//1834 1179//1834 1177//1834
f 1179//1835 1182//1835 1183//1835
f 1177//1836 1181//1836 1182//1836
f 1184//1837 1172//1837 1173//1837
f 1181//1838 1177//1838 1178//1838
f 1185//1839 1173//1839 1186//1839
f 1187//1840 1184//1840 1185//1840
f 1173//1841 1185//1841 1184//1841
f 1188//1842 1186//1842 1189//1842
f 1190//1843 1187//1843 1185//1843
f 1187//1844 1190//1844 1191//1844
f 1185//1845 1192//1845 1190//1845
f 1192//1846 1185//1846 1186//1846
f 1186//1847 1188//1847 1192//1847
f 1189//1848 1183//1848 1188//1848
f 1170//1849 1186//1849 1173//1849
f 1183//1850 1189//1850 1179//1850
f 1169//1851 1173//1851 1171//1851
f 1166//1852 1170//1852 1168//1852
f 1173//1853 1169//1853 1170//1853
f 1164//1854 1179//1854 1167//1854
f 1162//1855 1167//1855 1165//1855
f 1175//1856 1164//1856 1163//1856
f 1167//1857 1162//1857 1164//1857
f 1170//1858 1166//1858 1167//1858
f 1189//1859 1167//1859 1179//1859
f 1186//1860 1170//1860 1189//1860
f 1167//1861 1189//1861 1170//1861
f 1193//1862 1194//1862 1195//1862
f 1196//1863 1194//1863 1193//1863
f 1197//1864 1196//1864 1198//1864
f 1199//1865 1197//1865 1//1865
f 1197//1866 1199//1866 1196//1866
f 1195//1867 1200//1867 1201//1867
f 1202//1868 1201//1868 1203//1868
f 1204//1869 1195//1869 1202//1869
f 1201//1870 1202//1870 1195//1870
f 1205//1871 1203//1871 1206//1871
f 1207//1872 1204//1872 1202//1872
f 1204//1873 1207//1873 1208//1873
f 1202//1874 1209//1874 1207//1874
f 1209//1875 1202//1875 1203//1875
f 1210//1876 1//1876 1197//1876
f 1211//1877 10//1877 1212//1877
f 1212//1878 1208//1878 1211//1878
f 10//1879 1210//1879 1212//1879
f 1208//1880 1212//1880 1204//1880
f 1210//1881 10//1881 1//1881
f 1195//1882 1204//1882 1198//1882
f 1193//1883 1198//1883 1196//1883
f 1200//1884 1195//1884 1194//1884
f 1198//1885 1193//1885 1195//1885
f 1210//1886 1197//1886 1198//1886
f 1212//1887 1198//1887 1204//1887
f 1198//1888 1212//1888 1210//1888
f 1203//1889 1205//1889 1209//1889
f 1206//1890 1191//1890 1205//1890
f 1213//1891 1203//1891 1201//1891
f 1191//1892 1206//1892 1187//1892
f 1214//1893 1201//1893 1215//1893
f 1216//1894 1213//1894 1217//1894
f 1201//1895 1214//1895 1213//1895
f 1184//1896 1187//1896 1218//1896
f 1219//1897 1218//1897 1216//1897
f 1172//1898 1184//1898 1219//1898
f 1218//1899 1219//1899 1184//1899
f 1213//1900 1216//1900 1218//1900
f 1206//1901 1218//1901 1187//1901
f 1203//1902 1213//1902 1206//1902
f 1218//1903 1206//1903 1213//1903
f 1219//1904 1174//1904 1172//1904
f 1220//1905 1174//1905 1219//1905
f 1216//1906 1220//1906 1219//1906
f 1217//1907 1220//1907 1216//1907
f 1214//1908 1217//1908 1213//1908
f 1215//1909 1217//1909 1214//1909
f 1200//1910 1215//1910 1201//1910
f 1194//1911 1215//1911 1200//1911
f 1221//1912 1178//1912 1176//1912
f 1152//1913 1180//1913 1153//1913
f 1153//1914 1180//1914 1178//1914
f 1222//1915 1176//1915 1223//1915
f 1224//1916 1221//1916 1222//1916
f 1176//1917 1222//1917 1221//1917
f 1145//1918 1148//1918 1225//1918
f 1226//1919 1225//1919 1224//1919
f 1132//1920 1145//1920 1226//1920
f 1225//1921 1226//1921 1145//1921
f 1221//1922 1224//1922 1225//1922
f 1153//1923 1225//1923 1148//1923
f 1178//1924 1221//1924 1153//1924
f 1225//1925 1153//1925 1221//1925
f 1226//1926 1134//1926 1132//1926
f 1227//1927 1134//1927 1226//1927
f 1224//1928 1227//1928 1226//1928
f 1228//1929 1227//1929 1224//1929
f 1222//1930 1228//1930 1224//1930
f 1223//1931 1228//1931 1222//1931
f 1175//1932 1223//1932 1176//1932
f 1163//1933 1223//1933 1175//1933
f 1229//1934 1106//1934 1104//1934
f 1068//1935 1108//1935 1069//1935
f 1069//1936 1108//1936 1106//1936
f 1230//1937 1104//1937 1231//1937
f 1232//1938 1229//1938 1230//1938
f 1104//1939 1230//1939 1229//1939
f 1061//1940 1064//1940 1233//1940
f 1234//1941 1233//1941 1232//1941
f 1049//1942 1061//1942 1234//1942
f 1233//1943 1234//1943 1061//1943
f 1229//1944 1232//1944 1233//1944
f 1069//1945 1233//1945 1064//1945
f 1106//1946 1229//1946 1069//1946
f 1233//1947 1069//1947 1229//1947
f 1234//1948 1051//1948 1049//1948
f 1235//1949 1051//1949 1234//1949
f 1232//1950 1235//1950 1234//1950
f 1236//1951 1235//1951 1232//1951
f 1230//1952 1236//1952 1232//1952
f 1231//1953 1236//1953 1230//1953
f 1103//1954 1231//1954 1104//1954
f 1091//1955 1231//1955 1103//1955
f 952//1956 956//1956 955//1956
f 956//1957 903//1957 954//1957
f 1237//1958 952//1958 950//1958
f 908//1959 954//1959 903//1959
f 1238//1960 950//1960 949//1960
f 1239//1961 1237//1961 1238//1961
f 950//1962 1238//1962 1237//1962
f 900//1963 903//1963 1240//1963
f 1241//1964 1240//1964 1239//1964
f 887//1965 900//1965 1241//1965
f 1240//1966 1241//1966 900//1966
f 1237//1967 1239//1967 1240//1967
f 956//1968 1240//1968 903//1968
f 952//1969 1237//1969 956//1969
f 1240//1970 956//1970 1237//1970
f 1241//1971 889//1971 887//1971
f 1242//1972 889//1972 1241//1972
f 1239//1973 1242//1973 1241//1973
f 1243//1974 1242//1974 1239//1974
f 1238//1975 1243//1975 1239//1975
f 1244//1976 1243//1976 1238//1976
f 949//1977 1244//1977 1238//1977
f 937//1978 1244//1978 949//1978
f 1245//1979 1246//1979 641//1979
f 641//1980 1246//1980 645//1980
f 585//1981 587//1981 1245//1981
f 1245//1982 587//1982 1246//1982
f 1247//1983 641//1983 639//1983
f 1248//1984 639//1984 1249//1984
f 1250//1985 1247//1985 1248//1985
f 639//1986 1248//1986 1247//1986
f 582//1987 585//1987 1251//1987
f 1252//1988 1251//1988 1250//1988
f 568//1989 582//1989 1252//1989
f 1251//1990 1252//1990 582//1990
f 1247//1991 1250//1991 1251//1991
f 1245//1992 1251//1992 585//1992
f 641//1993 1247//1993 1245//1993
f 1251//1994 1245//1994 1247//1994
f 1252//1995 570//1995 568//1995
f 1253//1996 570//1996 1252//1996
f 1250//1997 1253//1997 1252//1997
f 1254//1998 1253//1998 1250//1998
f 1248//1999 1254//1999 1250//1999
f 1249//2000 1254//2000 1248//2000
f 638//2001 1249//2001 639//2001
f 626//2002 1249//2002 638//2002
f 1255//2003 1256//2003 1010//2003
f 1089//2003 1084//2003 1257//2003
f 1256//2003 1084//2003 1010//2003
f 1258//2003 1259//2003 1084//2003
f 1257//2003 1084//2003 1259//2003
f 1089//2003 1259//2003 1260//2003
f 1260//2003 1088//2003 1089//2003
f 1259//2003 1089//2003 1257//2003
f 1261//2003 1262//2003 974//2003
f 1262//2003 971//2003 974//2003
f 1262//2003 1263//2003 971//2003
f 969//2003 1263//2003 1264//2003
f 1263//2003 969//2003 971//2003
f 1265//2003 1261//2003 974//2003
f 1261//2003 1265//2003 1262//2003
f 1265//2003 1266//2003 1267//2003
f 1266//2003 1265//2003 977//2003
f 1265//2003 974//2003 977//2003
f 1268//2003 1267//2003 980//2003
f 1266//2003 980//2003 1267//2003
f 977//2003 980//2003 1266//2003
f 1260//2003 1268//2003 1088//2003
f 1268//2003 980//2003 1088//2003
f 1269//2003 937//2003 1270//2003
f 1269//2003 1244//2003 937//2003
f 1271//2003 1244//2003 1272//2003
f 1243//2003 1244//2003 1271//2003
f 1244//2003 1269//2003 1273//2003
f 1274//2003 948//2003 1275//2003
f 945//2003 948//2003 1274//2003
f 1276//2003 1275//2003 948//2003
f 1274//2003 1275//2003 1277//2003
f 1273//2003 1272//2003 1244//2003
f 1270//2003 1272//2003 1273//2003
f 1269//2003 1270//2003 1273//2003
f 1278//2003 1270//2003 937//2003
f 1279//2003 1278//2003 939//2003
f 1278//2003 937//2003 939//2003
f 1279//2003 939//2003 942//2003
f 1280//2003 1279//2003 942//2003
f 1277//2003 945//2003 1274//2003
f 1277//2003 1280//2003 945//2003
f 1280//2003 942//2003 945//2003
f 1275//2003 1280//2003 1277//2003
f 1281//2003 1282//2003 1283//2003
f 1276//2003 948//2003 1007//2003
f 1282//2003 1276//2003 1007//2003
f 1283//2003 1282//2003 1004//2003
f 1282//2003 1007//2003 1004//2003
f 1264//2003 1284//2003 969//2003
f 1284//2003 1008//2003 969//2003
f 1263//2003 1284//2003 1264//2003
f 1008//2003 1283//2003 1004//2003
f 1284//2003 1281//2003 1008//2003
f 1283//2003 1008//2003 1281//2003
f 880//2003 1285//2003 878//2003
f 1286//2003 878//2003 1287//2003
f 917//2003 878//2003 1286//2003
f 1288//2003 1289//2003 1290//2003
f 1291//2003 853//2003 915//2003
f 1292//2003 1293//2003 1294//2003
f 853//2003 1291//2003 1292//2003
f 1292//2003 1295//2003 853//2003
f 1293//2003 1292//2003 915//2003
f 1291//2003 915//2003 1292//2003
f 1296//2003 1297//2003 912//2003
f 1297//2003 916//2003 912//2003
f 1293//2003 916//2003 1294//2003
f 1297//2003 1294//2003 916//2003
f 916//2003 1293//2003 915//2003
f 917//2003 1287//2003 1296//2003
f 1296//2003 912//2003 917//2003
f 1287//2003 917//2003 1286//2003
f 1285//2003 1287//2003 878//2003
f 1288//2003 1287//2003 1285//2003
f 1298//2003 1288//2003 880//2003
f 1289//2003 1288//2003 1298//2003
f 1299//2003 1300//2003 1301//2003
f 1299//2003 1302//2003 927//2003
f 927//2003 1302//2003 1303//2003
f 926//2003 927//2003 1303//2003
f 1304//2003 1305//2003 1306//2003
f 1305//2003 1304//2003 925//2003
f 1305//2003 925//2003 926//2003
f 1305//2003 1303//2003 1302//2003
f 1303//2003 1305//2003 926//2003
f 1307//2003 1308//2003 816//2003
f 808//2003 1309//2003 1310//2003
f 1311//2003 808//2003 1312//2003
f 1308//2003 1310//2003 807//2003
f 1309//2003 808//2003 807//2003
f 1309//2003 807//2003 1310//2003
f 812//2003 808//2003 1311//2003
f 1308//2003 807//2003 816//2003
f 1304//2003 815//2003 925//2003
f 815//2003 1304//2003 1306//2003
f 1306//2003 1307//2003 815//2003
f 1307//2003 816//2003 815//2003
f 1300//2003 1299//2003 921//2003
f 927//2003 921//2003 1299//2003
f 854//2003 853//2003 1295//2003
f 1295//2003 1313//2003 854//2003
f 854//2003 1314//2003 847//2003
f 1314//2003 854//2003 1313//2003
f 1300//2003 848//2003 1301//2003
f 1315//2003 1301//2003 848//2003
f 848//2003 1300//2003 921//2003
f 1315//2003 1314//2003 1313//2003
f 1315//2003 848//2003 847//2003
f 1314//2003 1315//2003 847//2003
f 1316//2003 1290//2003 883//2003
f 1317//2003 1318//2003 1243//2003
f 1272//2003 1317//2003 1271//2003
f 1317//2003 1272//2003 1318//2003
f 1285//2003 880//2003 1288//2003
f 1298//2003 880//2003 1289//2003
f 1317//2003 1243//2003 1271//2003
f 1318//2003 1242//2003 1243//2003
f 1318//2003 1319//2003 1242//2003
f 1319//2003 889//2003 1242//2003
f 1320//2003 1316//2003 886//2003
f 1316//2003 883//2003 886//2003
f 1289//2003 883//2003 1290//2003
f 880//2003 883//2003 1289//2003
f 1320//2003 886//2003 889//2003
f 1319//2003 1320//2003 889//2003
f 1321//2003 1156//2003 1123//2003
f 1322//2003 1125//2003 1128//2003
f 1128//2003 1323//2003 1322//2003
f 1321//2003 1324//2003 1156//2003
f 1325//2003 1321//2003 1123//2003
f 1325//2003 1123//2003 1125//2003
f 1322//2003 1325//2003 1125//2003
f 1326//2003 1215//2003 1327//2003
f 1328//2003 1215//2003 1194//2003
f 1329//2003 1328//2003 1194//2003
f 1330//2003 1331//2003 1332//2003
f 1331//2003 1328//2003 1329//2003
f 1331//2003 1329//2003 1196//2003
f 1332//2003 1331//2003 1196//2003
f 1196//2003 1329//2003 1194//2003
f 1215//2003 1328//2003 1327//2003
f 1333//2003 1334//2003 1335//2003
f 1335//2003 1334//2003 3//2003
f 1336//2003 1333//2003 4//2003
f 1337//2003 1336//2003 4//2003
f 1335//2003 3//2003 5//2003
f 1335//2003 5//2003 1333//2003
f 4//2003 1333//2003 5//2003
f 1338//2003 3//2003 1334//2003
f 1199//2003 1//2003 1338//2003
f 3//2003 1338//2003 1//2003
f 1332//2003 1199//2003 1330//2003
f 1199//2003 1338//2003 1330//2003
f 1199//2003 1332//2003 1196//2003
f 1326//2003 1339//2003 1217//2003
f 1339//2003 1340//2003 1217//2003
f 1339//2003 1326//2003 1327//2003
f 1339//2003 1341//2003 1340//2003
f 1340//2003 1341//2003 1220//2003
f 1341//2003 1174//2003 1220//2003
f 1217//2003 1340//2003 1220//2003
f 1326//2003 1217//2003 1215//2003
f 1342//2003 1343//2003 1171//2003
f 1165//2003 1168//2003 1344//2003
f 1168//2003 1343//2003 1345//2003
f 1168//2003 1345//2003 1344//2003
f 1346//2003 1343//2003 1342//2003
f 1347//2003 1348//2003 1223//2003
f 1163//2003 1349//2003 1347//2003
f 1349//2003 1163//2003 1165//2003
f 1345//2003 1349//2003 1344//2003
f 1344//2003 1349//2003 1165//2003
f 1131//2003 1134//2003 1350//2003
f 1350//2003 1134//2003 1351//2003
f 1352//2003 1351//2003 1353//2003
f 1353//2003 1351//2003 1134//2003
f 1323//2003 1350//2003 1351//2003
f 1350//2003 1323//2003 1131//2003
f 1323//2003 1128//2003 1131//2003
f 1347//2003 1223//2003 1163//2003
f 1354//2003 1228//2003 1223//2003
f 1354//2003 1223//2003 1348//2003
f 1355//2003 1354//2003 1348//2003
f 1355//2003 1227//2003 1228//2003
f 1354//2003 1355//2003 1228//2003
f 1134//2003 1227//2003 1353//2003
f 1355//2003 1352//2003 1227//2003
f 1227//2003 1352//2003 1353//2003
f 1343//2003 1168//2003 1171//2003
f 1342//2003 1174//2003 1346//2003
f 1174//2003 1342//2003 1171//2003
f 1174//2003 1341//2003 1346//2003
f 96//2003 1356//2003 94//2003
f 1357//2003 99//2003 1358//2003
f 99//2003 1357//2003 96//2003
f 1357//2003 1356//2003 96//2003
f 99//2003 102//2003 1359//2003
f 1359//2003 102//2003 1360//2003
f 1361//2003 1362//2003 187//2003
f 295//2003 1363//2003 294//2003
f 1363//2003 1361//2003 294//2003
f 294//2003 1361//2003 187//2003
f 1364//2003 1363//2003 295//2003
f 1365//2003 1366//2003 1367//2003
f 1368//2003 1367//2003 221//2003
f 221//2003 1366//2003 218//2003
f 221//2003 1367//2003 1366//2003
f 1366//2003 1365//2003 218//2003
f 218//2003 1365//2003 216//2003
f 1365//2003 1369//2003 216//2003
f 1369//2003 1370//2003 290//2003
f 290//2003 1364//2003 295//2003
f 1370//2003 1364//2003 290//2003
f 1369//2003 1365//2003 1370//2003
f 290//2003 216//2003 1369//2003
f 1371//2003 282//2003 1372//2003
f 1373//2003 1374//2003 249//2003
f 249//2003 1374//2003 247//2003
f 1375//2003 247//2003 1374//2003
f 247//2003 1376//2003 280//2003
f 1374//2003 1376//2003 1375//2003
f 1376//2003 247//2003 1375//2003
f 280//2003 1372//2003 282//2003
f 282//2003 1371//2003 285//2003
f 1376//2003 1372//2003 280//2003
f 1377//2003 1378//2003 255//2003
f 1379//2003 1377//2003 1380//2003
f 255//2003 1380//2003 1377//2003
f 1380//2003 255//2003 258//2003
f 1381//2003 624//2003 1382//2003
f 1383//2003 1381//2003 1382//2003
f 1384//2003 1383//2003 1385//2003
f 624//2003 1385//2003 1383//2003
f 624//2003 1381//2003 1386//2003
f 1382//2003 624//2003 1383//2003
f 624//2003 1386//2003 623//2003
f 1386//2003 1387//2003 623//2003
f 258//2003 623//2003 1387//2003
f 1380//2003 258//2003 1379//2003
f 1387//2003 1386//2003 1381//2003
f 1387//2003 1379//2003 258//2003
f 1387//2003 1381//2003 1379//2003
f 255//2003 1378//2003 252//2003
f 1378//2003 1373//2003 252//2003
f 252//2003 1373//2003 249//2003
f 1388//2003 227//2003 285//2003
f 1388//2003 285//2003 1371//2003
f 227//2003 1388//2003 1389//2003
f 224//2003 1368//2003 221//2003
f 1368//2003 224//2003 1390//2003
f 1391//2003 1368//2003 1390//2003
f 1389//2003 1391//2003 227//2003
f 1390//2003 224//2003 1391//2003
f 227//2003 1391//2003 224//2003
f 1371//2003 1389//2003 1388//2003
f 187//2003 1392//2003 184//2003
f 184//2003 1393//2003 181//2003
f 181//2003 1393//2003 1394//2003
f 1362//2003 1393//2003 184//2003
f 187//2003 1362//2003 1392//2003
f 1392//2003 1362//2003 184//2003
f 1395//2003 1396//2003 209//2003
f 214//2003 1397//2003 1398//2003
f 1396//2003 1398//2003 1397//2003
f 1397//2003 214//2003 211//2003
f 209//2003 1396//2003 211//2003
f 211//2003 1396//2003 1397//2003
f 1399//2003 1400//2003 1401//2003
f 1400//2003 1395//2003 176//2003
f 176//2003 1395//2003 209//2003
f 1394//2003 178//2003 181//2003
f 1394//2003 1399//2003 178//2003
f 1393//2003 1399//2003 1394//2003
f 176//2003 1401//2003 1400//2003
f 178//2003 1399//2003 1401//2003
f 1401//2003 176//2003 178//2003
f 1402//2003 1403//2003 148//2003
f 148//2003 1403//2003 145//2003
f 145//2003 1404//2003 143//2003
f 301//2003 1405//2003 1406//2003
f 1407//2003 1408//2003 302//2003
f 1407//2003 1409//2003 1408//2003
f 1405//2003 301//2003 302//2003
f 1405//2003 302//2003 1408//2003
f 302//2003 303//2003 1407//2003
f 1409//2003 1407//2003 303//2003
f 143//2003 1409//2003 303//2003
f 1404//2003 1410//2003 143//2003
f 1410//2003 1409//2003 143//2003
f 1403//2003 1404//2003 145//2003
f 1404//2003 1403//2003 1410//2003
f 1406//2003 1411//2003 301//2003
f 301//2003 1411//2003 105//2003
f 1412//2003 1411//2003 1360//2003
f 105//2003 1412//2003 102//2003
f 1411//2003 1412//2003 105//2003
f 1412//2003 1360//2003 102//2003
f 1360//2003 1358//2003 1359//2003
f 1359//2003 1358//2003 99//2003
f 1408//2003 1406//2003 1405//2003
f 1402//2003 148//2003 1413//2003
f 1414//2003 1402//2003 1413//2003
f 154//2003 1414//2003 151//2003
f 1415//2003 1414//2003 154//2003
f 151//2003 1414//2003 1413//2003
f 148//2003 151//2003 1413//2003
f 1398//2003 1415//2003 214//2003
f 214//2003 1415//2003 154//2003
f 1356//2003 1416//2003 94//2003
f 1417//2003 64//2003 1418//2003
f 1419//2003 1420//2003 1417//2003
f 1420//2003 1421//2003 140//2003
f 1421//2003 1422//2003 140//2003
f 1422//2003 1423//2003 141//2003
f 141//2003 1423//2003 139//2003
f 140//2003 1422//2003 141//2003
f 1420//2003 1419//2003 1421//2003
f 1424//2003 1425//2003 138//2003
f 1425//2003 1426//2003 138//2003
f 138//2003 1426//2003 27//2003
f 27//2003 1427//2003 28//2003
f 21//2003 1428//2003 22//2003
f 1429//2003 54//2003 22//2003
f 1429//2003 22//2003 1428//2003
f 1428//2003 21//2003 1430//2003
f 1427//2003 1430//2003 1431//2003
f 21//2003 1431//2003 1430//2003
f 1431//2003 21//2003 28//2003
f 1427//2003 27//2003 1426//2003
f 28//2003 1427//2003 1431//2003
f 1432//2003 1433//2003 60//2003
f 59//2003 60//2003 1433//2003
f 1434//2003 1337//2003 59//2003
f 59//2003 1337//2003 4//2003
f 1433//2003 1432//2003 1434//2003
f 1433//2003 1434//2003 59//2003
f 1337//2003 1434//2003 1336//2003
f 56//2003 1432//2003 60//2003
f 54//2003 1435//2003 56//2003
f 1428//2003 1436//2003 1429//2003
f 1429//2003 1436//2003 54//2003
f 1435//2003 1436//2003 1437//2003
f 1436//2003 1435//2003 54//2003
f 1437//2003 1432//2003 56//2003
f 1435//2003 1437//2003 56//2003
f 1423//2003 1424//2003 139//2003
f 139//2003 1424//2003 138//2003
f 1424//2003 1423//2003 1425//2003
f 1417//2003 1420//2003 62//2003
f 64//2003 1417//2003 62//2003
f 140//2003 62//2003 1420//2003
f 1418//2003 67//2003 1438//2003
f 1417//2003 1418//2003 1419//2003
f 70//2003 1438//2003 67//2003
f 1439//2003 1440//2003 131//2003
f 131//2003 1440//2003 73//2003
f 1440//2003 1441//2003 73//2003
f 73//2003 1441//2003 70//2003
f 128//2003 1439//2003 131//2003
f 1442//2003 1439//2003 128//2003
f 132//2003 1442//2003 128//2003
f 1416//2003 1442//2003 132//2003
f 94//2003 1416//2003 132//2003
f 1441//2003 1438//2003 70//2003
f 67//2003 1418//2003 64//2003
f 1443//2003 1444//2003 702//2003
f 699//2003 702//2003 1444//2003
f 697//2003 699//2003 1445//2003
f 774//2003 769//2003 1446//2003
f 1447//2003 1446//2003 769//2003
f 1444//2003 1445//2003 699//2003
f 1445//2003 1447//2003 697//2003
f 769//2003 697//2003 1447//2003
f 1448//2003 1449//2003 628//2003
f 626//2003 628//2003 1450//2003
f 1450//2003 628//2003 1449//2003
f 626//2003 1449//2003 1451//2003
f 1451//2003 1452//2003 1249//2003
f 1451//2003 1249//2003 626//2003
f 1449//2003 626//2003 1450//2003
f 1453//2003 1448//2003 631//2003
f 1454//2003 1455//2003 1456//2003
f 1457//2003 1455//2003 1253//2003
f 570//2003 1456//2003 567//2003
f 1458//2003 1459//2003 564//2003
f 1456//2003 1459//2003 567//2003
f 564//2003 567//2003 1458//2003
f 1458//2003 567//2003 1459//2003
f 1455//2003 1454//2003 570//2003
f 1456//2003 570//2003 1454//2003
f 570//2003 1253//2003 1455//2003
f 1253//2003 1254//2003 1457//2003
f 1452//2003 1457//2003 1254//2003
f 1254//2003 1249//2003 1452//2003
f 628//2003 1460//2003 1448//2003
f 1460//2003 631//2003 1448//2003
f 634//2003 1461//2003 1453//2003
f 634//2003 637//2003 1462//2003
f 1462//2003 637//2003 1461//2003
f 1463//2003 1461//2003 637//2003
f 631//2003 634//2003 1453//2003
f 1461//2003 634//2003 1462//2003
f 1460//2003 628//2003 631//2003
f 1464//2003 1465//2003 692//2003
f 1466//2003 692//2003 1465//2003
f 1467//2003 1464//2003 690//2003
f 692//2003 1466//2003 695//2003
f 1468//2003 1469//2003 659//2003
f 1467//2003 657//2003 1470//2003
f 1464//2003 1467//2003 1470//2003
f 692//2003 690//2003 1464//2003
f 1469//2003 1470//2003 657//2003
f 657//2003 1467//2003 690//2003
f 773//2003 1471//2003 668//2003
f 1472//2003 1473//2003 1474//2003
f 1472//2003 1471//2003 773//2003
f 1446//2003 1473//2003 774//2003
f 1473//2003 773//2003 774//2003
f 1473//2003 1472//2003 773//2003
f 1471//2003 1472//2003 1474//2003
f 665//2003 668//2003 1475//2003
f 1471//2003 1475//2003 668//2003
f 1476//2003 1477//2003 1468//2003
f 657//2003 659//2003 1469//2003
f 1477//2003 1476//2003 662//2003
f 659//2003 1476//2003 1468//2003
f 1476//2003 659//2003 662//2003
f 1475//2003 1477//2003 665//2003
f 1475//2003 1471//2003 1474//2003
f 662//2003 665//2003 1477//2003
f 1463//2003 1466//2003 1465//2003
f 1466//2003 1463//2003 695//2003
f 637//2003 695//2003 1463//2003
f 1478//2003 1479//2003 1480//2003
f 1481//2003 1478//2003 307//2003
f 305//2003 1482//2003 619//2003
f 1483//2003 305//2003 1479//2003
f 1480//2003 307//2003 1478//2003
f 1479//2003 307//2003 1480//2003
f 307//2003 1479//2003 305//2003
f 316//2003 1484//2003 313//2003
f 1485//2003 1484//2003 316//2003
f 1486//2003 310//2003 313//2003
f 310//2003 1486//2003 1487//2003
f 1488//2003 1481//2003 310//2003
f 1484//2003 1486//2003 313//2003
f 307//2003 310//2003 1481//2003
f 1488//2003 310//2003 1487//2003
f 1478//2003 1488//2003 1487//2003
f 1488//2003 1478//2003 1481//2003
f 1486//2003 1484//2003 1487//2003
f 371//2003 1489//2003 374//2003
f 1490//2003 1491//2003 369//2003
f 371//2003 1491//2003 1492//2003
f 337//2003 339//2003 1493//2003
f 1491//2003 1490//2003 1492//2003
f 1494//2003 1493//2003 339//2003
f 369//2003 337//2003 1490//2003
f 1491//2003 371//2003 369//2003
f 1493//2003 1490//2003 337//2003
f 1492//2003 1489//2003 371//2003
f 374//2003 1485//2003 316//2003
f 1489//2003 1485//2003 374//2003
f 1495//2003 1496//2003 381//2003
f 381//2003 1496//2003 378//2003
f 1497//2003 1495//2003 384//2003
f 1498//2003 378//2003 1496//2003
f 1499//2003 1500//2003 454//2003
f 1500//2003 1501//2003 453//2003
f 1500//2003 1499//2003 1501//2003
f 453//2003 454//2003 1500//2003
f 348//2003 453//2003 1502//2003
f 378//2003 1498//2003 376//2003
f 1503//2003 376//2003 1504//2003
f 376//2003 1503//2003 449//2003
f 1498//2003 1504//2003 376//2003
f 1503//2003 1504//2003 449//2003
f 1504//2003 1499//2003 449//2003
f 449//2003 1499//2003 454//2003
f 339//2003 1505//2003 1494//2003
f 1505//2003 339//2003 342//2003
f 1506//2003 345//2003 348//2003
f 1506//2003 1502//2003 1507//2003
f 1501//2003 1502//2003 453//2003
f 1505//2003 1508//2003 1494//2003
f 1508//2003 1505//2003 342//2003
f 1502//2003 1506//2003 348//2003
f 345//2003 1508//2003 342//2003
f 345//2003 1506//2003 1507//2003
f 1507//2003 1508//2003 345//2003
f 1509//2003 1510//2003 524//2003
f 1511//2003 1509//2003 521//2003
f 467//2003 524//2003 1510//2003
f 467//2003 1512//2003 461//2003
f 1513//2003 461//2003 1514//2003
f 1515//2003 461//2003 1512//2003
f 462//2003 461//2003 1513//2003
f 439//2003 1516//2003 441//2003
f 1517//2003 407//2003 1518//2003
f 439//2003 1517//2003 1519//2003
f 407//2003 406//2003 1518//2003
f 1520//2003 1518//2003 406//2003
f 1517//2003 439//2003 407//2003
f 1518//2003 1519//2003 1517//2003
f 381//2003 384//2003 1495//2003
f 1521//2003 1522//2003 1523//2003
f 1522//2003 1521//2003 445//2003
f 1497//2003 444//2003 1523//2003
f 1524//2003 1497//2003 384//2003
f 384//2003 444//2003 1524//2003
f 444//2003 1497//2003 1524//2003
f 1525//2003 1526//2003 1522//2003
f 1516//2003 1526//2003 441//2003
f 1526//2003 1525//2003 446//2003
f 446//2003 441//2003 1526//2003
f 1519//2003 1516//2003 439//2003
f 444//2003 1521//2003 1523//2003
f 1521//2003 444//2003 445//2003
f 445//2003 1525//2003 1522//2003
f 1525//2003 445//2003 446//2003
f 614//2003 1527//2003 412//2003
f 1528//2003 1529//2003 615//2003
f 615//2003 1529//2003 614//2003
f 1530//2003 615//2003 616//2003
f 456//2003 1531//2003 610//2003
f 1532//2003 456//2003 1533//2003
f 1531//2003 1532//2003 1534//2003
f 1533//2003 1534//2003 1532//2003
f 1532//2003 1531//2003 456//2003
f 1535//2003 1531//2003 1534//2003
f 1531//2003 1535//2003 610//2003
f 616//2003 610//2003 1535//2003
f 615//2003 1530//2003 1528//2003
f 1535//2003 1530//2003 616//2003
f 1529//2003 1528//2003 1530//2003
f 456//2003 455//2003 1533//2003
f 1514//2003 1536//2003 462//2003
f 1512//2003 1514//2003 1515//2003
f 1515//2003 1514//2003 461//2003
f 1513//2003 1514//2003 462//2003
f 462//2003 1536//2003 455//2003
f 1510//2003 1512//2003 467//2003
f 1536//2003 1533//2003 455//2003
f 1527//2003 1537//2003 412//2003
f 1529//2003 1527//2003 614//2003
f 413//2003 1520//2003 406//2003
f 413//2003 1537//2003 1538//2003
f 1537//2003 413//2003 412//2003
f 1537//2003 1527//2003 1538//2003
f 1538//2003 1520//2003 413//2003
f 524//2003 521//2003 1509//2003
f 604//2003 1539//2003 1540//2003
f 1541//2003 1539//2003 1542//2003
f 1542//2003 1539//2003 605//2003
f 1539//2003 604//2003 605//2003
f 1543//2003 1541//2003 606//2003
f 606//2003 1541//2003 1542//2003
f 606//2003 527//2003 1543//2003
f 1544//2003 1545//2003 529//2003
f 1545//2003 1543//2003 527//2003
f 1546//2003 1547//2003 532//2003
f 532//2003 1547//2003 1544//2003
f 532//2003 535//2003 1546//2003
f 1548//2003 1546//2003 535//2003
f 532//2003 1544//2003 529//2003
f 597//2003 1549//2003 1550//2003
f 538//2003 597//2003 1551//2003
f 1552//2003 1549//2003 594//2003
f 1550//2003 1551//2003 597//2003
f 535//2003 1553//2003 1548//2003
f 1553//2003 535//2003 538//2003
f 1553//2003 1551//2003 1548//2003
f 1551//2003 1553//2003 538//2003
f 559//2003 561//2003 1554//2003
f 1554//2003 1555//2003 1556//2003
f 564//2003 1555//2003 561//2003
f 1459//2003 1556//2003 564//2003
f 1555//2003 564//2003 1556//2003
f 1555//2003 1554//2003 561//2003
f 598//2003 559//2003 1557//2003
f 1549//2003 1552//2003 1550//2003
f 1558//2003 1552//2003 598//2003
f 1549//2003 597//2003 594//2003
f 594//2003 598//2003 1552//2003
f 1557//2003 559//2003 1558//2003
f 1557//2003 1558//2003 598//2003
f 1554//2003 1558//2003 559//2003
f 527//2003 529//2003 1545//2003
f 1545//2003 1544//2003 1547//2003
f 606//2003 1542//2003 605//2003
f 1540//2003 1559//2003 498//2003
f 495//2003 498//2003 1559//2003
f 498//2003 604//2003 1540//2003
f 1559//2003 1560//2003 495//2003
f 492//2003 495//2003 1560//2003
f 1560//2003 1561//2003 492//2003
f 487//2003 489//2003 1562//2003
f 489//2003 492//2003 1561//2003
f 1562//2003 1563//2003 487//2003
f 525//2003 487//2003 1563//2003
f 1563//2003 1511//2003 525//2003
f 521//2003 525//2003 1511//2003
f 1561//2003 1562//2003 489//2003
f 1482//2003 305//2003 1483//2003
f 1385//2003 619//2003 1384//2003
f 1385//2003 624//2003 619//2003
f 1482//2003 1483//2003 1384//2003
f 1479//2003 1384//2003 1483//2003
f 1482//2003 1384//2003 619//2003
f 1564//2003 1565//2003 708//2003
f 702//2003 705//2003 1443//2003
f 1565//2003 1443//2003 705//2003
f 1566//2003 1567//2003 729//2003
f 1568//2003 1567//2003 1566//2003
f 1569//2003 1568//2003 731//2003
f 1570//2003 1568//2003 729//2003
f 729//2003 731//2003 1570//2003
f 1570//2003 731//2003 1568//2003
f 1567//2003 761//2003 729//2003
f 1566//2003 729//2003 1568//2003
f 763//2003 761//2003 1571//2003
f 1567//2003 1571//2003 761//2003
f 705//2003 708//2003 1565//2003
f 1572//2003 1564//2003 766//2003
f 766//2003 763//2003 1572//2003
f 708//2003 766//2003 1564//2003
f 1571//2003 1572//2003 763//2003
f 1573//2003 1574//2003 934//2003
f 1575//2003 930//2003 1576//2003
f 776//2003 1577//2003 1578//2003
f 930//2003 776//2003 1578//2003
f 1579//2003 1578//2003 1577//2003
f 1578//2003 1576//2003 930//2003
f 930//2003 1575//2003 935//2003
f 1573//2003 1575//2003 1576//2003
f 740//2003 934//2003 1574//2003
f 934//2003 935//2003 1573//2003
f 1575//2003 1573//2003 935//2003
f 1580//2003 778//2003 781//2003
f 1581//2003 1580//2003 781//2003
f 1580//2003 1581//2003 1582//2003
f 1583//2003 1581//2003 784//2003
f 781//2003 784//2003 1581//2003
f 1582//2003 778//2003 1580//2003
f 1577//2003 778//2003 1579//2003
f 1582//2003 1579//2003 778//2003
f 778//2003 1577//2003 776//2003
f 1584//2003 1574//2003 1585//2003
f 1586//2003 1569//2003 734//2003
f 1569//2003 731//2003 734//2003
f 1585//2003 1586//2003 737//2003
f 1584//2003 737//2003 740//2003
f 737//2003 1584//2003 1585//2003
f 1574//2003 1584//2003 740//2003
f 734//2003 737//2003 1586//2003
f 812//2003 1587//2003 846//2003
f 1588//2003 1311//2003 1312//2003
f 1311//2003 1588//2003 812//2003
f 1587//2003 812//2003 1588//2003
f 1587//2003 1589//2003 846//2003
f 846//2003 1590//2003 842//2003
f 1590//2003 846//2003 1589//2003
f 1589//2003 1587//2003 1588//2003
f 1310//2003 1312//2003 808//2003
f 1589//2003 1591//2003 1590//2003
f 845//2003 1592//2003 787//2003
f 1591//2003 1592//2003 845//2003
f 1593//2003 784//2003 787//2003
f 842//2003 1590//2003 1591//2003
f 845//2003 842//2003 1591//2003
f 1592//2003 1593//2003 787//2003
f 784//2003 1593//2003 1583//2003
f 1593//2003 1581//2003 1583//2003
f 1258//2003 1084//2003 1256//2003
f 1594//2003 1595//2003 1596//2003
f 1595//2003 1255//2003 1597//2003
f 1597//2003 1255//2003 1012//2003
f 1255//2003 1010//2003 1012//2003
f 1015//2003 1597//2003 1012//2003
f 1015//2003 1596//2003 1595//2003
f 1597//2003 1015//2003 1595//2003
f 1256//2003 1255//2003 1258//2003
f 1324//2003 1158//2003 1156//2003
f 1598//2003 1599//2003 1161//2003
f 1598//2003 1161//2003 1158//2003
f 1324//2003 1598//2003 1158//2003
f 1091//2003 1093//2003 1600//2003
f 1601//2003 1602//2003 1093//2003
f 1093//2003 1602//2003 1600//2003
f 1603//2003 1231//2003 1091//2003
f 1602//2003 1604//2003 1600//2003
f 1231//2003 1604//2003 1605//2003
f 1604//2003 1231//2003 1603//2003
f 1600//2003 1604//2003 1091//2003
f 1603//2003 1091//2003 1604//2003
f 1601//2003 1093//2003 1096//2003
f 1606//2003 1601//2003 1096//2003
f 1607//2003 1099//2003 1102//2003
f 1599//2003 1607//2003 1102//2003
f 1599//2003 1102//2003 1161//2003
f 1606//2003 1096//2003 1099//2003
f 1607//2003 1606//2003 1099//2003
f 1608//2003 1609//2003 1610//2003
f 1609//2003 1608//2003 1051//2003
f 1611//2003 1042//2003 1045//2003
f 1612//2003 1613//2003 1042//2003
f 1611//2003 1612//2003 1042//2003
f 1040//2003 1042//2003 1613//2003
f 1045//2003 1614//2003 1611//2003
f 1048//2003 1614//2003 1045//2003
f 1608//2003 1048//2003 1051//2003
f 1608//2003 1615//2003 1048//2003
f 1614//2003 1048//2003 1615//2003
f 1615//2003 1611//2003 1614//2003
f 1076//2003 1074//2003 1616//2003
f 1616//2003 1074//2003 1617//2003
f 1618//2003 1617//2003 1074//2003
f 1619//2003 1076//2003 1620//2003
f 1620//2003 1616//2003 1617//2003
f 1616//2003 1620//2003 1076//2003
f 1076//2003 1619//2003 1079//2003
f 1618//2003 1074//2003 1040//2003
f 1040//2003 1613//2003 1618//2003
f 1612//2003 1618//2003 1613//2003
f 1235//2003 1621//2003 1610//2003
f 1605//2003 1236//2003 1231//2003
f 1605//2003 1621//2003 1236//2003
f 1621//2003 1235//2003 1236//2003
f 1609//2003 1235//2003 1610//2003
f 1051//2003 1235//2003 1609//2003
f 1622//2003 1623//2003 1021//2003
f 1623//2003 1018//2003 1021//2003
f 1596//2003 1018//2003 1594//2003
f 1623//2003 1594//2003 1018//2003
f 1018//2003 1596//2003 1015//2003
f 1620//2003 1622//2003 1619//2003
f 1619//2003 1622//2003 1079//2003
f 1622//2003 1021//2003 1079//2003
f 1624//2004 1027//2004 1625//2004
f 1081//2004 1626//2004 1029//2004
f 1625//2004 1027//2004 1029//2004
f 1627//2004 1029//2004 1628//2004
f 1626//2004 1628//2004 1029//2004
f 1081//2004 1629//2004 1628//2004
f 1629//2004 1081//2004 1000//2004
f 1628//2004 1626//2004 1081//2004
f 1630//2004 996//2004 1631//2004
f 1631//2004 996//2004 995//2004
f 1631//2004 995//2004 1632//2004
f 990//2004 1633//2004 1632//2004
f 1632//2004 995//2004 990//2004
f 1634//2004 996//2004 1630//2004
f 1630//2004 1631//2004 1634//2004
f 1634//2004 1635//2004 1636//2004
f 1636//2004 998//2004 1634//2004
f 1634//2004 998//2004 996//2004
f 1637//2004 999//2004 1635//2004
f 1636//2004 1635//2004 999//2004
f 998//2004 1636//2004 999//2004
f 1629//2004 1000//2004 1637//2004
f 1637//2004 1000//2004 999//2004
f 1638//2004 1639//2004 958//2004
f 1638//2004 958//2004 957//2004
f 1640//2004 1641//2004 957//2004
f 955//2004 1640//2004 957//2004
f 957//2004 1642//2004 1638//2004
f 1643//2004 1644//2004 967//2004
f 966//2004 1643//2004 967//2004
f 1645//2004 967//2004 1644//2004
f 1643//2004 1646//2004 1644//2004
f 1642//2004 957//2004 1641//2004
f 1639//2004 1642//2004 1641//2004
f 1638//2004 1642//2004 1639//2004
f 1647//2004 958//2004 1639//2004
f 1648//2004 963//2004 1647//2004
f 1647//2004 963//2004 958//2004
f 1648//2004 964//2004 963//2004
f 1649//2004 964//2004 1648//2004
f 1646//2004 1643//2004 966//2004
f 1646//2004 966//2004 1649//2004
f 1649//2004 966//2004 964//2004
f 1644//2004 1646//2004 1649//2004
f 1650//2004 1651//2004 1652//2004
f 1645//2004 986//2004 967//2004
f 1652//2004 986//2004 1645//2004
f 1651//2004 987//2004 1652//2004
f 1652//2004 987//2004 986//2004
f 1633//2004 990//2004 1653//2004
f 1653//2004 990//2004 989//2004
f 1632//2004 1633//2004 1653//2004
f 989//2004 987//2004 1651//2004
f 1653//2004 989//2004 1650//2004
f 1651//2004 1650//2004 989//2004
f 904//2004 899//2004 1654//2004
f 1655//2004 1656//2004 899//2004
f 898//2004 1655//2004 899//2004
f 1657//2004 1658//2004 1659//2004
f 1660//2004 875//2004 874//2004
f 1661//2004 1662//2004 1663//2004
f 874//2004 1661//2004 1660//2004
f 1661//2004 874//2004 1664//2004
f 1663//2004 875//2004 1661//2004
f 1660//2004 1661//2004 875//2004
f 1665//2004 896//2004 1666//2004
f 1666//2004 896//2004 895//2004
f 1663//2004 1662//2004 895//2004
f 1666//2004 895//2004 1662//2004
f 895//2004 875//2004 1663//2004
f 898//2004 1665//2004 1656//2004
f 1665//2004 898//2004 896//2004
f 1656//2004 1655//2004 898//2004
f 1654//2004 899//2004 1656//2004
f 1657//2004 1654//2004 1656//2004
f 1667//2004 904//2004 1657//2004
f 1659//2004 1667//2004 1657//2004
f 1668//2004 1669//2004 1670//2004
f 1668//2004 865//2004 1671//2004
f 865//2004 1672//2004 1671//2004
f 918//2004 1672//2004 865//2004
f 1673//2004 1674//2004 1675//2004
f 1675//2004 836//2004 1673//2004
f 1675//2004 918//2004 836//2004
f 1675//2004 1671//2004 1672//2004
f 1672//2004 918//2004 1675//2004
f 1676//2004 835//2004 1677//2004
f 827//2004 1678//2004 1679//2004
f 1680//2004 1681//2004 827//2004
f 1677//2004 838//2004 1678//2004
f 1679//2004 838//2004 827//2004
f 1679//2004 1678//2004 838//2004
f 828//2004 1680//2004 827//2004
f 1677//2004 835//2004 838//2004
f 1673//2004 836//2004 837//2004
f 837//2004 1674//2004 1673//2004
f 1674//2004 837//2004 1676//2004
f 1676//2004 837//2004 835//2004
f 1670//2004 867//2004 1668//2004
f 865//2004 1668//2004 867//2004
f 873//2004 1664//2004 874//2004
f 1664//2004 873//2004 1682//2004
f 873//2004 876//2004 1683//2004
f 1683//2004 1682//2004 873//2004
f 1670//2004 1669//2004 866//2004
f 1684//2004 866//2004 1669//2004
f 866//2004 867//2004 1670//2004
f 1684//2004 1682//2004 1683//2004
f 1684//2004 876//2004 866//2004
f 1683//2004 876//2004 1684//2004
f 1685//2004 905//2004 1658//2004
f 1686//2004 955//2004 1687//2004
f 1641//2004 1640//2004 1686//2004
f 1686//2004 1687//2004 1641//2004
f 1654//2004 1657//2004 904//2004
f 1667//2004 1659//2004 904//2004
f 1686//2004 1640//2004 955//2004
f 1687//2004 955//2004 954//2004
f 1687//2004 954//2004 1688//2004
f 1688//2004 954//2004 908//2004
f 1689//2004 907//2004 1685//2004
f 1685//2004 907//2004 905//2004
f 1659//2004 1658//2004 905//2004
f 904//2004 1659//2004 905//2004
f 1689//2004 908//2004 907//2004
f 1688//2004 908//2004 1689//2004
f 1690//2004 1142//2004 1141//2004
f 1691//2004 1149//2004 1143//2004
f 1149//2004 1691//2004 1692//2004
f 1690//2004 1141//2004 1693//2004
f 1694//2004 1142//2004 1690//2004
f 1694//2004 1143//2004 1142//2004
f 1691//2004 1143//2004 1694//2004
f 1695//2004 1696//2004 1209//2004
f 1697//2004 1207//2004 1209//2004
f 1698//2004 1207//2004 1697//2004
f 1699//2004 1700//2004 1701//2004
f 1701//2004 1698//2004 1697//2004
f 1701//2004 1208//2004 1698//2004
f 1700//2004 1208//2004 1701//2004
f 1208//2004 1207//2004 1698//2004
f 1209//2004 1696//2004 1697//2004
f 1702//2004 1703//2004 1704//2004
f 1703//2004 20//2004 1704//2004
f 1705//2004 19//2004 1702//2004
f 1706//2004 19//2004 1705//2004
f 1703//2004 17//2004 20//2004
f 1703//2004 1702//2004 17//2004
f 19//2004 17//2004 1702//2004
f 1707//2004 1704//2004 20//2004
f 1211//2004 1707//2004 10//2004
f 20//2004 10//2004 1707//2004
f 1700//2004 1699//2004 1211//2004
f 1211//2004 1699//2004 1707//2004
f 1211//2004 1208//2004 1700//2004
f 1695//2004 1205//2004 1708//2004
f 1708//2004 1205//2004 1709//2004
f 1708//2004 1696//2004 1695//2004
f 1708//2004 1709//2004 1710//2004
f 1709//2004 1191//2004 1710//2004
f 1710//2004 1191//2004 1190//2004
f 1205//2004 1191//2004 1709//2004
f 1695//2004 1209//2004 1205//2004
f 1711//2004 1192//2004 1712//2004
f 1183//2004 1713//2004 1188//2004
f 1188//2004 1714//2004 1712//2004
f 1188//2004 1713//2004 1714//2004
f 1715//2004 1711//2004 1712//2004
f 1716//2004 1181//2004 1717//2004
f 1182//2004 1716//2004 1718//2004
f 1718//2004 1183//2004 1182//2004
f 1714//2004 1713//2004 1718//2004
f 1713//2004 1183//2004 1718//2004
f 1150//2004 1719//2004 1151//2004
f 1719//2004 1720//2004 1151//2004
f 1721//2004 1722//2004 1720//2004
f 1722//2004 1151//2004 1720//2004
f 1692//2004 1720//2004 1719//2004
f 1719//2004 1150//2004 1692//2004
f 1692//2004 1150//2004 1149//2004
f 1716//2004 1182//2004 1181//2004
f 1723//2004 1181//2004 1180//2004
f 1723//2004 1717//2004 1181//2004
f 1724//2004 1717//2004 1723//2004
f 1724//2004 1180//2004 1152//2004
f 1723//2004 1180//2004 1724//2004
f 1151//2004 1722//2004 1152//2004
f 1724//2004 1152//2004 1721//2004
f 1152//2004 1722//2004 1721//2004
f 1712//2004 1192//2004 1188//2004
f 1711//2004 1715//2004 1190//2004
f 1190//2004 1192//2004 1711//2004
f 1190//2004 1715//2004 1710//2004
f 120//2004 115//2004 1725//2004
f 1726//2004 1727//2004 121//2004
f 121//2004 120//2004 1726//2004
f 1726//2004 120//2004 1725//2004
f 121//2004 1728//2004 123//2004
f 1728//2004 1729//2004 123//2004
f 1730//2004 200//2004 1731//2004
f 287//2004 201//2004 1732//2004
f 1732//2004 201//2004 1730//2004
f 201//2004 200//2004 1730//2004
f 1733//2004 287//2004 1732//2004
f 1734//2004 1735//2004 1736//2004
f 1737//2004 241//2004 1735//2004
f 241//2004 233//2004 1736//2004
f 241//2004 1736//2004 1735//2004
f 1736//2004 233//2004 1734//2004
f 233//2004 235//2004 1734//2004
f 1734//2004 235//2004 1738//2004
f 1738//2004 236//2004 1739//2004
f 236//2004 287//2004 1733//2004
f 1739//2004 236//2004 1733//2004
f 1738//2004 1739//2004 1734//2004
f 236//2004 1738//2004 235//2004
f 1740//2004 1741//2004 264//2004
f 1742//2004 267//2004 1743//2004
f 267//2004 266//2004 1743//2004
f 1744//2004 1743//2004 266//2004
f 266//2004 265//2004 1745//2004
f 1743//2004 1744//2004 1745//2004
f 1745//2004 1744//2004 266//2004
f 265//2004 264//2004 1741//2004
f 264//2004 244//2004 1740//2004
f 1745//2004 265//2004 1741//2004
f 1746//2004 274//2004 1747//2004
f 1748//2004 1749//2004 1746//2004
f 274//2004 1746//2004 1749//2004
f 1749//2004 275//2004 274//2004
f 1750//2004 1751//2004 322//2004
f 1752//2004 1751//2004 1750//2004
f 1753//2004 1754//2004 1752//2004
f 322//2004 1752//2004 1754//2004
f 322//2004 1755//2004 1750//2004
f 1751//2004 1752//2004 322//2004
f 322//2004 276//2004 1755//2004
f 1755//2004 276//2004 1756//2004
f 275//2004 1756//2004 276//2004
f 1749//2004 1748//2004 275//2004
f 1756//2004 1750//2004 1755//2004
f 1756//2004 275//2004 1748//2004
f 1756//2004 1748//2004 1750//2004
f 274//2004 273//2004 1747//2004
f 1747//2004 273//2004 1742//2004
f 273//2004 267//2004 1742//2004
f 1757//2004 244//2004 243//2004
f 1757//2004 1740//2004 244//2004
f 243//2004 1758//2004 1757//2004
f 242//2004 241//2004 1737//2004
f 1737//2004 1759//2004 242//2004
f 1760//2004 1759//2004 1737//2004
f 1758//2004 243//2004 1760//2004
f 1759//2004 1760//2004 242//2004
f 243//2004 242//2004 1760//2004
f 1740//2004 1757//2004 1758//2004
f 200//2004 202//2004 1761//2004
f 202//2004 204//2004 1762//2004
f 204//2004 1763//2004 1762//2004
f 1731//2004 202//2004 1762//2004
f 200//2004 1761//2004 1731//2004
f 1761//2004 202//2004 1731//2004
f 1764//2004 195//2004 1765//2004
f 174//2004 1766//2004 1767//2004
f 1765//2004 1767//2004 1766//2004
f 1767//2004 206//2004 174//2004
f 195//2004 206//2004 1765//2004
f 206//2004 1767//2004 1765//2004
f 1768//2004 1769//2004 1770//2004
f 1770//2004 193//2004 1764//2004
f 193//2004 195//2004 1764//2004
f 1763//2004 204//2004 194//2004
f 1763//2004 194//2004 1768//2004
f 1762//2004 1763//2004 1768//2004
f 193//2004 1770//2004 1769//2004
f 194//2004 1769//2004 1768//2004
f 1769//2004 194//2004 193//2004
f 1771//2004 170//2004 1772//2004
f 170//2004 169//2004 1772//2004
f 169//2004 164//2004 1773//2004
f 160//2004 1774//2004 1775//2004
f 1776//2004 161//2004 1777//2004
f 1776//2004 1777//2004 1778//2004
f 1775//2004 161//2004 160//2004
f 1775//2004 1777//2004 161//2004
f 161//2004 1776//2004 163//2004
f 1778//2004 163//2004 1776//2004
f 164//2004 163//2004 1778//2004
f 1773//2004 164//2004 1779//2004
f 1779//2004 164//2004 1778//2004
f 1772//2004 169//2004 1773//2004
f 1773//2004 1779//2004 1772//2004
f 1774//2004 160//2004 1780//2004
f 160//2004 124//2004 1780//2004
f 1781//2004 1729//2004 1780//2004
f 124//2004 123//2004 1781//2004
f 1780//2004 124//2004 1781//2004
f 1781//2004 123//2004 1729//2004
f 1729//2004 1728//2004 1727//2004
f 1728//2004 121//2004 1727//2004
f 1777//2004 1775//2004 1774//2004
f 1771//2004 1782//2004 170//2004
f 1783//2004 1782//2004 1771//2004
f 173//2004 172//2004 1783//2004
f 1784//2004 173//2004 1783//2004
f 172//2004 1782//2004 1783//2004
f 170//2004 1782//2004 172//2004
f 1766//2004 174//2004 1784//2004
f 174//2004 173//2004 1784//2004
f 1725//2004 115//2004 1785//2004
f 1786//2004 1787//2004 88//2004
f 1788//2004 1786//2004 1789//2004
f 1789//2004 82//2004 1790//2004
f 1790//2004 82//2004 1791//2004
f 1791//2004 80//2004 1792//2004
f 80//2004 79//2004 1792//2004
f 82//2004 80//2004 1791//2004
f 1789//2004 1790//2004 1788//2004
f 1793//2004 48//2004 1794//2004
f 1794//2004 48//2004 1795//2004
f 48//2004 49//2004 1795//2004
f 49//2004 47//2004 1796//2004
f 50//2004 40//2004 1797//2004
f 1798//2004 40//2004 41//2004
f 1798//2004 1797//2004 40//2004
f 1797//2004 1799//2004 50//2004
f 1796//2004 1800//2004 1799//2004
f 50//2004 1799//2004 1800//2004
f 1800//2004 47//2004 50//2004
f 1796//2004 1795//2004 49//2004
f 47//2004 1800//2004 1796//2004
f 1801//2004 51//2004 1802//2004
f 18//2004 1802//2004 51//2004
f 1803//2004 18//2004 1706//2004
f 18//2004 19//2004 1706//2004
f 1802//2004 1803//2004 1801//2004
f 1802//2004 18//2004 1803//2004
f 1706//2004 1705//2004 1803//2004
f 39//2004 51//2004 1801//2004
f 41//2004 39//2004 1804//2004
f 1797//2004 1798//2004 1805//2004
f 1798//2004 41//2004 1805//2004
f 1804//2004 1806//2004 1805//2004
f 1805//2004 41//2004 1804//2004
f 1806//2004 39//2004 1801//2004
f 1804//2004 39//2004 1806//2004
f 1792//2004 79//2004 1793//2004
f 79//2004 48//2004 1793//2004
f 1793//2004 1794//2004 1792//2004
f 1786//2004 83//2004 1789//2004
f 88//2004 83//2004 1786//2004
f 82//2004 1789//2004 83//2004
f 1787//2004 1807//2004 89//2004
f 1786//2004 1788//2004 1787//2004
f 91//2004 89//2004 1807//2004
f 1808//2004 111//2004 1809//2004
f 111//2004 92//2004 1809//2004
f 1809//2004 92//2004 1810//2004
f 92//2004 91//2004 1810//2004
f 112//2004 111//2004 1808//2004
f 1811//2004 112//2004 1808//2004
f 114//2004 112//2004 1811//2004
f 1785//2004 114//2004 1811//2004
f 115//2004 114//2004 1785//2004
f 1810//2004 91//2004 1807//2004
f 89//2004 88//2004 1787//2004
f 1812//2004 723//2004 1813//2004
f 717//2004 1813//2004 723//2004
f 716//2004 1814//2004 717//2004
f 714//2004 1815//2004 715//2004
f 1816//2004 715//2004 1815//2004
f 1813//2004 717//2004 1814//2004
f 1814//2004 716//2004 1816//2004
f 715//2004 1816//2004 716//2004
f 1817//2004 644//2004 1818//2004
f 643//2004 1819//2004 644//2004
f 1819//2004 1818//2004 644//2004
f 643//2004 1820//2004 1818//2004
f 1820//2004 645//2004 1821//2004
f 1820//2004 643//2004 645//2004
f 1818//2004 1819//2004 643//2004
f 1822//2004 655//2004 1817//2004
f 1823//2005 1824//2005 1825//2005
f 1826//2004 587//2004 1825//2004
f 586//2004 588//2004 1824//2004
f 1827//2004 590//2004 1828//2004
f 1824//2004 588//2004 1828//2004
f 590//2004 1827//2004 588//2004
f 1827//2004 1828//2004 588//2004
f 1825//2004 586//2004 1823//2004
f 1824//2004 1823//2004 586//2004
f 586//2004 1825//2004 587//2004
f 587//2004 1826//2004 1246//2004
f 1821//2004 1246//2004 1826//2004
f 1246//2004 1821//2004 645//2004
f 644//2004 1817//2004 1829//2004
f 1829//2004 1817//2004 655//2004
f 653//2004 1822//2004 1830//2004
f 653//2004 1831//2004 650//2004
f 1831//2004 1830//2004 650//2004
f 1832//2004 650//2004 1830//2004
f 655//2004 1822//2004 653//2004
f 1830//2004 1831//2004 653//2004
f 1829//2004 655//2004 644//2004
f 1833//2004 674//2004 1834//2004
f 1835//2004 1834//2004 674//2004
f 1836//2004 675//2004 1833//2004
f 674//2004 651//2004 1835//2004
f 1837//2004 677//2004 1838//2004
f 1836//2004 1839//2004 676//2004
f 1833//2004 1839//2004 1836//2004
f 674//2004 1833//2004 675//2004
f 1838//2004 676//2004 1839//2004
f 676//2004 675//2004 1836//2004
f 686//2004 685//2004 1840//2004
f 1841//2004 1842//2004 1843//2004
f 1841//2004 686//2004 1840//2004
f 1815//2004 714//2004 1843//2004
f 1843//2004 714//2004 686//2004
f 1843//2004 686//2004 1841//2004
f 1840//2004 1842//2004 1841//2004
f 684//2004 1844//2004 685//2004
f 1840//2004 685//2004 1844//2004
f 1845//2004 1837//2004 1846//2004
f 676//2004 1838//2004 677//2004
f 1846//2004 683//2004 1845//2004
f 677//2004 1837//2004 1845//2004
f 1845//2004 683//2004 677//2004
f 1844//2004 684//2004 1846//2004
f 1844//2004 1842//2004 1840//2004
f 683//2004 1846//2004 684//2004
f 1832//2004 1834//2004 1835//2004
f 1835//2004 651//2004 1832//2004
f 650//2004 1832//2004 651//2004
f 1847//2004 1848//2004 1849//2004
f 1850//2004 325//2004 1847//2004
f 324//2004 323//2004 1851//2004
f 1852//2004 1849//2004 324//2004
f 1848//2004 1847//2004 325//2004
f 1849//2004 1848//2004 325//2004
f 325//2004 324//2004 1849//2004
f 333//2004 332//2004 1853//2004
f 1854//2004 333//2004 1853//2004
f 1855//2004 332//2004 331//2004
f 331//2004 1856//2004 1855//2004
f 1857//2004 331//2004 1850//2004
f 1853//2004 332//2004 1855//2004
f 325//2004 1850//2004 331//2004
f 1857//2004 1856//2004 331//2004
f 1847//2004 1856//2004 1857//2004
f 1857//2004 1850//2004 1847//2004
f 1855//2004 1856//2004 1853//2004
f 354//2004 334//2004 1858//2004
f 1859//2004 355//2004 1860//2004
f 354//2004 1861//2004 1860//2004
f 356//2004 1862//2004 357//2004
f 1860//2004 1861//2004 1859//2004
f 1863//2004 357//2004 1862//2004
f 355//2004 1859//2004 356//2004
f 1860//2004 355//2004 354//2004
f 1862//2004 356//2004 1859//2004
f 1861//2004 354//2004 1858//2004
f 334//2004 333//2004 1854//2004
f 1858//2004 334//2004 1854//2004
f 1864//2004 401//2004 1865//2004
f 401//2004 395//2004 1865//2004
f 1866//2004 405//2004 1864//2004
f 1867//2004 1865//2004 395//2004
f 1868//2004 392//2004 1869//2004
f 1869//2004 365//2004 1870//2004
f 1869//2004 1870//2004 1868//2004
f 365//2004 1869//2004 392//2004
f 364//2004 1871//2004 365//2004
f 395//2004 394//2004 1867//2004
f 1872//2004 1873//2004 394//2004
f 394//2004 396//2004 1872//2004
f 1867//2004 394//2004 1873//2004
f 1872//2004 396//2004 1873//2004
f 1873//2004 396//2004 1868//2004
f 396//2004 392//2004 1868//2004
f 357//2004 1863//2004 1874//2004
f 1874//2004 362//2004 357//2004
f 1875//2004 364//2004 366//2004
f 1875//2004 1876//2004 1871//2004
f 1870//2004 365//2004 1871//2004
f 1874//2004 1863//2004 1877//2004
f 1877//2004 362//2004 1874//2004
f 1871//2004 364//2004 1875//2004
f 366//2004 362//2004 1877//2004
f 366//2004 1876//2004 1875//2004
f 1876//2004 366//2004 1877//2004
f 1878//2004 504//2004 1879//2004
f 1880//2004 505//2004 1878//2004
f 485//2004 1879//2004 504//2004
f 485//2004 484//2004 1881//2004
f 1882//2004 1883//2004 484//2004
f 1884//2004 1881//2004 484//2004
f 482//2004 1882//2004 484//2004
f 426//2004 424//2004 1885//2004
f 1886//2004 1887//2004 425//2004
f 426//2004 1888//2004 1886//2004
f 425//2004 1887//2004 435//2004
f 1889//2004 435//2004 1887//2004
f 1886//2004 425//2004 426//2004
f 1887//2004 1886//2004 1888//2004
f 401//2004 1864//2004 405//2004
f 1890//2004 1891//2004 1892//2004
f 1892//2004 403//2004 1890//2004
f 1866//2004 1891//2004 404//2004
f 1893//2004 405//2004 1866//2004
f 405//2004 1893//2004 404//2004
f 404//2004 1893//2004 1866//2004
f 1894//2004 1892//2004 1895//2004
f 1885//2004 424//2004 1895//2004
f 1895//2004 436//2004 1894//2004
f 436//2004 1895//2004 424//2004
f 1888//2004 426//2004 1885//2004
f 404//2004 1891//2004 1890//2004
f 1890//2004 403//2004 404//2004
f 403//2004 1892//2004 1894//2004
f 1894//2004 436//2004 403//2004
f 433//2004 434//2004 1896//2004
f 1897//2004 607//2004 1898//2004
f 607//2004 433//2004 1898//2004
f 1899//2004 474//2004 607//2004
f 476//2004 475//2004 1900//2004
f 1901//2004 1902//2004 476//2004
f 1900//2004 1903//2004 1901//2004
f 1902//2004 1901//2004 1903//2004
f 1901//2004 476//2004 1900//2004
f 1904//2004 1903//2004 1900//2004
f 1900//2004 475//2004 1904//2004
f 474//2004 1904//2004 475//2004
f 607//2004 1897//2004 1899//2004
f 1904//2004 474//2004 1899//2004
f 1898//2004 1899//2004 1897//2004
f 476//2004 1902//2004 481//2004
f 1883//2004 482//2004 1905//2004
f 1881//2004 1884//2004 1883//2004
f 1884//2004 484//2004 1883//2004
f 1882//2004 482//2004 1883//2004
f 482//2004 481//2004 1905//2004
f 1879//2004 485//2004 1881//2004
f 1905//2004 481//2004 1902//2004
f 1896//2004 434//2004 1906//2004
f 1898//2004 433//2004 1896//2004
f 432//2004 435//2004 1889//2004
f 432//2004 1907//2004 1906//2004
f 1906//2004 434//2004 432//2004
f 1906//2004 1907//2004 1896//2004
f 1907//2004 432//2004 1889//2004
f 504//2004 1878//2004 505//2004
f 544//2004 1908//2004 1909//2004
f 1910//2004 1911//2004 1909//2004
f 1911//2004 545//2004 1909//2004
f 1909//2004 545//2004 544//2004
f 1912//2004 547//2004 1910//2004
f 547//2004 1911//2004 1910//2004
f 547//2004 1912//2004 548//2004
f 1913//2004 553//2004 1914//2004
f 1914//2004 548//2004 1912//2004
f 1915//2004 554//2004 1916//2004
f 554//2004 1913//2004 1916//2004
f 554//2004 1915//2004 556//2004
f 1917//2004 556//2004 1915//2004
f 554//2004 553//2004 1913//2004
f 576//2004 1918//2004 1919//2004
f 557//2004 1920//2004 576//2004
f 1921//2004 577//2004 1919//2004
f 1918//2004 576//2004 1920//2004
f 556//2004 1917//2004 1922//2004
f 1922//2004 557//2004 556//2004
f 1922//2004 1917//2004 1920//2004
f 1920//2004 557//2004 1922//2004
f 580//2004 1923//2004 581//2004
f 1923//2004 1924//2004 1925//2004
f 590//2004 581//2004 1925//2004
f 1828//2004 590//2004 1924//2004
f 1925//2004 1924//2004 590//2004
f 1925//2004 581//2004 1923//2004
f 579//2004 1926//2004 580//2004
f 1919//2004 1918//2004 1921//2004
f 1927//2004 579//2004 1921//2004
f 1919//2004 577//2004 576//2004
f 577//2004 1921//2004 579//2004
f 1926//2004 1927//2004 580//2004
f 1926//2004 579//2004 1927//2004
f 1923//2004 580//2004 1927//2004
f 548//2004 1914//2004 553//2004
f 1914//2004 1916//2004 1913//2004
f 547//2004 545//2004 1911//2004
f 1908//2004 517//2004 1928//2004
f 516//2004 1928//2004 517//2004
f 517//2004 1908//2004 544//2004
f 1928//2004 516//2004 1929//2004
f 514//2004 1929//2004 516//2004
f 1929//2004 514//2004 1930//2004
f 508//2004 1931//2004 513//2004
f 513//2004 1930//2004 514//2004
f 1931//2004 508//2004 1932//2004
f 507//2004 1932//2004 508//2004
f 1932//2004 507//2004 1880//2004
f 505//2004 1880//2004 507//2004
f 1930//2004 513//2004 1931//2004
f 1851//2004 1852//2004 324//2004
f 1754//2004 1753//2004 323//2004
f 1754//2004 323//2004 322//2004
f 1851//2004 1753//2004 1852//2004
f 1849//2004 1852//2004 1753//2004
f 1851//2004 323//2004 1753//2004
f 1933//2004 725//2004 1934//2004
f 723//2004 1812//2004 724//2004
f 1934//2004 724//2004 1812//2004
f 1935//2004 748//2004 1936//2004
f 1937//2004 1935//2004 1936//2004
f 1938//2004 749//2004 1937//2004
f 1939//2004 748//2004 1937//2004
f 748//2004 1939//2004 749//2004
f 1939//2004 1937//2004 749//2004
f 1936//2004 748//2004 747//2004
f 1935//2004 1937//2004 748//2004
f 746//2004 1940//2004 747//2004
f 1936//2004 747//2004 1940//2004
f 724//2004 1934//2004 725//2004
f 1941//2004 726//2004 1933//2004
f 726//2004 1941//2004 746//2004
f 725//2004 1933//2004 726//2004
f 1940//2004 746//2004 1941//2004
f 1942//2004 758//2004 1943//2004
f 1944//2004 1945//2004 797//2004
f 795//2004 1946//2004 1947//2004
f 797//2004 1946//2004 795//2004
f 1948//2004 1947//2004 1946//2004
f 1946//2004 797//2004 1945//2004
f 797//2004 793//2004 1944//2004
f 1942//2004 1945//2004 1944//2004
f 757//2004 1943//2004 758//2004
f 758//2004 1942//2004 793//2004
f 1944//2004 793//2004 1942//2004
f 1949//2004 802//2004 796//2004
f 1950//2004 802//2004 1949//2004
f 1949//2004 1951//2004 1950//2004
f 1952//2004 806//2004 1950//2004
f 802//2004 1950//2004 806//2004
f 1951//2004 1949//2004 796//2004
f 1947//2004 1948//2004 796//2004
f 1951//2004 796//2004 1948//2004
f 796//2004 795//2004 1947//2004
f 1953//2004 1954//2004 1943//2004
f 1955//2004 755//2004 1938//2004
f 1938//2004 755//2004 749//2004
f 1954//2004 756//2004 1955//2004
f 1953//2004 757//2004 756//2004
f 756//2004 1954//2004 1953//2004
f 1943//2004 757//2004 1953//2004
f 755//2004 1955//2004 756//2004
f 828//2004 829//2004 1956//2004
f 1957//2004 1681//2004 1680//2004
f 1680//2004 828//2004 1957//2004
f 1956//2004 1957//2004 828//2004
f 1956//2004 829//2004 1958//2004
f 829//2004 825//2004 1959//2004
f 1959//2004 1958//2004 829//2004
f 1958//2004 1957//2004 1956//2004
f 1678//2004 827//2004 1681//2004
f 1958//2004 1959//2004 1960//2004
f 805//2004 804//2004 1961//2004
f 1960//2004 805//2004 1961//2004
f 1962//2004 804//2004 806//2004
f 825//2004 1960//2004 1959//2004
f 805//2004 1960//2004 825//2004
f 1961//2004 804//2004 1962//2004
f 806//2004 1952//2004 1962//2004
f 1962//2004 1952//2004 1950//2004
f 1627//2004 1625//2004 1029//2004
f 1963//2004 1964//2004 1965//2004
f 1965//2004 1966//2004 1624//2004
f 1966//2004 1028//2004 1624//2004
f 1624//2004 1028//2004 1027//2004
f 1038//2004 1028//2004 1966//2004
f 1038//2004 1965//2004 1964//2004
f 1966//2004 1965//2004 1038//2004
f 1625//2004 1627//2004 1624//2004
f 1693//2004 1141//2004 1140//2004
f 1967//2004 1120//2004 1968//2004
f 1967//2004 1140//2004 1120//2004
f 1693//2004 1140//2004 1967//2004
f 1110//2004 1969//2004 1111//2004
f 1970//2004 1111//2004 1971//2004
f 1111//2004 1969//2004 1971//2004
f 1972//2004 1110//2004 1109//2004
f 1971//2004 1969//2004 1973//2004
f 1109//2004 1974//2004 1973//2004
f 1973//2004 1972//2004 1109//2004
f 1969//2004 1110//2004 1973//2004
f 1972//2004 1973//2004 1110//2004
f 1970//2004 1117//2004 1111//2004
f 1975//2004 1117//2004 1970//2004
f 1976//2004 1119//2004 1118//2004
f 1968//2004 1119//2004 1976//2004
f 1968//2004 1120//2004 1119//2004
f 1975//2004 1118//2004 1117//2004
f 1976//2004 1118//2004 1975//2004
f 1977//2004 1978//2004 1979//2004
f 1979//2004 1067//2004 1977//2004
f 1980//2004 1065//2004 1059//2004
f 1981//2004 1059//2004 1982//2004
f 1980//2004 1059//2004 1981//2004
f 1058//2004 1982//2004 1059//2004
f 1065//2004 1980//2004 1983//2004
f 1066//2004 1065//2004 1983//2004
f 1977//2004 1067//2004 1066//2004
f 1977//2004 1066//2004 1984//2004
f 1983//2004 1984//2004 1066//2004
f 1984//2004 1983//2004 1980//2004
f 1071//2004 1985//2004 1057//2004
f 1985//2004 1986//2004 1057//2004
f 1987//2004 1057//2004 1986//2004
f 1988//2004 1989//2004 1071//2004
f 1989//2004 1986//2004 1985//2004
f 1985//2004 1071//2004 1989//2004
f 1071//2004 1035//2004 1988//2004
f 1987//2004 1058//2004 1057//2004
f 1058//2004 1987//2004 1982//2004
f 1981//2004 1982//2004 1987//2004
f 1068//2004 1978//2004 1990//2004
f 1974//2004 1109//2004 1108//2004
f 1974//2004 1108//2004 1990//2004
f 1990//2004 1108//2004 1068//2004
f 1979//2004 1978//2004 1068//2004
f 1067//2004 1979//2004 1068//2004
f 1991//2004 1034//2004 1992//2004
f 1992//2004 1034//2004 1036//2004
f 1964//2004 1963//2004 1036//2004
f 1992//2004 1036//2004 1963//2004
f 1036//2004 1038//2004 1964//2004
f 1989//2004 1988//2004 1991//2004
f 1988//2004 1035//2004 1991//2004
f 1991//2004 1035//2004 1034//2004
f 1993//2006 1334//2006 1994//2006
f 1994//2007 1333//2007 1336//2007
f 1994//2008 1334//2008 1333//2008
f 1993//2009 1338//2009 1334//2009
f 1995//2010 1996//2010 1997//2010
f 1998//2011 1999//2011 1996//2011
f 2000//2012 1998//2012 1995//2012
f 1996//2013 1995//2013 1998//2013
f 1702//2014 1704//2014 2001//2014
f 1998//2015 2000//2015 1803//2015
f 1803//2016 1705//2016 1998//2016
f 1705//2017 1702//2017 1999//2017
f 1999//2018 1998//2018 1705//2018
f 2001//2019 1999//2019 1702//2019
f 2001//2020 1704//2020 1707//2020
f 2002//2021 1996//2021 1999//2021
f 1338//2022 1993//2022 2003//2022
f 1994//2023 1997//2023 1996//2023
f 1993//2024 1994//2024 2002//2024
f 1996//2025 2002//2025 1994//2025
f 1707//2026 1338//2026 2003//2026
f 2002//2027 2003//2027 1993//2027
f 2003//2028 2001//2028 1707//2028
f 1999//2029 2001//2029 2002//2029
f 2003//2030 2002//2030 2001//2030
f 1430//2031 2004//2031 1428//2031
f 2004//2032 2005//2032 1428//2032
f 2006//2033 2007//2033 1430//2033
f 1426//2034 2008//2034 1427//2034
f 2008//2035 2009//2035 1427//2035
f 2010//2036 2011//2036 1426//2036
f 1427//2037 2006//2037 1430//2037
f 2005//2038 2012//2038 2013//2038
f 2014//2039 2015//2039 2012//2039
f 2016//2040 2014//2040 2005//2040
f 2012//2041 2005//2041 2014//2041
f 2017//2042 2015//2042 1806//2042
f 2014//2043 2016//2043 1797//2043
f 1797//2044 1805//2044 2014//2044
f 1805//2045 1806//2045 2015//2045
f 2018//2046 2011//2046 2010//2046
f 2015//2047 2014//2047 1805//2047
f 2019//2048 2020//2048 2011//2048
f 2021//2049 2019//2049 2018//2049
f 2011//2050 2018//2050 2019//2050
f 2022//2051 2020//2051 1796//2051
f 2019//2052 2021//2052 1794//2052
f 1794//2053 1795//2053 2019//2053
f 1795//2054 1796//2054 2020//2054
f 2020//2055 2019//2055 1795//2055
f 1796//2056 1799//2056 2022//2056
f 1799//2057 1797//2057 2016//2057
f 2009//2058 2011//2058 2020//2058
f 2016//2059 2022//2059 1799//2059
f 2008//2060 1426//2060 2011//2060
f 2006//2061 1427//2061 2009//2061
f 2011//2062 2009//2062 2008//2062
f 2005//2063 2007//2063 2016//2063
f 2004//2064 1430//2064 2007//2064
f 2013//2065 1428//2065 2005//2065
f 2007//2066 2005//2066 2004//2066
f 2009//2067 2007//2067 2006//2067
f 2022//2068 2016//2068 2007//2068
f 2020//2069 2022//2069 2009//2069
f 2007//2070 2009//2070 2022//2070
f 1806//2071 1801//2071 2017//2071
f 1801//2072 1803//2072 2000//2072
f 2023//2073 2012//2073 2015//2073
f 2000//2074 2017//2074 1801//2074
f 2024//2075 1436//2075 2012//2075
f 2025//2076 1437//2076 2023//2076
f 2012//2077 2023//2077 2024//2077
f 1995//2078 2026//2078 2000//2078
f 2027//2079 2025//2079 2026//2079
f 1997//2080 2027//2080 1995//2080
f 2026//2081 1995//2081 2027//2081
f 2023//2082 2026//2082 2025//2082
f 2017//2083 2000//2083 2026//2083
f 2015//2084 2017//2084 2023//2084
f 2026//2085 2023//2085 2017//2085
f 1997//2086 1994//2086 1336//2086
f 1432//2087 2027//2087 1434//2087
f 2027//2088 1997//2088 1434//2088
f 1997//2089 1336//2089 1434//2089
f 2025//2090 2027//2090 1432//2090
f 1436//2091 2024//2091 1437//2091
f 2024//2092 2023//2092 1437//2092
f 2013//2093 2012//2093 1436//2093
f 1428//2094 2013//2094 1436//2094
f 1437//2095 2025//2095 1432//2095
f 1418//2096 2028//2096 1419//2096
f 2028//2097 2029//2097 1419//2097
f 2030//2098 2031//2098 1418//2098
f 1441//2099 2032//2099 1438//2099
f 2032//2100 2033//2100 1438//2100
f 2034//2101 2035//2101 1441//2101
f 1438//2102 2030//2102 1418//2102
f 2029//2103 2036//2103 2037//2103
f 2038//2104 2039//2104 2036//2104
f 2040//2105 2038//2105 2029//2105
f 2036//2106 2029//2106 2038//2106
f 2041//2107 2039//2107 1791//2107
f 2038//2108 2040//2108 1788//2108
f 1788//2109 1790//2109 2038//2109
f 1790//2110 1791//2110 2039//2110
f 2042//2111 2035//2111 2034//2111
f 2039//2112 2038//2112 1790//2112
f 2043//2113 2044//2113 2035//2113
f 2045//2114 2043//2114 2042//2114
f 2035//2115 2042//2115 2043//2115
f 2046//2116 2044//2116 1807//2116
f 1810//2117 2043//2117 1809//2117
f 2045//2118 1809//2118 2043//2118
f 2043//2119 1810//2119 2044//2119
f 1807//2120 2044//2120 1810//2120
f 1807//2121 1787//2121 2046//2121
f 1787//2122 1788//2122 2040//2122
f 2033//2123 2035//2123 2044//2123
f 2040//2124 2046//2124 1787//2124
f 2032//2125 1441//2125 2035//2125
f 2030//2126 1438//2126 2033//2126
f 2035//2127 2033//2127 2032//2127
f 2029//2128 2031//2128 2040//2128
f 2028//2129 1418//2129 2031//2129
f 2037//2130 1419//2130 2029//2130
f 2031//2131 2029//2131 2028//2131
f 2033//2132 2031//2132 2030//2132
f 2046//2133 2040//2133 2031//2133
f 2044//2134 2046//2134 2033//2134
f 2031//2135 2033//2135 2046//2135
f 1357//2136 2047//2136 1356//2136
f 2047//2137 2048//2137 1356//2137
f 2049//2138 2050//2138 1357//2138
f 1358//2139 2049//2139 1357//2139
f 2051//2140 2052//2140 1358//2140
f 1360//2141 2051//2141 1358//2141
f 2053//2142 2054//2142 1360//2142
f 1411//2143 2053//2143 1360//2143
f 2048//2144 2055//2144 2056//2144
f 2057//2145 2058//2145 2055//2145
f 2059//2146 2057//2146 2048//2146
f 2055//2147 2048//2147 2057//2147
f 1808//2148 2060//2148 1811//2148
f 1785//2149 2057//2149 1725//2149
f 2059//2150 1725//2150 2057//2150
f 2057//2151 1785//2151 2058//2151
f 2061//2152 2054//2152 2053//2152
f 1811//2153 2058//2153 1785//2153
f 2062//2154 2063//2154 2054//2154
f 2064//2155 2062//2155 2061//2155
f 2054//2156 2061//2156 2062//2156
f 1726//2157 2065//2157 1727//2157
f 1729//2158 2062//2158 1780//2158
f 2064//2159 1780//2159 2062//2159
f 2062//2160 1729//2160 2063//2160
f 1727//2161 2063//2161 1729//2161
f 2063//2162 1727//2162 2065//2162
f 2065//2163 1726//2163 2059//2163
f 2052//2164 2054//2164 2063//2164
f 1725//2165 2059//2165 1726//2165
f 2051//2166 1360//2166 2054//2166
f 2049//2167 1358//2167 2052//2167
f 2054//2168 2052//2168 2051//2168
f 2048//2169 2050//2169 2059//2169
f 2047//2170 1357//2170 2050//2170
f 2056//2171 1356//2171 2048//2171
f 2050//2172 2048//2172 2047//2172
f 2052//2173 2050//2173 2049//2173
f 2065//2174 2059//2174 2050//2174
f 2063//2175 2065//2175 2052//2175
f 2050//2176 2052//2176 2065//2176
f 2058//2177 1811//2177 2060//2177
f 2060//2178 1808//2178 2045//2178
f 2066//2179 2055//2179 2058//2179
f 1809//2180 2045//2180 1808//2180
f 2067//2181 1416//2181 2055//2181
f 2068//2182 1442//2182 2066//2182
f 2055//2183 2066//2183 2067//2183
f 2042//2184 2069//2184 2045//2184
f 2070//2185 2068//2185 2069//2185
f 2034//2186 2070//2186 2042//2186
f 2069//2187 2042//2187 2070//2187
f 2066//2188 2069//2188 2068//2188
f 2060//2189 2045//2189 2069//2189
f 2058//2190 2060//2190 2066//2190
f 2069//2191 2066//2191 2060//2191
f 1440//2192 2034//2192 1441//2192
f 1439//2193 2070//2193 1440//2193
f 2070//2194 2034//2194 1440//2194
f 2068//2195 2070//2195 1439//2195
f 1416//2196 2067//2196 1442//2196
f 2067//2197 2066//2197 1442//2197
f 2056//2198 2055//2198 1416//2198
f 1356//2199 2056//2199 1416//2199
f 1442//2200 2068//2200 1439//2200
f 1791//2201 1792//2201 2041//2201
f 1792//2202 1794//2202 2021//2202
f 2071//2203 2036//2203 2039//2203
f 2021//2204 2041//2204 1792//2204
f 2072//2205 1421//2205 2036//2205
f 2073//2206 2072//2206 2071//2206
f 2036//2207 2071//2207 2072//2207
f 2018//2208 2074//2208 2021//2208
f 2075//2209 2073//2209 2074//2209
f 2010//2210 2075//2210 2018//2210
f 2074//2211 2018//2211 2075//2211
f 2071//2212 2074//2212 2073//2212
f 2041//2213 2021//2213 2074//2213
f 2039//2214 2041//2214 2071//2214
f 2074//2215 2071//2215 2041//2215
f 1425//2216 2010//2216 1426//2216
f 1423//2217 2075//2217 1425//2217
f 2075//2218 2010//2218 1425//2218
f 2073//2219 2075//2219 1423//2219
f 1421//2220 2072//2220 1422//2220
f 2072//2221 2073//2221 1422//2221
f 2037//2222 2036//2222 1421//2222
f 1419//2223 2037//2223 1421//2223
f 1422//2224 2073//2224 1423//2224
f 2076//2225 2077//2225 1410//2225
f 1403//2226 2076//2226 1410//2226
f 2078//2227 2079//2227 1403//2227
f 1402//2228 2078//2228 1403//2228
f 2080//2229 2081//2229 1402//2229
f 1414//2230 2080//2230 1402//2230
f 2082//2231 2083//2231 1414//2231
f 1415//2232 2082//2232 1414//2232
f 2077//2233 2084//2233 2085//2233
f 2086//2234 2087//2234 2084//2234
f 2088//2235 2086//2235 2077//2235
f 2084//2236 2077//2236 2086//2236
f 1774//2237 2089//2237 1777//2237
f 1778//2238 2086//2238 1779//2238
f 2088//2239 1779//2239 2086//2239
f 2086//2240 1778//2240 2087//2240
f 2090//2241 2083//2241 2082//2241
f 1777//2242 2087//2242 1778//2242
f 2091//2243 2092//2243 2083//2243
f 2093//2244 2091//2244 2090//2244
f 2083//2245 2090//2245 2091//2245
f 1772//2246 2094//2246 1771//2246
f 1783//2247 2091//2247 1784//2247
f 2093//2248 1784//2248 2091//2248
f 2091//2249 1783//2249 2092//2249
f 1771//2250 2092//2250 1783//2250
f 2092//2251 1771//2251 2094//2251
f 2094//2252 1772//2252 2088//2252
f 2081//2253 2083//2253 2092//2253
f 1779//2254 2088//2254 1772//2254
f 2080//2255 1414//2255 2083//2255
f 2078//2256 1402//2256 2081//2256
f 2083//2257 2081//2257 2080//2257
f 2077//2258 2079//2258 2088//2258
f 2076//2259 1403//2259 2079//2259
f 2085//2260 1410//2260 2077//2260
f 2079//2261 2077//2261 2076//2261
f 2081//2262 2079//2262 2078//2262
f 2094//2263 2088//2263 2079//2263
f 2092//2264 2094//2264 2081//2264
f 2079//2265 2081//2265 2094//2265
f 2095//2266 2096//2266 1400//2266
f 1399//2267 2095//2267 1400//2267
f 2097//2268 2098//2268 1399//2268
f 1393//2269 2097//2269 1399//2269
f 2099//2270 2100//2270 1393//2270
f 1362//2271 2099//2271 1393//2271
f 2101//2272 2102//2272 1362//2272
f 1361//2273 2101//2273 1362//2273
f 2096//2274 2103//2274 2104//2274
f 2105//2275 2106//2275 2103//2275
f 2107//2276 2105//2276 2096//2276
f 2103//2277 2096//2277 2105//2277
f 1766//2278 2108//2278 1765//2278
f 1764//2279 2105//2279 1770//2279
f 2107//2280 1770//2280 2105//2280
f 2105//2281 1764//2281 2106//2281
f 2109//2282 2102//2282 2101//2282
f 1765//2283 2106//2283 1764//2283
f 2110//2284 2111//2284 2102//2284
f 2112//2285 2110//2285 2109//2285
f 2102//2286 2109//2286 2110//2286
f 1768//2287 2113//2287 1762//2287
f 1731//2288 2110//2288 1730//2288
f 2112//2289 1730//2289 2110//2289
f 2110//2290 1731//2290 2111//2290
f 1762//2291 2111//2291 1731//2291
f 2111//2292 1762//2292 2113//2292
f 2113//2293 1768//2293 2107//2293
f 2100//2294 2102//2294 2111//2294
f 1770//2295 2107//2295 1768//2295
f 2099//2296 1362//2296 2102//2296
f 2097//2297 1393//2297 2100//2297
f 2102//2298 2100//2298 2099//2298
f 2096//2299 2098//2299 2107//2299
f 2095//2300 1399//2300 2098//2300
f 2104//2301 1400//2301 2096//2301
f 2098//2302 2096//2302 2095//2302
f 2100//2303 2098//2303 2097//2303
f 2113//2304 2107//2304 2098//2304
f 2111//2305 2113//2305 2100//2305
f 2098//2306 2100//2306 2113//2306
f 2106//2307 1765//2307 2108//2307
f 2108//2308 1766//2308 2093//2308
f 2114//2309 2103//2309 2106//2309
f 1784//2310 2093//2310 1766//2310
f 2115//2311 1395//2311 2103//2311
f 2116//2312 1396//2312 2114//2312
f 2103//2313 2114//2313 2115//2313
f 2090//2314 2117//2314 2093//2314
f 2118//2315 2116//2315 2117//2315
f 2082//2316 2118//2316 2090//2316
f 2117//2317 2090//2317 2118//2317
f 2114//2318 2117//2318 2116//2318
f 2108//2319 2093//2319 2117//2319
f 2106//2320 2108//2320 2114//2320
f 2117//2321 2114//2321 2108//2321
f 2118//2322 2082//2322 1415//2322
f 1398//2323 2118//2323 1415//2323
f 2116//2324 2118//2324 1398//2324
f 1396//2325 2116//2325 1398//2325
f 2115//2326 2114//2326 1396//2326
f 1395//2327 2115//2327 1396//2327
f 2104//2328 2103//2328 1395//2328
f 1400//2329 2104//2329 1395//2329
f 2119//2330 2120//2330 1365//2330
f 1367//2331 2119//2331 1365//2331
f 2121//2332 2122//2332 1367//2332
f 1368//2333 2121//2333 1367//2333
f 2123//2334 2124//2334 1368//2334
f 1391//2335 2123//2335 1368//2335
f 2125//2336 2126//2336 1391//2336
f 1389//2337 2125//2337 1391//2337
f 2120//2338 2127//2338 2128//2338
f 2129//2339 2130//2339 2127//2339
f 2131//2340 2129//2340 2120//2340
f 2127//2341 2120//2341 2129//2341
f 1732//2342 2132//2342 1733//2342
f 1739//2343 2129//2343 1734//2343
f 2131//2344 1734//2344 2129//2344
f 2129//2345 1739//2345 2130//2345
f 2133//2346 2126//2346 2125//2346
f 1733//2347 2130//2347 1739//2347
f 2134//2348 2135//2348 2126//2348
f 2136//2349 2134//2349 2133//2349
f 2126//2350 2133//2350 2134//2350
f 1735//2351 2137//2351 1737//2351
f 1760//2352 2134//2352 1758//2352
f 2136//2353 1758//2353 2134//2353
f 2134//2354 1760//2354 2135//2354
f 1737//2355 2135//2355 1760//2355
f 2135//2356 1737//2356 2137//2356
f 2137//2357 1735//2357 2131//2357
f 2124//2358 2126//2358 2135//2358
f 1734//2359 2131//2359 1735//2359
f 2123//2360 1391//2360 2126//2360
f 2121//2361 1368//2361 2124//2361
f 2126//2362 2124//2362 2123//2362
f 2120//2363 2122//2363 2131//2363
f 2119//2364 1367//2364 2122//2364
f 2128//2365 1365//2365 2120//2365
f 2122//2366 2120//2366 2119//2366
f 2124//2367 2122//2367 2121//2367
f 2137//2368 2131//2368 2122//2368
f 2135//2369 2137//2369 2124//2369
f 2122//2370 2124//2370 2137//2370
f 2138//2371 2139//2371 1374//2371
f 1373//2372 2138//2372 1374//2372
f 2140//2373 2141//2373 1373//2373
f 1378//2374 2140//2374 1373//2374
f 2142//2375 2143//2375 1378//2375
f 1377//2376 2142//2376 1378//2376
f 2144//2377 2145//2377 1377//2377
f 1379//2378 2144//2378 1377//2378
f 2139//2379 2146//2379 2147//2379
f 2148//2380 2149//2380 2146//2380
f 2150//2381 2148//2381 2139//2381
f 2146//2382 2139//2382 2148//2382
f 1740//2383 2151//2383 1741//2383
f 2149//2384 1745//2384 1741//2384
f 2148//2385 2150//2385 1743//2385
f 2150//2386 1742//2386 1743//2386
f 2149//2387 2148//2387 1745//2387
f 2148//2388 1743//2388 1745//2388
f 2152//2389 2145//2389 2144//2389
f 2153//2390 2154//2390 2145//2390
f 2155//2391 2153//2391 2152//2391
f 2145//2392 2152//2392 2153//2392
f 2153//2393 2155//2393 1748//2393
f 2155//2394 1750//2394 1748//2394
f 2154//2395 2153//2395 1746//2395
f 2153//2396 1748//2396 1746//2396
f 2156//2397 2154//2397 1747//2397
f 2154//2398 1746//2398 1747//2398
f 2150//2399 2156//2399 1742//2399
f 2156//2400 1747//2400 1742//2400
f 2143//2401 2145//2401 2154//2401
f 2142//2402 1377//2402 2145//2402
f 2140//2403 1378//2403 2143//2403
f 2145//2404 2143//2404 2142//2404
f 2139//2405 2141//2405 2150//2405
f 2138//2406 1373//2406 2141//2406
f 2147//2407 1374//2407 2139//2407
f 2141//2408 2139//2408 2138//2408
f 2143//2409 2141//2409 2140//2409
f 2156//2410 2150//2410 2141//2410
f 2154//2411 2156//2411 2143//2411
f 2141//2412 2143//2412 2156//2412
f 2149//2413 1741//2413 2151//2413
f 2151//2414 1740//2414 2136//2414
f 2157//2415 2146//2415 2149//2415
f 1758//2416 2136//2416 1740//2416
f 2158//2417 1376//2417 2146//2417
f 2159//2418 1372//2418 2157//2418
f 2146//2419 2157//2419 2158//2419
f 2133//2420 2160//2420 2136//2420
f 2161//2421 2159//2421 2160//2421
f 2125//2422 2161//2422 2133//2422
f 2160//2423 2133//2423 2161//2423
f 2157//2424 2160//2424 2159//2424
f 2151//2425 2136//2425 2160//2425
f 2149//2426 2151//2426 2157//2426
f 2160//2427 2157//2427 2151//2427
f 2161//2428 2125//2428 1389//2428
f 1371//2429 2161//2429 1389//2429
f 2159//2430 2161//2430 1371//2430
f 1372//2431 2159//2431 1371//2431
f 2158//2432 2157//2432 1372//2432
f 1376//2433 2158//2433 1372//2433
f 2147//2434 2146//2434 1376//2434
f 1374//2435 2147//2435 1376//2435
f 2130//2436 1733//2436 2132//2436
f 2132//2437 1732//2437 2112//2437
f 2162//2438 2127//2438 2130//2438
f 1730//2439 2112//2439 1732//2439
f 2163//2440 1370//2440 2127//2440
f 2164//2441 2163//2441 2162//2441
f 2127//2442 2162//2442 2163//2442
f 2109//2443 2165//2443 2112//2443
f 2166//2444 2164//2444 2165//2444
f 2101//2445 2166//2445 2109//2445
f 2165//2446 2109//2446 2166//2446
f 2162//2447 2165//2447 2164//2447
f 2132//2448 2112//2448 2165//2448
f 2130//2449 2132//2449 2162//2449
f 2165//2450 2162//2450 2132//2450
f 2166//2451 2101//2451 1361//2451
f 1363//2452 2166//2452 1361//2452
f 2164//2453 2166//2453 1363//2453
f 1364//2454 2164//2454 1363//2454
f 2163//2455 2164//2455 1364//2455
f 1370//2456 2163//2456 1364//2456
f 2128//2457 2127//2457 1370//2457
f 1365//2458 2128//2458 1370//2458
f 2087//2459 1777//2459 2089//2459
f 2089//2460 1774//2460 2064//2460
f 2167//2461 2084//2461 2087//2461
f 1780//2462 2064//2462 1774//2462
f 2168//2463 1409//2463 2084//2463
f 2169//2464 2168//2464 2167//2464
f 2084//2465 2167//2465 2168//2465
f 2061//2466 2170//2466 2064//2466
f 2171//2467 2169//2467 2170//2467
f 2053//2468 2171//2468 2061//2468
f 2170//2469 2061//2469 2171//2469
f 2167//2470 2170//2470 2169//2470
f 2089//2471 2064//2471 2170//2471
f 2087//2472 2089//2472 2167//2472
f 2170//2473 2167//2473 2089//2473
f 2171//2474 2053//2474 1411//2474
f 1406//2475 2171//2475 1411//2475
f 2169//2476 2171//2476 1406//2476
f 1408//2477 2169//2477 1406//2477
f 2168//2478 2169//2478 1408//2478
f 1409//2479 2168//2479 1408//2479
f 2085//2480 2084//2480 1409//2480
f 1410//2481 2085//2481 1409//2481
f 2172//2482 2173//2482 1479//2482
f 1478//2483 2172//2483 1479//2483
f 2174//2484 2175//2484 1478//2484
f 1487//2485 2174//2485 1478//2485
f 2176//2486 2177//2486 1487//2486
f 1484//2487 2176//2487 1487//2487
f 2178//2488 2179//2488 1484//2488
f 1485//2489 2178//2489 1484//2489
f 2173//2490 2180//2490 2181//2490
f 2182//2491 2183//2491 2180//2491
f 2184//2492 2182//2492 2173//2492
f 2180//2493 2173//2493 2182//2493
f 2182//2494 2184//2494 1849//2494
f 2184//2495 1847//2495 1849//2495
f 2183//2496 2182//2496 1753//2496
f 2182//2497 1849//2497 1753//2497
f 2185//2498 2179//2498 2178//2498
f 2186//2499 2187//2499 2179//2499
f 2188//2500 2186//2500 2185//2500
f 2179//2501 2185//2501 2186//2501
f 2186//2502 2188//2502 1854//2502
f 2188//2503 1858//2503 1854//2503
f 2187//2504 2186//2504 1853//2504
f 2186//2505 1854//2505 1853//2505
f 2189//2506 2187//2506 1856//2506
f 2187//2507 1853//2507 1856//2507
f 2184//2508 2189//2508 1847//2508
f 2189//2509 1856//2509 1847//2509
f 2177//2510 2179//2510 2187//2510
f 2176//2511 1484//2511 2179//2511
f 2174//2512 1487//2512 2177//2512
f 2179//2513 2177//2513 2176//2513
f 2173//2514 2175//2514 2184//2514
f 2172//2515 1478//2515 2175//2515
f 2181//2516 1479//2516 2173//2516
f 2175//2517 2173//2517 2172//2517
f 2177//2518 2175//2518 2174//2518
f 2189//2519 2184//2519 2175//2519
f 2187//2520 2189//2520 2177//2520
f 2175//2521 2177//2521 2189//2521
f 2190//2522 2191//2522 1493//2522
f 1494//2523 2190//2523 1493//2523
f 2192//2524 2193//2524 1494//2524
f 1508//2525 2192//2525 1494//2525
f 2194//2526 2195//2526 1508//2526
f 1507//2527 2194//2527 1508//2527
f 2196//2528 2197//2528 1507//2528
f 1502//2529 2196//2529 1507//2529
f 2191//2530 2198//2530 2199//2530
f 2200//2531 2201//2531 2198//2531
f 2202//2532 2200//2532 2191//2532
f 2198//2533 2191//2533 2200//2533
f 2200//2534 2202//2534 1862//2534
f 2202//2535 1863//2535 1862//2535
f 2201//2536 2200//2536 1859//2536
f 2200//2537 1862//2537 1859//2537
f 2203//2538 2197//2538 2196//2538
f 2204//2539 2205//2539 2197//2539
f 2206//2540 2204//2540 2203//2540
f 2197//2541 2203//2541 2204//2541
f 1877//2542 2205//2542 1876//2542
f 2205//2543 2204//2543 1876//2543
f 1871//2544 2206//2544 1870//2544
f 2206//2545 2207//2545 1870//2545
f 1876//2546 2204//2546 1871//2546
f 2204//2547 2206//2547 1871//2547
f 2195//2548 2197//2548 2205//2548
f 2202//2549 2208//2549 1863//2549
f 2208//2550 1877//2550 1863//2550
f 2208//2551 2205//2551 1877//2551
f 2194//2552 1507//2552 2197//2552
f 2192//2553 1508//2553 2195//2553
f 2197//2554 2195//2554 2194//2554
f 2191//2555 2193//2555 2202//2555
f 2190//2556 1494//2556 2193//2556
f 2199//2557 1493//2557 2191//2557
f 2193//2558 2191//2558 2190//2558
f 2195//2559 2193//2559 2192//2559
f 2208//2560 2202//2560 2193//2560
f 2205//2561 2208//2561 2195//2561
f 2193//2562 2195//2562 2208//2562
f 2209//2563 2201//2563 1861//2563
f 2201//2564 1859//2564 1861//2564
f 2188//2565 2209//2565 1858//2565
f 2209//2566 1861//2566 1858//2566
f 2210//2567 2198//2567 2201//2567
f 2211//2568 1490//2568 2198//2568
f 2212//2569 1492//2569 2210//2569
f 2198//2570 2210//2570 2211//2570
f 2185//2571 2213//2571 2188//2571
f 2214//2572 2212//2572 2213//2572
f 2178//2573 2214//2573 2185//2573
f 2213//2574 2185//2574 2214//2574
f 2210//2575 2213//2575 2212//2575
f 2209//2576 2188//2576 2213//2576
f 2201//2577 2209//2577 2210//2577
f 2213//2578 2210//2578 2209//2578
f 2214//2579 2178//2579 1485//2579
f 1489//2580 2214//2580 1485//2580
f 2212//2581 2214//2581 1489//2581
f 1492//2582 2212//2582 1489//2582
f 2211//2583 2210//2583 1492//2583
f 1490//2584 2211//2584 1492//2584
f 2199//2585 2198//2585 1490//2585
f 1493//2586 2199//2586 1490//2586
f 2215//2587 2216//2587 1498//2587
f 1496//2588 2215//2588 1498//2588
f 2217//2589 2218//2589 1496//2589
f 1495//2590 2217//2590 1496//2590
f 2219//2591 2220//2591 1495//2591
f 1497//2592 2219//2592 1495//2592
f 2221//2593 2222//2593 1497//2593
f 1523//2594 2221//2594 1497//2594
f 2216//2595 2223//2595 2224//2595
f 2225//2596 2226//2596 2223//2596
f 2227//2597 2225//2597 2216//2597
f 2223//2598 2216//2598 2225//2598
f 1868//2599 2226//2599 1873//2599
f 2226//2600 2225//2600 1873//2600
f 1867//2601 2227//2601 1865//2601
f 2227//2602 2228//2602 1865//2602
f 2229//2603 2222//2603 2221//2603
f 1873//2604 2225//2604 1867//2604
f 2225//2605 2227//2605 1867//2605
f 2230//2606 2231//2606 2222//2606
f 2232//2607 2230//2607 2229//2607
f 2222//2608 2229//2608 2230//2608
f 1864//2609 2231//2609 1866//2609
f 2231//2610 2230//2610 1866//2610
f 1891//2611 2232//2611 1892//2611
f 2232//2612 2233//2612 1892//2612
f 1866//2613 2230//2613 1891//2613
f 2230//2614 2232//2614 1891//2614
f 2220//2615 2222//2615 2231//2615
f 1865//2616 2228//2616 1864//2616
f 2228//2617 2231//2617 1864//2617
f 2219//2618 1497//2618 2222//2618
f 2217//2619 1495//2619 2220//2619
f 2222//2620 2220//2620 2219//2620
f 2216//2621 2218//2621 2227//2621
f 2215//2622 1496//2622 2218//2622
f 2224//2623 1498//2623 2216//2623
f 2218//2624 2216//2624 2215//2624
f 2220//2625 2218//2625 2217//2625
f 2228//2626 2227//2626 2218//2626
f 2231//2627 2228//2627 2220//2627
f 2218//2628 2220//2628 2228//2628
f 2234//2629 2235//2629 1519//2629
f 1518//2630 2234//2630 1519//2630
f 2236//2631 2237//2631 1518//2631
f 1520//2632 2236//2632 1518//2632
f 2238//2633 2239//2633 1520//2633
f 1538//2634 2238//2634 1520//2634
f 2240//2635 2241//2635 1538//2635
f 1527//2636 2240//2636 1538//2636
f 2235//2637 2242//2637 2243//2637
f 2244//2638 2245//2638 2242//2638
f 2246//2639 2244//2639 2235//2639
f 2242//2640 2235//2640 2244//2640
f 1895//2641 2245//2641 1885//2641
f 2245//2642 2244//2642 1885//2642
f 1888//2643 2246//2643 1887//2643
f 2246//2644 2247//2644 1887//2644
f 2248//2645 2241//2645 2240//2645
f 1885//2646 2244//2646 1888//2646
f 2244//2647 2246//2647 1888//2647
f 2249//2648 2250//2648 2241//2648
f 2251//2649 2249//2649 2248//2649
f 2241//2650 2248//2650 2249//2650
f 1889//2651 2250//2651 1907//2651
f 2250//2652 2249//2652 1907//2652
f 1896//2653 2251//2653 1898//2653
f 2251//2654 2252//2654 1898//2654
f 1907//2655 2249//2655 1896//2655
f 2249//2656 2251//2656 1896//2656
f 2239//2657 2241//2657 2250//2657
f 1887//2658 2247//2658 1889//2658
f 2247//2659 2250//2659 1889//2659
f 2238//2660 1538//2660 2241//2660
f 2236//2661 1520//2661 2239//2661
f 2241//2662 2239//2662 2238//2662
f 2235//2663 2237//2663 2246//2663
f 2234//2664 1518//2664 2237//2664
f 2243//2665 1519//2665 2235//2665
f 2237//2666 2235//2666 2234//2666
f 2239//2667 2237//2667 2236//2667
f 2247//2668 2246//2668 2237//2668
f 2250//2669 2247//2669 2239//2669
f 2237//2670 2239//2670 2247//2670
f 2253//2671 2242//2671 2245//2671
f 1892//2672 2233//2672 1895//2672
f 2233//2673 2245//2673 1895//2673
f 2254//2674 2243//2674 2242//2674
f 2255//2675 1526//2675 2253//2675
f 2242//2676 2253//2676 2254//2676
f 2229//2677 2256//2677 2232//2677
f 2257//2678 2255//2678 2256//2678
f 2221//2679 2257//2679 2229//2679
f 2256//2680 2229//2680 2257//2680
f 2253//2681 2256//2681 2255//2681
f 2233//2682 2232//2682 2256//2682
f 2245//2683 2233//2683 2253//2683
f 2256//2684 2253//2684 2233//2684
f 2257//2685 2221//2685 1523//2685
f 1522//2686 2257//2686 1523//2686
f 2255//2687 2257//2687 1522//2687
f 1526//2688 2255//2688 1522//2688
f 2254//2689 2253//2689 1526//2689
f 1516//2690 2254//2690 1526//2690
f 2243//2691 2254//2691 1516//2691
f 1519//2692 2243//2692 1516//2692
f 2258//2693 2223//2693 2226//2693
f 1870//2694 2207//2694 1868//2694
f 2207//2695 2226//2695 1868//2695
f 2259//2696 2224//2696 2223//2696
f 2260//2697 2259//2697 2258//2697
f 2223//2698 2258//2698 2259//2698
f 2203//2699 2261//2699 2206//2699
f 2262//2700 2260//2700 2261//2700
f 2196//2701 2262//2701 2203//2701
f 2261//2702 2203//2702 2262//2702
f 2258//2703 2261//2703 2260//2703
f 2207//2704 2206//2704 2261//2704
f 2226//2705 2207//2705 2258//2705
f 2261//2706 2258//2706 2207//2706
f 2262//2707 2196//2707 1502//2707
f 1501//2708 2262//2708 1502//2708
f 2260//2709 2262//2709 1501//2709
f 1499//2710 2260//2710 1501//2710
f 2259//2711 2260//2711 1499//2711
f 1504//2712 2259//2712 1499//2712
f 2224//2713 2259//2713 1504//2713
f 1498//2714 2224//2714 1504//2714
f 2263//2715 2264//2715 1534//2715
f 1533//2716 2263//2716 1534//2716
f 2265//2717 2266//2717 1533//2717
f 1536//2718 2265//2718 1533//2718
f 2267//2719 2268//2719 1536//2719
f 1514//2720 2267//2720 1536//2720
f 2269//2721 2270//2721 1514//2721
f 1512//2722 2269//2722 1514//2722
f 2264//2723 2271//2723 2272//2723
f 2273//2724 2274//2724 2271//2724
f 2275//2725 2273//2725 2264//2725
f 2271//2726 2264//2726 2273//2726
f 1899//2727 2274//2727 1904//2727
f 2274//2728 2273//2728 1904//2728
f 1903//2729 2275//2729 1902//2729
f 2275//2730 2276//2730 1902//2730
f 2277//2731 2270//2731 2269//2731
f 1904//2732 2273//2732 1903//2732
f 2273//2733 2275//2733 1903//2733
f 2278//2734 2279//2734 2270//2734
f 2280//2735 2278//2735 2277//2735
f 2270//2736 2277//2736 2278//2736
f 1905//2737 2279//2737 1883//2737
f 2279//2738 2278//2738 1883//2738
f 1881//2739 2280//2739 1879//2739
f 2280//2740 2281//2740 1879//2740
f 1883//2741 2278//2741 1881//2741
f 2278//2742 2280//2742 1881//2742
f 2268//2743 2270//2743 2279//2743
f 1902//2744 2276//2744 1905//2744
f 2276//2745 2279//2745 1905//2745
f 2267//2746 1514//2746 2270//2746
f 2265//2747 1536//2747 2268//2747
f 2270//2748 2268//2748 2267//2748
f 2264//2749 2266//2749 2275//2749
f 2263//2750 1533//2750 2266//2750
f 2272//2751 1534//2751 2264//2751
f 2266//2752 2264//2752 2263//2752
f 2268//2753 2266//2753 2265//2753
f 2276//2754 2275//2754 2266//2754
f 2279//2755 2276//2755 2268//2755
f 2266//2756 2268//2756 2276//2756
f 2282//2757 2283//2757 1563//2757
f 1562//2758 2282//2758 1563//2758
f 2284//2759 2285//2759 1562//2759
f 1561//2760 2284//2760 1562//2760
f 2286//2761 2287//2761 1561//2761
f 1560//2762 2286//2762 1561//2762
f 2288//2763 2289//2763 1560//2763
f 1559//2764 2288//2764 1560//2764
f 2283//2765 2290//2765 2291//2765
f 2292//2766 2293//2766 2290//2766
f 2294//2767 2292//2767 2283//2767
f 2290//2768 2283//2768 2292//2768
f 1878//2769 2293//2769 1880//2769
f 2293//2770 2292//2770 1880//2770
f 1932//2771 2294//2771 1931//2771
f 2294//2772 2295//2772 1931//2772
f 2296//2773 2289//2773 2288//2773
f 1880//2774 2292//2774 1932//2774
f 2292//2775 2294//2775 1932//2775
f 2297//2776 2298//2776 2289//2776
f 2299//2777 2297//2777 2296//2777
f 2289//2778 2296//2778 2297//2778
f 1930//2779 2298//2779 1929//2779
f 2298//2780 2297//2780 1929//2780
f 1928//2781 2299//2781 1908//2781
f 2299//2782 2300//2782 1908//2782
f 1929//2783 2297//2783 1928//2783
f 2297//2784 2299//2784 1928//2784
f 2287//2785 2289//2785 2298//2785
f 1931//2786 2295//2786 1930//2786
f 2295//2787 2298//2787 1930//2787
f 2286//2788 1560//2788 2289//2788
f 2284//2789 1561//2789 2287//2789
f 2289//2790 2287//2790 2286//2790
f 2283//2791 2285//2791 2294//2791
f 2282//2792 1562//2792 2285//2792
f 2291//2793 1563//2793 2283//2793
f 2285//2794 2283//2794 2282//2794
f 2287//2795 2285//2795 2284//2795
f 2295//2796 2294//2796 2285//2796
f 2298//2797 2295//2797 2287//2797
f 2285//2798 2287//2798 2295//2798
f 2301//2799 2290//2799 2293//2799
f 1879//2800 2281//2800 1878//2800
f 2281//2801 2293//2801 1878//2801
f 2302//2802 2291//2802 2290//2802
f 2303//2803 1509//2803 2301//2803
f 2290//2804 2301//2804 2302//2804
f 2277//2805 2304//2805 2280//2805
f 2305//2806 2303//2806 2304//2806
f 2269//2807 2305//2807 2277//2807
f 2304//2808 2277//2808 2305//2808
f 2301//2809 2304//2809 2303//2809
f 2281//2810 2280//2810 2304//2810
f 2293//2811 2281//2811 2301//2811
f 2304//2812 2301//2812 2281//2812
f 2305//2813 2269//2813 1512//2813
f 1510//2814 2305//2814 1512//2814
f 2303//2815 2305//2815 1510//2815
f 1509//2816 2303//2816 1510//2816
f 2302//2817 2301//2817 1509//2817
f 1511//2818 2302//2818 1509//2818
f 2291//2819 2302//2819 1511//2819
f 1563//2820 2291//2820 1511//2820
f 2306//2821 2307//2821 1543//2821
f 1545//2822 2306//2822 1543//2822
f 2308//2823 2309//2823 1545//2823
f 1547//2824 2308//2824 1545//2824
f 2310//2825 2311//2825 1547//2825
f 1546//2826 2310//2826 1547//2826
f 2312//2827 2313//2827 1546//2827
f 1548//2828 2312//2828 1546//2828
f 2307//2829 2314//2829 2315//2829
f 2316//2830 2317//2830 2314//2830
f 2318//2831 2316//2831 2307//2831
f 2314//2832 2307//2832 2316//2832
f 1909//2833 2300//2833 2317//2833
f 1912//2834 2316//2834 2318//2834
f 2318//2835 1914//2835 1912//2835
f 2316//2836 1912//2836 1910//2836
f 2319//2837 2313//2837 2312//2837
f 1910//2838 2317//2838 2316//2838
f 2320//2839 2321//2839 2313//2839
f 2322//2840 2320//2840 2319//2840
f 2313//2841 2319//2841 2320//2841
f 1916//2842 2323//2842 2321//2842
f 1917//2843 2320//2843 2322//2843
f 2322//2844 1920//2844 1917//2844
f 2320//2845 1917//2845 1915//2845
f 1915//2846 2321//2846 2320//2846
f 2321//2847 1915//2847 1916//2847
f 2323//2848 1916//2848 1914//2848
f 2311//2849 2313//2849 2321//2849
f 1914//2850 2318//2850 2323//2850
f 2310//2851 1546//2851 2313//2851
f 2308//2852 1547//2852 2311//2852
f 2313//2853 2311//2853 2310//2853
f 2307//2854 2309//2854 2318//2854
f 2306//2855 1545//2855 2309//2855
f 2315//2856 1543//2856 2307//2856
f 2309//2857 2307//2857 2306//2857
f 2311//2858 2309//2858 2308//2858
f 2323//2859 2318//2859 2309//2859
f 2321//2860 2323//2860 2311//2860
f 2309//2861 2311//2861 2323//2861
f 2324//2862 2325//2862 1558//2862
f 1554//2863 2324//2863 1558//2863
f 2326//2864 2327//2864 1554//2864
f 1556//2865 2326//2865 1554//2865
f 2328//2866 2329//2866 1556//2866
f 1459//2867 2328//2867 1556//2867
f 2330//2868 2331//2868 1459//2868
f 2325//2869 2332//2869 2333//2869
f 2334//2870 2335//2870 2332//2870
f 2336//2871 2334//2871 2325//2871
f 2332//2872 2325//2872 2334//2872
f 1918//2873 2337//2873 2335//2873
f 1927//2874 2334//2874 2336//2874
f 2336//2875 1923//2875 1927//2875
f 2334//2876 1927//2876 1921//2876
f 2338//2877 2331//2877 2330//2877
f 1921//2878 2335//2878 2334//2878
f 2339//2879 2340//2879 2331//2879
f 2341//2880 2339//2880 2338//2880
f 2331//2881 2338//2881 2339//2881
f 1924//2882 2342//2882 2340//2882
f 1824//2883 2339//2883 2341//2883
f 2341//2884 1825//2884 1824//2884
f 2339//2885 1824//2885 1828//2885
f 1828//2886 2340//2886 2339//2886
f 2340//2887 1828//2887 1924//2887
f 2342//2888 1924//2888 1923//2888
f 2329//2889 2331//2889 2340//2889
f 1923//2890 2336//2890 2342//2890
f 2328//2891 1459//2891 2331//2891
f 2326//2892 1556//2892 2329//2892
f 2331//2893 2329//2893 2328//2893
f 2325//2894 2327//2894 2336//2894
f 2324//2895 1554//2895 2327//2895
f 2333//2896 1558//2896 2325//2896
f 2327//2897 2325//2897 2324//2897
f 2329//2898 2327//2898 2326//2898
f 2342//2899 2336//2899 2327//2899
f 2340//2900 2342//2900 2329//2900
f 2327//2901 2329//2901 2342//2901
f 2335//2902 1921//2902 1918//2902
f 2337//2903 1918//2903 1920//2903
f 2343//2904 2332//2904 2335//2904
f 1920//2905 2322//2905 2337//2905
f 2344//2906 1552//2906 2332//2906
f 2345//2907 1550//2907 2343//2907
f 2332//2908 2343//2908 2344//2908
f 2319//2909 2346//2909 2322//2909
f 2347//2910 2345//2910 2346//2910
f 2312//2911 2347//2911 2319//2911
f 2346//2912 2319//2912 2347//2912
f 2343//2913 2346//2913 2345//2913
f 2337//2914 2322//2914 2346//2914
f 2335//2915 2337//2915 2343//2915
f 2346//2916 2343//2916 2337//2916
f 2347//2917 2312//2917 1548//2917
f 1551//2918 2347//2918 1548//2918
f 2345//2919 2347//2919 1551//2919
f 1550//2920 2345//2920 1551//2920
f 2344//2921 2343//2921 1550//2921
f 1552//2922 2344//2922 1550//2922
f 2333//2923 2332//2923 1552//2923
f 1558//2924 2333//2924 1552//2924
f 2317//2925 1910//2925 1909//2925
f 2348//2926 2314//2926 2317//2926
f 1908//2927 2300//2927 1909//2927
f 2349//2928 1541//2928 2314//2928
f 2350//2929 2349//2929 2348//2929
f 2314//2930 2348//2930 2349//2930
f 2296//2931 2351//2931 2299//2931
f 2352//2932 2350//2932 2351//2932
f 2288//2933 2352//2933 2296//2933
f 2351//2934 2296//2934 2352//2934
f 2348//2935 2351//2935 2350//2935
f 2300//2936 2299//2936 2351//2936
f 2317//2937 2300//2937 2348//2937
f 2351//2938 2348//2938 2300//2938
f 2352//2939 2288//2939 1559//2939
f 1540//2940 2352//2940 1559//2940
f 2350//2941 2352//2941 1540//2941
f 1539//2942 2350//2942 1540//2942
f 2349//2943 2350//2943 1539//2943
f 1541//2944 2349//2944 1539//2944
f 2315//2945 2314//2945 1541//2945
f 1543//2946 2315//2946 1541//2946
f 2353//2947 2271//2947 2274//2947
f 1898//2948 2252//2948 1899//2948
f 2252//2949 2274//2949 1899//2949
f 2354//2950 2272//2950 2271//2950
f 2355//2951 2354//2951 2353//2951
f 2271//2952 2353//2952 2354//2952
f 2248//2953 2356//2953 2251//2953
f 2357//2954 2355//2954 2356//2954
f 2240//2955 2357//2955 2248//2955
f 2356//2956 2248//2956 2357//2956
f 2353//2957 2356//2957 2355//2957
f 2252//2958 2251//2958 2356//2958
f 2274//2959 2252//2959 2353//2959
f 2356//2960 2353//2960 2252//2960
f 2357//2961 2240//2961 1527//2961
f 1529//2962 2357//2962 1527//2962
f 2355//2963 2357//2963 1529//2963
f 1530//2964 2355//2964 1529//2964
f 2354//2965 2355//2965 1530//2965
f 1535//2966 2354//2966 1530//2966
f 2272//2967 2354//2967 1535//2967
f 1534//2968 2272//2968 1535//2968
f 2358//2969 2183//2969 1752//2969
f 2183//2970 1753//2970 1752//2970
f 2155//2971 2358//2971 1750//2971
f 2358//2972 1752//2972 1750//2972
f 2359//2973 2180//2973 2183//2973
f 2360//2974 1384//2974 2180//2974
f 2361//2975 2360//2975 2359//2975
f 2180//2976 2359//2976 2360//2976
f 2152//2977 2362//2977 2155//2977
f 2363//2978 2361//2978 2362//2978
f 2144//2979 2363//2979 2152//2979
f 2362//2980 2152//2980 2363//2980
f 2359//2981 2362//2981 2361//2981
f 2358//2982 2155//2982 2362//2982
f 2183//2983 2358//2983 2359//2983
f 2362//2984 2359//2984 2358//2984
f 2363//2985 2144//2985 1379//2985
f 1381//2986 2363//2986 1379//2986
f 2361//2987 2363//2987 1381//2987
f 1383//2988 2361//2988 1381//2988
f 2360//2989 2361//2989 1383//2989
f 1384//2990 2360//2990 1383//2990
f 2181//2991 2180//2991 1384//2991
f 1479//2992 2181//2992 1384//2992
f 1448//2993 2364//2993 1449//2993
f 2364//2994 2365//2994 1449//2994
f 2366//2995 1451//2995 1449//2995
f 2367//2996 2368//2996 1448//2996
f 1461//2997 2369//2997 1453//2997
f 2369//2998 2370//2998 1453//2998
f 2371//2999 2372//2999 1461//2999
f 1453//3000 2367//3000 1448//3000
f 2365//3001 2373//3001 2366//3001
f 2374//3002 2375//3002 2373//3002
f 2376//3003 2374//3003 2365//3003
f 2373//3004 2365//3004 2374//3004
f 2377//3005 2375//3005 1821//3005
f 2374//3006 2376//3006 1818//3006
f 1818//3007 1820//3007 2374//3007
f 1820//3008 1821//3008 2375//3008
f 2378//3009 2372//3009 2371//3009
f 2375//3010 2374//3010 1820//3010
f 2379//3011 2380//3011 2372//3011
f 2381//3012 2379//3012 2378//3012
f 2372//3013 2378//3013 2379//3013
f 2382//3014 2380//3014 1822//3014
f 2379//3015 2381//3015 1832//3015
f 1832//3016 1830//3016 2379//3016
f 1830//3017 1822//3017 2380//3017
f 2380//3018 2379//3018 1830//3018
f 1822//3019 1817//3019 2382//3019
f 1817//3020 1818//3020 2376//3020
f 2370//3021 2372//3021 2380//3021
f 2376//3022 2382//3022 1817//3022
f 2369//3023 1461//3023 2372//3023
f 2367//3024 1453//3024 2370//3024
f 2372//3025 2370//3025 2369//3025
f 2365//3026 2368//3026 2376//3026
f 2364//3027 1448//3027 2368//3027
f 2366//3028 1449//3028 2365//3028
f 2368//3029 2365//3029 2364//3029
f 2370//3030 2368//3030 2367//3030
f 2382//3031 2376//3031 2368//3031
f 2380//3032 2382//3032 2370//3032
f 2368//3033 2370//3033 2382//3033
f 1468//3034 2383//3034 1469//3034
f 2383//3035 2384//3035 1469//3035
f 2385//3036 2386//3036 1468//3036
f 1475//3037 2387//3037 1477//3037
f 2387//3038 2388//3038 1477//3038
f 2389//3039 2390//3039 1475//3039
f 1477//3040 2385//3040 1468//3040
f 2384//3041 2391//3041 2392//3041
f 2393//3042 2394//3042 2391//3042
f 2395//3043 2393//3043 2384//3043
f 2391//3044 2384//3044 2393//3044
f 2396//3045 2394//3045 1833//3045
f 2393//3046 2395//3046 1838//3046
f 1838//3047 1839//3047 2393//3047
f 1839//3048 1833//3048 2394//3048
f 2397//3049 2390//3049 2389//3049
f 2394//3050 2393//3050 1839//3050
f 2398//3051 2399//3051 2390//3051
f 2400//3052 2398//3052 2397//3052
f 2390//3053 2397//3053 2398//3053
f 2401//3054 2399//3054 1846//3054
f 2398//3055 2400//3055 1842//3055
f 1842//3056 1844//3056 2398//3056
f 1844//3057 1846//3057 2399//3057
f 2399//3058 2398//3058 1844//3058
f 1846//3059 1837//3059 2401//3059
f 1837//3060 1838//3060 2395//3060
f 2388//3061 2390//3061 2399//3061
f 2395//3062 2401//3062 1837//3062
f 2387//3063 1475//3063 2390//3063
f 2385//3064 1477//3064 2388//3064
f 2390//3065 2388//3065 2387//3065
f 2384//3066 2386//3066 2395//3066
f 2383//3067 1468//3067 2386//3067
f 2392//3068 1469//3068 2384//3068
f 2386//3069 2384//3069 2383//3069
f 2388//3070 2386//3070 2385//3070
f 2401//3071 2395//3071 2386//3071
f 2399//3072 2401//3072 2388//3072
f 2386//3073 2388//3073 2401//3073
f 1833//3074 1834//3074 2396//3074
f 1834//3075 1832//3075 2381//3075
f 2402//3076 2391//3076 2394//3076
f 2381//3077 2396//3077 1834//3077
f 2403//3078 1470//3078 2391//3078
f 2404//3079 1464//3079 2402//3079
f 2391//3080 2402//3080 2403//3080
f 2378//3081 2405//3081 2381//3081
f 2406//3082 2404//3082 2405//3082
f 2371//3083 2406//3083 2378//3083
f 2405//3084 2378//3084 2406//3084
f 2402//3085 2405//3085 2404//3085
f 2396//3086 2381//3086 2405//3086
f 2394//3087 2396//3087 2402//3087
f 2405//3088 2402//3088 2396//3088
f 1463//3089 2371//3089 1461//3089
f 1465//3090 2406//3090 1463//3090
f 2406//3091 2371//3091 1463//3091
f 2404//3092 2406//3092 1465//3092
f 1470//3093 2403//3093 1464//3093
f 2403//3094 2402//3094 1464//3094
f 2392//3095 2391//3095 1470//3095
f 1469//3096 2392//3096 1470//3096
f 1464//3097 2404//3097 1465//3097
f 1444//3098 2407//3098 1445//3098
f 2407//3099 2408//3099 1445//3099
f 2409//3100 2410//3100 1444//3100
f 1565//3101 2411//3101 1443//3101
f 2411//3102 2412//3102 1443//3102
f 2413//3103 2414//3103 1565//3103
f 1443//3104 2409//3104 1444//3104
f 2408//3105 2415//3105 2416//3105
f 2417//3106 2418//3106 2415//3106
f 2419//3107 2417//3107 2408//3107
f 2415//3108 2408//3108 2417//3108
f 1843//3109 2420//3109 1815//3109
f 1816//3110 2417//3110 1814//3110
f 2419//3111 1814//3111 2417//3111
f 2417//3112 1816//3112 2418//3112
f 2421//3113 2414//3113 2413//3113
f 1815//3114 2418//3114 1816//3114
f 2422//3115 2423//3115 2414//3115
f 2424//3116 2422//3116 2421//3116
f 2414//3117 2421//3117 2422//3117
f 1813//3118 2425//3118 1812//3118
f 1934//3119 2422//3119 1933//3119
f 2424//3120 1933//3120 2422//3120
f 2422//3121 1934//3121 2423//3121
f 1812//3122 2423//3122 1934//3122
f 2423//3123 1812//3123 2425//3123
f 2425//3124 1813//3124 2419//3124
f 2412//3125 2414//3125 2423//3125
f 1814//3126 2419//3126 1813//3126
f 2411//3127 1565//3127 2414//3127
f 2409//3128 1443//3128 2412//3128
f 2414//3129 2412//3129 2411//3129
f 2408//3130 2410//3130 2419//3130
f 2407//3131 1444//3131 2410//3131
f 2416//3132 1445//3132 2408//3132
f 2410//3133 2408//3133 2407//3133
f 2412//3134 2410//3134 2409//3134
f 2425//3135 2419//3135 2410//3135
f 2423//3136 2425//3136 2412//3136
f 2410//3137 2412//3137 2425//3137
f 2426//3138 2427//3138 1568//3138
f 1569//3139 2426//3139 1568//3139
f 2428//3140 2429//3140 1569//3140
f 1586//3141 2428//3141 1569//3141
f 2430//3142 2431//3142 1586//3142
f 1585//3143 2430//3143 1586//3143
f 2432//3144 2433//3144 1585//3144
f 1574//3145 2432//3145 1585//3145
f 2427//3146 2434//3146 2435//3146
f 2436//3147 2437//3147 2434//3147
f 2438//3148 2436//3148 2427//3148
f 2434//3149 2427//3149 2436//3149
f 1941//3150 2439//3150 1940//3150
f 1936//3151 2436//3151 1937//3151
f 2438//3152 1937//3152 2436//3152
f 2436//3153 1936//3153 2437//3153
f 2440//3154 2433//3154 2432//3154
f 1940//3155 2437//3155 1936//3155
f 2441//3156 2442//3156 2433//3156
f 2443//3157 2441//3157 2440//3157
f 2433//3158 2440//3158 2441//3158
f 1938//3159 2444//3159 1955//3159
f 1954//3160 2441//3160 1943//3160
f 2443//3161 1943//3161 2441//3161
f 2441//3162 1954//3162 2442//3162
f 1955//3163 2442//3163 1954//3163
f 2442//3164 1955//3164 2444//3164
f 2444//3165 1938//3165 2438//3165
f 2431//3166 2433//3166 2442//3166
f 1937//3167 2438//3167 1938//3167
f 2430//3168 1585//3168 2433//3168
f 2428//3169 1586//3169 2431//3169
f 2433//3170 2431//3170 2430//3170
f 2427//3171 2429//3171 2438//3171
f 2426//3172 1569//3172 2429//3172
f 2435//3173 1568//3173 2427//3173
f 2429//3174 2427//3174 2426//3174
f 2431//3175 2429//3175 2428//3175
f 2444//3176 2438//3176 2429//3176
f 2442//3177 2444//3177 2431//3177
f 2429//3178 2431//3178 2444//3178
f 2437//3179 1940//3179 2439//3179
f 2439//3180 1941//3180 2424//3180
f 2445//3181 2434//3181 2437//3181
f 1933//3182 2424//3182 1941//3182
f 2446//3183 1567//3183 2434//3183
f 2447//3184 1571//3184 2445//3184
f 2434//3185 2445//3185 2446//3185
f 2421//3186 2448//3186 2424//3186
f 2449//3187 2447//3187 2448//3187
f 2413//3188 2449//3188 2421//3188
f 2448//3189 2421//3189 2449//3189
f 2445//3190 2448//3190 2447//3190
f 2439//3191 2424//3191 2448//3191
f 2437//3192 2439//3192 2445//3192
f 2448//3193 2445//3193 2439//3193
f 1564//3194 2413//3194 1565//3194
f 1572//3195 2449//3195 1564//3195
f 2449//3196 2413//3196 1564//3196
f 2447//3197 2449//3197 1572//3197
f 1571//3198 2447//3198 1572//3198
f 2446//3199 2445//3199 1571//3199
f 1567//3200 2446//3200 1571//3200
f 2435//3201 2434//3201 1567//3201
f 1568//3202 2435//3202 1567//3202
f 2418//3203 1815//3203 2420//3203
f 1843//3204 1842//3204 2400//3204
f 2450//3205 2415//3205 2418//3205
f 2400//3206 2420//3206 1843//3206
f 2451//3207 1447//3207 2415//3207
f 2452//3208 2451//3208 2450//3208
f 2415//3209 2450//3209 2451//3209
f 2397//3210 2453//3210 2400//3210
f 2454//3211 2452//3211 2453//3211
f 2389//3212 2454//3212 2397//3212
f 2453//3213 2397//3213 2454//3213
f 2450//3214 2453//3214 2452//3214
f 2420//3215 2400//3215 2453//3215
f 2418//3216 2420//3216 2450//3216
f 2453//3217 2450//3217 2420//3217
f 1474//3218 2389//3218 1475//3218
f 1473//3219 2454//3219 1474//3219
f 2454//3220 2389//3220 1474//3220
f 2452//3221 2454//3221 1473//3221
f 1447//3222 2451//3222 1446//3222
f 2451//3223 2452//3223 1446//3223
f 2416//3224 2415//3224 1447//3224
f 1445//3225 2416//3225 1447//3225
f 1446//3226 2452//3226 1473//3226
f 2455//3227 2456//3227 1579//3227
f 1582//3228 2455//3228 1579//3228
f 2457//3229 2458//3229 1582//3229
f 1581//3230 2457//3230 1582//3230
f 2459//3231 2460//3231 1581//3231
f 1593//3232 2459//3232 1581//3232
f 2461//3233 2462//3233 1593//3233
f 1592//3234 2461//3234 1593//3234
f 2456//3235 2463//3235 2464//3235
f 2465//3236 2466//3236 2463//3236
f 2467//3237 2465//3237 2456//3237
f 2463//3238 2456//3238 2465//3238
f 1942//3239 2468//3239 1945//3239
f 1946//3240 2465//3240 1948//3240
f 2467//3241 1948//3241 2465//3241
f 2465//3242 1946//3242 2466//3242
f 2469//3243 2462//3243 2461//3243
f 1945//3244 2466//3244 1946//3244
f 2470//3245 2471//3245 2462//3245
f 2472//3246 2470//3246 2469//3246
f 2462//3247 2469//3247 2470//3247
f 1951//3248 2473//3248 1950//3248
f 1962//3249 2470//3249 1961//3249
f 2472//3250 1961//3250 2470//3250
f 2470//3251 1962//3251 2471//3251
f 1950//3252 2471//3252 1962//3252
f 2471//3253 1950//3253 2473//3253
f 2473//3254 1951//3254 2467//3254
f 2460//3255 2462//3255 2471//3255
f 1948//3256 2467//3256 1951//3256
f 2459//3257 1593//3257 2462//3257
f 2457//3258 1581//3258 2460//3258
f 2462//3259 2460//3259 2459//3259
f 2456//3260 2458//3260 2467//3260
f 2455//3261 1582//3261 2458//3261
f 2464//3262 1579//3262 2456//3262
f 2458//3263 2456//3263 2455//3263
f 2460//3264 2458//3264 2457//3264
f 2473//3265 2467//3265 2458//3265
f 2471//3266 2473//3266 2460//3266
f 2458//3267 2460//3267 2473//3267
f 2474//3268 2475//3268 1312//3268
f 1310//3269 2474//3269 1312//3269
f 2476//3270 2477//3270 1310//3270
f 1308//3271 2476//3271 1310//3271
f 2478//3272 2479//3272 1308//3272
f 1307//3273 2478//3273 1308//3273
f 2480//3274 2481//3274 1307//3274
f 1306//3275 2480//3275 1307//3275
f 2475//3276 2482//3276 2483//3276
f 2484//3277 2485//3277 2482//3277
f 2486//3278 2484//3278 2475//3278
f 2482//3279 2475//3279 2484//3279
f 1960//3280 2487//3280 1958//3280
f 1957//3281 2484//3281 1681//3281
f 2486//3282 1681//3282 2484//3282
f 2484//3283 1957//3283 2485//3283
f 2488//3284 2481//3284 2480//3284
f 1958//3285 2485//3285 1957//3285
f 2489//3286 2490//3286 2481//3286
f 2491//3287 2489//3287 2488//3287
f 2481//3288 2488//3288 2489//3288
f 1678//3289 2492//3289 1677//3289
f 1676//3290 2489//3290 1674//3290
f 2491//3291 1674//3291 2489//3291
f 2489//3292 1676//3292 2490//3292
f 1677//3293 2490//3293 1676//3293
f 2490//3294 1677//3294 2492//3294
f 2492//3295 1678//3295 2486//3295
f 2479//3296 2481//3296 2490//3296
f 1681//3297 2486//3297 1678//3297
f 2478//3298 1307//3298 2481//3298
f 2476//3299 1308//3299 2479//3299
f 2481//3300 2479//3300 2478//3300
f 2475//3301 2477//3301 2486//3301
f 2474//3302 1310//3302 2477//3302
f 2483//3303 1312//3303 2475//3303
f 2477//3304 2475//3304 2474//3304
f 2479//3305 2477//3305 2476//3305
f 2492//3306 2486//3306 2477//3306
f 2490//3307 2492//3307 2479//3307
f 2477//3308 2479//3308 2492//3308
f 2485//3309 1958//3309 2487//3309
f 2487//3310 1960//3310 2472//3310
f 2493//3311 2482//3311 2485//3311
f 1961//3312 2472//3312 1960//3312
f 2494//3313 1588//3313 2482//3313
f 2495//3314 1589//3314 2493//3314
f 2482//3315 2493//3315 2494//3315
f 2469//3316 2496//3316 2472//3316
f 2497//3317 2495//3317 2496//3317
f 2461//3318 2497//3318 2469//3318
f 2496//3319 2469//3319 2497//3319
f 2493//3320 2496//3320 2495//3320
f 2487//3321 2472//3321 2496//3321
f 2485//3322 2487//3322 2493//3322
f 2496//3323 2493//3323 2487//3323
f 2497//3324 2461//3324 1592//3324
f 1591//3325 2497//3325 1592//3325
f 2495//3326 2497//3326 1591//3326
f 1589//3327 2495//3327 1591//3327
f 2494//3328 2493//3328 1589//3328
f 1588//3329 2494//3329 1589//3329
f 2483//3330 2482//3330 1588//3330
f 1312//3331 2483//3331 1588//3331
f 2498//3332 2499//3332 1301//3332
f 1315//3333 2498//3333 1301//3333
f 2500//3334 2501//3334 1315//3334
f 1313//3335 2500//3335 1315//3335
f 2502//3336 2503//3336 1313//3336
f 1295//3337 2502//3337 1313//3337
f 2504//3338 2505//3338 1295//3338
f 1292//3339 2504//3339 1295//3339
f 2499//3340 2506//3340 2507//3340
f 2508//3341 2509//3341 2506//3341
f 2510//3342 2508//3342 2499//3342
f 2506//3343 2499//3343 2508//3343
f 1675//3344 2511//3344 1671//3344
f 1668//3345 2508//3345 1669//3345
f 2510//3346 1669//3346 2508//3346
f 2508//3347 1668//3347 2509//3347
f 2512//3348 2505//3348 2504//3348
f 1671//3349 2509//3349 1668//3349
f 2513//3350 2514//3350 2505//3350
f 2515//3351 2513//3351 2512//3351
f 2505//3352 2512//3352 2513//3352
f 2513//3353 2515//3353 1661//3353
f 2515//3354 1662//3354 1661//3354
f 2514//3355 2513//3355 1664//3355
f 2513//3356 1661//3356 1664//3356
f 2516//3357 1684//3357 2510//3357
f 2516//3358 2514//3358 1682//3358
f 2514//3359 1664//3359 1682//3359
f 2503//3360 2505//3360 2514//3360
f 1669//3361 2510//3361 1684//3361
f 2516//3362 1682//3362 1684//3362
f 2502//3363 1295//3363 2505//3363
f 2500//3364 1313//3364 2503//3364
f 2505//3365 2503//3365 2502//3365
f 2499//3366 2501//3366 2510//3366
f 2498//3367 1315//3367 2501//3367
f 2507//3368 1301//3368 2499//3368
f 2501//3369 2499//3369 2498//3369
f 2503//3370 2501//3370 2500//3370
f 2516//3371 2510//3371 2501//3371
f 2514//3372 2516//3372 2503//3372
f 2501//3373 2503//3373 2516//3373
f 2517//3374 2518//3374 1287//3374
f 1288//3375 2517//3375 1287//3375
f 2519//3376 2520//3376 1288//3376
f 1290//3377 2519//3377 1288//3377
f 2521//3378 2522//3378 1290//3378
f 1316//3379 2521//3379 1290//3379
f 2523//3380 2524//3380 1316//3380
f 1320//3381 2523//3381 1316//3381
f 2518//3382 2525//3382 2526//3382
f 2527//3383 2528//3383 2525//3383
f 2529//3384 2527//3384 2518//3384
f 2525//3385 2518//3385 2527//3385
f 2527//3386 2529//3386 1656//3386
f 2529//3387 1657//3387 1656//3387
f 2528//3388 2527//3388 1665//3388
f 2527//3389 1656//3389 1665//3389
f 2530//3390 2524//3390 2523//3390
f 2531//3391 2532//3391 2524//3391
f 2533//3392 2531//3392 2530//3392
f 2524//3393 2530//3393 2531//3393
f 2531//3394 2533//3394 1689//3394
f 2533//3395 1688//3395 1689//3395
f 2532//3396 2531//3396 1685//3396
f 2531//3397 1689//3397 1685//3397
f 2534//3398 2532//3398 1658//3398
f 2532//3399 1685//3399 1658//3399
f 2529//3400 2534//3400 1657//3400
f 2534//3401 1658//3401 1657//3401
f 2522//3402 2524//3402 2532//3402
f 2521//3403 1316//3403 2524//3403
f 2519//3404 1290//3404 2522//3404
f 2524//3405 2522//3405 2521//3405
f 2518//3406 2520//3406 2529//3406
f 2517//3407 1288//3407 2520//3407
f 2526//3408 1287//3408 2518//3408
f 2520//3409 2518//3409 2517//3409
f 2522//3410 2520//3410 2519//3410
f 2534//3411 2529//3411 2520//3411
f 2532//3412 2534//3412 2522//3412
f 2520//3413 2522//3413 2534//3413
f 2535//3414 2528//3414 1666//3414
f 2528//3415 1665//3415 1666//3415
f 2515//3416 2535//3416 1662//3416
f 2535//3417 1666//3417 1662//3417
f 2536//3418 2525//3418 2528//3418
f 2537//3419 1296//3419 2525//3419
f 2538//3420 1297//3420 2536//3420
f 2525//3421 2536//3421 2537//3421
f 2512//3422 2539//3422 2515//3422
f 2540//3423 2538//3423 2539//3423
f 2504//3424 2540//3424 2512//3424
f 2539//3425 2512//3425 2540//3425
f 2536//3426 2539//3426 2538//3426
f 2535//3427 2515//3427 2539//3427
f 2528//3428 2535//3428 2536//3428
f 2539//3429 2536//3429 2535//3429
f 2540//3430 2504//3430 1292//3430
f 1294//3431 2540//3431 1292//3431
f 2538//3432 2540//3432 1294//3432
f 1297//3433 2538//3433 1294//3433
f 2537//3434 2536//3434 1297//3434
f 1296//3435 2537//3435 1297//3435
f 2526//3436 2525//3436 1296//3436
f 1287//3437 2526//3437 1296//3437
f 2509//3438 1671//3438 2511//3438
f 2511//3439 1675//3439 2491//3439
f 2541//3440 2506//3440 2509//3440
f 1674//3441 2491//3441 1675//3441
f 2542//3442 1299//3442 2506//3442
f 2543//3443 2542//3443 2541//3443
f 2506//3444 2541//3444 2542//3444
f 2488//3445 2544//3445 2491//3445
f 2545//3446 2543//3446 2544//3446
f 2480//3447 2545//3447 2488//3447
f 2544//3448 2488//3448 2545//3448
f 2541//3449 2544//3449 2543//3449
f 2511//3450 2491//3450 2544//3450
f 2509//3451 2511//3451 2541//3451
f 2544//3452 2541//3452 2511//3452
f 2545//3453 2480//3453 1306//3453
f 1305//3454 2545//3454 1306//3454
f 2543//3455 2545//3455 1305//3455
f 1302//3456 2543//3456 1305//3456
f 2542//3457 2543//3457 1302//3457
f 1299//3458 2542//3458 1302//3458
f 2507//3459 2506//3459 1299//3459
f 1301//3460 2507//3460 1299//3460
f 2466//3461 1945//3461 2468//3461
f 2468//3462 1942//3462 2443//3462
f 2546//3463 2463//3463 2466//3463
f 1943//3464 2443//3464 1942//3464
f 2547//3465 1578//3465 2463//3465
f 2548//3466 2547//3466 2546//3466
f 2463//3467 2546//3467 2547//3467
f 2440//3468 2549//3468 2443//3468
f 2550//3469 2548//3469 2549//3469
f 2432//3470 2550//3470 2440//3470
f 2549//3471 2440//3471 2550//3471
f 2546//3472 2549//3472 2548//3472
f 2468//3473 2443//3473 2549//3473
f 2466//3474 2468//3474 2546//3474
f 2549//3475 2546//3475 2468//3475
f 2550//3476 2432//3476 1574//3476
f 1573//3477 2550//3477 1574//3477
f 2548//3478 2550//3478 1573//3478
f 1576//3479 2548//3479 1573//3479
f 2547//3480 2548//3480 1576//3480
f 1578//3481 2547//3481 1576//3481
f 2464//3482 2463//3482 1578//3482
f 1579//3483 2464//3483 1578//3483
f 2551//3484 2552//3484 1270//3484
f 1278//3485 2551//3485 1270//3485
f 2553//3486 2554//3486 1278//3486
f 1279//3487 2553//3487 1278//3487
f 2555//3488 2556//3488 1279//3488
f 1280//3489 2555//3489 1279//3489
f 2557//3490 2558//3490 1280//3490
f 1275//3491 2557//3491 1280//3491
f 2552//3492 2559//3492 2560//3492
f 2561//3493 2562//3493 2559//3493
f 2563//3494 2561//3494 2552//3494
f 2559//3495 2552//3495 2561//3495
f 2561//3496 2563//3496 1639//3496
f 2563//3497 1647//3497 1639//3497
f 2562//3498 2561//3498 1641//3498
f 2561//3499 1639//3499 1641//3499
f 2564//3500 2558//3500 2557//3500
f 2565//3501 2566//3501 2558//3501
f 2567//3502 2565//3502 2564//3502
f 2558//3503 2564//3503 2565//3503
f 2567//3504 2568//3504 1645//3504
f 2565//3505 2567//3505 1644//3505
f 2567//3506 1645//3506 1644//3506
f 2566//3507 2565//3507 1649//3507
f 2565//3508 1644//3508 1649//3508
f 2569//3509 2566//3509 1648//3509
f 2566//3510 1649//3510 1648//3510
f 2563//3511 2569//3511 1647//3511
f 2569//3512 1648//3512 1647//3512
f 2556//3513 2558//3513 2566//3513
f 2555//3514 1280//3514 2558//3514
f 2553//3515 1279//3515 2556//3515
f 2558//3516 2556//3516 2555//3516
f 2552//3517 2554//3517 2563//3517
f 2551//3518 1278//3518 2554//3518
f 2560//3519 1270//3519 2552//3519
f 2554//3520 2552//3520 2551//3520
f 2556//3521 2554//3521 2553//3521
f 2569//3522 2563//3522 2554//3522
f 2566//3523 2569//3523 2556//3523
f 2554//3524 2556//3524 2569//3524
f 2570//3525 2571//3525 1284//3525
f 1263//3526 2570//3526 1284//3526
f 2572//3527 2573//3527 1263//3527
f 1262//3528 2572//3528 1263//3528
f 2574//3529 2575//3529 1262//3529
f 1265//3530 2574//3530 1262//3530
f 2576//3531 2577//3531 1265//3531
f 1267//3532 2576//3532 1265//3532
f 2571//3533 2578//3533 2579//3533
f 2580//3534 2581//3534 2578//3534
f 2582//3535 2580//3535 2571//3535
f 2578//3536 2571//3536 2580//3536
f 1652//3537 2568//3537 2581//3537
f 2581//3538 2580//3538 1650//3538
f 1653//3539 2582//3539 1632//3539
f 2582//3540 2583//3540 1632//3540
f 2584//3541 2577//3541 2576//3541
f 1650//3542 2580//3542 1653//3542
f 2580//3543 2582//3543 1653//3543
f 2585//3544 2586//3544 2577//3544
f 2587//3545 2585//3545 2584//3545
f 2577//3546 2584//3546 2585//3546
f 1631//3547 2586//3547 1634//3547
f 2586//3548 2585//3548 1634//3548
f 1635//3549 2587//3549 1637//3549
f 2587//3550 2588//3550 1637//3550
f 1634//3551 2585//3551 1635//3551
f 2585//3552 2587//3552 1635//3552
f 2575//3553 2577//3553 2586//3553
f 1632//3554 2583//3554 1631//3554
f 2583//3555 2586//3555 1631//3555
f 2574//3556 1265//3556 2577//3556
f 2572//3557 1262//3557 2575//3557
f 2577//3558 2575//3558 2574//3558
f 2571//3559 2573//3559 2582//3559
f 2570//3560 1263//3560 2573//3560
f 2579//3561 1284//3561 2571//3561
f 2573//3562 2571//3562 2570//3562
f 2575//3563 2573//3563 2572//3563
f 2583//3564 2582//3564 2573//3564
f 2586//3565 2583//3565 2575//3565
f 2573//3566 2575//3566 2583//3566
f 2581//3567 1650//3567 1652//3567
f 2589//3568 2578//3568 2581//3568
f 1645//3569 2568//3569 1652//3569
f 2590//3570 2579//3570 2578//3570
f 2591//3571 1282//3571 2589//3571
f 2578//3572 2589//3572 2590//3572
f 2564//3573 2592//3573 2567//3573
f 2593//3574 2591//3574 2592//3574
f 2557//3575 2593//3575 2564//3575
f 2592//3576 2564//3576 2593//3576
f 2589//3577 2592//3577 2591//3577
f 2568//3578 2567//3578 2592//3578
f 2581//3579 2568//3579 2589//3579
f 2592//3580 2589//3580 2568//3580
f 2593//3581 2557//3581 1275//3581
f 1276//3582 2593//3582 1275//3582
f 2591//3583 2593//3583 1276//3583
f 1282//3584 2591//3584 1276//3584
f 2590//3585 2589//3585 1282//3585
f 1281//3586 2590//3586 1282//3586
f 2579//3587 2590//3587 1281//3587
f 1284//3588 2579//3588 1281//3588
f 2594//3589 2595//3589 1258//3589
f 1255//3590 2594//3590 1258//3590
f 2596//3591 2597//3591 1255//3591
f 1595//3592 2596//3592 1255//3592
f 2598//3593 2599//3593 1595//3593
f 1594//3594 2598//3594 1595//3594
f 2600//3595 2601//3595 1594//3595
f 1623//3596 2600//3596 1594//3596
f 2595//3597 2602//3597 2603//3597
f 2604//3598 2605//3598 2602//3598
f 2606//3599 2604//3599 2595//3599
f 2602//3600 2595//3600 2604//3600
f 1629//3601 2605//3601 1628//3601
f 2605//3602 2604//3602 1628//3602
f 1627//3603 2606//3603 1624//3603
f 2606//3604 2607//3604 1624//3604
f 2608//3605 2601//3605 2600//3605
f 1628//3606 2604//3606 1627//3606
f 2604//3607 2606//3607 1627//3607
f 2609//3608 2610//3608 2601//3608
f 2611//3609 2609//3609 2608//3609
f 2601//3610 2608//3610 2609//3610
f 1965//3611 2610//3611 1963//3611
f 2610//3612 2609//3612 1963//3612
f 1992//3613 2611//3613 1991//3613
f 2611//3614 2612//3614 1991//3614
f 1963//3615 2609//3615 1992//3615
f 2609//3616 2611//3616 1992//3616
f 2599//3617 2601//3617 2610//3617
f 1624//3618 2607//3618 1965//3618
f 2607//3619 2610//3619 1965//3619
f 2598//3620 1594//3620 2601//3620
f 2596//3621 1595//3621 2599//3621
f 2601//3622 2599//3622 2598//3622
f 2595//3623 2597//3623 2606//3623
f 2594//3624 1255//3624 2597//3624
f 2603//3625 1258//3625 2595//3625
f 2597//3626 2595//3626 2594//3626
f 2599//3627 2597//3627 2596//3627
f 2607//3628 2606//3628 2597//3628
f 2610//3629 2607//3629 2599//3629
f 2597//3630 2599//3630 2607//3630
f 2613//3631 2614//3631 1618//3631
f 1612//3632 2613//3632 1618//3632
f 2615//3633 2616//3633 1612//3633
f 1611//3634 2615//3634 1612//3634
f 2617//3635 2618//3635 1611//3635
f 1615//3636 2617//3636 1611//3636
f 2619//3637 2620//3637 1615//3637
f 1608//3638 2619//3638 1615//3638
f 2614//3639 2621//3639 2622//3639
f 2623//3640 2624//3640 2621//3640
f 2625//3641 2623//3641 2614//3641
f 2621//3642 2614//3642 2623//3642
f 1989//3643 2624//3643 1986//3643
f 2624//3644 2623//3644 1986//3644
f 1987//3645 2625//3645 1981//3645
f 2625//3646 2626//3646 1981//3646
f 2627//3647 2620//3647 2619//3647
f 1986//3648 2623//3648 1987//3648
f 2623//3649 2625//3649 1987//3649
f 2628//3650 2629//3650 2620//3650
f 2630//3651 2628//3651 2627//3651
f 2620//3652 2627//3652 2628//3652
f 1980//3653 2629//3653 1984//3653
f 2629//3654 2628//3654 1984//3654
f 1977//3655 2630//3655 1978//3655
f 2630//3656 2631//3656 1978//3656
f 1984//3657 2628//3657 1977//3657
f 2628//3658 2630//3658 1977//3658
f 2618//3659 2620//3659 2629//3659
f 1981//3660 2626//3660 1980//3660
f 2626//3661 2629//3661 1980//3661
f 2617//3662 1615//3662 2620//3662
f 2615//3663 1611//3663 2618//3663
f 2620//3664 2618//3664 2617//3664
f 2614//3665 2616//3665 2625//3665
f 2613//3666 1612//3666 2616//3666
f 2622//3667 1618//3667 2614//3667
f 2616//3668 2614//3668 2613//3668
f 2618//3669 2616//3669 2615//3669
f 2626//3670 2625//3670 2616//3670
f 2629//3671 2626//3671 2618//3671
f 2616//3672 2618//3672 2626//3672
f 2632//3673 2621//3673 2624//3673
f 1991//3674 2612//3674 1989//3674
f 2612//3675 2624//3675 1989//3675
f 2633//3676 2622//3676 2621//3676
f 2634//3677 1620//3677 2632//3677
f 2621//3678 2632//3678 2633//3678
f 2608//3679 2635//3679 2611//3679
f 2636//3680 2634//3680 2635//3680
f 2600//3681 2636//3681 2608//3681
f 2635//3682 2608//3682 2636//3682
f 2632//3683 2635//3683 2634//3683
f 2612//3684 2611//3684 2635//3684
f 2624//3685 2612//3685 2632//3685
f 2635//3686 2632//3686 2612//3686
f 2636//3687 2600//3687 1623//3687
f 1622//3688 2636//3688 1623//3688
f 2634//3689 2636//3689 1622//3689
f 1620//3690 2634//3690 1622//3690
f 2633//3691 2632//3691 1620//3691
f 1617//3692 2633//3692 1620//3692
f 2622//3693 2633//3693 1617//3693
f 1618//3694 2622//3694 1617//3694
f 2637//3695 2602//3695 2605//3695
f 1637//3696 2588//3696 1629//3696
f 2588//3697 2605//3697 1629//3697
f 2638//3698 2603//3698 2602//3698
f 2639//3699 2638//3699 2637//3699
f 2602//3700 2637//3700 2638//3700
f 2584//3701 2640//3701 2587//3701
f 2641//3702 2639//3702 2640//3702
f 2576//3703 2641//3703 2584//3703
f 2640//3704 2584//3704 2641//3704
f 2637//3705 2640//3705 2639//3705
f 2588//3706 2587//3706 2640//3706
f 2605//3707 2588//3707 2637//3707
f 2640//3708 2637//3708 2588//3708
f 2641//3709 2576//3709 1267//3709
f 1268//3710 2641//3710 1267//3710
f 2639//3711 2641//3711 1268//3711
f 1260//3712 2639//3712 1268//3712
f 2638//3713 2639//3713 1260//3713
f 1259//3714 2638//3714 1260//3714
f 2603//3715 2638//3715 1259//3715
f 1258//3716 2603//3716 1259//3716
f 2642//3717 2643//3717 1604//3717
f 1602//3718 2642//3718 1604//3718
f 2644//3719 2645//3719 1602//3719
f 1601//3720 2644//3720 1602//3720
f 2646//3721 2647//3721 1601//3721
f 1606//3722 2646//3722 1601//3722
f 2648//3723 2649//3723 1606//3723
f 1607//3724 2648//3724 1606//3724
f 2643//3725 2650//3725 2651//3725
f 2652//3726 2653//3726 2650//3726
f 2654//3727 2652//3727 2643//3727
f 2650//3728 2643//3728 2652//3728
f 1990//3729 2653//3729 1974//3729
f 2653//3730 2652//3730 1974//3730
f 1973//3731 2654//3731 1971//3731
f 2654//3732 2655//3732 1971//3732
f 2656//3733 2649//3733 2648//3733
f 1974//3734 2652//3734 1973//3734
f 2652//3735 2654//3735 1973//3735
f 2657//3736 2658//3736 2649//3736
f 2659//3737 2657//3737 2656//3737
f 2649//3738 2656//3738 2657//3738
f 1970//3739 2658//3739 1975//3739
f 2658//3740 2657//3740 1975//3740
f 1976//3741 2659//3741 1968//3741
f 2659//3742 2660//3742 1968//3742
f 1975//3743 2657//3743 1976//3743
f 2657//3744 2659//3744 1976//3744
f 2647//3745 2649//3745 2658//3745
f 1971//3746 2655//3746 1970//3746
f 2655//3747 2658//3747 1970//3747
f 2646//3748 1606//3748 2649//3748
f 2644//3749 1601//3749 2647//3749
f 2649//3750 2647//3750 2646//3750
f 2643//3751 2645//3751 2654//3751
f 2642//3752 1602//3752 2645//3752
f 2651//3753 1604//3753 2643//3753
f 2645//3754 2643//3754 2642//3754
f 2647//3755 2645//3755 2644//3755
f 2655//3756 2654//3756 2645//3756
f 2658//3757 2655//3757 2647//3757
f 2645//3758 2647//3758 2655//3758
f 2661//3759 2662//3759 1321//3759
f 1325//3760 2661//3760 1321//3760
f 2663//3761 2664//3761 1325//3761
f 1322//3762 2663//3762 1325//3762
f 2665//3763 2666//3763 1322//3763
f 1323//3764 2665//3764 1322//3764
f 2667//3765 2668//3765 1323//3765
f 1351//3766 2667//3766 1323//3766
f 2662//3767 2669//3767 2670//3767
f 2671//3768 2672//3768 2669//3768
f 2673//3769 2671//3769 2662//3769
f 2669//3770 2662//3770 2671//3770
f 1967//3771 2672//3771 1693//3771
f 2672//3772 2671//3772 1693//3772
f 1690//3773 2673//3773 1694//3773
f 2674//3774 2668//3774 2667//3774
f 1693//3775 2671//3775 1690//3775
f 2671//3776 2673//3776 1690//3776
f 2675//3777 2676//3777 2668//3777
f 2677//3778 2675//3778 2674//3778
f 2668//3779 2674//3779 2675//3779
f 1691//3780 2678//3780 2676//3780
f 1720//3781 2675//3781 2677//3781
f 2677//3782 1721//3782 1720//3782
f 2675//3783 1720//3783 1692//3783
f 1692//3784 2676//3784 2675//3784
f 2676//3785 1692//3785 1691//3785
f 2678//3786 1691//3786 1694//3786
f 2666//3787 2668//3787 2676//3787
f 1694//3788 2673//3788 2678//3788
f 2665//3789 1323//3789 2668//3789
f 2663//3790 1322//3790 2666//3790
f 2668//3791 2666//3791 2665//3791
f 2662//3792 2664//3792 2673//3792
f 2661//3793 1325//3793 2664//3793
f 2670//3794 1321//3794 2662//3794
f 2664//3795 2662//3795 2661//3795
f 2666//3796 2664//3796 2663//3796
f 2678//3797 2673//3797 2664//3797
f 2676//3798 2678//3798 2666//3798
f 2664//3799 2666//3799 2678//3799
f 2679//3800 2669//3800 2672//3800
f 1968//3801 2660//3801 1967//3801
f 2660//3802 2672//3802 1967//3802
f 2680//3803 2670//3803 2669//3803
f 2681//3804 1598//3804 2679//3804
f 2669//3805 2679//3805 2680//3805
f 2656//3806 2682//3806 2659//3806
f 2683//3807 2681//3807 2682//3807
f 2648//3808 2683//3808 2656//3808
f 2682//3809 2656//3809 2683//3809
f 2679//3810 2682//3810 2681//3810
f 2660//3811 2659//3811 2682//3811
f 2672//3812 2660//3812 2679//3812
f 2682//3813 2679//3813 2660//3813
f 2683//3814 2648//3814 1607//3814
f 1599//3815 2683//3815 1607//3815
f 2681//3816 2683//3816 1599//3816
f 1598//3817 2681//3817 1599//3817
f 2680//3818 2679//3818 1598//3818
f 1324//3819 2680//3819 1598//3819
f 2670//3820 2680//3820 1324//3820
f 1321//3821 2670//3821 1324//3821
f 2684//3822 2685//3822 1347//3822
f 1349//3823 2684//3823 1347//3823
f 2686//3824 2687//3824 1349//3824
f 1345//3825 2686//3825 1349//3825
f 2688//3826 2689//3826 1345//3826
f 1343//3827 2688//3827 1345//3827
f 2690//3828 2691//3828 1343//3828
f 1346//3829 2690//3829 1343//3829
f 2685//3830 2692//3830 2693//3830
f 2694//3831 2695//3831 2692//3831
f 2696//3832 2694//3832 2685//3832
f 2692//3833 2685//3833 2694//3833
f 1724//3834 2697//3834 2695//3834
f 1716//3835 2694//3835 2696//3835
f 2696//3836 1718//3836 1716//3836
f 2694//3837 1716//3837 1717//3837
f 2698//3838 2691//3838 2690//3838
f 1717//3839 2695//3839 2694//3839
f 2699//3840 2700//3840 2691//3840
f 2701//3841 2699//3841 2698//3841
f 2691//3842 2698//3842 2699//3842
f 1714//3843 2702//3843 2700//3843
f 1715//3844 2699//3844 2701//3844
f 2701//3845 1710//3845 1715//3845
f 2699//3846 1715//3846 1712//3846
f 1712//3847 2700//3847 2699//3847
f 2700//3848 1712//3848 1714//3848
f 2702//3849 1714//3849 1718//3849
f 2689//3850 2691//3850 2700//3850
f 1718//3851 2696//3851 2702//3851
f 2688//3852 1343//3852 2691//3852
f 2686//3853 1345//3853 2689//3853
f 2691//3854 2689//3854 2688//3854
f 2685//3855 2687//3855 2696//3855
f 2684//3856 1349//3856 2687//3856
f 2693//3857 1347//3857 2685//3857
f 2687//3858 2685//3858 2684//3858
f 2689//3859 2687//3859 2686//3859
f 2702//3860 2696//3860 2687//3860
f 2700//3861 2702//3861 2689//3861
f 2687//3862 2689//3862 2702//3862
f 2703//3863 1328//3863 2704//3863
f 1331//3864 1330//3864 2704//3864
f 2704//3865 1328//3865 1331//3865
f 1330//3866 1338//3866 2705//3866
f 2706//3867 1338//3867 1707//3867
f 2705//3868 2704//3868 1330//3868
f 2707//3869 2708//3869 2703//3869
f 2709//3870 2710//3870 2708//3870
f 2711//3871 2709//3871 2707//3871
f 2708//3872 2707//3872 2709//3872
f 1708//3873 2712//3873 2710//3873
f 1697//3874 2709//3874 2711//3874
f 2711//3875 1701//3875 1697//3875
f 2709//3876 1697//3876 1696//3876
f 1696//3877 2710//3877 2709//3877
f 1701//3878 2711//3878 2713//3878
f 1699//3879 2713//3879 1707//3879
f 2713//3880 1699//3880 1701//3880
f 1707//3881 2713//3881 2706//3881
f 2706//3882 2705//3882 1338//3882
f 2707//3883 2714//3883 2711//3883
f 2704//3884 2705//3884 2714//3884
f 2703//3885 2704//3885 2707//3885
f 2714//3886 2707//3886 2704//3886
f 2706//3887 2714//3887 2705//3887
f 2713//3888 2711//3888 2714//3888
f 2714//3889 2706//3889 2713//3889
f 2710//3890 1696//3890 1708//3890
f 2712//3891 1708//3891 1710//3891
f 2715//3892 2708//3892 2710//3892
f 1710//3893 2701//3893 2712//3893
f 2716//3894 2703//3894 2708//3894
f 2717//3895 1339//3895 2715//3895
f 2708//3896 2715//3896 2716//3896
f 2698//3897 2718//3897 2701//3897
f 2719//3898 1341//3898 2718//3898
f 2690//3899 2719//3899 2698//3899
f 2718//3900 2698//3900 2719//3900
f 2715//3901 2718//3901 2717//3901
f 2712//3902 2701//3902 2718//3902
f 2710//3903 2712//3903 2715//3903
f 2718//3904 2715//3904 2712//3904
f 2703//3905 1327//3905 1328//3905
f 2719//3906 2690//3906 1346//3906
f 1341//3907 2719//3907 1346//3907
f 2717//3908 2718//3908 1341//3908
f 1339//3909 2717//3909 1341//3909
f 2716//3910 2715//3910 1339//3910
f 1327//3911 2716//3911 1339//3911
f 2703//3912 2716//3912 1327//3912
f 2695//3913 1717//3913 1724//3913
f 2697//3914 1724//3914 1721//3914
f 2720//3915 2692//3915 2695//3915
f 1721//3916 2677//3916 2697//3916
f 2721//3917 1348//3917 2692//3917
f 2722//3918 2721//3918 2720//3918
f 2692//3919 2720//3919 2721//3919
f 2674//3920 2723//3920 2677//3920
f 2724//3921 2722//3921 2723//3921
f 2667//3922 2724//3922 2674//3922
f 2723//3923 2674//3923 2724//3923
f 2720//3924 2723//3924 2722//3924
f 2697//3925 2677//3925 2723//3925
f 2695//3926 2697//3926 2720//3926
f 2723//3927 2720//3927 2697//3927
f 2724//3928 2667//3928 1351//3928
f 1352//3929 2724//3929 1351//3929
f 2722//3930 2724//3930 1352//3930
f 1355//3931 2722//3931 1352//3931
f 2721//3932 2722//3932 1355//3932
f 1348//3933 2721//3933 1355//3933
f 2693//3934 2692//3934 1348//3934
f 1347//3935 2693//3935 1348//3935
f 2725//3936 2650//3936 2653//3936
f 1978//3937 2631//3937 1990//3937
f 2631//3938 2653//3938 1990//3938
f 2726//3939 2651//3939 2650//3939
f 2727//3940 2726//3940 2725//3940
f 2650//3941 2725//3941 2726//3941
f 2627//3942 2728//3942 2630//3942
f 2729//3943 2727//3943 2728//3943
f 2619//3944 2729//3944 2627//3944
f 2728//3945 2627//3945 2729//3945
f 2725//3946 2728//3946 2727//3946
f 2631//3947 2630//3947 2728//3947
f 2653//3948 2631//3948 2725//3948
f 2728//3949 2725//3949 2631//3949
f 2729//3950 2619//3950 1608//3950
f 1610//3951 2729//3951 1608//3951
f 2727//3952 2729//3952 1610//3952
f 1621//3953 2727//3953 1610//3953
f 2726//3954 2727//3954 1621//3954
f 1605//3955 2726//3955 1621//3955
f 2651//3956 2726//3956 1605//3956
f 1604//3957 2651//3957 1605//3957
f 2730//3958 2562//3958 1687//3958
f 2562//3959 1641//3959 1687//3959
f 2533//3960 2730//3960 1688//3960
f 2730//3961 1687//3961 1688//3961
f 2731//3962 2559//3962 2562//3962
f 2732//3963 1272//3963 2559//3963
f 2733//3964 1318//3964 2731//3964
f 2559//3965 2731//3965 2732//3965
f 2530//3966 2734//3966 2533//3966
f 2735//3967 1319//3967 2734//3967
f 2523//3968 1320//3968 2530//3968
f 2734//3969 2530//3969 2735//3969
f 2731//3970 2734//3970 2733//3970
f 2730//3971 2533//3971 2734//3971
f 2562//3972 2730//3972 2731//3972
f 2734//3973 2731//3973 2730//3973
f 2735//3974 2530//3974 1320//3974
f 1319//3975 2735//3975 1320//3975
f 2733//3976 2734//3976 1319//3976
f 1318//3977 2733//3977 1319//3977
f 2732//3978 2731//3978 1318//3978
f 1272//3979 2732//3979 1318//3979
f 2560//3980 2559//3980 1272//3980
f 1270//3981 2560//3981 1272//3981
f 1821//3982 1826//3982 2377//3982
f 2377//3983 1826//3983 1825//3983
f 2736//3984 2373//3984 2375//3984
f 1825//3985 2341//3985 2377//3985
f 2737//3986 2366//3986 2373//3986
f 2738//3987 2737//3987 2736//3987
f 2373//3988 2736//3988 2737//3988
f 2338//3989 2739//3989 2341//3989
f 2740//3990 2738//3990 2739//3990
f 2330//3991 2740//3991 2338//3991
f 2739//3992 2338//3992 2740//3992
f 2736//3993 2739//3993 2738//3993
f 2377//3994 2341//3994 2739//3994
f 2375//3995 2377//3995 2736//3995
f 2739//3996 2736//3996 2377//3996
f 2366//3997 2737//3997 1451//3997
f 2330//3998 1459//3998 1456//3998
f 2330//3999 1456//3999 2740//3999
f 2740//4000 1455//4000 2738//4000
f 2740//4001 1456//4001 1455//4001
f 2738//3982 1457//3982 1452//3982
f 2737//4002 1452//4002 1451//4002
f 2737//4003 2738//4003 1452//4003
f 2738//3983 1455//3983 1457//3983
f 2741//4004 1338//4004 1434//4004
f 1428//4005 2741//4005 1434//4005
f 1338//4004 2741//4004 2742//4004
f 2743//4006 1425//4006 2744//4006
f 1425//4007 2745//4007 2744//4007
f 1419//4008 1440//4008 2746//4008
f 1440//4009 2747//4009 2746//4009
f 1425//4007 1419//4007 2745//4007
f 1419//4008 2746//4008 2745//4008
f 1425//4006 2743//4006 1428//4006
f 2741//4005 1428//4005 2743//4005
f 2748//4010 1400//4010 2749//4010
f 2750//4011 1415//4011 2748//4011
f 1400//4010 2748//4010 1415//4010
f 1415//4011 2750//4011 1410//4011
f 2751//4012 1365//4012 2752//4012
f 2753//4013 1374//4013 2754//4013
f 1374//4013 2753//4013 1389//4013
f 1365//4014 1389//4014 2752//4014
f 2752//4014 1389//4014 2753//4014
f 1361//4012 1365//4012 2751//4012
f 1400//4015 1361//4015 2749//4015
f 2749//4015 1361//4015 2751//4015
f 2750//4016 1411//4016 1410//4016
f 1411//4016 2750//4016 2755//4016
f 1411//4017 2747//4017 1356//4017
f 1440//4009 1356//4009 2747//4009
f 2747//4017 1411//4017 2755//4017
f 2756//4018 1479//4018 2757//4018
f 1493//4019 2758//4019 1485//4019
f 2758//4019 1493//4019 2759//4019
f 1485//4020 2757//4020 1479//4020
f 2757//4020 1485//4020 2758//4020
f 1498//4021 2760//4021 1502//4021
f 2760//4021 1498//4021 2761//4021
f 1519//4022 2762//4022 1523//4022
f 2762//4022 1519//4022 2763//4022
f 1523//4023 2761//4023 1498//4023
f 2761//4023 1523//4023 2762//4023
f 1493//4024 2760//4024 2759//4024
f 2760//4024 1493//4024 1502//4024
f 2764//4025 1534//4025 2765//4025
f 2766//4026 1512//4026 1563//4026
f 1563//4027 2767//4027 2766//4027
f 1512//4026 2766//4026 2768//4026
f 2765//4028 1512//4028 2768//4028
f 1559//4029 1543//4029 2769//4029
f 1543//4030 2770//4030 2769//4030
f 1548//4031 1558//4031 2770//4031
f 2771//4032 1558//4032 1456//4032
f 1558//4032 2771//4032 2772//4032
f 2770//4031 1558//4031 2772//4031
f 1543//4030 1548//4030 2770//4030
f 1563//4027 1559//4027 2767//4027
f 1559//4029 2769//4029 2767//4029
f 1512//4028 2765//4028 1534//4028
f 1534//4025 2764//4025 1527//4025
f 1527//4033 2763//4033 1519//4033
f 2763//4033 1527//4033 2764//4033
f 1479//4018 2756//4018 1379//4018
f 1379//4034 2754//4034 1374//4034
f 2754//4034 1379//4034 2756//4034
f 2773//4035 1475//4035 2774//4035
f 1470//4035 1475//4035 2773//4035
f 1461//4036 2773//4036 2775//4036
f 1461//4036 1470//4036 2773//4036
f 2776//4037 1565//4037 2777//4037
f 2778//4038 1585//4038 2779//4038
f 1585//4038 2778//4038 1567//4038
f 1565//4039 2778//4039 2777//4039
f 2778//4039 1565//4039 1567//4039
f 1447//4037 1565//4037 2776//4037
f 1475//4040 1447//4040 2774//4040
f 2774//4040 1447//4040 2776//4040
f 1578//4041 2780//4041 2781//4041
f 2780//4041 1578//4041 1593//4041
f 1307//4042 2782//4042 1588//4042
f 2782//4042 1307//4042 2783//4042
f 1588//4043 2780//4043 1593//4043
f 2780//4043 1588//4043 2782//4043
f 1299//4044 2784//4044 2785//4044
f 2784//4044 1299//4044 1295//4044
f 2786//4045 1316//4045 2787//4045
f 1272//4046 2787//4046 1316//4046
f 1316//4045 2786//4045 1296//4045
f 1296//4047 2784//4047 1295//4047
f 2784//4047 1296//4047 2786//4047
f 1299//4048 2783//4048 1307//4048
f 2783//4048 1299//4048 2785//4048
f 1578//4049 2779//4049 1585//4049
f 2779//4049 1578//4049 2781//4049
f 2788//4050 1280//4050 2789//4050
f 1281//4051 1265//4051 2790//4051
f 1265//4052 2791//4052 2790//4052
f 2789//4053 1281//4053 2792//4053
f 1281//4051 2790//4051 2792//4051
f 1259//4054 1594//4054 2793//4054
f 2793//4055 1617//4055 2794//4055
f 2795//4056 1605//4056 2796//4056
f 2794//4057 1615//4057 2795//4057
f 1605//4056 2795//4056 1615//4056
f 1615//4057 2794//4057 1617//4057
f 1617//4055 2793//4055 1594//4055
f 1265//4052 1259//4052 2791//4052
f 1259//4054 2793//4054 2791//4054
f 2797//4058 1324//4058 2798//4058
f 2799//4059 1348//4059 2800//4059
f 1323//4059 1348//4059 2799//4059
f 1324//4060 1323//4060 2798//4060
f 2798//4060 1323//4060 2799//4060
f 2801//4061 1327//4061 2802//4061
f 1338//4062 2802//4062 1327//4062
f 2802//4062 1338//4062 2742//4062
f 1327//4061 2801//4061 1343//4061
f 1343//4063 2800//4063 1348//4063
f 2800//4063 1343//4063 2801//4063
f 1606//4058 1324//4058 2797//4058
f 2796//4064 1606//4064 2797//4064
f 1606//4064 2796//4064 1605//4064
f 1281//4053 2789//4053 1280//4053
f 1280//4050 2788//4050 1272//4050
f 2787//4046 1272//4046 2788//4046
f 2775//4065 1451//4065 1461//4065
f 2771//4066 1451//4066 2803//4066
f 1451//4065 2775//4065 2803//4065
f 1451//4066 2771//4066 1456//4066
f 2804//2003 2805//2003 2790//2003
f 2792//2003 2790//2003 2805//2003
f 2806//2003 2807//2003 2805//2003
f 2808//2003 2809//2003 2806//2003
f 2807//2003 2806//2003 2809//2003
f 2810//2003 2811//2003 2808//2003
f 2812//2003 2788//2003 2811//2003
f 2813//2003 2812//2003 2810//2003
f 2811//2003 2810//2003 2812//2003
f 2809//2003 2808//2003 2811//2003
f 2809//2003 2811//2003 2789//2003
f 2788//2003 2789//2003 2811//2003
f 2807//2003 2789//2003 2792//2003
f 2807//2003 2792//2003 2805//2003
f 2789//2003 2807//2003 2809//2003
f 2787//2003 2814//2003 2786//2003
f 2815//2003 2816//2003 2813//2003
f 2817//2003 2814//2003 2815//2003
f 2816//2003 2815//2003 2814//2003
f 2818//2003 2819//2003 2817//2003
f 2820//2003 2784//2003 2818//2003
f 2785//2003 2784//2003 2820//2003
f 2821//2003 2820//2003 2818//2003
f 2819//2003 2818//2003 2784//2003
f 2814//2003 2817//2003 2819//2003
f 2819//2003 2786//2003 2814//2003
f 2784//2003 2786//2003 2819//2003
f 2822//2003 2785//2003 2821//2003
f 2821//2003 2785//2003 2820//2003
f 2783//2003 2785//2003 2822//2003
f 2823//2003 2783//2003 2824//2003
f 2812//2003 2813//2003 2816//2003
f 2787//2003 2788//2003 2812//2003
f 2814//2003 2787//2003 2816//2003
f 2816//2003 2787//2003 2812//2003
f 2798//2003 2799//2003 2825//2003
f 2826//2003 2825//2003 2827//2003
f 2828//2003 2827//2003 2829//2003
f 2830//2003 2826//2003 2828//2003
f 2827//2003 2828//2003 2826//2003
f 2831//2003 2829//2003 2832//2003
f 2833//2003 2831//2003 2834//2003
f 2832//2003 2801//2003 2831//2003
f 2834//2003 2831//2003 2801//2003
f 2835//2003 2830//2003 2836//2003
f 2837//2003 2836//2003 2833//2003
f 2838//2003 2835//2003 2837//2003
f 2836//2003 2837//2003 2835//2003
f 2831//2003 2833//2003 2836//2003
f 2828//2003 2836//2003 2830//2003
f 2829//2003 2831//2003 2828//2003
f 2836//2003 2828//2003 2831//2003
f 2801//2003 2802//2003 2834//2003
f 2839//2003 2742//2003 2840//2003
f 2841//2003 2840//2003 2842//2003
f 2843//2003 2842//2003 2741//2003
f 2844//2003 2841//2003 2843//2003
f 2842//2003 2843//2003 2841//2003
f 2842//2003 2840//2003 2742//2003
f 2845//2003 2838//2003 2846//2003
f 2742//2003 2839//2003 2802//2003
f 2847//2003 2846//2003 2848//2003
f 2849//2003 2845//2003 2847//2003
f 2846//2003 2847//2003 2845//2003
f 2850//2003 2848//2003 2851//2003
f 2852//2003 2851//2003 2844//2003
f 2853//2003 2850//2003 2852//2003
f 2851//2003 2852//2003 2850//2003
f 2854//2003 2849//2003 2855//2003
f 2856//2003 2855//2003 2853//2003
f 2857//2003 2854//2003 2856//2003
f 2855//2003 2856//2003 2854//2003
f 2850//2003 2853//2003 2855//2003
f 2847//2003 2855//2003 2849//2003
f 2848//2003 2850//2003 2847//2003
f 2855//2003 2847//2003 2850//2003
f 2841//2003 2844//2003 2851//2003
f 2858//2003 2851//2003 2848//2003
f 2840//2003 2841//2003 2858//2003
f 2851//2003 2858//2003 2841//2003
f 2859//2003 2848//2003 2846//2003
f 2837//2003 2846//2003 2838//2003
f 2833//2003 2859//2003 2837//2003
f 2846//2003 2837//2003 2859//2003
f 2839//2003 2840//2003 2860//2003
f 2834//2003 2860//2003 2833//2003
f 2839//2003 2834//2003 2802//2003
f 2860//2003 2834//2003 2839//2003
f 2859//2003 2833//2003 2860//2003
f 2858//2003 2860//2003 2840//2003
f 2848//2003 2859//2003 2858//2003
f 2860//2003 2858//2003 2859//2003
f 2800//2003 2832//2003 2829//2003
f 2832//2003 2800//2003 2801//2003
f 2829//2003 2827//2003 2800//2003
f 2825//2003 2799//2003 2827//2003
f 2799//2003 2800//2003 2827//2003
f 2861//2003 2857//2003 2862//2003
f 2863//2003 2862//2003 2864//2003
f 2865//2003 2861//2003 2863//2003
f 2862//2003 2863//2003 2861//2003
f 2866//2003 2864//2003 2867//2003
f 2868//2003 2867//2003 2869//2003
f 2870//2003 2866//2003 2868//2003
f 2867//2003 2868//2003 2866//2003
f 2871//2003 2865//2003 2872//2003
f 2873//2003 2872//2003 2870//2003
f 2874//2003 2871//2003 2873//2003
f 2872//2003 2873//2003 2871//2003
f 2866//2003 2870//2003 2872//2003
f 2863//2003 2872//2003 2865//2003
f 2864//2003 2866//2003 2863//2003
f 2872//2003 2863//2003 2866//2003
f 2875//2003 2869//2003 2876//2003
f 2877//2003 2876//2003 2878//2003
f 2879//2003 2875//2003 2877//2003
f 2876//2003 2877//2003 2875//2003
f 2880//2003 2878//2003 2881//2003
f 2882//2003 2880//2003 2883//2003
f 2881//2003 2747//2003 2880//2003
f 2883//2003 2880//2003 2747//2003
f 2884//2003 2879//2003 2885//2003
f 2886//2003 2885//2003 2882//2003
f 2887//2003 2884//2003 2886//2003
f 2885//2003 2886//2003 2884//2003
f 2880//2003 2882//2003 2885//2003
f 2877//2003 2885//2003 2879//2003
f 2878//2003 2880//2003 2877//2003
f 2885//2003 2877//2003 2880//2003
f 2888//2003 2874//2003 2889//2003
f 2890//2003 2889//2003 2891//2003
f 2892//2003 2888//2003 2890//2003
f 2889//2003 2890//2003 2888//2003
f 2893//2003 2891//2003 2894//2003
f 2895//2003 2894//2003 2887//2003
f 2896//2003 2893//2003 2895//2003
f 2894//2003 2895//2003 2893//2003
f 2897//2003 2892//2003 2898//2003
f 2899//2003 2898//2003 2896//2003
f 2900//2003 2897//2003 2899//2003
f 2898//2003 2899//2003 2897//2003
f 2893//2003 2896//2003 2898//2003
f 2890//2003 2898//2003 2892//2003
f 2891//2003 2893//2003 2890//2003
f 2898//2003 2890//2003 2893//2003
f 2884//2003 2887//2003 2894//2003
f 2901//2003 2894//2003 2891//2003
f 2879//2003 2884//2003 2901//2003
f 2894//2003 2901//2003 2884//2003
f 2902//2003 2891//2003 2889//2003
f 2873//2003 2889//2003 2874//2003
f 2870//2003 2902//2003 2873//2003
f 2889//2003 2873//2003 2902//2003
f 2875//2003 2879//2003 2903//2003
f 2868//2003 2903//2003 2870//2003
f 2869//2003 2875//2003 2868//2003
f 2903//2003 2868//2003 2875//2003
f 2902//2003 2870//2003 2903//2003
f 2901//2003 2903//2003 2879//2003
f 2891//2003 2902//2003 2901//2003
f 2903//2003 2901//2003 2902//2003
f 2904//2003 2900//2003 2905//2003
f 2906//2003 2905//2003 2907//2003
f 2908//2003 2904//2003 2906//2003
f 2905//2003 2906//2003 2904//2003
f 2909//2003 2907//2003 2910//2003
f 2911//2003 2910//2003 2912//2003
f 2913//2003 2909//2003 2911//2003
f 2910//2003 2911//2003 2909//2003
f 2914//2003 2908//2003 2915//2003
f 2916//2003 2915//2003 2913//2003
f 2917//2003 2914//2003 2916//2003
f 2915//2003 2916//2003 2914//2003
f 2909//2003 2913//2003 2915//2003
f 2906//2003 2915//2003 2908//2003
f 2907//2003 2909//2003 2906//2003
f 2915//2003 2906//2003 2909//2003
f 2749//2003 2751//2003 2918//2003
f 2912//2003 2751//2003 2919//2003
f 2751//2003 2752//2003 2919//2003
f 2920//2003 2917//2003 2921//2003
f 2922//2003 2921//2003 2754//2003
f 2923//2003 2920//2003 2922//2003
f 2921//2003 2922//2003 2920//2003
f 2754//2003 2756//2003 2922//2003
f 2923//2003 2756//2003 2924//2003
f 2923//2003 2922//2003 2756//2003
f 2925//2003 2754//2003 2921//2003
f 2753//2003 2754//2003 2925//2003
f 2926//2003 2925//2003 2921//2003
f 2916//2003 2921//2003 2917//2003
f 2913//2003 2926//2003 2916//2003
f 2921//2003 2916//2003 2926//2003
f 2911//2003 2927//2003 2913//2003
f 2919//2003 2752//2003 2911//2003
f 2912//2003 2919//2003 2911//2003
f 2927//2003 2911//2003 2752//2003
f 2926//2003 2913//2003 2927//2003
f 2926//2003 2927//2003 2753//2003
f 2752//2003 2753//2003 2927//2003
f 2926//2003 2753//2003 2925//2003
f 2912//2003 2918//2003 2751//2003
f 2928//2003 2912//2003 2910//2003
f 2929//2003 2910//2003 2907//2003
f 2930//2003 2928//2003 2929//2003
f 2910//2003 2929//2003 2928//2003
f 2931//2003 2907//2003 2905//2003
f 2899//2003 2905//2003 2900//2003
f 2896//2003 2931//2003 2899//2003
f 2905//2003 2899//2003 2931//2003
f 2932//2003 2930//2003 2933//2003
f 2895//2003 2933//2003 2896//2003
f 2887//2003 2932//2003 2895//2003
f 2933//2003 2895//2003 2932//2003
f 2931//2003 2896//2003 2933//2003
f 2929//2003 2933//2003 2930//2003
f 2907//2003 2931//2003 2929//2003
f 2933//2003 2929//2003 2931//2003
f 2934//2003 2935//2003 2936//2003
f 2886//2003 2936//2003 2887//2003
f 2882//2003 2934//2003 2886//2003
f 2936//2003 2886//2003 2934//2003
f 2883//2003 2755//2003 2882//2003
f 2747//2003 2755//2003 2883//2003
f 2934//2003 2755//2003 2750//2003
f 2755//2003 2934//2003 2882//2003
f 2934//2003 2750//2003 2935//2003
f 2932//2003 2887//2003 2936//2003
f 2937//2003 2936//2003 2935//2003
f 2930//2003 2932//2003 2937//2003
f 2936//2003 2937//2003 2932//2003
f 2750//2003 2748//2003 2935//2003
f 2935//2003 2748//2003 2937//2003
f 2928//2003 2930//2003 2938//2003
f 2912//2003 2928//2003 2918//2003
f 2939//2003 2749//2003 2938//2003
f 2938//2003 2749//2003 2918//2003
f 2938//2003 2918//2003 2928//2003
f 2749//2003 2939//2003 2748//2003
f 2937//2003 2938//2003 2930//2003
f 2939//2003 2937//2003 2748//2003
f 2938//2003 2937//2003 2939//2003
f 2746//2003 2747//2003 2881//2003
f 2940//2003 2881//2003 2878//2003
f 2745//2003 2746//2003 2941//2003
f 2940//2003 2746//2003 2881//2003
f 2942//2003 2878//2003 2876//2003
f 2943//2003 2876//2003 2869//2003
f 2944//2003 2942//2003 2943//2003
f 2876//2003 2943//2003 2942//2003
f 2941//2003 2944//2003 2745//2003
f 2942//2003 2944//2003 2941//2003
f 2945//2003 2745//2003 2944//2003
f 2940//2003 2941//2003 2746//2003
f 2878//2003 2942//2003 2940//2003
f 2941//2003 2940//2003 2942//2003
f 2946//2003 2869//2003 2867//2003
f 2947//2003 2867//2003 2864//2003
f 2948//2003 2946//2003 2947//2003
f 2867//2003 2947//2003 2946//2003
f 2949//2003 2864//2003 2862//2003
f 2856//2003 2862//2003 2857//2003
f 2853//2003 2949//2003 2856//2003
f 2862//2003 2856//2003 2949//2003
f 2950//2003 2948//2003 2951//2003
f 2852//2003 2951//2003 2853//2003
f 2844//2003 2950//2003 2852//2003
f 2951//2003 2852//2003 2950//2003
f 2949//2003 2853//2003 2951//2003
f 2947//2003 2951//2003 2948//2003
f 2864//2003 2949//2003 2947//2003
f 2951//2003 2947//2003 2949//2003
f 2952//2003 2953//2003 2954//2003
f 2843//2003 2954//2003 2844//2003
f 2954//2003 2843//2003 2952//2003
f 2742//2003 2741//2003 2842//2003
f 2843//2003 2741//2003 2952//2003
f 2741//2003 2743//2003 2952//2003
f 2952//2003 2743//2003 2953//2003
f 2950//2003 2844//2003 2954//2003
f 2955//2003 2954//2003 2953//2003
f 2948//2003 2950//2003 2955//2003
f 2954//2003 2955//2003 2950//2003
f 2945//2003 2953//2003 2744//2003
f 2745//2003 2945//2003 2744//2003
f 2946//2003 2948//2003 2956//2003
f 2743//2003 2744//2003 2953//2003
f 2943//2003 2956//2003 2944//2003
f 2869//2003 2946//2003 2943//2003
f 2956//2003 2943//2003 2946//2003
f 2945//2003 2944//2003 2956//2003
f 2955//2003 2956//2003 2948//2003
f 2953//2003 2945//2003 2955//2003
f 2956//2003 2955//2003 2945//2003
f 2957//2003 2776//2003 2958//2003
f 2958//2003 2776//2003 2959//2003
f 2957//2003 2958//2003 2960//2003
f 2961//2003 2960//2003 2962//2003
f 2963//2003 2957//2003 2961//2003
f 2960//2003 2961//2003 2957//2003
f 2964//2003 2962//2003 2965//2003
f 2966//2003 2965//2003 2967//2003
f 2968//2003 2964//2003 2966//2003
f 2965//2003 2966//2003 2964//2003
f 2963//2003 2969//2003 2773//2003
f 2970//2003 2969//2003 2968//2003
f 2969//2003 2970//2003 2971//2003
f 2964//2003 2968//2003 2969//2003
f 2961//2003 2969//2003 2963//2003
f 2962//2003 2964//2003 2961//2003
f 2969//2003 2961//2003 2964//2003
f 2972//2003 2967//2003 2973//2003
f 2974//2003 2973//2003 2975//2003
f 2976//2003 2972//2003 2974//2003
f 2973//2003 2974//2003 2972//2003
f 2977//2003 2975//2003 2978//2003
f 2979//2003 2978//2003 2980//2003
f 2981//2003 2977//2003 2979//2003
f 2978//2003 2979//2003 2977//2003
f 2982//2003 2976//2003 2983//2003
f 2984//2003 2983//2003 2981//2003
f 2985//2003 2982//2003 2984//2003
f 2983//2003 2984//2003 2982//2003
f 2977//2003 2981//2003 2983//2003
f 2974//2003 2983//2003 2976//2003
f 2975//2003 2977//2003 2974//2003
f 2983//2003 2974//2003 2977//2003
f 2986//2003 2987//2003 2803//2003
f 2988//2003 2987//2003 2989//2003
f 2988//2003 2803//2003 2987//2003
f 2990//2003 2989//2003 2985//2003
f 2988//2003 2990//2003 2771//2003
f 2989//2003 2990//2003 2988//2003
f 2772//2003 2771//2003 2990//2003
f 2803//2003 2988//2003 2771//2003
f 2982//2003 2985//2003 2989//2003
f 2991//2003 2989//2003 2987//2003
f 2976//2003 2982//2003 2991//2003
f 2989//2003 2991//2003 2982//2003
f 2992//2003 2987//2003 2986//2003
f 2968//2003 2992//2003 2970//2003
f 2970//2003 2775//2003 2971//2003
f 2803//2003 2775//2003 2986//2003
f 2986//2003 2775//2003 2970//2003
f 2986//2003 2970//2003 2992//2003
f 2972//2003 2976//2003 2993//2003
f 2966//2003 2993//2003 2968//2003
f 2967//2003 2972//2003 2966//2003
f 2993//2003 2966//2003 2972//2003
f 2992//2003 2968//2003 2993//2003
f 2991//2003 2993//2003 2976//2003
f 2987//2003 2992//2003 2991//2003
f 2993//2003 2991//2003 2992//2003
f 2775//2003 2773//2003 2971//2003
f 2971//2003 2773//2003 2969//2003
f 2957//2003 2963//2003 2774//2003
f 2776//2003 2957//2003 2774//2003
f 2773//2003 2774//2003 2963//2003
f 2994//2003 2980//2003 2995//2003
f 2996//2003 2995//2003 2997//2003
f 2998//2003 2994//2003 2996//2003
f 2995//2003 2996//2003 2994//2003
f 2999//2003 2997//2003 3000//2003
f 3001//2003 3000//2003 3002//2003
f 3003//2003 2999//2003 3001//2003
f 3000//2003 3001//2003 2999//2003
f 3004//2003 2998//2003 3005//2003
f 3006//2003 3005//2003 3003//2003
f 3007//2003 3004//2003 3006//2003
f 3005//2003 3006//2003 3004//2003
f 2999//2003 3003//2003 3005//2003
f 2996//2003 3005//2003 2998//2003
f 2997//2003 2999//2003 2996//2003
f 3005//2003 2996//2003 2999//2003
f 3008//2003 3002//2003 3009//2003
f 3010//2003 3009//2003 3011//2003
f 3012//2003 3008//2003 3010//2003
f 3009//2003 3010//2003 3008//2003
f 3013//2003 3011//2003 3014//2003
f 3015//2003 3014//2003 3016//2003
f 3017//2003 3013//2003 3015//2003
f 3014//2003 3015//2003 3013//2003
f 3018//2003 3012//2003 3019//2003
f 3020//2003 3019//2003 3017//2003
f 3021//2003 3018//2003 3020//2003
f 3019//2003 3020//2003 3018//2003
f 3013//2003 3017//2003 3019//2003
f 3010//2003 3019//2003 3012//2003
f 3011//2003 3013//2003 3010//2003
f 3019//2003 3010//2003 3013//2003
f 3022//2003 3007//2003 3023//2003
f 3024//2003 3023//2003 3025//2003
f 3026//2003 3022//2003 3024//2003
f 3023//2003 3024//2003 3022//2003
f 3027//2003 3025//2003 3028//2003
f 3029//2003 3028//2003 3021//2003
f 3030//2003 3027//2003 3029//2003
f 3028//2003 3029//2003 3027//2003
f 3031//2003 3026//2003 3032//2003
f 3033//2003 3032//2003 3030//2003
f 3032//2003 3033//2003 3031//2003
f 3027//2003 3030//2003 3032//2003
f 3024//2003 3032//2003 3026//2003
f 3025//2003 3027//2003 3024//2003
f 3032//2003 3024//2003 3027//2003
f 3018//2003 3021//2003 3028//2003
f 3034//2003 3028//2003 3025//2003
f 3012//2003 3018//2003 3034//2003
f 3028//2003 3034//2003 3018//2003
f 3035//2003 3025//2003 3023//2003
f 3006//2003 3023//2003 3007//2003
f 3003//2003 3035//2003 3006//2003
f 3023//2003 3006//2003 3035//2003
f 3008//2003 3012//2003 3036//2003
f 3001//2003 3036//2003 3003//2003
f 3002//2003 3008//2003 3001//2003
f 3036//2003 3001//2003 3008//2003
f 3035//2003 3003//2003 3036//2003
f 3034//2003 3036//2003 3012//2003
f 3025//2003 3035//2003 3034//2003
f 3036//2003 3034//2003 3035//2003
f 3037//2003 3016//2003 3038//2003
f 3039//2003 3038//2003 3040//2003
f 3041//2003 3037//2003 3039//2003
f 3038//2003 3039//2003 3037//2003
f 3042//2003 3040//2003 3043//2003
f 3044//2003 3043//2003 3045//2003
f 3046//2003 3042//2003 3044//2003
f 3043//2003 3044//2003 3042//2003
f 3047//2003 3041//2003 3048//2003
f 3049//2003 3048//2003 3046//2003
f 3050//2003 3047//2003 3049//2003
f 3048//2003 3049//2003 3047//2003
f 3042//2003 3046//2003 3048//2003
f 3039//2003 3048//2003 3041//2003
f 3040//2003 3042//2003 3039//2003
f 3048//2003 3039//2003 3042//2003
f 3051//2003 3045//2003 3052//2003
f 3053//2003 3052//2003 3054//2003
f 3055//2003 3051//2003 3053//2003
f 3052//2003 3053//2003 3051//2003
f 2758//2003 3055//2003 3053//2003
f 3055//2003 2758//2003 2759//2003
f 3054//2003 2758//2003 3053//2003
f 2757//2003 2758//2003 3054//2003
f 3056//2003 2760//2003 2761//2003
f 3056//2003 2761//2003 3050//2003
f 2760//2003 3056//2003 3057//2003
f 3055//2003 2759//2003 3058//2003
f 3049//2003 3056//2003 3050//2003
f 3046//2003 3057//2003 3049//2003
f 3056//2003 3049//2003 3057//2003
f 3051//2003 3055//2003 3058//2003
f 3044//2003 3058//2003 3046//2003
f 3045//2003 3051//2003 3044//2003
f 3058//2003 3044//2003 3051//2003
f 3057//2003 3046//2003 3058//2003
f 3057//2003 3058//2003 2760//2003
f 2759//2003 2760//2003 3058//2003
f 3059//2003 3050//2003 2762//2003
f 2761//2003 2762//2003 3050//2003
f 3030//2003 2768//2003 3033//2003
f 2768//2003 3030//2003 2765//2003
f 3060//2003 3061//2003 3062//2003
f 3029//2003 3062//2003 3030//2003
f 3021//2003 3060//2003 3029//2003
f 3062//2003 3029//2003 3060//2003
f 2765//2003 3061//2003 2764//2003
f 3047//2003 3050//2003 3063//2003
f 3062//2003 2765//2003 3030//2003
f 3061//2003 2765//2003 3062//2003
f 3064//2003 3063//2003 3065//2003
f 3041//2003 3047//2003 3064//2003
f 3063//2003 3064//2003 3047//2003
f 3066//2003 3065//2003 3067//2003
f 3020//2003 3067//2003 3021//2003
f 3017//2003 3066//2003 3020//2003
f 3067//2003 3020//2003 3066//2003
f 3037//2003 3041//2003 3068//2003
f 3015//2003 3068//2003 3017//2003
f 3016//2003 3037//2003 3015//2003
f 3068//2003 3015//2003 3037//2003
f 3066//2003 3017//2003 3068//2003
f 3064//2003 3068//2003 3041//2003
f 3065//2003 3066//2003 3064//2003
f 3068//2003 3064//2003 3066//2003
f 3060//2003 3021//2003 3067//2003
f 3069//2003 3067//2003 3065//2003
f 3061//2003 3060//2003 3069//2003
f 3067//2003 3069//2003 3060//2003
f 3070//2003 3065//2003 3063//2003
f 3059//2003 3063//2003 3050//2003
f 2763//2003 3059//2003 2762//2003
f 3063//2003 3059//2003 3070//2003
f 2763//2003 2764//2003 3071//2003
f 3071//2003 2764//2003 3061//2003
f 3069//2003 3071//2003 3061//2003
f 3070//2003 2763//2003 3071//2003
f 3059//2003 2763//2003 3070//2003
f 3065//2003 3070//2003 3069//2003
f 3071//2003 3069//2003 3070//2003
f 2768//2003 3031//2003 3033//2003
f 3072//2003 3026//2003 2766//2003
f 3031//2003 2768//2003 2766//2003
f 3031//2003 2766//2003 3026//2003
f 2769//2003 3073//2003 2767//2003
f 3022//2003 3026//2003 3074//2003
f 3075//2003 3074//2003 3076//2003
f 3007//2003 3022//2003 3075//2003
f 3074//2003 3075//2003 3022//2003
f 3073//2003 3076//2003 3074//2003
f 3072//2003 3074//2003 3026//2003
f 3073//2003 3074//2003 2767//2003
f 2766//2003 2767//2003 3072//2003
f 3072//2003 2767//2003 3074//2003
f 2769//2003 2770//2003 3077//2003
f 3078//2003 3079//2003 3080//2003
f 2985//2003 3078//2003 2990//2003
f 3080//2003 2990//2003 3078//2003
f 3080//2003 2770//2003 2772//2003
f 3080//2003 2772//2003 2990//2003
f 2770//2003 3080//2003 3079//2003
f 3004//2003 3007//2003 3081//2003
f 3082//2003 3081//2003 3083//2003
f 2998//2003 3004//2003 3082//2003
f 3081//2003 3082//2003 3004//2003
f 3084//2003 3083//2003 3085//2003
f 2984//2003 3085//2003 2985//2003
f 2981//2003 3084//2003 2984//2003
f 3085//2003 2984//2003 3084//2003
f 2994//2003 2998//2003 3086//2003
f 2979//2003 3086//2003 2981//2003
f 2980//2003 2994//2003 2979//2003
f 3086//2003 2979//2003 2994//2003
f 3084//2003 2981//2003 3086//2003
f 3082//2003 3086//2003 2998//2003
f 3083//2003 3084//2003 3082//2003
f 3086//2003 3082//2003 3084//2003
f 3078//2003 2985//2003 3085//2003
f 3087//2003 3085//2003 3083//2003
f 3079//2003 3078//2003 3087//2003
f 3085//2003 3087//2003 3078//2003
f 3088//2003 3083//2003 3081//2003
f 3075//2003 3081//2003 3007//2003
f 3076//2003 3088//2003 3075//2003
f 3081//2003 3075//2003 3088//2003
f 3079//2003 3077//2003 2770//2003
f 3077//2003 3076//2003 2769//2003
f 3088//2003 3076//2003 3077//2003
f 3073//2003 2769//2003 3076//2003
f 3087//2003 3077//2003 3079//2003
f 3083//2003 3088//2003 3087//2003
f 3077//2003 3087//2003 3088//2003
f 2924//2003 2757//2003 3054//2003
f 2756//2003 2757//2003 2924//2003
f 3089//2003 3054//2003 3052//2003
f 3090//2003 3052//2003 3045//2003
f 3091//2003 3089//2003 3090//2003
f 3052//2003 3090//2003 3089//2003
f 2920//2003 2923//2003 3092//2003
f 3093//2003 3092//2003 3091//2003
f 2917//2003 2920//2003 3093//2003
f 3092//2003 3093//2003 2920//2003
f 3089//2003 3091//2003 3092//2003
f 2924//2003 3092//2003 2923//2003
f 3054//2003 3089//2003 2924//2003
f 3092//2003 2924//2003 3089//2003
f 3094//2003 3045//2003 3043//2003
f 3095//2003 3043//2003 3040//2003
f 3096//2003 3094//2003 3095//2003
f 3043//2003 3095//2003 3094//2003
f 3097//2003 3040//2003 3038//2003
f 3098//2003 3038//2003 3016//2003
f 3099//2003 3097//2003 3098//2003
f 3038//2003 3098//2003 3097//2003
f 3100//2003 3096//2003 3101//2003
f 3102//2003 3101//2003 3099//2003
f 3103//2003 3100//2003 3102//2003
f 3101//2003 3102//2003 3100//2003
f 3097//2003 3099//2003 3101//2003
f 3095//2003 3101//2003 3096//2003
f 3040//2003 3097//2003 3095//2003
f 3101//2003 3095//2003 3097//2003
f 2914//2003 2917//2003 3104//2003
f 3105//2003 3104//2003 3106//2003
f 2908//2003 2914//2003 3105//2003
f 3104//2003 3105//2003 2914//2003
f 3107//2003 3106//2003 3108//2003
f 3109//2003 3108//2003 3103//2003
f 3110//2003 3107//2003 3109//2003
f 3108//2003 3109//2003 3107//2003
f 2904//2003 2908//2003 3111//2003
f 3112//2003 3111//2003 3110//2003
f 2900//2003 2904//2003 3112//2003
f 3111//2003 3112//2003 2904//2003
f 3107//2003 3110//2003 3111//2003
f 3105//2003 3111//2003 2908//2003
f 3106//2003 3107//2003 3105//2003
f 3111//2003 3105//2003 3107//2003
f 3100//2003 3103//2003 3108//2003
f 3113//2003 3108//2003 3106//2003
f 3096//2003 3100//2003 3113//2003
f 3108//2003 3113//2003 3100//2003
f 3114//2003 3106//2003 3104//2003
f 3093//2003 3104//2003 2917//2003
f 3091//2003 3114//2003 3093//2003
f 3104//2003 3093//2003 3114//2003
f 3094//2003 3096//2003 3115//2003
f 3090//2003 3115//2003 3091//2003
f 3045//2003 3094//2003 3090//2003
f 3115//2003 3090//2003 3094//2003
f 3114//2003 3091//2003 3115//2003
f 3113//2003 3115//2003 3096//2003
f 3106//2003 3114//2003 3113//2003
f 3115//2003 3113//2003 3114//2003
f 3116//2003 3016//2003 3014//2003
f 3117//2003 3014//2003 3011//2003
f 3118//2003 3116//2003 3117//2003
f 3014//2003 3117//2003 3116//2003
f 3119//2003 3011//2003 3009//2003
f 3120//2003 3009//2003 3002//2003
f 3121//2003 3119//2003 3120//2003
f 3009//2003 3120//2003 3119//2003
f 3122//2003 3118//2003 3123//2003
f 3124//2003 3123//2003 3121//2003
f 3125//2003 3122//2003 3124//2003
f 3123//2003 3124//2003 3122//2003
f 3119//2003 3121//2003 3123//2003
f 3117//2003 3123//2003 3118//2003
f 3011//2003 3119//2003 3117//2003
f 3123//2003 3117//2003 3119//2003
f 3126//2003 3002//2003 3000//2003
f 3127//2003 3000//2003 2997//2003
f 3128//2003 3126//2003 3127//2003
f 3000//2003 3127//2003 3126//2003
f 3129//2003 2997//2003 2995//2003
f 3130//2003 2995//2003 2980//2003
f 3131//2003 3129//2003 3130//2003
f 2995//2003 3130//2003 3129//2003
f 3132//2003 3128//2003 3133//2003
f 3134//2003 3133//2003 3131//2003
f 3135//2003 3132//2003 3134//2003
f 3133//2003 3134//2003 3132//2003
f 3129//2003 3131//2003 3133//2003
f 3127//2003 3133//2003 3128//2003
f 2997//2003 3129//2003 3127//2003
f 3133//2003 3127//2003 3129//2003
f 3136//2003 3125//2003 3137//2003
f 3138//2003 3137//2003 3139//2003
f 3140//2003 3136//2003 3138//2003
f 3137//2003 3138//2003 3136//2003
f 3141//2003 3139//2003 3142//2003
f 3143//2003 3142//2003 3135//2003
f 3144//2003 3141//2003 3143//2003
f 3142//2003 3143//2003 3141//2003
f 3145//2003 3140//2003 3146//2003
f 3147//2003 3146//2003 3144//2003
f 3148//2003 3145//2003 3147//2003
f 3146//2003 3147//2003 3145//2003
f 3141//2003 3144//2003 3146//2003
f 3138//2003 3146//2003 3140//2003
f 3139//2003 3141//2003 3138//2003
f 3146//2003 3138//2003 3141//2003
f 3132//2003 3135//2003 3142//2003
f 3149//2003 3142//2003 3139//2003
f 3128//2003 3132//2003 3149//2003
f 3142//2003 3149//2003 3132//2003
f 3150//2003 3139//2003 3137//2003
f 3124//2003 3137//2003 3125//2003
f 3121//2003 3150//2003 3124//2003
f 3137//2003 3124//2003 3150//2003
f 3126//2003 3128//2003 3151//2003
f 3120//2003 3151//2003 3121//2003
f 3002//2003 3126//2003 3120//2003
f 3151//2003 3120//2003 3126//2003
f 3150//2003 3121//2003 3151//2003
f 3149//2003 3151//2003 3128//2003
f 3139//2003 3150//2003 3149//2003
f 3151//2003 3149//2003 3150//2003
f 2897//2003 2900//2003 3152//2003
f 3153//2003 3152//2003 3154//2003
f 2892//2003 2897//2003 3153//2003
f 3152//2003 3153//2003 2897//2003
f 3155//2003 3154//2003 3156//2003
f 3157//2003 3156//2003 3158//2003
f 3159//2003 3155//2003 3157//2003
f 3156//2003 3157//2003 3155//2003
f 2888//2003 2892//2003 3160//2003
f 3161//2003 3160//2003 3159//2003
f 2874//2003 2888//2003 3161//2003
f 3160//2003 3161//2003 2888//2003
f 3155//2003 3159//2003 3160//2003
f 3153//2003 3160//2003 2892//2003
f 3154//2003 3155//2003 3153//2003
f 3160//2003 3153//2003 3155//2003
f 3162//2003 3158//2003 3163//2003
f 3164//2003 3163//2003 3165//2003
f 3166//2003 3162//2003 3164//2003
f 3163//2003 3164//2003 3162//2003
f 3167//2003 3165//2003 3168//2003
f 3169//2003 3168//2003 3148//2003
f 3170//2003 3167//2003 3169//2003
f 3168//2003 3169//2003 3167//2003
f 3171//2003 3166//2003 3172//2003
f 3173//2003 3172//2003 3170//2003
f 3174//2003 3171//2003 3173//2003
f 3172//2003 3173//2003 3171//2003
f 3167//2003 3170//2003 3172//2003
f 3164//2003 3172//2003 3166//2003
f 3165//2003 3167//2003 3164//2003
f 3172//2003 3164//2003 3167//2003
f 2871//2003 2874//2003 3175//2003
f 3176//2003 3175//2003 3177//2003
f 2865//2003 2871//2003 3176//2003
f 3175//2003 3176//2003 2871//2003
f 3178//2003 3177//2003 3179//2003
f 3180//2003 3179//2003 3174//2003
f 3181//2003 3178//2003 3180//2003
f 3179//2003 3180//2003 3178//2003
f 2861//2003 2865//2003 3182//2003
f 3183//2003 3182//2003 3181//2003
f 2857//2003 2861//2003 3183//2003
f 3182//2003 3183//2003 2861//2003
f 3178//2003 3181//2003 3182//2003
f 3176//2003 3182//2003 2865//2003
f 3177//2003 3178//2003 3176//2003
f 3182//2003 3176//2003 3178//2003
f 3171//2003 3174//2003 3179//2003
f 3184//2003 3179//2003 3177//2003
f 3166//2003 3171//2003 3184//2003
f 3179//2003 3184//2003 3171//2003
f 3185//2003 3177//2003 3175//2003
f 3161//2003 3175//2003 2874//2003
f 3159//2003 3185//2003 3161//2003
f 3175//2003 3161//2003 3185//2003
f 3162//2003 3166//2003 3186//2003
f 3157//2003 3186//2003 3159//2003
f 3158//2003 3162//2003 3157//2003
f 3186//2003 3157//2003 3162//2003
f 3185//2003 3159//2003 3186//2003
f 3184//2003 3186//2003 3166//2003
f 3177//2003 3185//2003 3184//2003
f 3186//2003 3184//2003 3185//2003
f 3145//2003 3148//2003 3168//2003
f 3187//2003 3168//2003 3165//2003
f 3140//2003 3145//2003 3187//2003
f 3168//2003 3187//2003 3145//2003
f 3188//2003 3165//2003 3163//2003
f 3189//2003 3163//2003 3158//2003
f 3190//2003 3188//2003 3189//2003
f 3163//2003 3189//2003 3188//2003
f 3136//2003 3140//2003 3191//2003
f 3192//2003 3191//2003 3190//2003
f 3125//2003 3136//2003 3192//2003
f 3191//2003 3192//2003 3136//2003
f 3188//2003 3190//2003 3191//2003
f 3187//2003 3191//2003 3140//2003
f 3165//2003 3188//2003 3187//2003
f 3191//2003 3187//2003 3188//2003
f 3193//2003 3158//2003 3156//2003
f 3194//2003 3156//2003 3154//2003
f 3195//2003 3193//2003 3194//2003
f 3156//2003 3194//2003 3193//2003
f 3196//2003 3154//2003 3152//2003
f 3112//2003 3152//2003 2900//2003
f 3110//2003 3196//2003 3112//2003
f 3152//2003 3112//2003 3196//2003
f 3197//2003 3195//2003 3198//2003
f 3109//2003 3198//2003 3110//2003
f 3103//2003 3197//2003 3109//2003
f 3198//2003 3109//2003 3197//2003
f 3196//2003 3110//2003 3198//2003
f 3194//2003 3198//2003 3195//2003
f 3154//2003 3196//2003 3194//2003
f 3198//2003 3194//2003 3196//2003
f 3122//2003 3125//2003 3199//2003
f 3200//2003 3199//2003 3201//2003
f 3118//2003 3122//2003 3200//2003
f 3199//2003 3200//2003 3122//2003
f 3202//2003 3201//2003 3203//2003
f 3102//2003 3203//2003 3103//2003
f 3099//2003 3202//2003 3102//2003
f 3203//2003 3102//2003 3202//2003
f 3116//2003 3118//2003 3204//2003
f 3098//2003 3204//2003 3099//2003
f 3016//2003 3116//2003 3098//2003
f 3204//2003 3098//2003 3116//2003
f 3202//2003 3099//2003 3204//2003
f 3200//2003 3204//2003 3118//2003
f 3201//2003 3202//2003 3200//2003
f 3204//2003 3200//2003 3202//2003
f 3197//2003 3103//2003 3203//2003
f 3205//2003 3203//2003 3201//2003
f 3195//2003 3197//2003 3205//2003
f 3203//2003 3205//2003 3197//2003
f 3206//2003 3201//2003 3199//2003
f 3192//2003 3199//2003 3125//2003
f 3190//2003 3206//2003 3192//2003
f 3199//2003 3192//2003 3206//2003
f 3193//2003 3195//2003 3207//2003
f 3189//2003 3207//2003 3190//2003
f 3158//2003 3193//2003 3189//2003
f 3207//2003 3189//2003 3193//2003
f 3206//2003 3190//2003 3207//2003
f 3205//2003 3207//2003 3195//2003
f 3201//2003 3206//2003 3205//2003
f 3207//2003 3205//2003 3206//2003
f 3208//2003 2980//2003 2978//2003
f 3209//2003 2978//2003 2975//2003
f 3210//2003 3208//2003 3209//2003
f 2978//2003 3209//2003 3208//2003
f 3211//2003 2975//2003 2973//2003
f 3212//2003 2973//2003 2967//2003
f 3213//2003 3211//2003 3212//2003
f 2973//2003 3212//2003 3211//2003
f 3214//2003 3210//2003 3215//2003
f 3216//2003 3215//2003 3213//2003
f 3217//2003 3214//2003 3216//2003
f 3215//2003 3216//2003 3214//2003
f 3211//2003 3213//2003 3215//2003
f 3209//2003 3215//2003 3210//2003
f 2975//2003 3211//2003 3209//2003
f 3215//2003 3209//2003 3211//2003
f 3218//2003 2967//2003 2965//2003
f 3219//2003 2965//2003 2962//2003
f 3220//2003 3218//2003 3219//2003
f 2965//2003 3219//2003 3218//2003
f 3221//2003 2962//2003 2960//2003
f 3222//2003 2960//2003 2958//2003
f 3223//2003 3221//2003 3222//2003
f 2960//2003 3222//2003 3221//2003
f 3224//2003 3220//2003 3225//2003
f 3226//2003 3225//2003 3223//2003
f 3227//2003 3224//2003 3226//2003
f 3225//2003 3226//2003 3224//2003
f 3221//2003 3223//2003 3225//2003
f 3219//2003 3225//2003 3220//2003
f 2962//2003 3221//2003 3219//2003
f 3225//2003 3219//2003 3221//2003
f 3228//2003 3217//2003 3229//2003
f 3230//2003 3229//2003 3231//2003
f 3232//2003 3228//2003 3230//2003
f 3229//2003 3230//2003 3228//2003
f 3233//2003 3231//2003 3234//2003
f 3235//2003 3234//2003 3227//2003
f 3236//2003 3233//2003 3235//2003
f 3234//2003 3235//2003 3233//2003
f 3237//2003 3232//2003 3238//2003
f 3239//2003 3238//2003 3236//2003
f 3240//2003 3237//2003 3239//2003
f 3238//2003 3239//2003 3237//2003
f 3233//2003 3236//2003 3238//2003
f 3230//2003 3238//2003 3232//2003
f 3231//2003 3233//2003 3230//2003
f 3238//2003 3230//2003 3233//2003
f 3224//2003 3227//2003 3234//2003
f 3241//2003 3234//2003 3231//2003
f 3220//2003 3224//2003 3241//2003
f 3234//2003 3241//2003 3224//2003
f 3242//2003 3231//2003 3229//2003
f 3216//2003 3229//2003 3217//2003
f 3213//2003 3242//2003 3216//2003
f 3229//2003 3216//2003 3242//2003
f 3218//2003 3220//2003 3243//2003
f 3212//2003 3243//2003 3213//2003
f 2967//2003 3218//2003 3212//2003
f 3243//2003 3212//2003 3218//2003
f 3242//2003 3213//2003 3243//2003
f 3241//2003 3243//2003 3220//2003
f 3231//2003 3242//2003 3241//2003
f 3243//2003 3241//2003 3242//2003
f 2776//2003 2777//2003 2959//2003
f 2959//2003 2777//2003 3244//2003
f 3245//2003 3244//2003 2778//2003
f 3246//2003 2778//2003 2779//2003
f 2777//2003 2778//2003 3244//2003
f 3246//2003 2779//2003 3247//2003
f 2779//2003 2781//2003 3247//2003
f 2778//2003 3246//2003 3245//2003
f 3248//2003 3240//2003 3249//2003
f 3250//2003 3249//2003 3251//2003
f 3252//2003 3248//2003 3250//2003
f 3249//2003 3250//2003 3248//2003
f 3253//2003 3251//2003 3254//2003
f 3255//2003 3254//2003 3256//2003
f 3257//2003 3253//2003 3255//2003
f 3254//2003 3255//2003 3253//2003
f 3258//2003 3252//2003 3259//2003
f 3260//2003 3259//2003 3257//2003
f 3261//2003 3258//2003 3260//2003
f 3259//2003 3260//2003 3258//2003
f 3253//2003 3257//2003 3259//2003
f 3250//2003 3259//2003 3252//2003
f 3251//2003 3253//2003 3250//2003
f 3259//2003 3250//2003 3253//2003
f 3262//2003 3256//2003 3263//2003
f 3264//2003 3263//2003 3265//2003
f 3266//2003 3262//2003 3264//2003
f 3263//2003 3264//2003 3262//2003
f 2782//2003 3265//2003 2780//2003
f 3267//2003 3266//2003 2824//2003
f 3265//2003 2782//2003 2823//2003
f 2822//2003 2824//2003 2783//2003
f 2821//2003 3267//2003 2822//2003
f 2824//2003 2822//2003 3267//2003
f 2783//2003 2823//2003 2782//2003
f 3264//2003 2824//2003 3266//2003
f 3265//2003 2823//2003 3264//2003
f 2824//2003 3264//2003 2823//2003
f 3268//2003 3261//2003 3269//2003
f 3270//2003 3269//2003 3271//2003
f 3272//2003 3268//2003 3270//2003
f 3269//2003 3270//2003 3268//2003
f 3273//2003 3271//2003 3274//2003
f 2818//2003 3274//2003 2821//2003
f 2817//2003 3273//2003 2818//2003
f 3274//2003 2818//2003 3273//2003
f 3275//2003 3272//2003 3276//2003
f 2815//2003 3276//2003 2817//2003
f 2813//2003 3275//2003 2815//2003
f 3276//2003 2815//2003 3275//2003
f 3273//2003 2817//2003 3276//2003
f 3270//2003 3276//2003 3272//2003
f 3271//2003 3273//2003 3270//2003
f 3276//2003 3270//2003 3273//2003
f 3267//2003 2821//2003 3274//2003
f 3277//2003 3274//2003 3271//2003
f 3266//2003 3267//2003 3277//2003
f 3274//2003 3277//2003 3267//2003
f 3278//2003 3271//2003 3269//2003
f 3260//2003 3269//2003 3261//2003
f 3257//2003 3278//2003 3260//2003
f 3269//2003 3260//2003 3278//2003
f 3262//2003 3266//2003 3279//2003
f 3255//2003 3279//2003 3257//2003
f 3256//2003 3262//2003 3255//2003
f 3279//2003 3255//2003 3262//2003
f 3278//2003 3257//2003 3279//2003
f 3277//2003 3279//2003 3266//2003
f 3271//2003 3278//2003 3277//2003
f 3279//2003 3277//2003 3278//2003
f 2780//2003 3265//2003 3280//2003
f 2781//2003 3280//2003 3281//2003
f 3282//2003 3265//2003 3263//2003
f 3283//2003 3263//2003 3256//2003
f 3284//2003 3282//2003 3283//2003
f 3263//2003 3283//2003 3282//2003
f 3285//2003 3281//2003 3284//2003
f 3247//2003 2781//2003 3281//2003
f 3246//2003 3247//2003 3285//2003
f 3281//2003 3285//2003 3247//2003
f 3282//2003 3284//2003 3281//2003
f 3280//2003 2781//2003 2780//2003
f 3265//2003 3282//2003 3280//2003
f 3281//2003 3280//2003 3282//2003
f 3286//2003 3256//2003 3254//2003
f 3287//2003 3254//2003 3251//2003
f 3288//2003 3286//2003 3287//2003
f 3254//2003 3287//2003 3286//2003
f 3289//2003 3251//2003 3249//2003
f 3239//2003 3249//2003 3240//2003
f 3236//2003 3289//2003 3239//2003
f 3249//2003 3239//2003 3289//2003
f 3290//2003 3288//2003 3291//2003
f 3235//2003 3291//2003 3236//2003
f 3227//2003 3290//2003 3235//2003
f 3291//2003 3235//2003 3290//2003
f 3289//2003 3236//2003 3291//2003
f 3287//2003 3291//2003 3288//2003
f 3251//2003 3289//2003 3287//2003
f 3291//2003 3287//2003 3289//2003
f 3245//2003 3246//2003 3292//2003
f 3293//2003 3292//2003 3294//2003
f 3244//2003 3245//2003 3293//2003
f 3292//2003 3293//2003 3245//2003
f 3295//2003 3294//2003 3296//2003
f 3226//2003 3296//2003 3227//2003
f 3223//2003 3295//2003 3226//2003
f 3296//2003 3226//2003 3295//2003
f 2959//2003 3244//2003 3297//2003
f 3222//2003 3297//2003 3223//2003
f 2958//2003 2959//2003 3222//2003
f 3297//2003 3222//2003 2959//2003
f 3295//2003 3223//2003 3297//2003
f 3293//2003 3297//2003 3244//2003
f 3294//2003 3295//2003 3293//2003
f 3297//2003 3293//2003 3295//2003
f 3290//2003 3227//2003 3296//2003
f 3298//2003 3296//2003 3294//2003
f 3288//2003 3290//2003 3298//2003
f 3296//2003 3298//2003 3290//2003
f 3299//2003 3294//2003 3292//2003
f 3285//2003 3292//2003 3246//2003
f 3284//2003 3299//2003 3285//2003
f 3292//2003 3285//2003 3299//2003
f 3286//2003 3288//2003 3300//2003
f 3283//2003 3300//2003 3284//2003
f 3256//2003 3286//2003 3283//2003
f 3300//2003 3283//2003 3286//2003
f 3299//2003 3284//2003 3300//2003
f 3298//2003 3300//2003 3288//2003
f 3294//2003 3299//2003 3298//2003
f 3300//2003 3298//2003 3299//2003
f 2854//2003 2857//2003 3301//2003
f 3302//2003 3301//2003 3303//2003
f 2849//2003 2854//2003 3302//2003
f 3301//2003 3302//2003 2854//2003
f 3304//2003 3303//2003 3305//2003
f 3306//2003 3305//2003 3307//2003
f 3308//2003 3304//2003 3306//2003
f 3305//2003 3306//2003 3304//2003
f 2845//2003 2849//2003 3309//2003
f 3310//2003 3309//2003 3308//2003
f 2838//2003 2845//2003 3310//2003
f 3309//2003 3310//2003 2845//2003
f 3304//2003 3308//2003 3309//2003
f 3302//2003 3309//2003 2849//2003
f 3303//2003 3304//2003 3302//2003
f 3309//2003 3302//2003 3304//2003
f 3311//2003 3307//2003 3312//2003
f 3313//2003 3312//2003 3314//2003
f 3315//2003 3311//2003 3313//2003
f 3312//2003 3313//2003 3311//2003
f 3316//2003 3314//2003 3317//2003
f 3318//2003 3317//2003 3319//2003
f 3320//2003 3316//2003 3318//2003
f 3317//2003 3318//2003 3316//2003
f 3321//2003 3315//2003 3322//2003
f 3323//2003 3322//2003 3320//2003
f 3324//2003 3321//2003 3323//2003
f 3322//2003 3323//2003 3321//2003
f 3316//2003 3320//2003 3322//2003
f 3313//2003 3322//2003 3315//2003
f 3314//2003 3316//2003 3313//2003
f 3322//2003 3313//2003 3316//2003
f 2835//2003 2838//2003 3325//2003
f 3326//2003 3325//2003 3327//2003
f 2830//2003 2835//2003 3326//2003
f 3325//2003 3326//2003 2835//2003
f 3328//2003 3327//2003 3329//2003
f 3330//2003 3329//2003 3324//2003
f 3331//2003 3328//2003 3330//2003
f 3329//2003 3330//2003 3328//2003
f 2826//2003 2830//2003 3332//2003
f 3333//2003 3332//2003 3331//2003
f 2825//2003 2826//2003 3333//2003
f 3332//2003 3333//2003 2826//2003
f 3328//2003 3331//2003 3332//2003
f 3326//2003 3332//2003 2830//2003
f 3327//2003 3328//2003 3326//2003
f 3332//2003 3326//2003 3328//2003
f 3321//2003 3324//2003 3329//2003
f 3334//2003 3329//2003 3327//2003
f 3315//2003 3321//2003 3334//2003
f 3329//2003 3334//2003 3321//2003
f 3335//2003 3327//2003 3325//2003
f 3310//2003 3325//2003 2838//2003
f 3308//2003 3335//2003 3310//2003
f 3325//2003 3310//2003 3335//2003
f 3311//2003 3315//2003 3336//2003
f 3306//2003 3336//2003 3308//2003
f 3307//2003 3311//2003 3306//2003
f 3336//2003 3306//2003 3311//2003
f 3335//2003 3308//2003 3336//2003
f 3334//2003 3336//2003 3315//2003
f 3327//2003 3335//2003 3334//2003
f 3336//2003 3334//2003 3335//2003
f 3337//2003 3319//2003 3338//2003
f 3339//2003 3338//2003 3340//2003
f 3341//2003 3337//2003 3339//2003
f 3338//2003 3339//2003 3337//2003
f 3342//2003 3340//2003 3343//2003
f 3344//2003 3343//2003 3345//2003
f 3346//2003 3342//2003 3344//2003
f 3343//2003 3344//2003 3342//2003
f 3347//2003 3341//2003 3348//2003
f 3349//2003 3348//2003 3346//2003
f 3350//2003 3347//2003 3349//2003
f 3348//2003 3349//2003 3347//2003
f 3342//2003 3346//2003 3348//2003
f 3339//2003 3348//2003 3341//2003
f 3340//2003 3342//2003 3339//2003
f 3348//2003 3339//2003 3342//2003
f 3351//2003 3345//2003 3352//2003
f 3353//2003 3352//2003 3354//2003
f 3355//2003 3351//2003 3353//2003
f 3352//2003 3353//2003 3351//2003
f 3356//2003 3354//2003 3357//2003
f 2810//2003 3357//2003 2813//2003
f 2808//2003 3356//2003 2810//2003
f 3357//2003 2810//2003 3356//2003
f 3358//2003 3355//2003 3359//2003
f 2806//2003 3359//2003 2808//2003
f 2805//2003 3358//2003 2806//2003
f 3359//2003 2806//2003 3358//2003
f 3356//2003 2808//2003 3359//2003
f 3353//2003 3359//2003 3355//2003
f 3354//2003 3356//2003 3353//2003
f 3359//2003 3353//2003 3356//2003
f 3360//2003 3350//2003 3361//2003
f 3362//2003 3361//2003 3363//2003
f 3364//2003 3360//2003 3362//2003
f 3361//2003 3362//2003 3360//2003
f 3365//2003 3363//2003 3366//2003
f 2804//2003 3366//2003 2805//2003
f 2791//2003 2804//2003 2790//2003
f 3366//2003 2804//2003 3365//2003
f 3367//2003 3364//2003 3368//2003
f 3367//2003 3368//2003 2793//2003
f 2804//2003 2791//2003 3365//2003
f 2791//2003 2793//2003 3368//2003
f 3368//2003 3365//2003 2791//2003
f 3362//2003 3368//2003 3364//2003
f 3363//2003 3365//2003 3362//2003
f 3368//2003 3362//2003 3365//2003
f 3358//2003 2805//2003 3366//2003
f 3369//2003 3366//2003 3363//2003
f 3355//2003 3358//2003 3369//2003
f 3366//2003 3369//2003 3358//2003
f 3370//2003 3363//2003 3361//2003
f 3349//2003 3361//2003 3350//2003
f 3346//2003 3370//2003 3349//2003
f 3361//2003 3349//2003 3370//2003
f 3351//2003 3355//2003 3371//2003
f 3344//2003 3371//2003 3346//2003
f 3345//2003 3351//2003 3344//2003
f 3371//2003 3344//2003 3351//2003
f 3370//2003 3346//2003 3371//2003
f 3369//2003 3371//2003 3355//2003
f 3363//2003 3370//2003 3369//2003
f 3371//2003 3369//2003 3370//2003
f 2798//2003 3372//2003 2797//2003
f 3372//2003 3373//2003 2797//2003
f 3374//2003 2798//2003 2825//2003
f 3372//2003 2798//2003 3374//2003
f 3375//2003 2796//2003 3373//2003
f 2796//2003 2797//2003 3373//2003
f 3376//2003 2794//2003 2795//2003
f 3376//2003 2795//2003 3375//2003
f 2794//2003 3376//2003 3377//2003
f 2795//2003 2796//2003 3375//2003
f 3364//2003 3367//2003 3378//2003
f 3378//2003 2794//2003 3377//2003
f 3378//2003 2793//2003 2794//2003
f 2793//2003 3378//2003 3367//2003
f 3379//2003 3376//2003 3375//2003
f 3380//2003 3377//2003 3379//2003
f 3376//2003 3379//2003 3377//2003
f 3360//2003 3364//2003 3381//2003
f 3382//2003 3381//2003 3380//2003
f 3350//2003 3360//2003 3382//2003
f 3381//2003 3382//2003 3360//2003
f 3377//2003 3380//2003 3381//2003
f 3378//2003 3381//2003 3364//2003
f 3381//2003 3378//2003 3377//2003
f 3383//2003 3375//2003 3373//2003
f 3384//2003 3373//2003 3372//2003
f 3385//2003 3383//2003 3384//2003
f 3373//2003 3384//2003 3383//2003
f 3386//2003 3372//2003 3374//2003
f 3333//2003 3374//2003 2825//2003
f 3331//2003 3386//2003 3333//2003
f 3374//2003 3333//2003 3386//2003
f 3387//2003 3385//2003 3388//2003
f 3330//2003 3388//2003 3331//2003
f 3324//2003 3387//2003 3330//2003
f 3388//2003 3330//2003 3387//2003
f 3386//2003 3331//2003 3388//2003
f 3384//2003 3388//2003 3385//2003
f 3372//2003 3386//2003 3384//2003
f 3388//2003 3384//2003 3386//2003
f 3347//2003 3350//2003 3389//2003
f 3390//2003 3389//2003 3391//2003
f 3341//2003 3347//2003 3390//2003
f 3389//2003 3390//2003 3347//2003
f 3392//2003 3391//2003 3393//2003
f 3323//2003 3393//2003 3324//2003
f 3320//2003 3392//2003 3323//2003
f 3393//2003 3323//2003 3392//2003
f 3337//2003 3341//2003 3394//2003
f 3318//2003 3394//2003 3320//2003
f 3319//2003 3337//2003 3318//2003
f 3394//2003 3318//2003 3337//2003
f 3392//2003 3320//2003 3394//2003
f 3390//2003 3394//2003 3341//2003
f 3391//2003 3392//2003 3390//2003
f 3394//2003 3390//2003 3392//2003
f 3387//2003 3324//2003 3393//2003
f 3395//2003 3393//2003 3391//2003
f 3385//2003 3387//2003 3395//2003
f 3393//2003 3395//2003 3387//2003
f 3396//2003 3391//2003 3389//2003
f 3382//2003 3389//2003 3350//2003
f 3380//2003 3396//2003 3382//2003
f 3389//2003 3382//2003 3396//2003
f 3383//2003 3385//2003 3397//2003
f 3379//2003 3397//2003 3380//2003
f 3375//2003 3383//2003 3379//2003
f 3397//2003 3379//2003 3383//2003
f 3396//2003 3380//2003 3397//2003
f 3395//2003 3397//2003 3385//2003
f 3391//2003 3396//2003 3395//2003
f 3397//2003 3395//2003 3396//2003
f 3275//2003 2813//2003 3357//2003
f 3398//2003 3357//2003 3354//2003
f 3272//2003 3275//2003 3398//2003
f 3357//2003 3398//2003 3275//2003
f 3399//2003 3354//2003 3352//2003
f 3400//2003 3352//2003 3345//2003
f 3401//2003 3399//2003 3400//2003
f 3352//2003 3400//2003 3399//2003
f 3268//2003 3272//2003 3402//2003
f 3403//2003 3402//2003 3401//2003
f 3261//2003 3268//2003 3403//2003
f 3402//2003 3403//2003 3268//2003
f 3399//2003 3401//2003 3402//2003
f 3398//2003 3402//2003 3272//2003
f 3354//2003 3399//2003 3398//2003
f 3402//2003 3398//2003 3399//2003
f 3404//2003 3345//2003 3343//2003
f 3405//2003 3343//2003 3340//2003
f 3406//2003 3404//2003 3405//2003
f 3343//2003 3405//2003 3404//2003
f 3407//2003 3340//2003 3338//2003
f 3408//2003 3338//2003 3319//2003
f 3409//2003 3407//2003 3408//2003
f 3338//2003 3408//2003 3407//2003
f 3410//2003 3406//2003 3411//2003
f 3412//2003 3411//2003 3409//2003
f 3413//2003 3410//2003 3412//2003
f 3411//2003 3412//2003 3410//2003
f 3407//2003 3409//2003 3411//2003
f 3405//2003 3411//2003 3406//2003
f 3340//2003 3407//2003 3405//2003
f 3411//2003 3405//2003 3407//2003
f 3258//2003 3261//2003 3414//2003
f 3415//2003 3414//2003 3416//2003
f 3252//2003 3258//2003 3415//2003
f 3414//2003 3415//2003 3258//2003
f 3417//2003 3416//2003 3418//2003
f 3419//2003 3418//2003 3413//2003
f 3420//2003 3417//2003 3419//2003
f 3418//2003 3419//2003 3417//2003
f 3248//2003 3252//2003 3421//2003
f 3422//2003 3421//2003 3420//2003
f 3240//2003 3248//2003 3422//2003
f 3421//2003 3422//2003 3248//2003
f 3417//2003 3420//2003 3421//2003
f 3415//2003 3421//2003 3252//2003
f 3416//2003 3417//2003 3415//2003
f 3421//2003 3415//2003 3417//2003
f 3410//2003 3413//2003 3418//2003
f 3423//2003 3418//2003 3416//2003
f 3406//2003 3410//2003 3423//2003
f 3418//2003 3423//2003 3410//2003
f 3424//2003 3416//2003 3414//2003
f 3403//2003 3414//2003 3261//2003
f 3401//2003 3424//2003 3403//2003
f 3414//2003 3403//2003 3424//2003
f 3404//2003 3406//2003 3425//2003
f 3400//2003 3425//2003 3401//2003
f 3345//2003 3404//2003 3400//2003
f 3425//2003 3400//2003 3404//2003
f 3424//2003 3401//2003 3425//2003
f 3423//2003 3425//2003 3406//2003
f 3416//2003 3424//2003 3423//2003
f 3425//2003 3423//2003 3424//2003
f 3426//2003 3319//2003 3317//2003
f 3427//2003 3317//2003 3314//2003
f 3428//2003 3426//2003 3427//2003
f 3317//2003 3427//2003 3426//2003
f 3429//2003 3314//2003 3312//2003
f 3430//2003 3312//2003 3307//2003
f 3431//2003 3429//2003 3430//2003
f 3312//2003 3430//2003 3429//2003
f 3432//2003 3428//2003 3433//2003
f 3434//2003 3433//2003 3431//2003
f 3435//2003 3432//2003 3434//2003
f 3433//2003 3434//2003 3432//2003
f 3429//2003 3431//2003 3433//2003
f 3427//2003 3433//2003 3428//2003
f 3314//2003 3429//2003 3427//2003
f 3433//2003 3427//2003 3429//2003
f 3436//2003 3307//2003 3305//2003
f 3437//2003 3305//2003 3303//2003
f 3438//2003 3436//2003 3437//2003
f 3305//2003 3437//2003 3436//2003
f 3439//2003 3303//2003 3301//2003
f 3183//2003 3301//2003 2857//2003
f 3181//2003 3439//2003 3183//2003
f 3301//2003 3183//2003 3439//2003
f 3440//2003 3438//2003 3441//2003
f 3180//2003 3441//2003 3181//2003
f 3174//2003 3440//2003 3180//2003
f 3441//2003 3180//2003 3440//2003
f 3439//2003 3181//2003 3441//2003
f 3437//2003 3441//2003 3438//2003
f 3303//2003 3439//2003 3437//2003
f 3441//2003 3437//2003 3439//2003
f 3442//2003 3435//2003 3443//2003
f 3444//2003 3443//2003 3445//2003
f 3446//2003 3442//2003 3444//2003
f 3443//2003 3444//2003 3442//2003
f 3447//2003 3445//2003 3448//2003
f 3173//2003 3448//2003 3174//2003
f 3170//2003 3447//2003 3173//2003
f 3448//2003 3173//2003 3447//2003
f 3449//2003 3446//2003 3450//2003
f 3169//2003 3450//2003 3170//2003
f 3148//2003 3449//2003 3169//2003
f 3450//2003 3169//2003 3449//2003
f 3447//2003 3170//2003 3450//2003
f 3444//2003 3450//2003 3446//2003
f 3445//2003 3447//2003 3444//2003
f 3450//2003 3444//2003 3447//2003
f 3440//2003 3174//2003 3448//2003
f 3451//2003 3448//2003 3445//2003
f 3438//2003 3440//2003 3451//2003
f 3448//2003 3451//2003 3440//2003
f 3452//2003 3445//2003 3443//2003
f 3434//2003 3443//2003 3435//2003
f 3431//2003 3452//2003 3434//2003
f 3443//2003 3434//2003 3452//2003
f 3436//2003 3438//2003 3453//2003
f 3430//2003 3453//2003 3431//2003
f 3307//2003 3436//2003 3430//2003
f 3453//2003 3430//2003 3436//2003
f 3452//2003 3431//2003 3453//2003
f 3451//2003 3453//2003 3438//2003
f 3445//2003 3452//2003 3451//2003
f 3453//2003 3451//2003 3452//2003
f 3237//2003 3240//2003 3454//2003
f 3455//2003 3454//2003 3456//2003
f 3232//2003 3237//2003 3455//2003
f 3454//2003 3455//2003 3237//2003
f 3457//2003 3456//2003 3458//2003
f 3459//2003 3458//2003 3460//2003
f 3461//2003 3457//2003 3459//2003
f 3458//2003 3459//2003 3457//2003
f 3228//2003 3232//2003 3462//2003
f 3463//2003 3462//2003 3461//2003
f 3217//2003 3228//2003 3463//2003
f 3462//2003 3463//2003 3228//2003
f 3457//2003 3461//2003 3462//2003
f 3455//2003 3462//2003 3232//2003
f 3456//2003 3457//2003 3455//2003
f 3462//2003 3455//2003 3457//2003
f 3464//2003 3460//2003 3465//2003
f 3466//2003 3465//2003 3467//2003
f 3468//2003 3464//2003 3466//2003
f 3465//2003 3466//2003 3464//2003
f 3469//2003 3467//2003 3470//2003
f 3147//2003 3470//2003 3148//2003
f 3144//2003 3469//2003 3147//2003
f 3470//2003 3147//2003 3469//2003
f 3471//2003 3468//2003 3472//2003
f 3143//2003 3472//2003 3144//2003
f 3135//2003 3471//2003 3143//2003
f 3472//2003 3143//2003 3471//2003
f 3469//2003 3144//2003 3472//2003
f 3466//2003 3472//2003 3468//2003
f 3467//2003 3469//2003 3466//2003
f 3472//2003 3466//2003 3469//2003
f 3214//2003 3217//2003 3473//2003
f 3474//2003 3473//2003 3475//2003
f 3210//2003 3214//2003 3474//2003
f 3473//2003 3474//2003 3214//2003
f 3476//2003 3475//2003 3477//2003
f 3134//2003 3477//2003 3135//2003
f 3131//2003 3476//2003 3134//2003
f 3477//2003 3134//2003 3476//2003
f 3208//2003 3210//2003 3478//2003
f 3130//2003 3478//2003 3131//2003
f 2980//2003 3208//2003 3130//2003
f 3478//2003 3130//2003 3208//2003
f 3476//2003 3131//2003 3478//2003
f 3474//2003 3478//2003 3210//2003
f 3475//2003 3476//2003 3474//2003
f 3478//2003 3474//2003 3476//2003
f 3471//2003 3135//2003 3477//2003
f 3479//2003 3477//2003 3475//2003
f 3468//2003 3471//2003 3479//2003
f 3477//2003 3479//2003 3471//2003
f 3480//2003 3475//2003 3473//2003
f 3463//2003 3473//2003 3217//2003
f 3461//2003 3480//2003 3463//2003
f 3473//2003 3463//2003 3480//2003
f 3464//2003 3468//2003 3481//2003
f 3459//2003 3481//2003 3461//2003
f 3460//2003 3464//2003 3459//2003
f 3481//2003 3459//2003 3464//2003
f 3480//2003 3461//2003 3481//2003
f 3479//2003 3481//2003 3468//2003
f 3475//2003 3480//2003 3479//2003
f 3481//2003 3479//2003 3480//2003
f 3449//2003 3148//2003 3470//2003
f 3482//2003 3470//2003 3467//2003
f 3446//2003 3449//2003 3482//2003
f 3470//2003 3482//2003 3449//2003
f 3483//2003 3467//2003 3465//2003
f 3484//2003 3465//2003 3460//2003
f 3485//2003 3483//2003 3484//2003
f 3465//2003 3484//2003 3483//2003
f 3442//2003 3446//2003 3486//2003
f 3487//2003 3486//2003 3485//2003
f 3435//2003 3442//2003 3487//2003
f 3486//2003 3487//2003 3442//2003
f 3483//2003 3485//2003 3486//2003
f 3482//2003 3486//2003 3446//2003
f 3467//2003 3483//2003 3482//2003
f 3486//2003 3482//2003 3483//2003
f 3488//2003 3460//2003 3458//2003
f 3489//2003 3458//2003 3456//2003
f 3490//2003 3488//2003 3489//2003
f 3458//2003 3489//2003 3488//2003
f 3491//2003 3456//2003 3454//2003
f 3422//2003 3454//2003 3240//2003
f 3420//2003 3491//2003 3422//2003
f 3454//2003 3422//2003 3491//2003
f 3492//2003 3490//2003 3493//2003
f 3419//2003 3493//2003 3420//2003
f 3413//2003 3492//2003 3419//2003
f 3493//2003 3419//2003 3492//2003
f 3491//2003 3420//2003 3493//2003
f 3489//2003 3493//2003 3490//2003
f 3456//2003 3491//2003 3489//2003
f 3493//2003 3489//2003 3491//2003
f 3432//2003 3435//2003 3494//2003
f 3495//2003 3494//2003 3496//2003
f 3428//2003 3432//2003 3495//2003
f 3494//2003 3495//2003 3432//2003
f 3497//2003 3496//2003 3498//2003
f 3412//2003 3498//2003 3413//2003
f 3409//2003 3497//2003 3412//2003
f 3498//2003 3412//2003 3497//2003
f 3426//2003 3428//2003 3499//2003
f 3408//2003 3499//2003 3409//2003
f 3319//2003 3426//2003 3408//2003
f 3499//2003 3408//2003 3426//2003
f 3497//2003 3409//2003 3499//2003
f 3495//2003 3499//2003 3428//2003
f 3496//2003 3497//2003 3495//2003
f 3499//2003 3495//2003 3497//2003
f 3492//2003 3413//2003 3498//2003
f 3500//2003 3498//2003 3496//2003
f 3490//2003 3492//2003 3500//2003
f 3498//2003 3500//2003 3492//2003
f 3501//2003 3496//2003 3494//2003
f 3487//2003 3494//2003 3435//2003
f 3485//2003 3501//2003 3487//2003
f 3494//2003 3487//2003 3501//2003
f 3488//2003 3490//2003 3502//2003
f 3484//2003 3502//2003 3485//2003
f 3460//2003 3488//2003 3484//2003
f 3502//2003 3484//2003 3488//2003
f 3501//2003 3485//2003 3502//2003
f 3500//2003 3502//2003 3490//2003
f 3496//2003 3501//2003 3500//2003
f 3502//2003 3500//2003 3501//2003
f 3503//2004 1265//2004 3504//2004
f 1281//2004 3504//2004 1265//2004
f 3505//2004 3504//2004 3506//2004
f 3507//2004 3505//2004 3508//2004
f 3506//2004 3508//2004 3505//2004
f 3509//2004 3507//2004 3510//2004
f 3511//2004 3510//2004 1272//2004
f 3512//2004 3509//2004 3511//2004
f 3510//2004 3511//2004 3509//2004
f 3508//2004 3510//2004 3507//2004
f 3508//2004 1280//2004 3510//2004
f 1272//2004 3510//2004 1280//2004
f 3506//2004 1281//2004 1280//2004
f 3506//2004 3504//2004 1281//2004
f 1280//2004 3508//2004 3506//2004
f 1316//2004 1296//2004 3513//2004
f 3514//2004 3512//2004 3515//2004
f 3516//2004 3514//2004 3513//2004
f 3515//2004 3513//2004 3514//2004
f 3517//2004 3516//2004 3518//2004
f 3519//2004 3517//2004 1295//2004
f 1299//2004 3519//2004 1295//2004
f 3520//2004 3517//2004 3519//2004
f 3518//2004 1295//2004 3517//2004
f 3513//2004 3518//2004 3516//2004
f 3518//2004 3513//2004 1296//2004
f 1295//2004 3518//2004 1296//2004
f 3521//2004 3520//2004 1299//2004
f 3520//2004 3519//2004 1299//2004
f 1307//2004 3521//2004 1299//2004
f 3522//2004 3523//2004 1307//2004
f 3511//2004 3515//2004 3512//2004
f 1316//2004 3511//2004 1272//2004
f 3513//2004 3515//2004 1316//2004
f 3515//2004 3511//2004 1316//2004
f 1324//2004 3524//2004 1323//2004
f 3525//2004 3526//2004 3524//2004
f 3527//2004 3528//2004 3526//2004
f 3529//2004 3527//2004 3525//2004
f 3526//2004 3525//2004 3527//2004
f 3530//2004 3531//2004 3528//2004
f 3532//2004 3533//2004 3530//2004
f 3531//2004 3530//2004 1343//2004
f 3533//2004 1343//2004 3530//2004
f 3534//2004 3535//2004 3529//2004
f 3536//2004 3532//2004 3535//2004
f 3537//2004 3536//2004 3534//2004
f 3535//2004 3534//2004 3536//2004
f 3530//2004 3535//2004 3532//2004
f 3527//2004 3529//2004 3535//2004
f 3528//2004 3527//2004 3530//2004
f 3535//2004 3530//2004 3527//2004
f 1343//2004 3533//2004 1327//2004
f 3538//2004 3539//2004 1338//2004
f 3540//2004 3541//2004 3539//2004
f 3542//2004 1434//2004 3541//2004
f 3543//2004 3542//2004 3540//2004
f 3541//2004 3540//2004 3542//2004
f 3541//2004 1338//2004 3539//2004
f 3544//2004 3545//2004 3537//2004
f 1338//2004 1327//2004 3538//2004
f 3546//2004 3547//2004 3545//2004
f 3548//2004 3546//2004 3544//2004
f 3545//2004 3544//2004 3546//2004
f 3549//2004 3550//2004 3547//2004
f 3551//2004 3543//2004 3550//2004
f 3552//2004 3551//2004 3549//2004
f 3550//2004 3549//2004 3551//2004
f 3553//2004 3554//2004 3548//2004
f 3555//2004 3552//2004 3554//2004
f 3556//2004 3555//2004 3553//2004
f 3554//2004 3553//2004 3555//2004
f 3549//2004 3554//2004 3552//2004
f 3546//2004 3548//2004 3554//2004
f 3547//2004 3546//2004 3549//2004
f 3554//2004 3549//2004 3546//2004
f 3540//2004 3550//2004 3543//2004
f 3557//2004 3547//2004 3550//2004
f 3539//2004 3557//2004 3540//2004
f 3550//2004 3540//2004 3557//2004
f 3558//2004 3545//2004 3547//2004
f 3536//2004 3537//2004 3545//2004
f 3532//2004 3536//2004 3558//2004
f 3545//2004 3558//2004 3536//2004
f 3538//2004 3559//2004 3539//2004
f 3533//2004 3532//2004 3559//2004
f 3538//2004 1327//2004 3533//2004
f 3559//2004 3538//2004 3533//2004
f 3558//2004 3559//2004 3532//2004
f 3557//2004 3539//2004 3559//2004
f 3547//2004 3557//2004 3558//2004
f 3559//2004 3558//2004 3557//2004
f 1348//2004 3528//2004 3531//2004
f 3531//2004 1343//2004 1348//2004
f 3528//2004 1348//2004 3526//2004
f 3524//2004 3526//2004 1323//2004
f 1323//2004 3526//2004 1348//2004
f 3560//2004 3561//2004 3556//2004
f 3562//2004 3563//2004 3561//2004
f 3564//2004 3562//2004 3560//2004
f 3561//2004 3560//2004 3562//2004
f 3565//2004 3566//2004 3563//2004
f 3567//2004 3568//2004 3566//2004
f 3569//2004 3567//2004 3565//2004
f 3566//2004 3565//2004 3567//2004
f 3570//2004 3571//2004 3564//2004
f 3572//2004 3569//2004 3571//2004
f 3573//2004 3572//2004 3570//2004
f 3571//2004 3570//2004 3572//2004
f 3565//2004 3571//2004 3569//2004
f 3562//2004 3564//2004 3571//2004
f 3563//2004 3562//2004 3565//2004
f 3571//2004 3565//2004 3562//2004
f 3574//2004 3575//2004 3568//2004
f 3576//2004 3577//2004 3575//2004
f 3578//2004 3576//2004 3574//2004
f 3575//2004 3574//2004 3576//2004
f 3579//2004 3580//2004 3577//2004
f 3581//2004 3582//2004 3579//2004
f 3580//2004 3579//2004 1356//2004
f 3582//2004 1356//2004 3579//2004
f 3583//2004 3584//2004 3578//2004
f 3585//2004 3581//2004 3584//2004
f 3586//2004 3585//2004 3583//2004
f 3584//2004 3583//2004 3585//2004
f 3579//2004 3584//2004 3581//2004
f 3576//2004 3578//2004 3584//2004
f 3577//2004 3576//2004 3579//2004
f 3584//2004 3579//2004 3576//2004
f 3587//2004 3588//2004 3573//2004
f 3589//2004 3590//2004 3588//2004
f 3591//2004 3589//2004 3587//2004
f 3588//2004 3587//2004 3589//2004
f 3592//2004 3593//2004 3590//2004
f 3594//2004 3586//2004 3593//2004
f 3595//2004 3594//2004 3592//2004
f 3593//2004 3592//2004 3594//2004
f 3596//2004 3597//2004 3591//2004
f 3598//2004 3595//2004 3597//2004
f 3599//2004 3598//2004 3596//2004
f 3597//2004 3596//2004 3598//2004
f 3592//2004 3597//2004 3595//2004
f 3589//2004 3591//2004 3597//2004
f 3590//2004 3589//2004 3592//2004
f 3597//2004 3592//2004 3589//2004
f 3583//2004 3593//2004 3586//2004
f 3600//2004 3590//2004 3593//2004
f 3578//2004 3600//2004 3583//2004
f 3593//2004 3583//2004 3600//2004
f 3601//2004 3588//2004 3590//2004
f 3572//2004 3573//2004 3588//2004
f 3569//2004 3572//2004 3601//2004
f 3588//2004 3601//2004 3572//2004
f 3574//2004 3602//2004 3578//2004
f 3567//2004 3569//2004 3602//2004
f 3568//2004 3567//2004 3574//2004
f 3602//2004 3574//2004 3567//2004
f 3601//2004 3602//2004 3569//2004
f 3600//2004 3578//2004 3602//2004
f 3590//2004 3600//2004 3601//2004
f 3602//2004 3601//2004 3600//2004
f 3603//2004 3604//2004 3599//2004
f 3605//2004 3606//2004 3604//2004
f 3607//2004 3605//2004 3603//2004
f 3604//2004 3603//2004 3605//2004
f 3608//2004 3609//2004 3606//2004
f 3610//2004 3611//2004 3609//2004
f 3612//2004 3610//2004 3608//2004
f 3609//2004 3608//2004 3610//2004
f 3613//2004 3614//2004 3607//2004
f 3615//2004 3612//2004 3614//2004
f 3616//2004 3615//2004 3613//2004
f 3614//2004 3613//2004 3615//2004
f 3608//2004 3614//2004 3612//2004
f 3605//2004 3607//2004 3614//2004
f 3606//2004 3605//2004 3608//2004
f 3614//2004 3608//2004 3605//2004
f 1400//2004 3617//2004 1361//2004
f 3611//2004 3618//2004 1361//2004
f 1361//2004 3618//2004 1365//2004
f 3619//2004 3620//2004 3616//2004
f 3621//2004 1374//2004 3620//2004
f 3622//2004 3621//2004 3619//2004
f 3620//2004 3619//2004 3621//2004
f 1374//2004 3621//2004 1379//2004
f 3622//2004 3623//2004 1379//2004
f 3622//2004 1379//2004 3621//2004
f 3624//2004 3620//2004 1374//2004
f 1389//2004 3624//2004 1374//2004
f 3625//2004 3620//2004 3624//2004
f 3615//2004 3616//2004 3620//2004
f 3612//2004 3615//2004 3625//2004
f 3620//2004 3625//2004 3615//2004
f 3610//2004 3612//2004 3626//2004
f 3618//2004 3610//2004 1365//2004
f 3611//2004 3610//2004 3618//2004
f 3626//2004 1365//2004 3610//2004
f 3625//2004 3626//2004 3612//2004
f 3625//2004 1389//2004 3626//2004
f 1365//2004 3626//2004 1389//2004
f 3625//2004 3624//2004 1389//2004
f 3611//2004 1361//2004 3617//2004
f 3627//2004 3609//2004 3611//2004
f 3628//2004 3606//2004 3609//2004
f 3629//2004 3628//2004 3627//2004
f 3609//2004 3627//2004 3628//2004
f 3630//2004 3604//2004 3606//2004
f 3598//2004 3599//2004 3604//2004
f 3595//2004 3598//2004 3630//2004
f 3604//2004 3630//2004 3598//2004
f 3631//2004 3632//2004 3629//2004
f 3594//2004 3595//2004 3632//2004
f 3586//2004 3594//2004 3631//2004
f 3632//2004 3631//2004 3594//2004
f 3630//2004 3632//2004 3595//2004
f 3628//2004 3629//2004 3632//2004
f 3606//2004 3628//2004 3630//2004
f 3632//2004 3630//2004 3628//2004
f 3633//2004 3634//2004 3635//2004
f 3585//2004 3586//2004 3634//2004
f 3581//2004 3585//2004 3633//2004
f 3634//2004 3633//2004 3585//2004
f 3582//2004 3581//2004 1411//2004
f 1356//2004 3582//2004 1411//2004
f 3633//2004 1410//2004 1411//2004
f 1411//2004 3581//2004 3633//2004
f 3633//2004 3635//2004 1410//2004
f 3631//2004 3634//2004 3586//2004
f 3636//2004 3635//2004 3634//2004
f 3629//2004 3636//2004 3631//2004
f 3634//2004 3631//2004 3636//2004
f 1410//2004 3635//2004 1415//2004
f 3635//2004 3636//2004 1415//2004
f 3627//2004 3637//2004 3629//2004
f 3611//2004 3617//2004 3627//2004
f 3638//2004 3637//2004 1400//2004
f 3637//2004 3617//2004 1400//2004
f 3637//2004 3627//2004 3617//2004
f 1400//2004 1415//2004 3638//2004
f 3636//2004 3629//2004 3637//2004
f 3638//2004 1415//2004 3636//2004
f 3637//2004 3638//2004 3636//2004
f 1440//2004 3580//2004 1356//2004
f 3639//2004 3577//2004 3580//2004
f 1419//2004 3640//2004 1440//2004
f 3639//2004 3580//2004 1440//2004
f 3641//2004 3575//2004 3577//2004
f 3642//2004 3568//2004 3575//2004
f 3643//2004 3642//2004 3641//2004
f 3575//2004 3641//2004 3642//2004
f 3640//2004 1419//2004 3643//2004
f 3641//2004 3640//2004 3643//2004
f 3644//2004 3643//2004 1419//2004
f 3639//2004 1440//2004 3640//2004
f 3577//2004 3639//2004 3641//2004
f 3640//2004 3641//2004 3639//2004
f 3645//2004 3566//2004 3568//2004
f 3646//2004 3563//2004 3566//2004
f 3647//2004 3646//2004 3645//2004
f 3566//2004 3645//2004 3646//2004
f 3648//2004 3561//2004 3563//2004
f 3555//2004 3556//2004 3561//2004
f 3552//2004 3555//2004 3648//2004
f 3561//2004 3648//2004 3555//2004
f 3649//2004 3650//2004 3647//2004
f 3551//2004 3552//2004 3650//2004
f 3543//2004 3551//2004 3649//2004
f 3650//2004 3649//2004 3551//2004
f 3648//2004 3650//2004 3552//2004
f 3646//2004 3647//2004 3650//2004
f 3563//2004 3646//2004 3648//2004
f 3650//2004 3648//2004 3646//2004
f 3651//2004 3652//2004 3653//2004
f 3542//2004 3543//2004 3652//2004
f 3652//2004 3651//2004 3542//2004
f 1338//2004 3541//2004 1434//2004
f 3542//2004 3651//2004 1434//2004
f 1434//2004 3651//2004 1428//2004
f 3651//2004 3653//2004 1428//2004
f 3649//2004 3652//2004 3543//2004
f 3654//2004 3653//2004 3652//2004
f 3647//2004 3654//2004 3649//2004
f 3652//2004 3649//2004 3654//2004
f 3644//2004 1425//2004 3653//2004
f 1419//2004 1425//2004 3644//2004
f 3645//2004 3655//2004 3647//2004
f 1428//2004 3653//2004 1425//2004
f 3642//2004 3643//2004 3655//2004
f 3568//2004 3642//2004 3645//2004
f 3655//2004 3645//2004 3642//2004
f 3644//2004 3655//2004 3643//2004
f 3654//2004 3647//2004 3655//2004
f 3653//2004 3654//2004 3644//2004
f 3655//2004 3644//2004 3654//2004
f 3656//2004 3657//2004 1447//2004
f 3657//2004 3658//2004 1447//2004
f 3656//2004 3659//2004 3657//2004
f 3660//2004 3661//2004 3659//2004
f 3662//2004 3660//2004 3656//2004
f 3659//2004 3656//2004 3660//2004
f 3663//2004 3664//2004 3661//2004
f 3665//2004 3666//2004 3664//2004
f 3667//2004 3665//2004 3663//2004
f 3664//2004 3663//2004 3665//2004
f 3662//2004 1470//2004 3668//2004
f 3669//2004 3667//2004 3668//2004
f 3668//2004 3670//2004 3669//2004
f 3663//2004 3668//2004 3667//2004
f 3660//2004 3662//2004 3668//2004
f 3661//2004 3660//2004 3663//2004
f 3668//2004 3663//2004 3660//2004
f 3671//2004 3672//2004 3666//2004
f 3673//2004 3674//2004 3672//2004
f 3675//2004 3673//2004 3671//2004
f 3672//2004 3671//2004 3673//2004
f 3676//2004 3677//2004 3674//2004
f 3678//2004 3679//2004 3677//2004
f 3680//2004 3678//2004 3676//2004
f 3677//2004 3676//2004 3678//2004
f 3681//2004 3682//2004 3675//2004
f 3683//2004 3680//2004 3682//2004
f 3684//2004 3683//2004 3681//2004
f 3682//2004 3681//2004 3683//2004
f 3676//2004 3682//2004 3680//2004
f 3673//2004 3675//2004 3682//2004
f 3674//2004 3673//2004 3676//2004
f 3682//2004 3676//2004 3673//2004
f 3685//2004 1451//2004 3686//2004
f 3687//2004 3688//2004 3686//2004
f 3687//2004 3686//2004 1451//2004
f 3689//2004 3684//2004 3688//2004
f 3687//2004 1456//2004 3689//2004
f 3688//2004 3687//2004 3689//2004
f 1558//2004 3689//2004 1456//2004
f 1451//2004 1456//2004 3687//2004
f 3681//2004 3688//2004 3684//2004
f 3690//2004 3686//2004 3688//2004
f 3675//2004 3690//2004 3681//2004
f 3688//2004 3681//2004 3690//2004
f 3691//2004 3685//2004 3686//2004
f 3667//2004 3669//2004 3691//2004
f 3669//2004 3670//2004 1461//2004
f 1451//2004 3685//2004 1461//2004
f 3685//2004 3669//2004 1461//2004
f 3685//2004 3691//2004 3669//2004
f 3671//2004 3692//2004 3675//2004
f 3665//2004 3667//2004 3692//2004
f 3666//2004 3665//2004 3671//2004
f 3692//2004 3671//2004 3665//2004
f 3691//2004 3692//2004 3667//2004
f 3690//2004 3675//2004 3692//2004
f 3686//2004 3690//2004 3691//2004
f 3692//2004 3691//2004 3690//2004
f 1461//2004 3670//2004 1470//2004
f 3670//2004 3668//2004 1470//2004
f 3656//2004 1475//2004 3662//2004
f 1447//2004 1475//2004 3656//2004
f 1470//2004 3662//2004 1475//2004
f 3693//2004 3694//2004 3679//2004
f 3695//2004 3696//2004 3694//2004
f 3697//2004 3695//2004 3693//2004
f 3694//2004 3693//2004 3695//2004
f 3698//2004 3699//2004 3696//2004
f 3700//2004 3701//2004 3699//2004
f 3702//2004 3700//2004 3698//2004
f 3699//2004 3698//2004 3700//2004
f 3703//2004 3704//2004 3697//2004
f 3705//2004 3702//2004 3704//2004
f 3706//2004 3705//2004 3703//2004
f 3704//2004 3703//2004 3705//2004
f 3698//2004 3704//2004 3702//2004
f 3695//2004 3697//2004 3704//2004
f 3696//2004 3695//2004 3698//2004
f 3704//2004 3698//2004 3695//2004
f 3707//2004 3708//2004 3701//2004
f 3709//2004 3710//2004 3708//2004
f 3711//2004 3709//2004 3707//2004
f 3708//2004 3707//2004 3709//2004
f 3712//2004 3713//2004 3710//2004
f 3714//2004 3715//2004 3713//2004
f 3716//2004 3714//2004 3712//2004
f 3713//2004 3712//2004 3714//2004
f 3717//2004 3718//2004 3711//2004
f 3719//2004 3716//2004 3718//2004
f 3720//2004 3719//2004 3717//2004
f 3718//2004 3717//2004 3719//2004
f 3712//2004 3718//2004 3716//2004
f 3709//2004 3711//2004 3718//2004
f 3710//2004 3709//2004 3712//2004
f 3718//2004 3712//2004 3709//2004
f 3721//2004 3722//2004 3706//2004
f 3723//2004 3724//2004 3722//2004
f 3725//2004 3723//2004 3721//2004
f 3722//2004 3721//2004 3723//2004
f 3726//2004 3727//2004 3724//2004
f 3728//2004 3720//2004 3727//2004
f 3729//2004 3728//2004 3726//2004
f 3727//2004 3726//2004 3728//2004
f 3730//2004 3731//2004 3725//2004
f 3732//2004 3729//2004 3731//2004
f 3731//2004 3730//2004 3732//2004
f 3726//2004 3731//2004 3729//2004
f 3723//2004 3725//2004 3731//2004
f 3724//2004 3723//2004 3726//2004
f 3731//2004 3726//2004 3723//2004
f 3717//2004 3727//2004 3720//2004
f 3733//2004 3724//2004 3727//2004
f 3711//2004 3733//2004 3717//2004
f 3727//2004 3717//2004 3733//2004
f 3734//2004 3722//2004 3724//2004
f 3705//2004 3706//2004 3722//2004
f 3702//2004 3705//2004 3734//2004
f 3722//2004 3734//2004 3705//2004
f 3707//2004 3735//2004 3711//2004
f 3700//2004 3702//2004 3735//2004
f 3701//2004 3700//2004 3707//2004
f 3735//2004 3707//2004 3700//2004
f 3734//2004 3735//2004 3702//2004
f 3733//2004 3711//2004 3735//2004
f 3724//2004 3733//2004 3734//2004
f 3735//2004 3734//2004 3733//2004
f 3736//2004 3737//2004 3715//2004
f 3738//2004 3739//2004 3737//2004
f 3740//2004 3738//2004 3736//2004
f 3737//2004 3736//2004 3738//2004
f 3741//2004 3742//2004 3739//2004
f 3743//2004 3744//2004 3742//2004
f 3745//2004 3743//2004 3741//2004
f 3742//2004 3741//2004 3743//2004
f 3746//2004 3747//2004 3740//2004
f 3748//2004 3745//2004 3747//2004
f 3749//2004 3748//2004 3746//2004
f 3747//2004 3746//2004 3748//2004
f 3741//2004 3747//2004 3745//2004
f 3738//2004 3740//2004 3747//2004
f 3739//2004 3738//2004 3741//2004
f 3747//2004 3741//2004 3738//2004
f 3750//2004 3751//2004 3744//2004
f 3752//2004 3753//2004 3751//2004
f 3754//2004 3752//2004 3750//2004
f 3751//2004 3750//2004 3752//2004
f 1485//2004 3752//2004 3754//2004
f 3754//2004 1493//2004 1485//2004
f 3753//2004 3752//2004 1485//2004
f 1479//2004 3753//2004 1485//2004
f 3755//2004 1498//2004 1502//2004
f 3755//2004 3749//2004 1498//2004
f 1502//2004 3756//2004 3755//2004
f 3754//2004 3757//2004 1493//2004
f 3748//2004 3749//2004 3755//2004
f 3745//2004 3748//2004 3756//2004
f 3755//2004 3756//2004 3748//2004
f 3750//2004 3757//2004 3754//2004
f 3743//2004 3745//2004 3757//2004
f 3744//2004 3743//2004 3750//2004
f 3757//2004 3750//2004 3743//2004
f 3756//2004 3757//2004 3745//2004
f 3756//2004 1502//2004 3757//2004
f 1493//2004 3757//2004 1502//2004
f 3758//2004 1523//2004 3749//2004
f 1498//2004 3749//2004 1523//2004
f 3729//2004 3732//2004 1512//2004
f 1512//2004 1534//2004 3729//2004
f 3759//2004 3760//2004 3761//2004
f 3728//2004 3729//2004 3760//2004
f 3720//2004 3728//2004 3759//2004
f 3760//2004 3759//2004 3728//2004
f 1534//2004 1527//2004 3761//2004
f 3746//2004 3762//2004 3749//2004
f 3760//2004 3729//2004 1534//2004
f 3761//2004 3760//2004 1534//2004
f 3763//2004 3764//2004 3762//2004
f 3740//2004 3763//2004 3746//2004
f 3762//2004 3746//2004 3763//2004
f 3765//2004 3766//2004 3764//2004
f 3719//2004 3720//2004 3766//2004
f 3716//2004 3719//2004 3765//2004
f 3766//2004 3765//2004 3719//2004
f 3736//2004 3767//2004 3740//2004
f 3714//2004 3716//2004 3767//2004
f 3715//2004 3714//2004 3736//2004
f 3767//2004 3736//2004 3714//2004
f 3765//2004 3767//2004 3716//2004
f 3763//2004 3740//2004 3767//2004
f 3764//2004 3763//2004 3765//2004
f 3767//2004 3765//2004 3763//2004
f 3759//2004 3766//2004 3720//2004
f 3768//2004 3764//2004 3766//2004
f 3761//2004 3768//2004 3759//2004
f 3766//2004 3759//2004 3768//2004
f 3769//2004 3762//2004 3764//2004
f 3758//2004 3749//2004 3762//2004
f 1519//2004 1523//2004 3758//2004
f 3762//2004 3769//2004 3758//2004
f 1519//2004 3770//2004 1527//2004
f 3770//2004 3761//2004 1527//2004
f 3768//2004 3761//2004 3770//2004
f 3769//2004 3770//2004 1519//2004
f 3758//2004 3769//2004 1519//2004
f 3764//2004 3768//2004 3769//2004
f 3770//2004 3769//2004 3768//2004
f 1512//2004 3732//2004 3730//2004
f 3771//2004 1563//2004 3725//2004
f 3730//2004 1563//2004 1512//2004
f 3730//2004 3725//2004 1563//2004
f 1543//2004 1559//2004 3772//2004
f 3721//2004 3773//2004 3725//2004
f 3774//2004 3775//2004 3773//2004
f 3706//2004 3774//2004 3721//2004
f 3773//2004 3721//2004 3774//2004
f 3772//2004 3773//2004 3775//2004
f 3771//2004 3725//2004 3773//2004
f 3772//2004 1559//2004 3773//2004
f 1563//2004 3771//2004 1559//2004
f 3771//2004 3773//2004 1559//2004
f 1543//2004 3776//2004 1548//2004
f 3777//2004 3778//2004 3779//2004
f 3684//2004 3689//2004 3777//2004
f 3778//2004 3777//2004 3689//2004
f 3778//2004 1558//2004 1548//2004
f 3778//2004 3689//2004 1558//2004
f 1548//2004 3779//2004 3778//2004
f 3703//2004 3780//2004 3706//2004
f 3781//2004 3782//2004 3780//2004
f 3697//2004 3781//2004 3703//2004
f 3780//2004 3703//2004 3781//2004
f 3783//2004 3784//2004 3782//2004
f 3683//2004 3684//2004 3784//2004
f 3680//2004 3683//2004 3783//2004
f 3784//2004 3783//2004 3683//2004
f 3693//2004 3785//2004 3697//2004
f 3678//2004 3680//2004 3785//2004
f 3679//2004 3678//2004 3693//2004
f 3785//2004 3693//2004 3678//2004
f 3783//2004 3785//2004 3680//2004
f 3781//2004 3697//2004 3785//2004
f 3782//2004 3781//2004 3783//2004
f 3785//2004 3783//2004 3781//2004
f 3777//2004 3784//2004 3684//2004
f 3786//2004 3782//2004 3784//2004
f 3779//2004 3786//2004 3777//2004
f 3784//2004 3777//2004 3786//2004
f 3787//2004 3780//2004 3782//2004
f 3774//2004 3706//2004 3780//2004
f 3775//2004 3774//2004 3787//2004
f 3780//2004 3787//2004 3774//2004
f 3779//2004 1548//2004 3776//2004
f 3776//2004 1543//2004 3775//2004
f 3787//2004 3776//2004 3775//2004
f 3772//2004 3775//2004 1543//2004
f 3786//2004 3779//2004 3776//2004
f 3782//2004 3786//2004 3787//2004
f 3776//2004 3787//2004 3786//2004
f 3623//2004 3753//2004 1479//2004
f 1379//2004 3623//2004 1479//2004
f 3788//2004 3751//2004 3753//2004
f 3789//2004 3744//2004 3751//2004
f 3790//2004 3789//2004 3788//2004
f 3751//2004 3788//2004 3789//2004
f 3619//2004 3791//2004 3622//2004
f 3792//2004 3790//2004 3791//2004
f 3616//2004 3792//2004 3619//2004
f 3791//2004 3619//2004 3792//2004
f 3788//2004 3791//2004 3790//2004
f 3623//2004 3622//2004 3791//2004
f 3753//2004 3623//2004 3788//2004
f 3791//2004 3788//2004 3623//2004
f 3793//2004 3742//2004 3744//2004
f 3794//2004 3739//2004 3742//2004
f 3795//2004 3794//2004 3793//2004
f 3742//2004 3793//2004 3794//2004
f 3796//2004 3737//2004 3739//2004
f 3797//2004 3715//2004 3737//2004
f 3798//2004 3797//2004 3796//2004
f 3737//2004 3796//2004 3797//2004
f 3799//2004 3800//2004 3795//2004
f 3801//2004 3798//2004 3800//2004
f 3802//2004 3801//2004 3799//2004
f 3800//2004 3799//2004 3801//2004
f 3796//2004 3800//2004 3798//2004
f 3794//2004 3795//2004 3800//2004
f 3739//2004 3794//2004 3796//2004
f 3800//2004 3796//2004 3794//2004
f 3613//2004 3803//2004 3616//2004
f 3804//2004 3805//2004 3803//2004
f 3607//2004 3804//2004 3613//2004
f 3803//2004 3613//2004 3804//2004
f 3806//2004 3807//2004 3805//2004
f 3808//2004 3802//2004 3807//2004
f 3809//2004 3808//2004 3806//2004
f 3807//2004 3806//2004 3808//2004
f 3603//2004 3810//2004 3607//2004
f 3811//2004 3809//2004 3810//2004
f 3599//2004 3811//2004 3603//2004
f 3810//2004 3603//2004 3811//2004
f 3806//2004 3810//2004 3809//2004
f 3804//2004 3607//2004 3810//2004
f 3805//2004 3804//2004 3806//2004
f 3810//2004 3806//2004 3804//2004
f 3799//2004 3807//2004 3802//2004
f 3812//2004 3805//2004 3807//2004
f 3795//2004 3812//2004 3799//2004
f 3807//2004 3799//2004 3812//2004
f 3813//2004 3803//2004 3805//2004
f 3792//2004 3616//2004 3803//2004
f 3790//2004 3792//2004 3813//2004
f 3803//2004 3813//2004 3792//2004
f 3793//2004 3814//2004 3795//2004
f 3789//2004 3790//2004 3814//2004
f 3744//2004 3789//2004 3793//2004
f 3814//2004 3793//2004 3789//2004
f 3813//2004 3814//2004 3790//2004
f 3812//2004 3795//2004 3814//2004
f 3805//2004 3812//2004 3813//2004
f 3814//2004 3813//2004 3812//2004
f 3815//2004 3713//2004 3715//2004
f 3816//2004 3710//2004 3713//2004
f 3817//2004 3816//2004 3815//2004
f 3713//2004 3815//2004 3816//2004
f 3818//2004 3708//2004 3710//2004
f 3819//2004 3701//2004 3708//2004
f 3820//2004 3819//2004 3818//2004
f 3708//2004 3818//2004 3819//2004
f 3821//2004 3822//2004 3817//2004
f 3823//2004 3820//2004 3822//2004
f 3824//2004 3823//2004 3821//2004
f 3822//2004 3821//2004 3823//2004
f 3818//2004 3822//2004 3820//2004
f 3816//2004 3817//2004 3822//2004
f 3710//2004 3816//2004 3818//2004
f 3822//2004 3818//2004 3816//2004
f 3825//2004 3699//2004 3701//2004
f 3826//2004 3696//2004 3699//2004
f 3827//2004 3826//2004 3825//2004
f 3699//2004 3825//2004 3826//2004
f 3828//2004 3694//2004 3696//2004
f 3829//2004 3679//2004 3694//2004
f 3830//2004 3829//2004 3828//2004
f 3694//2004 3828//2004 3829//2004
f 3831//2004 3832//2004 3827//2004
f 3833//2004 3830//2004 3832//2004
f 3834//2004 3833//2004 3831//2004
f 3832//2004 3831//2004 3833//2004
f 3828//2004 3832//2004 3830//2004
f 3826//2004 3827//2004 3832//2004
f 3696//2004 3826//2004 3828//2004
f 3832//2004 3828//2004 3826//2004
f 3835//2004 3836//2004 3824//2004
f 3837//2004 3838//2004 3836//2004
f 3839//2004 3837//2004 3835//2004
f 3836//2004 3835//2004 3837//2004
f 3840//2004 3841//2004 3838//2004
f 3842//2004 3834//2004 3841//2004
f 3843//2004 3842//2004 3840//2004
f 3841//2004 3840//2004 3842//2004
f 3844//2004 3845//2004 3839//2004
f 3846//2004 3843//2004 3845//2004
f 3847//2004 3846//2004 3844//2004
f 3845//2004 3844//2004 3846//2004
f 3840//2004 3845//2004 3843//2004
f 3837//2004 3839//2004 3845//2004
f 3838//2004 3837//2004 3840//2004
f 3845//2004 3840//2004 3837//2004
f 3831//2004 3841//2004 3834//2004
f 3848//2004 3838//2004 3841//2004
f 3827//2004 3848//2004 3831//2004
f 3841//2004 3831//2004 3848//2004
f 3849//2004 3836//2004 3838//2004
f 3823//2004 3824//2004 3836//2004
f 3820//2004 3823//2004 3849//2004
f 3836//2004 3849//2004 3823//2004
f 3825//2004 3850//2004 3827//2004
f 3819//2004 3820//2004 3850//2004
f 3701//2004 3819//2004 3825//2004
f 3850//2004 3825//2004 3819//2004
f 3849//2004 3850//2004 3820//2004
f 3848//2004 3827//2004 3850//2004
f 3838//2004 3848//2004 3849//2004
f 3850//2004 3849//2004 3848//2004
f 3596//2004 3851//2004 3599//2004
f 3852//2004 3853//2004 3851//2004
f 3591//2004 3852//2004 3596//2004
f 3851//2004 3596//2004 3852//2004
f 3854//2004 3855//2004 3853//2004
f 3856//2004 3857//2004 3855//2004
f 3858//2004 3856//2004 3854//2004
f 3855//2004 3854//2004 3856//2004
f 3587//2004 3859//2004 3591//2004
f 3860//2004 3858//2004 3859//2004
f 3573//2004 3860//2004 3587//2004
f 3859//2004 3587//2004 3860//2004
f 3854//2004 3859//2004 3858//2004
f 3852//2004 3591//2004 3859//2004
f 3853//2004 3852//2004 3854//2004
f 3859//2004 3854//2004 3852//2004
f 3861//2004 3862//2004 3857//2004
f 3863//2004 3864//2004 3862//2004
f 3865//2004 3863//2004 3861//2004
f 3862//2004 3861//2004 3863//2004
f 3866//2004 3867//2004 3864//2004
f 3868//2004 3847//2004 3867//2004
f 3869//2004 3868//2004 3866//2004
f 3867//2004 3866//2004 3868//2004
f 3870//2004 3871//2004 3865//2004
f 3872//2004 3869//2004 3871//2004
f 3873//2004 3872//2004 3870//2004
f 3871//2004 3870//2004 3872//2004
f 3866//2004 3871//2004 3869//2004
f 3863//2004 3865//2004 3871//2004
f 3864//2004 3863//2004 3866//2004
f 3871//2004 3866//2004 3863//2004
f 3570//2004 3874//2004 3573//2004
f 3875//2004 3876//2004 3874//2004
f 3564//2004 3875//2004 3570//2004
f 3874//2004 3570//2004 3875//2004
f 3877//2004 3878//2004 3876//2004
f 3879//2004 3873//2004 3878//2004
f 3880//2004 3879//2004 3877//2004
f 3878//2004 3877//2004 3879//2004
f 3560//2004 3881//2004 3564//2004
f 3882//2004 3880//2004 3881//2004
f 3556//2004 3882//2004 3560//2004
f 3881//2004 3560//2004 3882//2004
f 3877//2004 3881//2004 3880//2004
f 3875//2004 3564//2004 3881//2004
f 3876//2004 3875//2004 3877//2004
f 3881//2004 3877//2004 3875//2004
f 3870//2004 3878//2004 3873//2004
f 3883//2004 3876//2004 3878//2004
f 3865//2004 3883//2004 3870//2004
f 3878//2004 3870//2004 3883//2004
f 3884//2004 3874//2004 3876//2004
f 3860//2004 3573//2004 3874//2004
f 3858//2004 3860//2004 3884//2004
f 3874//2004 3884//2004 3860//2004
f 3861//2004 3885//2004 3865//2004
f 3856//2004 3858//2004 3885//2004
f 3857//2004 3856//2004 3861//2004
f 3885//2004 3861//2004 3856//2004
f 3884//2004 3885//2004 3858//2004
f 3883//2004 3865//2004 3885//2004
f 3876//2004 3883//2004 3884//2004
f 3885//2004 3884//2004 3883//2004
f 3844//2004 3867//2004 3847//2004
f 3886//2004 3864//2004 3867//2004
f 3839//2004 3886//2004 3844//2004
f 3867//2004 3844//2004 3886//2004
f 3887//2004 3862//2004 3864//2004
f 3888//2004 3857//2004 3862//2004
f 3889//2004 3888//2004 3887//2004
f 3862//2004 3887//2004 3888//2004
f 3835//2004 3890//2004 3839//2004
f 3891//2004 3889//2004 3890//2004
f 3824//2004 3891//2004 3835//2004
f 3890//2004 3835//2004 3891//2004
f 3887//2004 3890//2004 3889//2004
f 3886//2004 3839//2004 3890//2004
f 3864//2004 3886//2004 3887//2004
f 3890//2004 3887//2004 3886//2004
f 3892//2004 3855//2004 3857//2004
f 3893//2004 3853//2004 3855//2004
f 3894//2004 3893//2004 3892//2004
f 3855//2004 3892//2004 3893//2004
f 3895//2004 3851//2004 3853//2004
f 3811//2004 3599//2004 3851//2004
f 3809//2004 3811//2004 3895//2004
f 3851//2004 3895//2004 3811//2004
f 3896//2004 3897//2004 3894//2004
f 3808//2004 3809//2004 3897//2004
f 3802//2004 3808//2004 3896//2004
f 3897//2004 3896//2004 3808//2004
f 3895//2004 3897//2004 3809//2004
f 3893//2004 3894//2004 3897//2004
f 3853//2004 3893//2004 3895//2004
f 3897//2004 3895//2004 3893//2004
f 3821//2004 3898//2004 3824//2004
f 3899//2004 3900//2004 3898//2004
f 3817//2004 3899//2004 3821//2004
f 3898//2004 3821//2004 3899//2004
f 3901//2004 3902//2004 3900//2004
f 3801//2004 3802//2004 3902//2004
f 3798//2004 3801//2004 3901//2004
f 3902//2004 3901//2004 3801//2004
f 3815//2004 3903//2004 3817//2004
f 3797//2004 3798//2004 3903//2004
f 3715//2004 3797//2004 3815//2004
f 3903//2004 3815//2004 3797//2004
f 3901//2004 3903//2004 3798//2004
f 3899//2004 3817//2004 3903//2004
f 3900//2004 3899//2004 3901//2004
f 3903//2004 3901//2004 3899//2004
f 3896//2004 3902//2004 3802//2004
f 3904//2004 3900//2004 3902//2004
f 3894//2004 3904//2004 3896//2004
f 3902//2004 3896//2004 3904//2004
f 3905//2004 3898//2004 3900//2004
f 3891//2004 3824//2004 3898//2004
f 3889//2004 3891//2004 3905//2004
f 3898//2004 3905//2004 3891//2004
f 3892//2004 3906//2004 3894//2004
f 3888//2004 3889//2004 3906//2004
f 3857//2004 3888//2004 3892//2004
f 3906//2004 3892//2004 3888//2004
f 3905//2004 3906//2004 3889//2004
f 3904//2004 3894//2004 3906//2004
f 3900//2004 3904//2004 3905//2004
f 3906//2004 3905//2004 3904//2004
f 3907//2004 3677//2004 3679//2004
f 3908//2004 3674//2004 3677//2004
f 3909//2004 3908//2004 3907//2004
f 3677//2004 3907//2004 3908//2004
f 3910//2004 3672//2004 3674//2004
f 3911//2004 3666//2004 3672//2004
f 3912//2004 3911//2004 3910//2004
f 3672//2004 3910//2004 3911//2004
f 3913//2004 3914//2004 3909//2004
f 3915//2004 3912//2004 3914//2004
f 3916//2004 3915//2004 3913//2004
f 3914//2004 3913//2004 3915//2004
f 3910//2004 3914//2004 3912//2004
f 3908//2004 3909//2004 3914//2004
f 3674//2004 3908//2004 3910//2004
f 3914//2004 3910//2004 3908//2004
f 3917//2004 3664//2004 3666//2004
f 3918//2004 3661//2004 3664//2004
f 3919//2004 3918//2004 3917//2004
f 3664//2004 3917//2004 3918//2004
f 3920//2004 3659//2004 3661//2004
f 3921//2004 3657//2004 3659//2004
f 3922//2004 3921//2004 3920//2004
f 3659//2004 3920//2004 3921//2004
f 3923//2004 3924//2004 3919//2004
f 3925//2004 3922//2004 3924//2004
f 3926//2004 3925//2004 3923//2004
f 3924//2004 3923//2004 3925//2004
f 3920//2004 3924//2004 3922//2004
f 3918//2004 3919//2004 3924//2004
f 3661//2004 3918//2004 3920//2004
f 3924//2004 3920//2004 3918//2004
f 3927//2004 3928//2004 3916//2004
f 3929//2004 3930//2004 3928//2004
f 3931//2004 3929//2004 3927//2004
f 3928//2004 3927//2004 3929//2004
f 3932//2004 3933//2004 3930//2004
f 3934//2004 3926//2004 3933//2004
f 3935//2004 3934//2004 3932//2004
f 3933//2004 3932//2004 3934//2004
f 3936//2004 3937//2004 3931//2004
f 3938//2004 3935//2004 3937//2004
f 3939//2004 3938//2004 3936//2004
f 3937//2004 3936//2004 3938//2004
f 3932//2004 3937//2004 3935//2004
f 3929//2004 3931//2004 3937//2004
f 3930//2004 3929//2004 3932//2004
f 3937//2004 3932//2004 3929//2004
f 3923//2004 3933//2004 3926//2004
f 3940//2004 3930//2004 3933//2004
f 3919//2004 3940//2004 3923//2004
f 3933//2004 3923//2004 3940//2004
f 3941//2004 3928//2004 3930//2004
f 3915//2004 3916//2004 3928//2004
f 3912//2004 3915//2004 3941//2004
f 3928//2004 3941//2004 3915//2004
f 3917//2004 3942//2004 3919//2004
f 3911//2004 3912//2004 3942//2004
f 3666//2004 3911//2004 3917//2004
f 3942//2004 3917//2004 3911//2004
f 3941//2004 3942//2004 3912//2004
f 3940//2004 3919//2004 3942//2004
f 3930//2004 3940//2004 3941//2004
f 3942//2004 3941//2004 3940//2004
f 1447//2004 3658//2004 1565//2004
f 3658//2004 3943//2004 1565//2004
f 3944//2004 1567//2004 3943//2004
f 3945//2004 1585//2004 1567//2004
f 1565//2004 3943//2004 1567//2004
f 3945//2004 3946//2004 1585//2004
f 1585//2004 3946//2004 1578//2004
f 1567//2004 3944//2004 3945//2004
f 3947//2004 3948//2004 3939//2004
f 3949//2004 3950//2004 3948//2004
f 3951//2004 3949//2004 3947//2004
f 3948//2004 3947//2004 3949//2004
f 3952//2004 3953//2004 3950//2004
f 3954//2004 3955//2004 3953//2004
f 3956//2004 3954//2004 3952//2004
f 3953//2004 3952//2004 3954//2004
f 3957//2004 3958//2004 3951//2004
f 3959//2004 3956//2004 3958//2004
f 3960//2004 3959//2004 3957//2004
f 3958//2004 3957//2004 3959//2004
f 3952//2004 3958//2004 3956//2004
f 3949//2004 3951//2004 3958//2004
f 3950//2004 3949//2004 3952//2004
f 3958//2004 3952//2004 3949//2004
f 3961//2004 3962//2004 3955//2004
f 3963//2004 3964//2004 3962//2004
f 3965//2004 3963//2004 3961//2004
f 3962//2004 3961//2004 3963//2004
f 1588//2004 1593//2004 3964//2004
f 3966//2004 3523//2004 3965//2004
f 3964//2004 3522//2004 1588//2004
f 3521//2004 1307//2004 3523//2004
f 3520//2004 3521//2004 3966//2004
f 3523//2004 3966//2004 3521//2004
f 1307//2004 1588//2004 3522//2004
f 3963//2004 3965//2004 3523//2004
f 3964//2004 3963//2004 3522//2004
f 3523//2004 3522//2004 3963//2004
f 3967//2004 3968//2004 3960//2004
f 3969//2004 3970//2004 3968//2004
f 3971//2004 3969//2004 3967//2004
f 3968//2004 3967//2004 3969//2004
f 3972//2004 3973//2004 3970//2004
f 3517//2004 3520//2004 3973//2004
f 3516//2004 3517//2004 3972//2004
f 3973//2004 3972//2004 3517//2004
f 3974//2004 3975//2004 3971//2004
f 3514//2004 3516//2004 3975//2004
f 3512//2004 3514//2004 3974//2004
f 3975//2004 3974//2004 3514//2004
f 3972//2004 3975//2004 3516//2004
f 3969//2004 3971//2004 3975//2004
f 3970//2004 3969//2004 3972//2004
f 3975//2004 3972//2004 3969//2004
f 3966//2004 3973//2004 3520//2004
f 3976//2004 3970//2004 3973//2004
f 3965//2004 3976//2004 3966//2004
f 3973//2004 3966//2004 3976//2004
f 3977//2004 3968//2004 3970//2004
f 3959//2004 3960//2004 3968//2004
f 3956//2004 3959//2004 3977//2004
f 3968//2004 3977//2004 3959//2004
f 3961//2004 3978//2004 3965//2004
f 3954//2004 3956//2004 3978//2004
f 3955//2004 3954//2004 3961//2004
f 3978//2004 3961//2004 3954//2004
f 3977//2004 3978//2004 3956//2004
f 3976//2004 3965//2004 3978//2004
f 3970//2004 3976//2004 3977//2004
f 3978//2004 3977//2004 3976//2004
f 1593//2004 3979//2004 3964//2004
f 1578//2004 3980//2004 3979//2004
f 3981//2004 3962//2004 3964//2004
f 3982//2004 3955//2004 3962//2004
f 3983//2004 3982//2004 3981//2004
f 3962//2004 3981//2004 3982//2004
f 3984//2004 3983//2004 3980//2004
f 3946//2004 3980//2004 1578//2004
f 3945//2004 3984//2004 3946//2004
f 3980//2004 3946//2004 3984//2004
f 3981//2004 3980//2004 3983//2004
f 3979//2004 1593//2004 1578//2004
f 3964//2004 3979//2004 3981//2004
f 3980//2004 3981//2004 3979//2004
f 3985//2004 3953//2004 3955//2004
f 3986//2004 3950//2004 3953//2004
f 3987//2004 3986//2004 3985//2004
f 3953//2004 3985//2004 3986//2004
f 3988//2004 3948//2004 3950//2004
f 3938//2004 3939//2004 3948//2004
f 3935//2004 3938//2004 3988//2004
f 3948//2004 3988//2004 3938//2004
f 3989//2004 3990//2004 3987//2004
f 3934//2004 3935//2004 3990//2004
f 3926//2004 3934//2004 3989//2004
f 3990//2004 3989//2004 3934//2004
f 3988//2004 3990//2004 3935//2004
f 3986//2004 3987//2004 3990//2004
f 3950//2004 3986//2004 3988//2004
f 3990//2004 3988//2004 3986//2004
f 3944//2004 3991//2004 3945//2004
f 3992//2004 3993//2004 3991//2004
f 3943//2004 3992//2004 3944//2004
f 3991//2004 3944//2004 3992//2004
f 3994//2004 3995//2004 3993//2004
f 3925//2004 3926//2004 3995//2004
f 3922//2004 3925//2004 3994//2004
f 3995//2004 3994//2004 3925//2004
f 3658//2004 3996//2004 3943//2004
f 3921//2004 3922//2004 3996//2004
f 3657//2004 3921//2004 3658//2004
f 3996//2004 3658//2004 3921//2004
f 3994//2004 3996//2004 3922//2004
f 3992//2004 3943//2004 3996//2004
f 3993//2004 3992//2004 3994//2004
f 3996//2004 3994//2004 3992//2004
f 3989//2004 3995//2004 3926//2004
f 3997//2004 3993//2004 3995//2004
f 3987//2004 3997//2004 3989//2004
f 3995//2004 3989//2004 3997//2004
f 3998//2004 3991//2004 3993//2004
f 3984//2004 3945//2004 3991//2004
f 3983//2004 3984//2004 3998//2004
f 3991//2004 3998//2004 3984//2004
f 3985//2004 3999//2004 3987//2004
f 3982//2004 3983//2004 3999//2004
f 3955//2004 3982//2004 3985//2004
f 3999//2004 3985//2004 3982//2004
f 3998//2004 3999//2004 3983//2004
f 3997//2004 3987//2004 3999//2004
f 3993//2004 3997//2004 3998//2004
f 3999//2004 3998//2004 3997//2004
f 3553//2004 4000//2004 3556//2004
f 4001//2004 4002//2004 4000//2004
f 3548//2004 4001//2004 3553//2004
f 4000//2004 3553//2004 4001//2004
f 4003//2004 4004//2004 4002//2004
f 4005//2004 4006//2004 4004//2004
f 4007//2004 4005//2004 4003//2004
f 4004//2004 4003//2004 4005//2004
f 3544//2004 4008//2004 3548//2004
f 4009//2004 4007//2004 4008//2004
f 3537//2004 4009//2004 3544//2004
f 4008//2004 3544//2004 4009//2004
f 4003//2004 4008//2004 4007//2004
f 4001//2004 3548//2004 4008//2004
f 4002//2004 4001//2004 4003//2004
f 4008//2004 4003//2004 4001//2004
f 4010//2004 4011//2004 4006//2004
f 4012//2004 4013//2004 4011//2004
f 4014//2004 4012//2004 4010//2004
f 4011//2004 4010//2004 4012//2004
f 4015//2004 4016//2004 4013//2004
f 4017//2004 4018//2004 4016//2004
f 4019//2004 4017//2004 4015//2004
f 4016//2004 4015//2004 4017//2004
f 4020//2004 4021//2004 4014//2004
f 4022//2004 4019//2004 4021//2004
f 4023//2004 4022//2004 4020//2004
f 4021//2004 4020//2004 4022//2004
f 4015//2004 4021//2004 4019//2004
f 4012//2004 4014//2004 4021//2004
f 4013//2004 4012//2004 4015//2004
f 4021//2004 4015//2004 4012//2004
f 3534//2004 4024//2004 3537//2004
f 4025//2004 4026//2004 4024//2004
f 3529//2004 4025//2004 3534//2004
f 4024//2004 3534//2004 4025//2004
f 4027//2004 4028//2004 4026//2004
f 4029//2004 4023//2004 4028//2004
f 4030//2004 4029//2004 4027//2004
f 4028//2004 4027//2004 4029//2004
f 3525//2004 4031//2004 3529//2004
f 4032//2004 4030//2004 4031//2004
f 3524//2004 4032//2004 3525//2004
f 4031//2004 3525//2004 4032//2004
f 4027//2004 4031//2004 4030//2004
f 4025//2004 3529//2004 4031//2004
f 4026//2004 4025//2004 4027//2004
f 4031//2004 4027//2004 4025//2004
f 4020//2004 4028//2004 4023//2004
f 4033//2004 4026//2004 4028//2004
f 4014//2004 4033//2004 4020//2004
f 4028//2004 4020//2004 4033//2004
f 4034//2004 4024//2004 4026//2004
f 4009//2004 3537//2004 4024//2004
f 4007//2004 4009//2004 4034//2004
f 4024//2004 4034//2004 4009//2004
f 4010//2004 4035//2004 4014//2004
f 4005//2004 4007//2004 4035//2004
f 4006//2004 4005//2004 4010//2004
f 4035//2004 4010//2004 4005//2004
f 4034//2004 4035//2004 4007//2004
f 4033//2004 4014//2004 4035//2004
f 4026//2004 4033//2004 4034//2004
f 4035//2004 4034//2004 4033//2004
f 4036//2004 4037//2004 4018//2004
f 4038//2004 4039//2004 4037//2004
f 4040//2004 4038//2004 4036//2004
f 4037//2004 4036//2004 4038//2004
f 4041//2004 4042//2004 4039//2004
f 4043//2004 4044//2004 4042//2004
f 4045//2004 4043//2004 4041//2004
f 4042//2004 4041//2004 4043//2004
f 4046//2004 4047//2004 4040//2004
f 4048//2004 4045//2004 4047//2004
f 4049//2004 4048//2004 4046//2004
f 4047//2004 4046//2004 4048//2004
f 4041//2004 4047//2004 4045//2004
f 4038//2004 4040//2004 4047//2004
f 4039//2004 4038//2004 4041//2004
f 4047//2004 4041//2004 4038//2004
f 4050//2004 4051//2004 4044//2004
f 4052//2004 4053//2004 4051//2004
f 4054//2004 4052//2004 4050//2004
f 4051//2004 4050//2004 4052//2004
f 4055//2004 4056//2004 4053//2004
f 3509//2004 3512//2004 4056//2004
f 3507//2004 3509//2004 4055//2004
f 4056//2004 4055//2004 3509//2004
f 4057//2004 4058//2004 4054//2004
f 3505//2004 3507//2004 4058//2004
f 3504//2004 3505//2004 4057//2004
f 4058//2004 4057//2004 3505//2004
f 4055//2004 4058//2004 3507//2004
f 4052//2004 4054//2004 4058//2004
f 4053//2004 4052//2004 4055//2004
f 4058//2004 4055//2004 4052//2004
f 4059//2004 4060//2004 4049//2004
f 4061//2004 4062//2004 4060//2004
f 4063//2004 4061//2004 4059//2004
f 4060//2004 4059//2004 4061//2004
f 4064//2004 4065//2004 4062//2004
f 3503//2004 3504//2004 4065//2004
f 1259//2004 1265//2004 3503//2004
f 4065//2004 4064//2004 3503//2004
f 4066//2004 4067//2004 4063//2004
f 4066//2004 1594//2004 4067//2004
f 3503//2004 4064//2004 1259//2004
f 1259//2004 4067//2004 1594//2004
f 4067//2004 1259//2004 4064//2004
f 4061//2004 4063//2004 4067//2004
f 4062//2004 4061//2004 4064//2004
f 4067//2004 4064//2004 4061//2004
f 4057//2004 4065//2004 3504//2004
f 4068//2004 4062//2004 4065//2004
f 4054//2004 4068//2004 4057//2004
f 4065//2004 4057//2004 4068//2004
f 4069//2004 4060//2004 4062//2004
f 4048//2004 4049//2004 4060//2004
f 4045//2004 4048//2004 4069//2004
f 4060//2004 4069//2004 4048//2004
f 4050//2004 4070//2004 4054//2004
f 4043//2004 4045//2004 4070//2004
f 4044//2004 4043//2004 4050//2004
f 4070//2004 4050//2004 4043//2004
f 4069//2004 4070//2004 4045//2004
f 4068//2004 4054//2004 4070//2004
f 4062//2004 4068//2004 4069//2004
f 4070//2004 4069//2004 4068//2004
f 1324//2004 1606//2004 4071//2004
f 4071//2004 1606//2004 4072//2004
f 4073//2004 3524//2004 1324//2004
f 4071//2004 4073//2004 1324//2004
f 4074//2004 4072//2004 1605//2004
f 1605//2004 4072//2004 1606//2004
f 4075//2004 1615//2004 1617//2004
f 4075//2004 4074//2004 1615//2004
f 1617//2004 4076//2004 4075//2004
f 1615//2004 4074//2004 1605//2004
f 4063//2004 4077//2004 4066//2004
f 4077//2004 4076//2004 1617//2004
f 4077//2004 1617//2004 1594//2004
f 1594//2004 4066//2004 4077//2004
f 4078//2004 4074//2004 4075//2004
f 4079//2004 4078//2004 4076//2004
f 4075//2004 4076//2004 4078//2004
f 4059//2004 4080//2004 4063//2004
f 4081//2004 4079//2004 4080//2004
f 4049//2004 4081//2004 4059//2004
f 4080//2004 4059//2004 4081//2004
f 4076//2004 4080//2004 4079//2004
f 4077//2004 4063//2004 4080//2004
f 4080//2004 4076//2004 4077//2004
f 4082//2004 4072//2004 4074//2004
f 4083//2004 4071//2004 4072//2004
f 4084//2004 4083//2004 4082//2004
f 4072//2004 4082//2004 4083//2004
f 4085//2004 4073//2004 4071//2004
f 4032//2004 3524//2004 4073//2004
f 4030//2004 4032//2004 4085//2004
f 4073//2004 4085//2004 4032//2004
f 4086//2004 4087//2004 4084//2004
f 4029//2004 4030//2004 4087//2004
f 4023//2004 4029//2004 4086//2004
f 4087//2004 4086//2004 4029//2004
f 4085//2004 4087//2004 4030//2004
f 4083//2004 4084//2004 4087//2004
f 4071//2004 4083//2004 4085//2004
f 4087//2004 4085//2004 4083//2004
f 4046//2004 4088//2004 4049//2004
f 4089//2004 4090//2004 4088//2004
f 4040//2004 4089//2004 4046//2004
f 4088//2004 4046//2004 4089//2004
f 4091//2004 4092//2004 4090//2004
f 4022//2004 4023//2004 4092//2004
f 4019//2004 4022//2004 4091//2004
f 4092//2004 4091//2004 4022//2004
f 4036//2004 4093//2004 4040//2004
f 4017//2004 4019//2004 4093//2004
f 4018//2004 4017//2004 4036//2004
f 4093//2004 4036//2004 4017//2004
f 4091//2004 4093//2004 4019//2004
f 4089//2004 4040//2004 4093//2004
f 4090//2004 4089//2004 4091//2004
f 4093//2004 4091//2004 4089//2004
f 4086//2004 4092//2004 4023//2004
f 4094//2004 4090//2004 4092//2004
f 4084//2004 4094//2004 4086//2004
f 4092//2004 4086//2004 4094//2004
f 4095//2004 4088//2004 4090//2004
f 4081//2004 4049//2004 4088//2004
f 4079//2004 4081//2004 4095//2004
f 4088//2004 4095//2004 4081//2004
f 4082//2004 4096//2004 4084//2004
f 4078//2004 4079//2004 4096//2004
f 4074//2004 4078//2004 4082//2004
f 4096//2004 4082//2004 4078//2004
f 4095//2004 4096//2004 4079//2004
f 4094//2004 4084//2004 4096//2004
f 4090//2004 4094//2004 4095//2004
f 4096//2004 4095//2004 4094//2004
f 3974//2004 4056//2004 3512//2004
f 4097//2004 4053//2004 4056//2004
f 3971//2004 4097//2004 3974//2004
f 4056//2004 3974//2004 4097//2004
f 4098//2004 4051//2004 4053//2004
f 4099//2004 4044//2004 4051//2004
f 4100//2004 4099//2004 4098//2004
f 4051//2004 4098//2004 4099//2004
f 3967//2004 4101//2004 3971//2004
f 4102//2004 4100//2004 4101//2004
f 3960//2004 4102//2004 3967//2004
f 4101//2004 3967//2004 4102//2004
f 4098//2004 4101//2004 4100//2004
f 4097//2004 3971//2004 4101//2004
f 4053//2004 4097//2004 4098//2004
f 4101//2004 4098//2004 4097//2004
f 4103//2004 4042//2004 4044//2004
f 4104//2004 4039//2004 4042//2004
f 4105//2004 4104//2004 4103//2004
f 4042//2004 4103//2004 4104//2004
f 4106//2004 4037//2004 4039//2004
f 4107//2004 4018//2004 4037//2004
f 4108//2004 4107//2004 4106//2004
f 4037//2004 4106//2004 4107//2004
f 4109//2004 4110//2004 4105//2004
f 4111//2004 4108//2004 4110//2004
f 4112//2004 4111//2004 4109//2004
f 4110//2004 4109//2004 4111//2004
f 4106//2004 4110//2004 4108//2004
f 4104//2004 4105//2004 4110//2004
f 4039//2004 4104//2004 4106//2004
f 4110//2004 4106//2004 4104//2004
f 3957//2004 4113//2004 3960//2004
f 4114//2004 4115//2004 4113//2004
f 3951//2004 4114//2004 3957//2004
f 4113//2004 3957//2004 4114//2004
f 4116//2004 4117//2004 4115//2004
f 4118//2004 4112//2004 4117//2004
f 4119//2004 4118//2004 4116//2004
f 4117//2004 4116//2004 4118//2004
f 3947//2004 4120//2004 3951//2004
f 4121//2004 4119//2004 4120//2004
f 3939//2004 4121//2004 3947//2004
f 4120//2004 3947//2004 4121//2004
f 4116//2004 4120//2004 4119//2004
f 4114//2004 3951//2004 4120//2004
f 4115//2004 4114//2004 4116//2004
f 4120//2004 4116//2004 4114//2004
f 4109//2004 4117//2004 4112//2004
f 4122//2004 4115//2004 4117//2004
f 4105//2004 4122//2004 4109//2004
f 4117//2004 4109//2004 4122//2004
f 4123//2004 4113//2004 4115//2004
f 4102//2004 3960//2004 4113//2004
f 4100//2004 4102//2004 4123//2004
f 4113//2004 4123//2004 4102//2004
f 4103//2004 4124//2004 4105//2004
f 4099//2004 4100//2004 4124//2004
f 4044//2004 4099//2004 4103//2004
f 4124//2004 4103//2004 4099//2004
f 4123//2004 4124//2004 4100//2004
f 4122//2004 4105//2004 4124//2004
f 4115//2004 4122//2004 4123//2004
f 4124//2004 4123//2004 4122//2004
f 4125//2004 4016//2004 4018//2004
f 4126//2004 4013//2004 4016//2004
f 4127//2004 4126//2004 4125//2004
f 4016//2004 4125//2004 4126//2004
f 4128//2004 4011//2004 4013//2004
f 4129//2004 4006//2004 4011//2004
f 4130//2004 4129//2004 4128//2004
f 4011//2004 4128//2004 4129//2004
f 4131//2004 4132//2004 4127//2004
f 4133//2004 4130//2004 4132//2004
f 4134//2004 4133//2004 4131//2004
f 4132//2004 4131//2004 4133//2004
f 4128//2004 4132//2004 4130//2004
f 4126//2004 4127//2004 4132//2004
f 4013//2004 4126//2004 4128//2004
f 4132//2004 4128//2004 4126//2004
f 4135//2004 4004//2004 4006//2004
f 4136//2004 4002//2004 4004//2004
f 4137//2004 4136//2004 4135//2004
f 4004//2004 4135//2004 4136//2004
f 4138//2004 4000//2004 4002//2004
f 3882//2004 3556//2004 4000//2004
f 3880//2004 3882//2004 4138//2004
f 4000//2004 4138//2004 3882//2004
f 4139//2004 4140//2004 4137//2004
f 3879//2004 3880//2004 4140//2004
f 3873//2004 3879//2004 4139//2004
f 4140//2004 4139//2004 3879//2004
f 4138//2004 4140//2004 3880//2004
f 4136//2004 4137//2004 4140//2004
f 4002//2004 4136//2004 4138//2004
f 4140//2004 4138//2004 4136//2004
f 4141//2004 4142//2004 4134//2004
f 4143//2004 4144//2004 4142//2004
f 4145//2004 4143//2004 4141//2004
f 4142//2004 4141//2004 4143//2004
f 4146//2004 4147//2004 4144//2004
f 3872//2004 3873//2004 4147//2004
f 3869//2004 3872//2004 4146//2004
f 4147//2004 4146//2004 3872//2004
f 4148//2004 4149//2004 4145//2004
f 3868//2004 3869//2004 4149//2004
f 3847//2004 3868//2004 4148//2004
f 4149//2004 4148//2004 3868//2004
f 4146//2004 4149//2004 3869//2004
f 4143//2004 4145//2004 4149//2004
f 4144//2004 4143//2004 4146//2004
f 4149//2004 4146//2004 4143//2004
f 4139//2004 4147//2004 3873//2004
f 4150//2004 4144//2004 4147//2004
f 4137//2004 4150//2004 4139//2004
f 4147//2004 4139//2004 4150//2004
f 4151//2004 4142//2004 4144//2004
f 4133//2004 4134//2004 4142//2004
f 4130//2004 4133//2004 4151//2004
f 4142//2004 4151//2004 4133//2004
f 4135//2004 4152//2004 4137//2004
f 4129//2004 4130//2004 4152//2004
f 4006//2004 4129//2004 4135//2004
f 4152//2004 4135//2004 4129//2004
f 4151//2004 4152//2004 4130//2004
f 4150//2004 4137//2004 4152//2004
f 4144//2004 4150//2004 4151//2004
f 4152//2004 4151//2004 4150//2004
f 3936//2004 4153//2004 3939//2004
f 4154//2004 4155//2004 4153//2004
f 3931//2004 4154//2004 3936//2004
f 4153//2004 3936//2004 4154//2004
f 4156//2004 4157//2004 4155//2004
f 4158//2004 4159//2004 4157//2004
f 4160//2004 4158//2004 4156//2004
f 4157//2004 4156//2004 4158//2004
f 3927//2004 4161//2004 3931//2004
f 4162//2004 4160//2004 4161//2004
f 3916//2004 4162//2004 3927//2004
f 4161//2004 3927//2004 4162//2004
f 4156//2004 4161//2004 4160//2004
f 4154//2004 3931//2004 4161//2004
f 4155//2004 4154//2004 4156//2004
f 4161//2004 4156//2004 4154//2004
f 4163//2004 4164//2004 4159//2004
f 4165//2004 4166//2004 4164//2004
f 4167//2004 4165//2004 4163//2004
f 4164//2004 4163//2004 4165//2004
f 4168//2004 4169//2004 4166//2004
f 3846//2004 3847//2004 4169//2004
f 3843//2004 3846//2004 4168//2004
f 4169//2004 4168//2004 3846//2004
f 4170//2004 4171//2004 4167//2004
f 3842//2004 3843//2004 4171//2004
f 3834//2004 3842//2004 4170//2004
f 4171//2004 4170//2004 3842//2004
f 4168//2004 4171//2004 3843//2004
f 4165//2004 4167//2004 4171//2004
f 4166//2004 4165//2004 4168//2004
f 4171//2004 4168//2004 4165//2004
f 3913//2004 4172//2004 3916//2004
f 4173//2004 4174//2004 4172//2004
f 3909//2004 4173//2004 3913//2004
f 4172//2004 3913//2004 4173//2004
f 4175//2004 4176//2004 4174//2004
f 3833//2004 3834//2004 4176//2004
f 3830//2004 3833//2004 4175//2004
f 4176//2004 4175//2004 3833//2004
f 3907//2004 4177//2004 3909//2004
f 3829//2004 3830//2004 4177//2004
f 3679//2004 3829//2004 3907//2004
f 4177//2004 3907//2004 3829//2004
f 4175//2004 4177//2004 3830//2004
f 4173//2004 3909//2004 4177//2004
f 4174//2004 4173//2004 4175//2004
f 4177//2004 4175//2004 4173//2004
f 4170//2004 4176//2004 3834//2004
f 4178//2004 4174//2004 4176//2004
f 4167//2004 4178//2004 4170//2004
f 4176//2004 4170//2004 4178//2004
f 4179//2004 4172//2004 4174//2004
f 4162//2004 3916//2004 4172//2004
f 4160//2004 4162//2004 4179//2004
f 4172//2004 4179//2004 4162//2004
f 4163//2004 4180//2004 4167//2004
f 4158//2004 4160//2004 4180//2004
f 4159//2004 4158//2004 4163//2004
f 4180//2004 4163//2004 4158//2004
f 4179//2004 4180//2004 4160//2004
f 4178//2004 4167//2004 4180//2004
f 4174//2004 4178//2004 4179//2004
f 4180//2004 4179//2004 4178//2004
f 4148//2004 4169//2004 3847//2004
f 4181//2004 4166//2004 4169//2004
f 4145//2004 4181//2004 4148//2004
f 4169//2004 4148//2004 4181//2004
f 4182//2004 4164//2004 4166//2004
f 4183//2004 4159//2004 4164//2004
f 4184//2004 4183//2004 4182//2004
f 4164//2004 4182//2004 4183//2004
f 4141//2004 4185//2004 4145//2004
f 4186//2004 4184//2004 4185//2004
f 4134//2004 4186//2004 4141//2004
f 4185//2004 4141//2004 4186//2004
f 4182//2004 4185//2004 4184//2004
f 4181//2004 4145//2004 4185//2004
f 4166//2004 4181//2004 4182//2004
f 4185//2004 4182//2004 4181//2004
f 4187//2004 4157//2004 4159//2004
f 4188//2004 4155//2004 4157//2004
f 4189//2004 4188//2004 4187//2004
f 4157//2004 4187//2004 4188//2004
f 4190//2004 4153//2004 4155//2004
f 4121//2004 3939//2004 4153//2004
f 4119//2004 4121//2004 4190//2004
f 4153//2004 4190//2004 4121//2004
f 4191//2004 4192//2004 4189//2004
f 4118//2004 4119//2004 4192//2004
f 4112//2004 4118//2004 4191//2004
f 4192//2004 4191//2004 4118//2004
f 4190//2004 4192//2004 4119//2004
f 4188//2004 4189//2004 4192//2004
f 4155//2004 4188//2004 4190//2004
f 4192//2004 4190//2004 4188//2004
f 4131//2004 4193//2004 4134//2004
f 4194//2004 4195//2004 4193//2004
f 4127//2004 4194//2004 4131//2004
f 4193//2004 4131//2004 4194//2004
f 4196//2004 4197//2004 4195//2004
f 4111//2004 4112//2004 4197//2004
f 4108//2004 4111//2004 4196//2004
f 4197//2004 4196//2004 4111//2004
f 4125//2004 4198//2004 4127//2004
f 4107//2004 4108//2004 4198//2004
f 4018//2004 4107//2004 4125//2004
f 4198//2004 4125//2004 4107//2004
f 4196//2004 4198//2004 4108//2004
f 4194//2004 4127//2004 4198//2004
f 4195//2004 4194//2004 4196//2004
f 4198//2004 4196//2004 4194//2004
f 4191//2004 4197//2004 4112//2004
f 4199//2004 4195//2004 4197//2004
f 4189//2004 4199//2004 4191//2004
f 4197//2004 4191//2004 4199//2004
f 4200//2004 4193//2004 4195//2004
f 4186//2004 4134//2004 4193//2004
f 4184//2004 4186//2004 4200//2004
f 4193//2004 4200//2004 4186//2004
f 4187//2004 4201//2004 4189//2004
f 4183//2004 4184//2004 4201//2004
f 4159//2004 4183//2004 4187//2004
f 4201//2004 4187//2004 4183//2004
f 4200//2004 4201//2004 4184//2004
f 4199//2004 4189//2004 4201//2004
f 4195//2004 4199//2004 4200//2004
f 4201//2004 4200//2004 4199//2004
